epoch,loss_total,objective_total,loss_data,loss_physics,loss_boundary,weight_data,weight_physics,weight_boundary
1.0,18.059961318969727,18.059961318969727,0.9606713652610779,0.000415232265368104,0.8452832698822021,10.0,1.0,10.0
2.0,17.009151458740234,17.009151458740234,0.9109505414962769,0.0014109427575021982,0.7898234724998474,10.0,1.0,10.0
3.0,15.995584487915039,15.995584487915039,0.8631037473678589,0.0037954230792820454,0.7360751032829285,10.0,1.0,10.0
4.0,15.00163459777832,15.00163459777832,0.8161495923995972,0.007241426035761833,0.6832897663116455,10.0,1.0,10.0
5.0,14.012590408325195,14.012590408325195,0.7693800926208496,0.011563072912395,0.6307225823402405,10.0,1.0,10.0
6.0,13.015959739685059,13.015959739685059,0.722122848033905,0.016761217266321182,0.577796995639801,10.0,1.0,10.0
7.0,12.005134582519531,12.005134582519531,0.6739327907562256,0.023000136017799377,0.5242806673049927,10.0,1.0,10.0
8.0,10.980243682861328,10.980243682861328,0.624660074710846,0.030481765046715736,0.4703161120414734,10.0,1.0,10.0
9.0,9.94636344909668,9.94636344909668,0.5743741393089294,0.03927602991461754,0.4163345694541931,10.0,1.0,10.0
10.0,8.911417007446289,8.911417007446289,0.5232704877853394,0.04913998395204544,0.362957239151001,10.0,1.0,10.0
11.0,7.884743690490723,7.884743690490723,0.4716075360774994,0.05941658467054367,0.31092512607574463,10.0,1.0,10.0
12.0,6.877098083496094,6.877098083496094,0.41971853375434875,0.06910260021686554,0.2610810101032257,10.0,1.0,10.0
13.0,5.90239143371582,5.90239143371582,0.3681122660636902,0.07704530656337738,0.214422345161438,10.0,1.0,10.0
14.0,4.9795002937316895,4.9795002937316895,0.31757652759552,0.08214004337787628,0.17215949296951294,10.0,1.0,10.0
15.0,4.132325172424316,4.132325172424316,0.2691895067691803,0.08354566991329193,0.1356884241104126,10.0,1.0,10.0
16.0,3.387376308441162,3.387376308441162,0.22419215738773346,0.0811125636100769,0.10643419623374939,10.0,1.0,10.0
17.0,2.7699661254882812,2.7699661254882812,0.18375520408153534,0.07619276642799377,0.08562212437391281,10.0,1.0,10.0
18.0,2.302022695541382,2.302022695541382,0.1488160789012909,0.07268926501274109,0.0741172581911087,10.0,1.0,10.0
19.0,2.0015780925750732,2.0015780925750732,0.12007998675107956,0.07772129029035568,0.07230570167303085,10.0,1.0,10.0
20.0,1.8769218921661377,1.8769218921661377,0.09793268889188766,0.10037364810705185,0.07972212880849838,10.0,1.0,10.0
21.0,1.9118931293487549,1.9118931293487549,0.08213619142770767,0.14619870483875275,0.0944332629442215,10.0,1.0,10.0
22.0,2.057663917541504,2.057663917541504,0.07177677750587463,0.21039478480815887,0.11295013874769211,10.0,1.0,10.0
23.0,2.245090961456299,2.245090961456299,0.065529964864254,0.2793341875076294,0.13104572892189026,10.0,1.0,10.0
24.0,2.400888681411743,2.400888681411743,0.061599891632795334,0.3378615975379944,0.14470282196998596,10.0,1.0,10.0
25.0,2.4665346145629883,2.4665346145629883,0.05817074328660965,0.3729425072669983,0.151188462972641,10.0,1.0,10.0
26.0,2.4251272678375244,2.4251272678375244,0.05471925437450409,0.3775213658809662,0.15004132688045502,10.0,1.0,10.0
27.0,2.2996721267700195,2.2996721267700195,0.05201955512166023,0.3531615138053894,0.14263151586055756,10.0,1.0,10.0
28.0,2.127991199493408,2.127991199493408,0.05100053548812866,0.30816417932510376,0.1309821605682373,10.0,1.0,10.0
29.0,1.9500200748443604,1.9500200748443604,0.052221693098545074,0.2552163004875183,0.11725868284702301,10.0,1.0,10.0
30.0,1.7996339797973633,1.7996339797973633,0.055867359042167664,0.20584507286548615,0.10351152718067169,10.0,1.0,10.0
31.0,1.6943811178207397,1.6943811178207397,0.0616752915084362,0.16550356149673462,0.09121246635913849,10.0,1.0,10.0
32.0,1.6370704174041748,1.6370704174041748,0.06912680715322495,0.13480515778064728,0.0810997262597084,10.0,1.0,10.0
33.0,1.6223034858703613,1.6223034858703613,0.07765378803014755,0.11258942633867264,0.07331760972738266,10.0,1.0,10.0
34.0,1.6383827924728394,1.6383827924728394,0.0865635797381401,0.09719375520944595,0.06755532324314117,10.0,1.0,10.0
35.0,1.670619249343872,1.670619249343872,0.09507206827402115,0.08693057298660278,0.06329679489135742,10.0,1.0,10.0
36.0,1.7063175439834595,1.7063175439834595,0.10250704735517502,0.0803423821926117,0.06009046733379364,10.0,1.0,10.0
37.0,1.736049771308899,1.736049771308899,0.10838474333286285,0.07620960474014282,0.0575992688536644,10.0,1.0,10.0
38.0,1.7530949115753174,1.7530949115753174,0.11239863187074661,0.0735853835940361,0.055552318692207336,10.0,1.0,10.0
39.0,1.7540969848632812,1.7540969848632812,0.11445470154285431,0.07186618447303772,0.05376839265227318,10.0,1.0,10.0
40.0,1.7393066883087158,1.7393066883087158,0.11466924846172333,0.07074408233165741,0.052187010645866394,10.0,1.0,10.0
41.0,1.7112722396850586,1.7112722396850586,0.11328092217445374,0.07007987052202225,0.050838321447372437,10.0,1.0,10.0
42.0,1.6736952066421509,1.6736952066421509,0.11057700216770172,0.06982170045375824,0.04981034994125366,10.0,1.0,10.0
43.0,1.6312345266342163,1.6312345266342163,0.10688041895627975,0.06999783962965012,0.0492432564496994,10.0,1.0,10.0
44.0,1.589046835899353,1.589046835899353,0.10253321379423141,0.07072939723730087,0.04929853603243828,10.0,1.0,10.0
45.0,1.551689624786377,1.551689624786377,0.097853884100914,0.07221600413322449,0.050093479454517365,10.0,1.0,10.0
46.0,1.5224907398223877,1.5224907398223877,0.09312085807323456,0.07469171285629272,0.05165904387831688,10.0,1.0,10.0
47.0,1.5035841464996338,1.5035841464996338,0.08858644217252731,0.07834124565124512,0.053937848657369614,10.0,1.0,10.0
48.0,1.4956456422805786,1.4956456422805786,0.0844658762216568,0.08315835148096085,0.056782856583595276,10.0,1.0,10.0
49.0,1.4974725246429443,1.4974725246429443,0.08090490102767944,0.08883130550384521,0.05995921790599823,10.0,1.0,10.0
50.0,1.5063884258270264,1.5063884258270264,0.07797539234161377,0.09481506049633026,0.06318193674087524,10.0,1.0,10.0
51.0,1.5190513134002686,1.5190513134002686,0.07568765431642532,0.10054169595241547,0.06616330146789551,10.0,1.0,10.0
52.0,1.5318540334701538,1.5318540334701538,0.07399602979421616,0.10553248226642609,0.06863612681627274,10.0,1.0,10.0
53.0,1.5414915084838867,1.5414915084838867,0.07282997667789459,0.10936598479747772,0.07038257271051407,10.0,1.0,10.0
54.0,1.5458667278289795,1.5458667278289795,0.07214492559432983,0.11165057867765427,0.0712766945362091,10.0,1.0,10.0
55.0,1.5443367958068848,1.5443367958068848,0.07192739099264145,0.11208737641572952,0.0712975487112999,10.0,1.0,10.0
56.0,1.5374292135238647,1.5374292135238647,0.07216328382492065,0.11063180863857269,0.07051645219326019,10.0,1.0,10.0
57.0,1.5266919136047363,1.5266919136047363,0.07282093167304993,0.1076282262802124,0.06908543407917023,10.0,1.0,10.0
58.0,1.5142847299575806,1.5142847299575806,0.07384698837995529,0.10370607674121857,0.06721087545156479,10.0,1.0,10.0
59.0,1.5022568702697754,1.5022568702697754,0.07516653835773468,0.09949547797441483,0.06510961055755615,10.0,1.0,10.0
60.0,1.4921848773956299,1.4921848773956299,0.07669834047555923,0.095431849360466,0.06297695636749268,10.0,1.0,10.0
61.0,1.4850749969482422,1.4850749969482422,0.07836457341909409,0.09174074977636337,0.060968849807977676,10.0,1.0,10.0
62.0,1.4811971187591553,1.4811971187591553,0.0800786241889,0.08851610869169235,0.05918947607278824,10.0,1.0,10.0
63.0,1.4801487922668457,1.4801487922668457,0.08173784613609314,0.08580932021141052,0.057696111500263214,10.0,1.0,10.0
64.0,1.4811697006225586,1.4811697006225586,0.08323362469673157,0.08367042988538742,0.05651629716157913,10.0,1.0,10.0
65.0,1.483330488204956,1.483330488204956,0.08446438610553741,0.08212660998106003,0.055656008422374725,10.0,1.0,10.0
66.0,1.4856680631637573,1.4856680631637573,0.08534978330135345,0.0811561793088913,0.05510139837861061,10.0,1.0,10.0
67.0,1.4874165058135986,1.4874165058135986,0.08584676682949066,0.0806974321603775,0.054825134575366974,10.0,1.0,10.0
68.0,1.4881254434585571,1.4881254434585571,0.08595237135887146,0.08067306876182556,0.054792869836091995,10.0,1.0,10.0
69.0,1.4876139163970947,1.4876139163970947,0.0856919214129448,0.08101172745227814,0.054968301206827164,10.0,1.0,10.0
70.0,1.4859673976898193,1.4859673976898193,0.08510904014110565,0.08166657388210297,0.05532103404402733,10.0,1.0,10.0
71.0,1.483507752418518,1.483507752418518,0.08425973355770111,0.08261802792549133,0.0558292418718338,10.0,1.0,10.0
72.0,1.4806517362594604,1.4806517362594604,0.08320800215005875,0.08385266363620758,0.05647191032767296,10.0,1.0,10.0
73.0,1.4778032302856445,1.4778032302856445,0.08202671259641647,0.08533547818660736,0.05722006782889366,10.0,1.0,10.0
74.0,1.4753143787384033,1.4753143787384033,0.0807981938123703,0.08699245750904083,0.05803398787975311,10.0,1.0,10.0
75.0,1.4734044075012207,1.4734044075012207,0.07960496842861176,0.08871013671159744,0.05886445194482803,10.0,1.0,10.0
76.0,1.4721167087554932,1.4721167087554932,0.07851657271385193,0.09036031365394592,0.059659067541360855,10.0,1.0,10.0
77.0,1.4713677167892456,1.4713677167892456,0.07758243381977081,0.09183669090270996,0.06037067249417305,10.0,1.0,10.0
78.0,1.4709811210632324,1.4709811210632324,0.07683131843805313,0.09306784719228745,0.06096000596880913,10.0,1.0,10.0
79.0,1.4707220792770386,1.4707220792770386,0.07627765834331512,0.09400033950805664,0.06139451265335083,10.0,1.0,10.0
80.0,1.4703798294067383,1.4703798294067383,0.07593008875846863,0.09458036720752716,0.061649855226278305,10.0,1.0,10.0
81.0,1.469815731048584,1.469815731048584,0.075792595744133,0.09475748240947723,0.06171322241425514,10.0,1.0,10.0
82.0,1.4689640998840332,1.4689640998840332,0.07585816830396652,0.09451321512460709,0.06158691644668579,10.0,1.0,10.0
83.0,1.4678480625152588,1.4678480625152588,0.0761050283908844,0.09389021247625351,0.06129075959324837,10.0,1.0,10.0
84.0,1.4665632247924805,1.4665632247924805,0.07649863511323929,0.0929868146777153,0.06085899844765663,10.0,1.0,10.0
85.0,1.465226173400879,1.465226173400879,0.07699821889400482,0.09191745519638062,0.06033264473080635,10.0,1.0,10.0
86.0,1.4639497995376587,1.4639497995376587,0.07756450027227402,0.09077572822570801,0.05975290387868881,10.0,1.0,10.0
87.0,1.4628220796585083,1.4628220796585083,0.07816208153963089,0.08962517976760864,0.059157609939575195,10.0,1.0,10.0
88.0,1.4618767499923706,1.4618767499923706,0.07875628024339676,0.08851421624422073,0.05857997387647629,10.0,1.0,10.0
89.0,1.461098551750183,1.461098551750183,0.07931111007928848,0.0874951034784317,0.058049239218235016,10.0,1.0,10.0
90.0,1.4604394435882568,1.4604394435882568,0.07979115098714828,0.08662517368793488,0.05759027600288391,10.0,1.0,10.0
91.0,1.4598273038864136,1.4598273038864136,0.08016639947891235,0.08595018088817596,0.05722131207585335,10.0,1.0,10.0
92.0,1.4591870307922363,1.4591870307922363,0.08041754364967346,0.08548904955387115,0.05695226415991783,10.0,1.0,10.0
93.0,1.4584643840789795,1.4584643840789795,0.08053790777921677,0.08523357659578323,0.05678517371416092,10.0,1.0,10.0
94.0,1.4576280117034912,1.4576280117034912,0.08053062856197357,0.08516162633895874,0.056716013699769974,10.0,1.0,10.0
95.0,1.4566740989685059,1.4566740989685059,0.08040477335453033,0.08525358140468597,0.05673728138208389,10.0,1.0,10.0
96.0,1.4556275606155396,1.4556275606155396,0.08017336577177048,0.0854981541633606,0.05683957040309906,10.0,1.0,10.0
97.0,1.4545273780822754,1.4545273780822754,0.07985351979732513,0.08588391542434692,0.05701082572340965,10.0,1.0,10.0
98.0,1.453416347503662,1.453416347503662,0.07946766912937164,0.08638684451580048,0.05723528563976288,10.0,1.0,10.0
99.0,1.4523334503173828,1.4523334503173828,0.07904309034347534,0.08696568012237549,0.05749368295073509,10.0,1.0,10.0
100.0,1.4513030052185059,1.4513030052185059,0.07860841602087021,0.08757010102272034,0.057764872908592224,10.0,1.0,10.0
101.0,1.4503309726715088,1.4503309726715088,0.07818906009197235,0.08815477043390274,0.058028556406497955,10.0,1.0,10.0
102.0,1.4494085311889648,1.4494085311889648,0.07780475914478302,0.0886882022023201,0.058267273008823395,10.0,1.0,10.0
103.0,1.4485142230987549,1.4485142230987549,0.07746975868940353,0.08914901316165924,0.05846676230430603,10.0,1.0,10.0
104.0,1.4476207494735718,1.4476207494735718,0.07719488441944122,0.08951691538095474,0.05861549824476242,10.0,1.0,10.0
105.0,1.4467041492462158,1.4467041492462158,0.07698852568864822,0.08976922929286957,0.058704957365989685,10.0,1.0,10.0
106.0,1.4457464218139648,1.4457464218139648,0.07685524225234985,0.08988781273365021,0.05873062461614609,10.0,1.0,10.0
107.0,1.4447402954101562,1.4447402954101562,0.07679381221532822,0.08986964076757431,0.05869325250387192,10.0,1.0,10.0
108.0,1.4436877965927124,1.4436877965927124,0.07679668813943863,0.08973079174757004,0.05859901383519173,10.0,1.0,10.0
109.0,1.442598819732666,1.442598819732666,0.07685200870037079,0.08949894458055496,0.05845797061920166,10.0,1.0,10.0
110.0,1.4414864778518677,1.4414864778518677,0.07694651186466217,0.08920175582170486,0.05828196555376053,10.0,1.0,10.0
111.0,1.440364122390747,1.440364122390747,0.07706723362207413,0.08886110037565231,0.05808306485414505,10.0,1.0,10.0
112.0,1.43924081325531,1.43924081325531,0.07720140367746353,0.08849585801362991,0.05787309259176254,10.0,1.0,10.0
113.0,1.4381206035614014,1.4381206035614014,0.07733558863401413,0.08812756836414337,0.05766370892524719,10.0,1.0,10.0
114.0,1.4370017051696777,1.4370017051696777,0.07745606452226639,0.08778165280818939,0.05746593326330185,10.0,1.0,10.0
115.0,1.4358794689178467,1.4358794689178467,0.07755068689584732,0.08748164772987366,0.05728910118341446,10.0,1.0,10.0
116.0,1.4347459077835083,1.4347459077835083,0.07761067897081375,0.0872422456741333,0.05713968724012375,10.0,1.0,10.0
117.0,1.433593988418579,1.433593988418579,0.07763168215751648,0.08706732094287872,0.05702098831534386,10.0,1.0,10.0
118.0,1.4324188232421875,1.4324188232421875,0.07761282473802567,0.0869540125131607,0.05693366378545761,10.0,1.0,10.0
119.0,1.4312169551849365,1.4312169551849365,0.07755527645349503,0.08689871430397034,0.05687655881047249,10.0,1.0,10.0
120.0,1.4299895763397217,1.4299895763397217,0.0774618461728096,0.08689900487661362,0.056847210973501205,10.0,1.0,10.0
121.0,1.4287383556365967,1.4287383556365967,0.07733702659606934,0.08695085346698761,0.05684171989560127,10.0,1.0,10.0
122.0,1.4274659156799316,1.4274659156799316,0.07718756049871445,0.08704452961683273,0.05685456842184067,10.0,1.0,10.0
123.0,1.4261759519577026,1.4261759519577026,0.07702220231294632,0.08716440200805664,0.0568789541721344,10.0,1.0,10.0
124.0,1.4248701333999634,1.4248701333999634,0.07684998214244843,0.0872931256890297,0.056907713413238525,10.0,1.0,10.0
125.0,1.4235482215881348,1.4235482215881348,0.07667890191078186,0.08741667866706848,0.056934256106615067,10.0,1.0,10.0
126.0,1.4222090244293213,1.4222090244293213,0.07651525735855103,0.08752597868442535,0.056953053921461105,10.0,1.0,10.0
127.0,1.4208506345748901,1.4208506345748901,0.0763639360666275,0.0876145139336586,0.05695967376232147,10.0,1.0,10.0
128.0,1.4194697141647339,1.4194697141647339,0.07622881978750229,0.08767542988061905,0.056950606405735016,10.0,1.0,10.0
129.0,1.4180645942687988,1.4180645942687988,0.07611282914876938,0.08770160377025604,0.05692346394062042,10.0,1.0,10.0
130.0,1.4166333675384521,1.4166333675384521,0.07601720094680786,0.08768864721059799,0.056877270340919495,10.0,1.0,10.0
131.0,1.4151756763458252,1.4151756763458252,0.07594099640846252,0.08763772249221802,0.05681280046701431,10.0,1.0,10.0
132.0,1.413691759109497,1.413691759109497,0.07588133215904236,0.08755525946617126,0.05673231929540634,10.0,1.0,10.0
133.0,1.412182092666626,1.412182092666626,0.07583422213792801,0.08744950592517853,0.056639038026332855,10.0,1.0,10.0
134.0,1.4106478691101074,1.4106478691101074,0.07579553127288818,0.08732753247022629,0.05653650313615799,10.0,1.0,10.0
135.0,1.4090890884399414,1.4090890884399414,0.07576116174459457,0.08719488978385925,0.05642825737595558,10.0,1.0,10.0
136.0,1.4075052738189697,1.4075052738189697,0.0757269412279129,0.08705741167068481,0.056317850947380066,10.0,1.0,10.0
137.0,1.4058961868286133,1.4058961868286133,0.07568861544132233,0.08692240715026855,0.056208766996860504,10.0,1.0,10.0
138.0,1.4042599201202393,1.4042599201202393,0.07564215362071991,0.08679767698049545,0.05610407143831253,10.0,1.0,10.0
139.0,1.402595043182373,1.402595043182373,0.0755845159292221,0.08668908476829529,0.05600607022643089,10.0,1.0,10.0
140.0,1.400899887084961,1.400899887084961,0.07551407068967819,0.08659887313842773,0.05591602995991707,10.0,1.0,10.0
141.0,1.3991734981536865,1.3991734981536865,0.0754304900765419,0.08652636408805847,0.05583421513438225,10.0,1.0,10.0
142.0,1.3974138498306274,1.3974138498306274,0.07533428817987442,0.08646980673074722,0.05576011538505554,10.0,1.0,10.0
143.0,1.3956212997436523,1.3956212997436523,0.07522657513618469,0.086427703499794,0.055692777037620544,10.0,1.0,10.0
144.0,1.3937945365905762,1.3937945365905762,0.07510888576507568,0.08639834821224213,0.05563073605298996,10.0,1.0,10.0
145.0,1.3919339179992676,1.3919339179992676,0.07498347014188766,0.08637847751379013,0.05557207018136978,10.0,1.0,10.0
146.0,1.390038251876831,1.390038251876831,0.07485305517911911,0.08636302500963211,0.055514466017484665,10.0,1.0,10.0
147.0,1.388107180595398,1.388107180595398,0.07472062855958939,0.08634613454341888,0.05545547604560852,10.0,1.0,10.0
148.0,1.3861397504806519,1.3861397504806519,0.07458877563476562,0.0863228589296341,0.05539291724562645,10.0,1.0,10.0
149.0,1.3841348886489868,1.3841348886489868,0.07445942610502243,0.08629020303487778,0.05532504618167877,10.0,1.0,10.0
150.0,1.3820912837982178,1.3820912837982178,0.07433392107486725,0.08624639362096786,0.05525057390332222,10.0,1.0,10.0
151.0,1.3800077438354492,1.3800077438354492,0.07421312481164932,0.08619006723165512,0.055168647319078445,10.0,1.0,10.0
152.0,1.3778831958770752,1.3778831958770752,0.07409748435020447,0.0861198827624321,0.055078838020563126,10.0,1.0,10.0
153.0,1.375715732574463,1.375715732574463,0.07398689538240433,0.08603521436452866,0.05498115345835686,10.0,1.0,10.0
154.0,1.373504638671875,1.373504638671875,0.07388057559728622,0.08593714237213135,0.0548761785030365,10.0,1.0,10.0
155.0,1.3712489604949951,1.3712489604949951,0.07377713173627853,0.08582832664251328,0.05476493760943413,10.0,1.0,10.0
156.0,1.368947148323059,1.368947148323059,0.073674775660038,0.08571207523345947,0.05464873090386391,10.0,1.0,10.0
157.0,1.366598129272461,1.366598129272461,0.07357177138328552,0.0855913832783699,0.05452890321612358,10.0,1.0,10.0
158.0,1.3642005920410156,1.3642005920410156,0.0734664648771286,0.08546844869852066,0.05440674349665642,10.0,1.0,10.0
159.0,1.3617531061172485,1.3617531061172485,0.07335741817951202,0.08534523844718933,0.054283369332551956,10.0,1.0,10.0
160.0,1.359254002571106,1.359254002571106,0.07324322313070297,0.08522388339042664,0.05415978655219078,10.0,1.0,10.0
161.0,1.3567016124725342,1.3567016124725342,0.07312273979187012,0.08510646224021912,0.05403677374124527,10.0,1.0,10.0
162.0,1.3540942668914795,1.3540942668914795,0.07299520820379257,0.0849943459033966,0.05391478165984154,10.0,1.0,10.0
163.0,1.3514301776885986,1.3514301776885986,0.07286038994789124,0.08488769084215164,0.053793858736753464,10.0,1.0,10.0
164.0,1.3487077951431274,1.3487077951431274,0.07271856814622879,0.08478549867868423,0.05367366224527359,10.0,1.0,10.0
165.0,1.3459253311157227,1.3459253311157227,0.07257028669118881,0.08468635380268097,0.053553611040115356,10.0,1.0,10.0
166.0,1.3430805206298828,1.3430805206298828,0.0724162608385086,0.08458879590034485,0.05343291535973549,10.0,1.0,10.0
167.0,1.3401720523834229,1.3401720523834229,0.07225734740495682,0.08449141681194305,0.05331072211265564,10.0,1.0,10.0
168.0,1.3371978998184204,1.3371978998184204,0.07209446281194687,0.08439253270626068,0.053186073899269104,10.0,1.0,10.0
169.0,1.334155797958374,1.334155797958374,0.07192859798669815,0.08429007232189178,0.05305797979235649,10.0,1.0,10.0
170.0,1.3310441970825195,1.3310441970825195,0.07176073640584946,0.08418191224336624,0.052925486117601395,10.0,1.0,10.0
171.0,1.3278601169586182,1.3278601169586182,0.07159155607223511,0.08406630903482437,0.05278782546520233,10.0,1.0,10.0
172.0,1.324601650238037,1.324601650238037,0.07142148166894913,0.08394232392311096,0.052644453942775726,10.0,1.0,10.0
173.0,1.321266770362854,1.321266770362854,0.07125066220760345,0.08380960673093796,0.05249505117535591,10.0,1.0,10.0
174.0,1.31785249710083,1.31785249710083,0.07107894867658615,0.08366816490888596,0.05233949050307274,10.0,1.0,10.0
175.0,1.314356803894043,1.314356803894043,0.07090606540441513,0.08351806551218033,0.05217780917882919,10.0,1.0,10.0
176.0,1.310776710510254,1.310776710510254,0.0707315057516098,0.08335959911346436,0.05201020464301109,10.0,1.0,10.0
177.0,1.3071098327636719,1.3071098327636719,0.07055463641881943,0.08319351077079773,0.051836997270584106,10.0,1.0,10.0
178.0,1.3033533096313477,1.3033533096313477,0.07037464529275894,0.0830209031701088,0.051658596843481064,10.0,1.0,10.0
179.0,1.299504041671753,1.299504041671753,0.07019063830375671,0.08284300565719604,0.05147545784711838,10.0,1.0,10.0
180.0,1.2955591678619385,1.2955591678619385,0.07000187784433365,0.08266083151102066,0.05128796026110649,10.0,1.0,10.0
181.0,1.291515588760376,1.291515588760376,0.06980767846107483,0.08247503638267517,0.05109638720750809,10.0,1.0,10.0
182.0,1.2873703241348267,1.2873703241348267,0.06960753351449966,0.08228598535060883,0.050900898873806,10.0,1.0,10.0
183.0,1.2831194400787354,1.2831194400787354,0.06940104067325592,0.08209384977817535,0.05070151761174202,10.0,1.0,10.0
184.0,1.2787599563598633,1.2787599563598633,0.0691879540681839,0.08189869672060013,0.050498172640800476,10.0,1.0,10.0
185.0,1.2742879390716553,1.2742879390716553,0.06896815448999405,0.08170028775930405,0.05029062181711197,10.0,1.0,10.0
186.0,1.269700050354004,1.269700050354004,0.06874169409275055,0.08149810880422592,0.050078511238098145,10.0,1.0,10.0
187.0,1.2649924755096436,1.2649924755096436,0.06850873678922653,0.08129124343395233,0.04986137896776199,10.0,1.0,10.0
188.0,1.2601611614227295,1.2601611614227295,0.06826957315206528,0.08107859641313553,0.04963868856430054,10.0,1.0,10.0
189.0,1.2552025318145752,1.2552025318145752,0.06802444905042648,0.08085916936397552,0.049409881234169006,10.0,1.0,10.0
190.0,1.2501119375228882,1.2501119375228882,0.06777354329824448,0.08063207566738129,0.04917444288730621,10.0,1.0,10.0
191.0,1.2448853254318237,1.2448853254318237,0.0675169974565506,0.08039654046297073,0.04893188178539276,10.0,1.0,10.0
192.0,1.239518642425537,1.239518642425537,0.06725490093231201,0.08015179634094238,0.048681776970624924,10.0,1.0,10.0
193.0,1.2340071201324463,1.2340071201324463,0.06698722392320633,0.0798971951007843,0.04842377454042435,10.0,1.0,10.0
194.0,1.228346586227417,1.228346586227417,0.066713847219944,0.0796322152018547,0.04815758764743805,10.0,1.0,10.0
195.0,1.222531795501709,1.222531795501709,0.06643448770046234,0.07935662567615509,0.04788302257657051,10.0,1.0,10.0
196.0,1.2165583372116089,1.2165583372116089,0.0661488026380539,0.07907039672136307,0.04759998619556427,10.0,1.0,10.0
197.0,1.210421085357666,1.210421085357666,0.06585631519556046,0.07877366244792938,0.04730843007564545,10.0,1.0,10.0
198.0,1.2041151523590088,1.2041151523590088,0.06555655598640442,0.07846649736166,0.047008316963911057,10.0,1.0,10.0
199.0,1.1976356506347656,1.1976356506347656,0.06524904072284698,0.07814895361661911,0.04669962450861931,10.0,1.0,10.0
200.0,1.190976858139038,1.190976858139038,0.06493327766656876,0.0778210386633873,0.046382300555706024,10.0,1.0,10.0
201.0,1.1841336488723755,1.1841336488723755,0.06460882723331451,0.07748271524906158,0.04605627432465553,10.0,1.0,10.0
202.0,1.1771008968353271,1.1771008968353271,0.06427528709173203,0.07713393867015839,0.04572141170501709,10.0,1.0,10.0
203.0,1.1698729991912842,1.1698729991912842,0.06393229961395264,0.0767744705080986,0.045377545058727264,10.0,1.0,10.0
204.0,1.1624442338943481,1.1624442338943481,0.06357962638139725,0.0764039009809494,0.045024409890174866,10.0,1.0,10.0
205.0,1.1548097133636475,1.1548097133636475,0.06321709603071213,0.07602164894342422,0.04466170072555542,10.0,1.0,10.0
206.0,1.146963119506836,1.146963119506836,0.06284456700086594,0.07562699913978577,0.04428904503583908,10.0,1.0,10.0
207.0,1.1388996839523315,1.1388996839523315,0.062461961060762405,0.07521926611661911,0.0439060814678669,10.0,1.0,10.0
208.0,1.1306134462356567,1.1306134462356567,0.06206916272640228,0.07479766756296158,0.043512411415576935,10.0,1.0,10.0
209.0,1.1220991611480713,1.1220991611480713,0.06166611239314079,0.07436151057481766,0.04310765862464905,10.0,1.0,10.0
210.0,1.113351821899414,1.113351821899414,0.06125269830226898,0.07391004264354706,0.04269147291779518,10.0,1.0,10.0
211.0,1.104365587234497,1.104365587234497,0.06082877889275551,0.07344260066747665,0.04226352274417877,10.0,1.0,10.0
212.0,1.095136046409607,1.095136046409607,0.06039419770240784,0.0729585662484169,0.041823551058769226,10.0,1.0,10.0
213.0,1.085658073425293,1.085658073425293,0.05994870513677597,0.07245750725269318,0.04137134552001953,10.0,1.0,10.0
214.0,1.0759265422821045,1.0759265422821045,0.05949199199676514,0.07193904370069504,0.04090676084160805,10.0,1.0,10.0
215.0,1.0659375190734863,1.0659375190734863,0.05902375653386116,0.071402907371521,0.04042970389127731,10.0,1.0,10.0
216.0,1.0556864738464355,1.0556864738464355,0.05854364484548569,0.07084890455007553,0.03994011506438255,10.0,1.0,10.0
217.0,1.0451698303222656,1.0451698303222656,0.05805131047964096,0.07027685642242432,0.03943798691034317,10.0,1.0,10.0
218.0,1.0343841314315796,1.0343841314315796,0.0575464591383934,0.06968658417463303,0.038923297077417374,10.0,1.0,10.0
219.0,1.0233262777328491,1.0233262777328491,0.05702876299619675,0.06907789409160614,0.03839607164263725,10.0,1.0,10.0
220.0,1.0119937658309937,1.0119937658309937,0.056498005986213684,0.06845059990882874,0.037856318056583405,10.0,1.0,10.0
221.0,1.0003844499588013,1.0003844499588013,0.05595394968986511,0.06780446320772171,0.03730405122041702,10.0,1.0,10.0
222.0,0.9884974956512451,0.9884974956512451,0.05539651960134506,0.06713922321796417,0.03673930838704109,10.0,1.0,10.0
223.0,0.9763315916061401,0.9763315916061401,0.054825618863105774,0.06645454466342926,0.03616209328174591,10.0,1.0,10.0
224.0,0.9638873338699341,0.9638873338699341,0.05424128845334053,0.06575005501508713,0.035572439432144165,10.0,1.0,10.0
225.0,0.9511653184890747,0.9511653184890747,0.05364357680082321,0.06502541154623032,0.03497041389346123,10.0,1.0,10.0
226.0,0.9381669759750366,0.9381669759750366,0.05303255096077919,0.06428030133247375,0.034356117248535156,10.0,1.0,10.0
227.0,0.9248952865600586,0.9248952865600586,0.0524083748459816,0.06351447105407715,0.033729709684848785,10.0,1.0,10.0
228.0,0.9113536477088928,0.9113536477088928,0.05177118629217148,0.06272774189710617,0.03309140354394913,10.0,1.0,10.0
229.0,0.8975467681884766,0.8975467681884766,0.05112119019031525,0.061920031905174255,0.03244148567318916,10.0,1.0,10.0
230.0,0.8834800720214844,0.8834800720214844,0.05045854300260544,0.0610913448035717,0.03178032487630844,10.0,1.0,10.0
231.0,0.869160532951355,0.869160532951355,0.04978350177407265,0.060241810977458954,0.031108370050787926,10.0,1.0,10.0
232.0,0.8545958995819092,0.8545958995819092,0.04909628629684448,0.05937166512012482,0.030426140874624252,10.0,1.0,10.0
233.0,0.8397952914237976,0.8397952914237976,0.04839716851711273,0.05848124995827675,0.029734235256910324,10.0,1.0,10.0
234.0,0.824769139289856,0.824769139289856,0.04768650233745575,0.057570986449718475,0.029033318161964417,10.0,1.0,10.0
235.0,0.8095290660858154,0.8095290660858154,0.04696467146277428,0.05664132907986641,0.028324099257588387,10.0,1.0,10.0
236.0,0.7940875887870789,0.7940875887870789,0.04623212665319443,0.05569284409284592,0.027607345953583717,10.0,1.0,10.0
237.0,0.7784591913223267,0.7784591913223267,0.04548945277929306,0.05472606047987938,0.02688385732471943,10.0,1.0,10.0
238.0,0.7626585960388184,0.7626585960388184,0.044737230986356735,0.05374160036444664,0.026154473423957825,10.0,1.0,10.0
239.0,0.746703028678894,0.746703028678894,0.043976232409477234,0.052740104496479034,0.025420060381293297,10.0,1.0,10.0
240.0,0.7306098937988281,0.7306098937988281,0.043207231909036636,0.05172228068113327,0.02468153089284897,10.0,1.0,10.0
241.0,0.7143981456756592,0.7143981456756592,0.042431097477674484,0.050688888877630234,0.0239398255944252,10.0,1.0,10.0
242.0,0.6980878710746765,0.6980878710746765,0.04164876788854599,0.049640778452157974,0.023195939138531685,10.0,1.0,10.0
243.0,0.6817001104354858,0.6817001104354858,0.04086122289299965,0.04857892543077469,0.022450899705290794,10.0,1.0,10.0
244.0,0.665256917476654,0.665256917476654,0.04006946459412575,0.04750441014766693,0.021705789491534233,10.0,1.0,10.0
245.0,0.6487810611724854,0.6487810611724854,0.03927453234791756,0.046418447047472,0.02096172608435154,10.0,1.0,10.0
246.0,0.632296085357666,0.632296085357666,0.038477491587400436,0.04532237723469734,0.020219873636960983,10.0,1.0,10.0
247.0,0.6158260107040405,0.6158260107040405,0.03767941892147064,0.04421765357255936,0.019481420516967773,10.0,1.0,10.0
248.0,0.5993960499763489,0.5993960499763489,0.036881428211927414,0.043105874210596085,0.018747590482234955,10.0,1.0,10.0
249.0,0.5830307006835938,0.5830307006835938,0.036084603518247604,0.04198868200182915,0.018019596114754677,10.0,1.0,10.0
250.0,0.5667553544044495,0.5667553544044495,0.03529009222984314,0.040867798030376434,0.017298661172389984,10.0,1.0,10.0
251.0,0.5505952835083008,0.5505952835083008,0.03449905291199684,0.03974501043558121,0.016585979610681534,10.0,1.0,10.0
252.0,0.5345759391784668,0.5345759391784668,0.03371266648173332,0.03862209618091583,0.015882721170783043,10.0,1.0,10.0
253.0,0.5187221169471741,0.5187221169471741,0.0329320952296257,0.03750090301036835,0.015190023928880692,10.0,1.0,10.0
254.0,0.5030583143234253,0.5030583143234253,0.03215852379798889,0.036383241415023804,0.014508980326354504,10.0,1.0,10.0
255.0,0.48760852217674255,0.48760852217674255,0.03139311820268631,0.035270966589450836,0.01384063996374607,10.0,1.0,10.0
256.0,0.4723961651325226,0.4723961651325226,0.030637025833129883,0.034165967255830765,0.01318599283695221,10.0,1.0,10.0
257.0,0.4574437737464905,0.4574437737464905,0.029891373589634895,0.03307010233402252,0.012545992620289326,10.0,1.0,10.0
258.0,0.4427727460861206,0.4427727460861206,0.029157206416130066,0.031985312700271606,0.011921536177396774,10.0,1.0,10.0
259.0,0.42840322852134705,0.42840322852134705,0.02843550220131874,0.030913569033145905,0.011313464492559433,10.0,1.0,10.0
260.0,0.4143545627593994,0.4143545627593994,0.027727214619517326,0.029856810346245766,0.010722561739385128,10.0,1.0,10.0
261.0,0.4006445109844208,0.4006445109844208,0.027033207938075066,0.02881704270839691,0.010149541310966015,10.0,1.0,10.0
262.0,0.38728904724121094,0.38728904724121094,0.026354238390922546,0.027796220034360886,0.009595043957233429,10.0,1.0,10.0
263.0,0.37430328130722046,0.37430328130722046,0.0256910789757967,0.026796234771609306,0.00905962660908699,10.0,1.0,10.0
264.0,0.3617004156112671,0.3617004156112671,0.025044387206435204,0.025818953290581703,0.008543760515749454,10.0,1.0,10.0
265.0,0.34949204325675964,0.34949204325675964,0.02441476657986641,0.024866098538041115,0.008047827519476414,10.0,1.0,10.0
266.0,0.33768802881240845,0.33768802881240845,0.023802753537893295,0.02393932268023491,0.007572116330265999,10.0,1.0,10.0
267.0,0.32629653811454773,0.32629653811454773,0.023208804428577423,0.0230401623994112,0.0071168337017297745,10.0,1.0,10.0
268.0,0.31532415747642517,0.31532415747642517,0.022633329033851624,0.022169969975948334,0.006682088598608971,10.0,1.0,10.0
269.0,0.30477577447891235,0.30477577447891235,0.022076653316617012,0.021330034360289574,0.006267920136451721,10.0,1.0,10.0
270.0,0.2946545481681824,0.2946545481681824,0.021539034321904182,0.020521458238363266,0.005874276161193848,10.0,1.0,10.0
271.0,0.284961998462677,0.284961998462677,0.02102062851190567,0.019745269790291786,0.005501044914126396,10.0,1.0,10.0
272.0,0.2756980061531067,0.2756980061531067,0.02052151784300804,0.019002363085746765,0.005148044787347317,10.0,1.0,10.0
273.0,0.2668609917163849,0.2668609917163849,0.020041728392243385,0.018293485045433044,0.004815021529793739,10.0,1.0,10.0
274.0,0.2584480345249176,0.2584480345249176,0.019581206142902374,0.01761927455663681,0.00450166966766119,10.0,1.0,10.0
275.0,0.25045454502105713,0.25045454502105713,0.019139811396598816,0.016980234533548355,0.004207620397210121,10.0,1.0,10.0
276.0,0.24287492036819458,0.24287492036819458,0.018717391416430473,0.016376662999391556,0.003932434134185314,10.0,1.0,10.0
277.0,0.23570211231708527,0.23570211231708527,0.018313707783818245,0.015808718279004097,0.0036756321787834167,10.0,1.0,10.0
278.0,0.22892804443836212,0.22892804443836212,0.017928486689925194,0.015276382677257061,0.0034366785548627377,10.0,1.0,10.0
279.0,0.22254352271556854,0.22254352271556854,0.01756139285862446,0.014779509976506233,0.0032150086481124163,10.0,1.0,10.0
280.0,0.21653854846954346,0.21653854846954346,0.017212074249982834,0.014317736029624939,0.0030100070871412754,10.0,1.0,10.0
281.0,0.21090243756771088,0.21090243756771088,0.01688014157116413,0.013890591450035572,0.002821042900905013,10.0,1.0,10.0
282.0,0.2056233286857605,0.2056233286857605,0.016565140336751938,0.013497421517968178,0.0026474485639482737,10.0,1.0,10.0
283.0,0.20068904757499695,0.20068904757499695,0.01626659743487835,0.013137510046362877,0.0024885558523237705,10.0,1.0,10.0
284.0,0.19608700275421143,0.19608700275421143,0.01598403789103031,0.01280996110290289,0.002343666972592473,10.0,1.0,10.0
285.0,0.19180382788181305,0.19180382788181305,0.01571691408753395,0.01251383125782013,0.0022120869252830744,10.0,1.0,10.0
286.0,0.18782615661621094,0.18782615661621094,0.015464692376554012,0.012248072773218155,0.002093117218464613,10.0,1.0,10.0
287.0,0.1841404289007187,0.1841404289007187,0.015226843766868114,0.01201150193810463,0.0019860491156578064,10.0,1.0,10.0
288.0,0.1807325929403305,0.1807325929403305,0.015002776868641376,0.011802936904132366,0.0018901887815445662,10.0,1.0,10.0
289.0,0.17758862674236298,0.17758862674236298,0.014791919849812984,0.01162104681134224,0.0018048392375931144,10.0,1.0,10.0
290.0,0.17469492554664612,0.17469492554664612,0.01459372416138649,0.011464498937129974,0.0017293192213401198,10.0,1.0,10.0
291.0,0.17203742265701294,0.17203742265701294,0.014407606795430183,0.011331845074892044,0.0016629522433504462,10.0,1.0,10.0
292.0,0.16960270702838898,0.16960270702838898,0.014233029447495937,0.011221619322896004,0.001605079509317875,10.0,1.0,10.0
293.0,0.16737711429595947,0.16737711429595947,0.014069408178329468,0.011132367886602879,0.001555065275169909,10.0,1.0,10.0
294.0,0.1653476506471634,0.1653476506471634,0.013916212134063244,0.011062600649893284,0.0015122918412089348,10.0,1.0,10.0
295.0,0.16350127756595612,0.16350127756595612,0.01377288717776537,0.011010830290615559,0.0014761579222977161,10.0,1.0,10.0
296.0,0.16182585060596466,0.16182585060596466,0.013638933189213276,0.010975593701004982,0.001446092501282692,10.0,1.0,10.0
297.0,0.16030898690223694,0.16030898690223694,0.013513809069991112,0.0109554473310709,0.0014215442351996899,10.0,1.0,10.0
298.0,0.15893910825252533,0.15893910825252533,0.01339702494442463,0.010948967188596725,0.0014019891386851668,10.0,1.0,10.0
299.0,0.15770530700683594,0.15770530700683594,0.01328812725841999,0.010954750701785088,0.0013869281392544508,10.0,1.0,10.0
300.0,0.15659666061401367,0.15659666061401367,0.0131866205483675,0.010971504263579845,0.0013758958084508777,10.0,1.0,10.0
301.0,0.15560320019721985,0.15560320019721985,0.013092090375721455,0.010997891426086426,0.0013684413861483335,10.0,1.0,10.0
302.0,0.15471497178077698,0.15471497178077698,0.01300407387316227,0.011032693088054657,0.0013641540426760912,10.0,1.0,10.0
303.0,0.1539231240749359,0.1539231240749359,0.012922199442982674,0.011074725538492203,0.0013626416912302375,10.0,1.0,10.0
304.0,0.15321898460388184,0.15321898460388184,0.012846076861023903,0.011122843250632286,0.0013635384384542704,10.0,1.0,10.0
305.0,0.15259432792663574,0.15259432792663574,0.012775332666933537,0.011175975203514099,0.0013665028382092714,10.0,1.0,10.0
306.0,0.15204176306724548,0.15204176306724548,0.012709642760455608,0.011233135126531124,0.0013712204527109861,10.0,1.0,10.0
307.0,0.1515538990497589,0.1515538990497589,0.012648645788431168,0.011293414048850536,0.0013774039689451456,10.0,1.0,10.0
308.0,0.15112464129924774,0.15112464129924774,0.012592079117894173,0.011355960741639137,0.00138478830922395,10.0,1.0,10.0
309.0,0.1507474035024643,0.1507474035024643,0.012539598159492016,0.011420038528740406,0.0013931372668594122,10.0,1.0,10.0
310.0,0.15041697025299072,0.15041697025299072,0.01249097753316164,0.011484911665320396,0.0014022293034940958,10.0,1.0,10.0
311.0,0.15012779831886292,0.15012779831886292,0.012445922009646893,0.01154992077499628,0.0014118662802502513,10.0,1.0,10.0
312.0,0.14987552165985107,0.14987552165985107,0.012404229491949081,0.011614484712481499,0.0014218740398064256,10.0,1.0,10.0
313.0,0.1496555060148239,0.1496555060148239,0.012365644797682762,0.011678081005811691,0.001432096934877336,10.0,1.0,10.0
314.0,0.1494639366865158,0.1494639366865158,0.012329968623816967,0.011740279383957386,0.0014423966640606523,10.0,1.0,10.0
315.0,0.14929714798927307,0.14929714798927307,0.012296989560127258,0.011800690554082394,0.0014526557642966509,10.0,1.0,10.0
316.0,0.14915205538272858,0.14915205538272858,0.012266546487808228,0.011858955956995487,0.0014627630589529872,10.0,1.0,10.0
317.0,0.14902572333812714,0.14902572333812714,0.012238459661602974,0.011914820410311222,0.0014726310037076473,10.0,1.0,10.0
318.0,0.1489153951406479,0.1489153951406479,0.012212559580802917,0.011968005448579788,0.0014821795048192143,10.0,1.0,10.0
319.0,0.14881891012191772,0.14881891012191772,0.012188710272312164,0.01201836857944727,0.0014913437189534307,10.0,1.0,10.0
320.0,0.14873415231704712,0.14873415231704712,0.012166770175099373,0.01206572912633419,0.0015000735875219107,10.0,1.0,10.0
321.0,0.14865942299365997,0.14865942299365997,0.012146612629294395,0.012110000476241112,0.0015083292964845896,10.0,1.0,10.0
322.0,0.14859281480312347,0.14859281480312347,0.012128088623285294,0.012151109054684639,0.001516081509180367,10.0,1.0,10.0
323.0,0.1485331952571869,0.1485331952571869,0.012111114338040352,0.012188989669084549,0.0015233062440529466,10.0,1.0,10.0
324.0,0.14847919344902039,0.14847919344902039,0.012095564976334572,0.012223657220602036,0.001529988832771778,10.0,1.0,10.0
325.0,0.14842982590198517,0.14842982590198517,0.012081348337233067,0.012255121022462845,0.0015361219411715865,10.0,1.0,10.0
326.0,0.1483842134475708,0.1483842134475708,0.01206838060170412,0.012283400632441044,0.0015417016111314297,10.0,1.0,10.0
327.0,0.1483415812253952,0.1483415812253952,0.012056568637490273,0.012308580800890923,0.001546732266433537,10.0,1.0,10.0
328.0,0.1483011245727539,0.1483011245727539,0.012045818381011486,0.012330720201134682,0.0015512212412431836,10.0,1.0,10.0
329.0,0.14826247096061707,0.14826247096061707,0.012036079540848732,0.012349902652204037,0.001555178314447403,10.0,1.0,10.0
330.0,0.14822500944137573,0.14822500944137573,0.01202725525945425,0.012366245500743389,0.0015586211811751127,10.0,1.0,10.0
331.0,0.1481885015964508,0.1481885015964508,0.01201929897069931,0.012379848398268223,0.0015615657903254032,10.0,1.0,10.0
332.0,0.14815254509449005,0.14815254509449005,0.012012134306132793,0.012390842661261559,0.0015640362398698926,10.0,1.0,10.0
333.0,0.148116797208786,0.148116797208786,0.012005702592432499,0.01239929348230362,0.0015660474309697747,10.0,1.0,10.0
334.0,0.14808133244514465,0.14808133244514465,0.011999967508018017,0.0124053955078125,0.0015676264883950353,10.0,1.0,10.0
335.0,0.14804580807685852,0.14804580807685852,0.0119948610663414,0.012409242801368237,0.0015687956474721432,10.0,1.0,10.0
336.0,0.14801007509231567,0.14801007509231567,0.01199033297598362,0.012410960160195827,0.0015695791225880384,10.0,1.0,10.0
337.0,0.14797425270080566,0.14797425270080566,0.01198634970933199,0.012410725466907024,0.001570003223605454,10.0,1.0,10.0
338.0,0.1479381024837494,0.1479381024837494,0.011982857249677181,0.012408627197146416,0.001570091350004077,10.0,1.0,10.0
339.0,0.14790168404579163,0.14790168404579163,0.01197982206940651,0.012404805980622768,0.0015698656206950545,10.0,1.0,10.0
340.0,0.1478649079799652,0.1478649079799652,0.011977205984294415,0.012399359606206417,0.0015693478053435683,10.0,1.0,10.0
341.0,0.1478278934955597,0.1478278934955597,0.011974983848631382,0.012392443604767323,0.0015685625839978456,10.0,1.0,10.0
342.0,0.14779050648212433,0.14779050648212433,0.011973105370998383,0.012384144589304924,0.001567530445754528,10.0,1.0,10.0
343.0,0.14775292575359344,0.14775292575359344,0.011971554718911648,0.012374622747302055,0.0015662764199078083,10.0,1.0,10.0
344.0,0.14771509170532227,0.14771509170532227,0.011970293708145618,0.012363949790596962,0.001564820297062397,10.0,1.0,10.0
345.0,0.14767704904079437,0.14767704904079437,0.01196929719299078,0.01235224585980177,0.001563182333484292,10.0,1.0,10.0
346.0,0.14763882756233215,0.14763882756233215,0.011968542821705341,0.012339605949819088,0.0015613797586411238,10.0,1.0,10.0
347.0,0.1476004719734192,0.1476004719734192,0.011968006379902363,0.012326115742325783,0.0015594284050166607,10.0,1.0,10.0
348.0,0.1475619673728943,0.1475619673728943,0.01196766272187233,0.012311876751482487,0.0015573457349091768,10.0,1.0,10.0
349.0,0.14752347767353058,0.14752347767353058,0.011967502534389496,0.012296970002353191,0.001555148046463728,10.0,1.0,10.0
350.0,0.14748479425907135,0.14748479425907135,0.011967485770583153,0.012281461618840694,0.001552847563289106,10.0,1.0,10.0
351.0,0.1474461406469345,0.1474461406469345,0.011967604048550129,0.012265469878911972,0.001550462213344872,10.0,1.0,10.0
352.0,0.14740756154060364,0.14740756154060364,0.011967848986387253,0.012249026447534561,0.0015480041038244963,10.0,1.0,10.0
353.0,0.14736895263195038,0.14736895263195038,0.01196819543838501,0.012232189998030663,0.0015454819658771157,10.0,1.0,10.0
354.0,0.14733043313026428,0.14733043313026428,0.011968627572059631,0.01221505831927061,0.001542909536510706,10.0,1.0,10.0
355.0,0.14729197323322296,0.14729197323322296,0.011969138868153095,0.012197649106383324,0.0015402944991365075,10.0,1.0,10.0
356.0,0.14725357294082642,0.14725357294082642,0.011969707906246185,0.012180023826658726,0.0015376460505649447,10.0,1.0,10.0
357.0,0.14721529185771942,0.14721529185771942,0.011970322579145432,0.012162281200289726,0.0015349796740338206,10.0,1.0,10.0
358.0,0.14717727899551392,0.14717727899551392,0.011970993131399155,0.01214439608156681,0.0015322950202971697,10.0,1.0,10.0
359.0,0.14713922142982483,0.14713922142982483,0.0119716702029109,0.012126455083489418,0.0015296058263629675,10.0,1.0,10.0
360.0,0.14710146188735962,0.14710146188735962,0.011972381733357906,0.01210849080234766,0.0015269139548763633,10.0,1.0,10.0
361.0,0.14706364274024963,0.14706364274024963,0.011973089538514614,0.012090492993593216,0.001524224178865552,10.0,1.0,10.0
362.0,0.14702606201171875,0.14702606201171875,0.011973807588219643,0.012072538956999779,0.0015215451130643487,10.0,1.0,10.0
363.0,0.14698876440525055,0.14698876440525055,0.011974524706602097,0.012054674327373505,0.0015188842080533504,10.0,1.0,10.0
364.0,0.14695149660110474,0.14695149660110474,0.011975222267210484,0.012036873027682304,0.001516240881755948,10.0,1.0,10.0
365.0,0.14691437780857086,0.14691437780857086,0.011975890956819057,0.012019220739603043,0.001513623516075313,10.0,1.0,10.0
366.0,0.1468774676322937,0.1468774676322937,0.011976547539234161,0.012001663446426392,0.0015110326930880547,10.0,1.0,10.0
367.0,0.14684075117111206,0.14684075117111206,0.011977172456681728,0.011984283104538918,0.0015084737678989768,10.0,1.0,10.0
368.0,0.1468040496110916,0.1468040496110916,0.011977755464613438,0.011967035010457039,0.001505945809185505,10.0,1.0,10.0
369.0,0.14676766097545624,0.14676766097545624,0.011978309601545334,0.011950007639825344,0.0015034549869596958,10.0,1.0,10.0
370.0,0.14673128724098206,0.14673128724098206,0.0119788134470582,0.011933153495192528,0.0015010000206530094,10.0,1.0,10.0
371.0,0.14669518172740936,0.14669518172740936,0.011979280970990658,0.011916521936655045,0.0014985851012170315,10.0,1.0,10.0
372.0,0.14665912091732025,0.14665912091732025,0.011979695409536362,0.011900076642632484,0.0014962091809138656,10.0,1.0,10.0
373.0,0.14662326872348785,0.14662326872348785,0.011980069801211357,0.011883839033544064,0.0014938733074814081,10.0,1.0,10.0
374.0,0.1465875208377838,0.1465875208377838,0.011980382725596428,0.011867864988744259,0.0014915827196091413,10.0,1.0,10.0
375.0,0.14655186235904694,0.14655186235904694,0.011980640701949596,0.011852117255330086,0.0014893338084220886,10.0,1.0,10.0
376.0,0.1465163230895996,0.1465163230895996,0.011980840936303139,0.01183661911636591,0.0014871293678879738,10.0,1.0,10.0
377.0,0.1464809775352478,0.1464809775352478,0.011980997398495674,0.011821339838206768,0.0014849668368697166,10.0,1.0,10.0
378.0,0.14644555747509003,0.14644555747509003,0.011981082148849964,0.011806284077465534,0.001482846331782639,10.0,1.0,10.0
379.0,0.14641037583351135,0.14641037583351135,0.011981124058365822,0.011791464872658253,0.001480767736211419,10.0,1.0,10.0
380.0,0.1463753581047058,0.1463753581047058,0.0119811175391078,0.011776868253946304,0.0014787315158173442,10.0,1.0,10.0
381.0,0.14634037017822266,0.14634037017822266,0.011981047689914703,0.011762513779103756,0.0014767373213544488,10.0,1.0,10.0
382.0,0.14630545675754547,0.14630545675754547,0.011980926617980003,0.011748377233743668,0.0014747818931937218,10.0,1.0,10.0
383.0,0.1462707221508026,0.1462707221508026,0.011980756185948849,0.01173448283225298,0.0014728677924722433,10.0,1.0,10.0
384.0,0.14623600244522095,0.14623600244522095,0.011980527080595493,0.011720806360244751,0.0014709923416376114,10.0,1.0,10.0
385.0,0.14620131254196167,0.14620131254196167,0.011980244889855385,0.01170734316110611,0.001469153561629355,10.0,1.0,10.0
386.0,0.1461668759584427,0.1461668759584427,0.011979924514889717,0.011694109998643398,0.0014673536643385887,10.0,1.0,10.0
387.0,0.14613233506679535,0.14613233506679535,0.01197953149676323,0.01168110128492117,0.001465591136366129,10.0,1.0,10.0
388.0,0.1460980474948883,0.1460980474948883,0.011979118920862675,0.0116682518273592,0.0014638603897765279,10.0,1.0,10.0
389.0,0.14606362581253052,0.14606362581253052,0.011978641152381897,0.011655601672828197,0.0014621620066463947,10.0,1.0,10.0
390.0,0.146029531955719,0.146029531955719,0.011978141032159328,0.01164314802736044,0.0014604965690523386,10.0,1.0,10.0
391.0,0.1459953486919403,0.1459953486919403,0.011977585963904858,0.011630871333181858,0.0014588609337806702,10.0,1.0,10.0
392.0,0.145961195230484,0.145961195230484,0.011976989917457104,0.011618769727647305,0.001457253354601562,10.0,1.0,10.0
393.0,0.14592726528644562,0.14592726528644562,0.011976368725299835,0.011606835760176182,0.0014556730166077614,10.0,1.0,10.0
394.0,0.14589330554008484,0.14589330554008484,0.011975696310400963,0.011595096439123154,0.0014541232958436012,10.0,1.0,10.0
395.0,0.14585939049720764,0.14585939049720764,0.011974990367889404,0.011583507992327213,0.0014525982551276684,10.0,1.0,10.0
396.0,0.14582565426826477,0.14582565426826477,0.011974258348345757,0.01157208438962698,0.0014510996406897902,10.0,1.0,10.0
397.0,0.14579179883003235,0.14579179883003235,0.011973481625318527,0.011560782790184021,0.00144962128251791,10.0,1.0,10.0
398.0,0.14575821161270142,0.14575821161270142,0.011972691863775253,0.011549621820449829,0.0014481658581644297,10.0,1.0,10.0
399.0,0.14572462439537048,0.14572462439537048,0.011971870437264442,0.011538607068359852,0.0014467310393229127,10.0,1.0,10.0
400.0,0.14569105207920074,0.14569105207920074,0.011971019208431244,0.011527696624398232,0.001445315545424819,10.0,1.0,10.0
401.0,0.14565764367580414,0.14565764367580414,0.011970153078436852,0.011516924947500229,0.0014439179794862866,10.0,1.0,10.0
402.0,0.14562414586544037,0.14562414586544037,0.011969247832894325,0.0115062789991498,0.0014425403205677867,10.0,1.0,10.0
403.0,0.14559078216552734,0.14559078216552734,0.011968322098255157,0.011495763435959816,0.0014411795418709517,10.0,1.0,10.0
404.0,0.1455574631690979,0.1455574631690979,0.011967379599809647,0.011485330760478973,0.001439834013581276,10.0,1.0,10.0
405.0,0.14552421867847443,0.14552421867847443,0.01196641568094492,0.011475015431642532,0.0014385045506060123,10.0,1.0,10.0
406.0,0.14549106359481812,0.14549106359481812,0.011965437792241573,0.011464802548289299,0.0014371888246387243,10.0,1.0,10.0
407.0,0.1454579383134842,0.1454579383134842,0.011964445002377033,0.011454649269580841,0.0014358835760504007,10.0,1.0,10.0
408.0,0.14542484283447266,0.14542484283447266,0.011963432654738426,0.011444593779742718,0.0014345914823934436,10.0,1.0,10.0
409.0,0.14539195597171783,0.14539195597171783,0.011962421238422394,0.011434629559516907,0.0014333112630993128,10.0,1.0,10.0
410.0,0.14535893499851227,0.14535893499851227,0.011961373500525951,0.011424764059484005,0.0014320439659059048,10.0,1.0,10.0
411.0,0.14532606303691864,0.14532606303691864,0.01196032389998436,0.011414963752031326,0.0014307855162769556,10.0,1.0,10.0
412.0,0.1452932357788086,0.1452932357788086,0.011959261260926723,0.011405250057578087,0.0014295373111963272,10.0,1.0,10.0
413.0,0.14526042342185974,0.14526042342185974,0.01195819117128849,0.011395576409995556,0.0014282946940511465,10.0,1.0,10.0
414.0,0.14522768557071686,0.14522768557071686,0.011957106180489063,0.011385991238057613,0.0014270637184381485,10.0,1.0,10.0
415.0,0.14519505202770233,0.14519505202770233,0.011956017464399338,0.01137648057192564,0.001425840426236391,10.0,1.0,10.0
416.0,0.1451624184846878,0.1451624184846878,0.011954918503761292,0.011367003433406353,0.0014246219070628285,10.0,1.0,10.0
417.0,0.14512988924980164,0.14512988924980164,0.011953816749155521,0.011357600800693035,0.001423412817530334,10.0,1.0,10.0
418.0,0.14509743452072144,0.14509743452072144,0.011952712200582027,0.011348233558237553,0.0014222062891349196,10.0,1.0,10.0
419.0,0.14506494998931885,0.14506494998931885,0.011951594613492489,0.011338924057781696,0.0014210081426426768,10.0,1.0,10.0
420.0,0.145032599568367,0.145032599568367,0.011950477957725525,0.01132966484874487,0.001419814769178629,10.0,1.0,10.0
421.0,0.14500018954277039,0.14500018954277039,0.011949345469474792,0.011320467106997967,0.0014186269836500287,10.0,1.0,10.0
422.0,0.14496798813343048,0.14496798813343048,0.011948218569159508,0.01131133921444416,0.001417446183040738,10.0,1.0,10.0
423.0,0.14493578672409058,0.14493578672409058,0.011947087943553925,0.011302236467599869,0.0014162679435685277,10.0,1.0,10.0
424.0,0.1449034959077835,0.1449034959077835,0.011945938691496849,0.011293179355561733,0.0014150929637253284,10.0,1.0,10.0
425.0,0.14487150311470032,0.14487150311470032,0.011944813653826714,0.011284150183200836,0.0014139206614345312,10.0,1.0,10.0
426.0,0.14483943581581116,0.14483943581581116,0.011943674646317959,0.011275161989033222,0.0014127527829259634,10.0,1.0,10.0
427.0,0.1448073387145996,0.1448073387145996,0.011942521668970585,0.01126623060554266,0.0014115897938609123,10.0,1.0,10.0
428.0,0.1447754204273224,0.1447754204273224,0.011941381730139256,0.01125731784850359,0.0014104284346103668,10.0,1.0,10.0
429.0,0.14474359154701233,0.14474359154701233,0.011940241791307926,0.011248460970818996,0.0014092711498960853,10.0,1.0,10.0
430.0,0.14471162855625153,0.14471162855625153,0.011939086019992828,0.011239620856940746,0.001408115029335022,10.0,1.0,10.0
431.0,0.14467987418174744,0.14467987418174744,0.011937937699258327,0.011230846866965294,0.00140696472954005,10.0,1.0,10.0
432.0,0.14464807510375977,0.14464807510375977,0.011936782859265804,0.011222101747989655,0.0014058150118216872,10.0,1.0,10.0
433.0,0.14461639523506165,0.14461639523506165,0.01193563174456358,0.011213391087949276,0.00140466820448637,10.0,1.0,10.0
434.0,0.14458470046520233,0.14458470046520233,0.011934475041925907,0.01120471116155386,0.0014035239582881331,10.0,1.0,10.0
435.0,0.14455309510231018,0.14455309510231018,0.011933322995901108,0.011196059174835682,0.0014023814583197236,10.0,1.0,10.0
436.0,0.14452151954174042,0.14452151954174042,0.011932168155908585,0.011187439784407616,0.0014012401225045323,10.0,1.0,10.0
437.0,0.1444900631904602,0.1444900631904602,0.011931017972528934,0.01117885671555996,0.001400102861225605,10.0,1.0,10.0
438.0,0.14445860683918,0.14445860683918,0.011929861269891262,0.011170312762260437,0.0013989672297611833,10.0,1.0,10.0
439.0,0.14442719519138336,0.14442719519138336,0.01192870456725359,0.011161811649799347,0.0013978350907564163,10.0,1.0,10.0
440.0,0.14439573884010315,0.14439573884010315,0.011927532032132149,0.01115337572991848,0.0013967056293040514,10.0,1.0,10.0
441.0,0.14436441659927368,0.14436441659927368,0.011926368810236454,0.011144944466650486,0.0013955779140815139,10.0,1.0,10.0
442.0,0.144333153963089,0.144333153963089,0.011925213038921356,0.011136531829833984,0.0013944496167823672,10.0,1.0,10.0
443.0,0.14430184662342072,0.14430184662342072,0.011924045160412788,0.011128154583275318,0.001393324346281588,10.0,1.0,10.0
444.0,0.14427074790000916,0.14427074790000916,0.011922888457775116,0.01111983135342598,0.0013922039652243257,10.0,1.0,10.0
445.0,0.14423954486846924,0.14423954486846924,0.011921719647943974,0.011111527681350708,0.0013910825364291668,10.0,1.0,10.0
446.0,0.14420850574970245,0.14420850574970245,0.011920560151338577,0.01110326498746872,0.00138996378518641,10.0,1.0,10.0
447.0,0.1441774219274521,0.1441774219274521,0.011919387616217136,0.011095062829554081,0.0013888479443266988,10.0,1.0,10.0
448.0,0.14414642751216888,0.14414642751216888,0.011918221600353718,0.011086874641478062,0.0013877335004508495,10.0,1.0,10.0
449.0,0.14411543309688568,0.14411543309688568,0.011917050927877426,0.011078724637627602,0.0013866206863895059,10.0,1.0,10.0
450.0,0.14408451318740845,0.14408451318740845,0.011915881186723709,0.011070607230067253,0.0013855104334652424,10.0,1.0,10.0
451.0,0.14405357837677002,0.14405357837677002,0.011914699338376522,0.011062545701861382,0.0013844050699844956,10.0,1.0,10.0
452.0,0.14402273297309875,0.14402273297309875,0.011913520283997059,0.011054517701268196,0.00138330168556422,10.0,1.0,10.0
453.0,0.14399191737174988,0.14399191737174988,0.011912343092262745,0.01104651391506195,0.001382197835482657,10.0,1.0,10.0
454.0,0.1439611166715622,0.1439611166715622,0.011911160312592983,0.011038549244403839,0.0013810957316309214,10.0,1.0,10.0
455.0,0.1439303755760193,0.1439303755760193,0.011909978464245796,0.011030629277229309,0.001379996770992875,10.0,1.0,10.0
456.0,0.14389967918395996,0.14389967918395996,0.011908790096640587,0.01102275587618351,0.0013789009535685182,10.0,1.0,10.0
457.0,0.1438690423965454,0.1438690423965454,0.01190760638564825,0.011014913208782673,0.0013778064167127013,10.0,1.0,10.0
458.0,0.14383840560913086,0.14383840560913086,0.011906418018043041,0.011007104068994522,0.001376712811179459,10.0,1.0,10.0
459.0,0.14380782842636108,0.14380782842636108,0.01190522313117981,0.010999351739883423,0.0013756240950897336,10.0,1.0,10.0
460.0,0.14377735555171967,0.14377735555171967,0.011904032900929451,0.010991641320288181,0.0013745385222136974,10.0,1.0,10.0
461.0,0.14374685287475586,0.14374685287475586,0.01190283801406622,0.010983947664499283,0.0013734521344304085,10.0,1.0,10.0
462.0,0.14371635019779205,0.14371635019779205,0.011901634745299816,0.010976310819387436,0.001372368773445487,10.0,1.0,10.0
463.0,0.14368586242198944,0.14368586242198944,0.011900424025952816,0.010968724265694618,0.0013712900690734386,10.0,1.0,10.0
464.0,0.143655464053154,0.143655464053154,0.011899215169250965,0.010961179621517658,0.001370213576592505,10.0,1.0,10.0
465.0,0.14362512528896332,0.14362512528896332,0.011898010037839413,0.010953660123050213,0.0013691365020349622,10.0,1.0,10.0
466.0,0.1435948610305786,0.1435948610305786,0.011896808631718159,0.010946167632937431,0.0013680612901225686,10.0,1.0,10.0
467.0,0.14356455206871033,0.14356455206871033,0.011895589530467987,0.010938748717308044,0.0013669905019924045,10.0,1.0,10.0
468.0,0.1435343623161316,0.1435343623161316,0.011894376017153263,0.010931377299129963,0.0013659228570759296,10.0,1.0,10.0
469.0,0.14350396394729614,0.14350396394729614,0.011893132701516151,0.01092405803501606,0.0013648588210344315,10.0,1.0,10.0
470.0,0.1434738039970398,0.1434738039970398,0.011891907081007957,0.010916775092482567,0.0013637959491461515,10.0,1.0,10.0
471.0,0.14344365894794464,0.14344365894794464,0.011890679597854614,0.010909517295658588,0.0013627351727336645,10.0,1.0,10.0
472.0,0.1434134542942047,0.1434134542942047,0.0118894437327981,0.010902272537350655,0.0013616734649986029,10.0,1.0,10.0
473.0,0.14338339865207672,0.14338339865207672,0.011888214386999607,0.010895094834268093,0.0013606157153844833,10.0,1.0,10.0
474.0,0.14335334300994873,0.14335334300994873,0.011886969208717346,0.01088800374418497,0.001359563902951777,10.0,1.0,10.0
475.0,0.14332333207130432,0.14332333207130432,0.01188572496175766,0.010880948044359684,0.0013585141859948635,10.0,1.0,10.0
476.0,0.14329324662685394,0.14329324662685394,0.011884468607604504,0.010873915627598763,0.0013574648182839155,10.0,1.0,10.0
477.0,0.1432632952928543,0.1432632952928543,0.01188321691006422,0.01086694560945034,0.0013564187102019787,10.0,1.0,10.0
478.0,0.1432333141565323,0.1432333141565323,0.011881954967975616,0.010860016569495201,0.0013553755125030875,10.0,1.0,10.0
479.0,0.14320340752601624,0.14320340752601624,0.011880693957209587,0.010853126645088196,0.0013543344102799892,10.0,1.0,10.0
480.0,0.14317351579666138,0.14317351579666138,0.01187942922115326,0.010846271179616451,0.0013532951707020402,10.0,1.0,10.0
481.0,0.1431436389684677,0.1431436389684677,0.011878162622451782,0.01083944272249937,0.0013522559311240911,10.0,1.0,10.0
482.0,0.14311374723911285,0.14311374723911285,0.01187688298523426,0.01083269901573658,0.0013512223958969116,10.0,1.0,10.0
483.0,0.14308390021324158,0.14308390021324158,0.01187559962272644,0.010825999081134796,0.0013501917710527778,10.0,1.0,10.0
484.0,0.14305412769317627,0.14305412769317627,0.011874313466250896,0.010819358751177788,0.001349163707345724,10.0,1.0,10.0
485.0,0.1430242955684662,0.1430242955684662,0.011873012408614159,0.010812768712639809,0.0013481387868523598,10.0,1.0,10.0
486.0,0.14299450814723969,0.14299450814723969,0.011871716007590294,0.010806204751133919,0.0013471146812662482,10.0,1.0,10.0
487.0,0.14296486973762512,0.14296486973762512,0.01187042985111475,0.01079966127872467,0.0013460909249261022,10.0,1.0,10.0
488.0,0.1429351270198822,0.1429351270198822,0.011869121342897415,0.010793199762701988,0.001345071941614151,10.0,1.0,10.0
489.0,0.14290545880794525,0.14290545880794525,0.011867817491292953,0.010786742903292179,0.0013440531911328435,10.0,1.0,10.0
490.0,0.1428757905960083,0.1428757905960083,0.011866501532495022,0.01078038290143013,0.001343039213679731,10.0,1.0,10.0
491.0,0.14284618198871613,0.14284618198871613,0.011865179985761642,0.010774083435535431,0.0013420296600088477,10.0,1.0,10.0
492.0,0.14281655848026276,0.14281655848026276,0.011863856576383114,0.010767797939479351,0.00134101917501539,10.0,1.0,10.0
493.0,0.1427869349718094,0.1427869349718094,0.011862526647746563,0.010761554352939129,0.001340010785497725,10.0,1.0,10.0
494.0,0.1427573412656784,0.1427573412656784,0.011861193925142288,0.010755355469882488,0.0013390048407018185,10.0,1.0,10.0
495.0,0.1427277773618698,0.1427277773618698,0.011859848164021969,0.010749239474534988,0.001338004833087325,10.0,1.0,10.0
496.0,0.14269819855690002,0.14269819855690002,0.011858501471579075,0.0107431560754776,0.001337004010565579,10.0,1.0,10.0
497.0,0.1426687091588974,0.1426687091588974,0.011857151985168457,0.010737117379903793,0.001336007146164775,10.0,1.0,10.0
498.0,0.14263924956321716,0.14263924956321716,0.011855804361402988,0.01073110569268465,0.0013350093504413962,10.0,1.0,10.0
499.0,0.14260980486869812,0.14260980486869812,0.011854450218379498,0.010725137777626514,0.001334015280008316,10.0,1.0,10.0
500.0,0.14258022606372833,0.14258022606372833,0.011853077448904514,0.010719234123826027,0.0013330222573131323,10.0,1.0,10.0
501.0,0.1425507664680481,0.1425507664680481,0.011851699091494083,0.01071341335773468,0.00133203633595258,10.0,1.0,10.0
502.0,0.14252135157585144,0.14252135157585144,0.011850318871438503,0.010707641951739788,0.0013310527428984642,10.0,1.0,10.0
503.0,0.14249195158481598,0.14249195158481598,0.011848938651382923,0.010701886378228664,0.0013300682185217738,10.0,1.0,10.0
504.0,0.1424625962972641,0.1424625962972641,0.011847562156617641,0.010696140117943287,0.001329083344899118,10.0,1.0,10.0
505.0,0.14243315160274506,0.14243315160274506,0.011846166104078293,0.010690470226109028,0.0013281024293974042,10.0,1.0,10.0
506.0,0.1424037367105484,0.1424037367105484,0.011844764463603497,0.010684853419661522,0.0013271240750327706,10.0,1.0,10.0
507.0,0.14237433671951294,0.14237433671951294,0.011843354441225529,0.010679303668439388,0.00132614909671247,10.0,1.0,10.0
508.0,0.14234498143196106,0.14234498143196106,0.011841938830912113,0.010673812590539455,0.0013251777272671461,10.0,1.0,10.0
509.0,0.14231565594673157,0.14231565594673157,0.011840526014566422,0.010668345727026463,0.001324205193668604,10.0,1.0,10.0
510.0,0.1422863006591797,0.1422863006591797,0.011839102953672409,0.010662916116416454,0.0013232352212071419,10.0,1.0,10.0
511.0,0.142256960272789,0.142256960272789,0.011837673373520374,0.010657550767064095,0.0013222681591287255,10.0,1.0,10.0
512.0,0.1422276347875595,0.1422276347875595,0.011836239136755466,0.010652217082679272,0.001321302494034171,10.0,1.0,10.0
513.0,0.1421983391046524,0.1421983391046524,0.01183480117470026,0.01064694207161665,0.0013203389244154096,10.0,1.0,10.0
514.0,0.14216911792755127,0.14216911792755127,0.01183336041867733,0.010641722939908504,0.00131937803234905,10.0,1.0,10.0
515.0,0.14213979244232178,0.14213979244232178,0.011831902898848057,0.010636557824909687,0.0013184198178350925,10.0,1.0,10.0
516.0,0.14211046695709229,0.14211046695709229,0.011830439791083336,0.010631429962813854,0.0013174631167203188,10.0,1.0,10.0
517.0,0.14208124577999115,0.14208124577999115,0.011828985996544361,0.010626336559653282,0.0013165062991902232,10.0,1.0,10.0
518.0,0.14205193519592285,0.14205193519592285,0.011827513575553894,0.010621285066008568,0.0013155513443052769,10.0,1.0,10.0
519.0,0.14202265441417694,0.14202265441417694,0.011826034635305405,0.010616305284202099,0.0013145999982953072,10.0,1.0,10.0
520.0,0.14199340343475342,0.14199340343475342,0.011824549175798893,0.010611390694975853,0.001313652261160314,10.0,1.0,10.0
521.0,0.1419641524553299,0.1419641524553299,0.011823057197034359,0.01060651708394289,0.001312705921009183,10.0,1.0,10.0
522.0,0.14193499088287354,0.14193499088287354,0.011821575462818146,0.01060166023671627,0.0013117585331201553,10.0,1.0,10.0
523.0,0.14190572500228882,0.14190572500228882,0.011820074170827866,0.01059685181826353,0.0013108139391988516,10.0,1.0,10.0
524.0,0.14187654852867126,0.14187654852867126,0.011818570084869862,0.010592111386358738,0.0013098728377372026,10.0,1.0,10.0
525.0,0.14184734225273132,0.14184734225273132,0.011817056685686111,0.01058743242174387,0.001308934180997312,10.0,1.0,10.0
526.0,0.14181800186634064,0.14181800186634064,0.011815521866083145,0.010582806542515755,0.001307997270487249,10.0,1.0,10.0
527.0,0.14178885519504547,0.14178885519504547,0.01181400753557682,0.010578189976513386,0.0013070600107312202,10.0,1.0,10.0
528.0,0.14175957441329956,0.14175957441329956,0.011812472715973854,0.010573625564575195,0.0013061221688985825,10.0,1.0,10.0
529.0,0.1417303830385208,0.1417303830385208,0.011810936033725739,0.010569127276539803,0.0013051892165094614,10.0,1.0,10.0
530.0,0.14170117676258087,0.14170117676258087,0.011809390969574451,0.010564684867858887,0.0013042588252574205,10.0,1.0,10.0
531.0,0.14167192578315735,0.14167192578315735,0.011807834729552269,0.010560274124145508,0.0013033298309892416,10.0,1.0,10.0
532.0,0.1416427195072174,0.1416427195072174,0.01180628314614296,0.010555891320109367,0.0013024008367210627,10.0,1.0,10.0
533.0,0.1416134238243103,0.1416134238243103,0.01180470921099186,0.010551590472459793,0.0013014753349125385,10.0,1.0,10.0
534.0,0.14158430695533752,0.14158430695533752,0.01180314738303423,0.010547331534326077,0.001300550764426589,10.0,1.0,10.0
535.0,0.14155510067939758,0.14155510067939758,0.011801568791270256,0.010543120093643665,0.001299627823755145,10.0,1.0,10.0
536.0,0.14152580499649048,0.14152580499649048,0.011799974367022514,0.010538986884057522,0.0012987074442207813,10.0,1.0,10.0
537.0,0.14149658381938934,0.14149658381938934,0.01179838739335537,0.010534859262406826,0.0012977859005331993,10.0,1.0,10.0
538.0,0.14146730303764343,0.14146730303764343,0.011796784587204456,0.01053078193217516,0.0012968668015673757,10.0,1.0,10.0
539.0,0.14143817126750946,0.14143817126750946,0.011795194819569588,0.010526738129556179,0.001295948983170092,10.0,1.0,10.0
540.0,0.14140889048576355,0.14140889048576355,0.01179357711225748,0.010522770695388317,0.0012950350064784288,10.0,1.0,10.0
541.0,0.14137965440750122,0.14137965440750122,0.0117919547483325,0.010518859140574932,0.001294123474508524,10.0,1.0,10.0
542.0,0.14135043323040009,0.14135043323040009,0.011790333315730095,0.010514985769987106,0.00129321136046201,10.0,1.0,10.0
543.0,0.14132121205329895,0.14132121205329895,0.011788707226514816,0.010511156171560287,0.0012922994792461395,10.0,1.0,10.0
544.0,0.14129184186458588,0.14129184186458588,0.0117870531976223,0.010507393628358841,0.001291391788981855,10.0,1.0,10.0
545.0,0.14126260578632355,0.14126260578632355,0.011785411275923252,0.01050366461277008,0.0012904840987175703,10.0,1.0,10.0
546.0,0.14123333990573883,0.14123333990573883,0.011783761903643608,0.01049995981156826,0.001289576874114573,10.0,1.0,10.0
547.0,0.1412040889263153,0.1412040889263153,0.011782102286815643,0.010496331378817558,0.0012886729091405869,10.0,1.0,10.0
548.0,0.1411748230457306,0.1411748230457306,0.011780439876019955,0.010492733679711819,0.0012877692934125662,10.0,1.0,10.0
549.0,0.14114557206630707,0.14114557206630707,0.011778772808611393,0.010489178821444511,0.0012868666090071201,10.0,1.0,10.0
550.0,0.14111629128456116,0.14111629128456116,0.011777092702686787,0.010485690087080002,0.0012859668349847198,10.0,1.0,10.0
551.0,0.14108696579933167,0.14108696579933167,0.011775401420891285,0.010482273064553738,0.0012850691564381123,10.0,1.0,10.0
552.0,0.14105761051177979,0.14105761051177979,0.011773696169257164,0.010478910058736801,0.0012841735733672976,10.0,1.0,10.0
553.0,0.1410282403230667,0.1410282403230667,0.011771991848945618,0.010475553572177887,0.0012832776410505176,10.0,1.0,10.0
554.0,0.1409989595413208,0.1409989595413208,0.011770292185246944,0.010472224093973637,0.001282380660995841,10.0,1.0,10.0
555.0,0.14096957445144653,0.14096957445144653,0.011768573895096779,0.010468970984220505,0.0012814863584935665,10.0,1.0,10.0
556.0,0.14094015955924988,0.14094015955924988,0.011766845360398293,0.010465763509273529,0.001280593452975154,10.0,1.0,10.0
557.0,0.14091083407402039,0.14091083407402039,0.011765120550990105,0.01046260166913271,0.0012797026429325342,10.0,1.0,10.0
558.0,0.14088137447834015,0.14088137447834015,0.011763372458517551,0.01045951060950756,0.0012788149761036038,10.0,1.0,10.0
559.0,0.14085207879543304,0.14085207879543304,0.011761636473238468,0.010456446558237076,0.0012779261451214552,10.0,1.0,10.0
560.0,0.14082255959510803,0.14082255959510803,0.011759867891669273,0.01045345887541771,0.0012770416215062141,10.0,1.0,10.0
561.0,0.14079323410987854,0.14079323410987854,0.011758117936551571,0.010450493544340134,0.0012761555844917893,10.0,1.0,10.0
562.0,0.14076368510723114,0.14076368510723114,0.01175634004175663,0.010447578504681587,0.001275271293707192,10.0,1.0,10.0
563.0,0.14073427021503448,0.14073427021503448,0.011754571460187435,0.010444686748087406,0.001274385955184698,10.0,1.0,10.0
564.0,0.14070479571819305,0.14070479571819305,0.01175279077142477,0.010441863909363747,0.0012735024793073535,10.0,1.0,10.0
565.0,0.14067524671554565,0.14067524671554565,0.01175098866224289,0.010439114645123482,0.001272624242119491,10.0,1.0,10.0
566.0,0.14064577221870422,0.14064577221870422,0.01174919493496418,0.01043638214468956,0.0012717434437945485,10.0,1.0,10.0
567.0,0.1406162679195404,0.1406162679195404,0.011747393757104874,0.01043369434773922,0.0012708641588687897,10.0,1.0,10.0
568.0,0.14058685302734375,0.14058685302734375,0.011745589785277843,0.010431073606014252,0.0012699880171567202,10.0,1.0,10.0
569.0,0.14055722951889038,0.14055722951889038,0.011743759736418724,0.010428505018353462,0.0012691119918599725,10.0,1.0,10.0
570.0,0.1405276358127594,0.1405276358127594,0.011741925030946732,0.010425987653434277,0.0012682394590228796,10.0,1.0,10.0
571.0,0.14049801230430603,0.14049801230430603,0.01174008660018444,0.010423497296869755,0.0012673650635406375,10.0,1.0,10.0
572.0,0.14046835899353027,0.14046835899353027,0.011738242581486702,0.010421041399240494,0.001266490202397108,10.0,1.0,10.0
573.0,0.1404387652873993,0.1404387652873993,0.011736392974853516,0.010418648831546307,0.0012656183680519462,10.0,1.0,10.0
574.0,0.14040914177894592,0.14040914177894592,0.011734534986317158,0.01041631679981947,0.0012647485127672553,10.0,1.0,10.0
575.0,0.14037947356700897,0.14037947356700897,0.011732665821909904,0.010414022952318192,0.0012638791231438518,10.0,1.0,10.0
576.0,0.14034980535507202,0.14034980535507202,0.011730797588825226,0.01041175052523613,0.0012630082201212645,10.0,1.0,10.0
577.0,0.1403200328350067,0.1403200328350067,0.011728901416063309,0.010409582406282425,0.0012621436035260558,10.0,1.0,10.0
578.0,0.14029031991958618,0.14029031991958618,0.011727009899914265,0.01040743663907051,0.0012612785212695599,10.0,1.0,10.0
579.0,0.14026057720184326,0.14026057720184326,0.011725110933184624,0.010405333712697029,0.001260413439013064,10.0,1.0,10.0
580.0,0.14023081958293915,0.14023081958293915,0.011723209172487259,0.010403255000710487,0.001259547658264637,10.0,1.0,10.0
581.0,0.14020101726055145,0.14020101726055145,0.0117212925106287,0.010401247069239616,0.001258684671483934,10.0,1.0,10.0
582.0,0.14017124474048615,0.14017124474048615,0.011719371192157269,0.010399292223155499,0.0012578233145177364,10.0,1.0,10.0
583.0,0.1401413232088089,0.1401413232088089,0.011717433109879494,0.010397378355264664,0.0012569621903821826,10.0,1.0,10.0
584.0,0.14011150598526,0.14011150598526,0.011715496890246868,0.010395511984825134,0.0012561026960611343,10.0,1.0,10.0
585.0,0.14008162915706635,0.14008162915706635,0.011713552288711071,0.010393686592578888,0.0012552423868328333,10.0,1.0,10.0
586.0,0.1400517076253891,0.1400517076253891,0.011711588129401207,0.010391944088041782,0.0012543877819553018,10.0,1.0,10.0
587.0,0.14002172648906708,0.14002172648906708,0.011709623038768768,0.010390212759375572,0.0012535291025415063,10.0,1.0,10.0
588.0,0.13999181985855103,0.13999181985855103,0.011707658879458904,0.010388508439064026,0.0012526719365268946,10.0,1.0,10.0
589.0,0.13996180891990662,0.13996180891990662,0.011705676093697548,0.01038688700646162,0.001251817331649363,10.0,1.0,10.0
590.0,0.1399318128824234,0.1399318128824234,0.01170368678867817,0.010385308414697647,0.001250964356586337,10.0,1.0,10.0
591.0,0.13990166783332825,0.13990166783332825,0.011701678857207298,0.010383764281868935,0.0012501103337854147,10.0,1.0,10.0
592.0,0.1398717164993286,0.1398717164993286,0.011699682101607323,0.01038229838013649,0.0012492602691054344,10.0,1.0,10.0
593.0,0.13984158635139465,0.13984158635139465,0.011697662994265556,0.010380864143371582,0.001248408341780305,10.0,1.0,10.0
594.0,0.1398114264011383,0.1398114264011383,0.011695640161633492,0.010379456914961338,0.0012475569965317845,10.0,1.0,10.0
595.0,0.13978132605552673,0.13978132605552673,0.011693611741065979,0.01037811953574419,0.0012467087944969535,10.0,1.0,10.0
596.0,0.13975118100643158,0.13975118100643158,0.011691577732563019,0.010376812890172005,0.0012458587298169732,10.0,1.0,10.0
597.0,0.13972099125385284,0.13972099125385284,0.011689533479511738,0.010375551879405975,0.0012450115755200386,10.0,1.0,10.0
598.0,0.13969071209430695,0.13969071209430695,0.011687472462654114,0.010374334640800953,0.0012441646540537477,10.0,1.0,10.0
599.0,0.13966047763824463,0.13966047763824463,0.011685410514473915,0.010373184457421303,0.0012433193624019623,10.0,1.0,10.0
600.0,0.13963021337985992,0.13963021337985992,0.011683336459100246,0.010372092016041279,0.001242475351318717,10.0,1.0,10.0
601.0,0.13959988951683044,0.13959988951683044,0.011681253090500832,0.010371045209467411,0.0012416316894814372,10.0,1.0,10.0
602.0,0.1395695060491562,0.1395695060491562,0.011679161339998245,0.010370012372732162,0.0012407879112288356,10.0,1.0,10.0
603.0,0.1395392268896103,0.1395392268896103,0.011677074246108532,0.010369026102125645,0.0012399444822221994,10.0,1.0,10.0
604.0,0.13950881361961365,0.13950881361961365,0.011674968525767326,0.01036809105426073,0.0012391023337841034,10.0,1.0,10.0
605.0,0.13947832584381104,0.13947832584381104,0.011672847904264927,0.010367227718234062,0.0012382625136524439,10.0,1.0,10.0
606.0,0.13944783806800842,0.13944783806800842,0.011670720763504505,0.01036639604717493,0.0012374231591820717,10.0,1.0,10.0
607.0,0.13941727578639984,0.13941727578639984,0.011668583378195763,0.010365611873567104,0.001236582756973803,10.0,1.0,10.0
608.0,0.139386847615242,0.139386847615242,0.011666453443467617,0.010364864952862263,0.0012357444502413273,10.0,1.0,10.0
609.0,0.13935630023479462,0.13935630023479462,0.011664299294352531,0.010364199057221413,0.0012349094031378627,10.0,1.0,10.0
610.0,0.13932564854621887,0.13932564854621887,0.0116621358320117,0.010363561101257801,0.0012340729590505362,10.0,1.0,10.0
611.0,0.13929498195648193,0.13929498195648193,0.011659963056445122,0.010362961329519749,0.0012332373298704624,10.0,1.0,10.0
612.0,0.13926443457603455,0.13926443457603455,0.011657804250717163,0.010362381115555763,0.0012324003037065268,10.0,1.0,10.0
613.0,0.13923364877700806,0.13923364877700806,0.011655610986053944,0.010361883789300919,0.0012315665371716022,10.0,1.0,10.0
614.0,0.13920290768146515,0.13920290768146515,0.011653415858745575,0.010361424647271633,0.0012307331198826432,10.0,1.0,10.0
615.0,0.13917219638824463,0.13917219638824463,0.01165121328085661,0.010361026041209698,0.0012299023801460862,10.0,1.0,10.0
616.0,0.13914135098457336,0.13914135098457336,0.011648996733129025,0.010360665619373322,0.0012290715239942074,10.0,1.0,10.0
617.0,0.13911055028438568,0.13911055028438568,0.011646777391433716,0.010360362939536572,0.0012282420648261905,10.0,1.0,10.0
618.0,0.13907963037490845,0.13907963037490845,0.011644543148577213,0.010360089130699635,0.0012274121399968863,10.0,1.0,10.0
619.0,0.1390487402677536,0.1390487402677536,0.011642306111752987,0.01035985816270113,0.001226582215167582,10.0,1.0,10.0
620.0,0.13901787996292114,0.13901787996292114,0.011640067212283611,0.010359672829508781,0.0012257529888302088,10.0,1.0,10.0
621.0,0.13898693025112152,0.13898693025112152,0.01163781899958849,0.010359513573348522,0.001224922714754939,10.0,1.0,10.0
622.0,0.13895589113235474,0.13895589113235474,0.011635547503829002,0.010359439998865128,0.0012240972137078643,10.0,1.0,10.0
623.0,0.13892477750778198,0.13892477750778198,0.011633265763521194,0.010359412990510464,0.0012232712469995022,10.0,1.0,10.0
624.0,0.13889385759830475,0.13889385759830475,0.011630993336439133,0.010359438136219978,0.0012224483070895076,10.0,1.0,10.0
625.0,0.13886265456676483,0.13886265456676483,0.011628693901002407,0.010359479114413261,0.0012216235045343637,10.0,1.0,10.0
626.0,0.13883154094219208,0.13883154094219208,0.011626394465565681,0.010359582491219044,0.0012208009138703346,10.0,1.0,10.0
627.0,0.13880032300949097,0.13880032300949097,0.01162408571690321,0.01035971101373434,0.0012199764605611563,10.0,1.0,10.0
628.0,0.13876910507678986,0.13876910507678986,0.011621767655014992,0.010359901934862137,0.0012191536370664835,10.0,1.0,10.0
629.0,0.13873779773712158,0.13873779773712158,0.011619435623288155,0.010360144078731537,0.0012183316284790635,10.0,1.0,10.0
630.0,0.13870655000209808,0.13870655000209808,0.011617099866271019,0.010360430926084518,0.0012175118317827582,10.0,1.0,10.0
631.0,0.1386752724647522,0.1386752724647522,0.011614757589995861,0.01036076806485653,0.0012166925007477403,10.0,1.0,10.0
632.0,0.13864389061927795,0.13864389061927795,0.011612401343882084,0.010361137799918652,0.001215874101035297,10.0,1.0,10.0
633.0,0.13861241936683655,0.13861241936683655,0.011610030196607113,0.010361554101109505,0.001215056050568819,10.0,1.0,10.0
634.0,0.13858097791671753,0.13858097791671753,0.011607659049332142,0.010362012311816216,0.0012142376508563757,10.0,1.0,10.0
635.0,0.1385495960712433,0.1385495960712433,0.011605285108089447,0.010362541303038597,0.0012134216958656907,10.0,1.0,10.0
636.0,0.13851799070835114,0.13851799070835114,0.011602879501879215,0.010363124310970306,0.0012126078363507986,10.0,1.0,10.0
637.0,0.13848643004894257,0.13848643004894257,0.011600477620959282,0.010363725945353508,0.0012117924634367228,10.0,1.0,10.0
638.0,0.1384548395872116,0.1384548395872116,0.011598070152103901,0.010364362969994545,0.001210977672599256,10.0,1.0,10.0
639.0,0.13842317461967468,0.13842317461967468,0.011595652438700199,0.010365039110183716,0.0012101622996851802,10.0,1.0,10.0
640.0,0.13839159905910492,0.13839159905910492,0.01159322913736105,0.010365799069404602,0.00120934983715415,10.0,1.0,10.0
641.0,0.13835978507995605,0.13835978507995605,0.011590774171054363,0.010366618633270264,0.0012085415655747056,10.0,1.0,10.0
642.0,0.13832804560661316,0.13832804560661316,0.011588335037231445,0.010367429815232754,0.0012077278224751353,10.0,1.0,10.0
643.0,0.1382962465286255,0.1382962465286255,0.01158587820827961,0.01036829687654972,0.0012069171061739326,10.0,1.0,10.0
644.0,0.13826443254947662,0.13826443254947662,0.011583409272134304,0.01036924310028553,0.0012061083689332008,10.0,1.0,10.0
645.0,0.13823258876800537,0.13823258876800537,0.011580932885408401,0.010370240546762943,0.0012053020764142275,10.0,1.0,10.0
646.0,0.1382005214691162,0.1382005214691162,0.01157843042165041,0.010371263138949871,0.0012044948525726795,10.0,1.0,10.0
647.0,0.13816867768764496,0.13816867768764496,0.011575951240956783,0.010372296907007694,0.0012036854168400168,10.0,1.0,10.0
648.0,0.13813668489456177,0.13813668489456177,0.011573457159101963,0.010373360477387905,0.0012028752826154232,10.0,1.0,10.0
649.0,0.1381046175956726,0.1381046175956726,0.011570935137569904,0.010374549776315689,0.0012020714348182082,10.0,1.0,10.0
650.0,0.13807247579097748,0.13807247579097748,0.011568398214876652,0.010375797748565674,0.0012012706138193607,10.0,1.0,10.0
651.0,0.1380404233932495,0.1380404233932495,0.01156587153673172,0.010377046652138233,0.001200466533191502,10.0,1.0,10.0
652.0,0.13800819218158722,0.13800819218158722,0.011563324369490147,0.01037832722067833,0.0011996626853942871,10.0,1.0,10.0
653.0,0.13797596096992493,0.13797596096992493,0.011560775339603424,0.01037962269037962,0.0011988579062744975,10.0,1.0,10.0
654.0,0.13794371485710144,0.13794371485710144,0.011558209545910358,0.010381030850112438,0.001198059064336121,10.0,1.0,10.0
655.0,0.13791142404079437,0.13791142404079437,0.011555636301636696,0.01038246788084507,0.00119725929107517,10.0,1.0,10.0
656.0,0.13787907361984253,0.13787907361984253,0.011553050950169563,0.010383957996964455,0.0011964603327214718,10.0,1.0,10.0
657.0,0.1378466635942459,0.1378466635942459,0.011550462804734707,0.010385452769696712,0.0011956584639847279,10.0,1.0,10.0
658.0,0.13781428337097168,0.13781428337097168,0.011547869071364403,0.01038700807839632,0.0011948588071390986,10.0,1.0,10.0
659.0,0.1377817690372467,0.1377817690372467,0.011545244604349136,0.010388657450675964,0.0011940650874748826,10.0,1.0,10.0
660.0,0.1377493292093277,0.1377493292093277,0.011542631313204765,0.0103903291746974,0.0011932688066735864,10.0,1.0,10.0
661.0,0.13771669566631317,0.13771669566631317,0.011539989151060581,0.010392051190137863,0.001192476018331945,10.0,1.0,10.0
662.0,0.1376841813325882,0.1376841813325882,0.01153736375272274,0.010393760167062283,0.001191678806208074,10.0,1.0,10.0
663.0,0.1376514583826065,0.1376514583826065,0.011534708552062511,0.010395531542599201,0.0011908842716366053,10.0,1.0,10.0
664.0,0.13761886954307556,0.13761886954307556,0.011532059870660305,0.010397367179393768,0.001190090086311102,10.0,1.0,10.0
665.0,0.13758611679077148,0.13758611679077148,0.011529377661645412,0.010399308986961842,0.0011893026530742645,10.0,1.0,10.0
666.0,0.1375533491373062,0.1375533491373062,0.011526697315275669,0.01040126197040081,0.001188512658700347,10.0,1.0,10.0
667.0,0.13752047717571259,0.13752047717571259,0.011524002999067307,0.010403230786323547,0.001187722198665142,10.0,1.0,10.0
668.0,0.13748764991760254,0.13748764991760254,0.011521311476826668,0.01040523499250412,0.0011869317386299372,10.0,1.0,10.0
669.0,0.13745471835136414,0.13745471835136414,0.011518600396811962,0.010407289490103722,0.0011861436069011688,10.0,1.0,10.0
670.0,0.13742181658744812,0.13742181658744812,0.01151588186621666,0.010409420356154442,0.001185357104986906,10.0,1.0,10.0
671.0,0.1373887062072754,0.1373887062072754,0.011513140052556992,0.01041160337626934,0.0011845713015645742,10.0,1.0,10.0
672.0,0.1373557448387146,0.1373557448387146,0.01151040568947792,0.01041381061077118,0.0011837870115414262,10.0,1.0,10.0
673.0,0.13732263445854187,0.13732263445854187,0.01150765735656023,0.010416052304208279,0.0011830019066110253,10.0,1.0,10.0
674.0,0.13728944957256317,0.13728944957256317,0.011504891328513622,0.01041834894567728,0.0011822183150798082,10.0,1.0,10.0
675.0,0.13725636899471283,0.13725636899471283,0.011502129957079887,0.010420707985758781,0.001181436120532453,10.0,1.0,10.0
676.0,0.1372230499982834,0.1372230499982834,0.011499338783323765,0.010423116385936737,0.0011806554393842816,10.0,1.0,10.0
677.0,0.1371898055076599,0.1371898055076599,0.011496550403535366,0.01042554248124361,0.0011798751074820757,10.0,1.0,10.0
678.0,0.13715651631355286,0.13715651631355286,0.011493761092424393,0.010427976958453655,0.0011790929129347205,10.0,1.0,10.0
679.0,0.1371232271194458,0.1371232271194458,0.011490953154861927,0.010430530644953251,0.0011783160734921694,10.0,1.0,10.0
680.0,0.13708968460559845,0.13708968460559845,0.011488108895719051,0.010433167219161987,0.0011775422608479857,10.0,1.0,10.0
681.0,0.13705632090568542,0.13705632090568542,0.011485287919640541,0.010435780510306358,0.001176766469143331,10.0,1.0,10.0
682.0,0.13702276349067688,0.13702276349067688,0.011482449248433113,0.010438403114676476,0.0011759877670556307,10.0,1.0,10.0
683.0,0.13698923587799072,0.13698923587799072,0.011479600332677364,0.010441103018820286,0.0011752127902582288,10.0,1.0,10.0
684.0,0.13695566356182098,0.13695566356182098,0.011476735584437847,0.01044389232993126,0.0011744411895051599,10.0,1.0,10.0
685.0,0.13692191243171692,0.13692191243171692,0.011473849415779114,0.010446717962622643,0.0011736712185665965,10.0,1.0,10.0
686.0,0.136888325214386,0.136888325214386,0.011470977216959,0.010449565947055817,0.0011728991521522403,10.0,1.0,10.0
687.0,0.13685455918312073,0.13685455918312073,0.011468084529042244,0.01045243814587593,0.0011721280170604587,10.0,1.0,10.0
688.0,0.13682082295417786,0.13682082295417786,0.011465182527899742,0.010455388575792313,0.0011713601415976882,10.0,1.0,10.0
689.0,0.1367870271205902,0.1367870271205902,0.011462269350886345,0.010458391159772873,0.0011705935467034578,10.0,1.0,10.0
690.0,0.13675305247306824,0.13675305247306824,0.01145933661609888,0.010461417958140373,0.0011698268353939056,10.0,1.0,10.0
691.0,0.1367192566394806,0.1367192566394806,0.011456415057182312,0.010464491322636604,0.001169061055406928,10.0,1.0,10.0
692.0,0.13668520748615265,0.13668520748615265,0.011453457176685333,0.010467641986906528,0.0011682985350489616,10.0,1.0,10.0
693.0,0.1366511583328247,0.1366511583328247,0.01145049650222063,0.01047083456069231,0.0011675362475216389,10.0,1.0,10.0
694.0,0.13661712408065796,0.13661712408065796,0.011447535827755928,0.010474037379026413,0.0011667736107483506,10.0,1.0,10.0
695.0,0.13658297061920166,0.13658297061920166,0.011444556526839733,0.010477285832166672,0.0011660107411444187,10.0,1.0,10.0
696.0,0.13654881715774536,0.13654881715774536,0.011441567912697792,0.010480618104338646,0.0011652528773993254,10.0,1.0,10.0
697.0,0.13651464879512787,0.13651464879512787,0.011438569985330105,0.010483991354703903,0.0011644962942227721,10.0,1.0,10.0
698.0,0.1364804059267044,0.1364804059267044,0.011435562744736671,0.010487392544746399,0.0011637385468930006,10.0,1.0,10.0
699.0,0.13644607365131378,0.13644607365131378,0.011432536877691746,0.010490857996046543,0.0011629846412688494,10.0,1.0,10.0
700.0,0.13641169667243958,0.13641169667243958,0.011429507285356522,0.010494343005120754,0.0011622286401689053,10.0,1.0,10.0
701.0,0.13637736439704895,0.13637736439704895,0.011426473036408424,0.010497888550162315,0.0011614750837907195,10.0,1.0,10.0
702.0,0.1363428682088852,0.1363428682088852,0.011423416435718536,0.010501482523977757,0.0011607225751504302,10.0,1.0,10.0
703.0,0.13630838692188263,0.13630838692188263,0.011420350521802902,0.010505144484341145,0.0011599728604778647,10.0,1.0,10.0
704.0,0.13627377152442932,0.13627377152442932,0.0114172687754035,0.010508834384381771,0.001159224659204483,10.0,1.0,10.0
705.0,0.1362391859292984,0.1362391859292984,0.011414184235036373,0.010512570850551128,0.0011584771564230323,10.0,1.0,10.0
706.0,0.1362045705318451,0.1362045705318451,0.011411095038056374,0.010516328737139702,0.0011577294208109379,10.0,1.0,10.0
707.0,0.13616982102394104,0.13616982102394104,0.011407983489334583,0.010520156472921371,0.0011569829657673836,10.0,1.0,10.0
708.0,0.13613508641719818,0.13613508641719818,0.011404860764741898,0.010524065233767033,0.0011562410509213805,10.0,1.0,10.0
709.0,0.13610033690929413,0.13610033690929413,0.011401736177504063,0.010527987964451313,0.0011554984375834465,10.0,1.0,10.0
710.0,0.13606542348861694,0.13606542348861694,0.011398592963814735,0.01053193211555481,0.0011547564063221216,10.0,1.0,10.0
711.0,0.13603055477142334,0.13603055477142334,0.011395440436899662,0.010535967536270618,0.001154017634689808,10.0,1.0,10.0
712.0,0.13599564135074615,0.13599564135074615,0.011392276734113693,0.010540062561631203,0.001153281657025218,10.0,1.0,10.0
713.0,0.1359606385231018,0.1359606385231018,0.011389106512069702,0.010544142685830593,0.0011525428853929043,10.0,1.0,10.0
714.0,0.13592557609081268,0.13592557609081268,0.011385920457541943,0.010548300109803677,0.0011518072569742799,10.0,1.0,10.0
715.0,0.13589048385620117,0.13589048385620117,0.011382722295820713,0.010552525520324707,0.0011510741896927357,10.0,1.0,10.0
716.0,0.13585546612739563,0.13585546612739563,0.011379525996744633,0.010556784458458424,0.001150342053733766,10.0,1.0,10.0
717.0,0.13582013547420502,0.13582013547420502,0.011376296170055866,0.010561075061559677,0.0011496096849441528,10.0,1.0,10.0
718.0,0.1357848346233368,0.1357848346233368,0.011373057961463928,0.010565439239144325,0.0011488815071061254,10.0,1.0,10.0
719.0,0.13574951887130737,0.13574951887130737,0.011369811370968819,0.010569858364760876,0.0011481547262519598,10.0,1.0,10.0
720.0,0.13571424782276154,0.13571424782276154,0.011366569437086582,0.010574284940958023,0.001147426781244576,10.0,1.0,10.0
721.0,0.13567882776260376,0.13567882776260376,0.011363307945430279,0.010578753426671028,0.001146699651144445,10.0,1.0,10.0
722.0,0.13564342260360718,0.13564342260360718,0.01136003341525793,0.010583312250673771,0.0011459772940725088,10.0,1.0,10.0
723.0,0.13560788333415985,0.13560788333415985,0.011356739327311516,0.010587927885353565,0.0011452559847384691,10.0,1.0,10.0
724.0,0.1355723738670349,0.1355723738670349,0.011353442445397377,0.010592585429549217,0.001144537003710866,10.0,1.0,10.0
725.0,0.135536789894104,0.135536789894104,0.011350137181580067,0.010597244836390018,0.00114381720777601,10.0,1.0,10.0
726.0,0.13550104200839996,0.13550104200839996,0.011346807703375816,0.010601969435811043,0.001143099507316947,10.0,1.0,10.0
727.0,0.13546539843082428,0.13546539843082428,0.011343477293848991,0.010606763884425163,0.001142385182902217,10.0,1.0,10.0
728.0,0.13542960584163666,0.13542960584163666,0.0113401273265481,0.010611609555780888,0.0011416719062253833,10.0,1.0,10.0
729.0,0.13539370894432068,0.13539370894432068,0.011336763389408588,0.010616479441523552,0.001140959677286446,10.0,1.0,10.0
730.0,0.13535790145397186,0.13535790145397186,0.011333395726978779,0.010621446184813976,0.00114025070797652,10.0,1.0,10.0
731.0,0.1353219598531723,0.1353219598531723,0.011330013163387775,0.010626411065459251,0.001139541156589985,10.0,1.0,10.0
732.0,0.1352858990430832,0.1352858990430832,0.01132661197334528,0.010631443001329899,0.0011388345155864954,10.0,1.0,10.0
733.0,0.13524997234344482,0.13524997234344482,0.011323219165205956,0.01063650380820036,0.0011381275253370404,10.0,1.0,10.0
734.0,0.13521385192871094,0.13521385192871094,0.011319795623421669,0.010641650296747684,0.0011374254245311022,10.0,1.0,10.0
735.0,0.13517773151397705,0.13517773151397705,0.011316366493701935,0.010646825656294823,0.001136724022217095,10.0,1.0,10.0
736.0,0.1351415365934372,0.1351415365934372,0.011312922462821007,0.010652059689164162,0.0011360248317942023,10.0,1.0,10.0
737.0,0.13510531187057495,0.13510531187057495,0.011309471912682056,0.010657334700226784,0.0011353269219398499,10.0,1.0,10.0
738.0,0.1350690722465515,0.1350690722465515,0.011306008324027061,0.010662674903869629,0.0011346305254846811,10.0,1.0,10.0
739.0,0.13503271341323853,0.13503271341323853,0.011302533559501171,0.010668033733963966,0.001133935060352087,10.0,1.0,10.0
740.0,0.13499633967876434,0.13499633967876434,0.011299042031168938,0.01067347638309002,0.0011332432040944695,10.0,1.0,10.0
741.0,0.13495978713035583,0.13495978713035583,0.011295530945062637,0.010678946040570736,0.0011325522791594267,10.0,1.0,10.0
742.0,0.1349233090877533,0.1349233090877533,0.011292018927633762,0.010684487409889698,0.0011318635661154985,10.0,1.0,10.0
743.0,0.1348867565393448,0.1348867565393448,0.011288498528301716,0.010690037161111832,0.0011311746202409267,10.0,1.0,10.0
744.0,0.1348501741886139,0.1348501741886139,0.011284959502518177,0.01069567073136568,0.0011304904473945498,10.0,1.0,10.0
745.0,0.13481342792510986,0.13481342792510986,0.011281396262347698,0.010701376013457775,0.0011298087192699313,10.0,1.0,10.0
746.0,0.13477671146392822,0.13477671146392822,0.01127783302217722,0.010707100853323936,0.0011291273403912783,10.0,1.0,10.0
747.0,0.1347399652004242,0.1347399652004242,0.011274262331426144,0.010712871327996254,0.0011284472420811653,10.0,1.0,10.0
748.0,0.13470306992530823,0.13470306992530823,0.011270666494965553,0.010718701407313347,0.0011277705198153853,10.0,1.0,10.0
749.0,0.13466621935367584,0.13466621935367584,0.01126706600189209,0.010724601335823536,0.0011270955437794328,10.0,1.0,10.0
750.0,0.1346292644739151,0.1346292644739151,0.011263450607657433,0.010730534791946411,0.001126422081142664,10.0,1.0,10.0
751.0,0.13459229469299316,0.13459229469299316,0.011259826831519604,0.010736512951552868,0.0011257516453042626,10.0,1.0,10.0
752.0,0.13455522060394287,0.13455522060394287,0.011256187222898006,0.010742532089352608,0.0011250822572037578,10.0,1.0,10.0
753.0,0.13451813161373138,0.13451813161373138,0.01125253364443779,0.010748639702796936,0.0011244158959016204,10.0,1.0,10.0
754.0,0.13448095321655273,0.13448095321655273,0.01124886330217123,0.010754797607660294,0.0011237510479986668,10.0,1.0,10.0
755.0,0.1344437301158905,0.1344437301158905,0.011245187371969223,0.010760986246168613,0.0011230864329263568,10.0,1.0,10.0
756.0,0.1344064176082611,0.1344064176082611,0.011241495609283447,0.010767212137579918,0.0011224248446524143,10.0,1.0,10.0
757.0,0.13436906039714813,0.13436906039714813,0.01123779360204935,0.010773488320410252,0.001121763838455081,10.0,1.0,10.0
758.0,0.13433170318603516,0.13433170318603516,0.011234077624976635,0.010779852978885174,0.0011211080709472299,10.0,1.0,10.0
759.0,0.1342943161725998,0.1342943161725998,0.01123034581542015,0.010786294005811214,0.0011204562615603209,10.0,1.0,10.0
760.0,0.13425672054290771,0.13425672054290771,0.011226598173379898,0.010792708955705166,0.0011198035208508372,10.0,1.0,10.0
761.0,0.1342191994190216,0.1342191994190216,0.011222844012081623,0.010799220763146877,0.0011191536905243993,10.0,1.0,10.0
762.0,0.1341814398765564,0.1341814398765564,0.011219057254493237,0.010805814526975155,0.0011185057228431106,10.0,1.0,10.0
763.0,0.1341438889503479,0.1341438889503479,0.011215290054678917,0.010812398046255112,0.0011178584536537528,10.0,1.0,10.0
764.0,0.13410614430904388,0.13410614430904388,0.011211496777832508,0.010819039307534695,0.0011172142112627625,10.0,1.0,10.0
765.0,0.1340683400630951,0.1340683400630951,0.011207683943212032,0.010825763456523418,0.0011165738105773926,10.0,1.0,10.0
766.0,0.13403043150901794,0.13403043150901794,0.011203848756849766,0.010832578875124454,0.0011159373680129647,10.0,1.0,10.0
767.0,0.1339925229549408,0.1339925229549408,0.011200007982552052,0.010839427821338177,0.0011153019731864333,10.0,1.0,10.0
768.0,0.13395455479621887,0.13395455479621887,0.011196156963706017,0.010846294462680817,0.0011146679753437638,10.0,1.0,10.0
769.0,0.13391655683517456,0.13391655683517456,0.011192302219569683,0.010853191837668419,0.0011140338610857725,10.0,1.0,10.0
770.0,0.1338784396648407,0.1338784396648407,0.011188424192368984,0.01086016371846199,0.0011134028900414705,10.0,1.0,10.0
771.0,0.13384030759334564,0.13384030759334564,0.011184529401361942,0.010867243632674217,0.001112777041271329,10.0,1.0,10.0
772.0,0.13380210101604462,0.13380210101604462,0.011180623434484005,0.01087433472275734,0.0011121523566544056,10.0,1.0,10.0
773.0,0.1337638646364212,0.1337638646364212,0.011176710948348045,0.010881468653678894,0.0011115289526060224,10.0,1.0,10.0
774.0,0.13372544944286346,0.13372544944286346,0.0111727649345994,0.010888702236115932,0.0011109100887551904,10.0,1.0,10.0
775.0,0.1336870938539505,0.1336870938539505,0.011168817058205605,0.010895988903939724,0.001110293436795473,10.0,1.0,10.0
776.0,0.13364866375923157,0.13364866375923157,0.011164859868586063,0.01090328861027956,0.0011096775997430086,10.0,1.0,10.0
777.0,0.13361020386219025,0.13361020386219025,0.011160892434418201,0.010910643264651299,0.0011090637417510152,10.0,1.0,10.0
778.0,0.1335715800523758,0.1335715800523758,0.0111569007858634,0.010918042622506618,0.0011084523284807801,10.0,1.0,10.0
779.0,0.13353292644023895,0.13353292644023895,0.011152893304824829,0.010925550013780594,0.0011078448733314872,10.0,1.0,10.0
780.0,0.1334943175315857,0.1334943175315857,0.011148881167173386,0.010933104902505875,0.0011072399793192744,10.0,1.0,10.0
781.0,0.13345558941364288,0.13345558941364288,0.011144852265715599,0.010940700769424438,0.0011066364822909236,10.0,1.0,10.0
782.0,0.1334167718887329,0.1334167718887329,0.011140805669128895,0.010948341339826584,0.0011060370597988367,10.0,1.0,10.0
783.0,0.13337789475917816,0.13337789475917816,0.011136745102703571,0.010956048034131527,0.0011054397327825427,10.0,1.0,10.0
784.0,0.13333895802497864,0.13333895802497864,0.011132667772471905,0.010963824577629566,0.0011048453161492944,10.0,1.0,10.0
785.0,0.13329988718032837,0.13329988718032837,0.011128571815788746,0.010971635580062866,0.001104252994991839,10.0,1.0,10.0
786.0,0.1332608461380005,0.1332608461380005,0.011124473065137863,0.010979488492012024,0.0011036619544029236,10.0,1.0,10.0
787.0,0.13322177529335022,0.13322177529335022,0.011120359413325787,0.010987430810928345,0.0011030745226889849,10.0,1.0,10.0
788.0,0.1331825703382492,0.1331825703382492,0.011116217821836472,0.010995466262102127,0.0011024927953258157,10.0,1.0,10.0
789.0,0.13314345479011536,0.13314345479011536,0.011112084612250328,0.01100350171327591,0.0011019095545634627,10.0,1.0,10.0
790.0,0.13310407102108002,0.13310407102108002,0.011107920669019222,0.011011569760739803,0.00110132887493819,10.0,1.0,10.0
791.0,0.13306470215320587,0.13306470215320587,0.011103744618594646,0.011019730009138584,0.0011007521534338593,10.0,1.0,10.0
792.0,0.13302524387836456,0.13302524387836456,0.011099545285105705,0.011027993634343147,0.0011001802049577236,10.0,1.0,10.0
793.0,0.13298571109771729,0.13298571109771729,0.011095337569713593,0.011036255396902561,0.0010996083728969097,10.0,1.0,10.0
794.0,0.13294626772403717,0.13294626772403717,0.011091127060353756,0.011044582352042198,0.0010990409646183252,10.0,1.0,10.0
795.0,0.1329067051410675,0.1329067051410675,0.011086896993219852,0.011052980087697506,0.00109847541898489,10.0,1.0,10.0
796.0,0.13286690413951874,0.13286690413951874,0.011082635261118412,0.011061441153287888,0.001097911735996604,10.0,1.0,10.0
797.0,0.13282720744609833,0.13282720744609833,0.011078374460339546,0.011069957166910172,0.0010973511962220073,10.0,1.0,10.0
798.0,0.13278739154338837,0.13278739154338837,0.011074095964431763,0.011078504845499992,0.0010967929847538471,10.0,1.0,10.0
799.0,0.13274750113487244,0.13274750113487244,0.011069795116782188,0.011087140999734402,0.0010962398955598474,10.0,1.0,10.0
800.0,0.13270758092403412,0.13270758092403412,0.011065486818552017,0.011095819994807243,0.0010956889018416405,10.0,1.0,10.0
801.0,0.13266761600971222,0.13266761600971222,0.011061159893870354,0.011104587465524673,0.001095142331905663,10.0,1.0,10.0
802.0,0.13262757658958435,0.13262757658958435,0.011056825518608093,0.011113371700048447,0.0010945951798930764,10.0,1.0,10.0
803.0,0.13258731365203857,0.13258731365203857,0.011052454821765423,0.011122236959636211,0.0010940524516627192,10.0,1.0,10.0
804.0,0.13254724442958832,0.13254724442958832,0.011048095300793648,0.01113117579370737,0.001093512400984764,10.0,1.0,10.0
805.0,0.13250704109668732,0.13250704109668732,0.011043707840144634,0.011140190064907074,0.0010929765412583947,10.0,1.0,10.0
806.0,0.13246667385101318,0.13246667385101318,0.011039307340979576,0.011149197816848755,0.0010924398666247725,10.0,1.0,10.0
807.0,0.13242623209953308,0.13242623209953308,0.011034885421395302,0.0111582912504673,0.001091908779926598,10.0,1.0,10.0
808.0,0.13238590955734253,0.13238590955734253,0.011030467227101326,0.011167442426085472,0.0010913803707808256,10.0,1.0,10.0
809.0,0.13234537839889526,0.13234537839889526,0.011026011779904366,0.011176688596606255,0.0010908568510785699,10.0,1.0,10.0
810.0,0.13230475783348083,0.13230475783348083,0.01102154329419136,0.011185976676642895,0.0010903351940214634,10.0,1.0,10.0
811.0,0.1322641670703888,0.1322641670703888,0.011017064563930035,0.0111953504383564,0.0010898179607465863,10.0,1.0,10.0
812.0,0.13222338259220123,0.13222338259220123,0.011012564413249493,0.011204734444618225,0.001089300843887031,10.0,1.0,10.0
813.0,0.13218258321285248,0.13218258321285248,0.011008056811988354,0.01121416687965393,0.001088785007596016,10.0,1.0,10.0
814.0,0.13214188814163208,0.13214188814163208,0.011003546416759491,0.0112236887216568,0.0010882739443331957,10.0,1.0,10.0
815.0,0.1321009248495102,0.1321009248495102,0.010998992249369621,0.011233312077820301,0.001087767886929214,10.0,1.0,10.0
816.0,0.13205993175506592,0.13205993175506592,0.01099443156272173,0.011242956854403019,0.0010872659040614963,10.0,1.0,10.0
817.0,0.13201893866062164,0.13201893866062164,0.010989864356815815,0.011252649128437042,0.001086764968931675,10.0,1.0,10.0
818.0,0.13197782635688782,0.13197782635688782,0.010985268279910088,0.011262447573244572,0.0010862692724913359,10.0,1.0,10.0
819.0,0.13193665444850922,0.13193665444850922,0.010980662889778614,0.01127228606492281,0.0010857738088816404,10.0,1.0,10.0
820.0,0.13189545273780823,0.13189545273780823,0.010976051911711693,0.01128213107585907,0.0010852804407477379,10.0,1.0,10.0
821.0,0.13185414671897888,0.13185414671897888,0.010971414856612682,0.011292084120213985,0.0010847918456420302,10.0,1.0,10.0
822.0,0.13181284070014954,0.13181284070014954,0.010966763831675053,0.011302134953439236,0.0010843075579032302,10.0,1.0,10.0
823.0,0.13177138566970825,0.13177138566970825,0.010962089523673058,0.01131222490221262,0.0010838261805474758,10.0,1.0,10.0
824.0,0.13172993063926697,0.13172993063926697,0.010957409627735615,0.01132235862314701,0.0010833477135747671,10.0,1.0,10.0
825.0,0.13168837130069733,0.13168837130069733,0.010952715761959553,0.011332515627145767,0.001082870876416564,10.0,1.0,10.0
826.0,0.13164672255516052,0.13164672255516052,0.01094799768179655,0.011342773213982582,0.001082397997379303,10.0,1.0,10.0
827.0,0.13160507380962372,0.13160507380962372,0.010943261906504631,0.011353143490850925,0.001081930473446846,10.0,1.0,10.0
828.0,0.1315632462501526,0.1315632462501526,0.01093850564211607,0.011363527737557888,0.0010814662091434002,10.0,1.0,10.0
829.0,0.13152143359184265,0.13152143359184265,0.010933750309050083,0.011373920366168022,0.0010810013627633452,10.0,1.0,10.0
830.0,0.13147957623004913,0.13147957623004913,0.010928967036306858,0.011384479701519012,0.0010805422207340598,10.0,1.0,10.0
831.0,0.13143759965896606,0.13143759965896606,0.010924164205789566,0.011395084671676159,0.0010800876189023256,10.0,1.0,10.0
832.0,0.131395623087883,0.131395623087883,0.010919365100562572,0.011405646800994873,0.0010796323185786605,10.0,1.0,10.0
833.0,0.131353497505188,0.131353497505188,0.010914534330368042,0.01141631230711937,0.0010791834210976958,10.0,1.0,10.0
834.0,0.13131123781204224,0.13131123781204224,0.010909670032560825,0.01142715010792017,0.0010787396458908916,10.0,1.0,10.0
835.0,0.13126908242702484,0.13126908242702484,0.01090481411665678,0.011437974870204926,0.0010782969184219837,10.0,1.0,10.0
836.0,0.13122688233852386,0.13122688233852386,0.010899948887526989,0.0114488136023283,0.0010778571013361216,10.0,1.0,10.0
837.0,0.13118445873260498,0.13118445873260498,0.010895051062107086,0.011459747329354286,0.001077420194633305,10.0,1.0,10.0
838.0,0.13114207983016968,0.13114207983016968,0.010890145786106586,0.011470775119960308,0.0010769854998216033,10.0,1.0,10.0
839.0,0.1310996562242508,0.1310996562242508,0.010885223746299744,0.011481857858598232,0.0010765563929453492,10.0,1.0,10.0
840.0,0.13105711340904236,0.13105711340904236,0.010880288667976856,0.011492928490042686,0.0010761292651295662,10.0,1.0,10.0
841.0,0.13101442158222198,0.13101442158222198,0.010875319130718708,0.011504157446324825,0.0010757079580798745,10.0,1.0,10.0
842.0,0.1309717297554016,0.1309717297554016,0.010870341211557388,0.011515423655509949,0.0010752901434898376,10.0,1.0,10.0
843.0,0.13092899322509766,0.13092899322509766,0.010865354910492897,0.011526714079082012,0.0010748737258836627,10.0,1.0,10.0
844.0,0.1308862715959549,0.1308862715959549,0.010860356502234936,0.01153810415416956,0.0010744601022452116,10.0,1.0,10.0
845.0,0.1308434009552002,0.1308434009552002,0.010855334810912609,0.011549541726708412,0.0010740503203123808,10.0,1.0,10.0
846.0,0.13080048561096191,0.13080048561096191,0.010850305669009686,0.011560999788343906,0.001073643215931952,10.0,1.0,10.0
847.0,0.13075731694698334,0.13075731694698334,0.010845230892300606,0.011572589166462421,0.0010732420487329364,10.0,1.0,10.0
848.0,0.13071437180042267,0.13071437180042267,0.01084016915410757,0.011584237217903137,0.0010728436755016446,10.0,1.0,10.0
849.0,0.13067123293876648,0.13067123293876648,0.010835083201527596,0.011595913209021091,0.0010724497260525823,10.0,1.0,10.0
850.0,0.13062798976898193,0.13062798976898193,0.010829982347786427,0.011607607826590538,0.0010720564750954509,10.0,1.0,10.0
851.0,0.130584716796875,0.130584716796875,0.010824856348335743,0.01161945704370737,0.0010716691613197327,10.0,1.0,10.0
852.0,0.13054141402244568,0.13054141402244568,0.010819727554917336,0.01163131557404995,0.0010712825460359454,10.0,1.0,10.0
853.0,0.13049806654453278,0.13049806654453278,0.010814580135047436,0.01164325326681137,0.0010709005873650312,10.0,1.0,10.0
854.0,0.13045445084571838,0.13045445084571838,0.010809402912855148,0.011655213311314583,0.0010705210734158754,10.0,1.0,10.0
855.0,0.1304110288619995,0.1304110288619995,0.010804230347275734,0.011667268350720406,0.0010701460996642709,10.0,1.0,10.0
856.0,0.1303674578666687,0.1303674578666687,0.01079903356730938,0.011679384857416153,0.0010697734542191029,10.0,1.0,10.0
857.0,0.13032375276088715,0.13032375276088715,0.010793817229568958,0.011691542342305183,0.0010694043012335896,10.0,1.0,10.0
858.0,0.13028006255626678,0.13028006255626678,0.010788590647280216,0.011703749187290668,0.0010690405033528805,10.0,1.0,10.0
859.0,0.13023625314235687,0.13023625314235687,0.010783337987959385,0.011716079898178577,0.001068679615855217,10.0,1.0,10.0
860.0,0.13019242882728577,0.13019242882728577,0.010778076946735382,0.011728445068001747,0.0010683208238333464,10.0,1.0,10.0
861.0,0.1301485300064087,0.1301485300064087,0.010772805660963058,0.011740818619728088,0.0010679655242711306,10.0,1.0,10.0
862.0,0.13010455667972565,0.13010455667972565,0.010767516680061817,0.011753261089324951,0.0010676136007532477,10.0,1.0,10.0
863.0,0.13006044924259186,0.13006044924259186,0.01076220441609621,0.011765767820179462,0.0010672637727111578,10.0,1.0,10.0
864.0,0.13001644611358643,0.13001644611358643,0.01075687911361456,0.01177842915058136,0.0010669226758182049,10.0,1.0,10.0
865.0,0.12997224926948547,0.12997224926948547,0.010751538909971714,0.011791045777499676,0.0010665813460946083,10.0,1.0,10.0
866.0,0.12992799282073975,0.12992799282073975,0.010746187530457973,0.011803686618804932,0.0010662430431693792,10.0,1.0,10.0
867.0,0.1298837512731552,0.1298837512731552,0.010740813799202442,0.011816519312560558,0.0010659098625183105,10.0,1.0,10.0
868.0,0.12983937561511993,0.12983937561511993,0.010735426098108292,0.011829331517219543,0.0010655778460204601,10.0,1.0,10.0
869.0,0.12979497015476227,0.12979497015476227,0.010730029083788395,0.011842175386846066,0.0010652501368895173,10.0,1.0,10.0
870.0,0.12975049018859863,0.12975049018859863,0.01072461623698473,0.011855070479214191,0.0010649249888956547,10.0,1.0,10.0
871.0,0.12970595061779022,0.12970595061779022,0.010719177313148975,0.011868124827742577,0.0010646057780832052,10.0,1.0,10.0
872.0,0.12966129183769226,0.12966129183769226,0.010713725350797176,0.011881161481142044,0.0010642869165167212,10.0,1.0,10.0
873.0,0.12961669266223907,0.12961669266223907,0.010708274319767952,0.011894223280251026,0.0010639731772243977,10.0,1.0,10.0
874.0,0.12957188487052917,0.12957188487052917,0.010702789761126041,0.011907372623682022,0.0010636618826538324,10.0,1.0,10.0
875.0,0.1295272260904312,0.1295272260904312,0.010697300545871258,0.011920659802854061,0.0010633564088493586,10.0,1.0,10.0
876.0,0.12948229908943176,0.12948229908943176,0.010691788047552109,0.01193389855325222,0.0010630516335368156,10.0,1.0,10.0
877.0,0.1294374167919159,0.1294374167919159,0.010686276480555534,0.011947153136134148,0.0010627498850226402,10.0,1.0,10.0
878.0,0.1293923705816269,0.1293923705816269,0.010680729523301125,0.011960572563111782,0.0010624511633068323,10.0,1.0,10.0
879.0,0.12934739887714386,0.12934739887714386,0.010675176978111267,0.011974054388701916,0.0010621577966958284,10.0,1.0,10.0
880.0,0.12930230796337128,0.12930230796337128,0.010669613257050514,0.01198751013725996,0.0010618669912219048,10.0,1.0,10.0
881.0,0.1292572170495987,0.1292572170495987,0.010664040222764015,0.012001024559140205,0.0010615800274536014,10.0,1.0,10.0
882.0,0.12921199202537537,0.12921199202537537,0.010658440180122852,0.012014633044600487,0.0010612951591610909,10.0,1.0,10.0
883.0,0.12916670739650726,0.12916670739650726,0.01065282616764307,0.012028305791318417,0.0010610143654048443,10.0,1.0,10.0
884.0,0.12912146747112274,0.12912146747112274,0.010647212155163288,0.012041975744068623,0.0010607368312776089,10.0,1.0,10.0
885.0,0.12907595932483673,0.12907595932483673,0.010641560889780521,0.01205572858452797,0.0010604624403640628,10.0,1.0,10.0
886.0,0.12903054058551788,0.12903054058551788,0.010635909624397755,0.01206955686211586,0.001060189912095666,10.0,1.0,10.0
887.0,0.12898503243923187,0.12898503243923187,0.010630238801240921,0.012083431705832481,0.0010599213419482112,10.0,1.0,10.0
888.0,0.12893950939178467,0.12893950939178467,0.010624567046761513,0.012097294442355633,0.001059655100107193,10.0,1.0,10.0
889.0,0.1288938671350479,0.1288938671350479,0.010618871077895164,0.012111227959394455,0.0010593917686492205,10.0,1.0,10.0
890.0,0.12884822487831116,0.12884822487831116,0.010613157413899899,0.012125303968787193,0.0010591341415420175,10.0,1.0,10.0
891.0,0.12880252301692963,0.12880252301692963,0.01060743723064661,0.012139360420405865,0.0010588793084025383,10.0,1.0,10.0
892.0,0.12875667214393616,0.12875667214393616,0.010601695626974106,0.012153444811701775,0.001058627269230783,10.0,1.0,10.0
893.0,0.12871086597442627,0.12871086597442627,0.01059594564139843,0.012167631648480892,0.0010583773255348206,10.0,1.0,10.0
894.0,0.12866492569446564,0.12866492569446564,0.01059018075466156,0.012181831523776054,0.0010581278475001454,10.0,1.0,10.0
895.0,0.128618985414505,0.128618985414505,0.010584412142634392,0.012196043506264687,0.0010578823275864124,10.0,1.0,10.0
896.0,0.1285730004310608,0.1285730004310608,0.010578623972833157,0.012210345827043056,0.0010576408822089434,10.0,1.0,10.0
897.0,0.12852691113948822,0.12852691113948822,0.010572807863354683,0.012224777601659298,0.0010574060725048184,10.0,1.0,10.0
898.0,0.12848079204559326,0.12848079204559326,0.010566992685198784,0.012239142321050167,0.0010571712628006935,10.0,1.0,10.0
899.0,0.12843450903892517,0.12843450903892517,0.01056115236133337,0.012253583408892155,0.0010569405276328325,10.0,1.0,10.0
900.0,0.12838830053806305,0.12838830053806305,0.010555312968790531,0.012268065474927425,0.0010567110730335116,10.0,1.0,10.0
901.0,0.12834209203720093,0.12834209203720093,0.010549466125667095,0.012282603420317173,0.0010564825497567654,10.0,1.0,10.0
902.0,0.12829571962356567,0.12829571962356567,0.010543592274188995,0.012297202832996845,0.0010562598472461104,10.0,1.0,10.0
903.0,0.1282493621110916,0.1282493621110916,0.010537710040807724,0.012311866506934166,0.0010560399387031794,10.0,1.0,10.0
904.0,0.12820282578468323,0.12820282578468323,0.01053180918097496,0.01232652273029089,0.0010558214271441102,10.0,1.0,10.0
905.0,0.1281563937664032,0.1281563937664032,0.010525905527174473,0.01234126091003418,0.001055607688613236,10.0,1.0,10.0
906.0,0.12810982763767242,0.12810982763767242,0.01051999069750309,0.012355983257293701,0.0010553939500823617,10.0,1.0,10.0
907.0,0.1280631422996521,0.1280631422996521,0.010514046996831894,0.012370818294584751,0.0010551857994869351,10.0,1.0,10.0
908.0,0.12801650166511536,0.12801650166511536,0.010508098639547825,0.01238570362329483,0.0010549812577664852,10.0,1.0,10.0
909.0,0.12796981632709503,0.12796981632709503,0.010502147488296032,0.012400578707456589,0.0010547753190621734,10.0,1.0,10.0
910.0,0.12792302668094635,0.12792302668094635,0.010496173985302448,0.012415546923875809,0.0010545739205554128,10.0,1.0,10.0
911.0,0.1278761923313141,0.1278761923313141,0.010490196757018566,0.012430498376488686,0.0010543725220486522,10.0,1.0,10.0
912.0,0.12782929837703705,0.12782929837703705,0.010484203696250916,0.012445508502423763,0.0010541747324168682,10.0,1.0,10.0
913.0,0.12778237462043762,0.12778237462043762,0.010478198528289795,0.01246058102697134,0.0010539803188294172,10.0,1.0,10.0
914.0,0.12773534655570984,0.12773534655570984,0.010472171008586884,0.012475723400712013,0.0010537912603467703,10.0,1.0,10.0
915.0,0.12768827378749847,0.12768827378749847,0.010466136038303375,0.012490881606936455,0.0010536033660173416,10.0,1.0,10.0
916.0,0.12764127552509308,0.12764127552509308,0.010460104793310165,0.012506067752838135,0.001053416170179844,10.0,1.0,10.0
917.0,0.12759403884410858,0.12759403884410858,0.010454042814671993,0.012521288357675076,0.0010532313026487827,10.0,1.0,10.0
918.0,0.12754681706428528,0.12754681706428528,0.010447980836033821,0.012536543421447277,0.0010530478321015835,10.0,1.0,10.0
919.0,0.12749958038330078,0.12749958038330078,0.01044190488755703,0.012551847845315933,0.0010528683196753263,10.0,1.0,10.0
920.0,0.1274522989988327,0.1274522989988327,0.01043581310659647,0.012567244470119476,0.0010526921832934022,10.0,1.0,10.0
921.0,0.12740491330623627,0.12740491330623627,0.010429713875055313,0.012582606635987759,0.0010525165125727654,10.0,1.0,10.0
922.0,0.12735751271247864,0.12735751271247864,0.010423597879707813,0.012598063796758652,0.0010523470118641853,10.0,1.0,10.0
923.0,0.12731002271175385,0.12731002271175385,0.010417472571134567,0.012613510712981224,0.0010521779768168926,10.0,1.0,10.0
924.0,0.12726256251335144,0.12726256251335144,0.010411342605948448,0.012629048898816109,0.001052008825354278,10.0,1.0,10.0
925.0,0.12721504271030426,0.12721504271030426,0.010405206121504307,0.012644566595554352,0.0010518413037061691,10.0,1.0,10.0
926.0,0.12716737389564514,0.12716737389564514,0.0103990463539958,0.012660138309001923,0.0010516763431951404,10.0,1.0,10.0
927.0,0.12711970508098602,0.12711970508098602,0.010392879135906696,0.01267576776444912,0.0010515139438211918,10.0,1.0,10.0
928.0,0.12707194685935974,0.12707194685935974,0.010386698879301548,0.01269142609089613,0.0010513532906770706,10.0,1.0,10.0
929.0,0.12702418863773346,0.12702418863773346,0.010380509309470654,0.012707139365375042,0.0010511961299926043,10.0,1.0,10.0
930.0,0.1269764006137848,0.1269764006137848,0.010374316945672035,0.012722836807370186,0.001051039551384747,10.0,1.0,10.0
931.0,0.12692850828170776,0.12692850828170776,0.0103681031614542,0.012738608755171299,0.0010508864652365446,10.0,1.0,10.0
932.0,0.12688060104846954,0.12688060104846954,0.01036188192665577,0.012754455208778381,0.001050733495503664,10.0,1.0,10.0
933.0,0.12683258950710297,0.12683258950710297,0.010355650447309017,0.0127702746540308,0.0010505813406780362,10.0,1.0,10.0
934.0,0.12678459286689758,0.12678459286689758,0.010349416173994541,0.01278611458837986,0.0010504318634048104,10.0,1.0,10.0
935.0,0.1267365664243698,0.1267365664243698,0.01034317072480917,0.012802021577954292,0.0010502843651920557,10.0,1.0,10.0
936.0,0.1266883760690689,0.1266883760690689,0.010336893610656261,0.012818031013011932,0.001050140243023634,10.0,1.0,10.0
937.0,0.1266402155160904,0.1266402155160904,0.0103306258097291,0.01283397525548935,0.0010499979835003614,10.0,1.0,10.0
938.0,0.12659205496311188,0.12659205496311188,0.010324353352189064,0.012849953025579453,0.0010498571209609509,10.0,1.0,10.0
939.0,0.12654376029968262,0.12654376029968262,0.010318051092326641,0.012866083532571793,0.0010497166076675057,10.0,1.0,10.0
940.0,0.1264953911304474,0.1264953911304474,0.01031174324452877,0.012882180511951447,0.0010495767928659916,10.0,1.0,10.0
941.0,0.12644699215888977,0.12644699215888977,0.010305442847311497,0.01289819460362196,0.0010494374437257648,10.0,1.0,10.0
942.0,0.126398503780365,0.126398503780365,0.010299116373062134,0.012914353981614113,0.0010492994915693998,10.0,1.0,10.0
943.0,0.1263500452041626,0.1263500452041626,0.010292774997651577,0.012930641882121563,0.001049164915457368,10.0,1.0,10.0
944.0,0.12630149722099304,0.12630149722099304,0.010286436416208744,0.012946824543178082,0.0010490318527445197,10.0,1.0,10.0
945.0,0.1262529343366623,0.1262529343366623,0.01028008945286274,0.01296302955597639,0.0010489020496606827,10.0,1.0,10.0
946.0,0.12620428204536438,0.12620428204536438,0.01027371920645237,0.012979382649064064,0.001048771315254271,10.0,1.0,10.0
947.0,0.12615561485290527,0.12615561485290527,0.010267351754009724,0.012995700351893902,0.0010486398823559284,10.0,1.0,10.0
948.0,0.12610693275928497,0.12610693275928497,0.01026098057627678,0.013012011535465717,0.0010485108941793442,10.0,1.0,10.0
949.0,0.12605807185173035,0.12605807185173035,0.010254579596221447,0.013028433546423912,0.0010483840014785528,10.0,1.0,10.0
950.0,0.12600918114185333,0.12600918114185333,0.010248171165585518,0.013044899329543114,0.0010482576908543706,10.0,1.0,10.0
951.0,0.12596026062965393,0.12596026062965393,0.010241759940981865,0.013061322271823883,0.0010481334757059813,10.0,1.0,10.0
952.0,0.12591134011745453,0.12591134011745453,0.010235346853733063,0.01307776290923357,0.0010480100754648447,10.0,1.0,10.0
953.0,0.12586230039596558,0.12586230039596558,0.010228912346065044,0.013094323687255383,0.0010478862095624208,10.0,1.0,10.0
954.0,0.125813290476799,0.125813290476799,0.01022247038781643,0.0131109319627285,0.0010477646719664335,10.0,1.0,10.0
955.0,0.12576419115066528,0.12576419115066528,0.01021602563560009,0.013127501122653484,0.0010476440656930208,10.0,1.0,10.0
956.0,0.12571501731872559,0.12571501731872559,0.01020957063883543,0.013144084252417088,0.0010475231101736426,10.0,1.0,10.0
957.0,0.12566575407981873,0.12566575407981873,0.010203095152974129,0.013160796836018562,0.001047401106916368,10.0,1.0,10.0
958.0,0.12561649084091187,0.12561649084091187,0.010196619667112827,0.013177468441426754,0.0010472821304574609,10.0,1.0,10.0
959.0,0.12556718289852142,0.12556718289852142,0.010190140455961227,0.013194124214351177,0.0010471659479662776,10.0,1.0,10.0
960.0,0.12551790475845337,0.12551790475845337,0.010183645412325859,0.013210964389145374,0.001047048019245267,10.0,1.0,10.0
961.0,0.1254684180021286,0.1254684180021286,0.010177127085626125,0.013227828778326511,0.0010469313710927963,10.0,1.0,10.0
962.0,0.12541896104812622,0.12541896104812622,0.010170627385377884,0.013244541361927986,0.0010468142572790384,10.0,1.0,10.0
963.0,0.1253693848848343,0.1253693848848343,0.010164105333387852,0.013261368498206139,0.001046696212142706,10.0,1.0,10.0
964.0,0.12531980872154236,0.12531980872154236,0.010157562792301178,0.013278381898999214,0.0010465794475749135,10.0,1.0,10.0
965.0,0.12527018785476685,0.12527018785476685,0.010151028633117676,0.013295247219502926,0.0010464659426361322,10.0,1.0,10.0
966.0,0.12522047758102417,0.12522047758102417,0.010144481435418129,0.013312138617038727,0.0010463526705279946,10.0,1.0,10.0
967.0,0.12517064809799194,0.12517064809799194,0.010137902572751045,0.01332925632596016,0.0010462376521900296,10.0,1.0,10.0
968.0,0.12512092292308807,0.12512092292308807,0.010131338611245155,0.013346302323043346,0.0010461234487593174,10.0,1.0,10.0
969.0,0.12507110834121704,0.12507110834121704,0.010124774649739265,0.013363257050514221,0.0010460104094818234,10.0,1.0,10.0
970.0,0.12502111494541168,0.12502111494541168,0.010118179023265839,0.013380357064306736,0.001045897020958364,10.0,1.0,10.0
971.0,0.12497114390134811,0.12497114390134811,0.01011157501488924,0.013397588394582272,0.0010457808384671807,10.0,1.0,10.0
972.0,0.1249210387468338,0.1249210387468338,0.010104963555932045,0.013414723798632622,0.0010456679156050086,10.0,1.0,10.0
973.0,0.12487099319696426,0.12487099319696426,0.010098356753587723,0.013431865721940994,0.001045555341988802,10.0,1.0,10.0
974.0,0.12482088804244995,0.12482088804244995,0.010091732256114483,0.013449152931571007,0.0010454406728968024,10.0,1.0,10.0
975.0,0.1247706413269043,0.1247706413269043,0.010085094720125198,0.013466429896652699,0.0010453257709741592,10.0,1.0,10.0
976.0,0.12472033500671387,0.12472033500671387,0.01007845252752304,0.013483679853379726,0.0010452131973579526,10.0,1.0,10.0
977.0,0.12466998398303986,0.12466998398303986,0.01007179357111454,0.0135010601952672,0.0010450987610965967,10.0,1.0,10.0
978.0,0.12461967766284943,0.12461967766284943,0.01006513461470604,0.013518488965928555,0.0010449837427586317,10.0,1.0,10.0
979.0,0.12456921488046646,0.12456921488046646,0.010058463551104069,0.013535873033106327,0.0010448707034811378,10.0,1.0,10.0
980.0,0.12451867759227753,0.12451867759227753,0.010051783174276352,0.013553287833929062,0.0010447558015584946,10.0,1.0,10.0
981.0,0.12446814775466919,0.12446814775466919,0.010045096278190613,0.013570782728493214,0.0010446400847285986,10.0,1.0,10.0
982.0,0.1244175136089325,0.1244175136089325,0.01003839261829853,0.013588340021669865,0.0010445255320519209,10.0,1.0,10.0
983.0,0.12436675280332565,0.12436675280332565,0.010031675919890404,0.013605894520878792,0.0010444099316373467,10.0,1.0,10.0
984.0,0.1243160218000412,0.1243160218000412,0.010024959221482277,0.013623486272990704,0.0010442950297147036,10.0,1.0,10.0
985.0,0.12426520138978958,0.12426520138978958,0.01001823041588068,0.013641145080327988,0.0010441758204251528,10.0,1.0,10.0
986.0,0.12421436607837677,0.12421436607837677,0.01001149881631136,0.013658789917826653,0.0010440587066113949,10.0,1.0,10.0
987.0,0.124163419008255,0.124163419008255,0.01000475138425827,0.013676494359970093,0.0010439411271363497,10.0,1.0,10.0
988.0,0.12411236017942429,0.12411236017942429,0.009997988119721413,0.013694271445274353,0.0010438213357701898,10.0,1.0,10.0
989.0,0.12406128644943237,0.12406128644943237,0.00999122392386198,0.013712042011320591,0.0010437006130814552,10.0,1.0,10.0
990.0,0.12401016801595688,0.12401016801595688,0.009984450414776802,0.013729851692914963,0.0010435811709612608,10.0,1.0,10.0
991.0,0.12395891547203064,0.12395891547203064,0.009977656416594982,0.013747764751315117,0.0010434587020426989,10.0,1.0,10.0
992.0,0.1239076554775238,0.1239076554775238,0.009970865212380886,0.013765637762844563,0.001043336233124137,10.0,1.0,10.0
993.0,0.1238563060760498,0.1238563060760498,0.009964058175683022,0.013783586211502552,0.0010432135313749313,10.0,1.0,10.0
994.0,0.12380490452051163,0.12380490452051163,0.00995724368840456,0.0138015728443861,0.0010430896654725075,10.0,1.0,10.0
995.0,0.12375348806381226,0.12375348806381226,0.009950419887900352,0.013819620013237,0.0010429664980620146,10.0,1.0,10.0
996.0,0.1237017959356308,0.1237017959356308,0.009943571873009205,0.013837669976055622,0.0010428407695144415,10.0,1.0,10.0
997.0,0.1236502081155777,0.1236502081155777,0.00993673037737608,0.013855775818228722,0.0010427121305838227,10.0,1.0,10.0
998.0,0.12359856069087982,0.12359856069087982,0.009929878637194633,0.013873942196369171,0.0010425832588225603,10.0,1.0,10.0
999.0,0.12354682385921478,0.12354682385921478,0.009923014789819717,0.01389213465154171,0.001042453688569367,10.0,1.0,10.0
1000.0,0.12349489331245422,0.12349489331245422,0.009916134178638458,0.013910328969359398,0.0010423221392557025,10.0,1.0,10.0
1001.0,0.12344301491975784,0.12344301491975784,0.009909247979521751,0.013928644359111786,0.0010421889601275325,10.0,1.0,10.0
1002.0,0.12339100986719131,0.12339100986719131,0.009902347810566425,0.013946975581347942,0.0010420558974146843,10.0,1.0,10.0
1003.0,0.12333901226520538,0.12333901226520538,0.009895449504256248,0.01396529097110033,0.0010419217869639397,10.0,1.0,10.0
1004.0,0.1232869103550911,0.1232869103550911,0.009888533502817154,0.01398373767733574,0.0010417844168841839,10.0,1.0,10.0
1005.0,0.12323460727930069,0.12323460727930069,0.009881595149636269,0.01400220301002264,0.0010416456498205662,10.0,1.0,10.0
1006.0,0.12318233400583267,0.12318233400583267,0.009874663315713406,0.014020634815096855,0.0010415061842650175,10.0,1.0,10.0
1007.0,0.12313009053468704,0.12313009053468704,0.009867723099887371,0.014039209112524986,0.001041364623233676,10.0,1.0,10.0
1008.0,0.12307755649089813,0.12307755649089813,0.009860748425126076,0.014057856053113937,0.0010412214323878288,10.0,1.0,10.0
1009.0,0.12302502989768982,0.12302502989768982,0.009853784926235676,0.014076405204832554,0.0010410777758806944,10.0,1.0,10.0
1010.0,0.12297238409519196,0.12297238409519196,0.009846796281635761,0.014095109887421131,0.001040931441821158,10.0,1.0,10.0
1011.0,0.12291967868804932,0.12291967868804932,0.009839795529842377,0.014113914221525192,0.0010407808003947139,10.0,1.0,10.0
1012.0,0.12286693602800369,0.12286693602800369,0.009832804091274738,0.014132583513855934,0.00104063143953681,10.0,1.0,10.0
1013.0,0.12281403690576553,0.12281403690576553,0.009825783781707287,0.014151406474411488,0.0010404785862192512,10.0,1.0,10.0
1014.0,0.122761070728302,0.122761070728302,0.009818748570978642,0.014170357026159763,0.0010403229389339685,10.0,1.0,10.0
1015.0,0.1227080449461937,0.1227080449461937,0.00981171429157257,0.014189241454005241,0.0010401660110801458,10.0,1.0,10.0
1016.0,0.12265495955944061,0.12265495955944061,0.009804675355553627,0.01420813798904419,0.0010400075698271394,10.0,1.0,10.0
1017.0,0.1226017028093338,0.1226017028093338,0.00979759730398655,0.014227262698113918,0.0010398468002676964,10.0,1.0,10.0
1018.0,0.1225484162569046,0.1225484162569046,0.009790525771677494,0.014246315695345402,0.0010396844008937478,10.0,1.0,10.0
1019.0,0.12249506264925003,0.12249506264925003,0.009783444926142693,0.0142653938382864,0.0010395216522738338,10.0,1.0,10.0
1020.0,0.12244144827127457,0.12244144827127457,0.009776334278285503,0.014284588396549225,0.001039351336658001,10.0,1.0,10.0
1021.0,0.12238791584968567,0.12238791584968567,0.009769227355718613,0.014303836040198803,0.00103918113745749,10.0,1.0,10.0
1022.0,0.12233416736125946,0.12233416736125946,0.009762099012732506,0.014323079958558083,0.0010390097741037607,10.0,1.0,10.0
1023.0,0.12228037416934967,0.12228037416934967,0.009754963219165802,0.01434238813817501,0.0010388351511210203,10.0,1.0,10.0
1024.0,0.12222649902105331,0.12222649902105331,0.009747808799147606,0.014361843466758728,0.0010386565700173378,10.0,1.0,10.0
1025.0,0.12217260152101517,0.12217260152101517,0.009740659035742283,0.014381242915987968,0.0010384769411757588,10.0,1.0,10.0
1026.0,0.12211844325065613,0.12211844325065613,0.009733481332659721,0.014400693587958813,0.0010382935870438814,10.0,1.0,10.0
1027.0,0.12206420302391052,0.12206420302391052,0.009726281277835369,0.014420311897993088,0.001038107555359602,10.0,1.0,10.0
1028.0,0.12200988829135895,0.12200988829135895,0.009719077497720718,0.014439912512898445,0.0010379200102761388,10.0,1.0,10.0
1029.0,0.12195558100938797,0.12195558100938797,0.009711879305541515,0.014459498226642609,0.0010377289727330208,10.0,1.0,10.0
1030.0,0.1219010204076767,0.1219010204076767,0.009704644791781902,0.014479252509772778,0.001037531765177846,10.0,1.0,10.0
1031.0,0.12184637784957886,0.12184637784957886,0.00969739444553852,0.01449908223003149,0.001037335256114602,10.0,1.0,10.0
1032.0,0.12179162353277206,0.12179162353277206,0.00969014037400484,0.014518849551677704,0.0010371370008215308,10.0,1.0,10.0
1033.0,0.1217367872595787,0.1217367872595787,0.009682871401309967,0.014538745395839214,0.0010369328083470464,10.0,1.0,10.0
1034.0,0.121681809425354,0.121681809425354,0.009675581939518452,0.014558739960193634,0.001036725239828229,10.0,1.0,10.0
1035.0,0.12162671238183975,0.12162671238183975,0.009668282233178616,0.014578726142644882,0.0010365163907408714,10.0,1.0,10.0
1036.0,0.12157159298658371,0.12157159298658371,0.009660981595516205,0.014598755165934563,0.0010363023029640317,10.0,1.0,10.0
1037.0,0.12151622772216797,0.12151622772216797,0.009653640910983086,0.014618956483900547,0.00103608553763479,10.0,1.0,10.0
1038.0,0.12146075814962387,0.12146075814962387,0.009646293707191944,0.014639162458479404,0.0010358660947531462,10.0,1.0,10.0
1039.0,0.12140524387359619,0.12140524387359619,0.00963894184678793,0.01465937402099371,0.0010356444399803877,10.0,1.0,10.0
1040.0,0.12134949862957001,0.12134949862957001,0.009631562978029251,0.014679704792797565,0.0010354164987802505,10.0,1.0,10.0
1041.0,0.12129362672567368,0.12129362672567368,0.009624163620173931,0.014700138941407204,0.0010351850651204586,10.0,1.0,10.0
1042.0,0.12123779207468033,0.12123779207468033,0.009616774506866932,0.014720525592565536,0.001034952001646161,10.0,1.0,10.0
1043.0,0.12118170410394669,0.12118170410394669,0.009609350934624672,0.014741065911948681,0.0010347133502364159,10.0,1.0,10.0
1044.0,0.12112540006637573,0.12112540006637573,0.009601897560060024,0.014761715196073055,0.001034470391459763,10.0,1.0,10.0
1045.0,0.12106908857822418,0.12106908857822418,0.009594455361366272,0.014782297424972057,0.001034224289469421,10.0,1.0,10.0
1046.0,0.12101257592439651,0.12101257592439651,0.009586984291672707,0.014802997931838036,0.0010339736472815275,10.0,1.0,10.0
1047.0,0.12095597386360168,0.12095597386360168,0.00957949087023735,0.014823868870735168,0.0010337196290493011,10.0,1.0,10.0
1048.0,0.12089920043945312,0.12089920043945312,0.009571989998221397,0.01484467089176178,0.0010334624676033854,10.0,1.0,10.0
1049.0,0.12084224820137024,0.12084224820137024,0.009564469568431377,0.014865564182400703,0.0010331989033147693,10.0,1.0,10.0
1050.0,0.1207851767539978,0.1207851767539978,0.009556922130286694,0.01488665584474802,0.0010329298675060272,10.0,1.0,10.0
1051.0,0.12072794139385223,0.12072794139385223,0.009549365378916264,0.014907686971127987,0.0010326601332053542,10.0,1.0,10.0
1052.0,0.1206706166267395,0.1206706166267395,0.00954179372638464,0.014928806573152542,0.0010323866736143827,10.0,1.0,10.0
1053.0,0.12061306834220886,0.12061306834220886,0.009534196928143501,0.01495005190372467,0.0010321048321202397,10.0,1.0,10.0
1054.0,0.12055531144142151,0.12055531144142151,0.009526576846837997,0.014971356838941574,0.0010318185668438673,10.0,1.0,10.0
1055.0,0.12049750238656998,0.12049750238656998,0.009518949314951897,0.01499270275235176,0.0010315307881683111,10.0,1.0,10.0
1056.0,0.12043949961662292,0.12043949961662292,0.009511297568678856,0.015014155767858028,0.0010312360245734453,10.0,1.0,10.0
1057.0,0.12038131803274155,0.12038131803274155,0.009503628127276897,0.015035685151815414,0.0010309345088899136,10.0,1.0,10.0
1058.0,0.12032295763492584,0.12032295763492584,0.009495939128100872,0.015057260170578957,0.001030630781315267,10.0,1.0,10.0
1059.0,0.12026450037956238,0.12026450037956238,0.009488235227763653,0.015078932978212833,0.001030321349389851,10.0,1.0,10.0
1060.0,0.12020579725503922,0.12020579725503922,0.009480503387749195,0.015100705437362194,0.0010300060966983438,10.0,1.0,10.0
1061.0,0.12014691531658173,0.12014691531658173,0.009472750127315521,0.015122555196285248,0.0010296861873939633,10.0,1.0,10.0
1062.0,0.1200878769159317,0.1200878769159317,0.009464981034398079,0.015144458040595055,0.001029360806569457,10.0,1.0,10.0
1063.0,0.12002867460250854,0.12002867460250854,0.009457194246351719,0.01516644936054945,0.0010290283244103193,10.0,1.0,10.0
1064.0,0.11996924132108688,0.11996924132108688,0.00944937951862812,0.01518853846937418,0.0010286914184689522,10.0,1.0,10.0
1065.0,0.11990957707166672,0.11990957707166672,0.009441541507840157,0.015210689976811409,0.001028347760438919,10.0,1.0,10.0
1066.0,0.11984983086585999,0.11984983086585999,0.009433688595890999,0.015232956036925316,0.0010279994457960129,10.0,1.0,10.0
1067.0,0.11978989094495773,0.11978989094495773,0.009425811469554901,0.01525530219078064,0.0010276476386934519,10.0,1.0,10.0
1068.0,0.1197296530008316,0.1197296530008316,0.009417906403541565,0.015277707949280739,0.0010272879153490067,10.0,1.0,10.0
1069.0,0.11966925859451294,0.11966925859451294,0.009409983642399311,0.015300220809876919,0.0010269200429320335,10.0,1.0,10.0
1070.0,0.11960870027542114,0.11960870027542114,0.009402039460837841,0.015322817489504814,0.001026548445224762,10.0,1.0,10.0
1071.0,0.11954793334007263,0.11954793334007263,0.00939407479017973,0.015345511958003044,0.0010261673014611006,10.0,1.0,10.0
1072.0,0.11948681622743607,0.11948681622743607,0.00938607007265091,0.01536831259727478,0.0010257805697619915,10.0,1.0,10.0
1073.0,0.11942560970783234,0.11942560970783234,0.009378058835864067,0.01539112813770771,0.001025389414280653,10.0,1.0,10.0
1074.0,0.11936414241790771,0.11936414241790771,0.009370015002787113,0.015414095483720303,0.0010249901097267866,10.0,1.0,10.0
1075.0,0.11930246651172638,0.11930246651172638,0.009361938573420048,0.01543724350631237,0.001024583587422967,10.0,1.0,10.0
1076.0,0.1192406639456749,0.1192406639456749,0.009353864938020706,0.01546030305325985,0.001024171244353056,10.0,1.0,10.0
1077.0,0.11917853355407715,0.11917853355407715,0.009345746599137783,0.015483555383980274,0.001023750868625939,10.0,1.0,10.0
1078.0,0.11911614239215851,0.11911614239215851,0.009337598457932472,0.015506938099861145,0.0010233221109956503,10.0,1.0,10.0
1079.0,0.11905358731746674,0.11905358731746674,0.00932944007217884,0.01553032360970974,0.0010228868341073394,10.0,1.0,10.0
1080.0,0.11899072676897049,0.11899072676897049,0.009321236051619053,0.015553931705653667,0.0010224436409771442,10.0,1.0,10.0
1081.0,0.11892770230770111,0.11892770230770111,0.009313022717833519,0.015577534213662148,0.0010219935793429613,10.0,1.0,10.0
1082.0,0.11886437237262726,0.11886437237262726,0.009304774925112724,0.015601259656250477,0.0010215353686362505,10.0,1.0,10.0
1083.0,0.1188008189201355,0.1188008189201355,0.009296500124037266,0.015625130385160446,0.0010210697073489428,10.0,1.0,10.0
1084.0,0.11873697489500046,0.11873697489500046,0.009288196451961994,0.015649061650037766,0.001020594616420567,10.0,1.0,10.0
1085.0,0.11867284029722214,0.11867284029722214,0.009279862977564335,0.015673106536269188,0.0010201106779277325,10.0,1.0,10.0
1086.0,0.11860854178667068,0.11860854178667068,0.00927150808274746,0.01569727435708046,0.0010196189396083355,10.0,1.0,10.0
1087.0,0.11854385584592819,0.11854385584592819,0.009263115003705025,0.015721524134278297,0.0010191187029704452,10.0,1.0,10.0
1088.0,0.11847898364067078,0.11847898364067078,0.009254701435565948,0.015745859593153,0.0010186105500906706,10.0,1.0,10.0
1089.0,0.11841385811567307,0.11841385811567307,0.009246256202459335,0.015770385041832924,0.0010180914541706443,10.0,1.0,10.0
1090.0,0.11834831535816193,0.11834831535816193,0.009237770922482014,0.015794970095157623,0.0010175637435168028,10.0,1.0,10.0
1091.0,0.11828268319368362,0.11828268319368362,0.009229280985891819,0.015819596126675606,0.0010170280002057552,10.0,1.0,10.0
1092.0,0.1182166114449501,0.1182166114449501,0.009220736101269722,0.01584446430206299,0.001016479218378663,10.0,1.0,10.0
1093.0,0.11815030872821808,0.11815030872821808,0.009212169796228409,0.015869375318288803,0.0010159238008782268,10.0,1.0,10.0
1094.0,0.11808370053768158,0.11808370053768158,0.009203570894896984,0.01589440554380417,0.0010153582552447915,10.0,1.0,10.0
1095.0,0.11801674962043762,0.11801674962043762,0.009194936603307724,0.01591956615447998,0.0010147816501557827,10.0,1.0,10.0
1096.0,0.11794956773519516,0.11794956773519516,0.009186282753944397,0.015944797545671463,0.0010141943348571658,10.0,1.0,10.0
1097.0,0.11788201332092285,0.11788201332092285,0.009177585132420063,0.015970202162861824,0.0010135966585949063,10.0,1.0,10.0
1098.0,0.1178140789270401,0.1178140789270401,0.009168852120637894,0.015995671972632408,0.0010129886213690042,10.0,1.0,10.0
1099.0,0.11774592101573944,0.11774592101573944,0.009160083718597889,0.01602138951420784,0.0010123702231794596,10.0,1.0,10.0
1100.0,0.11767736822366714,0.11767736822366714,0.00915129017084837,0.016047056764364243,0.0010117405327036977,10.0,1.0,10.0
1101.0,0.11760859936475754,0.11760859936475754,0.00914247427135706,0.016072876751422882,0.001011097920127213,10.0,1.0,10.0
1102.0,0.11753938347101212,0.11753938347101212,0.009133600629866123,0.01609893888235092,0.0010104442480951548,10.0,1.0,10.0
1103.0,0.11746985465288162,0.11746985465288162,0.009124704636633396,0.01612502709031105,0.0010097776539623737,10.0,1.0,10.0
1104.0,0.11739999055862427,0.11739999055862427,0.009115774184465408,0.01615123823285103,0.0010091003496199846,10.0,1.0,10.0
1105.0,0.11732971668243408,0.11732971668243408,0.00910679530352354,0.016177669167518616,0.0010084095411002636,10.0,1.0,10.0
1106.0,0.11725913733243942,0.11725913733243942,0.009097796864807606,0.016204088926315308,0.0010077080223709345,10.0,1.0,10.0
1107.0,0.11718828231096268,0.11718828231096268,0.009088766761124134,0.016230687499046326,0.0010069928830489516,10.0,1.0,10.0
1108.0,0.11711699515581131,0.11711699515581131,0.009079685434699059,0.01625753939151764,0.0010062598157674074,10.0,1.0,10.0
1109.0,0.1170453205704689,0.1170453205704689,0.009070578962564468,0.016284337267279625,0.0010055194143205881,10.0,1.0,10.0
1110.0,0.11697320640087128,0.11697320640087128,0.009061424061655998,0.016311321407556534,0.001004764693789184,10.0,1.0,10.0
1111.0,0.11690080910921097,0.11690080910921097,0.009052234701812267,0.016338542103767395,0.0010039920452982187,10.0,1.0,10.0
1112.0,0.1168280765414238,0.1168280765414238,0.009043015539646149,0.01636580377817154,0.001003211596980691,10.0,1.0,10.0
1113.0,0.11675480753183365,0.11675480753183365,0.009033751673996449,0.016393160447478294,0.0010024129878729582,10.0,1.0,10.0
1114.0,0.11668115109205246,0.11668115109205246,0.009024436585605145,0.016420815140008926,0.0010015973821282387,10.0,1.0,10.0
1115.0,0.11660721898078918,0.11660721898078918,0.009015105664730072,0.016448454931378365,0.0010007712990045547,10.0,1.0,10.0
1116.0,0.11653286963701248,0.11653286963701248,0.00900573842227459,0.01647619903087616,0.0009999279864132404,10.0,1.0,10.0
1117.0,0.1164579764008522,0.1164579764008522,0.00899630319327116,0.01650429703295231,0.0009990649996325374,10.0,1.0,10.0
1118.0,0.11638276278972626,0.11638276278972626,0.008986851200461388,0.016532331705093384,0.0009981911862269044,10.0,1.0,10.0
1119.0,0.11630706489086151,0.11630706489086151,0.008977347984910011,0.016560591757297516,0.0009972996776923537,10.0,1.0,10.0
1120.0,0.11623096466064453,0.11623096466064453,0.008967799134552479,0.016589069738984108,0.000996390706859529,10.0,1.0,10.0
1121.0,0.11615448445081711,0.11615448445081711,0.008958236314356327,0.016617488116025925,0.0009954640408977866,10.0,1.0,10.0
1122.0,0.1160774976015091,0.1160774976015091,0.008948608301579952,0.016646189615130424,0.000994522008113563,10.0,1.0,10.0
1123.0,0.11600013077259064,0.11600013077259064,0.00893893837928772,0.016675125807523727,0.0009935613488778472,10.0,1.0,10.0
1124.0,0.11592226475477219,0.11592226475477219,0.008929240517318249,0.016704024747014046,0.0009925835765898228,10.0,1.0,10.0
1125.0,0.11584393680095673,0.11584393680095673,0.0089194867759943,0.01673319935798645,0.0009915875270962715,10.0,1.0,10.0
1126.0,0.11576514691114426,0.11576514691114426,0.008909700438380241,0.016762424260377884,0.0009905720362439752,10.0,1.0,10.0
1127.0,0.11568596959114075,0.11568596959114075,0.008899874985218048,0.01679183542728424,0.0009895381517708302,10.0,1.0,10.0
1128.0,0.11560622602701187,0.11560622602701187,0.008889987133443356,0.01682151108980179,0.0009884843602776527,10.0,1.0,10.0
1129.0,0.11552609503269196,0.11552609503269196,0.008880075067281723,0.016851214691996574,0.000987412640824914,10.0,1.0,10.0
1130.0,0.11544555425643921,0.11544555425643921,0.00887012854218483,0.0168810673058033,0.0009863199666142464,10.0,1.0,10.0
1131.0,0.11536435782909393,0.11536435782909393,0.00886011403053999,0.016911156475543976,0.0009852061048150063,10.0,1.0,10.0
1132.0,0.11528276652097702,0.11528276652097702,0.008850072510540485,0.016941316425800323,0.0009840725688263774,10.0,1.0,10.0
1133.0,0.11520066857337952,0.11520066857337952,0.008839980699121952,0.01697169430553913,0.000982917146757245,10.0,1.0,10.0
1134.0,0.11511805653572083,0.11511805653572083,0.008829837664961815,0.01700226217508316,0.0009817411191761494,10.0,1.0,10.0
1135.0,0.11503498256206512,0.11503498256206512,0.008819667622447014,0.01703287661075592,0.000980542623437941,10.0,1.0,10.0
1136.0,0.11495140939950943,0.11495140939950943,0.00880944263190031,0.017063751816749573,0.0009793229401111603,10.0,1.0,10.0
1137.0,0.11486735194921494,0.11486735194921494,0.008799179457128048,0.01709475740790367,0.0009780803229659796,10.0,1.0,10.0
1138.0,0.11478272825479507,0.11478272825479507,0.008788869716227055,0.017125889658927917,0.0009768143063411117,10.0,1.0,10.0
1139.0,0.11469758301973343,0.11469758301973343,0.008778502233326435,0.017157312482595444,0.0009755247738212347,10.0,1.0,10.0
1140.0,0.11461186408996582,0.11461186408996582,0.008768100291490555,0.017188729718327522,0.0009742130059748888,10.0,1.0,10.0
1141.0,0.11452572792768478,0.11452572792768478,0.008757657371461391,0.017220355570316315,0.0009728795266710222,10.0,1.0,10.0
1142.0,0.11443900316953659,0.11443900316953659,0.008747157640755177,0.01725226268172264,0.0009715165360830724,10.0,1.0,10.0
1143.0,0.1143517717719078,0.1143517717719078,0.008736619725823402,0.017284266650676727,0.0009701309609226882,10.0,1.0,10.0
1144.0,0.11426397413015366,0.11426397413015366,0.008726033382117748,0.017316404730081558,0.0009687236160971224,10.0,1.0,10.0
1145.0,0.11417575180530548,0.11417575180530548,0.008715415373444557,0.017348740249872208,0.0009672865853644907,10.0,1.0,10.0
1146.0,0.11408688873052597,0.11408688873052597,0.00870473776012659,0.017381275072693825,0.0009658242342993617,10.0,1.0,10.0
1147.0,0.11399746686220169,0.11399746686220169,0.008694015443325043,0.017413945868611336,0.0009643371449783444,10.0,1.0,10.0
1148.0,0.11390755325555801,0.11390755325555801,0.008683249354362488,0.01744684763252735,0.0009628215339034796,10.0,1.0,10.0
1149.0,0.11381711065769196,0.11381711065769196,0.008672444149851799,0.01747984066605568,0.000961282872594893,10.0,1.0,10.0
1150.0,0.11372607946395874,0.11372607946395874,0.008661585859954357,0.017513077706098557,0.0009597137104719877,10.0,1.0,10.0
1151.0,0.11363448202610016,0.11363448202610016,0.008650684729218483,0.017546460032463074,0.0009581182384863496,10.0,1.0,10.0
1152.0,0.11354228854179382,0.11354228854179382,0.00863973144441843,0.017580030485987663,0.0009564944775775075,10.0,1.0,10.0
1153.0,0.11344964802265167,0.11344964802265167,0.008628745563328266,0.017613762989640236,0.0009548430098220706,10.0,1.0,10.0
1154.0,0.11335638165473938,0.11335638165473938,0.008617700077593327,0.017647759988904,0.0009531624964438379,10.0,1.0,10.0
1155.0,0.11326254904270172,0.11326254904270172,0.008606621995568275,0.01768179051578045,0.0009514543926343322,10.0,1.0,10.0
1156.0,0.11316820979118347,0.11316820979118347,0.008595488965511322,0.017716150730848312,0.0009497167775407434,10.0,1.0,10.0
1157.0,0.11307330429553986,0.11307330429553986,0.008584318682551384,0.017750617116689682,0.0009479493601247668,10.0,1.0,10.0
1158.0,0.1129777729511261,0.1129777729511261,0.008573096245527267,0.017785290256142616,0.0009461519657634199,10.0,1.0,10.0
1159.0,0.11288169771432877,0.11288169771432877,0.008561828173696995,0.017820172011852264,0.0009443243616260588,10.0,1.0,10.0
1160.0,0.11278510093688965,0.11278510093688965,0.008550520986318588,0.017855223268270493,0.0009424668969586492,10.0,1.0,10.0
1161.0,0.1126878410577774,0.1126878410577774,0.008539164438843727,0.01789039559662342,0.0009405805030837655,10.0,1.0,10.0
1162.0,0.11259013414382935,0.11259013414382935,0.008527761325240135,0.017925921827554703,0.0009386599413119256,10.0,1.0,10.0
1163.0,0.11249183118343353,0.11249183118343353,0.008516322821378708,0.017961502075195312,0.0009367103921249509,10.0,1.0,10.0
1164.0,0.11239295452833176,0.11239295452833176,0.0085048358887434,0.017997292801737785,0.0009347295854240656,10.0,1.0,10.0
1165.0,0.112293541431427,0.112293541431427,0.008493298664689064,0.018033379688858986,0.0009327177540399134,10.0,1.0,10.0
1166.0,0.11219353973865509,0.11219353973865509,0.008481725119054317,0.01806952804327011,0.0009306761203333735,10.0,1.0,10.0
1167.0,0.1120930090546608,0.1120930090546608,0.008470105938613415,0.018105944618582726,0.0009286003187298775,10.0,1.0,10.0
1168.0,0.11199202388525009,0.11199202388525009,0.008458445779979229,0.018142642453312874,0.0009264922118745744,10.0,1.0,10.0
1169.0,0.11189030110836029,0.11189030110836029,0.008446738123893738,0.018179360777139664,0.0009243559325113893,10.0,1.0,10.0
1170.0,0.11178816854953766,0.11178816854953766,0.008434988558292389,0.01821645349264145,0.000922182749491185,10.0,1.0,10.0
1171.0,0.11168547719717026,0.11168547719717026,0.008423199877142906,0.01825368031859398,0.0009199788328260183,10.0,1.0,10.0
1172.0,0.1115821897983551,0.1115821897983551,0.008411367423832417,0.018291059881448746,0.0009177458705380559,10.0,1.0,10.0
1173.0,0.11147848516702652,0.11147848516702652,0.008399497717618942,0.018328744918107986,0.0009154759463854134,10.0,1.0,10.0
1174.0,0.11137412488460541,0.11137412488460541,0.008387573063373566,0.01836664043366909,0.000913174997549504,10.0,1.0,10.0
1175.0,0.1112692803144455,0.1112692803144455,0.008375617675483227,0.018404651433229446,0.0009108456433750689,10.0,1.0,10.0
1176.0,0.1111639142036438,0.1111639142036438,0.008363611996173859,0.01844298094511032,0.0009084816556423903,10.0,1.0,10.0
1177.0,0.11105795204639435,0.11105795204639435,0.008351565338671207,0.01848147064447403,0.0009060832089744508,10.0,1.0,10.0
1178.0,0.11095169186592102,0.11095169186592102,0.008339502848684788,0.018520114943385124,0.0009036551928147674,10.0,1.0,10.0
1179.0,0.11084485799074173,0.11084485799074173,0.008327382616698742,0.018559126183390617,0.0009011904476210475,10.0,1.0,10.0
1180.0,0.11073748767375946,0.11073748767375946,0.00831521861255169,0.018598323687911034,0.0008986970642581582,10.0,1.0,10.0
1181.0,0.11062969267368317,0.11062969267368317,0.008303032256662846,0.01863761618733406,0.0008961751591414213,10.0,1.0,10.0
1182.0,0.11052132397890091,0.11052132397890091,0.008290788158774376,0.018677251413464546,0.0008936187950894237,10.0,1.0,10.0
1183.0,0.11041254550218582,0.11041254550218582,0.008278509601950645,0.018717151135206223,0.0008910293690860271,10.0,1.0,10.0
1184.0,0.11030323803424835,0.11030323803424835,0.008266204036772251,0.01875709369778633,0.0008884106064215302,10.0,1.0,10.0
1185.0,0.11019353568553925,0.11019353568553925,0.008253848180174828,0.018797490745782852,0.0008857565699145198,10.0,1.0,10.0
1186.0,0.11008341610431671,0.11008341610431671,0.00824146717786789,0.01883799582719803,0.0008830750593915582,10.0,1.0,10.0
1187.0,0.10997281968593597,0.10997281968593597,0.008229045197367668,0.018878722563385963,0.0008803640957921743,10.0,1.0,10.0
1188.0,0.10986185073852539,0.10986185073852539,0.008216588757932186,0.018919747322797775,0.0008776217000558972,10.0,1.0,10.0
1189.0,0.10975046455860138,0.10975046455860138,0.008204095996916294,0.018961027264595032,0.0008748478721827269,10.0,1.0,10.0
1190.0,0.10963867604732513,0.10963867604732513,0.008191579021513462,0.01900242269039154,0.0008720469195395708,10.0,1.0,10.0
1191.0,0.10952646285295486,0.10952646285295486,0.008179008029401302,0.01904422789812088,0.0008692150004208088,10.0,1.0,10.0
1192.0,0.10941394418478012,0.10941394418478012,0.008166423998773098,0.01908615604043007,0.0008663543849252164,10.0,1.0,10.0
1193.0,0.10930094867944717,0.10930094867944717,0.008153794333338737,0.019128354266285896,0.0008634647820144892,10.0,1.0,10.0
1194.0,0.10918766260147095,0.10918766260147095,0.008141132071614265,0.0191708505153656,0.0008605492766946554,10.0,1.0,10.0
1195.0,0.10907402634620667,0.10907402634620667,0.00812844280153513,0.019213521853089333,0.0008576080435886979,10.0,1.0,10.0
1196.0,0.10896008461713791,0.10896008461713791,0.008115713484585285,0.01925657130777836,0.0008546381141059101,10.0,1.0,10.0
1197.0,0.10884581506252289,0.10884581506252289,0.008102967403829098,0.01929972693324089,0.0008516419329680502,10.0,1.0,10.0
1198.0,0.10873126983642578,0.10873126983642578,0.008090187795460224,0.019343219697475433,0.0008486174629069865,10.0,1.0,10.0
1199.0,0.1086164340376854,0.1086164340376854,0.008077382110059261,0.019386915490031242,0.0008455696515738964,10.0,1.0,10.0
1200.0,0.1085013598203659,0.1085013598203659,0.008064543828368187,0.01943095214664936,0.0008424965781159699,10.0,1.0,10.0
1201.0,0.10838601738214493,0.10838601738214493,0.008051677606999874,0.019475217908620834,0.0008394026663154364,10.0,1.0,10.0
1202.0,0.10827039927244186,0.10827039927244186,0.008038783445954323,0.019519707188010216,0.0008362856460735202,10.0,1.0,10.0
1203.0,0.10815467685461044,0.10815467685461044,0.008025873452425003,0.01956448331475258,0.0008331452263519168,10.0,1.0,10.0
1204.0,0.1080385223031044,0.1080385223031044,0.008012917824089527,0.019609544426202774,0.0008299807086586952,10.0,1.0,10.0
1205.0,0.1079224944114685,0.1079224944114685,0.007999963127076626,0.01965489238500595,0.000826797157060355,10.0,1.0,10.0
1206.0,0.10780607163906097,0.10780607163906097,0.007986970245838165,0.01970040611922741,0.0008235957939177752,10.0,1.0,10.0
1207.0,0.10768955200910568,0.10768955200910568,0.007973949424922466,0.019746331498026848,0.0008203721372410655,10.0,1.0,10.0
1208.0,0.10757289081811905,0.10757289081811905,0.007960912771522999,0.019792450591921806,0.0008171314839273691,10.0,1.0,10.0
1209.0,0.10745611786842346,0.10745611786842346,0.007947864010930061,0.019838742911815643,0.0008138737175613642,10.0,1.0,10.0
1210.0,0.10733924806118011,0.10733924806118011,0.007934769615530968,0.01988559029996395,0.000810595927760005,10.0,1.0,10.0
1211.0,0.10722226649522781,0.10722226649522781,0.007921678014099598,0.019932428374886513,0.0008073060889728367,10.0,1.0,10.0
1212.0,0.10710523277521133,0.10710523277521133,0.007908562198281288,0.019979633390903473,0.0008039982058107853,10.0,1.0,10.0
1213.0,0.10698816180229187,0.10698816180229187,0.007895417511463165,0.020027242600917816,0.00080067478120327,10.0,1.0,10.0
1214.0,0.10687113553285599,0.10687113553285599,0.007882276549935341,0.020074918866157532,0.0007973452447913587,10.0,1.0,10.0
1215.0,0.10675407201051712,0.10675407201051712,0.007869111374020576,0.020122982561588287,0.0007939977804198861,10.0,1.0,10.0
1216.0,0.1066368967294693,0.1066368967294693,0.0078559136018157,0.0201713889837265,0.0007906370447017252,10.0,1.0,10.0
1217.0,0.10651987791061401,0.10651987791061401,0.007842727936804295,0.02021990530192852,0.000787269149441272,10.0,1.0,10.0
1218.0,0.1064029112458229,0.1064029112458229,0.007829517126083374,0.020268838852643967,0.0007838900201022625,10.0,1.0,10.0
1219.0,0.10628591477870941,0.10628591477870941,0.007816283032298088,0.020318035036325455,0.0007805051282048225,10.0,1.0,10.0
1220.0,0.10616910457611084,0.10616910457611084,0.007803053595125675,0.020367445424199104,0.0007771130767650902,10.0,1.0,10.0
1221.0,0.10605230182409286,0.10605230182409286,0.007789799943566322,0.020417187362909317,0.0007737121195532382,10.0,1.0,10.0
1222.0,0.10593567043542862,0.10593567043542862,0.00777653930708766,0.020467212423682213,0.0007703065639361739,10.0,1.0,10.0
1223.0,0.10581918060779572,0.10581918060779572,0.007763282861560583,0.02051737532019615,0.0007668968755751848,10.0,1.0,10.0
1224.0,0.1057029590010643,0.1057029590010643,0.007750009652227163,0.020568061619997025,0.0007634797948412597,10.0,1.0,10.0
1225.0,0.10558678209781647,0.10558678209781647,0.007736730854958296,0.02061884105205536,0.0007600636454299092,10.0,1.0,10.0
1226.0,0.10547082871198654,0.10547082871198654,0.007723448798060417,0.020669860765337944,0.0007566474960185587,10.0,1.0,10.0
1227.0,0.1053551435470581,0.1053551435470581,0.007710151374340057,0.02072135917842388,0.0007532269810326397,10.0,1.0,10.0
1228.0,0.10523968935012817,0.10523968935012817,0.00769686559215188,0.02077293023467064,0.0007498102495446801,10.0,1.0,10.0
1229.0,0.1051245629787445,0.1051245629787445,0.007683584466576576,0.020824791863560677,0.0007463928777724504,10.0,1.0,10.0
1230.0,0.10500972718000412,0.10500972718000412,0.007670293562114239,0.020877040922641754,0.0007429751567542553,10.0,1.0,10.0
1231.0,0.1048949658870697,0.1048949658870697,0.0076569849625229836,0.020929470658302307,0.0007395645370706916,10.0,1.0,10.0
1232.0,0.1047806367278099,0.1047806367278099,0.007643693592399359,0.020982109010219574,0.0007361589232459664,10.0,1.0,10.0
1233.0,0.10466670244932175,0.10466670244932175,0.007630404084920883,0.0210350900888443,0.0007327573839575052,10.0,1.0,10.0
1234.0,0.10455311834812164,0.10455311834812164,0.007617118302732706,0.021088318899273872,0.0007293617818504572,10.0,1.0,10.0
1235.0,0.10443982481956482,0.10443982481956482,0.007603836245834827,0.021141741424798965,0.0007259725825861096,10.0,1.0,10.0
1236.0,0.10432704538106918,0.10432704538106918,0.007590568158775568,0.02119544893503189,0.0007225912995636463,10.0,1.0,10.0
1237.0,0.1042146235704422,0.1042146235704422,0.007577297277748585,0.021249476820230484,0.0007192182820290327,10.0,1.0,10.0
1238.0,0.10410252958536148,0.10410252958536148,0.007564044091850519,0.021303508430719376,0.0007158588268794119,10.0,1.0,10.0
1239.0,0.1039910539984703,0.1039910539984703,0.007550796959549189,0.02135801501572132,0.0007125074043869972,10.0,1.0,10.0
1240.0,0.10387983173131943,0.10387983173131943,0.007537542842328548,0.021412735804915428,0.0007091666921041906,10.0,1.0,10.0
1241.0,0.10376916080713272,0.10376916080713272,0.007524329237639904,0.02146744728088379,0.0007058422197587788,10.0,1.0,10.0
1242.0,0.10365913063287735,0.10365913063287735,0.007511117961257696,0.02152271755039692,0.0007025235099717975,10.0,1.0,10.0
1243.0,0.10354935377836227,0.10354935377836227,0.007497918792068958,0.02157791703939438,0.0006992249982431531,10.0,1.0,10.0
1244.0,0.10344025492668152,0.10344025492668152,0.007484746165573597,0.02163337729871273,0.0006959418533369899,10.0,1.0,10.0
1245.0,0.10333161056041718,0.10333161056041718,0.007471566554158926,0.02168925851583481,0.0006926684873178601,10.0,1.0,10.0
1246.0,0.10322360694408417,0.10322360694408417,0.007458432577550411,0.021745111793279648,0.0006894172402098775,10.0,1.0,10.0
1247.0,0.10311606526374817,0.10311606526374817,0.007445317693054676,0.021801074966788292,0.0006861813017167151,10.0,1.0,10.0
1248.0,0.1030091941356659,0.1030091941356659,0.007432203274220228,0.021857598796486855,0.0006829565390944481,10.0,1.0,10.0
1249.0,0.10290294140577316,0.10290294140577316,0.00741915125399828,0.02191382646560669,0.0006797602400183678,10.0,1.0,10.0
1250.0,0.10279710590839386,0.10279710590839386,0.007406079676002264,0.021970544010400772,0.0006765769212506711,10.0,1.0,10.0
1251.0,0.10269205272197723,0.10269205272197723,0.007393047213554382,0.02202746830880642,0.0006734111811965704,10.0,1.0,10.0
1252.0,0.10258752852678299,0.10258752852678299,0.007380064111202955,0.022084137424826622,0.0006702748360112309,10.0,1.0,10.0
1253.0,0.10248368978500366,0.10248368978500366,0.007367082871496677,0.022141365334391594,0.000667149550281465,10.0,1.0,10.0
1254.0,0.10238047689199448,0.10238047689199448,0.007354139816015959,0.022198617458343506,0.000664046558085829,10.0,1.0,10.0
1255.0,0.1022779792547226,0.1022779792547226,0.007341248914599419,0.022255785763263702,0.0006609700503759086,10.0,1.0,10.0
1256.0,0.10217611491680145,0.10217611491680145,0.00732835941016674,0.022313425317406654,0.0006579090841114521,10.0,1.0,10.0
1257.0,0.10207494348287582,0.10207494348287582,0.007315525785088539,0.022370921447873116,0.0006548769306391478,10.0,1.0,10.0
1258.0,0.10197445005178452,0.10197445005178452,0.007302733138203621,0.022428426891565323,0.0006518697482533753,10.0,1.0,10.0
1259.0,0.10187461227178574,0.10187461227178574,0.007289942353963852,0.022486427798867226,0.0006488763028755784,10.0,1.0,10.0
1260.0,0.10177552700042725,0.10177552700042725,0.007277226075530052,0.022544126957654953,0.0006459133001044393,10.0,1.0,10.0
1261.0,0.10167709738016129,0.10167709738016129,0.0072645400650799274,0.022601943463087082,0.0006429753848351538,10.0,1.0,10.0
1262.0,0.10157939046621323,0.10157939046621323,0.007251878269016743,0.022660065442323685,0.0006400549318641424,10.0,1.0,10.0
1263.0,0.10148251801729202,0.10148251801729202,0.007239300757646561,0.02271786518394947,0.0006371648632921278,10.0,1.0,10.0
1264.0,0.10138628631830215,0.10138628631830215,0.007226739078760147,0.022775910794734955,0.0006342987762764096,10.0,1.0,10.0
1265.0,0.10129082202911377,0.10129082202911377,0.007214217446744442,0.02283410355448723,0.0006314547499641776,10.0,1.0,10.0
1266.0,0.10119596868753433,0.10119596868753433,0.007201747968792915,0.022892069071531296,0.0006286421557888389,10.0,1.0,10.0
1267.0,0.1011020690202713,0.1011020690202713,0.0071893432177603245,0.022950101643800735,0.0006258533103391528,10.0,1.0,10.0
1268.0,0.10100878030061722,0.10100878030061722,0.0071769715286791325,0.023008206859230995,0.0006230861763469875,10.0,1.0,10.0
1269.0,0.100916288793087,0.100916288793087,0.007164658047258854,0.023066237568855286,0.0006203469820320606,10.0,1.0,10.0
1270.0,0.10082457959651947,0.10082457959651947,0.007152404636144638,0.023124195635318756,0.0006176334572955966,10.0,1.0,10.0
1271.0,0.10073353350162506,0.10073353350162506,0.007140186615288258,0.023182231932878494,0.0006149441469460726,10.0,1.0,10.0
1272.0,0.1006433293223381,0.1006433293223381,0.007128042168915272,0.023240050300955772,0.0006122858030721545,10.0,1.0,10.0
1273.0,0.10055383294820786,0.10055383294820786,0.0071159484796226025,0.023297816514968872,0.0006096531287766993,10.0,1.0,10.0
1274.0,0.10046517103910446,0.10046517103910446,0.007103900890797377,0.023355742916464806,0.0006070418166927993,10.0,1.0,10.0
1275.0,0.10037726908922195,0.10037726908922195,0.007091937121003866,0.023413289338350296,0.0006044607143849134,10.0,1.0,10.0
1276.0,0.10029008239507675,0.10029008239507675,0.00708001758903265,0.023470863699913025,0.0006019040592946112,10.0,1.0,10.0
1277.0,0.10020367056131363,0.10020367056131363,0.007068160455673933,0.02352834865450859,0.0005993718514218926,10.0,1.0,10.0
1278.0,0.10011804848909378,0.10011804848909378,0.007056380622088909,0.023585544899106026,0.0005968694458715618,10.0,1.0,10.0
1279.0,0.10003318637609482,0.10003318637609482,0.007044648751616478,0.023642778396606445,0.0005943917203694582,10.0,1.0,10.0
1280.0,0.09994903206825256,0.09994903206825256,0.007032972294837236,0.023699916899204254,0.0005919385585002601,10.0,1.0,10.0
1281.0,0.09986569732427597,0.09986569732427597,0.007021390367299318,0.02375664748251438,0.0005895147914998233,10.0,1.0,10.0
1282.0,0.09978310018777847,0.09978310018777847,0.0070098694413900375,0.023813286796212196,0.0005871114553883672,10.0,1.0,10.0
1283.0,0.09970131516456604,0.09970131516456604,0.006998407654464245,0.023869918659329414,0.0005847322754561901,10.0,1.0,10.0
1284.0,0.09962021559476852,0.09962021559476852,0.006987026426941156,0.02392609231173992,0.0005823856918141246,10.0,1.0,10.0
1285.0,0.09953983873128891,0.09953983873128891,0.006975697353482246,0.023982271552085876,0.0005800600629299879,10.0,1.0,10.0
1286.0,0.09946028888225555,0.09946028888225555,0.006964449770748615,0.024038195610046387,0.0005777600454166532,10.0,1.0,10.0
1287.0,0.09938137978315353,0.09938137978315353,0.006953279487788677,0.024093709886074066,0.0005754873855039477,10.0,1.0,10.0
1288.0,0.09930332005023956,0.09930332005023956,0.0069421809166669846,0.024149151518940926,0.0005732354475185275,10.0,1.0,10.0
1289.0,0.09922602027654648,0.09922602027654648,0.006931152660399675,0.0242044348269701,0.0005710058030672371,10.0,1.0,10.0
1290.0,0.09914939105510712,0.09914939105510712,0.006920215208083391,0.024259163066744804,0.0005688070086762309,10.0,1.0,10.0
1291.0,0.09907343238592148,0.09907343238592148,0.006909334100782871,0.024313833564519882,0.0005666262004524469,10.0,1.0,10.0
1292.0,0.09899827837944031,0.09899827837944031,0.006898532155901194,0.02436823956668377,0.0005644713528454304,10.0,1.0,10.0
1293.0,0.0989237129688263,0.0989237129688263,0.006887814961373806,0.02442212589085102,0.0005623433971777558,10.0,1.0,10.0
1294.0,0.09884998202323914,0.09884998202323914,0.006877157837152481,0.024476082995533943,0.0005602319724857807,10.0,1.0,10.0
1295.0,0.0987769290804863,0.0987769290804863,0.006866599433124065,0.024529457092285156,0.0005581479053944349,10.0,1.0,10.0
1296.0,0.09870462119579315,0.09870462119579315,0.0068561309017241,0.02458244375884533,0.0005560867139138281,10.0,1.0,10.0
1297.0,0.09863289445638657,0.09863289445638657,0.0068457042798399925,0.024635428562760353,0.0005540424608625472,10.0,1.0,10.0
1298.0,0.09856194257736206,0.09856194257736206,0.006835389882326126,0.024687770754098892,0.0005520269041880965,10.0,1.0,10.0
1299.0,0.09849164634943008,0.09849164634943008,0.006825138349086046,0.024739962071180344,0.0005500293336808681,10.0,1.0,10.0
1300.0,0.09842212498188019,0.09842212498188019,0.006814985070377588,0.02479173243045807,0.0005480542895384133,10.0,1.0,10.0
1301.0,0.0983530655503273,0.0983530655503273,0.006804896518588066,0.024843089282512665,0.0005461007822304964,10.0,1.0,10.0
1302.0,0.09828479588031769,0.09828479588031769,0.006794895976781845,0.024894174188375473,0.0005441665416583419,10.0,1.0,10.0
1303.0,0.09821714460849762,0.09821714460849762,0.006784969940781593,0.02494490146636963,0.0005422550602816045,10.0,1.0,10.0
1304.0,0.09815015643835068,0.09815015643835068,0.006775138434022665,0.02499512955546379,0.0005403643590398133,10.0,1.0,10.0
1305.0,0.09808388352394104,0.09808388352394104,0.006765386089682579,0.025045126676559448,0.0005384890828281641,10.0,1.0,10.0
1306.0,0.09801814705133438,0.09801814705133438,0.006755714304745197,0.02509463205933571,0.0005366377299651504,10.0,1.0,10.0
1307.0,0.09795308858156204,0.09795308858156204,0.006746130064129829,0.02514374628663063,0.000534804945345968,10.0,1.0,10.0
1308.0,0.09788859635591507,0.09788859635591507,0.006736609153449535,0.0251926239579916,0.0005329878185875714,10.0,1.0,10.0
1309.0,0.09782472997903824,0.09782472997903824,0.0067271944135427475,0.025240827351808548,0.0005311960121616721,10.0,1.0,10.0
1310.0,0.09776157885789871,0.09776157885789871,0.00671785743907094,0.02528882957994938,0.0005294173606671393,10.0,1.0,10.0
1311.0,0.09769893437623978,0.09769893437623978,0.006708588916808367,0.02533646672964096,0.0005276577430777252,10.0,1.0,10.0
1312.0,0.09763697534799576,0.09763697534799576,0.0066994368098676205,0.025383399799466133,0.0005259205936454237,10.0,1.0,10.0
1313.0,0.09757548570632935,0.09757548570632935,0.006690323352813721,0.025430310517549515,0.000524194329045713,10.0,1.0,10.0
1314.0,0.0975145623087883,0.0975145623087883,0.006681312806904316,0.02547653391957283,0.0005224903579801321,10.0,1.0,10.0
1315.0,0.0974542647600174,0.0974542647600174,0.00667239585891366,0.025522274896502495,0.0005208029178902507,10.0,1.0,10.0
1316.0,0.09739455580711365,0.09739455580711365,0.006663535255938768,0.025567926466464996,0.0005191275849938393,10.0,1.0,10.0
1317.0,0.09733537584543228,0.09733537584543228,0.006654776632785797,0.025612860918045044,0.0005174750695005059,10.0,1.0,10.0
1318.0,0.09727680683135986,0.09727680683135986,0.006646095775067806,0.025657465681433678,0.0005158378044143319,10.0,1.0,10.0
1319.0,0.09721872955560684,0.09721872955560684,0.006637490354478359,0.025701694190502167,0.0005142130539752543,10.0,1.0,10.0
1320.0,0.09716116636991501,0.09716116636991501,0.006628970615565777,0.02574538253247738,0.0005126074538566172,10.0,1.0,10.0
1321.0,0.09710425138473511,0.09710425138473511,0.006620538886636496,0.025788700208067894,0.0005110161728225648,10.0,1.0,10.0
1322.0,0.09704775363206863,0.09704775363206863,0.006612163502722979,0.02583174593746662,0.0005094372318126261,10.0,1.0,10.0
1323.0,0.09699179977178574,0.09699179977178574,0.0066038984805345535,0.025874027982354164,0.0005078793619759381,10.0,1.0,10.0
1324.0,0.09693634510040283,0.09693634510040283,0.0065956879407167435,0.02591615729033947,0.0005063310964033008,10.0,1.0,10.0
1325.0,0.0968814343214035,0.0968814343214035,0.006587564013898373,0.025957807898521423,0.0005047987215220928,10.0,1.0,10.0
1326.0,0.09682703018188477,0.09682703018188477,0.006579526234418154,0.025998935103416443,0.0005032829940319061,10.0,1.0,10.0
1327.0,0.09677311778068542,0.09677311778068542,0.006571561563760042,0.0260397270321846,0.0005017771618440747,10.0,1.0,10.0
1328.0,0.0967196524143219,0.0967196524143219,0.006563663482666016,0.02608015388250351,0.0005002866382710636,10.0,1.0,10.0
1329.0,0.09666668623685837,0.09666668623685837,0.006555863190442324,0.02611990086734295,0.0004988146247342229,10.0,1.0,10.0
1330.0,0.09661415219306946,0.09661415219306946,0.006548111326992512,0.026159539818763733,0.0004973497125320137,10.0,1.0,10.0
1331.0,0.09656225144863129,0.09656225144863129,0.00654046144336462,0.026198627427220345,0.0004959006910212338,10.0,1.0,10.0
1332.0,0.0965106412768364,0.0965106412768364,0.00653287535533309,0.02623722329735756,0.0004944662796333432,10.0,1.0,10.0
1333.0,0.09645958244800568,0.09645958244800568,0.006525359582155943,0.026275591924786568,0.0004930401337333024,10.0,1.0,10.0
1334.0,0.09640894085168839,0.09640894085168839,0.006517927162349224,0.02631337195634842,0.00049162982031703,10.0,1.0,10.0
1335.0,0.09635873138904572,0.09635873138904572,0.006510564591735601,0.02635077014565468,0.0004902321379631758,10.0,1.0,10.0
1336.0,0.09630896151065826,0.09630896151065826,0.006503263954073191,0.026387877762317657,0.0004888446419499815,10.0,1.0,10.0
1337.0,0.09625964611768723,0.09625964611768723,0.006496037356555462,0.026424547657370567,0.0004874722217209637,10.0,1.0,10.0
1338.0,0.09621081501245499,0.09621081501245499,0.0064888992346823215,0.026460696011781693,0.0004861123743467033,10.0,1.0,10.0
1339.0,0.096162348985672,0.096162348985672,0.006481816526502371,0.026496585458517075,0.0004847600357607007,10.0,1.0,10.0
1340.0,0.0961143746972084,0.0961143746972084,0.006474813912063837,0.026532024145126343,0.00048342093941755593,10.0,1.0,10.0
1341.0,0.09606677293777466,0.09606677293777466,0.00646787928417325,0.02656705304980278,0.0004820928443223238,10.0,1.0,10.0
1342.0,0.09601960331201553,0.09601960331201553,0.006461006123572588,0.026601769030094147,0.0004807769146282226,10.0,1.0,10.0
1343.0,0.09597279876470566,0.09597279876470566,0.006454198621213436,0.026636069640517235,0.00047947390703484416,10.0,1.0,10.0
1344.0,0.09592640399932861,0.09592640399932861,0.006447468418627977,0.026669899001717567,0.0004781822790391743,10.0,1.0,10.0
1345.0,0.0958804041147232,0.0958804041147232,0.0064407833851873875,0.026703597977757454,0.0004768978396896273,10.0,1.0,10.0
1346.0,0.09583480656147003,0.09583480656147003,0.006434188690036535,0.026736654341220856,0.0004756265552714467,10.0,1.0,10.0
1347.0,0.09578964114189148,0.09578964114189148,0.006427654065191746,0.026769457384943962,0.00047436432214453816,10.0,1.0,10.0
1348.0,0.0957447737455368,0.0957447737455368,0.006421167403459549,0.026801984757184982,0.0004731119843199849,10.0,1.0,10.0
1349.0,0.09570035338401794,0.09570035338401794,0.0064147659577429295,0.02683396264910698,0.0004718738200608641,10.0,1.0,10.0
1350.0,0.09565629065036774,0.09565629065036774,0.00640841294080019,0.02686573565006256,0.00047064246609807014,10.0,1.0,10.0
1351.0,0.09561257809400558,0.09561257809400558,0.006402122788131237,0.026897117495536804,0.000469423015601933,10.0,1.0,10.0
1352.0,0.09556926786899567,0.09556926786899567,0.006395901087671518,0.026928113773465157,0.00046821468276903033,10.0,1.0,10.0
1353.0,0.0955263078212738,0.0955263078212738,0.006389731541275978,0.026958858594298363,0.0004670139169320464,10.0,1.0,10.0
1354.0,0.09548377990722656,0.09548377990722656,0.006383638363331556,0.026989158242940903,0.0004658237739931792,10.0,1.0,10.0
1355.0,0.09544152021408081,0.09544152021408081,0.006377588491886854,0.027019210159778595,0.00046464259503409266,10.0,1.0,10.0
1356.0,0.0953996330499649,0.0953996330499649,0.006371600087732077,0.027048906311392784,0.00046347235911525786,10.0,1.0,10.0
1357.0,0.09535809606313705,0.09535809606313705,0.006365675013512373,0.027078216895461082,0.00046231309534050524,10.0,1.0,10.0
1358.0,0.09531690180301666,0.09531690180301666,0.006359800696372986,0.027107302099466324,0.00046115968143567443,10.0,1.0,10.0
1359.0,0.09527607262134552,0.09527607262134552,0.006353987380862236,0.02713601104915142,0.0004600180545821786,10.0,1.0,10.0
1360.0,0.09523551166057587,0.09523551166057587,0.0063482290133833885,0.027164369821548462,0.0004588852752931416,10.0,1.0,10.0
1361.0,0.09519536048173904,0.09519536048173904,0.006342521868646145,0.027192536741495132,0.00045776000479236245,10.0,1.0,10.0
1362.0,0.09515547007322311,0.09515547007322311,0.006336871534585953,0.027220308780670166,0.0004566445422824472,10.0,1.0,10.0
1363.0,0.09511597454547882,0.09511597454547882,0.006331282202154398,0.027247752994298935,0.0004555403720587492,10.0,1.0,10.0
1364.0,0.09507669508457184,0.09507669508457184,0.006325728725641966,0.027274983003735542,0.00045444301213137805,10.0,1.0,10.0
1365.0,0.09503785520792007,0.09503785520792007,0.0063202413730323315,0.02730189636349678,0.0004533549945335835,10.0,1.0,10.0
1366.0,0.09499932825565338,0.09499932825565338,0.006314808502793312,0.027328478172421455,0.000452276726718992,10.0,1.0,10.0
1367.0,0.09496096521615982,0.09496096521615982,0.006309406831860542,0.02735484391450882,0.0004512057057581842,10.0,1.0,10.0
1368.0,0.0949229970574379,0.0949229970574379,0.006304075010120869,0.027380812913179398,0.0004501438816078007,10.0,1.0,10.0
1369.0,0.09488540142774582,0.09488540142774582,0.006298793014138937,0.027406571432948112,0.0004490898863878101,10.0,1.0,10.0
1370.0,0.09484803676605225,0.09484803676605225,0.006293545942753553,0.0274321511387825,0.0004480429633986205,10.0,1.0,10.0
1371.0,0.09481094032526016,0.09481094032526016,0.006288357079029083,0.027457283809781075,0.00044700870057567954,10.0,1.0,10.0
1372.0,0.09477417916059494,0.09477417916059494,0.006283214315772057,0.027482226490974426,0.00044598057866096497,10.0,1.0,10.0
1373.0,0.09473776817321777,0.09473776817321777,0.006278116721659899,0.027507003396749496,0.0004449587722774595,10.0,1.0,10.0
1374.0,0.09470156580209732,0.09470156580209732,0.0062730759382247925,0.027531322091817856,0.00044394793803803623,10.0,1.0,10.0
1375.0,0.09466568380594254,0.09466568380594254,0.006268069613724947,0.027555538341403008,0.00044294449617154896,10.0,1.0,10.0
1376.0,0.09463003277778625,0.09463003277778625,0.006263101007789373,0.027579553425312042,0.00044194719521328807,10.0,1.0,10.0
1377.0,0.09459470212459564,0.09459470212459564,0.006258201785385609,0.02760307863354683,0.0004409611865412444,10.0,1.0,10.0
1378.0,0.09455959498882294,0.09455959498882294,0.0062533277086913586,0.027626529335975647,0.0004399793688207865,10.0,1.0,10.0
1379.0,0.09452483803033829,0.09452483803033829,0.006248504854738712,0.027649739757180214,0.000439005671069026,10.0,1.0,10.0
1380.0,0.09449028968811035,0.09449028968811035,0.006243722978979349,0.027672650292515755,0.0004380415193736553,10.0,1.0,10.0
1381.0,0.09445604681968689,0.09445604681968689,0.006238982081413269,0.027695372700691223,0.0004370851966086775,10.0,1.0,10.0
1382.0,0.09442204982042313,0.09442204982042313,0.006234282627701759,0.027717862278223038,0.0004361360624898225,10.0,1.0,10.0
1383.0,0.09438826888799667,0.09438826888799667,0.006229627877473831,0.02774004079401493,0.0004351950192358345,10.0,1.0,10.0
1384.0,0.0943547934293747,0.0943547934293747,0.006225008051842451,0.027762126177549362,0.0004342588363215327,10.0,1.0,10.0
1385.0,0.0943215861916542,0.0943215861916542,0.006220436654984951,0.027783900499343872,0.00043333141366019845,10.0,1.0,10.0
1386.0,0.09428863227367401,0.09428863227367401,0.006215907633304596,0.02780543640255928,0.0004324121109675616,10.0,1.0,10.0
1387.0,0.09425583481788635,0.09425583481788635,0.006211395841091871,0.027826892212033272,0.0004314980760682374,10.0,1.0,10.0
1388.0,0.09422333538532257,0.09422333538532257,0.006206949707120657,0.027847882360219955,0.00043059614836238325,10.0,1.0,10.0
1389.0,0.09419108182191849,0.09419108182191849,0.006202520336955786,0.027868926525115967,0.0004296950064599514,10.0,1.0,10.0
1390.0,0.09415905922651291,0.09415905922651291,0.006198138929903507,0.02788964845240116,0.0004288025957066566,10.0,1.0,10.0
1391.0,0.09412729740142822,0.09412729740142822,0.006193808279931545,0.027910033240914345,0.0004279185086488724,10.0,1.0,10.0
1392.0,0.09409572929143906,0.09409572929143906,0.006189486477524042,0.027930501848459244,0.0004270366334822029,10.0,1.0,10.0
1393.0,0.0940643846988678,0.0940643846988678,0.006185220088809729,0.027950504794716835,0.00042616770952008665,10.0,1.0,10.0
1394.0,0.09403335303068161,0.09403335303068161,0.006180985365062952,0.0279704462736845,0.0004253051884006709,10.0,1.0,10.0
1395.0,0.09400246292352676,0.09400246292352676,0.006176780443638563,0.02799019031226635,0.00042444694554433227,10.0,1.0,10.0
1396.0,0.09397181123495102,0.09397181123495102,0.00617262115702033,0.028009645640850067,0.0004235953383613378,10.0,1.0,10.0
1397.0,0.09394145011901855,0.09394145011901855,0.0061684902757406235,0.028029069304466248,0.00042274734005331993,10.0,1.0,10.0
1398.0,0.09391111135482788,0.09391111135482788,0.006164386868476868,0.028048142790794373,0.0004219099646434188,10.0,1.0,10.0
1399.0,0.09388113021850586,0.09388113021850586,0.006160326302051544,0.028067084029316902,0.0004210788174532354,10.0,1.0,10.0
1400.0,0.09385133534669876,0.09385133534669876,0.006156288553029299,0.02808593399822712,0.0004202513082418591,10.0,1.0,10.0
1401.0,0.09382172673940659,0.09382172673940659,0.006152295041829348,0.028104454278945923,0.0004194324719719589,10.0,1.0,10.0
1402.0,0.0937923714518547,0.0937923714518547,0.006148333661258221,0.028122849762439728,0.0004186182050034404,10.0,1.0,10.0
1403.0,0.09376318752765656,0.09376318752765656,0.006144391838461161,0.028141193091869354,0.0004178073722869158,10.0,1.0,10.0
1404.0,0.09373415261507034,0.09373415261507034,0.006140497047454119,0.028159119188785553,0.00041700672591105103,10.0,1.0,10.0
1405.0,0.09370535612106323,0.09370535612106323,0.00613662414252758,0.028177009895443916,0.00041621061973273754,10.0,1.0,10.0
1406.0,0.09367679804563522,0.09367679804563522,0.006132778245955706,0.02819482982158661,0.0004154182388447225,10.0,1.0,10.0
1407.0,0.09364832937717438,0.09364832937717438,0.006128972861915827,0.02821224182844162,0.0004146361316088587,10.0,1.0,10.0
1408.0,0.09362013638019562,0.09362013638019562,0.006125193554908037,0.028229648247361183,0.0004138549556955695,10.0,1.0,10.0
1409.0,0.09359201043844223,0.09359201043844223,0.006121424958109856,0.028246968984603882,0.00041307913488708436,10.0,1.0,10.0
1410.0,0.09356418251991272,0.09356418251991272,0.006117727141827345,0.028263762593269348,0.0004123148100916296,10.0,1.0,10.0
1411.0,0.09353651851415634,0.09353651851415634,0.006114015821367502,0.028280874714255333,0.0004115485062357038,10.0,1.0,10.0
1412.0,0.0935089960694313,0.0935089960694313,0.006110359914600849,0.028297478333115578,0.0004107921849936247,10.0,1.0,10.0
1413.0,0.0934816375374794,0.0934816375374794,0.006106723099946976,0.0283140130341053,0.000410039268899709,10.0,1.0,10.0
1414.0,0.09345447272062302,0.09345447272062302,0.006103107705712318,0.028330493718385696,0.0004092900489922613,10.0,1.0,10.0
1415.0,0.09342748671770096,0.09342748671770096,0.006099537946283817,0.02834661491215229,0.0004085493856109679,10.0,1.0,10.0
1416.0,0.09340064972639084,0.09340064972639084,0.00609597796574235,0.02836277149617672,0.0004078100901097059,10.0,1.0,10.0
1417.0,0.09337395429611206,0.09337395429611206,0.006092446856200695,0.028378702700138092,0.00040707786683924496,10.0,1.0,10.0
1418.0,0.0933474749326706,0.0933474749326706,0.006088955327868462,0.0283944234251976,0.00040635003824718297,10.0,1.0,10.0
1419.0,0.0933210626244545,0.0933210626244545,0.006085465662181377,0.02841014787554741,0.00040562552749179304,10.0,1.0,10.0
1420.0,0.0932949036359787,0.0932949036359787,0.006082034669816494,0.028425464406609535,0.0004049089620821178,10.0,1.0,10.0
1421.0,0.09326882660388947,0.09326882660388947,0.006078600883483887,0.028440888971090317,0.0004041927750222385,10.0,1.0,10.0
1422.0,0.09324292093515396,0.09324292093515396,0.0060752020217478275,0.0284560676664114,0.00040348334005102515,10.0,1.0,10.0
1423.0,0.09321720153093338,0.09321720153093338,0.00607183575630188,0.02847103960812092,0.00040278059896081686,10.0,1.0,10.0
1424.0,0.09319156408309937,0.09319156408309937,0.006068473216146231,0.028486046940088272,0.00040207814890891314,10.0,1.0,10.0
1425.0,0.09316609799861908,0.09316609799861908,0.0060651577077806,0.028500700369477272,0.0004013818397652358,10.0,1.0,10.0
1426.0,0.09314079582691193,0.09314079582691193,0.006061858031898737,0.028515318408608437,0.0004006900708191097,10.0,1.0,10.0
1427.0,0.09311561286449432,0.09311561286449432,0.006058576516807079,0.028529822826385498,0.0004000019107479602,10.0,1.0,10.0
1428.0,0.09309059381484985,0.09309059381484985,0.006055336445569992,0.028544040396809578,0.0003993191057816148,10.0,1.0,10.0
1429.0,0.09306570887565613,0.09306570887565613,0.00605209544301033,0.028558379039168358,0.0003986370866186917,10.0,1.0,10.0
1430.0,0.09304092824459076,0.09304092824459076,0.006048901937901974,0.028572285547852516,0.0003979624016210437,10.0,1.0,10.0
1431.0,0.09301625192165375,0.09301625192165375,0.006045705638825893,0.02858630195260048,0.0003972886479459703,10.0,1.0,10.0
1432.0,0.09299169480800629,0.09299169480800629,0.006042547058314085,0.028600003570318222,0.00039662173367105424,10.0,1.0,10.0
1433.0,0.09296730905771255,0.09296730905771255,0.006039411295205355,0.028613626956939697,0.0003959574387408793,10.0,1.0,10.0
1434.0,0.09294302761554718,0.09294302761554718,0.006036281585693359,0.02862725406885147,0.0003952953848056495,10.0,1.0,10.0
1435.0,0.09291885048151016,0.09291885048151016,0.006033194251358509,0.028640514239668846,0.0003946395590901375,10.0,1.0,10.0
1436.0,0.09289484471082687,0.09289484471082687,0.006030116695910692,0.028653834015130997,0.0003939842863474041,10.0,1.0,10.0
1437.0,0.09287096560001373,0.09287096560001373,0.006027076859027147,0.02866685576736927,0.0003933339030481875,10.0,1.0,10.0
1438.0,0.09284715354442596,0.09284715354442596,0.006024038884788752,0.02867990918457508,0.00039268613909371197,10.0,1.0,10.0
1439.0,0.09282346069812775,0.09282346069812775,0.006021028384566307,0.02869274839758873,0.0003920425951946527,10.0,1.0,10.0
1440.0,0.0927998423576355,0.0927998423576355,0.006018031854182482,0.028705501928925514,0.00039140216540545225,10.0,1.0,10.0
1441.0,0.09277638047933578,0.09277638047933578,0.0060150716453790665,0.02871800772845745,0.00039076589746400714,10.0,1.0,10.0
1442.0,0.09275302290916443,0.09275302290916443,0.006012110970914364,0.0287306010723114,0.00039013067726045847,10.0,1.0,10.0
1443.0,0.09272974729537964,0.09272974729537964,0.006009183824062347,0.02874290570616722,0.00038949973531998694,10.0,1.0,10.0
1444.0,0.0927066057920456,0.0927066057920456,0.006006271578371525,0.028755176812410355,0.00038887097616679966,10.0,1.0,10.0
1445.0,0.0926835834980011,0.0926835834980011,0.0060033900663256645,0.028767207637429237,0.0003882477758452296,10.0,1.0,10.0
1446.0,0.09266054630279541,0.09266054630279541,0.0060004983097314835,0.028779305517673492,0.00038762547774240375,10.0,1.0,10.0
1447.0,0.09263769537210464,0.09263769537210464,0.005997661035507917,0.02879101037979126,0.0003870076616294682,10.0,1.0,10.0
1448.0,0.09261496365070343,0.09261496365070343,0.005994813516736031,0.028802938759326935,0.0003863887977786362,10.0,1.0,10.0
1449.0,0.09259229153394699,0.09259229153394699,0.0059920079074800014,0.028814449906349182,0.00038577636587433517,10.0,1.0,10.0
1450.0,0.09256966412067413,0.09256966412067413,0.005989208351820707,0.0288259107619524,0.0003851663204841316,10.0,1.0,10.0
1451.0,0.09254718571901321,0.09254718571901321,0.005986414384096861,0.02883748523890972,0.0003845559840556234,10.0,1.0,10.0
1452.0,0.09252480417490005,0.09252480417490005,0.005983669310808182,0.028848588466644287,0.00038395257433876395,10.0,1.0,10.0
1453.0,0.09250249713659286,0.09250249713659286,0.005980916786938906,0.02885984629392624,0.00038334770943038166,10.0,1.0,10.0
1454.0,0.09248022735118866,0.09248022735118866,0.005978184286504984,0.028870919719338417,0.00038274668622761965,10.0,1.0,10.0
1455.0,0.09245815128087997,0.09245815128087997,0.005975495558232069,0.02888169325888157,0.000382150145014748,10.0,1.0,10.0
1456.0,0.0924360528588295,0.0924360528588295,0.005972778424620628,0.028892751783132553,0.00038155162474140525,10.0,1.0,10.0
1457.0,0.09241408109664917,0.09241408109664917,0.0059701185673475266,0.028903288766741753,0.00038096075877547264,10.0,1.0,10.0
1458.0,0.09239214658737183,0.09239214658737183,0.005967460107058287,0.028913844376802444,0.00038036989280954003,10.0,1.0,10.0
1459.0,0.09237028658390045,0.09237028658390045,0.005964791867882013,0.02892458252608776,0.0003797781537286937,10.0,1.0,10.0
1460.0,0.09234854578971863,0.09234854578971863,0.005962194874882698,0.028934650123119354,0.0003791943599935621,10.0,1.0,10.0
1461.0,0.09232686460018158,0.09232686460018158,0.005959569476544857,0.028945090249180794,0.0003786079178098589,10.0,1.0,10.0
1462.0,0.0923052504658699,0.0923052504658699,0.005956962238997221,0.028955373913049698,0.00037802528822794557,10.0,1.0,10.0
1463.0,0.0922837108373642,0.0922837108373642,0.005954413674771786,0.028965068981051445,0.00037745002191513777,10.0,1.0,10.0
1464.0,0.09226225316524506,0.09226225316524506,0.005951822269707918,0.028975367546081543,0.0003768670139834285,10.0,1.0,10.0
1465.0,0.09224086254835129,0.09224086254835129,0.00594928115606308,0.02898513339459896,0.00037629148573614657,10.0,1.0,10.0
1466.0,0.09221948683261871,0.09221948683261871,0.005946761928498745,0.028994664549827576,0.0003757198865059763,10.0,1.0,10.0
1467.0,0.0921982154250145,0.0921982154250145,0.005944220814853907,0.029004575684666634,0.00037514371797442436,10.0,1.0,10.0
1468.0,0.09217698127031326,0.09217698127031326,0.005941727664321661,0.029013946652412415,0.00037457566941156983,10.0,1.0,10.0
1469.0,0.09215584397315979,0.09215584397315979,0.005939243361353874,0.02902333065867424,0.00037400831934064627,10.0,1.0,10.0
1470.0,0.09213477373123169,0.09213477373123169,0.005936748348176479,0.02903290092945099,0.0003734386991709471,10.0,1.0,10.0
1471.0,0.09211375564336777,0.09211375564336777,0.00593430595472455,0.02904193475842476,0.0003728765295818448,10.0,1.0,10.0
1472.0,0.09209277480840683,0.09209277480840683,0.005931861232966185,0.029051030054688454,0.0003723132540471852,10.0,1.0,10.0
1473.0,0.09207188338041306,0.09207188338041306,0.005929406266659498,0.02906033769249916,0.00037174817407503724,10.0,1.0,10.0
1474.0,0.09205098450183868,0.09205098450183868,0.005927010904997587,0.029068954288959503,0.00037119229091331363,10.0,1.0,10.0
1475.0,0.09203018993139267,0.09203018993139267,0.005924590863287449,0.029077952727675438,0.000370632711565122,10.0,1.0,10.0
1476.0,0.0920095145702362,0.0920095145702362,0.005922199692577124,0.02908676117658615,0.0003700752859003842,10.0,1.0,10.0
1477.0,0.09198873490095139,0.09198873490095139,0.005919825751334429,0.029095247387886047,0.0003695226914715022,10.0,1.0,10.0
1478.0,0.0919681042432785,0.0919681042432785,0.0059174527414143085,0.029103903099894524,0.00036896762321703136,10.0,1.0,10.0
1479.0,0.09194742888212204,0.09194742888212204,0.005915089976042509,0.02911236323416233,0.00036841596011072397,10.0,1.0,10.0
1480.0,0.0919269248843193,0.0919269248843193,0.005912756081670523,0.02912070043385029,0.00036786621785722673,10.0,1.0,10.0
1481.0,0.09190639853477478,0.09190639853477478,0.005910417065024376,0.029129046946763992,0.00036731784348376095,10.0,1.0,10.0
1482.0,0.09188595414161682,0.09188595414161682,0.0059081073850393295,0.02913716249167919,0.000366771942935884,10.0,1.0,10.0
1483.0,0.09186561405658722,0.09186561405658722,0.0059058088809251785,0.029145285487174988,0.00036622429615817964,10.0,1.0,10.0
1484.0,0.09184520691633224,0.09184520691633224,0.005903503391891718,0.029153374955058098,0.00036567955976352096,10.0,1.0,10.0
1485.0,0.09182481467723846,0.09182481467723846,0.005901232361793518,0.0291611198335886,0.00036513738450594246,10.0,1.0,10.0
1486.0,0.09180457890033722,0.09180457890033722,0.005898952484130859,0.02916911244392395,0.00036459407419897616,10.0,1.0,10.0
1487.0,0.09178434312343597,0.09178434312343597,0.005896694492548704,0.029176833108067513,0.0003640559152700007,10.0,1.0,10.0
1488.0,0.09176414459943771,0.09176414459943771,0.005894460715353489,0.02918434515595436,0.0003635191242210567,10.0,1.0,10.0
1489.0,0.09174399822950363,0.09174399822950363,0.005892203655093908,0.029192185029387474,0.00036297764745540917,10.0,1.0,10.0
1490.0,0.09172379970550537,0.09172379970550537,0.0058899931609630585,0.029199447482824326,0.0003624421078711748,10.0,1.0,10.0
1491.0,0.09170381724834442,0.09170381724834442,0.005887782201170921,0.029206927865743637,0.0003619070921558887,10.0,1.0,10.0
1492.0,0.09168368577957153,0.09168368577957153,0.005885559134185314,0.029214365407824516,0.0003613723674789071,10.0,1.0,10.0
1493.0,0.09166362136602402,0.09166362136602402,0.00588337704539299,0.0292214285582304,0.00036084227031096816,10.0,1.0,10.0
1494.0,0.09164366126060486,0.09164366126060486,0.0058811865746974945,0.029228713363409042,0.0003603087679948658,10.0,1.0,10.0
1495.0,0.0916237086057663,0.0916237086057663,0.005879011936485767,0.02923581376671791,0.0003597777977120131,10.0,1.0,10.0
1496.0,0.09160381555557251,0.09160381555557251,0.005876865237951279,0.029242657124996185,0.0003592503198888153,10.0,1.0,10.0
1497.0,0.09158387035131454,0.09158387035131454,0.005874685477465391,0.029249820858240128,0.0003587192913983017,10.0,1.0,10.0
1498.0,0.09156400710344315,0.09156400710344315,0.005872560665011406,0.02925645001232624,0.00035819486947730184,10.0,1.0,10.0
1499.0,0.09154421091079712,0.09154421091079712,0.005870419088751078,0.029263339936733246,0.00035766843939200044,10.0,1.0,10.0
1500.0,0.0915243998169899,0.0915243998169899,0.005868284963071346,0.029270105063915253,0.0003571441920939833,10.0,1.0,10.0
