epoch,loss_total,objective_total,loss_data,loss_physics,loss_boundary,weight_data,weight_physics,weight_boundary
1.0,100.58807373046875,100.58807373046875,0.209332674741745,98.48637390136719,0.0008369411807507277,10.0,1.0,10.0
2.0,99.22149658203125,99.22149658203125,0.14846190810203552,97.63188934326172,0.010498946532607079,10.0,1.0,10.0
3.0,98.20367431640625,98.20367431640625,0.10652458667755127,96.78700256347656,0.03514239564538002,10.0,1.0,10.0
4.0,97.48597717285156,97.48597717285156,0.08135238289833069,95.95308685302734,0.07193641364574432,10.0,1.0,10.0
5.0,97.00064086914062,97.00064086914062,0.0704675242304802,95.13554382324219,0.11604241281747818,10.0,1.0,10.0
6.0,96.65203094482422,96.65203094482422,0.0697893425822258,94.3495864868164,0.1604553908109665,10.0,1.0,10.0
7.0,96.33821105957031,96.33821105957031,0.0742335319519043,93.61334991455078,0.19825324416160583,10.0,1.0,10.0
8.0,95.9801254272461,95.9801254272461,0.07941365242004395,92.93801879882812,0.22479712963104248,10.0,1.0,10.0
9.0,95.53614044189453,95.53614044189453,0.08270630985498428,92.32391357421875,0.23851586878299713,10.0,1.0,10.0
10.0,94.99840545654297,94.99840545654297,0.0832739919424057,91.7618408203125,0.2403821349143982,10.0,1.0,10.0
11.0,94.379638671875,94.379638671875,0.08150076866149902,91.23564910888672,0.23289771378040314,10.0,1.0,10.0
12.0,93.69950103759766,93.69950103759766,0.07834171503782272,90.72417449951172,0.2191912680864334,10.0,1.0,10.0
13.0,92.97450256347656,92.97450256347656,0.07481369376182556,90.20248413085938,0.20238831639289856,10.0,1.0,10.0
14.0,92.21199798583984,92.21199798583984,0.0716828778386116,89.64276123046875,0.18524059653282166,10.0,1.0,10.0
15.0,91.40799713134766,91.40799713134766,0.06933294981718063,89.01544189453125,0.1699226200580597,10.0,1.0,10.0
16.0,90.54877471923828,90.54877471923828,0.06779047846794128,88.29138946533203,0.15794841945171356,10.0,1.0,10.0
17.0,89.61504364013672,89.61504364013672,0.06687220185995102,87.44397735595703,0.15023446083068848,10.0,1.0,10.0
18.0,88.58705139160156,88.58705139160156,0.06637736409902573,86.45081329345703,0.1472463756799698,10.0,1.0,10.0
19.0,87.44882202148438,87.44882202148438,0.06624545156955719,85.29495239257812,0.14914178848266602,10.0,1.0,10.0
20.0,86.19041442871094,86.19041442871094,0.06662513315677643,83.96569061279297,0.15584728121757507,10.0,1.0,10.0
21.0,84.80780792236328,84.80780792236328,0.06783290952444077,82.45907592773438,0.16703996062278748,10.0,1.0,10.0
22.0,83.3005599975586,83.3005599975586,0.07021284103393555,80.77796936035156,0.18204651772975922,10.0,1.0,10.0
23.0,81.66820526123047,81.66820526123047,0.07394012063741684,78.93161010742188,0.19971899688243866,10.0,1.0,10.0
24.0,79.90667724609375,79.90667724609375,0.07884158939123154,76.93451690673828,0.21837426722049713,10.0,1.0,10.0
25.0,78.00651550292969,78.00651550292969,0.08432342112064362,74.80429077148438,0.23589931428432465,10.0,1.0,10.0
26.0,75.9542236328125,75.9542236328125,0.08947861194610596,72.55854034423828,0.2500900626182556,10.0,1.0,10.0
27.0,73.73609161376953,73.73609161376953,0.09335163235664368,70.21131896972656,0.2591257095336914,10.0,1.0,10.0
28.0,71.34278106689453,71.34278106689453,0.09524048864841461,67.77050018310547,0.2619874179363251,10.0,1.0,10.0
29.0,68.77226257324219,68.77226257324219,0.09491097927093506,65.23619079589844,0.2586958408355713,10.0,1.0,10.0
30.0,66.02967071533203,66.02967071533203,0.0926552340388298,62.599876403808594,0.25032415986061096,10.0,1.0,10.0
31.0,63.12450408935547,63.12450408935547,0.0891907662153244,59.844608306884766,0.23879897594451904,10.0,1.0,10.0
32.0,60.06675338745117,60.06675338745117,0.08544572442770004,56.947120666503906,0.22651751339435577,10.0,1.0,10.0
33.0,56.86482238769531,56.86482238769531,0.08231049031019211,53.883460998535156,0.21582569181919098,10.0,1.0,10.0
34.0,53.52812576293945,53.52812576293945,0.0804503932595253,50.63897705078125,0.20846427977085114,10.0,1.0,10.0
35.0,50.073604583740234,50.073604583740234,0.08022349327802658,47.21986389160156,0.2051505744457245,10.0,1.0,10.0
36.0,46.53129959106445,46.53129959106445,0.0816328302025795,43.661041259765625,0.2053927779197693,10.0,1.0,10.0
37.0,42.944007873535156,42.944007873535156,0.08420731127262115,40.02677917480469,0.20751583576202393,10.0,1.0,10.0
38.0,39.361209869384766,39.361209869384766,0.08687204122543335,36.4032096862793,0.20892788469791412,10.0,1.0,10.0
39.0,35.83318328857422,35.83318328857422,0.08808586001396179,32.88428497314453,0.20680388808250427,10.0,1.0,10.0
40.0,32.411460876464844,32.411460876464844,0.08645695447921753,29.554779052734375,0.19921118021011353,10.0,1.0,10.0
41.0,29.153953552246094,29.153953552246094,0.08157669007778168,26.476337432861328,0.186184823513031,10.0,1.0,10.0
42.0,26.125198364257812,26.125198364257812,0.07442202419042587,23.681116104125977,0.1699860841035843,10.0,1.0,10.0
43.0,23.385011672973633,23.385011672973633,0.06688739359378815,21.1744327545166,0.15417037904262543,10.0,1.0,10.0
44.0,20.97173309326172,20.97173309326172,0.06068933755159378,18.946369171142578,0.14184695482254028,10.0,1.0,10.0
45.0,18.89432144165039,18.89432144165039,0.056477297097444534,16.98756217956543,0.13419866561889648,10.0,1.0,10.0
46.0,17.13499641418457,17.13499641418457,0.05378138646483421,15.294302940368652,0.13028793036937714,10.0,1.0,10.0
47.0,15.6487455368042,15.6487455368042,0.051522836089134216,13.85276985168457,0.12807472050189972,10.0,1.0,10.0
48.0,14.360627174377441,14.360627174377441,0.04864378273487091,12.616003036499023,0.12581861019134521,10.0,1.0,10.0
49.0,13.181007385253906,13.181007385253906,0.04483755677938461,11.501258850097656,0.12313723564147949,10.0,1.0,10.0
50.0,12.03562068939209,12.03562068939209,0.04080566391348839,10.419160842895508,0.12084037810564041,10.0,1.0,10.0
51.0,10.880075454711914,10.880075454711914,0.03731081262230873,9.313787460327148,0.11931806057691574,10.0,1.0,10.0
52.0,9.695733070373535,9.695733070373535,0.034075237810611725,8.18225383758545,0.11727266758680344,10.0,1.0,10.0
53.0,8.491066932678223,8.491066932678223,0.030223850160837173,7.06192684173584,0.11269019544124603,10.0,1.0,10.0
54.0,7.303350925445557,7.303350925445557,0.02553090825676918,5.9992804527282715,0.10487613081932068,10.0,1.0,10.0
55.0,6.182300090789795,6.182300090789795,0.02057698369026184,5.026754379272461,0.09497758746147156,10.0,1.0,10.0
56.0,5.173780918121338,5.173780918121338,0.016101567074656487,4.164154052734375,0.0848611444234848,10.0,1.0,10.0
57.0,4.319334506988525,4.319334506988525,0.012644531205296516,3.4345035552978516,0.07583856582641602,10.0,1.0,10.0
58.0,3.6519715785980225,3.6519715785980225,0.010340137407183647,2.8678765296936035,0.06806936115026474,10.0,1.0,10.0
59.0,3.184892416000366,3.184892416000366,0.008938845247030258,2.485098123550415,0.06104058399796486,10.0,1.0,10.0
60.0,2.9119880199432373,2.9119880199432373,0.008422312326729298,2.2789783477783203,0.05487866699695587,10.0,1.0,10.0
61.0,2.811673641204834,2.811673641204834,0.009233033284544945,2.2113027572631836,0.050804056227207184,10.0,1.0,10.0
62.0,2.8429365158081055,2.8429365158081055,0.011553472839295864,2.227982521057129,0.04994192719459534,10.0,1.0,10.0
63.0,2.950835704803467,2.950835704803467,0.01490564364939928,2.280690908432007,0.05210883170366287,10.0,1.0,10.0
64.0,3.08022403717041,3.08022403717041,0.018544109538197517,2.3362948894500732,0.05584882199764252,10.0,1.0,10.0
65.0,3.1808247566223145,3.1808247566223145,0.021829677745699883,2.3692007064819336,0.05933272838592529,10.0,1.0,10.0
66.0,3.2129263877868652,3.2129263877868652,0.02443796955049038,2.354485034942627,0.061406172811985016,10.0,1.0,10.0
67.0,3.1573309898376465,3.1573309898376465,0.02634260803461075,2.274569034576416,0.061933599412441254,10.0,1.0,10.0
68.0,3.015531539916992,3.015531539916992,0.02741737850010395,2.1299946308135986,0.06113630533218384,10.0,1.0,10.0
69.0,2.8040709495544434,2.8040709495544434,0.027321645990014076,1.9411803483963013,0.058967411518096924,10.0,1.0,10.0
70.0,2.550050735473633,2.550050735473633,0.025904737412929535,1.738555908203125,0.05524473637342453,10.0,1.0,10.0
71.0,2.2838282585144043,2.2838282585144043,0.023441849276423454,1.5486836433410645,0.05007259547710419,10.0,1.0,10.0
72.0,2.032545804977417,2.032545804977417,0.020459087565541267,1.3875737190246582,0.044038109481334686,10.0,1.0,10.0
73.0,1.8175816535949707,1.8175816535949707,0.0174234751611948,1.2629542350769043,0.03803927078843117,10.0,1.0,10.0
74.0,1.6514511108398438,1.6514511108398438,0.014534693211317062,1.17742919921875,0.03286749869585037,10.0,1.0,10.0
75.0,1.5363157987594604,1.5363157987594604,0.011830531060695648,1.128485918045044,0.028952457010746002,10.0,1.0,10.0
76.0,1.466829776763916,1.466829776763916,0.009460101835429668,1.107980728149414,0.02642480656504631,10.0,1.0,10.0
77.0,1.4327714443206787,1.4327714443206787,0.007685577962547541,1.103682041168213,0.02522336319088936,10.0,1.0,10.0
78.0,1.4209840297698975,1.4209840297698975,0.006639181170612574,1.103247046470642,0.02513451874256134,10.0,1.0,10.0
79.0,1.4185645580291748,1.4185645580291748,0.006197115872055292,1.0980442762374878,0.025854915380477905,10.0,1.0,10.0
80.0,1.4148250818252563,1.4148250818252563,0.006067152600735426,1.0836647748947144,0.02704887092113495,10.0,1.0,10.0
81.0,1.4019923210144043,1.4019923210144043,0.0059859780594706535,1.05841064453125,0.02837219461798668,10.0,1.0,10.0
82.0,1.3760721683502197,1.3760721683502197,0.005857629235833883,1.022628664970398,0.02948671020567417,10.0,1.0,10.0
83.0,1.3363770246505737,1.3363770246505737,0.005697437096387148,0.9786593317985535,0.030074330046772957,10.0,1.0,10.0
84.0,1.2843971252441406,1.2843971252441406,0.005503449123352766,0.9302796125411987,0.029908299446105957,10.0,1.0,10.0
85.0,1.2235114574432373,1.2235114574432373,0.005230441223829985,0.8815606832504272,0.028964638710021973,10.0,1.0,10.0
86.0,1.158260703086853,1.158260703086853,0.004835940897464752,0.8355847001075745,0.027431664988398552,10.0,1.0,10.0
87.0,1.093240737915039,1.093240737915039,0.004333024844527245,0.793957531452179,0.0255952887237072,10.0,1.0,10.0
88.0,1.0327115058898926,1.0327115058898926,0.0038205599412322044,0.7573292255401611,0.023717667907476425,10.0,1.0,10.0
89.0,0.9800997972488403,0.9800997972488403,0.0034395302645862103,0.7258744239807129,0.021983012557029724,10.0,1.0,10.0
90.0,0.9374256134033203,0.9374256134033203,0.0032891465816646814,0.6993371844291687,0.020519696176052094,10.0,1.0,10.0
91.0,0.9053614735603333,0.9053614735603333,0.003385248826816678,0.6770554780960083,0.019445354118943214,10.0,1.0,10.0
92.0,0.8832364678382874,0.8832364678382874,0.0036702007055282593,0.6580237746238708,0.01885107159614563,10.0,1.0,10.0
93.0,0.8691017627716064,0.8691017627716064,0.00406192010268569,0.6410784125328064,0.018740419298410416,10.0,1.0,10.0
94.0,0.860365092754364,0.860365092754364,0.004506489261984825,0.6252797245979309,0.019002052024006844,10.0,1.0,10.0
95.0,0.8542682528495789,0.8542682528495789,0.0049720448441803455,0.6101279854774475,0.019441979005932808,10.0,1.0,10.0
96.0,0.8482286334037781,0.8482286334037781,0.005408330820500851,0.5955045223236084,0.01986408419907093,10.0,1.0,10.0
97.0,0.8403689861297607,0.8403689861297607,0.005739038810133934,0.5814809203147888,0.02014976367354393,10.0,1.0,10.0
98.0,0.8296766877174377,0.8296766877174377,0.005891531705856323,0.5680727958679199,0.020268859341740608,10.0,1.0,10.0
99.0,0.8159499168395996,0.8159499168395996,0.005840968806296587,0.5552277565002441,0.02023124508559704,10.0,1.0,10.0
100.0,0.7997661232948303,0.7997661232948303,0.005629068240523338,0.543046772480011,0.020042866468429565,10.0,1.0,10.0
101.0,0.7821527123451233,0.7821527123451233,0.005329723935574293,0.5318102836608887,0.01970451883971691,10.0,1.0,10.0
102.0,0.7642607092857361,0.7642607092857361,0.0050016832537949085,0.5217709541320801,0.01924729160964489,10.0,1.0,10.0
103.0,0.7471833229064941,0.7471833229064941,0.004670644644647837,0.5129774808883667,0.018749941140413284,10.0,1.0,10.0
104.0,0.7316877841949463,0.7316877841949463,0.00434084702283144,0.5052813291549683,0.018299799412488937,10.0,1.0,10.0
105.0,0.7181172370910645,0.7181172370910645,0.004022665321826935,0.49850910902023315,0.017938150092959404,10.0,1.0,10.0
106.0,0.7064611911773682,0.7064611911773682,0.0037454059347510338,0.4925403296947479,0.017646681517362595,10.0,1.0,10.0
107.0,0.696391224861145,0.696391224861145,0.003538504708558321,0.4871809482574463,0.017382517457008362,10.0,1.0,10.0
108.0,0.6874193549156189,0.6874193549156189,0.0034069144167006016,0.48211410641670227,0.01712360978126526,10.0,1.0,10.0
109.0,0.6790673732757568,0.6790673732757568,0.0033264022786170244,0.47702986001968384,0.016877343878149986,10.0,1.0,10.0
110.0,0.6709319353103638,0.6709319353103638,0.003263927297666669,0.47175806760787964,0.016653459519147873,10.0,1.0,10.0
111.0,0.6627718806266785,0.6627718806266785,0.003206338733434677,0.46626588702201843,0.016444258391857147,10.0,1.0,10.0
112.0,0.6545166969299316,0.6545166969299316,0.0031655333004891872,0.4605334997177124,0.01623278670012951,10.0,1.0,10.0
113.0,0.6461937427520752,0.6461937427520752,0.0031556871253997087,0.45449942350387573,0.016013747081160545,10.0,1.0,10.0
114.0,0.6378943920135498,0.6378943920135498,0.0031717433594167233,0.4481508433818817,0.01580260880291462,10.0,1.0,10.0
115.0,0.6297131776809692,0.6297131776809692,0.0031916159205138683,0.4415687322616577,0.015622824430465698,10.0,1.0,10.0
116.0,0.6216926574707031,0.6216926574707031,0.0031985731329768896,0.4348350763320923,0.0154871866106987,10.0,1.0,10.0
117.0,0.6138309240341187,0.6138309240341187,0.0031978690531104803,0.42793408036231995,0.015391812659800053,10.0,1.0,10.0
118.0,0.606084942817688,0.606084942817688,0.003206999273970723,0.4207787811756134,0.015323618426918983,10.0,1.0,10.0
119.0,0.5983906984329224,0.5983906984329224,0.0032329154200851917,0.41333717107772827,0.015272442251443863,10.0,1.0,10.0
120.0,0.5907084941864014,0.5907084941864014,0.0032632588408887386,0.4057018458843231,0.015237405896186829,10.0,1.0,10.0
121.0,0.5830302238464355,0.5830302238464355,0.003279004478827119,0.39801451563835144,0.015222564339637756,10.0,1.0,10.0
122.0,0.5753887891769409,0.5753887891769409,0.0032740028109401464,0.39036643505096436,0.015228230506181717,10.0,1.0,10.0
123.0,0.5678584575653076,0.5678584575653076,0.0032596357632428408,0.3827906548976898,0.015247144736349583,10.0,1.0,10.0
124.0,0.5605244636535645,0.5605244636535645,0.00325087015517056,0.37532222270965576,0.015269357711076736,10.0,1.0,10.0
125.0,0.5534617900848389,0.5534617900848389,0.00325139332562685,0.3680347502231598,0.015291307121515274,10.0,1.0,10.0
126.0,0.546718180179596,0.546718180179596,0.0032528324518352747,0.36101073026657104,0.01531790941953659,10.0,1.0,10.0
127.0,0.5402952432632446,0.5402952432632446,0.00324613437987864,0.3542935252189636,0.015354038216173649,10.0,1.0,10.0
128.0,0.5341542959213257,0.5341542959213257,0.003231668146327138,0.3478846251964569,0.01539529673755169,10.0,1.0,10.0
129.0,0.528227686882019,0.528227686882019,0.0032171038910746574,0.3417702317237854,0.015428639948368073,10.0,1.0,10.0
130.0,0.5224340558052063,0.5224340558052063,0.0032073520123958588,0.33593568205833435,0.01544248592108488,10.0,1.0,10.0
131.0,0.5167053937911987,0.5167053937911987,0.003199042519554496,0.33036425709724426,0.015435072593390942,10.0,1.0,10.0
132.0,0.5109976530075073,0.5109976530075073,0.003184848465025425,0.3250328600406647,0.01541163306683302,10.0,1.0,10.0
133.0,0.505296528339386,0.505296528339386,0.0031622222159057856,0.3199215531349182,0.015375275164842606,10.0,1.0,10.0
134.0,0.4996190667152405,0.4996190667152405,0.003136521205306053,0.31502270698547363,0.015323115512728691,10.0,1.0,10.0
135.0,0.4940008819103241,0.4940008819103241,0.0031151496805250645,0.31033340096473694,0.015251598320901394,10.0,1.0,10.0
136.0,0.48848390579223633,0.48848390579223633,0.003100111847743392,0.30584630370140076,0.015163648873567581,10.0,1.0,10.0
137.0,0.4831053614616394,0.4831053614616394,0.0030871741473674774,0.30154699087142944,0.015068662352859974,10.0,1.0,10.0
138.0,0.47788673639297485,0.47788673639297485,0.003071974962949753,0.2974129617214203,0.01497539971023798,10.0,1.0,10.0
139.0,0.47283226251602173,0.47283226251602173,0.003055882640182972,0.29341015219688416,0.014886328019201756,10.0,1.0,10.0
140.0,0.467929869890213,0.467929869890213,0.0030447570607066154,0.2894911468029022,0.014799114316701889,10.0,1.0,10.0
141.0,0.4631545841693878,0.4631545841693878,0.00304232956841588,0.2856069803237915,0.014712432399392128,10.0,1.0,10.0
142.0,0.45847761631011963,0.45847761631011963,0.003046037396416068,0.2817257046699524,0.014629150740802288,10.0,1.0,10.0
143.0,0.45387089252471924,0.45387089252471924,0.003049729624763131,0.2778359055519104,0.014553772285580635,10.0,1.0,10.0
144.0,0.449311763048172,0.449311763048172,0.0030498849228024483,0.27393266558647156,0.014488023705780506,10.0,1.0,10.0
145.0,0.44478729367256165,0.44478729367256165,0.003048371523618698,0.27000582218170166,0.014429775066673756,10.0,1.0,10.0
146.0,0.44029396772384644,0.44029396772384644,0.0030488730408251286,0.26604515314102173,0.01437600702047348,10.0,1.0,10.0
147.0,0.4358368515968323,0.4358368515968323,0.0030518644489347935,0.2620562016963959,0.014326198026537895,10.0,1.0,10.0
148.0,0.43142759799957275,0.43142759799957275,0.0030539403669536114,0.2580644190311432,0.014282377436757088,10.0,1.0,10.0
149.0,0.427079975605011,0.427079975605011,0.00305171892978251,0.25410085916519165,0.014246194623410702,10.0,1.0,10.0
150.0,0.42280691862106323,0.42280691862106323,0.0030454322695732117,0.25018689036369324,0.014216573908925056,10.0,1.0,10.0
151.0,0.4186174273490906,0.4186174273490906,0.0030379651580005884,0.2463330328464508,0.014190472662448883,10.0,1.0,10.0
152.0,0.41451436281204224,0.41451436281204224,0.003031006548553705,0.24254821240901947,0.014165608212351799,10.0,1.0,10.0
153.0,0.4104951322078705,0.4104951322078705,0.003023127792403102,0.23884433507919312,0.014141952618956566,10.0,1.0,10.0
154.0,0.4065532386302948,0.4065532386302948,0.0030119004659354687,0.2352302372455597,0.014120399951934814,10.0,1.0,10.0
155.0,0.40268024802207947,0.40268024802207947,0.0029971066396683455,0.2317051887512207,0.014100399799644947,10.0,1.0,10.0
156.0,0.3988693654537201,0.3988693654537201,0.0029811717104166746,0.22826160490512848,0.014079604297876358,10.0,1.0,10.0
157.0,0.3951162099838257,0.3951162099838257,0.0029663615860044956,0.22489511966705322,0.014055748470127583,10.0,1.0,10.0
158.0,0.3914201259613037,0.3914201259613037,0.0029524636920541525,0.22160965204238892,0.014028586447238922,10.0,1.0,10.0
159.0,0.38778334856033325,0.38778334856033325,0.0029374733567237854,0.2184130698442459,0.013999554328620434,10.0,1.0,10.0
160.0,0.38420894742012024,0.38420894742012024,0.0029204206075519323,0.21530823409557343,0.01396965142339468,10.0,1.0,10.0
161.0,0.3806999921798706,0.3806999921798706,0.0029027529526501894,0.21229000389575958,0.013938244432210922,10.0,1.0,10.0
162.0,0.37725746631622314,0.37725746631622314,0.0028868727385997772,0.20934844017028809,0.013904029503464699,10.0,1.0,10.0
163.0,0.3738802969455719,0.3738802969455719,0.0028737112879753113,0.20647519826889038,0.013866798020899296,10.0,1.0,10.0
164.0,0.37056607007980347,0.37056607007980347,0.002862160326912999,0.20366597175598145,0.013827848248183727,10.0,1.0,10.0
165.0,0.36731094121932983,0.36731094121932983,0.0028508116956800222,0.20091679692268372,0.013788605108857155,10.0,1.0,10.0
166.0,0.36411160230636597,0.36411160230636597,0.002839792985469103,0.19822126626968384,0.013749241828918457,10.0,1.0,10.0
167.0,0.36096543073654175,0.36096543073654175,0.0028305326122790575,0.19557109475135803,0.013708899728953838,10.0,1.0,10.0
168.0,0.3578706383705139,0.3578706383705139,0.002824043156579137,0.1929597556591034,0.013667047023773193,10.0,1.0,10.0
169.0,0.3548266887664795,0.3548266887664795,0.00281977909617126,0.190385639667511,0.013624327257275581,10.0,1.0,10.0
170.0,0.3518337309360504,0.3518337309360504,0.0028164321556687355,0.18785062432289124,0.013581877574324608,10.0,1.0,10.0
171.0,0.3488919734954834,0.3488919734954834,0.002813362516462803,0.18535619974136353,0.013540214858949184,10.0,1.0,10.0
172.0,0.34600186347961426,0.34600186347961426,0.0028110153507441282,0.18290174007415771,0.013498996384441853,10.0,1.0,10.0
173.0,0.3431633710861206,0.3431633710861206,0.0028098842594772577,0.18048614263534546,0.013457841239869595,10.0,1.0,10.0
174.0,0.3403760492801666,0.3403760492801666,0.0028094446752220392,0.17811019718647003,0.013417140580713749,10.0,1.0,10.0
175.0,0.3376387357711792,0.3376387357711792,0.0028084779623895884,0.17577619850635529,0.013377777300775051,10.0,1.0,10.0
176.0,0.33494997024536133,0.33494997024536133,0.002806216012686491,0.17348536849021912,0.013340245001018047,10.0,1.0,10.0
177.0,0.33230793476104736,0.33230793476104736,0.0028028918895870447,0.17123618721961975,0.013304284773766994,10.0,1.0,10.0
178.0,0.3297109603881836,0.3297109603881836,0.0027990946546196938,0.1690264642238617,0.013269352726638317,10.0,1.0,10.0
179.0,0.32715731859207153,0.32715731859207153,0.0027947640046477318,0.16685587167739868,0.013235380873084068,10.0,1.0,10.0
180.0,0.32464584708213806,0.32464584708213806,0.002789167920127511,0.16472594439983368,0.013202821835875511,10.0,1.0,10.0
181.0,0.3221757411956787,0.3221757411956787,0.002781835850328207,0.16263747215270996,0.01317199133336544,10.0,1.0,10.0
182.0,0.3197464048862457,0.3197464048862457,0.0027732064481824636,0.16058818995952606,0.013142615556716919,10.0,1.0,10.0
183.0,0.31735759973526,0.31735759973526,0.0027642210479825735,0.1585746854543686,0.013114070519804955,10.0,1.0,10.0
184.0,0.31500884890556335,0.31500884890556335,0.002755412831902504,0.15659493207931519,0.013085979036986828,10.0,1.0,10.0
185.0,0.3126997649669647,0.3126997649669647,0.0027465783059597015,0.15464945137500763,0.013058453798294067,10.0,1.0,10.0
186.0,0.31042948365211487,0.31042948365211487,0.002737356349825859,0.15273922681808472,0.013031668961048126,10.0,1.0,10.0
187.0,0.3081972301006317,0.3081972301006317,0.0027279085479676723,0.1508638560771942,0.01300542987883091,10.0,1.0,10.0
188.0,0.30600184202194214,0.30600184202194214,0.0027188528329133987,0.14902138710021973,0.012979194521903992,10.0,1.0,10.0
189.0,0.3038424253463745,0.3038424253463745,0.002710651606321335,0.1472105085849762,0.012952540069818497,10.0,1.0,10.0
190.0,0.3017176389694214,0.3017176389694214,0.0027031877543777227,0.14543145895004272,0.01292543113231659,10.0,1.0,10.0
191.0,0.29962649941444397,0.29962649941444397,0.0026960736140608788,0.14368529617786407,0.01289804745465517,10.0,1.0,10.0
192.0,0.2975682020187378,0.2975682020187378,0.0026891857851296663,0.14197255671024323,0.012870380654931068,10.0,1.0,10.0
193.0,0.29554203152656555,0.29554203152656555,0.0026827796828001738,0.1402924805879593,0.012842174619436264,10.0,1.0,10.0
194.0,0.29354727268218994,0.29354727268218994,0.002677114913240075,0.1386440247297287,0.012813212350010872,10.0,1.0,10.0
195.0,0.29158347845077515,0.29158347845077515,0.0026720601599663496,0.137026846408844,0.012783603742718697,10.0,1.0,10.0
196.0,0.28964996337890625,0.28964996337890625,0.00266726640984416,0.13544097542762756,0.01275363378226757,10.0,1.0,10.0
197.0,0.2877461910247803,0.2877461910247803,0.0026625455357134342,0.13388583064079285,0.012723490595817566,10.0,1.0,10.0
198.0,0.2858714759349823,0.2858714759349823,0.0026579999830573797,0.13235998153686523,0.012693149037659168,10.0,1.0,10.0
199.0,0.28402501344680786,0.28402501344680786,0.0026537738740444183,0.13086168467998505,0.012662560679018497,10.0,1.0,10.0
200.0,0.28220629692077637,0.28220629692077637,0.0026497268117964268,0.12939004600048065,0.012631900608539581,10.0,1.0,10.0
201.0,0.2804144620895386,0.2804144620895386,0.002645510248839855,0.12794460356235504,0.012601476162672043,10.0,1.0,10.0
202.0,0.27864888310432434,0.27864888310432434,0.0026409272104501724,0.12652450799942017,0.012571509927511215,10.0,1.0,10.0
203.0,0.2769089937210083,0.2769089937210083,0.0026360666379332542,0.12512829899787903,0.012542003765702248,10.0,1.0,10.0
204.0,0.2751941680908203,0.2751941680908203,0.002631111303344369,0.1237543374300003,0.0125128710642457,10.0,1.0,10.0
205.0,0.273503839969635,0.273503839969635,0.0026260397862643003,0.12240180373191833,0.012484163977205753,10.0,1.0,10.0
206.0,0.27183738350868225,0.27183738350868225,0.0026206732727587223,0.1210704818367958,0.012456018477678299,10.0,1.0,10.0
207.0,0.27019453048706055,0.27019453048706055,0.002614909317344427,0.11976020783185959,0.012428520247340202,10.0,1.0,10.0
208.0,0.26857465505599976,0.26857465505599976,0.0026088994927704334,0.11847000569105148,0.012401564046740532,10.0,1.0,10.0
209.0,0.2669772505760193,0.2669772505760193,0.0026028947904706,0.11719872802495956,0.012374958023428917,10.0,1.0,10.0
210.0,0.2654021084308624,0.2654021084308624,0.0025970006827265024,0.11594594269990921,0.012348616495728493,10.0,1.0,10.0
211.0,0.26384851336479187,0.26384851336479187,0.002591131953522563,0.1147117167711258,0.012322547845542431,10.0,1.0,10.0
212.0,0.2623160183429718,0.2623160183429718,0.0025852168910205364,0.11349624395370483,0.012296759523451328,10.0,1.0,10.0
213.0,0.26080429553985596,0.26080429553985596,0.0025793290697038174,0.11229939758777618,0.012271158397197723,10.0,1.0,10.0
214.0,0.2593129873275757,0.2593129873275757,0.002573624951764941,0.11112060397863388,0.012245613150298595,10.0,1.0,10.0
215.0,0.2578415870666504,0.2578415870666504,0.0025681520346552134,0.10995964705944061,0.012220039963722229,10.0,1.0,10.0
216.0,0.25638988614082336,0.25638988614082336,0.002562806475907564,0.10881685465574265,0.012194495648145676,10.0,1.0,10.0
217.0,0.2549574077129364,0.2549574077129364,0.0025574704632163048,0.10769238322973251,0.012169032357633114,10.0,1.0,10.0
218.0,0.2535439133644104,0.2535439133644104,0.0025521512143313885,0.10658607631921768,0.012143634259700775,10.0,1.0,10.0
219.0,0.25214898586273193,0.25214898586273193,0.002546916017308831,0.10549740493297577,0.012118243612349033,10.0,1.0,10.0
220.0,0.2507724165916443,0.2507724165916443,0.002541810506954789,0.10442595183849335,0.012092836201190948,10.0,1.0,10.0
221.0,0.24941372871398926,0.24941372871398926,0.002536750165745616,0.1033715307712555,0.012067470699548721,10.0,1.0,10.0
222.0,0.24807271361351013,0.24807271361351013,0.002531647216528654,0.10233401507139206,0.01204222347587347,10.0,1.0,10.0
223.0,0.24674902856349945,0.24674902856349945,0.0025265070144087076,0.10131300240755081,0.01201709546148777,10.0,1.0,10.0
224.0,0.24544234573841095,0.24544234573841095,0.0025214117486029863,0.10030783712863922,0.011992039158940315,10.0,1.0,10.0
225.0,0.2441524863243103,0.2441524863243103,0.002516388427466154,0.09931809455156326,0.011967050842940807,10.0,1.0,10.0
226.0,0.2428792119026184,0.2428792119026184,0.0025113753508776426,0.09834366291761398,0.011942179873585701,10.0,1.0,10.0
227.0,0.24162226915359497,0.24162226915359497,0.002506311284378171,0.09738433361053467,0.011917483061552048,10.0,1.0,10.0
228.0,0.24038144946098328,0.24038144946098328,0.0025012027472257614,0.09643980860710144,0.011892961338162422,10.0,1.0,10.0
229.0,0.23915641009807587,0.23915641009807587,0.002496113535016775,0.09550953656435013,0.011868573725223541,10.0,1.0,10.0
230.0,0.23794692754745483,0.23794692754745483,0.0024910559877753258,0.09459319710731506,0.011844317428767681,10.0,1.0,10.0
231.0,0.2367529273033142,0.2367529273033142,0.0024859984405338764,0.09369061887264252,0.011820233426988125,10.0,1.0,10.0
232.0,0.23557403683662415,0.23557403683662415,0.002480898518115282,0.0928015410900116,0.01179635152220726,10.0,1.0,10.0
233.0,0.23441007733345032,0.23441007733345032,0.002475770190358162,0.09192568063735962,0.011772670783102512,10.0,1.0,10.0
234.0,0.2332608848810196,0.2332608848810196,0.00247067678719759,0.09106259793043137,0.011749152094125748,10.0,1.0,10.0
235.0,0.23212620615959167,0.23212620615959167,0.002465636935085058,0.09021195024251938,0.011725788936018944,10.0,1.0,10.0
236.0,0.23100590705871582,0.23100590705871582,0.002460631774738431,0.0893736258149147,0.01170259714126587,10.0,1.0,10.0
237.0,0.22989971935749054,0.22989971935749054,0.0024556119460612535,0.08854761719703674,0.011679599061608315,10.0,1.0,10.0
238.0,0.22880755364894867,0.22880755364894867,0.0024505886249244213,0.08773382753133774,0.011656783521175385,10.0,1.0,10.0
239.0,0.22772908210754395,0.22772908210754395,0.00244559021666646,0.08693201094865799,0.011634117923676968,10.0,1.0,10.0
240.0,0.22666426002979279,0.22666426002979279,0.002440625336021185,0.0861421599984169,0.011611584573984146,10.0,1.0,10.0
241.0,0.2256127893924713,0.2256127893924713,0.0024356632493436337,0.08536427468061447,0.011589187197387218,10.0,1.0,10.0
242.0,0.2245745062828064,0.2245745062828064,0.0024306599516421556,0.08459844440221786,0.011566946282982826,10.0,1.0,10.0
243.0,0.2235492467880249,0.2235492467880249,0.0024256182368844748,0.08384469151496887,0.01154483761638403,10.0,1.0,10.0
244.0,0.22253690659999847,0.22253690659999847,0.0024205781519412994,0.0831027552485466,0.011522836983203888,10.0,1.0,10.0
245.0,0.2215372920036316,0.2215372920036316,0.002415543654933572,0.08237253129482269,0.011500932276248932,10.0,1.0,10.0
246.0,0.22055011987686157,0.22055011987686157,0.002410497050732374,0.08165393769741058,0.011479120701551437,10.0,1.0,10.0
247.0,0.21957537531852722,0.21957537531852722,0.002405428094789386,0.08094686269760132,0.011457422748208046,10.0,1.0,10.0
248.0,0.21861276030540466,0.21861276030540466,0.002400356810539961,0.08025103062391281,0.011435815133154392,10.0,1.0,10.0
249.0,0.21766217052936554,0.21766217052936554,0.00239530298858881,0.07956621795892715,0.011414292268455029,10.0,1.0,10.0
250.0,0.21672344207763672,0.21672344207763672,0.0023902805987745523,0.07889217138290405,0.011392847634851933,10.0,1.0,10.0
251.0,0.21579641103744507,0.21579641103744507,0.002385280095040798,0.07822869718074799,0.01137149054557085,10.0,1.0,10.0
252.0,0.21488088369369507,0.21488088369369507,0.002380294958129525,0.07757557183504105,0.01135023683309555,10.0,1.0,10.0
253.0,0.21397672593593597,0.21397672593593597,0.0023753151763230562,0.0769326463341713,0.011329093016684055,10.0,1.0,10.0
254.0,0.21308378875255585,0.21308378875255585,0.0023703686892986298,0.07629962265491486,0.01130804792046547,10.0,1.0,10.0
255.0,0.212201789021492,0.212201789021492,0.00236546341329813,0.07567621767520905,0.011287094093859196,10.0,1.0,10.0
256.0,0.21133074164390564,0.21133074164390564,0.0023605742026120424,0.07506240904331207,0.011266258545219898,10.0,1.0,10.0
257.0,0.21047043800354004,0.21047043800354004,0.002355686854571104,0.07445801049470901,0.01124555617570877,10.0,1.0,10.0
258.0,0.2096206545829773,0.2096206545829773,0.002350807888433337,0.07386280596256256,0.011224975809454918,10.0,1.0,10.0
259.0,0.20878121256828308,0.20878121256828308,0.0023459536023437977,0.07327651232481003,0.011204516515135765,10.0,1.0,10.0
260.0,0.20795214176177979,0.20795214176177979,0.002341133775189519,0.07269906997680664,0.011184174567461014,10.0,1.0,10.0
261.0,0.20713308453559875,0.20713308453559875,0.0023363116197288036,0.07213030755519867,0.011163965798914433,10.0,1.0,10.0
262.0,0.2063240110874176,0.2063240110874176,0.00233148573897779,0.07157011330127716,0.01114390417933464,10.0,1.0,10.0
263.0,0.2055247277021408,0.2055247277021408,0.0023266698699444532,0.0710182711482048,0.011123975738883018,10.0,1.0,10.0
264.0,0.20473504066467285,0.20473504066467285,0.0023218761198222637,0.07047449797391891,0.011104177683591843,10.0,1.0,10.0
265.0,0.20395486056804657,0.20395486056804657,0.0023170916829258204,0.0699387788772583,0.011084516532719135,10.0,1.0,10.0
266.0,0.20318399369716644,0.20318399369716644,0.0023123177234083414,0.06941089034080505,0.011064993217587471,10.0,1.0,10.0
267.0,0.20242232084274292,0.20242232084274292,0.0023075472563505173,0.06889070570468903,0.011045614257454872,10.0,1.0,10.0
268.0,0.20166975259780884,0.20166975259780884,0.0023028000723570585,0.0683780387043953,0.011026370339095592,10.0,1.0,10.0
269.0,0.2009260356426239,0.2009260356426239,0.0022980794310569763,0.06787270307540894,0.01100725308060646,10.0,1.0,10.0
270.0,0.20019105076789856,0.20019105076789856,0.00229338719509542,0.067374587059021,0.010988258756697178,10.0,1.0,10.0
271.0,0.19946467876434326,0.19946467876434326,0.0022887191735208035,0.06688355654478073,0.010969393886625767,10.0,1.0,10.0
272.0,0.19874683022499084,0.19874683022499084,0.002284079324454069,0.06639955192804337,0.010950648225843906,10.0,1.0,10.0
273.0,0.1980372667312622,0.1980372667312622,0.002279473003000021,0.0659223347902298,0.010932018980383873,10.0,1.0,10.0
274.0,0.19733589887619019,0.19733589887619019,0.002274903701618314,0.06545183807611465,0.010913503356277943,10.0,1.0,10.0
275.0,0.19664262235164642,0.19664262235164642,0.0022703679278492928,0.06498794257640839,0.01089510042220354,10.0,1.0,10.0
276.0,0.19595728814601898,0.19595728814601898,0.002265856135636568,0.06453057378530502,0.01087681483477354,10.0,1.0,10.0
277.0,0.19527974724769592,0.19527974724769592,0.0022613718174397945,0.06407957524061203,0.010858644731342793,10.0,1.0,10.0
278.0,0.1946098506450653,0.1946098506450653,0.0022569261491298676,0.06363475322723389,0.01084058452397585,10.0,1.0,10.0
279.0,0.19394750893115997,0.19394750893115997,0.0022525086533278227,0.06319602578878403,0.010822639800608158,10.0,1.0,10.0
280.0,0.1932925581932068,0.1932925581932068,0.0022481142077594995,0.06276331841945648,0.01080481056123972,10.0,1.0,10.0
281.0,0.19264492392539978,0.19264492392539978,0.0022437479346990585,0.06233641132712364,0.010787103325128555,10.0,1.0,10.0
282.0,0.1920044720172882,0.1920044720172882,0.002239417750388384,0.061915189027786255,0.010769509710371494,10.0,1.0,10.0
283.0,0.19137096405029297,0.19137096405029297,0.0022351143416017294,0.061499517410993576,0.010752030648291111,10.0,1.0,10.0
284.0,0.19074448943138123,0.19074448943138123,0.0022308407351374626,0.06108931079506874,0.0107346773147583,10.0,1.0,10.0
285.0,0.1901247501373291,0.1901247501373291,0.002226585987955332,0.06068442761898041,0.010717445984482765,10.0,1.0,10.0
286.0,0.1895117461681366,0.1895117461681366,0.002222364768385887,0.060284752398729324,0.01070033386349678,10.0,1.0,10.0
287.0,0.18890538811683655,0.18890538811683655,0.002218182198703289,0.05989017337560654,0.010683339089155197,10.0,1.0,10.0
288.0,0.18830542266368866,0.18830542266368866,0.0022140240762382746,0.059500548988580704,0.010666463524103165,10.0,1.0,10.0
289.0,0.18771183490753174,0.18771183490753174,0.00220988760702312,0.059115856885910034,0.010649709030985832,10.0,1.0,10.0
290.0,0.18712450563907623,0.18712450563907623,0.002205788856372237,0.0587359182536602,0.010633070021867752,10.0,1.0,10.0
291.0,0.18654336035251617,0.18654336035251617,0.002201715251430869,0.05836070701479912,0.010616550222039223,10.0,1.0,10.0
292.0,0.1859682947397232,0.1859682947397232,0.0021976777352392673,0.05799010396003723,0.010600141249597073,10.0,1.0,10.0
293.0,0.1853991150856018,0.1853991150856018,0.002193672815337777,0.0576239675283432,0.010583842173218727,10.0,1.0,10.0
294.0,0.1848357617855072,0.1848357617855072,0.0021896909456700087,0.05726226419210434,0.010567658580839634,10.0,1.0,10.0
295.0,0.18427824974060059,0.18427824974060059,0.0021857398096472025,0.05690496414899826,0.010551588609814644,10.0,1.0,10.0
296.0,0.18372634053230286,0.18372634053230286,0.0021818208042532206,0.05655185505747795,0.010535627603530884,10.0,1.0,10.0
297.0,0.18317998945713043,0.18317998945713043,0.002177939750254154,0.05620292201638222,0.010519767180085182,10.0,1.0,10.0
298.0,0.18263913691043854,0.18263913691043854,0.002174090128391981,0.0558580718934536,0.010504016652703285,10.0,1.0,10.0
299.0,0.18210366368293762,0.18210366368293762,0.0021702637895941734,0.0555172897875309,0.010488374158740044,10.0,1.0,10.0
300.0,0.1815735101699829,0.1815735101699829,0.0021664670202881098,0.05518047511577606,0.010472835972905159,10.0,1.0,10.0
301.0,0.18104854226112366,0.18104854226112366,0.002162708668038249,0.054847490042448044,0.010457396507263184,10.0,1.0,10.0
302.0,0.1805287003517151,0.1805287003517151,0.0021589812822639942,0.05451834201812744,0.010442054830491543,10.0,1.0,10.0
303.0,0.18001392483711243,0.18001392483711243,0.002155282301828265,0.0541929267346859,0.010426817461848259,10.0,1.0,10.0
304.0,0.1795041263103485,0.1795041263103485,0.002151614287868142,0.05387122556567192,0.010411675088107586,10.0,1.0,10.0
305.0,0.1789991855621338,0.1789991855621338,0.0021479777060449123,0.05355311185121536,0.010396630503237247,10.0,1.0,10.0
306.0,0.1784989982843399,0.1784989982843399,0.0021443685982376337,0.053238511085510254,0.010381679981946945,10.0,1.0,10.0
307.0,0.17800360918045044,0.17800360918045044,0.002140792552381754,0.052927471697330475,0.01036682166159153,10.0,1.0,10.0
308.0,0.17751283943653107,0.17751283943653107,0.0021372425835579634,0.0526198074221611,0.010352060198783875,10.0,1.0,10.0
309.0,0.1770266443490982,0.1770266443490982,0.0021337172947824,0.05231555923819542,0.01033739186823368,10.0,1.0,10.0
310.0,0.17654499411582947,0.17654499411582947,0.002130230888724327,0.052014585584402084,0.0103228110820055,10.0,1.0,10.0
311.0,0.17606773972511292,0.17606773972511292,0.002126767998561263,0.0517168790102005,0.01030831877142191,10.0,1.0,10.0
312.0,0.17559485137462616,0.17559485137462616,0.002123328158631921,0.05142240971326828,0.010293915867805481,10.0,1.0,10.0
313.0,0.17512625455856323,0.17512625455856323,0.0021199111361056566,0.051131099462509155,0.010279604233801365,10.0,1.0,10.0
314.0,0.17466190457344055,0.17466190457344055,0.0021165241487324238,0.05084288865327835,0.010265376418828964,10.0,1.0,10.0
315.0,0.17420166730880737,0.17420166730880737,0.002113168593496084,0.050557736307382584,0.010251224972307682,10.0,1.0,10.0
316.0,0.1737455427646637,0.1737455427646637,0.0021098314318805933,0.05027562752366066,0.010237160138785839,10.0,1.0,10.0
317.0,0.17329347133636475,0.17329347133636475,0.002106513362377882,0.049996569752693176,0.010223176330327988,10.0,1.0,10.0
318.0,0.17284530401229858,0.17284530401229858,0.0021032211370766163,0.04972043260931969,0.010209267027676105,10.0,1.0,10.0
319.0,0.1724010407924652,0.1724010407924652,0.0020999519620090723,0.04944721981883049,0.010195431299507618,10.0,1.0,10.0
320.0,0.17196060717105865,0.17196060717105865,0.0020967070013284683,0.049176886677742004,0.010181665420532227,10.0,1.0,10.0
321.0,0.17152398824691772,0.17152398824691772,0.0020934834610670805,0.04890941083431244,0.010167974978685379,10.0,1.0,10.0
322.0,0.1710910052061081,0.1710910052061081,0.0020902783144265413,0.048644788563251495,0.010154343210160732,10.0,1.0,10.0
323.0,0.17066171765327454,0.17066171765327454,0.002087098080664873,0.048382923007011414,0.010140781290829182,10.0,1.0,10.0
324.0,0.1702360212802887,0.1702360212802887,0.0020839350763708353,0.048123836517333984,0.010127284564077854,10.0,1.0,10.0
325.0,0.1698138564825058,0.1698138564825058,0.002080794656649232,0.04786745458841324,0.010113845579326153,10.0,1.0,10.0
326.0,0.16939511895179749,0.16939511895179749,0.0020776798482984304,0.04761375114321709,0.010100457817316055,10.0,1.0,10.0
327.0,0.16897979378700256,0.16897979378700256,0.002074579009786248,0.047362715005874634,0.010087129659950733,10.0,1.0,10.0
328.0,0.16856783628463745,0.16856783628463745,0.002071494236588478,0.04711432382464409,0.010073857381939888,10.0,1.0,10.0
329.0,0.16815915703773499,0.16815915703773499,0.0020684320479631424,0.046868517994880676,0.010060632601380348,10.0,1.0,10.0
330.0,0.16775375604629517,0.16775375604629517,0.0020653887186199427,0.0466252826154232,0.010047459974884987,10.0,1.0,10.0
331.0,0.16735148429870605,0.16735148429870605,0.0020623602904379368,0.04638456553220749,0.010034332051873207,10.0,1.0,10.0
332.0,0.16695234179496765,0.16695234179496765,0.0020593455992639065,0.04614635929465294,0.010021252557635307,10.0,1.0,10.0
333.0,0.166556254029274,0.166556254029274,0.0020563413854688406,0.04591064155101776,0.010008219629526138,10.0,1.0,10.0
334.0,0.16616319119930267,0.16616319119930267,0.002053355099633336,0.04567737877368927,0.009995226748287678,10.0,1.0,10.0
335.0,0.16577309370040894,0.16577309370040894,0.0020503902342170477,0.045446496456861496,0.009982270188629627,10.0,1.0,10.0
336.0,0.165385901927948,0.165385901927948,0.002047431655228138,0.04521801322698593,0.009969356469810009,10.0,1.0,10.0
337.0,0.16500157117843628,0.16500157117843628,0.002044486114755273,0.044991884380578995,0.009956481866538525,10.0,1.0,10.0
338.0,0.16462001204490662,0.16462001204490662,0.0020415501203387976,0.04476809501647949,0.009943641722202301,10.0,1.0,10.0
339.0,0.16424113512039185,0.16424113512039185,0.002038625767454505,0.044546570628881454,0.009930831380188465,10.0,1.0,10.0
340.0,0.16386502981185913,0.16386502981185913,0.0020357193425297737,0.044327300041913986,0.009918052703142166,10.0,1.0,10.0
341.0,0.16349156200885773,0.16349156200885773,0.002032820601016283,0.04411029815673828,0.009905305691063404,10.0,1.0,10.0
342.0,0.16312064230442047,0.16312064230442047,0.002029930707067251,0.04389548674225807,0.009892584756016731,10.0,1.0,10.0
343.0,0.16275227069854736,0.16275227069854736,0.0020270508248358965,0.04368284344673157,0.009879891760647297,10.0,1.0,10.0
344.0,0.16238638758659363,0.16238638758659363,0.0020241751335561275,0.04347238689661026,0.009867223910987377,10.0,1.0,10.0
345.0,0.1620229035615921,0.1620229035615921,0.0020213169045746326,0.0432639941573143,0.00985457468777895,10.0,1.0,10.0
346.0,0.16166186332702637,0.16166186332702637,0.002018467988818884,0.04305770993232727,0.009841947816312313,10.0,1.0,10.0
347.0,0.16130316257476807,0.16130316257476807,0.00201562512665987,0.04285349324345589,0.009829340502619743,10.0,1.0,10.0
348.0,0.16094668209552765,0.16094668209552765,0.002012787153944373,0.042651303112506866,0.009816750884056091,10.0,1.0,10.0
349.0,0.16059252619743347,0.16059252619743347,0.0020099561661481857,0.04245113953948021,0.00980418175458908,10.0,1.0,10.0
350.0,0.16024048626422882,0.16024048626422882,0.0020071377512067556,0.04225289076566696,0.009791621938347816,10.0,1.0,10.0
351.0,0.15989063680171967,0.15989063680171967,0.0020043249242007732,0.04205658286809921,0.00977907981723547,10.0,1.0,10.0
352.0,0.15954288840293884,0.15954288840293884,0.0020015216432511806,0.04186217486858368,0.009766548871994019,10.0,1.0,10.0
353.0,0.15919718146324158,0.15919718146324158,0.001998716266825795,0.04166967049241066,0.00975403469055891,10.0,1.0,10.0
354.0,0.15885350108146667,0.15885350108146667,0.0019959169439971447,0.04147901013493538,0.009741531684994698,10.0,1.0,10.0
355.0,0.15851172804832458,0.15851172804832458,0.001993125304579735,0.04129011929035187,0.009729036130011082,10.0,1.0,10.0
356.0,0.15817192196846008,0.15817192196846008,0.0019903460051864386,0.04110299050807953,0.009716546162962914,10.0,1.0,10.0
357.0,0.1578340232372284,0.1578340232372284,0.0019875650759786367,0.04091767966747284,0.009704068303108215,10.0,1.0,10.0
358.0,0.15749792754650116,0.15749792754650116,0.0019847864750772715,0.04073404148221016,0.009691601619124413,10.0,1.0,10.0
359.0,0.15716364979743958,0.15716364979743958,0.001982014626264572,0.04055209457874298,0.009679140523076057,10.0,1.0,10.0
360.0,0.1568310558795929,0.1568310558795929,0.0019792469684034586,0.04037177935242653,0.009666680358350277,10.0,1.0,10.0
361.0,0.15650025010108948,0.15650025010108948,0.0019764855969697237,0.04019312560558319,0.009654227644205093,10.0,1.0,10.0
362.0,0.15617111325263977,0.15617111325263977,0.001973727485165,0.040016017854213715,0.009641781449317932,10.0,1.0,10.0
363.0,0.1558436155319214,0.1558436155319214,0.001970968907698989,0.03984053432941437,0.009629339911043644,10.0,1.0,10.0
364.0,0.15551768243312836,0.15551768243312836,0.001968214986845851,0.039666518568992615,0.00961690116673708,10.0,1.0,10.0
365.0,0.15519338846206665,0.15519338846206665,0.001965469680726528,0.03949403017759323,0.00960446521639824,10.0,1.0,10.0
366.0,0.15487048029899597,0.15487048029899597,0.0019627243746072054,0.03932298347353935,0.009592024609446526,10.0,1.0,10.0
367.0,0.15454909205436707,0.15454909205436707,0.0019599769730120897,0.039153411984443665,0.009579590521752834,10.0,1.0,10.0
368.0,0.15422920882701874,0.15422920882701874,0.0019572312012314796,0.038985248655080795,0.009567164815962315,10.0,1.0,10.0
369.0,0.15391068160533905,0.15391068160533905,0.0019544968381524086,0.038818422704935074,0.009554728865623474,10.0,1.0,10.0
370.0,0.15359359979629517,0.15359359979629517,0.001951760845258832,0.03865300863981247,0.009542297571897507,10.0,1.0,10.0
371.0,0.15327787399291992,0.15327787399291992,0.001949026482179761,0.03848892077803612,0.009529869072139263,10.0,1.0,10.0
372.0,0.15296338498592377,0.15296338498592377,0.001946297357790172,0.03832608461380005,0.009517433121800423,10.0,1.0,10.0
373.0,0.15265023708343506,0.15265023708343506,0.0019435703288763762,0.03816452622413635,0.009504999965429306,10.0,1.0,10.0
374.0,0.15233826637268066,0.15233826637268066,0.0019408392254263163,0.03800424188375473,0.009492563083767891,10.0,1.0,10.0
375.0,0.15202757716178894,0.15202757716178894,0.0019381145248189569,0.03784516453742981,0.009480128064751625,10.0,1.0,10.0
376.0,0.15171809494495392,0.15171809494495392,0.0019353958778083324,0.037687238305807114,0.00946768932044506,10.0,1.0,10.0
377.0,0.15140974521636963,0.15140974521636963,0.0019326726906001568,0.037530507892370224,0.009455250576138496,10.0,1.0,10.0
378.0,0.1511024832725525,0.1511024832725525,0.0019299534615129232,0.03737488389015198,0.00944280531257391,10.0,1.0,10.0
379.0,0.15079635381698608,0.15079635381698608,0.001927232719026506,0.03722039610147476,0.009430361911654472,10.0,1.0,10.0
380.0,0.15049126744270325,0.15049126744270325,0.0019245194271206856,0.03706696629524231,0.009417911060154438,10.0,1.0,10.0
381.0,0.15018725395202637,0.15018725395202637,0.0019218085799366236,0.03691461682319641,0.00940545555204153,10.0,1.0,10.0
382.0,0.14988425374031067,0.14988425374031067,0.0019190952880308032,0.036763302981853485,0.009393000975251198,10.0,1.0,10.0
383.0,0.14958219230175018,0.14958219230175018,0.0019163793185725808,0.03661298379302025,0.009380541741847992,10.0,1.0,10.0
384.0,0.14928115904331207,0.14928115904331207,0.0019136670744046569,0.03646368160843849,0.009368080645799637,10.0,1.0,10.0
385.0,0.14898104965686798,0.14898104965686798,0.0019109593704342842,0.03631534054875374,0.00935561116784811,10.0,1.0,10.0
386.0,0.1486818641424179,0.1486818641424179,0.0019082544604316354,0.03616794943809509,0.00934313703328371,10.0,1.0,10.0
387.0,0.14838352799415588,0.14838352799415588,0.0019055402372032404,0.036021485924720764,0.00933066289871931,10.0,1.0,10.0
388.0,0.1480860561132431,0.1480860561132431,0.0019028291571885347,0.03587595373392105,0.009318181313574314,10.0,1.0,10.0
389.0,0.14778947830200195,0.14778947830200195,0.0019001305336132646,0.03573128208518028,0.009305688552558422,10.0,1.0,10.0
390.0,0.14749369025230408,0.14749369025230408,0.0018974298145622015,0.03558746352791786,0.009293192066252232,10.0,1.0,10.0
391.0,0.14719872176647186,0.14719872176647186,0.0018947165226563811,0.03544456139206886,0.00928069930523634,10.0,1.0,10.0
392.0,0.14690452814102173,0.14690452814102173,0.001892009167931974,0.03530248999595642,0.009268193505704403,10.0,1.0,10.0
393.0,0.1466110646724701,0.1466110646724701,0.001889313687570393,0.035161182284355164,0.009255673736333847,10.0,1.0,10.0
394.0,0.14631836116313934,0.14631836116313934,0.0018866148311644793,0.03502068296074867,0.009243153035640717,10.0,1.0,10.0
395.0,0.1460263431072235,0.1460263431072235,0.0018839065451174974,0.034880999475717545,0.009230628609657288,10.0,1.0,10.0
396.0,0.14573505520820618,0.14573505520820618,0.0018811981426551938,0.034742094576358795,0.009218098595738411,10.0,1.0,10.0
397.0,0.14544451236724854,0.14544451236724854,0.0018785041756927967,0.03460390493273735,0.00920555554330349,10.0,1.0,10.0
398.0,0.14515453577041626,0.14515453577041626,0.0018758095102384686,0.03446643799543381,0.009193000383675098,10.0,1.0,10.0
399.0,0.1448652595281601,0.1448652595281601,0.001873102388344705,0.03432976454496384,0.009180447086691856,10.0,1.0,10.0
400.0,0.14457663893699646,0.14457663893699646,0.0018703986424952745,0.03419379144906998,0.009167885407805443,10.0,1.0,10.0
401.0,0.1442885398864746,0.1442885398864746,0.0018677006009966135,0.03405847027897835,0.009155306965112686,10.0,1.0,10.0
402.0,0.1440010964870453,0.1440010964870453,0.0018650011625140905,0.033923860639333725,0.009142722934484482,10.0,1.0,10.0
403.0,0.14371420443058014,0.14371420443058014,0.0018622986972332,0.033789925277233124,0.009130129590630531,10.0,1.0,10.0
404.0,0.14342793822288513,0.14342793822288513,0.0018595975125208497,0.03365665301680565,0.009117530658841133,10.0,1.0,10.0
405.0,0.14314216375350952,0.14314216375350952,0.0018568933010101318,0.0335240475833416,0.009104917757213116,10.0,1.0,10.0
406.0,0.14285695552825928,0.14285695552825928,0.0018541862955316901,0.03339208662509918,0.00909229926764965,10.0,1.0,10.0
407.0,0.14257222414016724,0.14257222414016724,0.001851486973464489,0.033260710537433624,0.009079664014279842,10.0,1.0,10.0
408.0,0.14228805899620056,0.14228805899620056,0.0018487885827198625,0.0331299751996994,0.009067019447684288,10.0,1.0,10.0
409.0,0.1420043706893921,0.1420043706893921,0.0018460826249793172,0.03299984335899353,0.009054369293153286,10.0,1.0,10.0
410.0,0.14172115921974182,0.14172115921974182,0.0018433681689202785,0.032870352268218994,0.009041711688041687,10.0,1.0,10.0
411.0,0.14143843948841095,0.14143843948841095,0.001840669196099043,0.03274140879511833,0.009029033593833447,10.0,1.0,10.0
412.0,0.1411561816930771,0.1411561816930771,0.001837967662140727,0.03261306881904602,0.009016343392431736,10.0,1.0,10.0
413.0,0.14087432622909546,0.14087432622909546,0.001835255534388125,0.03248528763651848,0.009003647603094578,10.0,1.0,10.0
414.0,0.14059294760227203,0.14059294760227203,0.0018325443379580975,0.03235810995101929,0.008990938775241375,10.0,1.0,10.0
415.0,0.14031201601028442,0.14031201601028442,0.0018298362847417593,0.03223147615790367,0.008978216908872128,10.0,1.0,10.0
416.0,0.14003150165081024,0.14003150165081024,0.0018271271837875247,0.03210539370775223,0.008965483866631985,10.0,1.0,10.0
417.0,0.13975131511688232,0.13975131511688232,0.001824412727728486,0.031979843974113464,0.008952734991908073,10.0,1.0,10.0
418.0,0.13947157561779022,0.13947157561779022,0.0018216983880847692,0.03185483440756798,0.008939975872635841,10.0,1.0,10.0
419.0,0.13919222354888916,0.13919222354888916,0.0018189853290095925,0.031730350106954575,0.008927201852202415,10.0,1.0,10.0
420.0,0.13891327381134033,0.13891327381134033,0.0018162704072892666,0.031606413424015045,0.00891441572457552,10.0,1.0,10.0
421.0,0.13863466680049896,0.13863466680049896,0.0018135479185730219,0.031482987105846405,0.008901620283722878,10.0,1.0,10.0
422.0,0.13835641741752625,0.13835641741752625,0.0018108265940099955,0.03136007860302925,0.008888808079063892,10.0,1.0,10.0
423.0,0.13807854056358337,0.13807854056358337,0.0018081117887049913,0.03123764880001545,0.008875977247953415,10.0,1.0,10.0
424.0,0.13780099153518677,0.13780099153518677,0.0018053918611258268,0.031115738674998283,0.008863132447004318,10.0,1.0,10.0
425.0,0.1375238299369812,0.1375238299369812,0.0018026576144620776,0.030994383618235588,0.008850286714732647,10.0,1.0,10.0
426.0,0.13724692165851593,0.13724692165851593,0.001799928373657167,0.030873477458953857,0.008837415836751461,10.0,1.0,10.0
427.0,0.1369703710079193,0.1369703710079193,0.0017972070490941405,0.03075302764773369,0.008824527263641357,10.0,1.0,10.0
428.0,0.13669419288635254,0.13669419288635254,0.0017944786231964827,0.03063308261334896,0.008811632171273232,10.0,1.0,10.0
429.0,0.13641828298568726,0.13641828298568726,0.0017917423974722624,0.03051362745463848,0.008798723109066486,10.0,1.0,10.0
430.0,0.13614267110824585,0.13614267110824585,0.0017890050075948238,0.03039468638598919,0.008785792626440525,10.0,1.0,10.0
431.0,0.1358673870563507,0.1358673870563507,0.0017862723907455802,0.03027617186307907,0.008772848173975945,10.0,1.0,10.0
432.0,0.13559238612651825,0.13559238612651825,0.0017835336038842797,0.03015812300145626,0.008759892545640469,10.0,1.0,10.0
433.0,0.13531765341758728,0.13531765341758728,0.0017807877156883478,0.030040569603443146,0.00874692015349865,10.0,1.0,10.0
434.0,0.13504323363304138,0.13504323363304138,0.0017780420603230596,0.029923465102910995,0.00873393565416336,10.0,1.0,10.0
435.0,0.13476908206939697,0.13476908206939697,0.0017753023421391845,0.029806779697537422,0.00872092880308628,10.0,1.0,10.0
436.0,0.13449525833129883,0.13449525833129883,0.0017725519137457013,0.029690606519579887,0.00870791357010603,10.0,1.0,10.0
437.0,0.1342216432094574,0.1342216432094574,0.0017697945004329085,0.029574889689683914,0.008694881573319435,10.0,1.0,10.0
438.0,0.13394831120967865,0.13394831120967865,0.0017670433735474944,0.029459595680236816,0.008681828156113625,10.0,1.0,10.0
439.0,0.13367526233196259,0.13367526233196259,0.0017642925959080458,0.0293447095900774,0.008668762631714344,10.0,1.0,10.0
440.0,0.13340245187282562,0.13340245187282562,0.00176153052598238,0.029230322688817978,0.00865568220615387,10.0,1.0,10.0
441.0,0.13312992453575134,0.13312992453575134,0.0017587655456736684,0.029116393998265266,0.008642586879432201,10.0,1.0,10.0
442.0,0.13285762071609497,0.13285762071609497,0.0017560014966875315,0.02900288626551628,0.00862947292625904,10.0,1.0,10.0
443.0,0.1325855851173401,0.1325855851173401,0.0017532405909150839,0.02888978086411953,0.008616339415311813,10.0,1.0,10.0
444.0,0.1323137879371643,0.1323137879371643,0.0017504713032394648,0.028777146711945534,0.008603193797171116,10.0,1.0,10.0
445.0,0.1320422738790512,0.1320422738790512,0.0017476893262937665,0.02866499498486519,0.008590037934482098,10.0,1.0,10.0
446.0,0.13177096843719482,0.13177096843719482,0.0017449143342673779,0.028553230687975883,0.008576858788728714,10.0,1.0,10.0
447.0,0.13149990141391754,0.13149990141391754,0.0017421487718820572,0.02844187617301941,0.008563653565943241,10.0,1.0,10.0
448.0,0.13122907280921936,0.13122907280921936,0.0017393615562468767,0.028330987319350243,0.008550446480512619,10.0,1.0,10.0
449.0,0.13095852732658386,0.13095852732658386,0.001736570498906076,0.02822057716548443,0.008537225425243378,10.0,1.0,10.0
450.0,0.1306881606578827,0.1306881606578827,0.00173378421459347,0.028110535815358162,0.008523977361619473,10.0,1.0,10.0
451.0,0.13041803240776062,0.13041803240776062,0.0017310011899098754,0.02800089679658413,0.00851071160286665,10.0,1.0,10.0
452.0,0.13014817237854004,0.13014817237854004,0.0017282048938795924,0.02789175510406494,0.008497437462210655,10.0,1.0,10.0
453.0,0.12987853586673737,0.12987853586673737,0.0017254018457606435,0.027783039957284927,0.008484147489070892,10.0,1.0,10.0
454.0,0.12960907816886902,0.12960907816886902,0.0017226035706698895,0.027674712240695953,0.00847083330154419,10.0,1.0,10.0
455.0,0.12933991849422455,0.12933991849422455,0.00171980622690171,0.027566825971007347,0.008457503281533718,10.0,1.0,10.0
456.0,0.1290709674358368,0.1290709674358368,0.0017169996863231063,0.02745937369763851,0.008444159291684628,10.0,1.0,10.0
457.0,0.12880221009254456,0.12880221009254456,0.001714186160825193,0.02735237590968609,0.00843079760670662,10.0,1.0,10.0
458.0,0.12853369116783142,0.12853369116783142,0.0017113734502345324,0.027245773002505302,0.008417419157922268,10.0,1.0,10.0
459.0,0.12826544046401978,0.12826544046401978,0.0017085622530430555,0.027139585465192795,0.008404022082686424,10.0,1.0,10.0
460.0,0.12799736857414246,0.12799736857414246,0.001705744187347591,0.027033861726522446,0.008390606380999088,10.0,1.0,10.0
461.0,0.12772953510284424,0.12772953510284424,0.0017029134323820472,0.026928577572107315,0.008377183228731155,10.0,1.0,10.0
462.0,0.12746194005012512,0.12746194005012512,0.001700091641396284,0.026823710650205612,0.00836373120546341,10.0,1.0,10.0
463.0,0.12719455361366272,0.12719455361366272,0.0016972683370113373,0.0267192330211401,0.00835026428103447,10.0,1.0,10.0
464.0,0.12692740559577942,0.12692740559577942,0.0016944308299571276,0.02661522850394249,0.008336786180734634,10.0,1.0,10.0
465.0,0.12666045129299164,0.12666045129299164,0.0016915913438424468,0.026511650532484055,0.008323288522660732,10.0,1.0,10.0
466.0,0.12639376521110535,0.12639376521110535,0.001688754535280168,0.026408502832055092,0.008309772238135338,10.0,1.0,10.0
467.0,0.12612727284431458,0.12612727284431458,0.0016859120223671198,0.02630576491355896,0.008296238258481026,10.0,1.0,10.0
468.0,0.12586098909378052,0.12586098909378052,0.001683064503595233,0.02620348334312439,0.008282686583697796,10.0,1.0,10.0
469.0,0.12559500336647034,0.12559500336647034,0.0016802147729322314,0.02610163949429989,0.008269121870398521,10.0,1.0,10.0
470.0,0.12532919645309448,0.12532919645309448,0.0016773631796240807,0.026000209152698517,0.00825553573668003,10.0,1.0,10.0
471.0,0.12506356835365295,0.12506356835365295,0.001674503437243402,0.025899233296513557,0.008241930976510048,10.0,1.0,10.0
472.0,0.12479826807975769,0.12479826807975769,0.0016716407844796777,0.02579871006309986,0.00822831504046917,10.0,1.0,10.0
473.0,0.12453313171863556,0.12453313171863556,0.0016687809256836772,0.02569858357310295,0.008214673958718777,10.0,1.0,10.0
474.0,0.12426825612783432,0.12426825612783432,0.0016659137327224016,0.025598909705877304,0.008201020769774914,10.0,1.0,10.0
475.0,0.1240035891532898,0.1240035891532898,0.001663042465224862,0.025499697774648666,0.00818734709173441,10.0,1.0,10.0
476.0,0.12373915314674377,0.12373915314674377,0.0016601646784693003,0.02540091797709465,0.008173658512532711,10.0,1.0,10.0
477.0,0.12347497045993805,0.12347497045993805,0.0016572886379435658,0.025302566587924957,0.008159952238202095,10.0,1.0,10.0
478.0,0.12321099638938904,0.12321099638938904,0.001654404797591269,0.025204654783010483,0.008146229200065136,10.0,1.0,10.0
479.0,0.12294724583625793,0.12294724583625793,0.0016515229362994432,0.025107180699706078,0.008132483810186386,10.0,1.0,10.0
480.0,0.12268375605344772,0.12268375605344772,0.001648633391596377,0.02501015178859234,0.008118727244436741,10.0,1.0,10.0
481.0,0.12242049723863602,0.12242049723863602,0.0016457369783893228,0.02491360902786255,0.008104952052235603,10.0,1.0,10.0
482.0,0.1221575140953064,0.1221575140953064,0.0016428412636741996,0.024817492812871933,0.008091161027550697,10.0,1.0,10.0
483.0,0.1218947246670723,0.1218947246670723,0.0016399462474510074,0.02472180314362049,0.008077345788478851,10.0,1.0,10.0
484.0,0.12163221836090088,0.12163221836090088,0.0016370441298931837,0.02462656982243061,0.008063520304858685,10.0,1.0,10.0
485.0,0.12136989831924438,0.12136989831924438,0.0016341302543878555,0.024531804025173187,0.00804967898875475,10.0,1.0,10.0
486.0,0.12110785394906998,0.12110785394906998,0.0016312188236042857,0.024437498301267624,0.008035817183554173,10.0,1.0,10.0
487.0,0.12084606289863586,0.12084606289863586,0.001628309953957796,0.02434360235929489,0.008021936751902103,10.0,1.0,10.0
488.0,0.12058449536561966,0.12058449536561966,0.001625392003916204,0.024250177666544914,0.008008039556443691,10.0,1.0,10.0
489.0,0.12032318860292435,0.12032318860292435,0.0016224640421569347,0.02415725402534008,0.007994129322469234,10.0,1.0,10.0
490.0,0.12006214261054993,0.12006214261054993,0.0016195394564419985,0.02406473085284233,0.00798020139336586,10.0,1.0,10.0
491.0,0.1198013424873352,0.1198013424873352,0.001616616384126246,0.0239726435393095,0.007966252975165844,10.0,1.0,10.0
492.0,0.11954079568386078,0.11954079568386078,0.0016136831836774945,0.02388107404112816,0.007952289655804634,10.0,1.0,10.0
493.0,0.11928050965070724,0.11928050965070724,0.0016107442788779736,0.023789945989847183,0.007938312366604805,10.0,1.0,10.0
494.0,0.11902045458555222,0.11902045458555222,0.0016078068874776363,0.023699263110756874,0.007924312725663185,10.0,1.0,10.0
495.0,0.11876069754362106,0.11876069754362106,0.0016048611141741276,0.023609057068824768,0.007910302840173244,10.0,1.0,10.0
496.0,0.11850114166736603,0.11850114166736603,0.0016019133618101478,0.023519303649663925,0.007896270602941513,10.0,1.0,10.0
497.0,0.11824192106723785,0.11824192106723785,0.001598968985490501,0.023430000990629196,0.007882223464548588,10.0,1.0,10.0
498.0,0.11798293888568878,0.11798293888568878,0.0015960143646225333,0.02334117330610752,0.007868161424994469,10.0,1.0,10.0
499.0,0.11772421002388,0.11772421002388,0.0015930522931739688,0.023252833634614944,0.00785408541560173,10.0,1.0,10.0
500.0,0.1174657791852951,0.1174657791852951,0.0015900918515399098,0.023164935410022736,0.007839992642402649,10.0,1.0,10.0
501.0,0.11720757186412811,0.11720757186412811,0.0015871321083977818,0.023077499121427536,0.007825875654816628,10.0,1.0,10.0
502.0,0.11694968491792679,0.11694968491792679,0.0015841672429814935,0.02299053594470024,0.007811747491359711,10.0,1.0,10.0
503.0,0.11669206619262695,0.11669206619262695,0.0015811885241419077,0.02290406823158264,0.00779761141166091,10.0,1.0,10.0
504.0,0.1164347380399704,0.1164347380399704,0.0015782169066369534,0.022818032652139664,0.0077834539115428925,10.0,1.0,10.0
505.0,0.11617762595415115,0.11617762595415115,0.0015752422623336315,0.0227324478328228,0.007769275456666946,10.0,1.0,10.0
506.0,0.11592082679271698,0.11592082679271698,0.0015722622629255056,0.022647365927696228,0.0077550834976136684,10.0,1.0,10.0
507.0,0.11566431075334549,0.11566431075334549,0.001569271320477128,0.022562775760889053,0.007740882225334644,10.0,1.0,10.0
508.0,0.11540812999010086,0.11540812999010086,0.0015662871301174164,0.022478610277175903,0.007726664654910564,10.0,1.0,10.0
509.0,0.11515218764543533,0.11515218764543533,0.0015632981667295098,0.022394929081201553,0.007712427526712418,10.0,1.0,10.0
510.0,0.11489652097225189,0.11489652097225189,0.0015603025676682591,0.0223117396235466,0.007698175497353077,10.0,1.0,10.0
511.0,0.11464117467403412,0.11464117467403412,0.0015573031269013882,0.022229028865695,0.007683911360800266,10.0,1.0,10.0
512.0,0.11438608169555664,0.11438608169555664,0.0015543049667030573,0.022146759554743767,0.007669627666473389,10.0,1.0,10.0
513.0,0.11413130164146423,0.11413130164146423,0.001551300985738635,0.022064967080950737,0.007655332330614328,10.0,1.0,10.0
514.0,0.1138768270611763,0.1138768270611763,0.0015482910675927997,0.021983660757541656,0.007641025353223085,10.0,1.0,10.0
515.0,0.11362263560295105,0.11362263560295105,0.0015452798688784242,0.021902834996581078,0.007626700215041637,10.0,1.0,10.0
516.0,0.11336877197027206,0.11336877197027206,0.0015422697179019451,0.02182246372103691,0.007612360641360283,10.0,1.0,10.0
517.0,0.11311519145965576,0.11311519145965576,0.0015392557252198458,0.02174256555736065,0.007598007097840309,10.0,1.0,10.0
518.0,0.11286188662052155,0.11286188662052155,0.0015362306730821729,0.021663177758455276,0.007583639584481716,10.0,1.0,10.0
519.0,0.11260891705751419,0.11260891705751419,0.0015332056209445,0.02158423885703087,0.007569262757897377,10.0,1.0,10.0
520.0,0.1123562753200531,0.1123562753200531,0.0015301869716495275,0.021505750715732574,0.007554865442216396,10.0,1.0,10.0
521.0,0.1121038943529129,0.1121038943529129,0.0015271580778062344,0.02142777107656002,0.007540454622358084,10.0,1.0,10.0
522.0,0.11185182631015778,0.11185182631015778,0.0015241213841363788,0.02135026454925537,0.007526034954935312,10.0,1.0,10.0
523.0,0.11160008609294891,0.11160008609294891,0.0015210869023576379,0.02127321995794773,0.007511598989367485,10.0,1.0,10.0
524.0,0.1113486960530281,0.1113486960530281,0.0015180560294538736,0.021196622401475906,0.007497151382267475,10.0,1.0,10.0
525.0,0.11109757423400879,0.11109757423400879,0.0015150172403082252,0.021120505407452583,0.007482689805328846,10.0,1.0,10.0
526.0,0.11084677278995514,0.11084677278995514,0.001511964830569923,0.02104492299258709,0.007468219846487045,10.0,1.0,10.0
527.0,0.11059628427028656,0.11059628427028656,0.0015089178923517466,0.020969778299331665,0.007453732658177614,10.0,1.0,10.0
528.0,0.11034612357616425,0.11034612357616425,0.0015058800345286727,0.020895054563879967,0.0074392263777554035,10.0,1.0,10.0
529.0,0.110096275806427,0.110096275806427,0.0015028305351734161,0.020820848643779755,0.007424712181091309,10.0,1.0,10.0
530.0,0.10984678566455841,0.10984678566455841,0.001499767298810184,0.020747143775224686,0.007410196587443352,10.0,1.0,10.0
531.0,0.10959760844707489,0.10959760844707489,0.0014967098832130432,0.02067386731505394,0.0073956637643277645,10.0,1.0,10.0
532.0,0.10934872925281525,0.10934872925281525,0.001493658171966672,0.020601026713848114,0.007381111849099398,10.0,1.0,10.0
533.0,0.10910022258758545,0.10910022258758545,0.0014906018041074276,0.020528685301542282,0.007366551086306572,10.0,1.0,10.0
534.0,0.10885199159383774,0.10885199159383774,0.0014875266933813691,0.020456869155168533,0.007351985201239586,10.0,1.0,10.0
535.0,0.10860411822795868,0.10860411822795868,0.0014844606630504131,0.020385434851050377,0.007337408140301704,10.0,1.0,10.0
536.0,0.1083565503358841,0.1083565503358841,0.001481400802731514,0.020314445719122887,0.007322809658944607,10.0,1.0,10.0
537.0,0.10810936987400055,0.10810936987400055,0.0014783249935135245,0.02024398371577263,0.007308213505893946,10.0,1.0,10.0
538.0,0.10786247253417969,0.10786247253417969,0.001475245226174593,0.020174017176032066,0.0072936005890369415,10.0,1.0,10.0
539.0,0.1076158955693245,0.1076158955693245,0.0014721727930009365,0.020104417577385902,0.00727897509932518,10.0,1.0,10.0
540.0,0.10736970603466034,0.10736970603466034,0.0014691008254885674,0.02003529854118824,0.007264340296387672,10.0,1.0,10.0
541.0,0.10712382197380066,0.10712382197380066,0.0014660179149359465,0.01996665634214878,0.007249698508530855,10.0,1.0,10.0
542.0,0.10687828063964844,0.10687828063964844,0.0014629296492785215,0.01989849843084812,0.007235048804432154,10.0,1.0,10.0
543.0,0.10663308203220367,0.10663308203220367,0.0014598490670323372,0.01983075775206089,0.007220383733510971,10.0,1.0,10.0
544.0,0.10638823360204697,0.10638823360204697,0.0014567677862942219,0.019763456657528877,0.00720570981502533,10.0,1.0,10.0
545.0,0.10614372044801712,0.10614372044801712,0.0014536770759150386,0.019696643576025963,0.00719103030860424,10.0,1.0,10.0
546.0,0.10589952021837234,0.10589952021837234,0.0014505835715681314,0.019630275666713715,0.007176341023296118,10.0,1.0,10.0
547.0,0.10565567016601562,0.10565567016601562,0.0014474906492978334,0.01956433616578579,0.007161642890423536,10.0,1.0,10.0
548.0,0.10541218519210815,0.10541218519210815,0.0014443981926888227,0.019498853012919426,0.007146935444325209,10.0,1.0,10.0
549.0,0.10516901314258575,0.10516901314258575,0.0014412994496524334,0.01943381316959858,0.007132221013307571,10.0,1.0,10.0
550.0,0.104926198720932,0.104926198720932,0.001438204082660377,0.01936919614672661,0.007117496803402901,10.0,1.0,10.0
551.0,0.1046837568283081,0.1046837568283081,0.0014351048739627004,0.019305028021335602,0.007102767936885357,10.0,1.0,10.0
552.0,0.10444161295890808,0.10444161295890808,0.0014320006594061852,0.019241297617554665,0.007088030688464642,10.0,1.0,10.0
553.0,0.10419981926679611,0.10419981926679611,0.001428895746357739,0.01917802169919014,0.007073283661156893,10.0,1.0,10.0
554.0,0.10395841300487518,0.10395841300487518,0.0014257957227528095,0.019115133211016655,0.007058531977236271,10.0,1.0,10.0
555.0,0.10371729731559753,0.10371729731559753,0.001422689645551145,0.019052673131227493,0.007043773308396339,10.0,1.0,10.0
556.0,0.10347652435302734,0.10347652435302734,0.0014195766998454928,0.01899068057537079,0.007029007654637098,10.0,1.0,10.0
557.0,0.1032361388206482,0.1032361388206482,0.0014164671301841736,0.018929090350866318,0.0070142378099262714,10.0,1.0,10.0
558.0,0.1029960885643959,0.1029960885643959,0.0014133600052446127,0.01886790618300438,0.006999458651989698,10.0,1.0,10.0
559.0,0.10275636613368988,0.10275636613368988,0.001410247990861535,0.018807142972946167,0.006984674371778965,10.0,1.0,10.0
560.0,0.10251699388027191,0.10251699388027191,0.0014071306213736534,0.018746832385659218,0.006969885900616646,10.0,1.0,10.0
561.0,0.1022779792547226,0.1022779792547226,0.0014040140667930245,0.018686916679143906,0.006955092307180166,10.0,1.0,10.0
562.0,0.10203930735588074,0.10203930735588074,0.0014009057777002454,0.018627367913722992,0.006940288003534079,10.0,1.0,10.0
563.0,0.10180095583200455,0.10180095583200455,0.001397783518768847,0.01856827363371849,0.006925484631210566,10.0,1.0,10.0
564.0,0.10156301409006119,0.10156301409006119,0.001394664286635816,0.018509577959775925,0.006910679396241903,10.0,1.0,10.0
565.0,0.10132534056901932,0.10132534056901932,0.0013915491290390491,0.018451254814863205,0.0068958597257733345,10.0,1.0,10.0
566.0,0.10108807682991028,0.10108807682991028,0.0013884254731237888,0.018393374979496002,0.006881045177578926,10.0,1.0,10.0
567.0,0.1008511334657669,0.1008511334657669,0.0013853058917447925,0.018335863947868347,0.006866220850497484,10.0,1.0,10.0
568.0,0.10061454772949219,0.10061454772949219,0.001382183050736785,0.018278736621141434,0.006851397920399904,10.0,1.0,10.0
569.0,0.10037827491760254,0.10037827491760254,0.0013790635857731104,0.01822197251021862,0.006836566608399153,10.0,1.0,10.0
570.0,0.10014235228300095,0.10014235228300095,0.0013759353896602988,0.018165647983551025,0.006821735296398401,10.0,1.0,10.0
571.0,0.099906787276268,0.099906787276268,0.0013728102203458548,0.018109677359461784,0.006806900724768639,10.0,1.0,10.0
572.0,0.0996716096997261,0.0996716096997261,0.0013696847017854452,0.018054082989692688,0.006792067550122738,10.0,1.0,10.0
573.0,0.0994367003440857,0.0994367003440857,0.0013665608130395412,0.01799883507192135,0.006777225527912378,10.0,1.0,10.0
574.0,0.09920217096805573,0.09920217096805573,0.0013634333154186606,0.017943991348147392,0.006762384437024593,10.0,1.0,10.0
575.0,0.09896794706583023,0.09896794706583023,0.0013603030238300562,0.017889514565467834,0.006747540086507797,10.0,1.0,10.0
576.0,0.09873407334089279,0.09873407334089279,0.0013571775052696466,0.017835380509495735,0.006732692010700703,10.0,1.0,10.0
577.0,0.0985005795955658,0.0985005795955658,0.0013540462823584676,0.017781630158424377,0.006717848591506481,10.0,1.0,10.0
578.0,0.09826740622520447,0.09826740622520447,0.0013509195996448398,0.017728228121995926,0.006702998653054237,10.0,1.0,10.0
579.0,0.09803456813097,0.09803456813097,0.0013477930333465338,0.017675146460533142,0.006688149180263281,10.0,1.0,10.0
580.0,0.0978020653128624,0.0978020653128624,0.0013446605298668146,0.017622463405132294,0.006673299707472324,10.0,1.0,10.0
581.0,0.09756992012262344,0.09756992012262344,0.0013415315188467503,0.017570093274116516,0.00665845163166523,10.0,1.0,10.0
582.0,0.09733808785676956,0.09733808785676956,0.0013383995974436402,0.017518091946840286,0.006643599830567837,10.0,1.0,10.0
583.0,0.09710657596588135,0.09710657596588135,0.0013352695386856794,0.01746639423072338,0.006628748495131731,10.0,1.0,10.0
584.0,0.09687544405460358,0.09687544405460358,0.0013321401784196496,0.017415033653378487,0.006613900884985924,10.0,1.0,10.0
585.0,0.09664459526538849,0.09664459526538849,0.001329010701738298,0.017364006489515305,0.006599048152565956,10.0,1.0,10.0
586.0,0.09641413390636444,0.09641413390636444,0.0013258805265650153,0.01731332205235958,0.0065842000767588615,10.0,1.0,10.0
587.0,0.09618395566940308,0.09618395566940308,0.0013227453455328941,0.017262950539588928,0.006569355260580778,10.0,1.0,10.0
588.0,0.09595414996147156,0.09595414996147156,0.0013196170330047607,0.017212893813848495,0.0065545085817575455,10.0,1.0,10.0
589.0,0.09572464227676392,0.09572464227676392,0.0013164906995370984,0.017163118347525597,0.0065396614372730255,10.0,1.0,10.0
590.0,0.09549549221992493,0.09549549221992493,0.001313354354351759,0.017113719135522842,0.006524822674691677,10.0,1.0,10.0
591.0,0.09526665508747101,0.09526665508747101,0.0013102219672873616,0.01706460304558277,0.006509982515126467,10.0,1.0,10.0
592.0,0.09503811597824097,0.09503811597824097,0.0013070980785414577,0.017015747725963593,0.006495138630270958,10.0,1.0,10.0
593.0,0.09480995684862137,0.09480995684862137,0.0013039717450737953,0.01696723699569702,0.006480300333350897,10.0,1.0,10.0
594.0,0.09458206593990326,0.09458206593990326,0.0013008378446102142,0.016919011250138283,0.006465468090027571,10.0,1.0,10.0
595.0,0.09435456991195679,0.09435456991195679,0.0012977055739611387,0.01687111333012581,0.00645064003765583,10.0,1.0,10.0
596.0,0.09412732720375061,0.09412732720375061,0.0012945865746587515,0.0168234221637249,0.006435804069042206,10.0,1.0,10.0
597.0,0.09390044957399368,0.09390044957399368,0.0012914588442072272,0.016776056960225105,0.006420980207622051,10.0,1.0,10.0
598.0,0.09367388486862183,0.09367388486862183,0.0012883241288363934,0.016729002818465233,0.006406164262443781,10.0,1.0,10.0
599.0,0.09344764053821564,0.09344764053821564,0.0012851953506469727,0.016682196408510208,0.006391349248588085,10.0,1.0,10.0
600.0,0.09322166442871094,0.09322166442871094,0.0012820768170058727,0.016635611653327942,0.006376529112458229,10.0,1.0,10.0
601.0,0.09299609065055847,0.09299609065055847,0.0012789538595825434,0.016589350998401642,0.006361720152199268,10.0,1.0,10.0
602.0,0.09277081489562988,0.09277081489562988,0.0012758185621351004,0.016543395817279816,0.00634692283347249,10.0,1.0,10.0
603.0,0.09254579246044159,0.09254579246044159,0.0012726992135867476,0.016497638076543808,0.006332115735858679,10.0,1.0,10.0
604.0,0.09232113510370255,0.09232113510370255,0.0012695806799456477,0.01645212434232235,0.006317320745438337,10.0,1.0,10.0
605.0,0.09209680557250977,0.09209680557250977,0.0012664565583691,0.016406914219260216,0.0063025327399373055,10.0,1.0,10.0
606.0,0.09187274426221848,0.09187274426221848,0.001263333484530449,0.016361933201551437,0.006287747994065285,10.0,1.0,10.0
607.0,0.09164899587631226,0.09164899587631226,0.001260212855413556,0.016317198053002357,0.00627296743914485,10.0,1.0,10.0
608.0,0.0914255827665329,0.0914255827665329,0.0012570954859256744,0.01627269946038723,0.0062581924721598625,10.0,1.0,10.0
609.0,0.09120248258113861,0.09120248258113861,0.0012539778836071491,0.01622844859957695,0.0062434254214167595,10.0,1.0,10.0
610.0,0.09097965806722641,0.09097965806722641,0.0012508584186434746,0.01618443801999092,0.006228663492947817,10.0,1.0,10.0
611.0,0.09075719118118286,0.09075719118118286,0.001247745705768466,0.016140656545758247,0.006213907618075609,10.0,1.0,10.0
612.0,0.09053497016429901,0.09053497016429901,0.0012446291511878371,0.016097111627459526,0.006199156399816275,10.0,1.0,10.0
613.0,0.09031305462121964,0.09031305462121964,0.001241516089066863,0.01605376973748207,0.00618441216647625,10.0,1.0,10.0
614.0,0.0900915116071701,0.0900915116071701,0.0012384059373289347,0.016010666266083717,0.006169678643345833,10.0,1.0,10.0
615.0,0.08987017720937729,0.08987017720937729,0.0012352928752079606,0.01596776396036148,0.006154948379844427,10.0,1.0,10.0
616.0,0.08964922279119492,0.08964922279119492,0.001232184236869216,0.015925103798508644,0.0061402274295687675,10.0,1.0,10.0
617.0,0.08942854404449463,0.08942854404449463,0.001229077228344977,0.01588263548910618,0.006125513929873705,10.0,1.0,10.0
618.0,0.08920814096927643,0.08920814096927643,0.0012259671930223703,0.01584038883447647,0.006110807880759239,10.0,1.0,10.0
619.0,0.0889880508184433,0.0889880508184433,0.001222863676957786,0.01579832099378109,0.00609610928222537,10.0,1.0,10.0
620.0,0.08876827359199524,0.08876827359199524,0.0012197612086310983,0.015756484121084213,0.006081417668610811,10.0,1.0,10.0
621.0,0.08854877948760986,0.08854877948760986,0.0012166599044576287,0.015714848414063454,0.006066733039915562,10.0,1.0,10.0
622.0,0.08832958340644836,0.08832958340644836,0.0012135570868849754,0.015673404559493065,0.006052060518413782,10.0,1.0,10.0
623.0,0.08811068534851074,0.08811068534851074,0.001210461021400988,0.015632126480340958,0.006037394516170025,10.0,1.0,10.0
624.0,0.08789210021495819,0.08789210021495819,0.0012073651887476444,0.015591076575219631,0.0060227373614907265,10.0,1.0,10.0
625.0,0.08767375349998474,0.08767375349998474,0.001204266562126577,0.015550194308161736,0.006008089520037174,10.0,1.0,10.0
626.0,0.08745574206113815,0.08745574206113815,0.0012011731741949916,0.015509514138102531,0.005993449594825506,10.0,1.0,10.0
627.0,0.08723801374435425,0.08723801374435425,0.0011980801355093718,0.015469009056687355,0.005978820379823446,10.0,1.0,10.0
628.0,0.08702055364847183,0.08702055364847183,0.001194995827972889,0.015428652055561543,0.0059641944244503975,10.0,1.0,10.0
629.0,0.08680342137813568,0.08680342137813568,0.0011919043026864529,0.015388516709208488,0.005949585698544979,10.0,1.0,10.0
630.0,0.08658657968044281,0.08658657968044281,0.0011888154549524188,0.015348557382822037,0.005934986751526594,10.0,1.0,10.0
631.0,0.08636999875307083,0.08636999875307083,0.001185735804028809,0.015308731235563755,0.00592039106413722,10.0,1.0,10.0
632.0,0.08615370094776154,0.08615370094776154,0.0011826547561213374,0.015269072726368904,0.005905807949602604,10.0,1.0,10.0
633.0,0.08593772351741791,0.08593772351741791,0.0011795690516009927,0.015229620970785618,0.005891240667551756,10.0,1.0,10.0
634.0,0.08572200685739517,0.08572200685739517,0.0011764921946451068,0.015190315432846546,0.005876677110791206,10.0,1.0,10.0
635.0,0.0855066180229187,0.0855066180229187,0.0011734182480722666,0.015151165425777435,0.005862127058207989,10.0,1.0,10.0
636.0,0.08529147505760193,0.08529147505760193,0.0011703454656526446,0.015112174674868584,0.005847583990544081,10.0,1.0,10.0
637.0,0.08507662266492844,0.08507662266492844,0.0011672750115394592,0.01507332269102335,0.005833054892718792,10.0,1.0,10.0
638.0,0.08486203849315643,0.08486203849315643,0.001164201064966619,0.015034672804176807,0.005818535573780537,10.0,1.0,10.0
639.0,0.0846477746963501,0.0846477746963501,0.0011611342197284102,0.014996152371168137,0.005804027896374464,10.0,1.0,10.0
640.0,0.08443378657102585,0.08443378657102585,0.0011580754071474075,0.014957756735384464,0.005789527669548988,10.0,1.0,10.0
641.0,0.08422006666660309,0.08422006666660309,0.0011550099588930607,0.014919547364115715,0.0057750423438847065,10.0,1.0,10.0
642.0,0.0840066522359848,0.0840066522359848,0.0011519460240378976,0.01488147210329771,0.005760572385042906,10.0,1.0,10.0
643.0,0.083793506026268,0.083793506026268,0.001148895127698779,0.014843510463833809,0.005746104754507542,10.0,1.0,10.0
644.0,0.08358067274093628,0.08358067274093628,0.0011458355002105236,0.014805757440626621,0.00573165575042367,10.0,1.0,10.0
645.0,0.08336810022592545,0.08336810022592545,0.0011427800636738539,0.014768124558031559,0.005717217456549406,10.0,1.0,10.0
646.0,0.0831558108329773,0.0831558108329773,0.0011397339403629303,0.014730589464306831,0.005702788010239601,10.0,1.0,10.0
647.0,0.08294381201267242,0.08294381201267242,0.0011366915423423052,0.014693209901452065,0.00568836834281683,10.0,1.0,10.0
648.0,0.08273211121559143,0.08273211121559143,0.0011336376192048192,0.01465602032840252,0.005673971027135849,10.0,1.0,10.0
649.0,0.08252063393592834,0.08252063393592834,0.001130597316659987,0.014618908055126667,0.0056595755741000175,10.0,1.0,10.0
650.0,0.08230949938297272,0.08230949938297272,0.001127562951296568,0.014581918716430664,0.00564519502222538,10.0,1.0,10.0
651.0,0.08209862560033798,0.08209862560033798,0.0011245202040299773,0.01454511471092701,0.005630830768495798,10.0,1.0,10.0
652.0,0.08188803493976593,0.08188803493976593,0.0011214818805456161,0.014508436433970928,0.005616477690637112,10.0,1.0,10.0
653.0,0.08167774975299835,0.08167774975299835,0.0011184554314240813,0.014471836388111115,0.005602136254310608,10.0,1.0,10.0
654.0,0.08146774023771286,0.08146774023771286,0.0011154309613630176,0.014435362070798874,0.005587806925177574,10.0,1.0,10.0
655.0,0.08125801384449005,0.08125801384449005,0.0011123957810923457,0.01439908891916275,0.00557349668815732,10.0,1.0,10.0
656.0,0.08104857057332993,0.08104857057332993,0.0011093715438619256,0.014362916350364685,0.005559193901717663,10.0,1.0,10.0
657.0,0.08083938807249069,0.08083938807249069,0.0011063601123169065,0.014326776377856731,0.005544901359826326,10.0,1.0,10.0
658.0,0.08063052594661713,0.08063052594661713,0.0011033377377316356,0.014290861785411835,0.005530628375709057,10.0,1.0,10.0
659.0,0.08042194694280624,0.08042194694280624,0.001100314548239112,0.01425507664680481,0.00551637215539813,10.0,1.0,10.0
660.0,0.08021364361047745,0.08021364361047745,0.001097312313504517,0.014219340868294239,0.005502117797732353,10.0,1.0,10.0
661.0,0.08000562340021133,0.08000562340021133,0.001094305538572371,0.014183753170073032,0.005487881600856781,10.0,1.0,10.0
662.0,0.0797979086637497,0.0797979086637497,0.001091289333999157,0.014148338697850704,0.005473667755723,10.0,1.0,10.0
663.0,0.07959046959877014,0.07959046959877014,0.0010882930364459753,0.014112981036305428,0.00545945530757308,10.0,1.0,10.0
664.0,0.07938330620527267,0.07938330620527267,0.0010852995328605175,0.014077740721404552,0.005445257294923067,10.0,1.0,10.0
665.0,0.07917643338441849,0.07917643338441849,0.0010822907788679004,0.014042695052921772,0.005431083030998707,10.0,1.0,10.0
666.0,0.07896987348794937,0.07896987348794937,0.0010792989050969481,0.014007690362632275,0.005416919477283955,10.0,1.0,10.0
667.0,0.07876355201005936,0.07876355201005936,0.0010763147147372365,0.01397277507930994,0.005402763374149799,10.0,1.0,10.0
668.0,0.0785575807094574,0.0785575807094574,0.0010733248200267553,0.013938046991825104,0.00538862869143486,10.0,1.0,10.0
669.0,0.07835187762975693,0.07835187762975693,0.001070331665687263,0.013903462328016758,0.00537450984120369,10.0,1.0,10.0
670.0,0.07814646512269974,0.07814646512269974,0.001067355740815401,0.01386891771107912,0.005360398907214403,10.0,1.0,10.0
671.0,0.07794138789176941,0.07794138789176941,0.0010643864516168833,0.013834464363753796,0.005346305668354034,10.0,1.0,10.0
672.0,0.07773657143115997,0.07773657143115997,0.001061402028426528,0.013800234533846378,0.005332231521606445,10.0,1.0,10.0
673.0,0.07753203809261322,0.07753203809261322,0.0010584284318611026,0.013766057789325714,0.005318169482052326,10.0,1.0,10.0
674.0,0.07732777297496796,0.07732777297496796,0.0010554661275818944,0.013731963001191616,0.005304115358740091,10.0,1.0,10.0
675.0,0.07712386548519135,0.07712386548519135,0.001052500563673675,0.013698022812604904,0.0052900840528309345,10.0,1.0,10.0
676.0,0.07692024111747742,0.07692024111747742,0.0010495337191969156,0.013664215803146362,0.005276068579405546,10.0,1.0,10.0
677.0,0.07671692967414856,0.07671692967414856,0.0010465814266353846,0.013630474917590618,0.005262063816189766,10.0,1.0,10.0
678.0,0.07651388645172119,0.07651388645172119,0.0010436244774609804,0.013596881181001663,0.005248075816780329,10.0,1.0,10.0
679.0,0.0763111487030983,0.0763111487030983,0.001040671719238162,0.013563397340476513,0.005234103184193373,10.0,1.0,10.0
680.0,0.07610872387886047,0.07610872387886047,0.0010377285070717335,0.013530001044273376,0.005220143590122461,10.0,1.0,10.0
681.0,0.07590658962726593,0.07590658962726593,0.0010347797069698572,0.0134967640042305,0.0052062030881643295,10.0,1.0,10.0
682.0,0.07570475339889526,0.07570475339889526,0.0010318380082026124,0.013463608920574188,0.005192277021706104,10.0,1.0,10.0
683.0,0.07550324499607086,0.07550324499607086,0.0010289069032296538,0.013430533930659294,0.005178363993763924,10.0,1.0,10.0
684.0,0.07530204951763153,0.07530204951763153,0.0010259697446599603,0.013397639617323875,0.0051644714549183846,10.0,1.0,10.0
685.0,0.07510113716125488,0.07510113716125488,0.0010230338666588068,0.013364840298891068,0.0051505956798791885,10.0,1.0,10.0
686.0,0.0749005377292633,0.0749005377292633,0.001020113006234169,0.013332135044038296,0.0051367273554205894,10.0,1.0,10.0
687.0,0.07470027357339859,0.07470027357339859,0.001017193659208715,0.013299528509378433,0.005122880917042494,10.0,1.0,10.0
688.0,0.07450031489133835,0.07450031489133835,0.0010142660466954112,0.01326710358262062,0.00510905496776104,10.0,1.0,10.0
689.0,0.07430066913366318,0.07430066913366318,0.0010113522876054049,0.013234741985797882,0.005095240660011768,10.0,1.0,10.0
690.0,0.07410130649805069,0.07410130649805069,0.00100844562985003,0.013202480971813202,0.005081437062472105,10.0,1.0,10.0
691.0,0.07390230149030685,0.07390230149030685,0.001005530939437449,0.013170397840440273,0.005067659541964531,10.0,1.0,10.0
692.0,0.0737035796046257,0.0737035796046257,0.0010026225354522467,0.013138397596776485,0.005053895525634289,10.0,1.0,10.0
693.0,0.07350519299507141,0.07350519299507141,0.0009997328743338585,0.01310646254569292,0.005040139891207218,10.0,1.0,10.0
694.0,0.07330712676048279,0.07330712676048279,0.000996829243376851,0.013074718415737152,0.005026411265134811,10.0,1.0,10.0
695.0,0.07310940325260162,0.07310940325260162,0.0009939315496012568,0.013043083250522614,0.005012699868530035,10.0,1.0,10.0
696.0,0.07291195541620255,0.07291195541620255,0.0009910505032166839,0.013011512346565723,0.004998994059860706,10.0,1.0,10.0
697.0,0.07271488010883331,0.07271488010883331,0.000988163985311985,0.012980105355381966,0.0049853138625621796,10.0,1.0,10.0
698.0,0.07251812517642975,0.07251812517642975,0.000985274207778275,0.012948845513164997,0.004971653688699007,10.0,1.0,10.0
699.0,0.07232168316841125,0.07232168316841125,0.0009824050357565284,0.012917621992528439,0.004958000965416431,10.0,1.0,10.0
700.0,0.07212556153535843,0.07212556153535843,0.0009795300429686904,0.012886559590697289,0.004944370128214359,10.0,1.0,10.0
701.0,0.07192976772785187,0.07192976772785187,0.0009766537696123123,0.012855648063123226,0.0049307579174637794,10.0,1.0,10.0
702.0,0.07173432409763336,0.07173432409763336,0.0009737891377881169,0.01282481849193573,0.004917161539196968,10.0,1.0,10.0
703.0,0.07153917104005814,0.07153917104005814,0.0009709327714517713,0.012794075533747673,0.004903576802462339,10.0,1.0,10.0
704.0,0.07134442776441574,0.07134442776441574,0.0009680668008513749,0.012763550505042076,0.004890020936727524,10.0,1.0,10.0
705.0,0.07114996761083603,0.07114996761083603,0.0009652126464061439,0.012733087874948978,0.004876475315541029,10.0,1.0,10.0
706.0,0.07095582783222198,0.07095582783222198,0.0009623676887713373,0.012702712789177895,0.004862944129854441,10.0,1.0,10.0
707.0,0.07076209038496017,0.07076209038496017,0.0009595216251909733,0.01267251931130886,0.004849435295909643,10.0,1.0,10.0
708.0,0.07056865096092224,0.07056865096092224,0.0009566729422658682,0.012642456218600273,0.0048359464854002,10.0,1.0,10.0
709.0,0.07037554681301117,0.07037554681301117,0.0009538368321955204,0.012612494640052319,0.004822468850761652,10.0,1.0,10.0
710.0,0.07018284499645233,0.07018284499645233,0.0009510089294053614,0.012582624331116676,0.00480901263654232,10.0,1.0,10.0
711.0,0.06999044120311737,0.06999044120311737,0.0009481746237725019,0.012552926316857338,0.004795576445758343,10.0,1.0,10.0
712.0,0.06979838758707047,0.06979838758707047,0.000945345382206142,0.012523366138339043,0.004782156553119421,10.0,1.0,10.0
713.0,0.06960669159889221,0.06960669159889221,0.0009425313328392804,0.012493862770497799,0.004768751095980406,10.0,1.0,10.0
714.0,0.06941533088684082,0.06941533088684082,0.0009397126268595457,0.01246452797204256,0.004755367524921894,10.0,1.0,10.0
715.0,0.06922434270381927,0.06922434270381927,0.0009368902537971735,0.0124353663995862,0.00474200677126646,10.0,1.0,10.0
716.0,0.06903370469808578,0.06903370469808578,0.0009340919204987586,0.0124062430113554,0.004728654399514198,10.0,1.0,10.0
717.0,0.06884339451789856,0.06884339451789856,0.0009312846232205629,0.012377296574413776,0.004715325310826302,10.0,1.0,10.0
718.0,0.06865345686674118,0.06865345686674118,0.0009284797124564648,0.012348494492471218,0.004702016711235046,10.0,1.0,10.0
719.0,0.06846389174461365,0.06846389174461365,0.0009256912744604051,0.012319769710302353,0.004688721150159836,10.0,1.0,10.0
720.0,0.06827467679977417,0.06827467679977417,0.0009228981798514724,0.012291206046938896,0.004675448872148991,10.0,1.0,10.0
721.0,0.06808581948280334,0.06808581948280334,0.0009201046195812523,0.01226279977709055,0.004662197083234787,10.0,1.0,10.0
722.0,0.06789731979370117,0.06789731979370117,0.000917324738111347,0.012234484776854515,0.004648959264159203,10.0,1.0,10.0
723.0,0.06770919263362885,0.06770919263362885,0.0009145529475063086,0.012206269428133965,0.004635739140212536,10.0,1.0,10.0
724.0,0.06752139329910278,0.06752139329910278,0.0009117675363086164,0.012178276665508747,0.004622544161975384,10.0,1.0,10.0
725.0,0.06733402609825134,0.06733402609825134,0.0009089998202398419,0.012150373309850693,0.004609365481883287,10.0,1.0,10.0
726.0,0.06714699417352676,0.06714699417352676,0.0009062439785338938,0.012122554704546928,0.004596199840307236,10.0,1.0,10.0
727.0,0.06696032732725143,0.06696032732725143,0.00090347247896716,0.012094961479306221,0.004583064001053572,10.0,1.0,10.0
728.0,0.06677404046058655,0.06677404046058655,0.0009007166372612119,0.012067455798387527,0.00456994166597724,10.0,1.0,10.0
729.0,0.06658811867237091,0.06658811867237091,0.0008979718550108373,0.012040048837661743,0.004556835629045963,10.0,1.0,10.0
730.0,0.06640257686376572,0.06640257686376572,0.0008952202624641359,0.012012825347483158,0.004543754737824202,10.0,1.0,10.0
731.0,0.06621739268302917,0.06621739268302917,0.000892472977284342,0.01198574434965849,0.004530692007392645,10.0,1.0,10.0
732.0,0.06603258848190308,0.06603258848190308,0.0008897389634512365,0.011958763934671879,0.004517643712460995,10.0,1.0,10.0
733.0,0.06584817171096802,0.06584817171096802,0.0008870080346241593,0.011931929737329483,0.004504616372287273,10.0,1.0,10.0
734.0,0.065664142370224,0.065664142370224,0.0008842704119160771,0.011905267834663391,0.0044916169717907906,10.0,1.0,10.0
735.0,0.06548050045967102,0.06548050045967102,0.0008815525798127055,0.011878685094416142,0.004478628747165203,10.0,1.0,10.0
736.0,0.0652972012758255,0.0652972012758255,0.0008788330596871674,0.01185225322842598,0.0044656614772975445,10.0,1.0,10.0
737.0,0.0651143342256546,0.0651143342256546,0.0008761127246543765,0.011826010420918465,0.0044527193531394005,10.0,1.0,10.0
738.0,0.06493179500102997,0.06493179500102997,0.0008734066504985094,0.011799831874668598,0.004439790267497301,10.0,1.0,10.0
739.0,0.06474966555833817,0.06474966555833817,0.0008706984808668494,0.011773835867643356,0.004426884464919567,10.0,1.0,10.0
740.0,0.0645679235458374,0.0645679235458374,0.0008679935708642006,0.011747978627681732,0.004414001014083624,10.0,1.0,10.0
741.0,0.06438656896352768,0.06438656896352768,0.0008653029217384756,0.011722220107913017,0.004401131998747587,10.0,1.0,10.0
742.0,0.064205601811409,0.064205601811409,0.0008626065100543201,0.011696645058691502,0.00438828906044364,10.0,1.0,10.0
743.0,0.06402502954006195,0.06402502954006195,0.0008599176071584225,0.011671202257275581,0.004375465679913759,10.0,1.0,10.0
744.0,0.06384485214948654,0.06384485214948654,0.0008572436636313796,0.011645859107375145,0.004362655337899923,10.0,1.0,10.0
745.0,0.06366502493619919,0.06366502493619919,0.0008545591263100505,0.011620701290667057,0.004349873401224613,10.0,1.0,10.0
746.0,0.06348565220832825,0.06348565220832825,0.0008518848335370421,0.011595679447054863,0.004337112419307232,10.0,1.0,10.0
747.0,0.06330663710832596,0.06330663710832596,0.0008492202614434063,0.01157075259834528,0.004324368201196194,10.0,1.0,10.0
748.0,0.0631280243396759,0.0631280243396759,0.000846554059535265,0.01154601015150547,0.004311647731810808,10.0,1.0,10.0
749.0,0.06294982135295868,0.06294982135295868,0.0008438975783064961,0.011521382257342339,0.004298946354538202,10.0,1.0,10.0
750.0,0.0627719908952713,0.0627719908952713,0.0008412408642470837,0.01149692665785551,0.004286265466362238,10.0,1.0,10.0
751.0,0.06259455531835556,0.06259455531835556,0.0008385987603105605,0.011472567915916443,0.004273599945008755,10.0,1.0,10.0
752.0,0.062417540699243546,0.062417540699243546,0.0008359485073015094,0.011448400095105171,0.004260965622961521,10.0,1.0,10.0
753.0,0.06224089115858078,0.06224089115858078,0.0008333082078024745,0.011424343101680279,0.004248346667736769,10.0,1.0,10.0
754.0,0.06206466257572174,0.06206466257572174,0.0008306833333335817,0.011400383897125721,0.004235744476318359,10.0,1.0,10.0
755.0,0.06188885122537613,0.06188885122537613,0.0008280511246994138,0.011376629583537579,0.004223170690238476,10.0,1.0,10.0
756.0,0.061713434755802155,0.061713434755802155,0.0008254194399341941,0.01135303359478712,0.004210620652884245,10.0,1.0,10.0
757.0,0.06153838336467743,0.06153838336467743,0.0008228091755881906,0.011329474858939648,0.004198081791400909,10.0,1.0,10.0
758.0,0.061363786458969116,0.061363786458969116,0.000820193556137383,0.01130613125860691,0.004185571800917387,10.0,1.0,10.0
759.0,0.06118956580758095,0.06118956580758095,0.0008175775874406099,0.011282939463853836,0.00417308509349823,10.0,1.0,10.0
760.0,0.06101575493812561,0.06101575493812561,0.0008149773348122835,0.01125984638929367,0.004160613752901554,10.0,1.0,10.0
761.0,0.06084234267473221,0.06084234267473221,0.0008123794686980546,0.01123688742518425,0.004148166161030531,10.0,1.0,10.0
762.0,0.06066933274269104,0.06066933274269104,0.000809783348813653,0.011214089579880238,0.0041357409209012985,10.0,1.0,10.0
763.0,0.0604967400431633,0.0604967400431633,0.0008071913034655154,0.01119143795222044,0.0041233389638364315,10.0,1.0,10.0
764.0,0.06032456457614899,0.06032456457614899,0.0008046103175729513,0.011168908327817917,0.0041109551675617695,10.0,1.0,10.0
765.0,0.06015276908874512,0.06015276908874512,0.0008020341047085822,0.011146514676511288,0.004098591394722462,10.0,1.0,10.0
766.0,0.05998139828443527,0.05998139828443527,0.0007994567276909947,0.011124285869300365,0.004086254630237818,10.0,1.0,10.0
767.0,0.05981044843792915,0.05981044843792915,0.0007968854042701423,0.011102195829153061,0.004073939751833677,10.0,1.0,10.0
768.0,0.05963987857103348,0.05963987857103348,0.0007943304372020066,0.011080188676714897,0.004061638377606869,10.0,1.0,10.0
769.0,0.059469763189554214,0.059469763189554214,0.0007917669136077166,0.011058379895985126,0.004049371462315321,10.0,1.0,10.0
770.0,0.0593000128865242,0.0593000128865242,0.0007892096764408052,0.011036687530577183,0.004037122707813978,10.0,1.0,10.0
771.0,0.059130676090717316,0.059130676090717316,0.0007866700179874897,0.01101509016007185,0.004024888388812542,10.0,1.0,10.0
772.0,0.05896177887916565,0.05896177887916565,0.0007841229089535773,0.010993687435984612,0.00401268620043993,10.0,1.0,10.0
773.0,0.05879325792193413,0.05879325792193413,0.0007815778371877968,0.010972436517477036,0.0040005045011639595,10.0,1.0,10.0
774.0,0.05862518399953842,0.05862518399953842,0.0007790561649017036,0.010951233096420765,0.003988339100033045,10.0,1.0,10.0
775.0,0.05845748633146286,0.05845748633146286,0.0007765255868434906,0.010930228978395462,0.003976200241595507,10.0,1.0,10.0
776.0,0.058290209621191025,0.058290209621191025,0.0007739971042610705,0.01090936828404665,0.0039640869945287704,10.0,1.0,10.0
777.0,0.058123379945755005,0.058123379945755005,0.00077148771379143,0.010888596996665001,0.003951990511268377,10.0,1.0,10.0
778.0,0.057956937700510025,0.057956937700510025,0.0007689741905778646,0.01086798869073391,0.003939920570701361,10.0,1.0,10.0
779.0,0.05779089778661728,0.05779089778661728,0.0007664634613320231,0.010847527533769608,0.003927873447537422,10.0,1.0,10.0
780.0,0.057625263929367065,0.057625263929367065,0.0007639676332473755,0.010827146470546722,0.003915844019502401,10.0,1.0,10.0
781.0,0.057460054755210876,0.057460054755210876,0.0007614693022333086,0.010806943289935589,0.003903841832652688,10.0,1.0,10.0
782.0,0.05729527398943901,0.05729527398943901,0.0007589749293401837,0.0107868742197752,0.0038918652571737766,10.0,1.0,10.0
783.0,0.05713086947798729,0.05713086947798729,0.0007564934785477817,0.010766886174678802,0.0038799047470092773,10.0,1.0,10.0
784.0,0.05696691572666168,0.05696691572666168,0.0007540154620073736,0.010747075080871582,0.0038679686840623617,10.0,1.0,10.0
785.0,0.05680336058139801,0.05680336058139801,0.0007515324978157878,0.010727408342063427,0.003856062423437834,10.0,1.0,10.0
786.0,0.05664023384451866,0.05664023384451866,0.0007490713614970446,0.010707817040383816,0.003844170132651925,10.0,1.0,10.0
787.0,0.056477487087249756,0.056477487087249756,0.0007466103415936232,0.010688367299735546,0.003832301590591669,10.0,1.0,10.0
788.0,0.056315142661333084,0.056315142661333084,0.0007441377965733409,0.010669121518731117,0.0038204642478376627,10.0,1.0,10.0
789.0,0.056153248995542526,0.056153248995542526,0.0007416953449137509,0.01064988411962986,0.003808641107752919,10.0,1.0,10.0
790.0,0.055991724133491516,0.055991724133491516,0.0007392448605969548,0.01063083577901125,0.0037968442775309086,10.0,1.0,10.0
791.0,0.055830687284469604,0.055830687284469604,0.0007367977523244917,0.01061194110661745,0.0037850767839699984,10.0,1.0,10.0
792.0,0.05567002296447754,0.05567002296447754,0.0007343709585256875,0.010593092069029808,0.0037733218632638454,10.0,1.0,10.0
793.0,0.05550974979996681,0.05550974979996681,0.0007319307769648731,0.010574432089924812,0.003761600935831666,10.0,1.0,10.0
794.0,0.05534989386796951,0.05534989386796951,0.0007295039249584079,0.010555879212915897,0.0037498974706977606,10.0,1.0,10.0
795.0,0.05519045144319534,0.05519045144319534,0.0007270888891071081,0.010537411086261272,0.0037382151931524277,10.0,1.0,10.0
796.0,0.055031467229127884,0.055031467229127884,0.0007246649474836886,0.010519145056605339,0.003726567141711712,10.0,1.0,10.0
797.0,0.05487283691763878,0.05487283691763878,0.0007222560234367847,0.010500947013497353,0.0037149328272789717,10.0,1.0,10.0
798.0,0.05471460521221161,0.05471460521221161,0.0007198613020591438,0.010482821613550186,0.0037033171392977238,10.0,1.0,10.0
799.0,0.05455683171749115,0.05455683171749115,0.0007174478960223496,0.010464943014085293,0.0036917412653565407,10.0,1.0,10.0
800.0,0.05439944937825203,0.05439944937825203,0.0007150587625801563,0.010447105392813683,0.0036801756359636784,10.0,1.0,10.0
801.0,0.054242491722106934,0.054242491722106934,0.0007126826676540077,0.01042933203279972,0.0036686332896351814,10.0,1.0,10.0
802.0,0.054085925221443176,0.054085925221443176,0.000710285035893321,0.010411798022687435,0.0036571279633790255,10.0,1.0,10.0
803.0,0.053929753601551056,0.053929753601551056,0.0007079072529450059,0.010394304059445858,0.0036456375382840633,10.0,1.0,10.0
804.0,0.053774021565914154,0.053774021565914154,0.0007055477472022176,0.010376879014074802,0.003634166670963168,10.0,1.0,10.0
805.0,0.05361868068575859,0.05361868068575859,0.0007031686836853623,0.010359678417444229,0.003622731426730752,10.0,1.0,10.0
806.0,0.05346374213695526,0.05346374213695526,0.000700807839166373,0.010342542082071304,0.003611312247812748,10.0,1.0,10.0
807.0,0.05330922454595566,0.05330922454595566,0.0006984647479839623,0.010325461626052856,0.0035999114625155926,10.0,1.0,10.0
808.0,0.05315511301159859,0.05315511301159859,0.0006961007020436227,0.010308611206710339,0.0035885493271052837,10.0,1.0,10.0
809.0,0.053001392632722855,0.053001392632722855,0.0006937617436051369,0.010291771031916142,0.0035772002302110195,10.0,1.0,10.0
810.0,0.05284808948636055,0.05284808948636055,0.0006914263940416276,0.01027506310492754,0.00356587627902627,10.0,1.0,10.0
811.0,0.052695177495479584,0.052695177495479584,0.0006890835938975215,0.01025852095335722,0.003554582130163908,10.0,1.0,10.0
812.0,0.052542686462402344,0.052542686462402344,0.0006867619231343269,0.01024201512336731,0.00354330544359982,10.0,1.0,10.0
813.0,0.05239061266183853,0.05239061266183853,0.0006844434537924826,0.010225625708699226,0.003532055066898465,10.0,1.0,10.0
814.0,0.05223892256617546,0.05223892256617546,0.0006821161368861794,0.010209405794739723,0.003520835656672716,10.0,1.0,10.0
815.0,0.05208759382367134,0.05208759382367134,0.0006798088434152305,0.010193203575909138,0.0035096302162855864,10.0,1.0,10.0
816.0,0.05193671956658363,0.05193671956658363,0.0006775081274099648,0.010177125222980976,0.003498451318591833,10.0,1.0,10.0
817.0,0.051786258816719055,0.051786258816719055,0.0006752017070539296,0.01016121357679367,0.003487302688881755,10.0,1.0,10.0
818.0,0.05163615569472313,0.05163615569472313,0.0006729068700224161,0.010145360603928566,0.003476172685623169,10.0,1.0,10.0
819.0,0.051486484706401825,0.051486484706401825,0.0006706210551783442,0.010129589587450027,0.0034650685265660286,10.0,1.0,10.0
820.0,0.05133720487356186,0.05133720487356186,0.0006683360552415252,0.010113941505551338,0.00345398997887969,10.0,1.0,10.0
821.0,0.05118831992149353,0.05118831992149353,0.0006660586223006248,0.010098396800458431,0.0034429337829351425,10.0,1.0,10.0
822.0,0.05103982612490654,0.05103982612490654,0.0006637845654040575,0.010082948952913284,0.003431903198361397,10.0,1.0,10.0
823.0,0.050891757011413574,0.050891757011413574,0.0006615208112634718,0.01006757840514183,0.0034208972938358784,10.0,1.0,10.0
824.0,0.05074404180049896,0.05074404180049896,0.0006592601421289146,0.01005229540169239,0.0034099146723747253,10.0,1.0,10.0
825.0,0.05059672147035599,0.05059672147035599,0.0006569958641193807,0.010037166066467762,0.003398959757760167,10.0,1.0,10.0
826.0,0.05044984072446823,0.05044984072446823,0.0006547535886056721,0.010022053495049477,0.003388025099411607,10.0,1.0,10.0
827.0,0.050303321331739426,0.050303321331739426,0.0006525094504468143,0.010007064789533615,0.0033771160524338484,10.0,1.0,10.0
828.0,0.05015720799565315,0.05015720799565315,0.000650266301818192,0.009992189705371857,0.0033662356436252594,10.0,1.0,10.0
829.0,0.050011470913887024,0.050011470913887024,0.0006480354932136834,0.009977367706596851,0.003355375025421381,10.0,1.0,10.0
830.0,0.04986613243818283,0.04986613243818283,0.0006458059651777148,0.009962663985788822,0.003344540949910879,10.0,1.0,10.0
831.0,0.04972122237086296,0.04972122237086296,0.0006435854593291879,0.009948039427399635,0.003333732718601823,10.0,1.0,10.0
832.0,0.04957665503025055,0.04957665503025055,0.0006413673982024193,0.009933501482009888,0.003322947770357132,10.0,1.0,10.0
833.0,0.049432482570409775,0.049432482570409775,0.000639156554825604,0.009919054806232452,0.0033121861051768064,10.0,1.0,10.0
834.0,0.04928870499134064,0.04928870499134064,0.0006369538023136556,0.00990467332303524,0.003301449352875352,10.0,1.0,10.0
835.0,0.04914533346891403,0.04914533346891403,0.0006347527378238738,0.009890401735901833,0.003290740307420492,10.0,1.0,10.0
836.0,0.04900230094790459,0.04900230094790459,0.0006325588328763843,0.009876193478703499,0.0032800519838929176,10.0,1.0,10.0
837.0,0.04885967820882797,0.04885967820882797,0.0006303692935034633,0.009862067177891731,0.003269391832873225,10.0,1.0,10.0
838.0,0.04871745780110359,0.04871745780110359,0.000628187321126461,0.009848026558756828,0.003258755663409829,10.0,1.0,10.0
839.0,0.048575591295957565,0.048575591295957565,0.0006260075606405735,0.009834075346589088,0.0032481439411640167,10.0,1.0,10.0
840.0,0.04843412712216377,0.04843412712216377,0.0006238400819711387,0.009820169769227505,0.0032375555019825697,10.0,1.0,10.0
841.0,0.04829303175210953,0.04829303175210953,0.0006216713227331638,0.009806373156607151,0.0032269947696477175,10.0,1.0,10.0
842.0,0.04815233498811722,0.04815233498811722,0.0006195096066221595,0.009792658500373363,0.0032164580188691616,10.0,1.0,10.0
843.0,0.04801199585199356,0.04801199585199356,0.0006173592992126942,0.009778977371752262,0.0032059422228485346,10.0,1.0,10.0
844.0,0.04787205532193184,0.04787205532193184,0.0006152060232125223,0.009765408001840115,0.003195458557456732,10.0,1.0,10.0
845.0,0.04773247241973877,0.04773247241973877,0.0006130635156296194,0.009751907549798489,0.0031849932856857777,10.0,1.0,10.0
846.0,0.047593291848897934,0.047593291848897934,0.000610930728726089,0.009738454595208168,0.0031745529267936945,10.0,1.0,10.0
847.0,0.04745447263121605,0.04745447263121605,0.0006087935762479901,0.009725113399326801,0.003164142370223999,10.0,1.0,10.0
848.0,0.047316018491983414,0.047316018491983414,0.0006066667847335339,0.009711813181638718,0.003153753699734807,10.0,1.0,10.0
849.0,0.04717795178294182,0.04717795178294182,0.0006045501213520765,0.009698555804789066,0.0031433894764631987,10.0,1.0,10.0
850.0,0.04704023897647858,0.04704023897647858,0.0006024291506037116,0.009685417637228966,0.003133052960038185,10.0,1.0,10.0
851.0,0.04690289497375488,0.04690289497375488,0.000600318075157702,0.009672317653894424,0.0031227399595081806,10.0,1.0,10.0
852.0,0.04676596820354462,0.04676596820354462,0.0005982202710583806,0.009659269824624062,0.0031124495435506105,10.0,1.0,10.0
853.0,0.046629372984170914,0.046629372984170914,0.0005961178685538471,0.009646328166127205,0.0031021866016089916,10.0,1.0,10.0
854.0,0.04649316519498825,0.04649316519498825,0.0005940260598435998,0.009633427485823631,0.003091947641223669,10.0,1.0,10.0
855.0,0.04635728523135185,0.04635728523135185,0.000591937976423651,0.00962058175355196,0.003081732429563999,10.0,1.0,10.0
856.0,0.046221811324357986,0.046221811324357986,0.0005898577510379255,0.009607801213860512,0.0030715432949364185,10.0,1.0,10.0
857.0,0.046086691319942474,0.046086691319942474,0.0005877816583961248,0.009595084935426712,0.003061378840357065,10.0,1.0,10.0
858.0,0.04595194384455681,0.04595194384455681,0.0005857084761373699,0.009582443162798882,0.0030512416269630194,10.0,1.0,10.0
859.0,0.0458175465464592,0.0458175465464592,0.0005836489144712687,0.009569804184138775,0.0030411251354962587,10.0,1.0,10.0
860.0,0.04568352550268173,0.04568352550268173,0.0005815819022245705,0.009557308629155159,0.0030310398433357477,10.0,1.0,10.0
861.0,0.045549869537353516,0.045549869537353516,0.0005795386387035251,0.009544773027300835,0.003020971082150936,10.0,1.0,10.0
862.0,0.04541654884815216,0.04541654884815216,0.0005774828605353832,0.009532361291348934,0.003010935615748167,10.0,1.0,10.0
863.0,0.04528358578681946,0.04528358578681946,0.000575436744838953,0.009519999846816063,0.0030009218025952578,10.0,1.0,10.0
864.0,0.045150987803936005,0.045150987803936005,0.0005734138539992273,0.009507609531283379,0.0029909242875874043,10.0,1.0,10.0
865.0,0.045018769800662994,0.045018769800662994,0.0005713714635930955,0.00949539989233017,0.002980965655297041,10.0,1.0,10.0
866.0,0.044886909425258636,0.044886909425258636,0.0005693425773642957,0.009483194909989834,0.0029710286762565374,10.0,1.0,10.0
867.0,0.044755369424819946,0.044755369424819946,0.0005673405830748379,0.009470933116972446,0.002961103105917573,10.0,1.0,10.0
868.0,0.0446242094039917,0.0446242094039917,0.0005653080879710615,0.009458900429308414,0.002951222937554121,10.0,1.0,10.0
869.0,0.044493380934000015,0.044493380934000015,0.000563302484806627,0.00944681465625763,0.002941354177892208,10.0,1.0,10.0
870.0,0.04436292499303818,0.04436292499303818,0.0005613118410110474,0.009434725157916546,0.0029315082356333733,10.0,1.0,10.0
871.0,0.0442328155040741,0.0442328155040741,0.0005592991947196424,0.009422811679542065,0.0029217011760920286,10.0,1.0,10.0
872.0,0.04410305619239807,0.04410305619239807,0.000557311053853482,0.009410850703716278,0.002911909483373165,10.0,1.0,10.0
873.0,0.0439736470580101,0.0439736470580101,0.0005553319351747632,0.009398921392858028,0.002902140375226736,10.0,1.0,10.0
874.0,0.04384458065032959,0.04384458065032959,0.0005533398943953216,0.009387131780385971,0.002892405027523637,10.0,1.0,10.0
875.0,0.043715886771678925,0.043715886771678925,0.0005513741634786129,0.009375287219882011,0.0028826857451349497,10.0,1.0,10.0
876.0,0.043587490916252136,0.043587490916252136,0.0005493993521668017,0.009363542310893536,0.0028729953337460756,10.0,1.0,10.0
877.0,0.0434594452381134,0.0434594452381134,0.00054742960492149,0.009351834654808044,0.0028633316978812218,10.0,1.0,10.0
878.0,0.04333178326487541,0.04333178326487541,0.0005454829079099,0.009340104646980762,0.0028536850586533546,10.0,1.0,10.0
879.0,0.04320446774363518,0.04320446774363518,0.0005435221828520298,0.009328523650765419,0.0028440721798688173,10.0,1.0,10.0
880.0,0.043077435344457626,0.043077435344457626,0.000541574670933187,0.009316901676356792,0.002834478858858347,10.0,1.0,10.0
881.0,0.04295080527663231,0.04295080527663231,0.0005396368214860559,0.009305327199399471,0.002824910916388035,10.0,1.0,10.0
882.0,0.042824506759643555,0.042824506759643555,0.0005376971676014364,0.009293822571635246,0.002815370913594961,10.0,1.0,10.0
883.0,0.04269851744174957,0.04269851744174957,0.0005357632762752473,0.009282340295612812,0.0028058544266968966,10.0,1.0,10.0
884.0,0.042572878301143646,0.042572878301143646,0.0005338457995094359,0.009270838461816311,0.00279635819606483,10.0,1.0,10.0
885.0,0.04244759678840637,0.04244759678840637,0.0005319167394191027,0.009259480983018875,0.002786895027384162,10.0,1.0,10.0
886.0,0.04232262074947357,0.04232262074947357,0.0005300082266330719,0.00924806110560894,0.002777447924017906,10.0,1.0,10.0
887.0,0.04219799488782883,0.04219799488782883,0.0005280989571474493,0.009236711077392101,0.002768029225990176,10.0,1.0,10.0
888.0,0.04207371920347214,0.04207371920347214,0.0005261890473775566,0.009225426241755486,0.002758640330284834,10.0,1.0,10.0
889.0,0.04194974899291992,0.04194974899291992,0.0005242995102889836,0.009214108809828758,0.00274926470592618,10.0,1.0,10.0
890.0,0.04182613641023636,0.04182613641023636,0.0005224046763032675,0.009202862158417702,0.002739922609180212,10.0,1.0,10.0
891.0,0.041702836751937866,0.041702836751937866,0.0005205099587328732,0.009191678836941719,0.0027306058909744024,10.0,1.0,10.0
892.0,0.04157986491918564,0.04157986491918564,0.0005186448688618839,0.009180398657917976,0.00272130174562335,10.0,1.0,10.0
893.0,0.04145723581314087,0.04145723581314087,0.0005167532945051789,0.009169312193989754,0.0027120388112962246,10.0,1.0,10.0
894.0,0.04133492708206177,0.04133492708206177,0.0005148848285898566,0.009158165194094181,0.00270279124379158,10.0,1.0,10.0
895.0,0.04121296852827072,0.04121296852827072,0.0005130305653437972,0.009147006087005138,0.0026935655623674393,10.0,1.0,10.0
896.0,0.04109131544828415,0.04109131544828415,0.0005111556965857744,0.009135994128882885,0.0026843762025237083,10.0,1.0,10.0
897.0,0.04096999019384384,0.04096999019384384,0.0005093077197670937,0.009124918840825558,0.0026751994155347347,10.0,1.0,10.0
898.0,0.0408489927649498,0.0408489927649498,0.0005074656801298261,0.009113872423768044,0.002666046377271414,10.0,1.0,10.0
899.0,0.04072830080986023,0.04072830080986023,0.0005056114750914276,0.009102907031774521,0.0026569277979433537,10.0,1.0,10.0
900.0,0.04060797393321991,0.04060797393321991,0.0005037778173573315,0.00909192394465208,0.0026478273794054985,10.0,1.0,10.0
901.0,0.04048793390393257,0.04048793390393257,0.000501947128213942,0.009080961346626282,0.0026387502439320087,10.0,1.0,10.0
902.0,0.04036825895309448,0.04036825895309448,0.0005001153331249952,0.009070074185729027,0.002629703376442194,10.0,1.0,10.0
903.0,0.04024888947606087,0.04024888947606087,0.0004982969840057194,0.009059149771928787,0.0026206769980490208,10.0,1.0,10.0
904.0,0.040129803121089935,0.040129803121089935,0.0004964805557392538,0.009048277512192726,0.0026116720400750637,10.0,1.0,10.0
905.0,0.04001105576753616,0.04001105576753616,0.0004946651170030236,0.00903743039816618,0.0026026973500847816,10.0,1.0,10.0
906.0,0.03989262506365776,0.03989262506365776,0.0004928615526296198,0.009026575833559036,0.0025937433820217848,10.0,1.0,10.0
907.0,0.03977452591061592,0.03977452591061592,0.0004910628776997328,0.009015780873596668,0.0025848117657005787,10.0,1.0,10.0
908.0,0.03965675085783005,0.03965675085783005,0.0004892654833383858,0.009005006402730942,0.0025759090203791857,10.0,1.0,10.0
909.0,0.03953928500413895,0.03953928500413895,0.0004874780133832246,0.00899423100054264,0.0025670272298157215,10.0,1.0,10.0
910.0,0.039422132074832916,0.039422132074832916,0.00048569246428087354,0.008983508683741093,0.0025581696536391973,10.0,1.0,10.0
911.0,0.03930527716875076,0.03930527716875076,0.0004839117464143783,0.008972770534455776,0.0025493386201560497,10.0,1.0,10.0
912.0,0.039188772439956665,0.039188772439956665,0.00048213949776254594,0.008962061256170273,0.002540531801059842,10.0,1.0,10.0
913.0,0.03907257318496704,0.03907257318496704,0.0004803701303899288,0.008951401337981224,0.0025317471008747816,10.0,1.0,10.0
914.0,0.03895663097500801,0.03895663097500801,0.0004786062054336071,0.008940724655985832,0.0025229845196008682,10.0,1.0,10.0
915.0,0.038841065019369125,0.038841065019369125,0.0004768487415276468,0.008930081501603127,0.0025142496451735497,10.0,1.0,10.0
916.0,0.03872575983405113,0.03872575983405113,0.0004750960215460509,0.008919456973671913,0.002505534328520298,10.0,1.0,10.0
917.0,0.038610804826021194,0.038610804826021194,0.00047335028648376465,0.008908852934837341,0.002496844856068492,10.0,1.0,10.0
918.0,0.038496144115924835,0.038496144115924835,0.00047160295071080327,0.00889828335493803,0.0024881833232939243,10.0,1.0,10.0
919.0,0.038381800055503845,0.038381800055503845,0.0004698724951595068,0.00888768769800663,0.0024795387871563435,10.0,1.0,10.0
920.0,0.03826775774359703,0.03826775774359703,0.00046813840162940323,0.008877155371010303,0.0024709219578653574,10.0,1.0,10.0
921.0,0.03815402090549469,0.03815402090549469,0.00046640716027468443,0.00886663980782032,0.0024623307399451733,10.0,1.0,10.0
922.0,0.03804059326648712,0.03804059326648712,0.00046469183871522546,0.008856083266437054,0.002453759079799056,10.0,1.0,10.0
923.0,0.037927474826574326,0.037927474826574326,0.0004629723553080112,0.00884560588747263,0.0024452146608382463,10.0,1.0,10.0
924.0,0.037814661860466,0.037814661860466,0.0004612576449289918,0.008835146203637123,0.0024366939906030893,10.0,1.0,10.0
925.0,0.037702158093452454,0.037702158093452454,0.00045955978566780686,0.008824635297060013,0.0024281921796500683,10.0,1.0,10.0
926.0,0.03758993372321129,0.03758993372321129,0.00045785156544297934,0.008814231492578983,0.0024197185412049294,10.0,1.0,10.0
927.0,0.03747802972793579,0.03747802972793579,0.00045615917770192027,0.008803785778582096,0.0024112651590257883,10.0,1.0,10.0
928.0,0.03736643120646477,0.03736643120646477,0.00045447106822393835,0.008793363347649574,0.0024028357584029436,10.0,1.0,10.0
929.0,0.037255123257637024,0.037255123257637024,0.00045278231846168637,0.008782985620200634,0.00239443127065897,10.0,1.0,10.0
930.0,0.03714413940906525,0.03714413940906525,0.00045110227074474096,0.008772588334977627,0.0023860528599470854,10.0,1.0,10.0
931.0,0.03703342378139496,0.03703342378139496,0.0004494299937505275,0.008762214332818985,0.002377691213041544,10.0,1.0,10.0
932.0,0.036923035979270935,0.036923035979270935,0.0004477548645809293,0.008751886896789074,0.002369360299780965,10.0,1.0,10.0
933.0,0.036812927573919296,0.036812927573919296,0.00044609300675801933,0.008741533383727074,0.002361046615988016,10.0,1.0,10.0
934.0,0.03670312464237213,0.03670312464237213,0.00044443499064072967,0.008731210604310036,0.00235275668092072,10.0,1.0,10.0
935.0,0.036593616008758545,0.036593616008758545,0.00044277278357185423,0.008720939978957176,0.0023444946855306625,10.0,1.0,10.0
936.0,0.036484427750110626,0.036484427750110626,0.0004411303671076894,0.00871062371879816,0.0023362499196082354,10.0,1.0,10.0
937.0,0.0363755002617836,0.0363755002617836,0.0004394833813421428,0.0087003568187356,0.00232803076505661,10.0,1.0,10.0
938.0,0.03626691550016403,0.03626691550016403,0.00043784070294350386,0.0086901243776083,0.002319838386029005,10.0,1.0,10.0
939.0,0.03615858405828476,0.03615858405828476,0.00043621292570605874,0.00867984164506197,0.0023116611409932375,10.0,1.0,10.0
940.0,0.03605053201317787,0.03605053201317787,0.00043457557330839336,0.00866963341832161,0.002303514163941145,10.0,1.0,10.0
941.0,0.035942818969488144,0.035942818969488144,0.0004329536168370396,0.008659407496452332,0.0022953874431550503,10.0,1.0,10.0
942.0,0.0358353853225708,0.0358353853225708,0.00043133291183039546,0.008649211376905441,0.0022872844710946083,10.0,1.0,10.0
943.0,0.03572823479771614,0.03572823479771614,0.0004297163395676762,0.008639039471745491,0.002279203152284026,10.0,1.0,10.0
944.0,0.03562137857079506,0.03562137857079506,0.00042811286402866244,0.008628846146166325,0.0022711404599249363,10.0,1.0,10.0
945.0,0.03551481291651726,0.03551481291651726,0.00042650027899071574,0.008618724532425404,0.0022631087340414524,10.0,1.0,10.0
946.0,0.03540855646133423,0.03540855646133423,0.00042490081978030503,0.008608587086200714,0.0022550958674401045,10.0,1.0,10.0
947.0,0.03530256450176239,0.03530256450176239,0.0004233133513480425,0.008598423562943935,0.002247100928798318,10.0,1.0,10.0
948.0,0.03519689291715622,0.03519689291715622,0.0004217125242576003,0.008588374592363834,0.002239139284938574,10.0,1.0,10.0
949.0,0.03509148955345154,0.03509148955345154,0.0004201335250400007,0.00857824832201004,0.0022311904467642307,10.0,1.0,10.0
950.0,0.03498636558651924,0.03498636558651924,0.0004185529251117259,0.008568163961172104,0.0022232672199606895,10.0,1.0,10.0
951.0,0.03488153964281082,0.03488153964281082,0.00041697241249494255,0.008558128960430622,0.0022153686732053757,10.0,1.0,10.0
952.0,0.03477700427174568,0.03477700427174568,0.00041540610254742205,0.008548055775463581,0.002207488752901554,10.0,1.0,10.0
953.0,0.03467275947332382,0.03467275947332382,0.0004138383665122092,0.008538034744560719,0.002199633978307247,10.0,1.0,10.0
954.0,0.03456879034638405,0.03456879034638405,0.0004122774116694927,0.008528000675141811,0.002191801555454731,10.0,1.0,10.0
955.0,0.03446510434150696,0.03446510434150696,0.00041071957093663514,0.00851800199598074,0.002183990553021431,10.0,1.0,10.0
956.0,0.03436172008514404,0.03436172008514404,0.00040916758007369936,0.008508018217980862,0.0021762028336524963,10.0,1.0,10.0
957.0,0.03425861522555351,0.03425861522555351,0.00040762237040326,0.008498027920722961,0.002168436301872134,10.0,1.0,10.0
958.0,0.03415578231215477,0.03415578231215477,0.0004060790815856308,0.008488074876368046,0.0021606916561722755,10.0,1.0,10.0
959.0,0.03405323997139931,0.03405323997139931,0.0004045434470754117,0.008478131145238876,0.0021529674995690584,10.0,1.0,10.0
960.0,0.03395097702741623,0.03395097702741623,0.0004030072595924139,0.008468207903206348,0.002145269652828574,10.0,1.0,10.0
961.0,0.03384900465607643,0.03384900465607643,0.00040148539119400084,0.008458266966044903,0.0021375883370637894,10.0,1.0,10.0
962.0,0.03374730050563812,0.03374730050563812,0.00039995601400732994,0.008448388427495956,0.0021299351938068867,10.0,1.0,10.0
963.0,0.033645886927843094,0.033645886927843094,0.0003984374925494194,0.008438498713076115,0.0021223013754934072,10.0,1.0,10.0
964.0,0.033544737845659256,0.033544737845659256,0.00039693029248155653,0.008428582921624184,0.0021146852523088455,10.0,1.0,10.0
965.0,0.033443883061409,0.033443883061409,0.0003954113053623587,0.00841878354549408,0.0021070989314466715,10.0,1.0,10.0
966.0,0.03334331884980202,0.03334331884980202,0.0003939143498428166,0.008408896625041962,0.002099527744576335,10.0,1.0,10.0
967.0,0.03324301540851593,0.03324301540851593,0.0003924137563444674,0.008399083279073238,0.002091979142278433,10.0,1.0,10.0
968.0,0.03314298391342163,0.03314298391342163,0.00039091467624530196,0.00838928110897541,0.0020844554528594017,10.0,1.0,10.0
969.0,0.033043231815099716,0.033043231815099716,0.00038942982791922987,0.008379449136555195,0.0020769485272467136,10.0,1.0,10.0
970.0,0.032943759113550186,0.032943759113550186,0.00038793671410530806,0.008369693532586098,0.0020694697741419077,10.0,1.0,10.0
971.0,0.03284456953406334,0.03284456953406334,0.00038646196480840445,0.008359888568520546,0.0020620061550289392,10.0,1.0,10.0
972.0,0.03274565935134888,0.03274565935134888,0.00038498255889862776,0.008350147865712643,0.0020545683801174164,10.0,1.0,10.0
973.0,0.03264700248837471,0.03264700248837471,0.00038350617978721857,0.008340427652001381,0.0020471513271331787,10.0,1.0,10.0
974.0,0.03254863619804382,0.03254863619804382,0.0003820489509962499,0.008330629207193851,0.0020397519692778587,10.0,1.0,10.0
975.0,0.032450541853904724,0.032450541853904724,0.00038057417259551585,0.008320978842675686,0.002032382180914283,10.0,1.0,10.0
976.0,0.03235270828008652,0.03235270828008652,0.00037912430707365274,0.008311240933835506,0.002025022404268384,10.0,1.0,10.0
977.0,0.0322551466524601,0.0322551466524601,0.00037766946479678154,0.008301550522446632,0.00201769033446908,10.0,1.0,10.0
978.0,0.03215786814689636,0.03215786814689636,0.0003762126434594393,0.008291910402476788,0.002010383177548647,10.0,1.0,10.0
979.0,0.03206086903810501,0.03206086903810501,0.0003747764858417213,0.00828221719712019,0.002003088593482971,10.0,1.0,10.0
980.0,0.031964123249053955,0.031964123249053955,0.0003733322664629668,0.008272582665085793,0.0019958217162638903,10.0,1.0,10.0
981.0,0.03186766058206558,0.03186766058206558,0.000371892616385594,0.008262981660664082,0.001988575328141451,10.0,1.0,10.0
982.0,0.031771451234817505,0.031771451234817505,0.0003704703995026648,0.008253330364823341,0.001981341512873769,10.0,1.0,10.0
983.0,0.031675513833761215,0.031675513833761215,0.00036903703585267067,0.008243747986853123,0.0019741395954042673,10.0,1.0,10.0
984.0,0.03157984837889671,0.03157984837889671,0.00036761414958164096,0.008234146982431412,0.0019669560715556145,10.0,1.0,10.0
985.0,0.031484443694353104,0.031484443694353104,0.0003662009839899838,0.00822456181049347,0.001959787216037512,10.0,1.0,10.0
986.0,0.03138929605484009,0.03138929605484009,0.0003647815028671175,0.008215012028813362,0.0019526471151039004,10.0,1.0,10.0
987.0,0.031294435262680054,0.031294435262680054,0.00036337366327643394,0.008205462247133255,0.0019455237779766321,10.0,1.0,10.0
988.0,0.03119984082877636,0.03119984082877636,0.0003619758354034275,0.008195891976356506,0.0019384189508855343,10.0,1.0,10.0
989.0,0.03110549785196781,0.03110549785196781,0.0003605619422160089,0.008186430670320988,0.001931344741024077,10.0,1.0,10.0
990.0,0.031011421233415604,0.031011421233415604,0.00035917889908887446,0.008176849223673344,0.0019242784474045038,10.0,1.0,10.0
991.0,0.030917588621377945,0.030917588621377945,0.0003577808092813939,0.00816737674176693,0.0019172404427081347,10.0,1.0,10.0
992.0,0.03082406520843506,0.03082406520843506,0.00035639069392345846,0.008157916367053986,0.0019102240912616253,10.0,1.0,10.0
993.0,0.030730772763490677,0.030730772763490677,0.00035501664387993515,0.008148402906954288,0.001903220429085195,10.0,1.0,10.0
994.0,0.03063773736357689,0.03063773736357689,0.00035363034112378955,0.00813896581530571,0.0018962468020617962,10.0,1.0,10.0
995.0,0.03054497018456459,0.03054497018456459,0.0003522585320752114,0.008129516616463661,0.0018892866792157292,10.0,1.0,10.0
996.0,0.030452454462647438,0.030452454462647438,0.0003508927475195378,0.00812005065381527,0.001882347627542913,10.0,1.0,10.0
997.0,0.03036019392311573,0.03036019392311573,0.00034952073474414647,0.008110644295811653,0.0018754343036562204,10.0,1.0,10.0
998.0,0.030268197879195213,0.030268197879195213,0.00034816242987290025,0.008101223036646843,0.001868535066023469,10.0,1.0,10.0
999.0,0.03017648681998253,0.03017648681998253,0.00034680747194215655,0.008091812022030354,0.0018616599263623357,10.0,1.0,10.0
1000.0,0.030085032805800438,0.030085032805800438,0.0003454499237705022,0.008082445710897446,0.0018548087682574987,10.0,1.0,10.0
1001.0,0.029993783682584763,0.029993783682584763,0.0003441073640715331,0.008073040284216404,0.001847966923378408,10.0,1.0,10.0
1002.0,0.029902838170528412,0.029902838170528412,0.0003427585761528462,0.008063684217631817,0.001841156859882176,10.0,1.0,10.0
1003.0,0.029812105000019073,0.029812105000019073,0.0003414170350879431,0.008054324425756931,0.0018343611154705286,10.0,1.0,10.0
1004.0,0.029721666127443314,0.029721666127443314,0.0003400911227799952,0.008044945076107979,0.001827581087127328,10.0,1.0,10.0
1005.0,0.02963145263493061,0.02963145263493061,0.00033874629298225045,0.008035658858716488,0.0018208330729976296,10.0,1.0,10.0
1006.0,0.0295414961874485,0.0295414961874485,0.0003374305088073015,0.008026264607906342,0.0018140926258638501,10.0,1.0,10.0
1007.0,0.029451817274093628,0.029451817274093628,0.00033610351965762675,0.008016976527869701,0.0018073804676532745,10.0,1.0,10.0
1008.0,0.029362358152866364,0.029362358152866364,0.0003347788588143885,0.008007686585187912,0.0018006883328780532,10.0,1.0,10.0
1009.0,0.029273169115185738,0.029273169115185738,0.00033347788848914206,0.007998326793313026,0.001794006209820509,10.0,1.0,10.0
1010.0,0.029184235259890556,0.029184235259890556,0.0003321554104331881,0.007989094592630863,0.0017873587785288692,10.0,1.0,10.0
1011.0,0.029095541685819626,0.029095541685819626,0.00033085449831560254,0.007979784160852432,0.0017807213589549065,10.0,1.0,10.0
1012.0,0.029007097706198692,0.029007097706198692,0.00032955597271211445,0.007970493286848068,0.0017741045448929071,10.0,1.0,10.0
1013.0,0.02891889587044716,0.02891889587044716,0.00032824918162077665,0.007961268536746502,0.0017675134586170316,10.0,1.0,10.0
1014.0,0.028830938041210175,0.028830938041210175,0.00032696593552827835,0.007951946929097176,0.001760933198966086,10.0,1.0,10.0
1015.0,0.02874325029551983,0.02874325029551983,0.00032566601294092834,0.007942760363221169,0.0017543830908834934,10.0,1.0,10.0
1016.0,0.028655799105763435,0.028655799105763435,0.0003243868122808635,0.007933487184345722,0.00174784439150244,10.0,1.0,10.0
1017.0,0.028568577021360397,0.028568577021360397,0.0003231076116207987,0.00792423915117979,0.001741326181218028,10.0,1.0,10.0
1018.0,0.028481611981987953,0.028481611981987953,0.0003218234342057258,0.007915046997368336,0.0017348331166431308,10.0,1.0,10.0
1019.0,0.028394900262355804,0.028394900262355804,0.00032055823248811066,0.007905780337750912,0.001728353789076209,10.0,1.0,10.0
1020.0,0.02830841764807701,0.02830841764807701,0.0003192849108017981,0.007896588183939457,0.0017218980938196182,10.0,1.0,10.0
1021.0,0.028222166001796722,0.028222166001796722,0.00031802200828678906,0.007887358777225018,0.0017154586967080832,10.0,1.0,10.0
1022.0,0.02813619002699852,0.02813619002699852,0.0003167586983181536,0.007878168486058712,0.0017090433975681663,10.0,1.0,10.0
1023.0,0.028050445020198822,0.028050445020198822,0.0003155059239361435,0.007868948392570019,0.001702643814496696,10.0,1.0,10.0
1024.0,0.02796492725610733,0.02796492725610733,0.0003142516070511192,0.007859766483306885,0.0016962646041065454,10.0,1.0,10.0
1025.0,0.027879657223820686,0.027879657223820686,0.0003130014520138502,0.007850585505366325,0.0016899056499823928,10.0,1.0,10.0
1026.0,0.027794621884822845,0.027794621884822845,0.00031176229822449386,0.007841379381716251,0.0016835620626807213,10.0,1.0,10.0
1027.0,0.027709849178791046,0.027709849178791046,0.0003105189243797213,0.007832218892872334,0.0016772442031651735,10.0,1.0,10.0
1028.0,0.02762525901198387,0.02762525901198387,0.0003092816041316837,0.007823028601706028,0.0016709414776414633,10.0,1.0,10.0
1029.0,0.02754095569252968,0.02754095569252968,0.0003080528986174613,0.007813847623765469,0.0016646578442305326,10.0,1.0,10.0
1030.0,0.02745687961578369,0.02745687961578369,0.00030682122451253235,0.007804682943969965,0.001658398425206542,10.0,1.0,10.0
1031.0,0.02737302891910076,0.02737302891910076,0.00030559804872609675,0.007795518264174461,0.0016521529760211706,10.0,1.0,10.0
1032.0,0.027289412915706635,0.027289412915706635,0.00030438037356361747,0.007786339148879051,0.0016459269681945443,10.0,1.0,10.0
1033.0,0.02720603719353676,0.02720603719353676,0.0003031622909475118,0.0077771758660674095,0.0016397240106016397,10.0,1.0,10.0
1034.0,0.02712290547788143,0.02712290547788143,0.00030194991268217564,0.007768023759126663,0.0016335383988916874,10.0,1.0,10.0
1035.0,0.027039989829063416,0.027039989829063416,0.0003007440536748618,0.007758851163089275,0.0016273697838187218,10.0,1.0,10.0
1036.0,0.0269573125988245,0.0269573125988245,0.00029953609919175506,0.007749709766358137,0.0016212242189794779,10.0,1.0,10.0
1037.0,0.026874864473938942,0.026874864473938942,0.0002983419399242848,0.007740531116724014,0.001615091459825635,10.0,1.0,10.0
1038.0,0.02679263800382614,0.02679263800382614,0.0002971377980429679,0.007731406018137932,0.0016089854761958122,10.0,1.0,10.0
1039.0,0.026710664853453636,0.026710664853453636,0.0002959553094115108,0.007722202222794294,0.0016028909012675285,10.0,1.0,10.0
1040.0,0.026628898456692696,0.026628898456692696,0.00029475605697371066,0.007713102735579014,0.0015968235675245523,10.0,1.0,10.0
1041.0,0.026547394692897797,0.026547394692897797,0.0002935810189228505,0.007703895214945078,0.0015907688066363335,10.0,1.0,10.0
1042.0,0.02646610327064991,0.02646610327064991,0.00029239480500109494,0.00769478315487504,0.0015847372123971581,10.0,1.0,10.0
1043.0,0.026385018602013588,0.026385018602013588,0.0002912218333221972,0.0076855989173054695,0.0015787201700732112,10.0,1.0,10.0
1044.0,0.02630418911576271,0.02630418911576271,0.0002900493564084172,0.007676460314542055,0.001572723500430584,10.0,1.0,10.0
1045.0,0.026223566383123398,0.026223566383123398,0.00028887862572446465,0.007667303550988436,0.001566747552715242,10.0,1.0,10.0
1046.0,0.02614317648112774,0.02614317648112774,0.00028771921643055975,0.007658116985112429,0.0015607867389917374,10.0,1.0,10.0
1047.0,0.02606302499771118,0.02606302499771118,0.00028655093046836555,0.007648998871445656,0.0015548516530543566,10.0,1.0,10.0
1048.0,0.02598307840526104,0.02598307840526104,0.00028540281346067786,0.007639777380973101,0.0015489272773265839,10.0,1.0,10.0
1049.0,0.025903355330228806,0.025903355330228806,0.0002842387475538999,0.007630673237144947,0.0015430294442921877,10.0,1.0,10.0
1050.0,0.025823865085840225,0.025823865085840225,0.00028310331981629133,0.007621431723237038,0.001537139993160963,10.0,1.0,10.0
1051.0,0.025744585320353508,0.025744585320353508,0.0002819442597683519,0.007612320594489574,0.0015312822069972754,10.0,1.0,10.0
1052.0,0.025665562599897385,0.025665562599897385,0.000280814798315987,0.0076031070202589035,0.0015254308236762881,10.0,1.0,10.0
1053.0,0.025586701929569244,0.025586701929569244,0.00027967087225988507,0.007593937683850527,0.0015196055173873901,10.0,1.0,10.0
1054.0,0.025508102029561996,0.025508102029561996,0.0002785380638670176,0.00758476322516799,0.0015137959271669388,10.0,1.0,10.0
1055.0,0.025429725646972656,0.025429725646972656,0.0002774119784589857,0.007575556635856628,0.0015080050798133016,10.0,1.0,10.0
1056.0,0.025351542979478836,0.025351542979478836,0.0002762800722848624,0.007566383108496666,0.0015022357692942023,10.0,1.0,10.0
1057.0,0.02527359500527382,0.02527359500527382,0.0002751641732174903,0.0075571597553789616,0.0014964793808758259,10.0,1.0,10.0
1058.0,0.02519587054848671,0.02519587054848671,0.0002740412310231477,0.0075479838997125626,0.001490747556090355,10.0,1.0,10.0
1059.0,0.025118350982666016,0.025118350982666016,0.00027293089078739285,0.007538763806223869,0.0014850279549136758,10.0,1.0,10.0
1060.0,0.025041058659553528,0.025041058659553528,0.000271817872999236,0.007529571186751127,0.001479330938309431,10.0,1.0,10.0
1061.0,0.024963971227407455,0.024963971227407455,0.00027071364456787705,0.007520326878875494,0.0014736506855115294,10.0,1.0,10.0
1062.0,0.024887096136808395,0.024887096136808395,0.00026960685499943793,0.007511127274483442,0.0014679899904876947,10.0,1.0,10.0
1063.0,0.0248104315251112,0.0248104315251112,0.0002685123181436211,0.007501851301640272,0.0014623457100242376,10.0,1.0,10.0
1064.0,0.024733997881412506,0.024733997881412506,0.0002674094866961241,0.0074926624074578285,0.0014567241305485368,10.0,1.0,10.0
1065.0,0.024657780304551125,0.024657780304551125,0.00026632854132913053,0.007483352907001972,0.0014511141926050186,10.0,1.0,10.0
1066.0,0.02458176203072071,0.02458176203072071,0.0002652279508765787,0.0074741654098033905,0.0014455316122621298,10.0,1.0,10.0
1067.0,0.024505961686372757,0.024505961686372757,0.00026415634783916175,0.007464850787073374,0.0014399546198546886,10.0,1.0,10.0
1068.0,0.02443036064505577,0.02443036064505577,0.0002630672825034708,0.007455616258084774,0.0014344070805236697,10.0,1.0,10.0
1069.0,0.024354994297027588,0.024354994297027588,0.00026199521380476654,0.00744633236899972,0.001428870833478868,10.0,1.0,10.0
1070.0,0.024279814213514328,0.024279814213514328,0.000260924338363111,0.007437034975737333,0.001423353562131524,10.0,1.0,10.0
1071.0,0.024204855784773827,0.024204855784773827,0.00025984764215536416,0.007427777163684368,0.0014178601559251547,10.0,1.0,10.0
1072.0,0.024130094796419144,0.024130094796419144,0.0002587921335361898,0.007418424356728792,0.0014123748987913132,10.0,1.0,10.0
1073.0,0.02405555173754692,0.02405555173754692,0.0002577168634161353,0.007409187033772469,0.0014069195603951812,10.0,1.0,10.0
1074.0,0.02398121915757656,0.02398121915757656,0.00025667776935733855,0.007399765308946371,0.0014014675980433822,10.0,1.0,10.0
1075.0,0.023907098919153214,0.023907098919153214,0.00025560136418789625,0.007390566170215607,0.0013960519572719932,10.0,1.0,10.0
1076.0,0.023833192884922028,0.023833192884922028,0.0002545747847761959,0.007381104864180088,0.0013906338717788458,10.0,1.0,10.0
1077.0,0.023759454488754272,0.023759454488754272,0.000253503822023049,0.007371885236352682,0.0013852531556040049,10.0,1.0,10.0
1078.0,0.023685932159423828,0.023685932159423828,0.0002524839364923537,0.0073623969219625,0.00137986964546144,10.0,1.0,10.0
1079.0,0.02361263334751129,0.02361263334751129,0.0002514240040909499,0.007353136315941811,0.0013745257165282965,10.0,1.0,10.0
1080.0,0.023539528250694275,0.023539528250694275,0.0002504049916751683,0.007343664765357971,0.0013691813219338655,10.0,1.0,10.0
1081.0,0.02346661314368248,0.02346661314368248,0.00024935812689363956,0.007334345486015081,0.0013638685923069715,10.0,1.0,10.0
1082.0,0.02339392714202404,0.02339392714202404,0.00024834091891534626,0.007324900943785906,0.001358561683446169,10.0,1.0,10.0
1083.0,0.023321431130170822,0.023321431130170822,0.0002473087515681982,0.007315524388104677,0.001353281899355352,10.0,1.0,10.0
1084.0,0.023249149322509766,0.023249149322509766,0.00024629378458485007,0.007306072860956192,0.0013480137567967176,10.0,1.0,10.0
1085.0,0.023177048191428185,0.023177048191428185,0.0002452691551297903,0.007296689320355654,0.001342766685411334,10.0,1.0,10.0
1086.0,0.02310514822602272,0.02310514822602272,0.000244263035710901,0.007287192158401012,0.0013375324197113514,10.0,1.0,10.0
1087.0,0.023033443838357925,0.023033443838357925,0.000243243295699358,0.007277787197381258,0.001332322251982987,10.0,1.0,10.0
1088.0,0.02296195924282074,0.02296195924282074,0.00024224704247899354,0.007268263027071953,0.0013271225616335869,10.0,1.0,10.0
1089.0,0.022890660911798477,0.022890660911798477,0.0002412311441730708,0.007258858066052198,0.0013219491811469197,10.0,1.0,10.0
1090.0,0.02281956747174263,0.02281956747174263,0.00024024832237046212,0.007249277550727129,0.0013167806901037693,10.0,1.0,10.0
1091.0,0.022748656570911407,0.022748656570911407,0.0002392293099546805,0.007239890284836292,0.0013116472400724888,10.0,1.0,10.0
1092.0,0.022677958011627197,0.022677958011627197,0.00023826491087675095,0.007230247370898724,0.0013065061066299677,10.0,1.0,10.0
1093.0,0.022607453167438507,0.022607453167438507,0.0002372461458435282,0.007220866158604622,0.0013014125870540738,10.0,1.0,10.0
1094.0,0.022537142038345337,0.022537142038345337,0.00023629139468539506,0.007211168296635151,0.0012963061453774571,10.0,1.0,10.0
1095.0,0.022467028349637985,0.022467028349637985,0.00023527818848378956,0.007201776374131441,0.0012912469683215022,10.0,1.0,10.0
1096.0,0.02239708974957466,0.02239708974957466,0.00023433133901562542,0.00719203008338809,0.0012861746363341808,10.0,1.0,10.0
1097.0,0.022327378392219543,0.022327378392219543,0.00023332379350904375,0.007182644214481115,0.001281149685382843,10.0,1.0,10.0
1098.0,0.022257842123508453,0.022257842123508453,0.000232389458687976,0.007172853220254183,0.001276109367609024,10.0,1.0,10.0
1099.0,0.022188488394021988,0.022188488394021988,0.00023137975949794054,0.0071634771302342415,0.0012711214367300272,10.0,1.0,10.0
1100.0,0.022119347006082535,0.022119347006082535,0.00023046536080073565,0.007153594866394997,0.0012661099899560213,10.0,1.0,10.0
1101.0,0.022050395607948303,0.022050395607948303,0.00022944393276702613,0.007144293747842312,0.0012611664133146405,10.0,1.0,10.0
1102.0,0.021981630474328995,0.021981630474328995,0.0002285614173160866,0.007134247571229935,0.0012561767362058163,10.0,1.0,10.0
1103.0,0.02191305160522461,0.02191305160522461,0.00022751632786821574,0.0071250698529183865,0.0012512817047536373,10.0,1.0,10.0
1104.0,0.02184465527534485,0.02184465527534485,0.00022667550365440547,0.007114812266081572,0.0012463087914511561,10.0,1.0,10.0
1105.0,0.021776463836431503,0.021776463836431503,0.00022559451463166624,0.007105836644768715,0.0012414681259542704,10.0,1.0,10.0
1106.0,0.021708466112613678,0.021708466112613678,0.0002248173695988953,0.007095277309417725,0.0012365016154944897,10.0,1.0,10.0
1107.0,0.021640639752149582,0.021640639752149582,0.0002236738073406741,0.007086628116667271,0.0012317273067310452,10.0,1.0,10.0
1108.0,0.021573014557361603,0.021573014557361603,0.00022298813564702868,0.007075589615851641,0.0012267542770132422,10.0,1.0,10.0
1109.0,0.02150557190179825,0.02150557190179825,0.00022174726473167539,0.007067460101097822,0.001222063903696835,10.0,1.0,10.0
1110.0,0.021438324823975563,0.021438324823975563,0.00022119429195299745,0.007055732421576977,0.0012170650297775865,10.0,1.0,10.0
1111.0,0.0213712640106678,0.0213712640106678,0.00021980199380777776,0.00704842759296298,0.0012124816421419382,10.0,1.0,10.0
1112.0,0.021304385736584663,0.021304385736584663,0.0002194685221184045,0.007035526912659407,0.0012074173428118229,10.0,1.0,10.0
1113.0,0.021237704902887344,0.021237704902887344,0.000217793247429654,0.0070297494530677795,0.0012030022917315364,10.0,1.0,10.0
1114.0,0.02117118611931801,0.02117118611931801,0.00021786043362226337,0.007014716975390911,0.0011977865360677242,10.0,1.0,10.0
1115.0,0.021104902029037476,0.021104902029037476,0.0002156619302695617,0.007011745125055313,0.0011936539085581899,10.0,1.0,10.0
1116.0,0.021038848906755447,0.021038848906755447,0.00021644812659360468,0.006992971524596214,0.0011881395475938916,10.0,1.0,10.0
1117.0,0.020973002538084984,0.020973002538084984,0.00021330779418349266,0.006995046976953745,0.0011844877153635025,10.0,1.0,10.0
1118.0,0.020907454192638397,0.020907454192638397,0.00021538686996791512,0.006969524547457695,0.0011784060625359416,10.0,1.0,10.0
1119.0,0.020842285826802254,0.020842285826802254,0.00021051660587545484,0.006980990059673786,0.001175612909719348,10.0,1.0,10.0
1120.0,0.020777646452188492,0.020777646452188492,0.0002149959618691355,0.006943111307919025,0.0011684575583785772,10.0,1.0,10.0
1121.0,0.020713895559310913,0.020713895559310913,0.00020689761731773615,0.006972490344196558,0.001167242880910635,10.0,1.0,10.0
1122.0,0.02065165340900421,0.02065165340900421,0.00021593803830910474,0.006911781616508961,0.0011580492136999965,10.0,1.0,10.0
1123.0,0.020592164248228073,0.020592164248228073,0.00020169312483631074,0.006976570002734661,0.0011598662240430713,10.0,1.0,10.0
1124.0,0.020537935197353363,0.020537935197353363,0.00021966193162370473,0.0068736933171749115,0.001146762166172266,10.0,1.0,10.0
1125.0,0.02049388363957405,0.02049388363957405,0.00019356123812031,0.007012076210230589,0.0011546193854883313,10.0,1.0,10.0
1126.0,0.020470069721341133,0.020470069721341133,0.00022955724853090942,0.006834224797785282,0.001134027261286974,10.0,1.0,10.0
1127.0,0.020486697554588318,0.020486697554588318,0.0001805786887416616,0.007136407308280468,0.0011544503504410386,10.0,1.0,10.0
1128.0,0.020585108548402786,0.020585108548402786,0.0002543449227232486,0.006842461880296469,0.0011199197033420205,10.0,1.0,10.0
1129.0,0.020848561078310013,0.020848561078310013,0.000162296841153875,0.007545514963567257,0.0011680078459903598,10.0,1.0,10.0
1130.0,0.021444421261548996,0.021444421261548996,0.00031897478038445115,0.0071563501842319965,0.0011098324321210384,10.0,1.0,10.0
1131.0,0.02268681675195694,0.02268681675195694,0.00015259566134773195,0.008933274075388908,0.0012227584375068545,10.0,1.0,10.0
1132.0,0.025125809013843536,0.025125809013843536,0.0004958700155839324,0.008827422745525837,0.0011339685879647732,10.0,1.0,10.0
1133.0,0.02945525571703911,0.02945525571703911,0.00022402369359042495,0.013266638852655888,0.0013948379782959819,10.0,1.0,10.0
1134.0,0.03599441051483154,0.03599441051483154,0.000919324578717351,0.01405677292495966,0.0012744392734020948,10.0,1.0,10.0
1135.0,0.04292568564414978,0.04292568564414978,0.0004707048647105694,0.02094888873398304,0.0017269750824198127,10.0,1.0,10.0
1136.0,0.045487891882658005,0.045487891882658005,0.0013155562337487936,0.0180645938962698,0.0014267736114561558,10.0,1.0,10.0
1137.0,0.03945383429527283,0.03945383429527283,0.000432978558819741,0.01825588196516037,0.0016868168022483587,10.0,1.0,10.0
1138.0,0.028210273012518883,0.028210273012518883,0.0006913474062457681,0.009867921471595764,0.0011428877478465438,10.0,1.0,10.0
1139.0,0.021008100360631943,0.021008100360631943,0.00014724298671353608,0.00805042963474989,0.0011485242284834385,10.0,1.0,10.0
1140.0,0.02236882597208023,0.02236882597208023,0.00015169104153756052,0.0090657202526927,0.001178619684651494,10.0,1.0,10.0
1141.0,0.028296619653701782,0.028296619653701782,0.0006882786401547492,0.009908953681588173,0.0011504879221320152,10.0,1.0,10.0
1142.0,0.031235862523317337,0.031235862523317337,0.00027250414132140577,0.013884680345654488,0.0014626140473410487,10.0,1.0,10.0
1143.0,0.027508551254868507,0.027508551254868507,0.0006611198768950999,0.00980320479720831,0.0011094147339463234,10.0,1.0,10.0
1144.0,0.021342502906918526,0.021342502906918526,0.00013651250628754497,0.008374853059649467,0.001160252490080893,10.0,1.0,10.0
1145.0,0.01972697675228119,0.01972697675228119,0.0001568758161738515,0.007201528176665306,0.00109566911123693,10.0,1.0,10.0
1146.0,0.023429805412888527,0.023429805412888527,0.0004840667825192213,0.007975912652909756,0.0010613225167617202,10.0,1.0,10.0
1147.0,0.026251278817653656,0.026251278817653656,0.00018634814477991313,0.011301697231829166,0.0013086100807413459,10.0,1.0,10.0
1148.0,0.023903200402855873,0.023903200402855873,0.0005077507812529802,0.00828179158270359,0.001054390100762248,10.0,1.0,10.0
1149.0,0.01985754817724228,0.01985754817724228,0.00013988459249958396,0.007423467934131622,0.0011035234201699495,10.0,1.0,10.0
1150.0,0.019387494772672653,0.019387494772672653,0.00015079173317644745,0.00711175799369812,0.001076781889423728,10.0,1.0,10.0
1151.0,0.02187909558415413,0.02187909558415413,0.0004061940999235958,0.007587558589875698,0.001022959710098803,10.0,1.0,10.0
1152.0,0.022933324798941612,0.022933324798941612,0.00014771337737329304,0.009427573531866074,0.0012028617784380913,10.0,1.0,10.0
1153.0,0.021161571145057678,0.021161571145057678,0.00037684693234041333,0.007184020709246397,0.0010209082392975688,10.0,1.0,10.0
1154.0,0.01924196258187294,0.01924196258187294,0.0001563754049129784,0.007180926855653524,0.0010497281327843666,10.0,1.0,10.0
1155.0,0.01928461529314518,0.01928461529314518,0.00014526066661346704,0.007230892777442932,0.0010601116809993982,10.0,1.0,10.0
1156.0,0.020439637824892998,0.020439637824892998,0.00034373850212432444,0.006995651870965958,0.00100066012237221,10.0,1.0,10.0
1157.0,0.02082766219973564,0.02082766219973564,0.00013445371587295085,0.008289145305752754,0.001119398046284914,10.0,1.0,10.0
1158.0,0.019914226606488228,0.019914226606488228,0.00029338995227590203,0.006960396654903889,0.0010019929613918066,10.0,1.0,10.0
1159.0,0.018802186474204063,0.018802186474204063,0.00016687839524820447,0.006967777851969004,0.0010165624553337693,10.0,1.0,10.0
1160.0,0.018721379339694977,0.018721379339694977,0.00014650094090029597,0.00691877119243145,0.0010337597923353314,10.0,1.0,10.0
1161.0,0.019472908228635788,0.019472908228635788,0.00028967944672331214,0.006714574992656708,0.0009861537255346775,10.0,1.0,10.0
1162.0,0.019757438451051712,0.019757438451051712,0.00013438134919852018,0.007788482587784529,0.0010625142604112625,10.0,1.0,10.0
1163.0,0.019033359363675117,0.019033359363675117,0.0002507207973394543,0.006698054727166891,0.000982809578999877,10.0,1.0,10.0
1164.0,0.018252499401569366,0.018252499401569366,0.000167063350090757,0.006631945259869099,0.0009949919767677784,10.0,1.0,10.0
1165.0,0.01835438422858715,0.01835438422858715,0.0001509391877334565,0.006796833127737045,0.001004815916530788,10.0,1.0,10.0
1166.0,0.01889391615986824,0.01889391615986824,0.00025369005743414164,0.006649242248386145,0.0009707773569971323,10.0,1.0,10.0
1167.0,0.01889711245894432,0.01889711245894432,0.00013510618009604514,0.007305280305445194,0.001024077064357698,10.0,1.0,10.0
1168.0,0.01833808422088623,0.01833808422088623,0.00022755835379939526,0.006446827203035355,0.0009615674498490989,10.0,1.0,10.0
1169.0,0.01795818656682968,0.01795818656682968,0.00016344949835911393,0.006544106174260378,0.0009779585525393486,10.0,1.0,10.0
1170.0,0.018075410276651382,0.018075410276651382,0.00015380849072244018,0.0067465160973370075,0.0009790807962417603,10.0,1.0,10.0
1171.0,0.018298059701919556,0.018298059701919556,0.00022969355632085353,0.006490428000688553,0.0009510696982033551,10.0,1.0,10.0
1172.0,0.018232792615890503,0.018232792615890503,0.00013504462549462914,0.00695051858201623,0.000993182766251266,10.0,1.0,10.0
1173.0,0.01794329658150673,0.01794329658150673,0.00021473810193128884,0.006390491500496864,0.000940542493481189,10.0,1.0,10.0
1174.0,0.017719503492116928,0.017719503492116928,0.0001597439550096169,0.0065323589369654655,0.0009589703986421227,10.0,1.0,10.0
1175.0,0.017704851925373077,0.017704851925373077,0.0001546638086438179,0.006595490965992212,0.0009562722407281399,10.0,1.0,10.0
1176.0,0.017798680812120438,0.017798680812120438,0.00021234338055364788,0.006360930390655994,0.0009314315975643694,10.0,1.0,10.0
1177.0,0.017798984423279762,0.017798984423279762,0.00013536811457015574,0.00676152016967535,0.0009683783282525837,10.0,1.0,10.0
1178.0,0.017627939581871033,0.017627939581871033,0.00020366220269352198,0.00635867053642869,0.0009232647134922445,10.0,1.0,10.0
1179.0,0.017425481230020523,0.017425481230020523,0.00015641583013348281,0.0064625246450304985,0.0009398797410540283,10.0,1.0,10.0
1180.0,0.017367340624332428,0.017367340624332428,0.00015471773804165423,0.006461314391344786,0.0009358848910778761,10.0,1.0,10.0
1181.0,0.017429571598768234,0.017429571598768234,0.00019770038488786668,0.006311815232038498,0.0009140751790255308,10.0,1.0,10.0
1182.0,0.017434779554605484,0.017434779554605484,0.00013715148088522255,0.006624165922403336,0.0009439099812880158,10.0,1.0,10.0
1183.0,0.017305783927440643,0.017305783927440643,0.0001932632440002635,0.006296499632298946,0.000907665234990418,10.0,1.0,10.0
1184.0,0.017151890322566032,0.017151890322566032,0.00015312834875658154,0.006408584304153919,0.0009212022414430976,10.0,1.0,10.0
1185.0,0.017091622576117516,0.017091622576117516,0.00015620658814441413,0.006371470168232918,0.0009158086031675339,10.0,1.0,10.0
1186.0,0.01710262894630432,0.01710262894630432,0.00018352964252699167,0.006277219392359257,0.00089901132741943,10.0,1.0,10.0
1187.0,0.01708701252937317,0.01708701252937317,0.00013993946777191013,0.006488765124231577,0.0009198854095302522,10.0,1.0,10.0
1188.0,0.017007481306791306,0.017007481306791306,0.00018412181816529483,0.006239915266633034,0.0008926347363740206,10.0,1.0,10.0
1189.0,0.01690632849931717,0.01690632849931717,0.00014942028792575002,0.006375121418386698,0.000903700478374958,10.0,1.0,10.0
1190.0,0.016832726076245308,0.016832726076245308,0.00015840167179703712,0.006291083060204983,0.0008957626414485276,10.0,1.0,10.0
1191.0,0.016795722767710686,0.016795722767710686,0.0001701579021755606,0.006238984409719706,0.0008855159394443035,10.0,1.0,10.0
1192.0,0.016771264374256134,0.016771264374256134,0.00014288464444689453,0.006372372154146433,0.0008970046765170991,10.0,1.0,10.0
1193.0,0.01672912761569023,0.01672912761569023,0.00017529362230561674,0.00620081415399909,0.0008775378810241818,10.0,1.0,10.0
1194.0,0.01665845885872841,0.01665845885872841,0.00014579249545931816,0.006335428915917873,0.000886510475538671,10.0,1.0,10.0
1195.0,0.01657862588763237,0.01657862588763237,0.00016040007176343352,0.006217670626938343,0.0008756955503486097,10.0,1.0,10.0
1196.0,0.016519341617822647,0.016519341617822647,0.00015856522077228874,0.006212904583662748,0.0008720784680917859,10.0,1.0,10.0
1197.0,0.016485951840877533,0.016485951840877533,0.00014609922072850168,0.006274597253650427,0.0008750361739657819,10.0,1.0,10.0
1198.0,0.01645379140973091,0.01645379140973091,0.00016663565475028008,0.006163944490253925,0.0008623489993624389,10.0,1.0,10.0
1199.0,0.0164002887904644,0.0164002887904644,0.0001429476833436638,0.006277213804423809,0.0008693598210811615,10.0,1.0,10.0
1200.0,0.016331179067492485,0.016331179067492485,0.0001610153412912041,0.006152729038149118,0.0008568296325393021,10.0,1.0,10.0
1201.0,0.016268271952867508,0.016268271952867508,0.00014934275532141328,0.006190754938870668,0.0008584088645875454,10.0,1.0,10.0
1202.0,0.016221605241298676,0.016221605241298676,0.00014897118671797216,0.0061864908784627914,0.0008545402088202536,10.0,1.0,10.0
1203.0,0.01618228852748871,0.01618228852748871,0.00015804372378624976,0.006126768421381712,0.0008475083159282804,10.0,1.0,10.0
1204.0,0.016137748956680298,0.016137748956680298,0.00014158643898554146,0.006205079611390829,0.0008516806410625577,10.0,1.0,10.0
1205.0,0.01608462631702423,0.01608462631702423,0.00015895444084890187,0.006098808720707893,0.0008396274643018842,10.0,1.0,10.0
1206.0,0.01602761633694172,0.01602761633694172,0.00014279637252911925,0.0061596957966685295,0.0008439957164227962,10.0,1.0,10.0
1207.0,0.01597272977232933,0.01597272977232933,0.00015076487034093589,0.006107963155955076,0.0008357117185369134,10.0,1.0,10.0
1208.0,0.015923356637358665,0.015923356637358665,0.00014964632282499224,0.006094575859606266,0.0008332317229360342,10.0,1.0,10.0
1209.0,0.015878720209002495,0.015878720209002495,0.00014187725901138037,0.006125633139163256,0.0008334314334206283,10.0,1.0,10.0
1210.0,0.015834324061870575,0.015834324061870575,0.0001541413221275434,0.006054113153368235,0.0008238798473030329,10.0,1.0,10.0
1211.0,0.015785465016961098,0.015785465016961098,0.00013906446110922843,0.006113438401371241,0.0008281382033601403,10.0,1.0,10.0
1212.0,0.015732180327177048,0.015732180327177048,0.00015070785593707114,0.006042124703526497,0.0008182977326214314,10.0,1.0,10.0
1213.0,0.015679024159908295,0.015679024159908295,0.00014255310816224664,0.00606390368193388,0.0008189589134417474,10.0,1.0,10.0
1214.0,0.015630081295967102,0.015630081295967102,0.00014297325105872005,0.0060478802770376205,0.0008152468362823129,10.0,1.0,10.0
1215.0,0.015584761276841164,0.015584761276841164,0.00014737312449142337,0.006016322877258062,0.0008094706572592258,10.0,1.0,10.0
1216.0,0.015539392828941345,0.015539392828941345,0.0001378191664116457,0.006049543619155884,0.0008111657807603478,10.0,1.0,10.0
1217.0,0.015491504222154617,0.015491504222154617,0.00014777376782149076,0.005988368298858404,0.0008025398710742593,10.0,1.0,10.0
1218.0,0.015441679395735264,0.015441679395735264,0.00013768250937573612,0.006023729685693979,0.0008041125256568193,10.0,1.0,10.0
1219.0,0.01539183221757412,0.01539183221757412,0.00014339676999952644,0.005978847853839397,0.0007979016518220305,10.0,1.0,10.0
1220.0,0.015343226492404938,0.015343226492404938,0.0001404135109623894,0.005982536822557449,0.0007956555346027017,10.0,1.0,10.0
1221.0,0.015296034514904022,0.015296034514904022,0.00013827173097524792,0.005977179855108261,0.0007936136680655181,10.0,1.0,10.0
1222.0,0.015249768272042274,0.015249768272042274,0.00014237452705856413,0.005945138167589903,0.00078808848047629,10.0,1.0,10.0
1223.0,0.015203575603663921,0.015203575603663921,0.00013542881060857326,0.0059675658121705055,0.0007881721248850226,10.0,1.0,10.0
1224.0,0.015156631357967854,0.015156631357967854,0.0001415577280567959,0.0059213885106146336,0.000781966547947377,10.0,1.0,10.0
1225.0,0.015108724124729633,0.015108724124729633,0.00013517461775336415,0.005942075047641993,0.0007814902346581221,10.0,1.0,10.0
1226.0,0.015060522593557835,0.015060522593557835,0.00013854903227183968,0.005908260587602854,0.0007766771595925093,10.0,1.0,10.0
1227.0,0.015013064257800579,0.015013064257800579,0.00013624093844555318,0.005906668026000261,0.0007743986789137125,10.0,1.0,10.0
1228.0,0.01496670302003622,0.01496670302003622,0.00013510182907339185,0.005899447947740555,0.0007716236868873239,10.0,1.0,10.0
1229.0,0.014920931309461594,0.014920931309461594,0.000137095179525204,0.005874591413885355,0.0007675388478673995,10.0,1.0,10.0
1230.0,0.014875038526952267,0.014875038526952267,0.00013260429841466248,0.0058860136196017265,0.0007662981515750289,10.0,1.0,10.0
1231.0,0.014828716404736042,0.014828716404736042,0.00013668718747794628,0.005850186105817556,0.0007611658656969666,10.0,1.0,10.0
1232.0,0.014782102778553963,0.014782102778553963,0.00013158153160475194,0.005862646270543337,0.0007603641133755445,10.0,1.0,10.0
1233.0,0.014735540375113487,0.014735540375113487,0.00013474078150466084,0.005833139177411795,0.0007554993499070406,10.0,1.0,10.0
1234.0,0.0146892499178648,0.0146892499178648,0.00013180216774344444,0.0058329119347035885,0.0007538317004218698,10.0,1.0,10.0
1235.0,0.014643291011452675,0.014643291011452675,0.00013193338236305863,0.005819759797304869,0.000750419741962105,10.0,1.0,10.0
1236.0,0.014597710222005844,0.014597710222005844,0.00013239498366601765,0.0058028819039464,0.0007470878190360963,10.0,1.0,10.0
1237.0,0.01455239113420248,0.01455239113420248,0.00012943671026732773,0.005804583430290222,0.0007453440921381116,10.0,1.0,10.0
1238.0,0.014507126063108444,0.014507126063108444,0.0001322387543041259,0.005777351558208466,0.0007407386437989771,10.0,1.0,10.0
1239.0,0.014461742714047432,0.014461742714047432,0.00012806017184630036,0.005783972330391407,0.000739716924726963,10.0,1.0,10.0
1240.0,0.014416237361729145,0.014416237361729145,0.0001308506034547463,0.005756823346018791,0.0007350908126682043,10.0,1.0,10.0
1241.0,0.014370777644217014,0.014370777644217014,0.00012775094364769757,0.005758121609687805,0.0007335146656259894,10.0,1.0,10.0
1242.0,0.01432553119957447,0.01432553119957447,0.00012868456542491913,0.0057393936440348625,0.0007299291901290417,10.0,1.0,10.0
1243.0,0.014280563220381737,0.014280563220381737,0.00012782495468854904,0.005730551667511463,0.0007271761423908174,10.0,1.0,10.0
1244.0,0.014235797338187695,0.014235797338187695,0.00012656880426220596,0.005722366273403168,0.000724774319678545,10.0,1.0,10.0
1245.0,0.0141911581158638,0.0141911581158638,0.00012757697550114244,0.005704259499907494,0.0007211128831841052,10.0,1.0,10.0
1246.0,0.01414661668241024,0.01414661668241024,0.0001250228233402595,0.0057031842879951,0.0007193203782662749,10.0,1.0,10.0
1247.0,0.014102136716246605,0.014102136716246605,0.00012671278091147542,0.005680700298398733,0.0007154308259487152,10.0,1.0,10.0
1248.0,0.014057723805308342,0.014057723805308342,0.00012405856978148222,0.005680956412106752,0.0007136181811802089,10.0,1.0,10.0
1249.0,0.014013340696692467,0.014013340696692467,0.0001253766822628677,0.005659651942551136,0.0007099921349436045,10.0,1.0,10.0
1250.0,0.013969053514301777,0.013969053514301777,0.00012342930131126195,0.005656386725604534,0.0007078374037519097,10.0,1.0,10.0
1251.0,0.013924868777394295,0.013924868777394295,0.0001238546392414719,0.005639940034598112,0.0007046381942927837,10.0,1.0,10.0
1252.0,0.013880854472517967,0.013880854472517967,0.0001229014014825225,0.005630999803543091,0.0007020839839242399,10.0,1.0,10.0
1253.0,0.013836992904543877,0.013836992904543877,0.00012232980225235224,0.005620406940579414,0.0006993287825025618,10.0,1.0,10.0
1254.0,0.01379326544702053,0.01379326544702053,0.000122336350614205,0.005606051534414291,0.000696385046467185,10.0,1.0,10.0
1255.0,0.013749655336141586,0.013749655336141586,0.00012091595999663696,0.005600021220743656,0.0006940474268049002,10.0,1.0,10.0
1256.0,0.013706101104617119,0.013706101104617119,0.0001216253949678503,0.005582169629633427,0.0006907677161507308,10.0,1.0,10.0
1257.0,0.01366267167031765,0.01366267167031765,0.00011971425556112081,0.005578221287578344,0.0006887308554723859,10.0,1.0,10.0
1258.0,0.013619314879179,0.013619314879179,0.0001206802626256831,0.005559572950005531,0.0006852939841337502,10.0,1.0,10.0
1259.0,0.013576043769717216,0.013576043769717216,0.0001187721936730668,0.005555153824388981,0.0006833167281001806,10.0,1.0,10.0
1260.0,0.01353286299854517,0.01353286299854517,0.00011950317275477573,0.005537907127290964,0.0006799924303777516,10.0,1.0,10.0
1261.0,0.013489790260791779,0.013489790260791779,0.00011803894449258223,0.005531241185963154,0.0006778159877285361,10.0,1.0,10.0
1262.0,0.013446829281747341,0.013446829281747341,0.00011819459905382246,0.005516665056347847,0.0006748217856511474,10.0,1.0,10.0
1263.0,0.013403979130089283,0.013403979130089283,0.00011738080502254888,0.005507022608071566,0.0006723148981109262,10.0,1.0,10.0
1264.0,0.013361264020204544,0.013361264020204544,0.00011689417442539707,0.005495402030646801,0.0006696920609101653,10.0,1.0,10.0
1265.0,0.013318629935383797,0.013318629935383797,0.00011667028593365103,0.005482954438775778,0.000666897336486727,10.0,1.0,10.0
1266.0,0.01327611692249775,0.01327611692249775,0.00011570738570299,0.005473751109093428,0.0006645292160101235,10.0,1.0,10.0
1267.0,0.013233699835836887,0.013233699835836887,0.00011584880849113688,0.00545926671475172,0.0006615945021621883,10.0,1.0,10.0
1268.0,0.013191388919949532,0.013191388919949532,0.00011463942792033777,0.005451577249914408,0.0006593416910618544,10.0,1.0,10.0
1269.0,0.013149164617061615,0.013149164617061615,0.00011494359205244109,0.005435965955257416,0.0006563762435689569,10.0,1.0,10.0
1270.0,0.013107050210237503,0.013107050210237503,0.0001136429636972025,0.005428976379334927,0.000654164410661906,10.0,1.0,10.0
1271.0,0.013065032660961151,0.013065032660961151,0.00011400628864066675,0.005412941332906485,0.0006512028630822897,10.0,1.0,10.0
1272.0,0.01302310824394226,0.01302310824394226,0.0001126823844970204,0.005406027659773827,0.0006490256055258214,10.0,1.0,10.0
1273.0,0.012981262989342213,0.012981262989342213,0.00011305032967356965,0.005390085745602846,0.0006460674339905381,10.0,1.0,10.0
1274.0,0.012939536944031715,0.012939536944031715,0.00011175237159477547,0.005382832605391741,0.0006439180579036474,10.0,1.0,10.0
1275.0,0.012897920794785023,0.012897920794785023,0.00011207769421162084,0.005367334932088852,0.0006409808993339539,10.0,1.0,10.0
1276.0,0.012856390327215195,0.012856390327215195,0.00011086028098361567,0.005359510891139507,0.0006388276815414429,10.0,1.0,10.0
1277.0,0.012814942747354507,0.012814942747354507,0.00011108371836598963,0.005344565026462078,0.0006359540857374668,10.0,1.0,10.0
1278.0,0.012773595750331879,0.012773595750331879,0.00010999564256053418,0.005336106289178133,0.0006337533122859895,10.0,1.0,10.0
1279.0,0.0127323679625988,0.0127323679625988,0.00011008552246494219,0.005321727134287357,0.0006309786112979054,10.0,1.0,10.0
1280.0,0.012691225856542587,0.012691225856542587,0.00010913642472587526,0.005312704015523195,0.0006287157884798944,10.0,1.0,10.0
1281.0,0.012650178745388985,0.012650178745388985,0.0001091076192096807,0.005298779346048832,0.0006260323571041226,10.0,1.0,10.0
1282.0,0.012609225697815418,0.012609225697815418,0.0001082623130059801,0.005289306864142418,0.000623729545623064,10.0,1.0,10.0
1283.0,0.012568377889692783,0.012568377889692783,0.00010816705616889521,0.00527570117264986,0.0006211005966179073,10.0,1.0,10.0
1284.0,0.012527627870440483,0.012527627870440483,0.00010736566764535382,0.005265971180051565,0.0006188000552356243,10.0,1.0,10.0
1285.0,0.012486975640058517,0.012486975640058517,0.00010726142500061542,0.0052524833008646965,0.0006161878118291497,10.0,1.0,10.0
1286.0,0.012446422129869461,0.012446422129869461,0.00010645385918905959,0.005242689047008753,0.0006139195174910128,10.0,1.0,10.0
1287.0,0.012405953370034695,0.012405953370034695,0.00010637946979841217,0.005229133181273937,0.0006113025592640042,10.0,1.0,10.0
1288.0,0.012365588918328285,0.012365588918328285,0.00010553718311712146,0.005219424143433571,0.0006090792594477534,10.0,1.0,10.0
1289.0,0.012325304560363293,0.012325304560363293,0.00010551369632594287,0.005205643828958273,0.0006064524059183896,10.0,1.0,10.0
1290.0,0.012285124510526657,0.012285124510526657,0.00010461638157721609,0.005196219775825739,0.000604274042416364,10.0,1.0,10.0
1291.0,0.012245053425431252,0.012245053425431252,0.00010467255196999758,0.005181990563869476,0.0006016336847096682,10.0,1.0,10.0
1292.0,0.01220505777746439,0.01220505777746439,0.00010367923823650926,0.005173134617507458,0.0005995130632072687,10.0,1.0,10.0
1293.0,0.012165162712335587,0.012165162712335587,0.00010386968642706051,0.005158106796443462,0.0005968359764665365,10.0,1.0,10.0
1294.0,0.012125376611948013,0.012125376611948013,0.00010270497296005487,0.005150221288204193,0.0005948105826973915,10.0,1.0,10.0
1295.0,0.012085681781172752,0.012085681781172752,0.00010313249367754906,0.005133926868438721,0.0005920429830439389,10.0,1.0,10.0
1296.0,0.012046102434396744,0.012046102434396744,0.00010166670836042613,0.0051276469603180885,0.0005901788244955242,10.0,1.0,10.0
1297.0,0.012006627395749092,0.012006627395749092,0.00010249525803374127,0.005109301768243313,0.0005872373003512621,10.0,1.0,10.0
1298.0,0.011967265047132969,0.011967265047132969,0.0001005248777801171,0.005105620715767145,0.0005856395582668483,10.0,1.0,10.0
1299.0,0.011928041465580463,0.011928041465580463,0.00010200554970651865,0.00508395629003644,0.000582402921281755,10.0,1.0,10.0
1300.0,0.01188898365944624,0.01188898365944624,9.921844321070239e-05,0.005084550008177757,0.0005812249146401882,10.0,1.0,10.0
1301.0,0.011850127950310707,0.011850127950310707,0.0001017602626234293,0.0050575267523527145,0.00057749985717237,10.0,1.0,10.0
1302.0,0.011811578646302223,0.011811578646302223,9.763630805537105e-05,0.005065284203737974,0.0005769931012764573,10.0,1.0,10.0
1303.0,0.01177343912422657,0.01177343912422657,0.00010194304923061281,0.0050294059328734875,0.0005724602960981429,10.0,1.0,10.0
1304.0,0.011735978536307812,0.011735978536307812,9.557677549310029e-05,0.005049456842243671,0.0005730753764510155,10.0,1.0,10.0
1305.0,0.011699576862156391,0.011699576862156391,0.00010290467616869137,0.004998807795345783,0.0005671722465194762,10.0,1.0,10.0
1306.0,0.011664999648928642,0.011664999648928642,9.27056826185435e-05,0.005040667485445738,0.0005697275046259165,10.0,1.0,10.0
1307.0,0.011633522808551788,0.011633522808551788,0.00010536077024880797,0.004965269006788731,0.0005614646361209452,10.0,1.0,10.0
1308.0,0.011607538908720016,0.011607538908720016,8.851048187352717e-05,0.005047406069934368,0.0005675028660334647,10.0,1.0,10.0
1309.0,0.011591315269470215,0.011591315269470215,0.00011083556455560029,0.004931335803121328,0.0005551623762585223,10.0,1.0,10.0
1310.0,0.011592753231525421,0.011592753231525421,8.23864756966941e-05,0.0050919377245008945,0.0005676950677298009,10.0,1.0,10.0
1311.0,0.011626439169049263,0.011626439169049263,0.00012290624727029353,0.004913353361189365,0.0005484023131430149,10.0,1.0,10.0
1312.0,0.01171964779496193,0.01171964779496193,7.444692892022431e-05,0.005238539073616266,0.0005736638559028506,10.0,1.0,10.0
1313.0,0.011923130601644516,0.011923130601644516,0.0001507931883679703,0.004983777180314064,0.0005431421450339258,10.0,1.0,10.0
1314.0,0.012332677841186523,0.012332677841186523,6.9464098487515e-05,0.005687781609594822,0.000595025485381484,10.0,1.0,10.0
1315.0,0.013124489225447178,0.013124489225447178,0.00022052315762266517,0.005427849944680929,0.0005491407355293632,10.0,1.0,10.0
1316.0,0.014622770249843597,0.014622770249843597,9.262959065381438e-05,0.007087154779583216,0.0006609319825656712,10.0,1.0,10.0
1317.0,0.017374752089381218,0.017374752089381218,0.00040724995778873563,0.007256363518536091,0.0006045888876542449,10.0,1.0,10.0
1318.0,0.02223869040608406,0.02223869040608406,0.00023726494691800326,0.011327417567372322,0.0008538624388165772,10.0,1.0,10.0
1319.0,0.0300968736410141,0.0300968736410141,0.0008838616777211428,0.013101164251565933,0.0008157092961482704,10.0,1.0,10.0
1320.0,0.04100432246923447,0.04100432246923447,0.0006806788151152432,0.021208953112363815,0.0012988582020625472,10.0,1.0,10.0
1321.0,0.051443345844745636,0.051443345844745636,0.0016341943992301822,0.02306138537824154,0.001204002066515386,10.0,1.0,10.0
1322.0,0.054052114486694336,0.054052114486694336,0.0010310240322723985,0.027598673477768898,0.0016143200919032097,10.0,1.0,10.0
1323.0,0.04210374504327774,0.04210374504327774,0.001331985229626298,0.018558228388428688,0.0010225663427263498,10.0,1.0,10.0
1324.0,0.022777538746595383,0.022777538746595383,0.0002581101725809276,0.011447189375758171,0.0008749247645027936,10.0,1.0,10.0
1325.0,0.011829642578959465,0.011829642578959465,0.0001312226668233052,0.005338145419955254,0.0005179269937798381,10.0,1.0,10.0
1326.0,0.016460539773106575,0.016460539773106575,0.0003643688396550715,0.0069749378599226475,0.0005841913516633213,10.0,1.0,10.0
1327.0,0.02738550677895546,0.02738550677895546,0.00036305494722910225,0.013981903903186321,0.0009773052297532558,10.0,1.0,10.0
1328.0,0.0303499773144722,0.0303499773144722,0.000927257351577282,0.012998022139072418,0.0008079380495473742,10.0,1.0,10.0
1329.0,0.021996788680553436,0.021996788680553436,0.0002358871279284358,0.011259921826422215,0.0008377995109185576,10.0,1.0,10.0
1330.0,0.012563989497721195,0.012563989497721195,0.0001900162169476971,0.005557880271226168,0.0005105946911498904,10.0,1.0,10.0
1331.0,0.01262654922902584,0.01262654922902584,0.0002064286672975868,0.00530721852555871,0.0005255044670775533,10.0,1.0,10.0
1332.0,0.019333619624376297,0.019333619624376297,0.00019014129065908492,0.009657194837927818,0.0007775012054480612,10.0,1.0,10.0
1333.0,0.021945148706436157,0.021945148706436157,0.000607299676630646,0.009386639110744,0.0006485511548817158,10.0,1.0,10.0
1334.0,0.016827721148729324,0.016827721148729324,0.00013237827806733549,0.008490505628287792,0.000701343291439116,10.0,1.0,10.0
1335.0,0.01122637651860714,0.01122637651860714,0.0001348900404991582,0.004879545886069536,0.0004997930373065174,10.0,1.0,10.0
1336.0,0.012154766358435154,0.012154766358435154,0.0002006513677770272,0.005055887158960104,0.0005092365900054574,10.0,1.0,10.0
1337.0,0.01651758886873722,0.01651758886873722,0.00013379585288930684,0.008219990879297256,0.0006959639140404761,10.0,1.0,10.0
1338.0,0.01698540523648262,0.01698540523648262,0.00041167897870764136,0.007249476853758097,0.0005619137664325535,10.0,1.0,10.0
1339.0,0.013012513518333435,0.013012513518333435,7.505505345761776e-05,0.006292401812970638,0.0005969561170786619,10.0,1.0,10.0
1340.0,0.010484885424375534,0.010484885424375534,8.864001574693248e-05,0.0045919944532215595,0.0005006490391679108,10.0,1.0,10.0
1341.0,0.012277393601834774,0.012277393601834774,0.00021182102500461042,0.00517581682652235,0.0004983366234228015,10.0,1.0,10.0
1342.0,0.014596054330468178,0.014596054330468178,9.93606518022716e-05,0.007239729166030884,0.0006362718995660543,10.0,1.0,10.0
1343.0,0.013624739833176136,0.013624739833176136,0.0002782410883810371,0.005721953697502613,0.0005120375426486135,10.0,1.0,10.0
1344.0,0.011046461760997772,0.011046461760997772,6.14589371252805e-05,0.005122210830450058,0.0005309662083163857,10.0,1.0,10.0
1345.0,0.010527224279940128,0.010527224279940128,6.817877147113904e-05,0.004770007450133562,0.0005075429216958582,10.0,1.0,10.0
1346.0,0.012082062661647797,0.012082062661647797,0.00020499055972322822,0.005152801517397165,0.0004879355547018349,10.0,1.0,10.0
1347.0,0.012815793044865131,0.012815793044865131,7.547604764113203e-05,0.0062244608998298645,0.0005836571799591184,10.0,1.0,10.0
1348.0,0.0116257444024086,0.0116257444024086,0.00018862096476368606,0.004885540809482336,0.0004853994178120047,10.0,1.0,10.0
1349.0,0.010374536737799644,0.010374536737799644,7.012445712462068e-05,0.004729532171040773,0.0004943760577589273,10.0,1.0,10.0
1350.0,0.010599922388792038,0.010599922388792038,6.186410610098392e-05,0.004906719084829092,0.0005074562504887581,10.0,1.0,10.0
1351.0,0.011471054516732693,0.011471054516732693,0.00018210623238701373,0.004887525923550129,0.00047624658327549696,10.0,1.0,10.0
1352.0,0.01149031613022089,0.01149031613022089,6.255142216105014e-05,0.005470796022564173,0.000539400614798069,10.0,1.0,10.0
1353.0,0.010668087750673294,0.010668087750673294,0.00013572511670645326,0.004588841460645199,0.00047219949192367494,10.0,1.0,10.0
1354.0,0.010150105692446232,0.010150105692446232,8.104466542135924e-05,0.004598767030984163,0.0004740891745314002,10.0,1.0,10.0
1355.0,0.010418734513223171,0.010418734513223171,6.007270349073224e-05,0.004841743037104607,0.0004976264317519963,10.0,1.0,10.0
1356.0,0.010824402794241905,0.010824402794241905,0.00015529050142504275,0.004620153456926346,0.00046513439156115055,10.0,1.0,10.0
1357.0,0.010697007179260254,0.010697007179260254,5.8814850490307435e-05,0.005058114416897297,0.0005050745094195008,10.0,1.0,10.0
1358.0,0.01020447351038456,0.01020447351038456,0.00010801824100781232,0.004486645571887493,0.00046376450336538255,10.0,1.0,10.0
1359.0,0.009955747053027153,0.009955747053027153,8.58565399539657e-05,0.0044764382764697075,0.0004620743857230991,10.0,1.0,10.0
1360.0,0.01013251394033432,0.01013251394033432,6.005204704706557e-05,0.00468430295586586,0.0004847689997404814,10.0,1.0,10.0
1361.0,0.010341350920498371,0.010341350920498371,0.00013094146561343223,0.004470049403607845,0.0004561886889860034,10.0,1.0,10.0
1362.0,0.010221855714917183,0.010221855714917183,5.979329580441117e-05,0.004800706170499325,0.00048232165863737464,10.0,1.0,10.0
1363.0,0.009900863282382488,0.009900863282382488,9.407338075106964e-05,0.00440116785466671,0.0004558961954899132,10.0,1.0,10.0
1364.0,0.00975132267922163,0.00975132267922163,8.555284148314968e-05,0.004367210436612368,0.0004528583958745003,10.0,1.0,10.0
1365.0,0.00987064465880394,0.00987064465880394,6.137166928965598e-05,0.004559578374028206,0.00046973497956059873,10.0,1.0,10.0
1366.0,0.009992009028792381,0.009992009028792381,0.00011376426118658856,0.004375129006803036,0.00044792378321290016,10.0,1.0,10.0
1367.0,0.00988716073334217,0.00988716073334217,6.147199019324034e-05,0.004613932687789202,0.0004658507532440126,10.0,1.0,10.0
1368.0,0.00966174528002739,0.00966174528002739,8.70974690769799e-05,0.004313420969992876,0.0004477350157685578,10.0,1.0,10.0
1369.0,0.00956710334867239,0.00956710334867239,8.215801062760875e-05,0.0042891595512628555,0.0004456363385543227,10.0,1.0,10.0
1370.0,0.009647004306316376,0.009647004306316376,6.310213939286768e-05,0.004450482781976461,0.0004565499839372933,10.0,1.0,10.0
1371.0,0.009711370803415775,0.009711370803415775,0.00010162501712329686,0.004294221755117178,0.00044008984696120024,10.0,1.0,10.0
1372.0,0.00962275080382824,0.00962275080382824,6.25006650807336e-05,0.004465709440410137,0.0004532035090960562,10.0,1.0,10.0
1373.0,0.009466933086514473,0.009466933086514473,8.368345879716799e-05,0.004240222740918398,0.00043898759759031236,10.0,1.0,10.0
1374.0,0.00940261222422123,0.00940261222422123,7.799720333423465e-05,0.004236890934407711,0.0004385749634820968,10.0,1.0,10.0
1375.0,0.009444073773920536,0.009444073773920536,6.470827793236822e-05,0.004351995885372162,0.0004444994847290218,10.0,1.0,10.0
1376.0,0.009470207616686821,0.009470207616686821,9.284535917686298e-05,0.004219933412969112,0.0004321819869801402,10.0,1.0,10.0
1377.0,0.009404018521308899,0.009404018521308899,6.283333641476929e-05,0.00435177655890584,0.0004423908540047705,10.0,1.0,10.0
1378.0,0.00929946731775999,0.00929946731775999,8.17749387351796e-05,0.004181107971817255,0.0004300610162317753,10.0,1.0,10.0
1379.0,0.009246720001101494,0.009246720001101494,7.39868773962371e-05,0.004193556495010853,0.00043132947757840157,10.0,1.0,10.0
1380.0,0.009254464879631996,0.009254464879631996,6.617380859097466e-05,0.004258368629962206,0.0004334357799962163,10.0,1.0,10.0
1381.0,0.00925831776112318,0.00925831776112318,8.613701356807724e-05,0.004153515677899122,0.00042434321949258447,10.0,1.0,10.0
1382.0,0.009214067831635475,0.009214067831635475,6.281217065406963e-05,0.004259788431227207,0.0004326157213654369,10.0,1.0,10.0
1383.0,0.00914393924176693,0.00914393924176693,8.029614400584251e-05,0.004126584157347679,0.0004214393557049334,10.0,1.0,10.0
1384.0,0.009094370529055595,0.009094370529055595,7.038842886686325e-05,0.00415022624656558,0.000424026045948267,10.0,1.0,10.0
1385.0,0.00907793641090393,0.00907793641090393,6.745655264239758e-05,0.004171397536993027,0.0004231973143760115,10.0,1.0,10.0
1386.0,0.009068490006029606,0.009068490006029606,8.060756226768717e-05,0.004094867501407862,0.0004167546867392957,10.0,1.0,10.0
1387.0,0.009039433673024178,0.009039433673024178,6.274329643929377e-05,0.0041794320568442345,0.0004232568899169564,10.0,1.0,10.0
1388.0,0.008991471491754055,0.008991471491754055,7.865447696531191e-05,0.004072335083037615,0.0004132591711822897,10.0,1.0,10.0
1389.0,0.00894483644515276,0.00894483644515276,6.730314635206014e-05,0.004104227293282747,0.00041675777174532413,10.0,1.0,10.0
1390.0,0.008914041332900524,0.008914041332900524,6.851417128928006e-05,0.004092076793313026,0.0004136822826694697,10.0,1.0,10.0
1391.0,0.008894872851669788,0.008894872851669788,7.571306923637167e-05,0.004043284337967634,0.00040944578358903527,10.0,1.0,10.0
1392.0,0.008872631937265396,0.008872631937265396,6.29075730103068e-05,0.004104530904442072,0.0004139024531468749,10.0,1.0,10.0
1393.0,0.008838526904582977,0.008838526904582977,7.667136378586292e-05,0.004018873907625675,0.0004052940057590604,10.0,1.0,10.0
1394.0,0.008797341957688332,0.008797341957688332,6.49156208964996e-05,0.004056252539157867,0.0004091933951713145,10.0,1.0,10.0
1395.0,0.008760467171669006,0.008760467171669006,6.933233089512214e-05,0.00402059406042099,0.0004046549438498914,10.0,1.0,10.0
1396.0,0.008733469992876053,0.008733469992876053,7.127111166482791e-05,0.003995897248387337,0.00040248618461191654,10.0,1.0,10.0
1397.0,0.00871121697127819,0.00871121697127819,6.330032920232043e-05,0.004030084703117609,0.00040481286123394966,10.0,1.0,10.0
1398.0,0.008684465661644936,0.008684465661644936,7.399365858873352e-05,0.003965671174228191,0.0003978857712354511,10.0,1.0,10.0
1399.0,0.008650112897157669,0.008650112897157669,6.31599104963243e-05,0.004003234673291445,0.00040152791189029813,10.0,1.0,10.0
1400.0,0.00861349143087864,0.00861349143087864,6.964481144677848e-05,0.003955518361181021,0.0003961524344049394,10.0,1.0,10.0
1401.0,0.00858161598443985,0.00858161598443985,6.743556150468066e-05,0.003950941376388073,0.0003956318832933903,10.0,1.0,10.0
1402.0,0.008555656298995018,0.008555656298995018,6.399025733117014e-05,0.003958286251872778,0.0003957468143198639,10.0,1.0,10.0
1403.0,0.008530691266059875,0.008530691266059875,7.083006494212896e-05,0.003914628643542528,0.00039077617111615837,10.0,1.0,10.0
1404.0,0.008501792326569557,0.008501792326569557,6.215344183146954e-05,0.0039447913877666,0.00039354671025648713,10.0,1.0,10.0
1405.0,0.008468976244330406,0.008468976244330406,6.916180427651852e-05,0.0038954236079007387,0.00038819340988993645,10.0,1.0,10.0
1406.0,0.00843620765954256,0.00843620765954256,6.431770452763885e-05,0.003904742421582341,0.00038882880471646786,10.0,1.0,10.0
1407.0,0.008406663313508034,0.008406663313508034,6.470017979154363e-05,0.0038892291486263275,0.00038704322651028633,10.0,1.0,10.0
1408.0,0.008379872888326645,0.008379872888326645,6.73852046020329e-05,0.003865729086101055,0.0003840291465166956,10.0,1.0,10.0
1409.0,0.008352985605597496,0.008352985605597496,6.185406527947634e-05,0.0038810560945421457,0.0003853388479910791,10.0,1.0,10.0
1410.0,0.008324021473526955,0.008324021473526955,6.769301398890093e-05,0.0038394646253436804,0.0003807626781053841,10.0,1.0,10.0
1411.0,0.008293429389595985,0.008293429389595985,6.210616265889257e-05,0.003854350885376334,0.0003818017430603504,10.0,1.0,10.0
1412.0,0.008263030089437962,0.008263030089437962,6.50028305244632e-05,0.0038249108474701643,0.0003788090543821454,10.0,1.0,10.0
1413.0,0.008234037086367607,0.008234037086367607,6.411362119251862e-05,0.003818438621237874,0.0003774462384171784,10.0,1.0,10.0
1414.0,0.008206283673644066,0.008206283673644066,6.205213867360726e-05,0.00381536316126585,0.00037703983252868056,10.0,1.0,10.0
1415.0,0.008178750984370708,0.008178750984370708,6.536590808536857e-05,0.003787469118833542,0.0003737623046617955,10.0,1.0,10.0
1416.0,0.008150563575327396,0.008150563575327396,6.088369627832435e-05,0.0037981122732162476,0.0003743614652194083,10.0,1.0,10.0
1417.0,0.008121632039546967,0.008121632039546967,6.445987673942e-05,0.0037659520749002695,0.00037110812263563275,10.0,1.0,10.0
1418.0,0.00809246301651001,0.00809246301651001,6.149470573291183e-05,0.003769786562770605,0.0003707729047164321,10.0,1.0,10.0
1419.0,0.008063677698373795,0.008063677698373795,6.227260746527463e-05,0.003751280950382352,0.0003689670702442527,10.0,1.0,10.0
1420.0,0.008035574108362198,0.008035574108362198,6.262433453230187e-05,0.003738265484571457,0.00036710649146698415,10.0,1.0,10.0
1421.0,0.008007978089153767,0.008007978089153767,6.046838461770676e-05,0.0037368424236774445,0.00036664516665041447,10.0,1.0,10.0
1422.0,0.007980400696396828,0.007980400696396828,6.289373413892463e-05,0.0037116562016308308,0.00036398068186827004,10.0,1.0,10.0
1423.0,0.007952476851642132,0.007952476851642132,5.983446317259222e-05,0.0037162317894399166,0.0003637900808826089,10.0,1.0,10.0
1424.0,0.007924195379018784,0.007924195379018784,6.19239654042758e-05,0.0036912730429321527,0.0003613682056311518,10.0,1.0,10.0
1425.0,0.007895863614976406,0.007895863614976406,6.014899190631695e-05,0.0036890581250190735,0.00036053155781701207,10.0,1.0,10.0
1426.0,0.007867858745157719,0.007867858745157719,6.038015635567717e-05,0.0036745851393789053,0.0003589472034946084,10.0,1.0,10.0
1427.0,0.007840311154723167,0.007840311154723167,6.065250636311248e-05,0.0036610011011362076,0.0003572785062715411,10.0,1.0,10.0
1428.0,0.007813017815351486,0.007813017815351486,5.909837636863813e-05,0.003657578257843852,0.0003564454964362085,10.0,1.0,10.0
1429.0,0.007785690948367119,0.007785690948367119,6.0641043091891333e-05,0.0036363399121910334,0.0003542940830811858,10.0,1.0,10.0
1430.0,0.007758168503642082,0.007758168503642082,5.8487716160016134e-05,0.0036362959071993828,0.0003536995791364461,10.0,1.0,10.0
1431.0,0.007730512879788876,0.007730512879788876,5.9914091252721846e-05,0.003615462686866522,0.00035159094841219485,10.0,1.0,10.0
1432.0,0.007702911272644997,0.007702911272644997,5.846277781529352e-05,0.003610987216234207,0.0003507296205498278,10.0,1.0,10.0
1433.0,0.007675542030483484,0.007675542030483484,5.877396324649453e-05,0.003597126342356205,0.0003490676172077656,10.0,1.0,10.0
1434.0,0.007648398168385029,0.007648398168385029,5.86460591875948e-05,0.0035851215943694115,0.000347681634593755,10.0,1.0,10.0
1435.0,0.007621400989592075,0.007621400989592075,5.7695258874446154e-05,0.0035787313245236874,0.000346571730915457,10.0,1.0,10.0
1436.0,0.007594420574605465,0.007594420574605465,5.8602861827239394e-05,0.0035611134953796864,0.0003447278286330402,10.0,1.0,10.0
1437.0,0.007567416876554489,0.007567416876554489,5.699569737771526e-05,0.003557870863005519,0.0003439589054323733,10.0,1.0,10.0
1438.0,0.007540408987551928,0.007540408987551928,5.810333095723763e-05,0.0035396155435591936,0.0003419760032556951,10.0,1.0,10.0
1439.0,0.007513434626162052,0.007513434626162052,5.673362466040999e-05,0.0035344879142940044,0.00034116103779524565,10.0,1.0,10.0
1440.0,0.007486563175916672,0.007486563175916672,5.723475624108687e-05,0.0035200242418795824,0.0003394191153347492,10.0,1.0,10.0
1441.0,0.00745980441570282,0.00745980441570282,5.6722292356425896e-05,0.0035101319663226604,0.0003382449212949723,10.0,1.0,10.0
1442.0,0.007433159742504358,0.007433159742504358,5.6280550779774785e-05,0.0035007852129638195,0.00033695687307044864,10.0,1.0,10.0
1443.0,0.0074066161178052425,0.0074066161178052425,5.665959542966448e-05,0.003486461704596877,0.00033535584225319326,10.0,1.0,10.0
1444.0,0.007380124181509018,0.007380124181509018,5.552437505684793e-05,0.003480472369119525,0.000334440846927464,10.0,1.0,10.0
1445.0,0.007353684399276972,0.007353684399276972,5.6320430303458124e-05,0.003464366076514125,0.00033261138014495373,10.0,1.0,10.0
1446.0,0.007327260449528694,0.007327260449528694,5.508435424417257e-05,0.003458593972027302,0.00033178229932673275,10.0,1.0,10.0
1447.0,0.007300888188183308,0.007300888188183308,5.567878542933613e-05,0.0034437065478414297,0.0003300393873360008,10.0,1.0,10.0
1448.0,0.007274589501321316,0.007274589501321316,5.488675014930777e-05,0.003435651771724224,0.00032900704536587,10.0,1.0,10.0
1449.0,0.007248376030474901,0.007248376030474901,5.489019167725928e-05,0.0034237774088978767,0.00032756966538727283,10.0,1.0,10.0
1450.0,0.007222263142466545,0.007222263142466545,5.474695353768766e-05,0.00341261294670403,0.0003262180835008621,10.0,1.0,10.0
1451.0,0.007196235004812479,0.007196235004812479,5.414861152530648e-05,0.0034037292934954166,0.0003251019516028464,10.0,1.0,10.0
1452.0,0.0071702878922224045,0.0071702878922224045,5.448997762869112e-05,0.0033902472350746393,0.0003235141048207879,10.0,1.0,10.0
1453.0,0.007144380826503038,0.007144380826503038,5.358139969757758e-05,0.003382984083145857,0.00032255827682092786,10.0,1.0,10.0
1454.0,0.007118525914847851,0.007118525914847851,5.404937110142782e-05,0.003368810284882784,0.00032092223409563303,10.0,1.0,10.0
1455.0,0.007092728279531002,0.007092728279531002,5.3193929488770664e-05,0.0033614467829465866,0.0003199342463631183,10.0,1.0,10.0
1456.0,0.007066995836794376,0.007066995836794376,5.346405305317603e-05,0.003348145866766572,0.0003184209344908595,10.0,1.0,10.0
1457.0,0.007041329517960548,0.007041329517960548,5.290695116855204e-05,0.0033394377678632736,0.00031728221802040935,10.0,1.0,10.0
1458.0,0.007015769835561514,0.007015769835561514,5.283328937366605e-05,0.003327870275825262,0.0003159566840622574,10.0,1.0,10.0
1459.0,0.006990259047597647,0.006990259047597647,5.2627321565523744e-05,0.0033174275886267424,0.0003146558301523328,10.0,1.0,10.0
1460.0,0.006964819505810738,0.006964819505810738,5.223979314905591e-05,0.0033075958490371704,0.00031348259653896093,10.0,1.0,10.0
1461.0,0.006939456332474947,0.006939456332474947,5.22911359439604e-05,0.0032957347575575113,0.00031208101427182555,10.0,1.0,10.0
1462.0,0.006914162542670965,0.006914162542670965,5.1725259254453704e-05,0.0032870809081941843,0.00031098289764486253,10.0,1.0,10.0
1463.0,0.006888941861689091,0.006888941861689091,5.188434442970902e-05,0.0032745227217674255,0.000309557537548244,10.0,1.0,10.0
1464.0,0.006863775197416544,0.006863775197416544,5.128106931806542e-05,0.003266250714659691,0.0003084713825955987,10.0,1.0,10.0
1465.0,0.006838678847998381,0.006838678847998381,5.142019654158503e-05,0.003253728384152055,0.00030707483529113233,10.0,1.0,10.0
1466.0,0.006813656538724899,0.006813656538724899,5.088377292850055e-05,0.003245181869715452,0.0003059636801481247,10.0,1.0,10.0
1467.0,0.006788684520870447,0.006788684520870447,5.09279670950491e-05,0.003233241615816951,0.00030461634742096066,10.0,1.0,10.0
1468.0,0.006763797719031572,0.006763797719031572,5.051211701356806e-05,0.003224017797037959,0.000303465873003006,10.0,1.0,10.0
1469.0,0.006738975644111633,0.006738975644111633,5.042611883254722e-05,0.003212947864085436,0.0003021766315214336,10.0,1.0,10.0
1470.0,0.006714222952723503,0.006714222952723503,5.0147558795288205e-05,0.0032029158901423216,0.00030098314164206386,10.0,1.0,10.0
1471.0,0.0066895391792058945,0.0066895391792058945,4.992929461877793e-05,0.003192713251337409,0.0002997532719746232,10.0,1.0,10.0
1472.0,0.0066649410873651505,0.0066649410873651505,4.978033757652156e-05,0.0031819865107536316,0.00029851513681933284,10.0,1.0,10.0
1473.0,0.006640404928475618,0.006640404928475618,4.944521060679108e-05,0.0031724870204925537,0.00029734655981883407,10.0,1.0,10.0
1474.0,0.006615928374230862,0.006615928374230862,4.9400732677895576e-05,0.003161249216645956,0.00029606715543195605,10.0,1.0,10.0
1475.0,0.006591529585421085,0.006591529585421085,4.898316547041759e-05,0.003152206540107727,0.00029494913178496063,10.0,1.0,10.0
1476.0,0.0065671890042722225,0.0065671890042722225,4.900351268588565e-05,0.0031407440546900034,0.00029364097281359136,10.0,1.0,10.0
1477.0,0.0065429238602519035,0.0065429238602519035,4.8546469770371914e-05,0.0031318897381424904,0.00029255697154439986,10.0,1.0,10.0
1478.0,0.006518731825053692,0.006518731825053692,4.8586145567242056e-05,0.003120438428595662,0.00029124319553375244,10.0,1.0,10.0
1479.0,0.0064946068450808525,0.0064946068450808525,4.813352643395774e-05,0.0031115743331611156,0.0002901697298511863,10.0,1.0,10.0
1480.0,0.006470548454672098,0.006470548454672098,4.81528950331267e-05,0.00310030416585505,0.0002888715243898332,10.0,1.0,10.0
1481.0,0.006446545943617821,0.006446545943617821,4.773869659402408e-05,0.0030912861693650484,0.0002877873193938285,10.0,1.0,10.0
1482.0,0.006422635167837143,0.006422635167837143,4.771157546201721e-05,0.0030802960973232985,0.00028652235050685704,10.0,1.0,10.0
1483.0,0.00639877887442708,0.00639877887442708,4.735342736239545e-05,0.0030710750725120306,0.00028541695792227983,10.0,1.0,10.0
1484.0,0.00637498963624239,0.00637498963624239,4.7270776121877134e-05,0.0030603869818150997,0.0002841895038727671,10.0,1.0,10.0
1485.0,0.0063512930646538734,0.0063512930646538734,4.69696860818658e-05,0.0030509703792631626,0.0002830625744536519,10.0,1.0,10.0
1486.0,0.006327653303742409,0.006327653303742409,4.683703082264401e-05,0.0030405831057578325,0.00028186998679302633,10.0,1.0,10.0
1487.0,0.006304069422185421,0.006304069422185421,4.658289617509581e-05,0.0030309606809169054,0.0002807279524859041,10.0,1.0,10.0
1488.0,0.006280564237385988,0.006280564237385988,4.641172199626453e-05,0.003020837903022766,0.00027956091798841953,10.0,1.0,10.0
1489.0,0.006257135421037674,0.006257135421037674,4.619253013515845e-05,0.0030110853258520365,0.0002784125099424273,10.0,1.0,10.0
1490.0,0.006233775056898594,0.006233775056898594,4.599707972374745e-05,0.0030011790804564953,0.00027726253028959036,10.0,1.0,10.0
1491.0,0.006210478022694588,0.006210478022694588,4.579971209750511e-05,0.0029913284815847874,0.00027611522818915546,10.0,1.0,10.0
1492.0,0.0061872475780546665,0.0061872475780546665,4.558658110909164e-05,0.0029815908055752516,0.00027497910195961595,10.0,1.0,10.0
1493.0,0.006164093501865864,0.006164093501865864,4.540805093711242e-05,0.0029716722201555967,0.00027383409906178713,10.0,1.0,10.0
1494.0,0.006141014397144318,0.006141014397144318,4.518009882303886e-05,0.0029621135909110308,0.0002727099636103958,10.0,1.0,10.0
1495.0,0.006117996759712696,0.006117996759712696,4.502062438405119e-05,0.0029521381948143244,0.0002715652226470411,10.0,1.0,10.0
1496.0,0.006095046177506447,0.006095046177506447,4.4774726120522246e-05,0.0029427267145365477,0.0002704571816138923,10.0,1.0,10.0
1497.0,0.006072167307138443,0.006072167307138443,4.463743243832141e-05,0.002932691713795066,0.00026931014144793153,10.0,1.0,10.0
1498.0,0.006049362011253834,0.006049362011253834,4.4369448005454615e-05,0.002923451829701662,0.00026822154177352786,10.0,1.0,10.0
1499.0,0.0060266172513365746,0.0060266172513365746,4.425973747856915e-05,0.002913345582783222,0.0002670674293767661,10.0,1.0,10.0
1500.0,0.006003952585160732,0.006003952585160732,4.396354779601097e-05,0.0029042894020676613,0.00026600275305099785,10.0,1.0,10.0
