epoch,loss_total,objective_total,loss_data,loss_physics,loss_boundary,weight_data,weight_physics,weight_boundary
1.0,107.61247253417969,107.61247253417969,0.46960219740867615,102.43560791015625,0.04808424413204193,10.0,1.0,10.0
2.0,105.1923828125,105.1923828125,0.3564634323120117,101.47535705566406,0.015239067375659943,10.0,1.0,10.0
3.0,103.21532440185547,103.21532440185547,0.26528000831604004,100.54901885986328,0.0013505278620868921,10.0,1.0,10.0
4.0,101.63031768798828,101.63031768798828,0.1937553584575653,99.64656829833984,0.004619937390089035,10.0,1.0,10.0
5.0,100.40129089355469,100.40129089355469,0.1404491364955902,98.75968933105469,0.023710822686553,10.0,1.0,10.0
6.0,99.49639892578125,99.49639892578125,0.10433647036552429,97.8824234008789,0.057061053812503815,10.0,1.0,10.0
7.0,98.87394714355469,98.87394714355469,0.08416542410850525,97.01338958740234,0.10189039260149002,10.0,1.0,10.0
8.0,98.46951293945312,98.46951293945312,0.07753047347068787,96.15806579589844,0.15361438691616058,10.0,1.0,10.0
9.0,98.19645690917969,98.19645690917969,0.08064262568950653,95.32749938964844,0.2062528282403946,10.0,1.0,10.0
10.0,97.9616470336914,97.9616470336914,0.08897377550601959,94.53523254394531,0.2536677122116089,10.0,1.0,10.0
11.0,97.6858901977539,97.6858901977539,0.0983143076300621,93.79316711425781,0.29095739126205444,10.0,1.0,10.0
12.0,97.31787109375,97.31787109375,0.10563714057207108,93.1080322265625,0.3153463900089264,10.0,1.0,10.0
13.0,96.8372573852539,96.8372573852539,0.1094183474779129,92.4801254272461,0.32629457116127014,10.0,1.0,10.0
14.0,96.24877166748047,96.24877166748047,0.10946682095527649,91.90354919433594,0.3250555694103241,10.0,1.0,10.0
15.0,95.57262420654297,95.57262420654297,0.10650357604026794,91.36727905273438,0.3140312135219574,10.0,1.0,10.0
16.0,94.8345718383789,94.8345718383789,0.10170221328735352,90.85591125488281,0.2961636781692505,10.0,1.0,10.0
17.0,94.05789947509766,94.05789947509766,0.09630433470010757,90.3501968383789,0.27446627616882324,10.0,1.0,10.0
18.0,93.25777435302734,93.25777435302734,0.09134785085916519,89.8272705078125,0.25170308351516724,10.0,1.0,10.0
19.0,92.43834686279297,92.43834686279297,0.08751165866851807,89.2613296508789,0.23019015789031982,10.0,1.0,10.0
20.0,91.592529296875,91.592529296875,0.08507274836301804,88.62476348876953,0.21170324087142944,10.0,1.0,10.0
21.0,90.70393371582031,90.70393371582031,0.08396358042955399,87.88949584960938,0.197479709982872,10.0,1.0,10.0
22.0,89.75080871582031,89.75080871582031,0.08390393853187561,87.02887725830078,0.18828919529914856,10.0,1.0,10.0
23.0,88.71044921875,88.71044921875,0.08456937968730927,86.01933288574219,0.18454213440418243,10.0,1.0,10.0
24.0,87.56346893310547,87.56346893310547,0.08574998378753662,84.8418960571289,0.18640752136707306,10.0,1.0,10.0
25.0,86.29669952392578,86.29669952392578,0.08745323121547699,83.48316955566406,0.19389963150024414,10.0,1.0,10.0
26.0,84.90412139892578,84.90412139892578,0.0899219661951065,81.9359359741211,0.20689657330513,10.0,1.0,10.0
27.0,83.3858642578125,83.3858642578125,0.09355919808149338,80.19950866699219,0.22507613897323608,10.0,1.0,10.0
28.0,81.74539184570312,81.74539184570312,0.09877249598503113,78.27982330322266,0.24778476357460022,10.0,1.0,10.0
29.0,79.98580169677734,79.98580169677734,0.10577258467674255,76.18920135498047,0.27388784289360046,10.0,1.0,10.0
30.0,78.10617065429688,78.10617065429688,0.11438829451799393,73.94548034667969,0.30168068408966064,10.0,1.0,10.0
31.0,76.09949493408203,76.09949493408203,0.12397536635398865,71.5703125,0.3289429247379303,10.0,1.0,10.0
32.0,73.95339965820312,73.95339965820312,0.13348382711410522,69.08670043945312,0.3531862795352936,10.0,1.0,10.0
33.0,71.6535873413086,71.6535873413086,0.1416923850774765,66.51594543457031,0.37207192182540894,10.0,1.0,10.0
34.0,69.18885040283203,69.18885040283203,0.1475430130958557,63.87449264526367,0.3838925361633301,10.0,1.0,10.0
35.0,66.55547332763672,66.55547332763672,0.15045465528964996,61.17118453979492,0.3879740536212921,10.0,1.0,10.0
36.0,63.75906753540039,63.75906753540039,0.15049752593040466,58.40537643432617,0.3848716616630554,10.0,1.0,10.0
37.0,60.81278991699219,60.81278991699219,0.148363396525383,55.56611633300781,0.376304030418396,10.0,1.0,10.0
38.0,57.73250198364258,57.73250198364258,0.14513817429542542,52.63286209106445,0.3648257553577423,10.0,1.0,10.0
39.0,54.53162384033203,54.53162384033203,0.1419529914855957,49.57926559448242,0.3532830476760864,10.0,1.0,10.0
40.0,51.2193489074707,51.2193489074707,0.1396540105342865,46.38125991821289,0.34415459632873535,10.0,1.0,10.0
41.0,47.804893493652344,47.804893493652344,0.13863979279994965,43.02884292602539,0.3389652371406555,10.0,1.0,10.0
42.0,44.3062744140625,44.3062744140625,0.13890187442302704,39.53763198852539,0.3379623293876648,10.0,1.0,10.0
43.0,40.756568908691406,40.756568908691406,0.14011690020561218,35.95469665527344,0.3400704264640808,10.0,1.0,10.0
44.0,37.202667236328125,37.202667236328125,0.1416066437959671,32.356544494628906,0.34300556778907776,10.0,1.0,10.0
45.0,33.69654083251953,33.69654083251953,0.14220252633094788,28.83889389038086,0.3435623049736023,10.0,1.0,10.0
46.0,30.286611557006836,30.286611557006836,0.14033262431621552,25.500152587890625,0.3383132517337799,10.0,1.0,10.0
47.0,27.017986297607422,27.017986297607422,0.1346392035484314,22.42293930053711,0.32486557960510254,10.0,1.0,10.0
48.0,23.941614151000977,23.941614151000977,0.12491339445114136,19.660558700561523,0.3031921982765198,10.0,1.0,10.0
49.0,21.11943817138672,21.11943817138672,0.11253324151039124,17.2338924407959,0.2760213017463684,10.0,1.0,10.0
50.0,18.613035202026367,18.613035202026367,0.09977230429649353,15.138571739196777,0.24767397344112396,10.0,1.0,10.0
51.0,16.462308883666992,16.462308883666992,0.08839131146669388,13.359363555908203,0.2219032198190689,10.0,1.0,10.0
52.0,14.676458358764648,14.676458358764648,0.07880610227584839,11.886027336120605,0.200236976146698,10.0,1.0,10.0
53.0,13.242131233215332,13.242131233215332,0.07055587321519852,10.716512680053711,0.18200597167015076,10.0,1.0,10.0
54.0,12.123969078063965,12.123969078063965,0.063157819211483,9.836587905883789,0.16558028757572174,10.0,1.0,10.0
55.0,11.249247550964355,11.249247550964355,0.056342534720897675,9.189569473266602,0.14962530136108398,10.0,1.0,10.0
56.0,10.511784553527832,10.511784553527832,0.05014517530798912,8.670000076293945,0.13403329253196716,10.0,1.0,10.0
57.0,9.809968948364258,9.809968948364258,0.045119985938072205,8.15813159942627,0.12006374448537827,10.0,1.0,10.0
58.0,9.074203491210938,9.074203491210938,0.04167504981160164,7.568423271179199,0.10890302807092667,10.0,1.0,10.0
59.0,8.262313842773438,8.262313842773438,0.038989122956991196,6.873078346252441,0.09993448108434677,10.0,1.0,10.0
60.0,7.360586643218994,7.360586643218994,0.035603638738393784,6.092161655426025,0.09123889356851578,10.0,1.0,10.0
61.0,6.397217273712158,6.397217273712158,0.031174900010228157,5.267607688903809,0.08178606629371643,10.0,1.0,10.0
62.0,5.431345462799072,5.431345462799072,0.026644214987754822,4.442337512969971,0.07225657254457474,10.0,1.0,10.0
63.0,4.525139808654785,4.525139808654785,0.022875627502799034,3.657163619995117,0.06392201781272888,10.0,1.0,10.0
64.0,3.735285758972168,3.735285758972168,0.02004833146929741,2.9591453075408936,0.05756571143865585,10.0,1.0,10.0
65.0,3.111065149307251,3.111065149307251,0.018036650493741035,2.3979485034942627,0.053275011479854584,10.0,1.0,10.0
66.0,2.677224636077881,2.677224636077881,0.01666938327252865,2.0037503242492676,0.05067802593111992,10.0,1.0,10.0
67.0,2.4293739795684814,2.4293739795684814,0.016057448461651802,1.772437334060669,0.04963621497154236,10.0,1.0,10.0
68.0,2.349916934967041,2.349916934967041,0.01675802655518055,1.6752904653549194,0.05070460960268974,10.0,1.0,10.0
69.0,2.4090325832366943,2.4090325832366943,0.01891971379518509,1.6768397092819214,0.05429956689476967,10.0,1.0,10.0
70.0,2.558560371398926,2.558560371398926,0.02166910097002983,1.7454924583435059,0.05963767692446709,10.0,1.0,10.0
71.0,2.744220495223999,2.744220495223999,0.023882562294602394,1.8564317226409912,0.06489632278680801,10.0,1.0,10.0
72.0,2.917015314102173,2.917015314102173,0.024921046569943428,1.9867451190948486,0.06810598075389862,10.0,1.0,10.0
73.0,3.037989377975464,3.037989377975464,0.024638544768095016,2.1103365421295166,0.06812674552202225,10.0,1.0,10.0
74.0,3.086134910583496,3.086134910583496,0.02332833781838417,2.1998844146728516,0.0652967095375061,10.0,1.0,10.0
75.0,3.055690288543701,3.055690288543701,0.021474655717611313,2.2310891151428223,0.060985468327999115,10.0,1.0,10.0
76.0,2.9477617740631104,2.9477617740631104,0.01942216232419014,2.1884899139404297,0.05650503560900688,10.0,1.0,10.0
77.0,2.7731943130493164,2.7731943130493164,0.01742609031498432,2.073827028274536,0.05251065641641617,10.0,1.0,10.0
78.0,2.554102659225464,2.554102659225464,0.01569889485836029,1.907271146774292,0.048984259366989136,10.0,1.0,10.0
79.0,2.315664529800415,2.315664529800415,0.014259575866162777,1.7178515195846558,0.04552173241972923,10.0,1.0,10.0
80.0,2.0809223651885986,2.0809223651885986,0.012989513576030731,1.5324406623840332,0.04185866937041283,10.0,1.0,10.0
81.0,1.8694077730178833,1.8694077730178833,0.011785104870796204,1.3698680400848389,0.03816887363791466,10.0,1.0,10.0
82.0,1.6942923069000244,1.6942923069000244,0.010572832077741623,1.2402195930480957,0.034834444522857666,10.0,1.0,10.0
83.0,1.5624902248382568,1.5624902248382568,0.00937551911920309,1.147635579109192,0.03210994601249695,10.0,1.0,10.0
84.0,1.4757869243621826,1.4757869243621826,0.00834108516573906,1.0923668146133423,0.030000930652022362,10.0,1.0,10.0
85.0,1.4290879964828491,1.4290879964828491,0.0075752208940684795,1.0701135396957397,0.028322216123342514,10.0,1.0,10.0
86.0,1.412063717842102,1.412063717842102,0.007063273806124926,1.072348952293396,0.026908205822110176,10.0,1.0,10.0
87.0,1.413785696029663,1.413785696029663,0.006743970792740583,1.0887494087219238,0.025759663432836533,10.0,1.0,10.0
88.0,1.4237802028656006,1.4237802028656006,0.0065230876207351685,1.1092331409454346,0.02493162453174591,10.0,1.0,10.0
89.0,1.4325568675994873,1.4325568675994873,0.006308736279606819,1.1256343126296997,0.02438351884484291,10.0,1.0,10.0
90.0,1.4336718320846558,1.4336718320846558,0.006089395843446255,1.1329914331436157,0.023978643119335175,10.0,1.0,10.0
91.0,1.423872947692871,1.423872947692871,0.005902181379497051,1.1292423009872437,0.02356087602674961,10.0,1.0,10.0
92.0,1.4026823043823242,1.4026823043823242,0.005769914947450161,1.1144345998764038,0.02305484376847744,10.0,1.0,10.0
93.0,1.372243881225586,1.372243881225586,0.005685039795935154,1.0904159545898438,0.02249774895608425,10.0,1.0,10.0
94.0,1.3355555534362793,1.3355555534362793,0.005590017884969711,1.0602463483810425,0.02194090560078621,10.0,1.0,10.0
95.0,1.2953715324401855,1.2953715324401855,0.005416910629719496,1.027427077293396,0.021377544850111008,10.0,1.0,10.0
96.0,1.2546650171279907,1.2546650171279907,0.005174626596271992,0.9950750470161438,0.020784370601177216,10.0,1.0,10.0
97.0,1.2160091400146484,1.2160091400146484,0.004942425526678562,0.9649103879928589,0.020167449489235878,10.0,1.0,10.0
98.0,1.180757999420166,1.180757999420166,0.004790862090885639,0.9371557235717773,0.01956937089562416,10.0,1.0,10.0
99.0,1.1494377851486206,1.1494377851486206,0.0047278450801968575,0.911591112613678,0.019056817516684532,10.0,1.0,10.0
100.0,1.1219791173934937,1.1219791173934937,0.004692920483648777,0.8882231116294861,0.018682681024074554,10.0,1.0,10.0
101.0,1.0979135036468506,1.0979135036468506,0.00462300144135952,0.867027759552002,0.018465571105480194,10.0,1.0,10.0
102.0,1.076843500137329,1.076843500137329,0.004532363265752792,0.8474900126457214,0.018402989953756332,10.0,1.0,10.0
103.0,1.0581883192062378,1.0581883192062378,0.004490072373300791,0.8285765647888184,0.01847109943628311,10.0,1.0,10.0
104.0,1.0410367250442505,1.0410367250442505,0.004533028230071068,0.8094706535339355,0.01862357370555401,10.0,1.0,10.0
105.0,1.024734616279602,1.024734616279602,0.0046270787715911865,0.7902901768684387,0.018817368894815445,10.0,1.0,10.0
106.0,1.0089685916900635,1.0089685916900635,0.004697485826909542,0.7716455459594727,0.019034815952181816,10.0,1.0,10.0
107.0,0.993502140045166,0.993502140045166,0.004698911681771278,0.7536993026733398,0.01928136870265007,10.0,1.0,10.0
108.0,0.9782130718231201,0.9782130718231201,0.00465638330206275,0.7360386848449707,0.019561056047677994,10.0,1.0,10.0
109.0,0.9630295038223267,0.9630295038223267,0.0046236407943069935,0.7183191180229187,0.01984739862382412,10.0,1.0,10.0
110.0,0.9479871988296509,0.9479871988296509,0.004620820749551058,0.7008213400840759,0.020095767453312874,10.0,1.0,10.0
111.0,0.9333816766738892,0.9333816766738892,0.004624959081411362,0.684274435043335,0.020285770297050476,10.0,1.0,10.0
112.0,0.9194830060005188,0.9194830060005188,0.004600690212100744,0.669185996055603,0.020429009571671486,10.0,1.0,10.0
113.0,0.9063547849655151,0.9063547849655151,0.004535601008683443,0.6556369662284851,0.020536180585622787,10.0,1.0,10.0
114.0,0.8940157890319824,0.8940157890319824,0.004447799175977707,0.6436468362808228,0.02058909274637699,10.0,1.0,10.0
115.0,0.882432758808136,0.882432758808136,0.004360266961157322,0.6333240270614624,0.02055061049759388,10.0,1.0,10.0
116.0,0.871496319770813,0.871496319770813,0.0042815422639250755,0.6245982050895691,0.02040826715528965,10.0,1.0,10.0
117.0,0.8610634207725525,0.8610634207725525,0.004208251368254423,0.617002010345459,0.02019789069890976,10.0,1.0,10.0
118.0,0.8509284853935242,0.8509284853935242,0.004133695736527443,0.6098763346672058,0.019971521571278572,10.0,1.0,10.0
119.0,0.8409315347671509,0.8409315347671509,0.0040580336935818195,0.6028423309326172,0.019750889390707016,10.0,1.0,10.0
120.0,0.8310343623161316,0.8310343623161316,0.003991188947111368,0.5959326028823853,0.019518990069627762,10.0,1.0,10.0
121.0,0.8212204575538635,0.8212204575538635,0.003943387418985367,0.5892669558525085,0.019251961261034012,10.0,1.0,10.0
122.0,0.811493992805481,0.811493992805481,0.003915814682841301,0.5828084945678711,0.018952732905745506,10.0,1.0,10.0
123.0,0.8019053339958191,0.8019053339958191,0.003897191723808646,0.5764493942260742,0.018648404628038406,10.0,1.0,10.0
124.0,0.7924992442131042,0.7924992442131042,0.0038712485693395138,0.5701707601547241,0.01836160011589527,10.0,1.0,10.0
125.0,0.7833178043365479,0.7833178043365479,0.0038333104457706213,0.5640369057655334,0.018094778060913086,10.0,1.0,10.0
126.0,0.7743878364562988,0.7743878364562988,0.0037948363460600376,0.5580466985702515,0.017839277163147926,10.0,1.0,10.0
127.0,0.7657079696655273,0.7657079696655273,0.003769039176404476,0.5520877838134766,0.01759297586977482,10.0,1.0,10.0
128.0,0.7572913765907288,0.7572913765907288,0.00375570310279727,0.5460669994354248,0.017366738989949226,10.0,1.0,10.0
129.0,0.7491475343704224,0.7491475343704224,0.0037412338424474,0.5399962067604065,0.017173901200294495,10.0,1.0,10.0
130.0,0.741257905960083,0.741257905960083,0.00371451280079782,0.5339323878288269,0.017018035054206848,10.0,1.0,10.0
131.0,0.7336055636405945,0.7336055636405945,0.003680058289319277,0.5278841257095337,0.0168920885771513,10.0,1.0,10.0
132.0,0.7261679172515869,0.7261679172515869,0.0036513772793114185,0.5217953324317932,0.0167858824133873,10.0,1.0,10.0
133.0,0.7189017534255981,0.7189017534255981,0.00363411707803607,0.5156163573265076,0.01669442094862461,10.0,1.0,10.0
134.0,0.7117555141448975,0.7117555141448975,0.003619635244831443,0.5093552470207214,0.016620393842458725,10.0,1.0,10.0
135.0,0.7046710848808289,0.7046710848808289,0.003595188492909074,0.5030307769775391,0.01656883955001831,10.0,1.0,10.0
136.0,0.6976079940795898,0.6976079940795898,0.0035591418854892254,0.49661150574684143,0.01654050685465336,10.0,1.0,10.0
137.0,0.6905534267425537,0.6905534267425537,0.0035230915527790785,0.4900211989879608,0.016530130058526993,10.0,1.0,10.0
138.0,0.6835039854049683,0.6835039854049683,0.0034989560954272747,0.48320767283439636,0.016530677676200867,10.0,1.0,10.0
139.0,0.6764775514602661,0.6764775514602661,0.003487291047349572,0.4762127101421356,0.016539191827178,10.0,1.0,10.0
140.0,0.6695165038108826,0.6695165038108826,0.0034782984293997288,0.4691641926765442,0.016556929796934128,10.0,1.0,10.0
141.0,0.6626686453819275,0.6626686453819275,0.003462910419330001,0.46220120787620544,0.01658383198082447,10.0,1.0,10.0
142.0,0.6559733748435974,0.6559733748435974,0.003441328415647149,0.4554169774055481,0.016614310443401337,10.0,1.0,10.0
143.0,0.649451494216919,0.649451494216919,0.0034201391972601414,0.44885528087615967,0.016639485955238342,10.0,1.0,10.0
144.0,0.6431060433387756,0.6431060433387756,0.0034031339455395937,0.44253700971603394,0.016653770580887794,10.0,1.0,10.0
145.0,0.6369292140007019,0.6369292140007019,0.0033872222993522882,0.43647199869155884,0.016658497974276543,10.0,1.0,10.0
146.0,0.630895733833313,0.630895733833313,0.0033670333214104176,0.43064433336257935,0.016658108681440353,10.0,1.0,10.0
147.0,0.6249694228172302,0.6249694228172302,0.003341864561662078,0.4250127077102661,0.01665380783379078,10.0,1.0,10.0
148.0,0.6191189885139465,0.6191189885139465,0.003316648071631789,0.41953545808792114,0.016641704365611076,10.0,1.0,10.0
149.0,0.6133208274841309,0.6133208274841309,0.003295991802588105,0.4141924977302551,0.01661684550344944,10.0,1.0,10.0
150.0,0.6075618267059326,0.6075618267059326,0.0032790913246572018,0.4089871942996979,0.016578372567892075,10.0,1.0,10.0
151.0,0.6018375158309937,0.6018375158309937,0.003261004341766238,0.4039303958415985,0.016529707238078117,10.0,1.0,10.0
152.0,0.5961514711380005,0.5961514711380005,0.0032385021913796663,0.39902520179748535,0.016474124044179916,10.0,1.0,10.0
153.0,0.59051513671875,0.59051513671875,0.003213822841644287,0.39426055550575256,0.016411636024713516,10.0,1.0,10.0
154.0,0.5849409103393555,0.5849409103393555,0.00319221755489707,0.3896123170852661,0.01634064130485058,10.0,1.0,10.0
155.0,0.5794373750686646,0.5794373750686646,0.003176565980538726,0.38505110144615173,0.016262058168649673,10.0,1.0,10.0
156.0,0.5740103721618652,0.5740103721618652,0.003165110247209668,0.38055431842803955,0.01618049666285515,10.0,1.0,10.0
157.0,0.5686615705490112,0.5686615705490112,0.0031542149372398853,0.3761109709739685,0.016100846230983734,10.0,1.0,10.0
158.0,0.5633886456489563,0.5633886456489563,0.003142594825476408,0.3717173635959625,0.016024531796574593,10.0,1.0,10.0
159.0,0.558186411857605,0.558186411857605,0.0031321034766733646,0.36736929416656494,0.015949606895446777,10.0,1.0,10.0
160.0,0.5530484914779663,0.5530484914779663,0.003124517621472478,0.3630601465702057,0.015874318778514862,10.0,1.0,10.0
161.0,0.5479699373245239,0.5479699373245239,0.0031187061686068773,0.3587856888771057,0.01579972170293331,10.0,1.0,10.0
162.0,0.5429470539093018,0.5429470539093018,0.0031115617603063583,0.35454463958740234,0.015728676691651344,10.0,1.0,10.0
163.0,0.5379770994186401,0.5379770994186401,0.003101490205153823,0.3503325283527374,0.015662964433431625,10.0,1.0,10.0
164.0,0.53305983543396,0.53305983543396,0.003090040758252144,0.3461381793022156,0.01560212392359972,10.0,1.0,10.0
165.0,0.5281956195831299,0.5281956195831299,0.0030796576756983995,0.3419516980648041,0.015544730238616467,10.0,1.0,10.0
166.0,0.5233840942382812,0.5233840942382812,0.003070458536967635,0.3377750813961029,0.015490444377064705,10.0,1.0,10.0
167.0,0.5186250805854797,0.5186250805854797,0.003060069400817156,0.33362436294555664,0.015440002083778381,10.0,1.0,10.0
168.0,0.5139174461364746,0.5139174461364746,0.003046444384381175,0.329516738653183,0.01539362408220768,10.0,1.0,10.0
169.0,0.5092595815658569,0.5092595815658569,0.003030219580978155,0.3254584074020386,0.015349894762039185,10.0,1.0,10.0
170.0,0.5046496987342834,0.5046496987342834,0.0030137626454234123,0.32144540548324585,0.015306665562093258,10.0,1.0,10.0
171.0,0.50008624792099,0.50008624792099,0.00299841514788568,0.3174741268157959,0.015262799337506294,10.0,1.0,10.0
172.0,0.4955684542655945,0.4955684542655945,0.002983314683660865,0.31354665756225586,0.015218864195048809,10.0,1.0,10.0
173.0,0.4910960793495178,0.4910960793495178,0.0029669692739844322,0.3096665143966675,0.015175987035036087,10.0,1.0,10.0
174.0,0.4866694211959839,0.4866694211959839,0.0029494070913642645,0.30583328008651733,0.015134206041693687,10.0,1.0,10.0
175.0,0.48228907585144043,0.48228907585144043,0.002932198578491807,0.30204376578330994,0.015092330984771252,10.0,1.0,10.0
176.0,0.47795549035072327,0.47795549035072327,0.0029165404848754406,0.2982981204986572,0.015049195848405361,10.0,1.0,10.0
177.0,0.4736691415309906,0.4736691415309906,0.0029019482899457216,0.29460233449935913,0.015004732646048069,10.0,1.0,10.0
178.0,0.4694293439388275,0.4694293439388275,0.0028870452661067247,0.2909623086452484,0.014959657564759254,10.0,1.0,10.0
179.0,0.46523529291152954,0.46523529291152954,0.002871369943022728,0.28737765550613403,0.014914394356310368,10.0,1.0,10.0
180.0,0.46108609437942505,0.46108609437942505,0.002855859464034438,0.28384119272232056,0.014868632890284061,10.0,1.0,10.0
181.0,0.4569806456565857,0.4569806456565857,0.0028416290879249573,0.28034406900405884,0.014822031371295452,10.0,1.0,10.0
182.0,0.4529176354408264,0.4529176354408264,0.002828618511557579,0.27688202261924744,0.014774941839277744,10.0,1.0,10.0
183.0,0.44889625906944275,0.44889625906944275,0.002815800253301859,0.27345624566078186,0.014728200621902943,10.0,1.0,10.0
184.0,0.4449157118797302,0.4449157118797302,0.0028025382198393345,0.27006882429122925,0.014682148583233356,10.0,1.0,10.0
185.0,0.44097572565078735,0.44097572565078735,0.002789283636957407,0.266719788312912,0.014636310748755932,10.0,1.0,10.0
186.0,0.4370761513710022,0.4370761513710022,0.0027768854051828384,0.2634078860282898,0.014589940197765827,10.0,1.0,10.0
187.0,0.43321675062179565,0.43321675062179565,0.002765392418950796,0.2601335644721985,0.014542924240231514,10.0,1.0,10.0
188.0,0.42939791083335876,0.42939791083335876,0.0027540242299437523,0.25689882040023804,0.014495884999632835,10.0,1.0,10.0
189.0,0.42561978101730347,0.42561978101730347,0.002742159180343151,0.25370413064956665,0.014449406415224075,10.0,1.0,10.0
190.0,0.4218822121620178,0.4218822121620178,0.0027300878427922726,0.25054648518562317,0.01440348569303751,10.0,1.0,10.0
191.0,0.41818541288375854,0.41818541288375854,0.002718579489737749,0.24742253124713898,0.014357710257172585,10.0,1.0,10.0
192.0,0.41452932357788086,0.41452932357788086,0.0027078797575086355,0.24433155357837677,0.014311899431049824,10.0,1.0,10.0
193.0,0.41091376543045044,0.41091376543045044,0.0026974163483828306,0.24127677083015442,0.014266280457377434,10.0,1.0,10.0
194.0,0.407338410615921,0.407338410615921,0.0026865298859775066,0.23826159536838531,0.01422115322202444,10.0,1.0,10.0
195.0,0.4038030505180359,0.4038030505180359,0.0026752017438411713,0.235286146402359,0.014176487922668457,10.0,1.0,10.0
196.0,0.400307297706604,0.400307297706604,0.0026639439165592194,0.23234735429286957,0.01413204800337553,10.0,1.0,10.0
197.0,0.3968508839607239,0.3968508839607239,0.002653037663549185,0.2294422686100006,0.014087822288274765,10.0,1.0,10.0
198.0,0.3934336304664612,0.3934336304664612,0.002642214298248291,0.22656993567943573,0.01404415164142847,10.0,1.0,10.0
199.0,0.3900555670261383,0.3900555670261383,0.0026310596149414778,0.2237309068441391,0.014001404866576195,10.0,1.0,10.0
200.0,0.3867165744304657,0.3867165744304657,0.0026195866521447897,0.22092489898204803,0.013959580101072788,10.0,1.0,10.0
201.0,0.3834165632724762,0.3834165632724762,0.002608208917081356,0.2181510329246521,0.013918344862759113,10.0,1.0,10.0
202.0,0.38015568256378174,0.38015568256378174,0.0025971406139433384,0.21540933847427368,0.013877492398023605,10.0,1.0,10.0
203.0,0.376933753490448,0.376933753490448,0.00258613214828074,0.21270138025283813,0.013837105594575405,10.0,1.0,10.0
204.0,0.3737509250640869,0.3737509250640869,0.0025748321786522865,0.2100284993648529,0.013797408901154995,10.0,1.0,10.0
205.0,0.37060707807540894,0.37060707807540894,0.002563273534178734,0.20739002525806427,0.013758429326117039,10.0,1.0,10.0
206.0,0.36750221252441406,0.36750221252441406,0.0025518753100186586,0.20478367805480957,0.013719979673624039,10.0,1.0,10.0
207.0,0.3644362688064575,0.3644362688064575,0.0025409413501620293,0.2022080421447754,0.013681881129741669,10.0,1.0,10.0
208.0,0.36140894889831543,0.36140894889831543,0.002530357800424099,0.19966408610343933,0.013644128106534481,10.0,1.0,10.0
209.0,0.35842055082321167,0.35842055082321167,0.002519819187000394,0.1971541792154312,0.013606816530227661,10.0,1.0,10.0
210.0,0.35547077655792236,0.35547077655792236,0.0025092274881899357,0.19467990100383759,0.013569861650466919,10.0,1.0,10.0
211.0,0.3525597155094147,0.3525597155094147,0.0024988027289509773,0.19224150478839874,0.01353301852941513,10.0,1.0,10.0
212.0,0.34968721866607666,0.34968721866607666,0.002488747239112854,0.18983875215053558,0.013496099039912224,10.0,1.0,10.0
213.0,0.34685325622558594,0.34685325622558594,0.002478986047208309,0.18747206032276154,0.013459134846925735,10.0,1.0,10.0
214.0,0.3440577983856201,0.3440577983856201,0.002469297032803297,0.18514230847358704,0.013422253541648388,10.0,1.0,10.0
215.0,0.3413007855415344,0.3413007855415344,0.0024596431758254766,0.1828497350215912,0.013385461643338203,10.0,1.0,10.0
216.0,0.3385820984840393,0.3385820984840393,0.0024501755833625793,0.18059396743774414,0.013348638080060482,10.0,1.0,10.0
217.0,0.33590149879455566,0.33590149879455566,0.0024409890174865723,0.17837494611740112,0.013311665505170822,10.0,1.0,10.0
218.0,0.3332589268684387,0.3332589268684387,0.0024319663643836975,0.17619332671165466,0.013274593278765678,10.0,1.0,10.0
219.0,0.33065420389175415,0.33065420389175415,0.002422908553853631,0.17404963076114655,0.013237548060715199,10.0,1.0,10.0
220.0,0.32808709144592285,0.32808709144592285,0.002413777867332101,0.17194318771362305,0.013200612738728523,10.0,1.0,10.0
221.0,0.32555752992630005,0.32555752992630005,0.0024047275073826313,0.16987237334251404,0.013163788244128227,10.0,1.0,10.0
222.0,0.3230653405189514,0.3230653405189514,0.0023958971723914146,0.16783536970615387,0.013127099722623825,10.0,1.0,10.0
223.0,0.3206102252006531,0.3206102252006531,0.0023872291203588247,0.16583134233951569,0.01309065893292427,10.0,1.0,10.0
224.0,0.31819212436676025,0.31819212436676025,0.0023785752709954977,0.16386009752750397,0.013054627925157547,10.0,1.0,10.0
225.0,0.3158106803894043,0.3158106803894043,0.0023698860313743353,0.1619211733341217,0.01301906444132328,10.0,1.0,10.0
226.0,0.3134657144546509,0.3134657144546509,0.002361270133405924,0.16001372039318085,0.01298393215984106,10.0,1.0,10.0
227.0,0.3111569285392761,0.3111569285392761,0.0023528258316218853,0.15813660621643066,0.012949206866323948,10.0,1.0,10.0
228.0,0.3088840842247009,0.3088840842247009,0.002344522625207901,0.15628951787948608,0.012914936058223248,10.0,1.0,10.0
229.0,0.30664682388305664,0.30664682388305664,0.002336259000003338,0.15447214245796204,0.012881208211183548,10.0,1.0,10.0
230.0,0.3044447898864746,0.3044447898864746,0.0023280202876776457,0.15268409252166748,0.012848050333559513,10.0,1.0,10.0
231.0,0.30227774381637573,0.30227774381637573,0.002319885650649667,0.15092486143112183,0.012815400958061218,10.0,1.0,10.0
232.0,0.3001452684402466,0.3001452684402466,0.0023119228426367044,0.14919419586658478,0.01278318278491497,10.0,1.0,10.0
233.0,0.2980470359325409,0.2980470359325409,0.0023040773812681437,0.1474924385547638,0.012751382775604725,10.0,1.0,10.0
234.0,0.2959827780723572,0.2959827780723572,0.002296255435794592,0.14582011103630066,0.012720010243356228,10.0,1.0,10.0
235.0,0.2939521074295044,0.2939521074295044,0.0022884493228048086,0.14417725801467896,0.012689037248492241,10.0,1.0,10.0
236.0,0.29195451736450195,0.29195451736450195,0.0022807407658547163,0.14256322383880615,0.01265839021652937,10.0,1.0,10.0
237.0,0.28998976945877075,0.28998976945877075,0.002273192163556814,0.14097747206687927,0.012628038413822651,10.0,1.0,10.0
238.0,0.2880573868751526,0.2880573868751526,0.002265762537717819,0.13941983878612518,0.012597992084920406,10.0,1.0,10.0
239.0,0.2861568033695221,0.2861568033695221,0.002258378081023693,0.1378902941942215,0.012568272650241852,10.0,1.0,10.0
240.0,0.28428786993026733,0.28428786993026733,0.0022510571870952845,0.1363886594772339,0.01253886241465807,10.0,1.0,10.0
241.0,0.2824499011039734,0.2824499011039734,0.002243857132270932,0.1349143087863922,0.01250970084220171,10.0,1.0,10.0
242.0,0.2806425094604492,0.2806425094604492,0.002236825879663229,0.1334667205810547,0.012480754405260086,10.0,1.0,10.0
243.0,0.2788652777671814,0.2788652777671814,0.0022299219854176044,0.13204549252986908,0.012452058494091034,10.0,1.0,10.0
244.0,0.27711784839630127,0.27711784839630127,0.0022231009788811207,0.13065022230148315,0.012423659674823284,10.0,1.0,10.0
245.0,0.2753995656967163,0.2753995656967163,0.0022163833491504192,0.1292802095413208,0.012395551428198814,10.0,1.0,10.0
246.0,0.2737100124359131,0.2737100124359131,0.0022098147310316563,0.12793463468551636,0.01236772071570158,10.0,1.0,10.0
247.0,0.2720486521720886,0.2720486521720886,0.0022034139838069677,0.12661296129226685,0.012340156361460686,10.0,1.0,10.0
248.0,0.27041518688201904,0.27041518688201904,0.0021971408277750015,0.1253148764371872,0.012312890961766243,10.0,1.0,10.0
249.0,0.2688089907169342,0.2688089907169342,0.002190945902839303,0.12404000759124756,0.012285951524972916,10.0,1.0,10.0
250.0,0.26722949743270874,0.26722949743270874,0.0021848496980965137,0.12278775125741959,0.012259325012564659,10.0,1.0,10.0
251.0,0.2656763195991516,0.2656763195991516,0.002178883645683527,0.12155737727880478,0.012233011424541473,10.0,1.0,10.0
252.0,0.2641489803791046,0.2641489803791046,0.0021730540320277214,0.12034827470779419,0.012207016348838806,10.0,1.0,10.0
253.0,0.2626469135284424,0.2626469135284424,0.0021673112642019987,0.11916009336709976,0.012181371450424194,10.0,1.0,10.0
254.0,0.2611696720123291,0.2611696720123291,0.0021616353187710047,0.11799243837594986,0.012156087905168533,10.0,1.0,10.0
255.0,0.2597167193889618,0.2597167193889618,0.002156041096895933,0.11684484034776688,0.01213114708662033,10.0,1.0,10.0
256.0,0.25828757882118225,0.25828757882118225,0.0021505674812942743,0.11571669578552246,0.012106521055102348,10.0,1.0,10.0
257.0,0.2568817734718323,0.2568817734718323,0.0021451967768371105,0.11460763216018677,0.012082219123840332,10.0,1.0,10.0
258.0,0.25549885630607605,0.25549885630607605,0.0021398926619440317,0.1135173887014389,0.012058253400027752,10.0,1.0,10.0
259.0,0.25413820147514343,0.25413820147514343,0.002134643029421568,0.11244546622037888,0.01203463040292263,10.0,1.0,10.0
260.0,0.25279945135116577,0.25279945135116577,0.0021294758189469576,0.11139131337404251,0.012011338956654072,10.0,1.0,10.0
261.0,0.2514820396900177,0.2514820396900177,0.00212443177588284,0.11035428196191788,0.011988344602286816,10.0,1.0,10.0
262.0,0.25018560886383057,0.25018560886383057,0.0021194873843342066,0.10933410376310349,0.01196566503494978,10.0,1.0,10.0
263.0,0.2489095777273178,0.2489095777273178,0.002114602830260992,0.10833057761192322,0.01194329746067524,10.0,1.0,10.0
264.0,0.2476535141468048,0.2476535141468048,0.0021097781136631966,0.10734323412179947,0.011921250261366367,10.0,1.0,10.0
265.0,0.24641700088977814,0.24641700088977814,0.002105052350088954,0.10637153685092926,0.011899493634700775,10.0,1.0,10.0
266.0,0.24519947171211243,0.24519947171211243,0.0021004369482398033,0.1054149717092514,0.011878013610839844,10.0,1.0,10.0
267.0,0.2440006136894226,0.2440006136894226,0.0020959079265594482,0.10447326302528381,0.01185682788491249,10.0,1.0,10.0
268.0,0.2428198754787445,0.2428198754787445,0.002091439673677087,0.10354608297348022,0.011835940182209015,10.0,1.0,10.0
269.0,0.24165692925453186,0.24165692925453186,0.00208704499527812,0.10263312608003616,0.011815334670245647,10.0,1.0,10.0
270.0,0.24051129817962646,0.24051129817962646,0.0020827536936849356,0.10173387825489044,0.011794988065958023,10.0,1.0,10.0
271.0,0.2393825203180313,0.2393825203180313,0.002078558085486293,0.10084810107946396,0.011774884536862373,10.0,1.0,10.0
272.0,0.23827019333839417,0.23827019333839417,0.002074438612908125,0.09997545182704926,0.011755036190152168,10.0,1.0,10.0
273.0,0.23717400431632996,0.23717400431632996,0.0020703752525150776,0.0991157740354538,0.011735448613762856,10.0,1.0,10.0
274.0,0.2360934615135193,0.2360934615135193,0.002066388726234436,0.09826851636171341,0.011716106906533241,10.0,1.0,10.0
275.0,0.23502826690673828,0.23502826690673828,0.0020625016186386347,0.09743337333202362,0.01169698778539896,10.0,1.0,10.0
276.0,0.23397795855998993,0.23397795855998993,0.002058695536106825,0.09660997986793518,0.011678102426230907,10.0,1.0,10.0
277.0,0.2329421490430832,0.2329421490430832,0.002054958138614893,0.09579809010028839,0.01165944803506136,10.0,1.0,10.0
278.0,0.23192059993743896,0.23192059993743896,0.002051273360848427,0.09499750286340714,0.011641035787761211,10.0,1.0,10.0
279.0,0.23091284930706024,0.23091284930706024,0.0020476593635976315,0.09420771896839142,0.011622853577136993,10.0,1.0,10.0
280.0,0.22991861402988434,0.22991861402988434,0.002044125460088253,0.09342844039201736,0.01160489208996296,10.0,1.0,10.0
281.0,0.22893750667572021,0.22893750667572021,0.0020406690891832113,0.09265927225351334,0.011587153188884258,10.0,1.0,10.0
282.0,0.22796925902366638,0.22796925902366638,0.0020372665021568537,0.09190017729997635,0.011569640599191189,10.0,1.0,10.0
283.0,0.22701343894004822,0.22701343894004822,0.0020339088514447212,0.09115073084831238,0.011552362702786922,10.0,1.0,10.0
284.0,0.2260698676109314,0.2260698676109314,0.0020306145306676626,0.09041070193052292,0.011535301804542542,10.0,1.0,10.0
285.0,0.22513817250728607,0.22513817250728607,0.002027394250035286,0.08967974781990051,0.0115184485912323,10.0,1.0,10.0
286.0,0.22421810030937195,0.22421810030937195,0.0020242261234670877,0.0889577642083168,0.011501806788146496,10.0,1.0,10.0
287.0,0.22330936789512634,0.22330936789512634,0.002021100139245391,0.08824460208415985,0.011485375463962555,10.0,1.0,10.0
288.0,0.2224116176366806,0.2224116176366806,0.0020180230494588614,0.08753996342420578,0.011469142511487007,10.0,1.0,10.0
289.0,0.2215246856212616,0.2215246856212616,0.0020150067284703255,0.0868435800075531,0.01145310327410698,10.0,1.0,10.0
290.0,0.22064827382564545,0.22064827382564545,0.0020120416302233934,0.08615537732839584,0.01143724750727415,10.0,1.0,10.0
291.0,0.21978209912776947,0.21978209912776947,0.0020091217011213303,0.08547510951757431,0.011421578004956245,10.0,1.0,10.0
292.0,0.21892601251602173,0.21892601251602173,0.0020062446128576994,0.08480266481637955,0.01140609011054039,10.0,1.0,10.0
293.0,0.21807971596717834,0.21807971596717834,0.002003418281674385,0.08413789421319962,0.011390763334929943,10.0,1.0,10.0
294.0,0.21724289655685425,0.21724289655685425,0.002000638283789158,0.08348053693771362,0.01137559860944748,10.0,1.0,10.0
295.0,0.21641558408737183,0.21641558408737183,0.001997907878831029,0.08283056318759918,0.01136059407144785,10.0,1.0,10.0
296.0,0.21559730172157288,0.21559730172157288,0.001995210302993655,0.08218776434659958,0.01134574320167303,10.0,1.0,10.0
297.0,0.21478798985481262,0.21478798985481262,0.0019925576634705067,0.08155198395252228,0.0113310432061553,10.0,1.0,10.0
298.0,0.2139873206615448,0.2139873206615448,0.001989946933463216,0.08092312514781952,0.011316472664475441,10.0,1.0,10.0
299.0,0.21319526433944702,0.21319526433944702,0.0019873767159879208,0.08030102401971817,0.011302048340439796,10.0,1.0,10.0
300.0,0.2124115526676178,0.2124115526676178,0.0019848444499075413,0.07968560606241226,0.0112877506762743,10.0,1.0,10.0
301.0,0.21163606643676758,0.21163606643676758,0.001982345711439848,0.07907674461603165,0.011273587122559547,10.0,1.0,10.0
302.0,0.21086853742599487,0.21086853742599487,0.0019798800349235535,0.07847429066896439,0.011259544640779495,10.0,1.0,10.0
303.0,0.2101089358329773,0.2101089358329773,0.0019774502143263817,0.07787816226482391,0.011245626956224442,10.0,1.0,10.0
304.0,0.20935694873332977,0.20935694873332977,0.0019750497303903103,0.07728824019432068,0.011231821030378342,10.0,1.0,10.0
305.0,0.20861253142356873,0.20861253142356873,0.00197267672047019,0.07670443505048752,0.011218133382499218,10.0,1.0,10.0
306.0,0.20787543058395386,0.20787543058395386,0.001970334444195032,0.0761265978217125,0.011204550042748451,10.0,1.0,10.0
307.0,0.20714563131332397,0.20714563131332397,0.001968016615137458,0.07555476576089859,0.011191070079803467,10.0,1.0,10.0
308.0,0.2064228653907776,0.2064228653907776,0.001965723466128111,0.07498873025178909,0.01117769069969654,10.0,1.0,10.0
309.0,0.20570716261863708,0.20570716261863708,0.001963456626981497,0.07442846894264221,0.011164413765072823,10.0,1.0,10.0
310.0,0.2049981951713562,0.2049981951713562,0.0019612109754234552,0.07387381047010422,0.011151228100061417,10.0,1.0,10.0
311.0,0.20429599285125732,0.20429599285125732,0.0019589911680668592,0.07332482188940048,0.011138126254081726,10.0,1.0,10.0
312.0,0.20360039174556732,0.20360039174556732,0.0019567899871617556,0.07278134673833847,0.011125114746391773,10.0,1.0,10.0
313.0,0.20291118323802948,0.20291118323802948,0.0019546085968613625,0.07224328070878983,0.011112181469798088,10.0,1.0,10.0
314.0,0.20222842693328857,0.20222842693328857,0.0019524454837664962,0.07171065360307693,0.011099332012236118,10.0,1.0,10.0
315.0,0.2015518695116043,0.2015518695116043,0.0019503077492117882,0.07118331640958786,0.011086547747254372,10.0,1.0,10.0
316.0,0.2008814811706543,0.2008814811706543,0.001948182238265872,0.07066123932600021,0.011073842644691467,10.0,1.0,10.0
317.0,0.2002171277999878,0.2002171277999878,0.0019460702314972878,0.07014442980289459,0.011061199940741062,10.0,1.0,10.0
318.0,0.19955873489379883,0.19955873489379883,0.0019439752213656902,0.06963275372982025,0.01104862242937088,10.0,1.0,10.0
319.0,0.19890616834163666,0.19890616834163666,0.001941898837685585,0.0691261813044548,0.0110360998660326,10.0,1.0,10.0
320.0,0.1982593834400177,0.1982593834400177,0.001939838519319892,0.06862469762563705,0.0110236294567585,10.0,1.0,10.0
321.0,0.19761820137500763,0.19761820137500763,0.001937782159075141,0.06812822073698044,0.01101121585816145,10.0,1.0,10.0
322.0,0.19698268175125122,0.19698268175125122,0.00193573790602386,0.06763676553964615,0.010998853482306004,10.0,1.0,10.0
323.0,0.19635260105133057,0.19635260105133057,0.0019337079720571637,0.06715017557144165,0.01098653394728899,10.0,1.0,10.0
324.0,0.19572794437408447,0.19572794437408447,0.0019316955003887415,0.06666845828294754,0.010974252596497536,10.0,1.0,10.0
325.0,0.19510863721370697,0.19510863721370697,0.0019296819809824228,0.0661916509270668,0.010962016880512238,10.0,1.0,10.0
326.0,0.19449454545974731,0.19449454545974731,0.001927679288201034,0.06571963429450989,0.010949812829494476,10.0,1.0,10.0
327.0,0.19388563930988312,0.19388563930988312,0.001925683580338955,0.0652524083852768,0.010937639512121677,10.0,1.0,10.0
328.0,0.1932818442583084,0.1932818442583084,0.0019237009109929204,0.06478988379240036,0.010925495065748692,10.0,1.0,10.0
329.0,0.19268304109573364,0.19268304109573364,0.0019217274384573102,0.0643320381641388,0.010913373902440071,10.0,1.0,10.0
330.0,0.1920892596244812,0.1920892596244812,0.0019197545479983091,0.06387882679700851,0.01090128906071186,10.0,1.0,10.0
331.0,0.19150039553642273,0.19150039553642273,0.001917786430567503,0.0634303167462349,0.010889221914112568,10.0,1.0,10.0
332.0,0.1909162700176239,0.1909162700176239,0.0019158298382535577,0.06298626959323883,0.010877170599997044,10.0,1.0,10.0
333.0,0.19033697247505188,0.19033697247505188,0.0019138772040605545,0.0625467598438263,0.01086514350026846,10.0,1.0,10.0
334.0,0.18976232409477234,0.18976232409477234,0.001911930157802999,0.062111761420965195,0.010853124782443047,10.0,1.0,10.0
335.0,0.18919232487678528,0.18919232487678528,0.0019099784549325705,0.061681222170591354,0.010841131210327148,10.0,1.0,10.0
336.0,0.18862682580947876,0.18862682580947876,0.001908028731122613,0.061255138367414474,0.010829140432178974,10.0,1.0,10.0
337.0,0.18806591629981995,0.18806591629981995,0.0019060899503529072,0.06083337962627411,0.010817163623869419,10.0,1.0,10.0
338.0,0.18750938773155212,0.18750938773155212,0.0019041555933654308,0.060415953397750854,0.010805188678205013,10.0,1.0,10.0
339.0,0.18695731461048126,0.18695731461048126,0.0019022147171199322,0.060002896934747696,0.010793226771056652,10.0,1.0,10.0
340.0,0.18640953302383423,0.18640953302383423,0.0019002717453986406,0.059594087302684784,0.010781272314488888,10.0,1.0,10.0
341.0,0.18586595356464386,0.18586595356464386,0.0018983285408467054,0.05918955057859421,0.010769312269985676,10.0,1.0,10.0
342.0,0.1853267103433609,0.1853267103433609,0.0018963972106575966,0.05878914147615433,0.01075735967606306,10.0,1.0,10.0
343.0,0.18479159474372864,0.18479159474372864,0.0018944606417790055,0.058392953127622604,0.010745402425527573,10.0,1.0,10.0
344.0,0.1842605024576187,0.1842605024576187,0.0018925238400697708,0.058000870048999786,0.010733438655734062,10.0,1.0,10.0
345.0,0.18373356759548187,0.18373356759548187,0.001890579704195261,0.05761295557022095,0.010721481405198574,10.0,1.0,10.0
346.0,0.1832105964422226,0.1832105964422226,0.0018886430189013481,0.057229042053222656,0.010709512047469616,10.0,1.0,10.0
347.0,0.1826915144920349,0.1826915144920349,0.0018867047037929296,0.05684911087155342,0.010697535239160061,10.0,1.0,10.0
348.0,0.18217642605304718,0.18217642605304718,0.0018847602186724544,0.05647324025630951,0.010685558430850506,10.0,1.0,10.0
349.0,0.1816650927066803,0.1816650927066803,0.0018828141037374735,0.056101277470588684,0.010673568584024906,10.0,1.0,10.0
350.0,0.181157648563385,0.181157648563385,0.001880870433524251,0.05573322996497154,0.010661570355296135,10.0,1.0,10.0
351.0,0.18065384030342102,0.18065384030342102,0.00187892303802073,0.0553690642118454,0.010649554431438446,10.0,1.0,10.0
352.0,0.1801537424325943,0.1801537424325943,0.001876965630799532,0.055008795112371445,0.010637529194355011,10.0,1.0,10.0
353.0,0.17965731024742126,0.17965731024742126,0.0018750131130218506,0.054652273654937744,0.010625490918755531,10.0,1.0,10.0
354.0,0.17916449904441833,0.17916449904441833,0.0018730558222159743,0.05429953709244728,0.010613439604640007,10.0,1.0,10.0
355.0,0.17867514491081238,0.17867514491081238,0.0018710948061197996,0.05395054072141647,0.010601365938782692,10.0,1.0,10.0
356.0,0.17818932235240936,0.17818932235240936,0.001869128318503499,0.05360523238778114,0.010589281097054482,10.0,1.0,10.0
357.0,0.17770695686340332,0.17770695686340332,0.0018671582220122218,0.0532635822892189,0.010577178560197353,10.0,1.0,10.0
358.0,0.17722800374031067,0.17722800374031067,0.0018651847494766116,0.05292559042572975,0.010565055534243584,10.0,1.0,10.0
359.0,0.17675232887268066,0.17675232887268066,0.001863204874098301,0.052591122686862946,0.010552915744483471,10.0,1.0,10.0
360.0,0.17628003656864166,0.17628003656864166,0.0018612206913530827,0.05226026475429535,0.010540756396949291,10.0,1.0,10.0
361.0,0.17581093311309814,0.17581093311309814,0.0018592303385958076,0.05193290114402771,0.010528571903705597,10.0,1.0,10.0
362.0,0.1753450632095337,0.1753450632095337,0.0018572377739474177,0.05160900577902794,0.010516367852687836,10.0,1.0,10.0
363.0,0.17488233745098114,0.17488233745098114,0.0018552399706095457,0.05128854140639305,0.010504139587283134,10.0,1.0,10.0
364.0,0.1744227409362793,0.1744227409362793,0.0018532361136749387,0.050971489399671555,0.010491889901459217,10.0,1.0,10.0
365.0,0.1739661991596222,0.1739661991596222,0.0018512201495468616,0.050657812505960464,0.010479617863893509,10.0,1.0,10.0
366.0,0.1735127568244934,0.1735127568244934,0.0018492055824026465,0.05034749209880829,0.010467320680618286,10.0,1.0,10.0
367.0,0.17306219041347504,0.17306219041347504,0.001847181934863329,0.050040408968925476,0.010454995557665825,10.0,1.0,10.0
368.0,0.17261457443237305,0.17261457443237305,0.0018451494397595525,0.04973658546805382,0.010442649945616722,10.0,1.0,10.0
369.0,0.17216989398002625,0.17216989398002625,0.0018431121716275811,0.049436021596193314,0.010430274531245232,10.0,1.0,10.0
370.0,0.17172807455062866,0.17172807455062866,0.0018410698976367712,0.04913861304521561,0.010417875833809376,10.0,1.0,10.0
371.0,0.17128902673721313,0.17128902673721313,0.0018390195909887552,0.04884437844157219,0.010405444540083408,10.0,1.0,10.0
372.0,0.17085270583629608,0.17085270583629608,0.0018369595054537058,0.04855325073003769,0.010392986238002777,10.0,1.0,10.0
373.0,0.17041915655136108,0.17041915655136108,0.0018348908051848412,0.04826517030596733,0.010380508378148079,10.0,1.0,10.0
374.0,0.16998827457427979,0.16998827457427979,0.0018328212900087237,0.047980137169361115,0.010367993265390396,10.0,1.0,10.0
375.0,0.16955998539924622,0.16955998539924622,0.0018307407153770328,0.047698117792606354,0.010355446487665176,10.0,1.0,10.0
376.0,0.16913437843322754,0.16913437843322754,0.001828651176765561,0.047419071197509766,0.010342879220843315,10.0,1.0,10.0
377.0,0.16871121525764465,0.16871121525764465,0.001826549880206585,0.047142963856458664,0.01033027470111847,10.0,1.0,10.0
378.0,0.1682906448841095,0.1682906448841095,0.0018244460225105286,0.04686975106596947,0.010317642241716385,10.0,1.0,10.0
379.0,0.16787251830101013,0.16787251830101013,0.0018223361112177372,0.046599388122558594,0.010304976254701614,10.0,1.0,10.0
380.0,0.16745680570602417,0.16745680570602417,0.0018202174687758088,0.046331826597452164,0.01029228139668703,10.0,1.0,10.0
381.0,0.16704344749450684,0.16704344749450684,0.0018180817132815719,0.046067092567682266,0.01027955487370491,10.0,1.0,10.0
382.0,0.16663256287574768,0.16663256287574768,0.0018159386236220598,0.04580514878034592,0.0102668022736907,10.0,1.0,10.0
383.0,0.16622385382652283,0.16622385382652283,0.0018137956503778696,0.045545876026153564,0.01025400310754776,10.0,1.0,10.0
384.0,0.1658175140619278,0.1658175140619278,0.0018116447608917952,0.04528926685452461,0.01024117972701788,10.0,1.0,10.0
385.0,0.16541337966918945,0.16541337966918945,0.0018094766419380903,0.045035362243652344,0.010228324681520462,10.0,1.0,10.0
386.0,0.16501149535179138,0.16501149535179138,0.00180729478597641,0.04478411003947258,0.01021544262766838,10.0,1.0,10.0
387.0,0.16461169719696045,0.16461169719696045,0.001805116655305028,0.04453534632921219,0.010202517732977867,10.0,1.0,10.0
388.0,0.16421402990818024,0.16421402990818024,0.0018029275815933943,0.04428913816809654,0.010189561173319817,10.0,1.0,10.0
389.0,0.16381850838661194,0.16381850838661194,0.0018007224425673485,0.04404551163315773,0.010176576673984528,10.0,1.0,10.0
390.0,0.163425013422966,0.163425013422966,0.0017985089216381311,0.0438043586909771,0.010163556784391403,10.0,1.0,10.0
391.0,0.16303357481956482,0.16303357481956482,0.0017962927231565118,0.04356563091278076,0.010150501504540443,10.0,1.0,10.0
392.0,0.16264411807060242,0.16264411807060242,0.0017940662801265717,0.04332933574914932,0.010137411765754223,10.0,1.0,10.0
393.0,0.16225658357143402,0.16225658357143402,0.0017918217927217484,0.04309544712305069,0.010124292224645615,10.0,1.0,10.0
394.0,0.1618710160255432,0.1618710160255432,0.0017895693890750408,0.0428638719022274,0.010111143812537193,10.0,1.0,10.0
395.0,0.1614873707294464,0.1614873707294464,0.00178732187487185,0.04263460636138916,0.010097954422235489,10.0,1.0,10.0
396.0,0.16110552847385406,0.16110552847385406,0.001785061089321971,0.042407602071762085,0.010084731504321098,10.0,1.0,10.0
397.0,0.16072553396224976,0.16072553396224976,0.0017827795818448067,0.04218295216560364,0.01007147878408432,10.0,1.0,10.0
398.0,0.16034731268882751,0.16034731268882751,0.0017804852686822414,0.041960470378398895,0.010058199055492878,10.0,1.0,10.0
399.0,0.15997087955474854,0.15997087955474854,0.0017781974747776985,0.04174015671014786,0.010044874623417854,10.0,1.0,10.0
400.0,0.15959618985652924,0.15959618985652924,0.0017759044421836734,0.041521959006786346,0.010031518526375294,10.0,1.0,10.0
401.0,0.15922315418720245,0.15922315418720245,0.0017735881265252829,0.04130594804883003,0.010018132627010345,10.0,1.0,10.0
402.0,0.15885187685489655,0.15885187685489655,0.0017712556291371584,0.04109213128685951,0.010004718787968159,10.0,1.0,10.0
403.0,0.15848226845264435,0.15848226845264435,0.0017689302330836654,0.04088026285171509,0.009991270489990711,10.0,1.0,10.0
404.0,0.15811419486999512,0.15811419486999512,0.0017665987834334373,0.04067042097449303,0.009977778419852257,10.0,1.0,10.0
405.0,0.1577477902173996,0.1577477902173996,0.0017642516177147627,0.04046260938048363,0.009964266791939735,10.0,1.0,10.0
406.0,0.15738290548324585,0.15738290548324585,0.0017618830315768719,0.0402568019926548,0.009950727224349976,10.0,1.0,10.0
407.0,0.15701958537101746,0.15701958537101746,0.001759520499035716,0.04005291312932968,0.009937146678566933,10.0,1.0,10.0
408.0,0.15665777027606964,0.15665777027606964,0.00175715540535748,0.039850927889347076,0.009923528879880905,10.0,1.0,10.0
409.0,0.156297504901886,0.156297504901886,0.0017547706374898553,0.039650868624448776,0.009909892454743385,10.0,1.0,10.0
410.0,0.15593864023685455,0.15593864023685455,0.0017523703863844275,0.0394526869058609,0.009896224364638329,10.0,1.0,10.0
411.0,0.1555812954902649,0.1555812954902649,0.0017499777022749186,0.03925627842545509,0.00988252367824316,10.0,1.0,10.0
412.0,0.1552252471446991,0.1552252471446991,0.0017475738422945142,0.039061665534973145,0.009868783876299858,10.0,1.0,10.0
413.0,0.15487068891525269,0.15487068891525269,0.0017451613675802946,0.03886883333325386,0.009855024516582489,10.0,1.0,10.0
414.0,0.1545175164937973,0.1545175164937973,0.0017427306156605482,0.03867783397436142,0.009841237217187881,10.0,1.0,10.0
415.0,0.15416564047336578,0.15416564047336578,0.0017402973026037216,0.03848849982023239,0.009827417321503162,10.0,1.0,10.0
416.0,0.1538151204586029,0.1538151204586029,0.0017378623597323895,0.03830081224441528,0.009813567623496056,10.0,1.0,10.0
417.0,0.1534658968448639,0.1534658968448639,0.0017354236915707588,0.03811477869749069,0.009799689054489136,10.0,1.0,10.0
418.0,0.15311801433563232,0.15311801433563232,0.0017329668626189232,0.037930458784103394,0.009785788133740425,10.0,1.0,10.0
419.0,0.15277130901813507,0.15277130901813507,0.0017304986249655485,0.03774775192141533,0.009771856479346752,10.0,1.0,10.0
420.0,0.15242591500282288,0.15242591500282288,0.0017280330648645759,0.03756661340594292,0.009757897816598415,10.0,1.0,10.0
421.0,0.152081698179245,0.152081698179245,0.0017255671555176377,0.03738696500658989,0.009743905626237392,10.0,1.0,10.0
422.0,0.15173876285552979,0.15173876285552979,0.0017230863450095057,0.037208955734968185,0.009729893878102303,10.0,1.0,10.0
423.0,0.15139690041542053,0.15139690041542053,0.0017205877229571342,0.03703245520591736,0.009715856984257698,10.0,1.0,10.0
424.0,0.15105633437633514,0.15105633437633514,0.001718098297715187,0.036857400089502335,0.009701794944703579,10.0,1.0,10.0
425.0,0.15071678161621094,0.15071678161621094,0.0017156031681224704,0.03668374940752983,0.009687701240181923,10.0,1.0,10.0
426.0,0.15037846565246582,0.15037846565246582,0.0017130998894572258,0.036511585116386414,0.009673587046563625,10.0,1.0,10.0
427.0,0.15004122257232666,0.15004122257232666,0.001710581942461431,0.03634089231491089,0.009659451432526112,10.0,1.0,10.0
428.0,0.14970506727695465,0.14970506727695465,0.0017080612014979124,0.0361715592443943,0.009645289741456509,10.0,1.0,10.0
429.0,0.14937002956867218,0.14937002956867218,0.0017055429052561522,0.036003559827804565,0.009631103835999966,10.0,1.0,10.0
430.0,0.14903607964515686,0.14903607964515686,0.0017030192539095879,0.03583692014217377,0.009616896510124207,10.0,1.0,10.0
431.0,0.14870315790176392,0.14870315790176392,0.001700479770079255,0.03567164018750191,0.00960267148911953,10.0,1.0,10.0
432.0,0.14837121963500977,0.14837121963500977,0.001697937841527164,0.03550763428211212,0.009588420391082764,10.0,1.0,10.0
433.0,0.14804036915302277,0.14804036915302277,0.0016954021994024515,0.035344887524843216,0.009574146009981632,10.0,1.0,10.0
434.0,0.1477104127407074,0.1477104127407074,0.0016928515397012234,0.03518341854214668,0.00955984741449356,10.0,1.0,10.0
435.0,0.14738155901432037,0.14738155901432037,0.0016902940114960074,0.03502323850989342,0.009545537643134594,10.0,1.0,10.0
436.0,0.14705361425876617,0.14705361425876617,0.0016877339221537113,0.03486422821879387,0.009531204588711262,10.0,1.0,10.0
437.0,0.14672669768333435,0.14672669768333435,0.0016851784894242883,0.03470640629529953,0.009516851045191288,10.0,1.0,10.0
438.0,0.14640063047409058,0.14640063047409058,0.001682613859884441,0.0345497764647007,0.0095024723559618,10.0,1.0,10.0
439.0,0.14607560634613037,0.14607560634613037,0.00168003945145756,0.03439433127641678,0.009488087147474289,10.0,1.0,10.0
440.0,0.14575140178203583,0.14575140178203583,0.0016774656251072884,0.03424001857638359,0.00947367213666439,10.0,1.0,10.0
441.0,0.14542818069458008,0.14542818069458008,0.0016748912166804075,0.034086816012859344,0.009459245018661022,10.0,1.0,10.0
442.0,0.14510577917099,0.14510577917099,0.0016723107546567917,0.03393471986055374,0.009444795548915863,10.0,1.0,10.0
443.0,0.1447843313217163,0.1447843313217163,0.0016697259852662683,0.033783745020627975,0.009430332109332085,10.0,1.0,10.0
444.0,0.1444636881351471,0.1444636881351471,0.0016671362100169063,0.03363381326198578,0.009415851905941963,10.0,1.0,10.0
445.0,0.1441439986228943,0.1441439986228943,0.0016645444557070732,0.03348495811223984,0.009401360526680946,10.0,1.0,10.0
446.0,0.14382506906986237,0.14382506906986237,0.0016619565431028605,0.033337101340293884,0.009386840276420116,10.0,1.0,10.0
447.0,0.14350703358650208,0.14350703358650208,0.0016593605978414416,0.03319030627608299,0.00937231257557869,10.0,1.0,10.0
448.0,0.14318984746932983,0.14318984746932983,0.0016567555721849203,0.03304455056786537,0.009357773698866367,10.0,1.0,10.0
449.0,0.14287340641021729,0.14287340641021729,0.0016541536897420883,0.03289971500635147,0.009343215264379978,10.0,1.0,10.0
450.0,0.14255782961845398,0.14255782961845398,0.0016515571624040604,0.03275585547089577,0.009328639134764671,10.0,1.0,10.0
451.0,0.14224301278591156,0.14224301278591156,0.001648948760703206,0.032612986862659454,0.009314053691923618,10.0,1.0,10.0
452.0,0.14192898571491241,0.14192898571491241,0.0016463377978652716,0.03247109428048134,0.009299451485276222,10.0,1.0,10.0
453.0,0.14161576330661774,0.14161576330661774,0.0016437279991805553,0.032330095767974854,0.00928483810275793,10.0,1.0,10.0
454.0,0.14130327105522156,0.14130327105522156,0.0016411163378506899,0.03219000622630119,0.00927021075040102,10.0,1.0,10.0
455.0,0.14099155366420746,0.14099155366420746,0.0016385037451982498,0.03205084428191185,0.009255567565560341,10.0,1.0,10.0
456.0,0.14068065583705902,0.14068065583705902,0.0016358831198886037,0.03191263601183891,0.009240918792784214,10.0,1.0,10.0
457.0,0.1403704285621643,0.1403704285621643,0.001633264822885394,0.03177523985505104,0.009226254187524319,10.0,1.0,10.0
458.0,0.14006097614765167,0.14006097614765167,0.0016306460602208972,0.0316387303173542,0.009211578406393528,10.0,1.0,10.0
459.0,0.13975226879119873,0.13975226879119873,0.001628026831895113,0.0315030999481678,0.009196889586746693,10.0,1.0,10.0
460.0,0.13944420218467712,0.13944420218467712,0.0016254025977104902,0.031368277966976166,0.009182189591228962,10.0,1.0,10.0
461.0,0.13913695514202118,0.13913695514202118,0.0016227784799411893,0.03123433329164982,0.009167483076453209,10.0,1.0,10.0
462.0,0.13883036375045776,0.13883036375045776,0.0016201506368815899,0.031101208180189133,0.009152764454483986,10.0,1.0,10.0
463.0,0.13852445781230927,0.13852445781230927,0.0016175302444025874,0.03096887655556202,0.009138028137385845,10.0,1.0,10.0
464.0,0.13821925222873688,0.13821925222873688,0.0016148979775607586,0.030837401747703552,0.009123287163674831,10.0,1.0,10.0
465.0,0.137914776802063,0.137914776802063,0.0016122701345011592,0.03070669434964657,0.009108537808060646,10.0,1.0,10.0
466.0,0.13761095702648163,0.13761095702648163,0.0016096375184133649,0.030576782301068306,0.00909378007054329,10.0,1.0,10.0
467.0,0.13730782270431519,0.13730782270431519,0.0016070089768618345,0.030447622761130333,0.009079010225832462,10.0,1.0,10.0
468.0,0.13700535893440247,0.13700535893440247,0.0016043811338022351,0.03031926229596138,0.00906422920525074,10.0,1.0,10.0
469.0,0.13670361042022705,0.13670361042022705,0.001601745723746717,0.030191689729690552,0.009049445390701294,10.0,1.0,10.0
470.0,0.136402428150177,0.136402428150177,0.0015991107793524861,0.030064834281802177,0.009034649468958378,10.0,1.0,10.0
471.0,0.13610200583934784,0.13610200583934784,0.0015964842168614268,0.029938694089651108,0.00901984702795744,10.0,1.0,10.0
472.0,0.13580213487148285,0.13580213487148285,0.0015938438009470701,0.029813330620527267,0.00900503620505333,10.0,1.0,10.0
473.0,0.13550296425819397,0.13550296425819397,0.001591205014847219,0.02968871220946312,0.008990219794213772,10.0,1.0,10.0
474.0,0.13520441949367523,0.13520441949367523,0.0015885719330981374,0.029564794152975082,0.00897539034485817,10.0,1.0,10.0
475.0,0.13490653038024902,0.13490653038024902,0.0015859396662563086,0.029441572725772858,0.008960556238889694,10.0,1.0,10.0
476.0,0.13460928201675415,0.13460928201675415,0.0015832989010959864,0.02931911125779152,0.00894571840763092,10.0,1.0,10.0
477.0,0.13431264460086823,0.13431264460086823,0.001580658950842917,0.029197346419095993,0.0089308712631464,10.0,1.0,10.0
478.0,0.13401666283607483,0.13401666283607483,0.0015780237736180425,0.029076259583234787,0.008916017599403858,10.0,1.0,10.0
479.0,0.13372129201889038,0.13372129201889038,0.001575388596393168,0.028955845162272453,0.008901156485080719,10.0,1.0,10.0
480.0,0.13342654705047607,0.13342654705047607,0.0015727452700957656,0.028836168348789215,0.00888629350811243,10.0,1.0,10.0
481.0,0.13313239812850952,0.13313239812850952,0.0015701056690886617,0.02871713414788246,0.008871421217918396,10.0,1.0,10.0
482.0,0.1328388899564743,0.1328388899564743,0.0015674690948799253,0.028598761186003685,0.008856544271111488,10.0,1.0,10.0
483.0,0.13254599273204803,0.13254599273204803,0.0015648282133042812,0.028481081128120422,0.008841662667691708,10.0,1.0,10.0
484.0,0.1322537362575531,0.1322537362575531,0.001562184770591557,0.028364107012748718,0.008826778270304203,10.0,1.0,10.0
485.0,0.13196203112602234,0.13196203112602234,0.0015595463337376714,0.028247728943824768,0.008811884559690952,10.0,1.0,10.0
486.0,0.1316709816455841,0.1316709816455841,0.0015569126699119806,0.02813197858631611,0.008796988055109978,10.0,1.0,10.0
487.0,0.13138046860694885,0.13138046860694885,0.0015542651526629925,0.02801692858338356,0.008782089687883854,10.0,1.0,10.0
488.0,0.13109064102172852,0.13109064102172852,0.0015516187995672226,0.027902543544769287,0.008767190389335155,10.0,1.0,10.0
489.0,0.13080137968063354,0.13080137968063354,0.0015489845536649227,0.027788730338215828,0.008752280846238136,10.0,1.0,10.0
490.0,0.13051271438598633,0.13051271438598633,0.001546351588331163,0.02767554111778736,0.00873736571520567,10.0,1.0,10.0
491.0,0.13022466003894806,0.13022466003894806,0.0015436992980539799,0.02756308950483799,0.008722457103431225,10.0,1.0,10.0
492.0,0.12993717193603516,0.12993717193603516,0.0015410505002364516,0.027451228350400925,0.008707543835043907,10.0,1.0,10.0
493.0,0.1296503096818924,0.1296503096818924,0.0015384206781163812,0.02733992412686348,0.008692617528140545,10.0,1.0,10.0
494.0,0.1293640285730362,0.1293640285730362,0.0015357874799519777,0.027229245752096176,0.008677691221237183,10.0,1.0,10.0
495.0,0.12907828390598297,0.12907828390598297,0.0015331354225054383,0.027119256556034088,0.008662767708301544,10.0,1.0,10.0
496.0,0.12879317998886108,0.12879317998886108,0.0015304847620427608,0.0270098764449358,0.00864784512668848,10.0,1.0,10.0
497.0,0.12850870192050934,0.12850870192050934,0.0015278554055839777,0.026901021599769592,0.008632912300527096,10.0,1.0,10.0
498.0,0.12822476029396057,0.12822476029396057,0.0015252206940203905,0.026792768388986588,0.008617978543043137,10.0,1.0,10.0
499.0,0.12794142961502075,0.12794142961502075,0.0015225722454488277,0.026685219258069992,0.008603048510849476,10.0,1.0,10.0
500.0,0.1276586949825287,0.1276586949825287,0.001519922399893403,0.02657824568450451,0.008588123135268688,10.0,1.0,10.0
501.0,0.1273764967918396,0.1273764967918396,0.001517293625511229,0.026471761986613274,0.008573179133236408,10.0,1.0,10.0
502.0,0.12709495425224304,0.12709495425224304,0.0015146557707339525,0.026365946978330612,0.008558245375752449,10.0,1.0,10.0
503.0,0.12681397795677185,0.12681397795677185,0.0015120067400857806,0.026260776445269585,0.008543312549591064,10.0,1.0,10.0
504.0,0.12653353810310364,0.12653353810310364,0.0015093609690666199,0.026156149804592133,0.00852837786078453,10.0,1.0,10.0
505.0,0.12625369429588318,0.12625369429588318,0.0015067302156239748,0.026052022352814674,0.008513436652719975,10.0,1.0,10.0
506.0,0.12597447633743286,0.12597447633743286,0.0015040949219837785,0.025948531925678253,0.008498500101268291,10.0,1.0,10.0
507.0,0.1256958544254303,0.1256958544254303,0.0015014443779364228,0.025845684111118317,0.00848357193171978,10.0,1.0,10.0
508.0,0.1254177689552307,0.1254177689552307,0.0014987991889938712,0.025743380188941956,0.00846864003688097,10.0,1.0,10.0
509.0,0.12514027953147888,0.12514027953147888,0.0014961655251681805,0.025641601532697678,0.008453702554106712,10.0,1.0,10.0
510.0,0.1248633861541748,0.1248633861541748,0.0014935366343706846,0.025540344417095184,0.008438767865300179,10.0,1.0,10.0
511.0,0.12458708882331848,0.12458708882331848,0.0014908844605088234,0.025439821183681488,0.008423842489719391,10.0,1.0,10.0
512.0,0.12431135028600693,0.12431135028600693,0.001488243113271892,0.025339772924780846,0.00840891432017088,10.0,1.0,10.0
513.0,0.12403620779514313,0.12403620779514313,0.0014856144553050399,0.025240229442715645,0.008393983356654644,10.0,1.0,10.0
514.0,0.1237616315484047,0.1237616315484047,0.0014829738065600395,0.025141317397356033,0.008379057981073856,10.0,1.0,10.0
515.0,0.1234876811504364,0.1234876811504364,0.0014803282683715224,0.025042979046702385,0.008364141918718815,10.0,1.0,10.0
516.0,0.12321431934833527,0.12321431934833527,0.0014776912285014987,0.024945160374045372,0.008349224925041199,10.0,1.0,10.0
517.0,0.12294149398803711,0.12294149398803711,0.0014750621048733592,0.02484786882996559,0.008334299549460411,10.0,1.0,10.0
518.0,0.1226692795753479,0.1226692795753479,0.0014724185457453132,0.024751193821430206,0.008319390006363392,10.0,1.0,10.0
519.0,0.12239767611026764,0.12239767611026764,0.001469772425480187,0.024655098095536232,0.00830448605120182,10.0,1.0,10.0
520.0,0.12212663888931274,0.12212663888931274,0.0014671462122350931,0.024559447541832924,0.008289572782814503,10.0,1.0,10.0
521.0,0.12185618281364441,0.12185618281364441,0.0014645117335021496,0.02446436882019043,0.008274669758975506,10.0,1.0,10.0
522.0,0.12158635258674622,0.12158635258674622,0.0014618664281442761,0.024369921535253525,0.00825977697968483,10.0,1.0,10.0
523.0,0.12131708115339279,0.12131708115339279,0.0014592300867661834,0.024275947362184525,0.008244883269071579,10.0,1.0,10.0
524.0,0.12104837596416473,0.12104837596416473,0.001456601545214653,0.024182498455047607,0.00822998583316803,10.0,1.0,10.0
525.0,0.12078031152486801,0.12078031152486801,0.001453966717235744,0.024089617654681206,0.0082151023671031,10.0,1.0,10.0
526.0,0.12051282823085785,0.12051282823085785,0.0014513232745230198,0.023997314274311066,0.008200228214263916,10.0,1.0,10.0
527.0,0.12024596333503723,0.12024596333503723,0.0014486899599432945,0.02390553057193756,0.008185353130102158,10.0,1.0,10.0
528.0,0.1199796199798584,0.1199796199798584,0.0014460582751780748,0.023814242333173752,0.008170479908585548,10.0,1.0,10.0
529.0,0.1197139322757721,0.1197139322757721,0.0014434241456910968,0.02372352033853531,0.00815561693161726,10.0,1.0,10.0
530.0,0.11944881081581116,0.11944881081581116,0.0014407889684662223,0.023633316159248352,0.008140760473906994,10.0,1.0,10.0
531.0,0.11918428540229797,0.11918428540229797,0.001438149600289762,0.023543689399957657,0.00812591053545475,10.0,1.0,10.0
532.0,0.11892035603523254,0.11892035603523254,0.0014355187304317951,0.023454533889889717,0.00811106339097023,10.0,1.0,10.0
533.0,0.11865705251693726,0.11865705251693726,0.0014328912366181612,0.023365920409560204,0.008096221834421158,10.0,1.0,10.0
534.0,0.11839433014392853,0.11839433014392853,0.0014302547788247466,0.023277869448065758,0.008081391453742981,10.0,1.0,10.0
535.0,0.11813218891620636,0.11813218891620636,0.0014276154106482863,0.023190349340438843,0.008066568523645401,10.0,1.0,10.0
536.0,0.11787068843841553,0.11787068843841553,0.0014249900123104453,0.02310330420732498,0.008051748387515545,10.0,1.0,10.0
537.0,0.11760977655649185,0.11760977655649185,0.0014223635662347078,0.023016786202788353,0.008036935701966286,10.0,1.0,10.0
538.0,0.11734944581985474,0.11734944581985474,0.0014197215205058455,0.022930864244699478,0.008022136986255646,10.0,1.0,10.0
539.0,0.11708971858024597,0.11708971858024597,0.0014170906506478786,0.022845424711704254,0.008007338270545006,10.0,1.0,10.0
540.0,0.11683060228824615,0.11683060228824615,0.0014144661836326122,0.02276046946644783,0.007992547005414963,10.0,1.0,10.0
541.0,0.11657209694385529,0.11657209694385529,0.0014118339167907834,0.022676080465316772,0.00797776784747839,10.0,1.0,10.0
542.0,0.11631420999765396,0.11631420999765396,0.0014091957127675414,0.02259223535656929,0.007963001728057861,10.0,1.0,10.0
543.0,0.116056889295578,0.116056889295578,0.0014065679861232638,0.022508859634399414,0.007948235608637333,10.0,1.0,10.0
544.0,0.11580023914575577,0.11580023914575577,0.0014039470115676522,0.022425979375839233,0.00793347880244255,10.0,1.0,10.0
545.0,0.1155441552400589,0.1155441552400589,0.001401312300004065,0.022343691438436508,0.007918734103441238,10.0,1.0,10.0
546.0,0.11528870463371277,0.11528870463371277,0.0013986770063638687,0.02226193994283676,0.007903998717665672,10.0,1.0,10.0
547.0,0.115033820271492,0.115033820271492,0.001396052073687315,0.022180607542395592,0.007889268919825554,10.0,1.0,10.0
548.0,0.1147795170545578,0.1147795170545578,0.0013934285379946232,0.022099794819951057,0.007874543778598309,10.0,1.0,10.0
549.0,0.1145259439945221,0.1145259439945221,0.0013907953398302197,0.02201959677040577,0.007859839126467705,10.0,1.0,10.0
550.0,0.11427290737628937,0.11427290737628937,0.0013881624909117818,0.02193988300859928,0.007845140062272549,10.0,1.0,10.0
551.0,0.11402051150798798,0.11402051150798798,0.0013855404686182737,0.021860651671886444,0.007830445654690266,10.0,1.0,10.0
552.0,0.11376872658729553,0.11376872658729553,0.001382916932925582,0.021781908348202705,0.007815765216946602,10.0,1.0,10.0
553.0,0.11351755261421204,0.11351755261421204,0.001380284782499075,0.02170373871922493,0.007801096886396408,10.0,1.0,10.0
554.0,0.11326702684164047,0.11326702684164047,0.0013776561245322227,0.021626079455018044,0.007786438334733248,10.0,1.0,10.0
555.0,0.11301705241203308,0.11301705241203308,0.0013750320067629218,0.021548889577388763,0.007771783974021673,10.0,1.0,10.0
556.0,0.1127677857875824,0.1127677857875824,0.0013724088203161955,0.02147221751511097,0.007757148239761591,10.0,1.0,10.0
557.0,0.11251910030841827,0.11251910030841827,0.0013697820249944925,0.021396083757281303,0.007742519956082106,10.0,1.0,10.0
558.0,0.1122710108757019,0.1122710108757019,0.001367152901366353,0.021320447325706482,0.007727902848273516,10.0,1.0,10.0
559.0,0.11202356219291687,0.11202356219291687,0.0013645291328430176,0.021245324984192848,0.007713294588029385,10.0,1.0,10.0
560.0,0.11177676171064377,0.11177676171064377,0.0013619048986583948,0.021170705556869507,0.007698700297623873,10.0,1.0,10.0
561.0,0.11153055727481842,0.11153055727481842,0.0013592805480584502,0.021096594631671906,0.007684115320444107,10.0,1.0,10.0
562.0,0.1112850159406662,0.1112850159406662,0.0013566534034907818,0.021023035049438477,0.007669544778764248,10.0,1.0,10.0
563.0,0.11104009300470352,0.11104009300470352,0.00135403114836663,0.020949939265847206,0.007654984015971422,10.0,1.0,10.0
564.0,0.11079573631286621,0.11079573631286621,0.0013514122692868114,0.020877329632639885,0.007640428841114044,10.0,1.0,10.0
565.0,0.1105521097779274,0.1105521097779274,0.0013487867545336485,0.020805276930332184,0.007625896483659744,10.0,1.0,10.0
566.0,0.11030906438827515,0.11030906438827515,0.0013461587950587273,0.020733768120408058,0.007611371111124754,10.0,1.0,10.0
567.0,0.11006665229797363,0.11006665229797363,0.0013435359578579664,0.020662708207964897,0.007596858311444521,10.0,1.0,10.0
568.0,0.10982488840818405,0.10982488840818405,0.0013409266248345375,0.02059209905564785,0.00758235203102231,10.0,1.0,10.0
569.0,0.1095837727189064,0.1095837727189064,0.0013383012264966965,0.020522112026810646,0.007567864842712879,10.0,1.0,10.0
570.0,0.10934321582317352,0.10934321582317352,0.0013356676790863276,0.020452633500099182,0.007553390227258205,10.0,1.0,10.0
571.0,0.10910338908433914,0.10910338908433914,0.001333056017756462,0.0203835628926754,0.00753892632201314,10.0,1.0,10.0
572.0,0.1088641807436943,0.1088641807436943,0.0013304422609508038,0.020315011963248253,0.007524474989622831,10.0,1.0,10.0
573.0,0.10862554609775543,0.10862554609775543,0.0013278179103508592,0.020247021690011024,0.007510034367442131,10.0,1.0,10.0
574.0,0.10838758945465088,0.10838758945465088,0.0013251852942630649,0.02017960511147976,0.007495613768696785,10.0,1.0,10.0
575.0,0.10815030336380005,0.10815030336380005,0.0013225791044533253,0.02011255919933319,0.007481195963919163,10.0,1.0,10.0
576.0,0.10791365057229996,0.10791365057229996,0.0013199662789702415,0.02004602923989296,0.007466795854270458,10.0,1.0,10.0
577.0,0.1076776534318924,0.1076776534318924,0.0013173418119549751,0.019980091601610184,0.007452413905411959,10.0,1.0,10.0
578.0,0.10744227468967438,0.10744227468967438,0.0013147179270163178,0.01991462893784046,0.007438046392053366,10.0,1.0,10.0
579.0,0.10720756649971008,0.10720756649971008,0.0013121116207912564,0.019849609583616257,0.007423684000968933,10.0,1.0,10.0
580.0,0.10697349905967712,0.10697349905967712,0.0013094964670017362,0.019785137847065926,0.0074093397706747055,10.0,1.0,10.0
581.0,0.10674010217189789,0.10674010217189789,0.00130687456112355,0.01972123235464096,0.007395012304186821,10.0,1.0,10.0
582.0,0.10650728642940521,0.10650728642940521,0.0013042595237493515,0.01965775527060032,0.007380693219602108,10.0,1.0,10.0
583.0,0.10627512633800507,0.10627512633800507,0.00130165321752429,0.019594762474298477,0.007366383448243141,10.0,1.0,10.0
584.0,0.10604368150234222,0.10604368150234222,0.0012990389950573444,0.01953231915831566,0.00735209695994854,10.0,1.0,10.0
585.0,0.10581286996603012,0.10581286996603012,0.001296419883146882,0.01947041228413582,0.0073378258384764194,10.0,1.0,10.0
586.0,0.10558269917964935,0.10558269917964935,0.0012938096188008785,0.019408944994211197,0.007323566358536482,10.0,1.0,10.0
587.0,0.10535318404436111,0.10535318404436111,0.0012912078527733684,0.019347935914993286,0.007309317123144865,10.0,1.0,10.0
588.0,0.105124332010746,0.105124332010746,0.0012885930482298136,0.01928750053048134,0.007295090239495039,10.0,1.0,10.0
589.0,0.104896180331707,0.104896180331707,0.001285976031795144,0.019227594137191772,0.0072808824479579926,10.0,1.0,10.0
590.0,0.10466858744621277,0.10466858744621277,0.0012833700748160481,0.01916811801493168,0.007266676053404808,10.0,1.0,10.0
591.0,0.10444176197052002,0.10444176197052002,0.0012807724997401237,0.019109128043055534,0.007252490147948265,10.0,1.0,10.0
592.0,0.10421548783779144,0.10421548783779144,0.0012781587429344654,0.01905069500207901,0.007238320540636778,10.0,1.0,10.0
593.0,0.10398995876312256,0.10398995876312256,0.0012755515053868294,0.01899276115000248,0.007224168162792921,10.0,1.0,10.0
594.0,0.10376504063606262,0.10376504063606262,0.0012729489244520664,0.01893526501953602,0.007210027892142534,10.0,1.0,10.0
595.0,0.10354079306125641,0.10354079306125641,0.0012703477405011654,0.018878284841775894,0.007195902988314629,10.0,1.0,10.0
596.0,0.10331723093986511,0.10331723093986511,0.0012677436461672187,0.018821820616722107,0.0071817971765995026,10.0,1.0,10.0
597.0,0.10309427976608276,0.10309427976608276,0.0012651390861719847,0.018765827640891075,0.007167705800384283,10.0,1.0,10.0
598.0,0.10287201404571533,0.10287201404571533,0.0012625418603420258,0.01871030032634735,0.007153629790991545,10.0,1.0,10.0
599.0,0.10265043377876282,0.10265043377876282,0.0012599433539435267,0.018655281513929367,0.007139571942389011,10.0,1.0,10.0
600.0,0.10242954641580582,0.10242954641580582,0.0012573439162224531,0.018600795418024063,0.007125530857592821,10.0,1.0,10.0
601.0,0.10220926254987717,0.10220926254987717,0.001254746224731207,0.018546752631664276,0.007111504673957825,10.0,1.0,10.0
602.0,0.10198961198329926,0.10198961198329926,0.0012521544704213738,0.018493153154850006,0.007097491528838873,10.0,1.0,10.0
603.0,0.10177070647478104,0.10177070647478104,0.0012495630653575063,0.018440095707774162,0.007083497941493988,10.0,1.0,10.0
604.0,0.10155239701271057,0.10155239701271057,0.001246961415745318,0.018387537449598312,0.007069524377584457,10.0,1.0,10.0
605.0,0.1013348251581192,0.1013348251581192,0.0012443760642781854,0.01833541877567768,0.007055563852190971,10.0,1.0,10.0
606.0,0.10111787170171738,0.10111787170171738,0.0012417898979038,0.01828376017510891,0.007041621021926403,10.0,1.0,10.0
607.0,0.10090161114931107,0.10090161114931107,0.0012391989585012197,0.01823262870311737,0.0070276991464197636,10.0,1.0,10.0
608.0,0.1006859689950943,0.1006859689950943,0.0012366126757115126,0.018181925639510155,0.007013791706413031,10.0,1.0,10.0
609.0,0.10047101974487305,0.10047101974487305,0.0012340309331193566,0.018131714314222336,0.0069998991675674915,10.0,1.0,10.0
610.0,0.10025675594806671,0.10025675594806671,0.0012314452324062586,0.01808198168873787,0.006986032240092754,10.0,1.0,10.0
611.0,0.10004310309886932,0.10004310309886932,0.0012288616271689534,0.018032705411314964,0.006972178351134062,10.0,1.0,10.0
612.0,0.09983012080192566,0.09983012080192566,0.0012262876844033599,0.01798385940492153,0.006958338897675276,10.0,1.0,10.0
613.0,0.0996178463101387,0.0996178463101387,0.0012237095506861806,0.017935514450073242,0.00694452365860343,10.0,1.0,10.0
614.0,0.09940613806247711,0.09940613806247711,0.001221128855831921,0.01788763515651226,0.006930721458047628,10.0,1.0,10.0
615.0,0.09919518232345581,0.09919518232345581,0.001218558056280017,0.017840199172496796,0.006916940212249756,10.0,1.0,10.0
616.0,0.09898486733436584,0.09898486733436584,0.0012159873731434345,0.017793206498026848,0.006903178058564663,10.0,1.0,10.0
617.0,0.09877517074346542,0.09877517074346542,0.0012134144781157374,0.017746662721037865,0.0068894363939762115,10.0,1.0,10.0
618.0,0.09856618940830231,0.09856618940830231,0.0012108506634831429,0.017700577154755592,0.006875710561871529,10.0,1.0,10.0
619.0,0.09835783392190933,0.09835783392190933,0.0012082828907296062,0.017654942348599434,0.006862006150186062,10.0,1.0,10.0
620.0,0.09815011918544769,0.09815011918544769,0.001205719425342977,0.017609726637601852,0.006848319433629513,10.0,1.0,10.0
621.0,0.09794308245182037,0.09794308245182037,0.0012031585210934281,0.017564957961440086,0.0068346536718308926,10.0,1.0,10.0
622.0,0.09773668646812439,0.09773668646812439,0.001200602506287396,0.01752059906721115,0.006821006070822477,10.0,1.0,10.0
623.0,0.09753096103668213,0.09753096103668213,0.0011980464914813638,0.017476709559559822,0.006807378958910704,10.0,1.0,10.0
624.0,0.09732580929994583,0.09732580929994583,0.0011954850051552057,0.017433248460292816,0.00679377093911171,10.0,1.0,10.0
625.0,0.09712135791778564,0.09712135791778564,0.0011929366737604141,0.01739015430212021,0.006780183408409357,10.0,1.0,10.0
626.0,0.0969175398349762,0.0969175398349762,0.001190392067655921,0.01734749600291252,0.00676661217585206,10.0,1.0,10.0
627.0,0.09671439230442047,0.09671439230442047,0.0011878416407853365,0.017305297777056694,0.00675306748598814,10.0,1.0,10.0
628.0,0.09651187807321548,0.09651187807321548,0.00118529936298728,0.01726347953081131,0.006739540491253138,10.0,1.0,10.0
629.0,0.09631000459194183,0.09631000459194183,0.0011827558046206832,0.017222082242369652,0.006726036313921213,10.0,1.0,10.0
630.0,0.09610871225595474,0.09610871225595474,0.0011802221415564418,0.017181022092700005,0.0067125470377504826,10.0,1.0,10.0
631.0,0.09590811282396317,0.09590811282396317,0.001177682657726109,0.017140427604317665,0.00669908570125699,10.0,1.0,10.0
632.0,0.09570813179016113,0.09570813179016113,0.001175149343907833,0.01710020937025547,0.006685642525553703,10.0,1.0,10.0
633.0,0.09550874680280685,0.09550874680280685,0.0011726191733032465,0.017060376703739166,0.006672217510640621,10.0,1.0,10.0
634.0,0.09531000256538391,0.09531000256538391,0.001170094357803464,0.017020918428897858,0.0066588143818080425,10.0,1.0,10.0
635.0,0.0951119214296341,0.0951119214296341,0.0011675714049488306,0.016981838271021843,0.0066454363986849785,10.0,1.0,10.0
636.0,0.09491438418626785,0.09491438418626785,0.001165048568509519,0.01694314368069172,0.006632075645029545,10.0,1.0,10.0
637.0,0.09471751749515533,0.09471751749515533,0.0011625245679169893,0.01690484955906868,0.006618741899728775,10.0,1.0,10.0
638.0,0.09452125430107117,0.09452125430107117,0.0011600174475461245,0.016866832971572876,0.006605424918234348,10.0,1.0,10.0
639.0,0.09432560205459595,0.09432560205459595,0.0011575066018849611,0.01682921126484871,0.006592132151126862,10.0,1.0,10.0
640.0,0.09413055330514908,0.09413055330514908,0.0011549905175343156,0.016791990026831627,0.006578865461051464,10.0,1.0,10.0
641.0,0.09393611550331116,0.09393611550331116,0.0011524884030222893,0.01675507239997387,0.00656561553478241,10.0,1.0,10.0
642.0,0.09374222159385681,0.09374222159385681,0.0011499891988933086,0.016718469560146332,0.0065523856319487095,10.0,1.0,10.0
643.0,0.09354902058839798,0.09354902058839798,0.0011474876664578915,0.01668226718902588,0.0065391878597438335,10.0,1.0,10.0
644.0,0.09335634112358093,0.09335634112358093,0.001144992420449853,0.016646362841129303,0.006526005454361439,10.0,1.0,10.0
645.0,0.09316425025463104,0.09316425025463104,0.0011425013653934002,0.0166107639670372,0.006512846797704697,10.0,1.0,10.0
646.0,0.0929727554321289,0.0929727554321289,0.001140011940151453,0.016575507819652557,0.006499712821096182,10.0,1.0,10.0
647.0,0.09278185665607452,0.09278185665607452,0.0011375248432159424,0.016540594398975372,0.006486601196229458,10.0,1.0,10.0
648.0,0.09259151667356491,0.09259151667356491,0.001135045662522316,0.016505945473909378,0.006473511457443237,10.0,1.0,10.0
649.0,0.09240176528692245,0.09240176528692245,0.001132569508627057,0.0164716187864542,0.0064604454673826694,10.0,1.0,10.0
650.0,0.09221258014440536,0.09221258014440536,0.0011300933547317982,0.016437599435448647,0.006447404623031616,10.0,1.0,10.0
651.0,0.09202395379543304,0.09202395379543304,0.0011276226723566651,0.016403883695602417,0.006434384733438492,10.0,1.0,10.0
652.0,0.0918358713388443,0.0918358713388443,0.0011251592077314854,0.016370411962270737,0.006421386264264584,10.0,1.0,10.0
653.0,0.09164834022521973,0.09164834022521973,0.001122698886319995,0.016337212175130844,0.006408413406461477,10.0,1.0,10.0
654.0,0.09146139770746231,0.09146139770746231,0.0011202360037714243,0.01630435138940811,0.006395468953996897,10.0,1.0,10.0
655.0,0.09127494692802429,0.09127494692802429,0.0011177804553881288,0.016271714121103287,0.0063825431279838085,10.0,1.0,10.0
656.0,0.09108908474445343,0.09108908474445343,0.0011153339873999357,0.01623934507369995,0.006369640119373798,10.0,1.0,10.0
657.0,0.09090372920036316,0.09090372920036316,0.0011128876358270645,0.01620721071958542,0.006356763653457165,10.0,1.0,10.0
658.0,0.09071895480155945,0.09071895480155945,0.0011104400036856532,0.01617538183927536,0.0063439165242016315,10.0,1.0,10.0
659.0,0.09053463488817215,0.09053463488817215,0.001108003780245781,0.016143735498189926,0.006331086158752441,10.0,1.0,10.0
660.0,0.09035085886716843,0.09035085886716843,0.001105571398511529,0.016112344339489937,0.006318280473351479,10.0,1.0,10.0
661.0,0.09016761183738708,0.09016761183738708,0.001103136921301484,0.016081204637885094,0.006305504124611616,10.0,1.0,10.0
662.0,0.08998489379882812,0.08998489379882812,0.001100709312595427,0.016050290316343307,0.006292751058936119,10.0,1.0,10.0
663.0,0.08980263769626617,0.08980263769626617,0.00109829381108284,0.016019519418478012,0.006280017551034689,10.0,1.0,10.0
664.0,0.08962090313434601,0.08962090313434601,0.0010958689963445067,0.01598908007144928,0.006267312914133072,10.0,1.0,10.0
665.0,0.08943969011306763,0.08943969011306763,0.0010934568708762527,0.015958812087774277,0.006254630628973246,10.0,1.0,10.0
666.0,0.08925892412662506,0.08925892412662506,0.0010910555720329285,0.015928655862808228,0.006241971626877785,10.0,1.0,10.0
667.0,0.0890786424279213,0.0890786424279213,0.0010886449599638581,0.015898795798420906,0.006229339633136988,10.0,1.0,10.0
668.0,0.08889885991811752,0.08889885991811752,0.0010862372582778335,0.015869133174419403,0.006216735579073429,10.0,1.0,10.0
669.0,0.08871954679489136,0.08871954679489136,0.0010838520247489214,0.01583954691886902,0.006204148288816214,10.0,1.0,10.0
670.0,0.08854072540998459,0.08854072540998459,0.0010814596898853779,0.015810217708349228,0.006191591266542673,10.0,1.0,10.0
671.0,0.08836236596107483,0.08836236596107483,0.0010790611850097775,0.01578109711408615,0.006179065443575382,10.0,1.0,10.0
672.0,0.08818443864583969,0.08818443864583969,0.0010766845662146807,0.015752045437693596,0.0061665549874305725,10.0,1.0,10.0
673.0,0.08800698816776276,0.08800698816776276,0.0010743159800767899,0.01572316512465477,0.006154065951704979,10.0,1.0,10.0
674.0,0.08782996237277985,0.08782996237277985,0.0010719293495640159,0.015694543719291687,0.006141612306237221,10.0,1.0,10.0
675.0,0.08765339106321335,0.08765339106321335,0.0010695572709664702,0.015666021034121513,0.006129180081188679,10.0,1.0,10.0
676.0,0.08747728168964386,0.08747728168964386,0.0010672083590179682,0.015637533739209175,0.006116766948252916,10.0,1.0,10.0
677.0,0.0873015820980072,0.0873015820980072,0.0010648464085534215,0.015609273687005043,0.006104384548962116,10.0,1.0,10.0
678.0,0.08712629973888397,0.08712629973888397,0.001062474912032485,0.015581230632960796,0.006092032417654991,10.0,1.0,10.0
679.0,0.08695140480995178,0.08695140480995178,0.0010601335670799017,0.015553144738078117,0.006079692859202623,10.0,1.0,10.0
680.0,0.08677700906991959,0.08677700906991959,0.0010577964130789042,0.015525206923484802,0.006067383568733931,10.0,1.0,10.0
681.0,0.08660298585891724,0.08660298585891724,0.0010554465698078275,0.015497483313083649,0.006055103614926338,10.0,1.0,10.0
682.0,0.08642935752868652,0.08642935752868652,0.0010531051084399223,0.015469837002456188,0.006042846944183111,10.0,1.0,10.0
683.0,0.08625616133213043,0.08625616133213043,0.0010507847182452679,0.015442216768860817,0.006030609831213951,10.0,1.0,10.0
684.0,0.086083322763443,0.086083322763443,0.0010484507074579597,0.015414757654070854,0.006018405314534903,10.0,1.0,10.0
685.0,0.08591090142726898,0.08591090142726898,0.0010461232159286737,0.015387425199151039,0.006006224080920219,10.0,1.0,10.0
686.0,0.08573882281780243,0.08573882281780243,0.0010438147000968456,0.01536007784307003,0.005994060076773167,10.0,1.0,10.0
687.0,0.0855671614408493,0.0855671614408493,0.0010415043216198683,0.01533286739140749,0.005981924943625927,10.0,1.0,10.0
688.0,0.08539588004350662,0.08539588004350662,0.0010391832329332829,0.015305817127227783,0.0059698233380913734,10.0,1.0,10.0
689.0,0.0852249413728714,0.0852249413728714,0.0010368889197707176,0.015278705395758152,0.0059577347710728645,10.0,1.0,10.0
690.0,0.08505433797836304,0.08505433797836304,0.0010345971677452326,0.015251672826707363,0.005945669487118721,10.0,1.0,10.0
691.0,0.0848841667175293,0.0848841667175293,0.0010322933085262775,0.015224797651171684,0.005933643318712711,10.0,1.0,10.0
692.0,0.08471430838108063,0.08471430838108063,0.0010300050489604473,0.015197942964732647,0.005921631585806608,10.0,1.0,10.0
693.0,0.08454477787017822,0.08454477787017822,0.0010277285473421216,0.015171090140938759,0.005909640807658434,10.0,1.0,10.0
694.0,0.08437563478946686,0.08437563478946686,0.0010254491353407502,0.015144333243370056,0.005897680763155222,10.0,1.0,10.0
695.0,0.08420677483081818,0.08420677483081818,0.0010231693740934134,0.015117635019123554,0.00588574493303895,10.0,1.0,10.0
696.0,0.08403830975294113,0.08403830975294113,0.0010209002066403627,0.015090955421328545,0.005873835179954767,10.0,1.0,10.0
697.0,0.08387013524770737,0.08387013524770737,0.0010186450090259314,0.015064269304275513,0.00586194172501564,10.0,1.0,10.0
698.0,0.08370230346918106,0.08370230346918106,0.0010163775878027081,0.015037710778415203,0.0058500817976891994,10.0,1.0,10.0
699.0,0.08353479206562042,0.08353479206562042,0.001014121575281024,0.015011128038167953,0.005838244222104549,10.0,1.0,10.0
700.0,0.08336756378412247,0.08336756378412247,0.001011877553537488,0.01498454250395298,0.005826424341648817,10.0,1.0,10.0
701.0,0.08320067822933197,0.08320067822933197,0.001009636907838285,0.014957983046770096,0.0058146328665316105,10.0,1.0,10.0
702.0,0.08303408324718475,0.08303408324718475,0.0010073893936350942,0.014931509271264076,0.0058028679341077805,10.0,1.0,10.0
703.0,0.08286780118942261,0.08286780118942261,0.0010051555000245571,0.014905009418725967,0.005791123956441879,10.0,1.0,10.0
704.0,0.08270179480314255,0.08270179480314255,0.00100293243303895,0.014878475107252598,0.005779399536550045,10.0,1.0,10.0
705.0,0.08253613114356995,0.08253613114356995,0.0010007056407630444,0.014852000400424004,0.005767707247287035,10.0,1.0,10.0
706.0,0.08237069845199585,0.08237069845199585,0.0009984817588701844,0.014825522899627686,0.0057560354471206665,10.0,1.0,10.0
707.0,0.08220554888248444,0.08220554888248444,0.0009962699841707945,0.014799021184444427,0.00574438227340579,10.0,1.0,10.0
708.0,0.08204072713851929,0.08204072713851929,0.0009940615855157375,0.014772534370422363,0.00573275750502944,10.0,1.0,10.0
709.0,0.08187613636255264,0.08187613636255264,0.000991856912150979,0.014746027067303658,0.005721154157072306,10.0,1.0,10.0
710.0,0.08171187341213226,0.08171187341213226,0.0009896544506773353,0.014719544909894466,0.00570957874879241,10.0,1.0,10.0
711.0,0.0815478190779686,0.0815478190779686,0.0009874608367681503,0.014693023636937141,0.005698018707334995,10.0,1.0,10.0
712.0,0.08138401806354523,0.08138401806354523,0.0009852719958871603,0.014666471630334854,0.005686482880264521,10.0,1.0,10.0
713.0,0.08122052252292633,0.08122052252292633,0.0009830862982198596,0.01463992241770029,0.0056749735958874226,10.0,1.0,10.0
714.0,0.08105729520320892,0.08105729520320892,0.000980903161689639,0.014613386243581772,0.0056634871289134026,10.0,1.0,10.0
715.0,0.08089426904916763,0.08089426904916763,0.000978731783106923,0.014586765319108963,0.0056520188227295876,10.0,1.0,10.0
716.0,0.08073151111602783,0.08073151111602783,0.0009765620343387127,0.01456015557050705,0.005640573799610138,10.0,1.0,10.0
717.0,0.08056902140378952,0.08056902140378952,0.0009743917034938931,0.014533543959259987,0.0056291562505066395,10.0,1.0,10.0
718.0,0.08040672540664673,0.08040672540664673,0.0009722334798425436,0.01450684666633606,0.0056177545338869095,10.0,1.0,10.0
719.0,0.08024473488330841,0.08024473488330841,0.00097008136799559,0.01448015496134758,0.005606376565992832,10.0,1.0,10.0
720.0,0.08008293807506561,0.08008293807506561,0.000967925414443016,0.014453438110649586,0.005595024675130844,10.0,1.0,10.0
721.0,0.07992137968540192,0.07992137968540192,0.0009657790069468319,0.01442667469382286,0.005583691876381636,10.0,1.0,10.0
722.0,0.07976004481315613,0.07976004481315613,0.0009636424947530031,0.014399836771190166,0.005572378635406494,10.0,1.0,10.0
723.0,0.07959894835948944,0.07959894835948944,0.000961502839345485,0.014373009093105793,0.005561091471463442,10.0,1.0,10.0
724.0,0.07943807542324066,0.07943807542324066,0.0009593685390427709,0.014346159063279629,0.005549823399633169,10.0,1.0,10.0
725.0,0.0792774111032486,0.0792774111032486,0.0009572465205565095,0.014319214038550854,0.0055385734885931015,10.0,1.0,10.0
726.0,0.07911697030067444,0.07911697030067444,0.0009551228722557425,0.014292264357209206,0.005527348257601261,10.0,1.0,10.0
727.0,0.07895676046609879,0.07895676046609879,0.0009530024253763258,0.014265287667512894,0.005516144912689924,10.0,1.0,10.0
728.0,0.07879672944545746,0.07879672944545746,0.000950894842389971,0.014238208532333374,0.005504957400262356,10.0,1.0,10.0
729.0,0.07863692939281464,0.07863692939281464,0.0009487852221354842,0.014211139641702175,0.00549379363656044,10.0,1.0,10.0
730.0,0.07847731560468674,0.07847731560468674,0.000946676591411233,0.014184031635522842,0.005482652224600315,10.0,1.0,10.0
731.0,0.07831793278455734,0.07831793278455734,0.0009445836767554283,0.014156801626086235,0.0054715294390916824,10.0,1.0,10.0
732.0,0.07815873622894287,0.07815873622894287,0.0009424911113455892,0.014129586517810822,0.00546042388305068,10.0,1.0,10.0
733.0,0.07799969613552094,0.07799969613552094,0.0009403933072462678,0.014102345332503319,0.005449342075735331,10.0,1.0,10.0
734.0,0.07784092426300049,0.07784092426300049,0.0009383163414895535,0.014074989594519138,0.005438277497887611,10.0,1.0,10.0
735.0,0.07768232375383377,0.07768232375383377,0.0009362376295030117,0.014047606848180294,0.005427233874797821,10.0,1.0,10.0
736.0,0.07752391695976257,0.07752391695976257,0.000934154144488275,0.014020220376551151,0.005416215863078833,10.0,1.0,10.0
737.0,0.07736571133136749,0.07736571133136749,0.0009320883546024561,0.013992742635309696,0.005405208561569452,10.0,1.0,10.0
738.0,0.07720768451690674,0.07720768451690674,0.0009300248348154128,0.01396520622074604,0.005394222680479288,10.0,1.0,10.0
739.0,0.07704983651638031,0.07704983651638031,0.0009279581718146801,0.013937653973698616,0.005383259616792202,10.0,1.0,10.0
740.0,0.07689216732978821,0.07689216732978821,0.0009258992504328489,0.01391003280878067,0.005372314248234034,10.0,1.0,10.0
741.0,0.07673472166061401,0.07673472166061401,0.0009238526690751314,0.013882341794669628,0.005361385177820921,10.0,1.0,10.0
742.0,0.07657741010189056,0.07657741010189056,0.0009218023042194545,0.01385461911559105,0.00535047659650445,10.0,1.0,10.0
743.0,0.07642030715942383,0.07642030715942383,0.0009197518811561167,0.013826893642544746,0.005339588969945908,10.0,1.0,10.0
744.0,0.07626335322856903,0.07626335322856903,0.0009177178726531565,0.013799025677144527,0.005328714847564697,10.0,1.0,10.0
745.0,0.07610660791397095,0.07610660791397095,0.0009156836895272136,0.0137711763381958,0.005317859351634979,10.0,1.0,10.0
746.0,0.07595004886388779,0.07595004886388779,0.0009136497974395752,0.013743295334279537,0.005307025276124477,10.0,1.0,10.0
747.0,0.07579360902309418,0.07579360902309418,0.0009116209112107754,0.01371532492339611,0.005296207033097744,10.0,1.0,10.0
748.0,0.07563740015029907,0.07563740015029907,0.000909604539629072,0.013687302358448505,0.005285405088216066,10.0,1.0,10.0
749.0,0.0754813402891159,0.0754813402891159,0.0009075829293578863,0.013659276068210602,0.005274623166769743,10.0,1.0,10.0
750.0,0.07532544434070587,0.07532544434070587,0.0009055660339072347,0.013631184585392475,0.005263859871774912,10.0,1.0,10.0
751.0,0.07516971230506897,0.07516971230506897,0.0009035608381964266,0.013603017665445805,0.0052531082183122635,10.0,1.0,10.0
752.0,0.07501416653394699,0.07501416653394699,0.0009015524410642684,0.013574822805821896,0.005242382176220417,10.0,1.0,10.0
753.0,0.07485880702733994,0.07485880702733994,0.0008995505631901324,0.013546592555940151,0.005231671035289764,10.0,1.0,10.0
754.0,0.07470358908176422,0.07470358908176422,0.0008975545060820878,0.013518317602574825,0.005220972467213869,10.0,1.0,10.0
755.0,0.07454854249954224,0.07454854249954224,0.0008955654921010137,0.013489972800016403,0.0052102915942668915,10.0,1.0,10.0
756.0,0.074393630027771,0.074393630027771,0.0008935709483921528,0.01346165593713522,0.005199626553803682,10.0,1.0,10.0
757.0,0.07423891127109528,0.07423891127109528,0.0008915865328162909,0.013433228246867657,0.005188981536775827,10.0,1.0,10.0
758.0,0.0740843415260315,0.0740843415260315,0.0008896085200831294,0.01340475957840681,0.005178349558264017,10.0,1.0,10.0
759.0,0.07392994314432144,0.07392994314432144,0.0008876280626282096,0.013376319780945778,0.00516773434355855,10.0,1.0,10.0
760.0,0.07377573847770691,0.07377573847770691,0.0008856526110321283,0.013347839936614037,0.005157136823982,10.0,1.0,10.0
761.0,0.07362163811922073,0.07362163811922073,0.0008836887427605689,0.013319246470928192,0.005146550480276346,10.0,1.0,10.0
762.0,0.07346772402524948,0.07346772402524948,0.0008817185298539698,0.013290688395500183,0.005135985091328621,10.0,1.0,10.0
763.0,0.07331397384405136,0.07331397384405136,0.0008797581540420651,0.013262075372040272,0.005125431809574366,10.0,1.0,10.0
764.0,0.07316035032272339,0.07316035032272339,0.0008778003975749016,0.013233421370387077,0.005114892963320017,10.0,1.0,10.0
765.0,0.07300693541765213,0.07300693541765213,0.0008758448529988527,0.01320477481931448,0.0051043713465332985,10.0,1.0,10.0
766.0,0.07285363227128983,0.07285363227128983,0.0008738965261727571,0.01317605096846819,0.00509386183694005,10.0,1.0,10.0
767.0,0.07270053029060364,0.07270053029060364,0.0008719486650079489,0.01314733736217022,0.005083370953798294,10.0,1.0,10.0
768.0,0.07254751771688461,0.07254751771688461,0.0008700067410245538,0.013118579052388668,0.005072887055575848,10.0,1.0,10.0
769.0,0.07239474356174469,0.07239474356174469,0.0008680649334564805,0.013089816085994244,0.005062427371740341,10.0,1.0,10.0
770.0,0.07224209606647491,0.07224209606647491,0.0008661294123157859,0.013061011210083961,0.00505197886377573,10.0,1.0,10.0
771.0,0.07208962738513947,0.07208962738513947,0.0008641988388262689,0.013032186776399612,0.005041545256972313,10.0,1.0,10.0
772.0,0.07193727791309357,0.07193727791309357,0.0008622692548669875,0.01300335768610239,0.005031122826039791,10.0,1.0,10.0
773.0,0.0717850774526596,0.0717850774526596,0.0008603408350609243,0.01297452487051487,0.0050207143649458885,10.0,1.0,10.0
774.0,0.07163307070732117,0.07163307070732117,0.0008584213210269809,0.012945654802024364,0.005010319873690605,10.0,1.0,10.0
775.0,0.07148116827011108,0.07148116827011108,0.0008565010502934456,0.012916765175759792,0.004999939817935228,10.0,1.0,10.0
776.0,0.07132947444915771,0.07132947444915771,0.0008545867749489844,0.012887884862720966,0.004989572335034609,10.0,1.0,10.0
777.0,0.07117791473865509,0.07117791473865509,0.0008526751771569252,0.012858981266617775,0.004979217890650034,10.0,1.0,10.0
778.0,0.0710265040397644,0.0710265040397644,0.000850764918141067,0.01283008698374033,0.004968876484781504,10.0,1.0,10.0
779.0,0.07087525725364685,0.07087525725364685,0.0008488611783832312,0.012801152653992176,0.00495854951441288,10.0,1.0,10.0
780.0,0.07072418928146362,0.07072418928146362,0.0008469599997624755,0.012772245332598686,0.004948234651237726,10.0,1.0,10.0
781.0,0.07057326287031174,0.07057326287031174,0.0008450581226497889,0.012743344530463219,0.004937933757901192,10.0,1.0,10.0
782.0,0.07042250037193298,0.07042250037193298,0.0008431652677245438,0.012714418582618237,0.004927642643451691,10.0,1.0,10.0
783.0,0.07027189433574677,0.07027189433574677,0.0008412727620452642,0.012685494497418404,0.004917366895824671,10.0,1.0,10.0
784.0,0.0701214075088501,0.0701214075088501,0.0008393810712732375,0.012656589969992638,0.004907100461423397,10.0,1.0,10.0
785.0,0.06997108459472656,0.06997108459472656,0.000837495201267302,0.012627665884792805,0.004896847065538168,10.0,1.0,10.0
786.0,0.06982095539569855,0.06982095539569855,0.0008356111356988549,0.0125987958163023,0.004886604845523834,10.0,1.0,10.0
787.0,0.06967096030712128,0.06967096030712128,0.0008337320177815855,0.012569904327392578,0.004876373801380396,10.0,1.0,10.0
788.0,0.06952112913131714,0.06952112913131714,0.0008318531909026206,0.01254103984683752,0.004866155795753002,10.0,1.0,10.0
789.0,0.06937144696712494,0.06937144696712494,0.0008299807086586952,0.01251216046512127,0.004855948034673929,10.0,1.0,10.0
790.0,0.06922192871570587,0.06922192871570587,0.0008281077025458217,0.012483322061598301,0.004845752380788326,10.0,1.0,10.0
791.0,0.06907258927822113,0.06907258927822113,0.0008262379560619593,0.01245452556759119,0.004835567902773619,10.0,1.0,10.0
792.0,0.06892339140176773,0.06892339140176773,0.0008243727497756481,0.01242571696639061,0.0048253946006298065,10.0,1.0,10.0
793.0,0.06877434998750687,0.06877434998750687,0.0008225126657634974,0.012396926060318947,0.004815229680389166,10.0,1.0,10.0
794.0,0.06862547993659973,0.06862547993659973,0.000820648274384439,0.012368198484182358,0.004805079661309719,10.0,1.0,10.0
795.0,0.06847676634788513,0.06847676634788513,0.0008187913917936385,0.012339478358626366,0.004794937092810869,10.0,1.0,10.0
796.0,0.06832820177078247,0.06832820177078247,0.0008169420761987567,0.012310750782489777,0.004784802906215191,10.0,1.0,10.0
797.0,0.06817980110645294,0.06817980110645294,0.000815080595202744,0.012282144278287888,0.004774685017764568,10.0,1.0,10.0
798.0,0.06803159415721893,0.06803159415721893,0.0008132389630191028,0.012253472581505775,0.004764573182910681,10.0,1.0,10.0
799.0,0.06788350641727448,0.06788350641727448,0.0008113909279927611,0.01222488284111023,0.004754471126943827,10.0,1.0,10.0
800.0,0.06773555278778076,0.06773555278778076,0.0008095373632386327,0.012196362018585205,0.004744382109493017,10.0,1.0,10.0
801.0,0.06758781522512436,0.06758781522512436,0.0008077025413513184,0.012167795561254025,0.004734299145638943,10.0,1.0,10.0
802.0,0.06744024902582169,0.06744024902582169,0.0008058632956817746,0.012139317579567432,0.0047242296859622,10.0,1.0,10.0
803.0,0.06729284673929214,0.06729284673929214,0.0008040196844376624,0.012110941112041473,0.004714170936495066,10.0,1.0,10.0
804.0,0.06714557856321335,0.06714557856321335,0.0008021910907700658,0.012082524597644806,0.004704114515334368,10.0,1.0,10.0
805.0,0.06699851155281067,0.06699851155281067,0.0008003605762496591,0.012054191902279854,0.004694071132689714,10.0,1.0,10.0
806.0,0.06685156375169754,0.06685156375169754,0.0007985261618159711,0.012025924399495125,0.004684037528932095,10.0,1.0,10.0
807.0,0.06670483201742172,0.06670483201742172,0.0007967005949467421,0.011997697874903679,0.0046740127727389336,10.0,1.0,10.0
808.0,0.06655822694301605,0.06655822694301605,0.0007948771235533059,0.011969509534537792,0.0046639940701425076,10.0,1.0,10.0
809.0,0.06641174852848053,0.06641174852848053,0.0007930479478091002,0.011941429227590561,0.004653983749449253,10.0,1.0,10.0
810.0,0.06626555323600769,0.06626555323600769,0.0007912349537946284,0.011913340538740158,0.004643986001610756,10.0,1.0,10.0
811.0,0.06611944735050201,0.06611944735050201,0.0007894134614616632,0.011885362677276134,0.004633994773030281,10.0,1.0,10.0
812.0,0.06597355008125305,0.06597355008125305,0.0007875930168665946,0.011857468634843826,0.004624014720320702,10.0,1.0,10.0
813.0,0.06582777202129364,0.06582777202129364,0.0007857820601202548,0.011829575523734093,0.004614037461578846,10.0,1.0,10.0
814.0,0.06568220257759094,0.06568220257759094,0.0007839755271561444,0.011801762506365776,0.004604068584740162,10.0,1.0,10.0
815.0,0.06553681194782257,0.06553681194782257,0.0007821549661457539,0.0117740947753191,0.004594116937369108,10.0,1.0,10.0
816.0,0.06539157032966614,0.06539157032966614,0.0007803528569638729,0.011746415868401527,0.004584162961691618,10.0,1.0,10.0
817.0,0.06524651497602463,0.06524651497602463,0.0007785494672134519,0.011718831956386566,0.004574218764901161,10.0,1.0,10.0
818.0,0.06510161608457565,0.06510161608457565,0.0007767382776364684,0.01169138215482235,0.0045642852783203125,10.0,1.0,10.0
819.0,0.0649569034576416,0.0649569034576416,0.0007749423966743052,0.01166392583400011,0.004554355517029762,10.0,1.0,10.0
820.0,0.06481236964464188,0.06481236964464188,0.0007731403457000852,0.01163659431040287,0.004544437397271395,10.0,1.0,10.0
821.0,0.06466799229383469,0.06466799229383469,0.0007713405648246408,0.011609352193772793,0.004534523468464613,10.0,1.0,10.0
822.0,0.06452383100986481,0.06452383100986481,0.0007695457898080349,0.01158217340707779,0.004524619784206152,10.0,1.0,10.0
823.0,0.06437980383634567,0.06437980383634567,0.0007677509565837681,0.011555086821317673,0.004514720756560564,10.0,1.0,10.0
824.0,0.06423600018024445,0.06423600018024445,0.0007659607799723744,0.011528096161782742,0.004504830110818148,10.0,1.0,10.0
825.0,0.06409230828285217,0.06409230828285217,0.0007641658885404468,0.011501208879053593,0.004494944121688604,10.0,1.0,10.0
826.0,0.0639488622546196,0.0639488622546196,0.0007623807177878916,0.01147439144551754,0.004485066048800945,10.0,1.0,10.0
827.0,0.06380555033683777,0.06380555033683777,0.0007605936261825264,0.0114476652815938,0.0044751944951713085,10.0,1.0,10.0
828.0,0.06366243213415146,0.06366243213415146,0.0007588034495711327,0.011421062052249908,0.0044653331860899925,10.0,1.0,10.0
829.0,0.06351950764656067,0.06351950764656067,0.0007570221787318587,0.011394538916647434,0.004455475136637688,10.0,1.0,10.0
830.0,0.063376784324646,0.063376784324646,0.0007552469614893198,0.011368094943463802,0.004445622209459543,10.0,1.0,10.0
831.0,0.06323418021202087,0.06323418021202087,0.0007534544565714896,0.01134184468537569,0.004435779061168432,10.0,1.0,10.0
832.0,0.06309182196855545,0.06309182196855545,0.0007516832556575537,0.011315615847706795,0.004425937309861183,10.0,1.0,10.0
833.0,0.06294962763786316,0.06294962763786316,0.0007499105995520949,0.011289484798908234,0.004416103474795818,10.0,1.0,10.0
834.0,0.0628075823187828,0.0628075823187828,0.0007481256034225225,0.011263534426689148,0.004406279418617487,10.0,1.0,10.0
835.0,0.06266574561595917,0.06266574561595917,0.000746357545722276,0.011237631551921368,0.004396454431116581,10.0,1.0,10.0
836.0,0.06252413243055344,0.06252413243055344,0.0007445880910381675,0.011211839504539967,0.004386641085147858,10.0,1.0,10.0
837.0,0.06238267943263054,0.06238267943263054,0.0007428097305819392,0.011186240240931511,0.004376834258437157,10.0,1.0,10.0
838.0,0.06224142387509346,0.06224142387509346,0.0007410473772324622,0.011160660535097122,0.004367028828710318,10.0,1.0,10.0
839.0,0.06210034340620041,0.06210034340620041,0.0007392816478386521,0.011135219596326351,0.0043572308495640755,10.0,1.0,10.0
840.0,0.061959464102983475,0.061959464102983475,0.0007375070126727223,0.011109957471489906,0.004347443580627441,10.0,1.0,10.0
841.0,0.06181876361370087,0.06181876361370087,0.0007357486756518483,0.011084727942943573,0.004337654914706945,10.0,1.0,10.0
842.0,0.06167825683951378,0.06167825683951378,0.0007339856820181012,0.011059661395847797,0.004327873699367046,10.0,1.0,10.0
843.0,0.06153795123100281,0.06153795123100281,0.0007322198944166303,0.011034751310944557,0.0043181004002690315,10.0,1.0,10.0
844.0,0.061397846788167953,0.061397846788167953,0.000730465108063072,0.01100990828126669,0.004308328963816166,10.0,1.0,10.0
845.0,0.06125790625810623,0.06125790625810623,0.0007287022890523076,0.010985222645103931,0.004298566374927759,10.0,1.0,10.0
846.0,0.06111820414662361,0.06111820414662361,0.0007269453490152955,0.010960657149553299,0.0042888093739748,10.0,1.0,10.0
847.0,0.060978665947914124,0.060978665947914124,0.0007251921924762428,0.010936211794614792,0.004279053304344416,10.0,1.0,10.0
848.0,0.06083933264017105,0.06083933264017105,0.0007234365330077708,0.01091192476451397,0.004269304219633341,10.0,1.0,10.0
849.0,0.0607001855969429,0.0607001855969429,0.0007216826779767871,0.010887764394283295,0.004259559325873852,10.0,1.0,10.0
850.0,0.060561247169971466,0.060561247169971466,0.0007199322571977973,0.010863715782761574,0.004249820951372385,10.0,1.0,10.0
851.0,0.06042250990867615,0.06042250990867615,0.000718182185664773,0.010839808732271194,0.004240087699145079,10.0,1.0,10.0
852.0,0.06028396636247635,0.06028396636247635,0.000716432579793036,0.010816046968102455,0.004230359569191933,10.0,1.0,10.0
853.0,0.060145650058984756,0.060145650058984756,0.0007146828575059772,0.010792430490255356,0.004220639355480671,10.0,1.0,10.0
854.0,0.0600074864923954,0.0600074864923954,0.0007129379082471132,0.010768912732601166,0.0042109196074306965,10.0,1.0,10.0
855.0,0.05986955016851425,0.05986955016851425,0.000711194472387433,0.010745551437139511,0.00420120544731617,10.0,1.0,10.0
856.0,0.05973182991147041,0.05973182991147041,0.0007094453321769834,0.010722370818257332,0.004191500600427389,10.0,1.0,10.0
857.0,0.059594303369522095,0.059594303369522095,0.0007077044574543834,0.010699281468987465,0.004181797616183758,10.0,1.0,10.0
858.0,0.05945698171854019,0.05945698171854019,0.0007059660274535418,0.010676327161490917,0.0041720992885529995,10.0,1.0,10.0
859.0,0.0593198761343956,0.0593198761343956,0.0007042231154628098,0.010653577744960785,0.004162407014518976,10.0,1.0,10.0
860.0,0.05918293818831444,0.05918293818831444,0.0007024862570688128,0.010630916804075241,0.004152716137468815,10.0,1.0,10.0
861.0,0.05904625356197357,0.05904625356197357,0.0007007487583905458,0.010608416050672531,0.004143035039305687,10.0,1.0,10.0
862.0,0.05890977010130882,0.05890977010130882,0.0006990109104663134,0.010586070828139782,0.0041333590634167194,10.0,1.0,10.0
863.0,0.0587734580039978,0.0587734580039978,0.0006972771370783448,0.01056385412812233,0.004123683087527752,10.0,1.0,10.0
864.0,0.05863738805055618,0.05863738805055618,0.0006955403950996697,0.010541817173361778,0.004114016890525818,10.0,1.0,10.0
865.0,0.05850151181221008,0.05850151181221008,0.0006938090664334595,0.010519903153181076,0.0041043516248464584,10.0,1.0,10.0
866.0,0.05836586281657219,0.05836586281657219,0.0006920794839970767,0.010498128831386566,0.004094693809747696,10.0,1.0,10.0
867.0,0.05823042243719101,0.05823042243719101,0.0006903480971232057,0.01047653891146183,0.004085040185600519,10.0,1.0,10.0
868.0,0.05809518322348595,0.05809518322348595,0.0006886176415719092,0.010455075651407242,0.004075393080711365,10.0,1.0,10.0
869.0,0.05796016752719879,0.05796016752719879,0.0006868935888633132,0.010433747433125973,0.004065748304128647,10.0,1.0,10.0
870.0,0.05782536789774895,0.05782536789774895,0.0006851640646345913,0.010412625968456268,0.004056110046803951,10.0,1.0,10.0
871.0,0.05769077688455582,0.05769077688455582,0.0006834390806034207,0.010391618125140667,0.004046476911753416,10.0,1.0,10.0
872.0,0.057556405663490295,0.057556405663490295,0.0006817170069552958,0.010370769537985325,0.004036846570670605,10.0,1.0,10.0
873.0,0.05742224305868149,0.05742224305868149,0.0006799931288696826,0.010350082069635391,0.004027222748845816,10.0,1.0,10.0
874.0,0.05728831887245178,0.05728831887245178,0.000678273499943316,0.010329525917768478,0.004017605446279049,10.0,1.0,10.0
875.0,0.05715459585189819,0.05715459585189819,0.0006765503785572946,0.010309171862900257,0.004007991869002581,10.0,1.0,10.0
876.0,0.0570211261510849,0.0570211261510849,0.0006748315063305199,0.010288940742611885,0.003998387139290571,10.0,1.0,10.0
877.0,0.056887831538915634,0.056887831538915634,0.0006731151370331645,0.010268846526741982,0.003988783340901136,10.0,1.0,10.0
878.0,0.05675475299358368,0.05675475299358368,0.0006713998736813664,0.010248908773064613,0.003979184664785862,10.0,1.0,10.0
879.0,0.05662195384502411,0.05662195384502411,0.0006696771597489715,0.01022920198738575,0.0039695980958640575,10.0,1.0,10.0
880.0,0.056489329785108566,0.056489329785108566,0.0006679686484858394,0.01020956039428711,0.003960008267313242,10.0,1.0,10.0
881.0,0.056356944143772125,0.056356944143772125,0.0006662561791017652,0.010190115310251713,0.003950426820665598,10.0,1.0,10.0
882.0,0.0562247633934021,0.0562247633934021,0.0006645431276410818,0.010170825757086277,0.003940850496292114,10.0,1.0,10.0
883.0,0.056092843413352966,0.056092843413352966,0.0006628304836340249,0.01015170756727457,0.0039312830194830894,10.0,1.0,10.0
884.0,0.05596112459897995,0.05596112459897995,0.0006611238932237029,0.01013269741088152,0.003921718802303076,10.0,1.0,10.0
885.0,0.055829647928476334,0.055829647928476334,0.0006594142760150135,0.01011387724429369,0.003912162967026234,10.0,1.0,10.0
886.0,0.05569837987422943,0.05569837987422943,0.0006577079766429961,0.010095212608575821,0.0039026085287332535,10.0,1.0,10.0
887.0,0.05556734651327133,0.05556734651327133,0.0006560033652931452,0.010076708160340786,0.0038930606096982956,10.0,1.0,10.0
888.0,0.05543655902147293,0.05543655902147293,0.0006542987539432943,0.010058345273137093,0.0038835229352116585,10.0,1.0,10.0
889.0,0.05530598759651184,0.05530598759651184,0.0006525956559926271,0.010040146298706532,0.003873988753184676,10.0,1.0,10.0
890.0,0.05517563968896866,0.05517563968896866,0.0006508957594633102,0.010022100992500782,0.0038644580636173487,10.0,1.0,10.0
891.0,0.05504554137587547,0.05504554137587547,0.0006491930107586086,0.010004231706261635,0.0038549378514289856,10.0,1.0,10.0
892.0,0.05491561442613602,0.05491561442613602,0.0006474932888522744,0.009986501187086105,0.0038454183377325535,10.0,1.0,10.0
893.0,0.054785989224910736,0.054785989224910736,0.000645800493657589,0.00996890664100647,0.003835907904431224,10.0,1.0,10.0
894.0,0.05465658754110336,0.05465658754110336,0.0006440997240133584,0.009951524436473846,0.0038264065515249968,10.0,1.0,10.0
895.0,0.05452742427587509,0.05452742427587509,0.0006424048915505409,0.00993427075445652,0.00381691032089293,10.0,1.0,10.0
896.0,0.05439847335219383,0.05439847335219383,0.0006407157052308321,0.009917127899825573,0.0038074187468737364,10.0,1.0,10.0
897.0,0.05426974594593048,0.05426974594593048,0.0006390183698385954,0.009900212287902832,0.003797935089096427,10.0,1.0,10.0
898.0,0.05414129048585892,0.05414129048585892,0.0006373322103172541,0.009883400052785873,0.0037884567864239216,10.0,1.0,10.0
899.0,0.054013047367334366,0.054013047367334366,0.0006356400554068387,0.00986676849424839,0.0037789877969771624,10.0,1.0,10.0
900.0,0.0538850873708725,0.0538850873708725,0.000633952091448009,0.009850291535258293,0.0037695274222642183,10.0,1.0,10.0
901.0,0.05375730246305466,0.05375730246305466,0.0006322682020254433,0.009833937510848045,0.0037600682117044926,10.0,1.0,10.0
902.0,0.053629759699106216,0.053629759699106216,0.0006305802962742746,0.009817775338888168,0.003750618314370513,10.0,1.0,10.0
903.0,0.053502507507801056,0.053502507507801056,0.0006288937875069678,0.009801765903830528,0.003741180058568716,10.0,1.0,10.0
904.0,0.05337546020746231,0.05337546020746231,0.0006272192113101482,0.009785838425159454,0.0037317429669201374,10.0,1.0,10.0
905.0,0.053248677402734756,0.053248677402734756,0.0006255306652747095,0.009770162403583527,0.0037223210092633963,10.0,1.0,10.0
906.0,0.0531221404671669,0.0531221404671669,0.0006238556234166026,0.009754568338394165,0.0037129016127437353,10.0,1.0,10.0
907.0,0.05299581587314606,0.05299581587314606,0.0006221808725968003,0.00973912887275219,0.003703487804159522,10.0,1.0,10.0
908.0,0.05286974087357521,0.05286974087357521,0.000620494713075459,0.009723914787173271,0.0036940881982445717,10.0,1.0,10.0
909.0,0.05274394154548645,0.05274394154548645,0.0006188316037878394,0.00970873050391674,0.003684689523652196,10.0,1.0,10.0
910.0,0.052618350833654404,0.052618350833654404,0.0006171581335365772,0.009693759493529797,0.003675301093608141,10.0,1.0,10.0
911.0,0.05249303951859474,0.05249303951859474,0.0006154754082672298,0.009679010137915611,0.00366592756472528,10.0,1.0,10.0
912.0,0.05236795172095299,0.05236795172095299,0.000613817828707397,0.009664267301559448,0.00365655031055212,10.0,1.0,10.0
913.0,0.05224311724305153,0.05224311724305153,0.0006121448241174221,0.00964976567775011,0.0036471905186772346,10.0,1.0,10.0
914.0,0.05211853235960007,0.05211853235960007,0.0006104754284024239,0.009635401889681816,0.0036378377117216587,10.0,1.0,10.0
915.0,0.051994189620018005,0.051994189620018005,0.0006088169757276773,0.009621133096516132,0.0036284886300563812,10.0,1.0,10.0
916.0,0.05187009647488594,0.05187009647488594,0.0006071493262425065,0.009607072919607162,0.0036191530525684357,10.0,1.0,10.0
917.0,0.051746249198913574,0.051746249198913574,0.0006054889527149498,0.0095931151881814,0.0036098244599997997,10.0,1.0,10.0
918.0,0.0516226664185524,0.0516226664185524,0.0006038319552317262,0.00957929901778698,0.0036005047149956226,10.0,1.0,10.0
919.0,0.05149932950735092,0.05149932950735092,0.0006021687877364457,0.009565675631165504,0.0035911966115236282,10.0,1.0,10.0
920.0,0.05137622728943825,0.05137622728943825,0.000600514467805624,0.009552140720188618,0.0035818940959870815,10.0,1.0,10.0
921.0,0.051253415644168854,0.051253415644168854,0.0005988625343888998,0.009538759477436543,0.0035726032219827175,10.0,1.0,10.0
922.0,0.051130831241607666,0.051130831241607666,0.0005972045473754406,0.009525555185973644,0.0035633230581879616,10.0,1.0,10.0
923.0,0.05100850388407707,0.05100850388407707,0.000595560297369957,0.009512434713542461,0.0035540463868528605,10.0,1.0,10.0
924.0,0.050886429846286774,0.050886429846286774,0.0005939070833846927,0.009499499574303627,0.0035447857808321714,10.0,1.0,10.0
925.0,0.050764624029397964,0.050764624029397964,0.000592262193094939,0.00948668085038662,0.0035355323925614357,10.0,1.0,10.0
926.0,0.05064307153224945,0.05064307153224945,0.0005906193400733173,0.009473996236920357,0.003526288317516446,10.0,1.0,10.0
927.0,0.050521768629550934,0.050521768629550934,0.000588970142416656,0.009461495094001293,0.0035170570481568575,10.0,1.0,10.0
928.0,0.05040071904659271,0.05040071904659271,0.0005873325862921774,0.009449047967791557,0.0035078346263617277,10.0,1.0,10.0
929.0,0.05027993768453598,0.05027993768453598,0.0005856942152604461,0.009436780586838722,0.003498621517792344,10.0,1.0,10.0
930.0,0.05015940219163895,0.05015940219163895,0.0005840545054525137,0.009424657560884953,0.003489420050755143,10.0,1.0,10.0
931.0,0.05003910884261131,0.05003910884261131,0.0005824177642352879,0.009412650018930435,0.0034802278969436884,10.0,1.0,10.0
932.0,0.04991910606622696,0.04991910606622696,0.0005807852139696479,0.009400773793458939,0.0034710478503257036,10.0,1.0,10.0
933.0,0.04979933798313141,0.04979933798313141,0.0005791580770164728,0.009389003738760948,0.0034618754871189594,10.0,1.0,10.0
934.0,0.049679845571517944,0.049679845571517944,0.000577519356738776,0.00937745999544859,0.003452719422057271,10.0,1.0,10.0
935.0,0.04956059902906418,0.04956059902906418,0.0005759010091423988,0.009365933015942574,0.003443565685302019,10.0,1.0,10.0
936.0,0.049441639333963394,0.049441639333963394,0.0005742725916206837,0.009354605339467525,0.003434430807828903,10.0,1.0,10.0
937.0,0.04932290315628052,0.04932290315628052,0.0005726499948650599,0.00934336893260479,0.003425303380936384,10.0,1.0,10.0
938.0,0.04920447617769241,0.04920447617769241,0.0005710285040549934,0.009332278743386269,0.003416190855205059,10.0,1.0,10.0
939.0,0.049086276441812515,0.049086276441812515,0.0005694109131582081,0.009321299381554127,0.003407086944207549,10.0,1.0,10.0
940.0,0.048968344926834106,0.048968344926834106,0.0005677933222614229,0.009310442954301834,0.003397997235879302,10.0,1.0,10.0
941.0,0.04885070025920868,0.04885070025920868,0.0005661805043928325,0.009299726225435734,0.0033889166079461575,10.0,1.0,10.0
942.0,0.04873327910900116,0.04873327910900116,0.0005645667552016675,0.00928912777453661,0.0033798483200371265,10.0,1.0,10.0
943.0,0.04861614108085632,0.04861614108085632,0.0005629577208310366,0.009278642013669014,0.0033707923721522093,10.0,1.0,10.0
944.0,0.04849928244948387,0.04849928244948387,0.0005613504908978939,0.009268276393413544,0.003361749928444624,10.0,1.0,10.0
945.0,0.04838264733552933,0.04838264733552933,0.0005597412819042802,0.009258061647415161,0.0033527174964547157,10.0,1.0,10.0
946.0,0.048266347497701645,0.048266347497701645,0.0005581433651968837,0.009247919544577599,0.003343699499964714,10.0,1.0,10.0
947.0,0.04815026372671127,0.04815026372671127,0.0005565416649915278,0.009237933903932571,0.0033346915151923895,10.0,1.0,10.0
948.0,0.0480344220995903,0.0480344220995903,0.0005549433408305049,0.009228037670254707,0.0033256951719522476,10.0,1.0,10.0
949.0,0.047918900847435,0.047918900847435,0.0005533489165827632,0.009218266233801842,0.003316714661195874,10.0,1.0,10.0
950.0,0.04780362546443939,0.04780362546443939,0.0005517523968592286,0.009208629839122295,0.0033077469561249018,10.0,1.0,10.0
951.0,0.04768860340118408,0.04768860340118408,0.000550166005268693,0.009199060499668121,0.003298788331449032,10.0,1.0,10.0
952.0,0.04757385700941086,0.04757385700941086,0.0005485745496116579,0.009189638309180737,0.0032898474019020796,10.0,1.0,10.0
953.0,0.047459378838539124,0.047459378838539124,0.0005469877505674958,0.009180320426821709,0.0032809183467179537,10.0,1.0,10.0
954.0,0.04734514653682709,0.04734514653682709,0.0005454092752188444,0.0091710789129138,0.003271997906267643,10.0,1.0,10.0
955.0,0.047231197357177734,0.047231197357177734,0.0005438214284367859,0.009162007831037045,0.00326309772208333,10.0,1.0,10.0
956.0,0.04711752384901047,0.04711752384901047,0.0005422463291324675,0.00915299542248249,0.00325420661829412,10.0,1.0,10.0
957.0,0.047004103660583496,0.047004103660583496,0.0005406703567132354,0.009144103154540062,0.0032453297171741724,10.0,1.0,10.0
958.0,0.046890974044799805,0.046890974044799805,0.0005390947335399687,0.00913533940911293,0.0032364686485379934,10.0,1.0,10.0
959.0,0.04677810147404671,0.04677810147404671,0.0005375283071771264,0.009126651100814342,0.003227616660296917,10.0,1.0,10.0
960.0,0.0466654896736145,0.0466654896736145,0.0005359601927921176,0.009118078276515007,0.0032187807373702526,10.0,1.0,10.0
961.0,0.04655314236879349,0.04655314236879349,0.0005343900411389768,0.009109625592827797,0.0032099615782499313,10.0,1.0,10.0
962.0,0.046441081911325455,0.046441081911325455,0.000532835372723639,0.009101204574108124,0.003201152430847287,10.0,1.0,10.0
963.0,0.04632926732301712,0.04632926732301712,0.0005312685971148312,0.009092983789741993,0.003192360047250986,10.0,1.0,10.0
964.0,0.046217747032642365,0.046217747032642365,0.0005297154420986772,0.009084785357117653,0.0031835807021707296,10.0,1.0,10.0
965.0,0.0461064875125885,0.0461064875125885,0.0005281582707539201,0.00907672755420208,0.0031748178880661726,10.0,1.0,10.0
966.0,0.04599548876285553,0.04599548876285553,0.000526611169334501,0.00906872097402811,0.0031660653185099363,10.0,1.0,10.0
967.0,0.04588475823402405,0.04588475823402405,0.0005250589456409216,0.009060858748853207,0.003157330909743905,10.0,1.0,10.0
968.0,0.04577430337667465,0.04577430337667465,0.0005235124845057726,0.009053068235516548,0.003148611169308424,10.0,1.0,10.0
969.0,0.04566408693790436,0.04566408693790436,0.0005219700396992266,0.009045341983437538,0.0031399044673889875,10.0,1.0,10.0
970.0,0.04555421322584152,0.04555421322584152,0.0005204305052757263,0.009037761017680168,0.003131214762106538,10.0,1.0,10.0
971.0,0.045444536954164505,0.045444536954164505,0.0005188924842514098,0.009030235931277275,0.0031225376296788454,10.0,1.0,10.0
972.0,0.04533516243100166,0.04533516243100166,0.0005173590034246445,0.009022810496389866,0.003113876096904278,10.0,1.0,10.0
973.0,0.04522602632641792,0.04522602632641792,0.000515826977789402,0.009015458635985851,0.0031052296981215477,10.0,1.0,10.0
974.0,0.04511719197034836,0.04511719197034836,0.0005142996087670326,0.00900820642709732,0.003096599131822586,10.0,1.0,10.0
975.0,0.045008596032857895,0.045008596032857895,0.0005127721233293414,0.00900103896856308,0.0030879834666848183,10.0,1.0,10.0
976.0,0.04490029066801071,0.04490029066801071,0.0005112484213896096,0.008993947878479958,0.003079385729506612,10.0,1.0,10.0
977.0,0.044792238622903824,0.044792238622903824,0.0005097307148389518,0.008986925706267357,0.0030708005651831627,10.0,1.0,10.0
978.0,0.044684480875730515,0.044684480875730515,0.0005082133575342596,0.008980012498795986,0.0030622335616499186,10.0,1.0,10.0
979.0,0.04457696154713631,0.04457696154713631,0.0005066994344815612,0.008973173797130585,0.0030536793638020754,10.0,1.0,10.0
980.0,0.044469695538282394,0.044469695538282394,0.0005051892949268222,0.00896639283746481,0.0030451409984380007,10.0,1.0,10.0
981.0,0.044362716376781464,0.044362716376781464,0.0005036816583015025,0.00895971804857254,0.0030366184655576944,10.0,1.0,10.0
982.0,0.04425601288676262,0.04425601288676262,0.0005021772813051939,0.008953122422099113,0.0030281117651611567,10.0,1.0,10.0
983.0,0.04414955526590347,0.04414955526590347,0.00050067447591573,0.00894657801836729,0.0030196229927241802,10.0,1.0,10.0
984.0,0.04404337331652641,0.04404337331652641,0.0004991799360141158,0.00894008670002222,0.003011148888617754,10.0,1.0,10.0
985.0,0.043937455862760544,0.043937455862760544,0.0004976813215762377,0.008933724835515022,0.0030026917811483145,10.0,1.0,10.0
986.0,0.043831802904605865,0.043831802904605865,0.0004961894010193646,0.008927409537136555,0.002994250040501356,10.0,1.0,10.0
987.0,0.043726421892642975,0.043726421892642975,0.0004947042325511575,0.00892113521695137,0.0029858245979994535,10.0,1.0,10.0
988.0,0.04362128674983978,0.04362128674983978,0.0004932155134156346,0.008914953097701073,0.002977418014779687,10.0,1.0,10.0
989.0,0.043516434729099274,0.043516434729099274,0.0004917325568385422,0.008908852934837341,0.002969025634229183,10.0,1.0,10.0
990.0,0.04341183602809906,0.04341183602809906,0.0004902540822513402,0.008902791887521744,0.00296065048314631,10.0,1.0,10.0
991.0,0.04330750182271004,0.04330750182271004,0.0004887795075774193,0.008896788582205772,0.002952291863039136,10.0,1.0,10.0
992.0,0.0432034432888031,0.0432034432888031,0.0004873032448813319,0.008890895172953606,0.002943951403722167,10.0,1.0,10.0
993.0,0.04309960454702377,0.04309960454702377,0.00048583559691905975,0.008885012939572334,0.002935623750090599,10.0,1.0,10.0
994.0,0.042996086180210114,0.042996086180210114,0.0004843699571210891,0.008879214525222778,0.00292731705121696,10.0,1.0,10.0
995.0,0.042892780154943466,0.042892780154943466,0.000482905947137624,0.008873481303453445,0.0029190240893512964,10.0,1.0,10.0
996.0,0.042789749801158905,0.042789749801158905,0.00048144979518838227,0.008867764845490456,0.002910748589783907,10.0,1.0,10.0
997.0,0.04268696904182434,0.04268696904182434,0.00047998622176237404,0.008862163871526718,0.00290249427780509,10.0,1.0,10.0
998.0,0.04258447885513306,0.04258447885513306,0.0004785413620993495,0.008856545202434063,0.002894252073019743,10.0,1.0,10.0
999.0,0.04248224198818207,0.04248224198818207,0.00047708748024888337,0.008851048536598682,0.0028860317543148994,10.0,1.0,10.0
1000.0,0.04238024353981018,0.04238024353981018,0.00047564011765643954,0.00884556770324707,0.002877827500924468,10.0,1.0,10.0
1001.0,0.04227849841117859,0.04227849841117859,0.00047420168993994594,0.008840121328830719,0.0028696360532194376,10.0,1.0,10.0
1002.0,0.04217701777815819,0.04217701777815819,0.00047275674296543,0.008834777399897575,0.0028614674229174852,10.0,1.0,10.0
1003.0,0.04207579791545868,0.04207579791545868,0.00047132550389505923,0.008829436264932156,0.002853310899809003,10.0,1.0,10.0
1004.0,0.04197482764720917,0.04197482764720917,0.00046989222755655646,0.00882415659725666,0.0028451746329665184,10.0,1.0,10.0
1005.0,0.04187410697340965,0.04187410697340965,0.00046845775796100497,0.008818944916129112,0.002837058389559388,10.0,1.0,10.0
1006.0,0.04177364334464073,0.04177364334464073,0.00046703917905688286,0.008813709020614624,0.002828954253345728,10.0,1.0,10.0
1007.0,0.0416734479367733,0.0416734479367733,0.00046561117051169276,0.008808603510260582,0.0028208731673657894,10.0,1.0,10.0
1008.0,0.04157349467277527,0.04157349467277527,0.00046419311547651887,0.008803479373455048,0.002812808146700263,10.0,1.0,10.0
1009.0,0.04147377610206604,0.04147377610206604,0.0004627805028576404,0.008798379451036453,0.002804758958518505,10.0,1.0,10.0
1010.0,0.04137435555458069,0.04137435555458069,0.0004613637865986675,0.008793376386165619,0.002796734217554331,10.0,1.0,10.0
1011.0,0.04127511382102966,0.04127511382102966,0.00045995693653821945,0.008788361214101315,0.0027887183241546154,10.0,1.0,10.0
1012.0,0.04117618128657341,0.04117618128657341,0.000458554073702544,0.008783383294939995,0.0027807257138192654,10.0,1.0,10.0
1013.0,0.04107748717069626,0.04107748717069626,0.00045715042506344616,0.008778479881584644,0.0027727503329515457,10.0,1.0,10.0
1014.0,0.040979038923978806,0.040979038923978806,0.00045575370313599706,0.008773569948971272,0.0027647933457046747,10.0,1.0,10.0
1015.0,0.04088082164525986,0.04088082164525986,0.00045435759238898754,0.008768707513809204,0.0027568538207560778,10.0,1.0,10.0
1016.0,0.0407828614115715,0.0407828614115715,0.00045296616735868156,0.008763863705098629,0.0027489333879202604,10.0,1.0,10.0
1017.0,0.04068514332175255,0.04068514332175255,0.00045158257125876844,0.008759036660194397,0.0027410280890762806,10.0,1.0,10.0
1018.0,0.04058769345283508,0.04058769345283508,0.0004501944640651345,0.008754285052418709,0.0027331465389579535,10.0,1.0,10.0
1019.0,0.040490441024303436,0.040490441024303436,0.00044881567009724677,0.008749507367610931,0.0027252775616943836,10.0,1.0,10.0
1020.0,0.04039344936609268,0.04039344936609268,0.00044744039769284427,0.008744757622480392,0.0027174288406968117,10.0,1.0,10.0
1021.0,0.040296733379364014,0.040296733379364014,0.000446061952970922,0.008740081451833248,0.0027096031699329615,10.0,1.0,10.0
1022.0,0.04020022600889206,0.04020022600889206,0.00044469870044849813,0.008735357783734798,0.0027017879765480757,10.0,1.0,10.0
1023.0,0.04010394215583801,0.04010394215583801,0.00044332919060252607,0.008730701170861721,0.0026939951349049807,10.0,1.0,10.0
1024.0,0.040007948875427246,0.040007948875427246,0.00044196570524945855,0.008726059459149837,0.002686223480850458,10.0,1.0,10.0
1025.0,0.03991216421127319,0.03991216421127319,0.0004406101652421057,0.00872140470892191,0.002678465796634555,10.0,1.0,10.0
1026.0,0.039816588163375854,0.039816588163375854,0.00043925116187892854,0.008716797456145287,0.002670728135854006,10.0,1.0,10.0
1027.0,0.03972131013870239,0.03972131013870239,0.0004379021702334285,0.008712178096175194,0.002663011197000742,10.0,1.0,10.0
1028.0,0.03962624445557594,0.03962624445557594,0.0004365525091998279,0.008707587607204914,0.002655313117429614,10.0,1.0,10.0
1029.0,0.03953138738870621,0.03953138738870621,0.00043520701001398265,0.008703013882040977,0.0026476304046809673,10.0,1.0,10.0
1030.0,0.03943677991628647,0.03943677991628647,0.0004338687867857516,0.008698418736457825,0.002639967482537031,10.0,1.0,10.0
1031.0,0.039342429488897324,0.039342429488897324,0.0004325284971855581,0.008693891577422619,0.00263232528232038,10.0,1.0,10.0
1032.0,0.039248280227184296,0.039248280227184296,0.0004311945813242346,0.00868933368474245,0.002624700078740716,10.0,1.0,10.0
1033.0,0.03915436565876007,0.03915436565876007,0.00042986951302737,0.008684758096933365,0.002617091406136751,10.0,1.0,10.0
1034.0,0.03906068578362465,0.03906068578362465,0.00042853644117712975,0.008680267259478569,0.0026095055509358644,10.0,1.0,10.0
1035.0,0.038967229425907135,0.038967229425907135,0.0004272194055374712,0.008675690740346909,0.002601934364065528,10.0,1.0,10.0
1036.0,0.03887402266263962,0.03887402266263962,0.0004258969274815172,0.008671182207763195,0.0025943873915821314,10.0,1.0,10.0
1037.0,0.03878103196620941,0.03878103196620941,0.0004245837335474789,0.00866662710905075,0.0025868567172437906,10.0,1.0,10.0
1038.0,0.03868824243545532,0.03868824243545532,0.0004232685605529696,0.00866211112588644,0.002579344669356942,10.0,1.0,10.0
1039.0,0.038595691323280334,0.038595691323280334,0.00042196313734166324,0.008657557889819145,0.0025718503165990114,10.0,1.0,10.0
1040.0,0.03850340098142624,0.03850340098142624,0.00042065558955073357,0.008653043769299984,0.002564379945397377,10.0,1.0,10.0
1041.0,0.038411278277635574,0.038411278277635574,0.0004193561908323318,0.00864848867058754,0.0025569226127117872,10.0,1.0,10.0
1042.0,0.0383194163441658,0.0383194163441658,0.00041805909131653607,0.008643938228487968,0.002549488563090563,10.0,1.0,10.0
1043.0,0.03822775185108185,0.03822775185108185,0.0004167608276475221,0.008639425039291382,0.0025420719757676125,10.0,1.0,10.0
1044.0,0.0381363146007061,0.0381363146007061,0.00041547828004695475,0.008634809404611588,0.002534672152251005,10.0,1.0,10.0
1045.0,0.03804510831832886,0.03804510831832886,0.0004141854587942362,0.008630288764834404,0.002527296543121338,10.0,1.0,10.0
1046.0,0.037954092025756836,0.037954092025756836,0.00041290480294264853,0.0086256954818964,0.00251993490383029,10.0,1.0,10.0
1047.0,0.03786331042647362,0.03786331042647362,0.0004116277559660375,0.008621105924248695,0.002512592589482665,10.0,1.0,10.0
1048.0,0.03777274489402771,0.03777274489402771,0.0004103488172404468,0.008616534993052483,0.0025052721612155437,10.0,1.0,10.0
1049.0,0.037682391703128815,0.037682391703128815,0.000409082043915987,0.008611899800598621,0.0024979670997709036,10.0,1.0,10.0
1050.0,0.037592243403196335,0.037592243403196335,0.00040780907147563994,0.00860730092972517,0.002490685088559985,10.0,1.0,10.0
1051.0,0.03750233352184296,0.03750233352184296,0.00040654512122273445,0.008602666668593884,0.0024834214709699154,10.0,1.0,10.0
1052.0,0.03741259127855301,0.03741259127855301,0.00040528696263208985,0.00859798863530159,0.0024761734530329704,10.0,1.0,10.0
1053.0,0.03732310235500336,0.03732310235500336,0.00040402464219368994,0.0085933618247509,0.0024689496494829655,10.0,1.0,10.0
1054.0,0.03723379969596863,0.03723379969596863,0.0004027763498015702,0.008588628843426704,0.0024617407470941544,10.0,1.0,10.0
1055.0,0.03714471310377121,0.03714471310377121,0.0004015232261735946,0.008583944290876389,0.0024545537307858467,10.0,1.0,10.0
1056.0,0.037055835127830505,0.037055835127830505,0.0004002756322734058,0.008579226210713387,0.0024473853409290314,10.0,1.0,10.0
1057.0,0.03696717321872711,0.03696717321872711,0.00039903796277940273,0.00857444666326046,0.0024402348790317774,10.0,1.0,10.0
1058.0,0.036878690123558044,0.036878690123558044,0.0003977943561039865,0.008569703437387943,0.0024331039749085903,10.0,1.0,10.0
1059.0,0.03679041191935539,0.03679041191935539,0.00039655977161601186,0.008564911782741547,0.0024259903002530336,10.0,1.0,10.0
1060.0,0.03670237213373184,0.03670237213373184,0.0003953295527026057,0.00856009405106306,0.002418898046016693,10.0,1.0,10.0
1061.0,0.03661447763442993,0.03661447763442993,0.00039409802411682904,0.008555253967642784,0.0024118241854012012,10.0,1.0,10.0
1062.0,0.03652683645486832,0.03652683645486832,0.0003928763326257467,0.008550385013222694,0.0024047689512372017,10.0,1.0,10.0
1063.0,0.03643939644098282,0.03643939644098282,0.00039165362250059843,0.008545512333512306,0.002397734671831131,10.0,1.0,10.0
1064.0,0.036352116614580154,0.036352116614580154,0.00039043655851855874,0.008540574461221695,0.0023907176218926907,10.0,1.0,10.0
1065.0,0.0362650565803051,0.0362650565803051,0.0003892232780344784,0.008535636588931084,0.0023837187327444553,10.0,1.0,10.0
1066.0,0.03617819398641586,0.03617819398641586,0.000388013431802392,0.008530654944479465,0.0023767403326928616,10.0,1.0,10.0
1067.0,0.03609151393175125,0.03609151393175125,0.0003868059138767421,0.00852565374225378,0.002369779860600829,10.0,1.0,10.0
1068.0,0.036005035042762756,0.036005035042762756,0.00038560281973332167,0.008520619943737984,0.00236283871345222,10.0,1.0,10.0
1069.0,0.03591875731945038,0.03591875731945038,0.0003844047023449093,0.008515536785125732,0.0023559171240776777,10.0,1.0,10.0
1070.0,0.035832665860652924,0.035832665860652924,0.00038320478051900864,0.008510464802384377,0.002349015325307846,10.0,1.0,10.0
1071.0,0.03574676439166069,0.03574676439166069,0.00038201891584321856,0.008505292236804962,0.0023421284276992083,10.0,1.0,10.0
1072.0,0.035661064088344574,0.035661064088344574,0.0003808235633186996,0.00850016437470913,0.0023352664429694414,10.0,1.0,10.0
1073.0,0.035575538873672485,0.035575538873672485,0.00037964474176988006,0.008494925685226917,0.0023284165654331446,10.0,1.0,10.0
1074.0,0.03549020737409592,0.03549020737409592,0.0003784547734539956,0.008489737287163734,0.0023215922992676497,10.0,1.0,10.0
1075.0,0.035405054688453674,0.035405054688453674,0.0003772834315896034,0.008484413847327232,0.002314780605956912,10.0,1.0,10.0
1076.0,0.03532009944319725,0.03532009944319725,0.0003761068219318986,0.008479122072458267,0.0023079910315573215,10.0,1.0,10.0
1077.0,0.03523533046245575,0.03523533046245575,0.00037493364652618766,0.008473793044686317,0.0023012198507785797,10.0,1.0,10.0
1078.0,0.035150736570358276,0.035150736570358276,0.0003737697843462229,0.008468380197882652,0.0022944656666368246,10.0,1.0,10.0
1079.0,0.03506634011864662,0.03506634011864662,0.00037260103272274137,0.008462987840175629,0.002287734067067504,10.0,1.0,10.0
1080.0,0.03498212248086929,0.03498212248086929,0.00037144756061024964,0.008457478135824203,0.002281016670167446,10.0,1.0,10.0
1081.0,0.03489807993173599,0.03489807993173599,0.000370281923096627,0.008452026173472404,0.002274323720484972,10.0,1.0,10.0
1082.0,0.03481420502066612,0.03481420502066612,0.0003691362508106977,0.008446437306702137,0.0022676405496895313,10.0,1.0,10.0
1083.0,0.034730538725852966,0.034730538725852966,0.0003679858928080648,0.008440861478447914,0.002260982058942318,10.0,1.0,10.0
1084.0,0.03464704006910324,0.03464704006910324,0.0003668313438538462,0.008435280993580818,0.00225434429012239,10.0,1.0,10.0
1085.0,0.034563712775707245,0.034563712775707245,0.000365700398106128,0.00842953845858574,0.0022477172315120697,10.0,1.0,10.0
1086.0,0.034480564296245575,0.034480564296245575,0.00036454646033234894,0.008423905819654465,0.0022411192767322063,10.0,1.0,10.0
1087.0,0.034397587180137634,0.034397587180137634,0.00036342526436783373,0.008418072946369648,0.002234525978565216,10.0,1.0,10.0
1088.0,0.03431478142738342,0.03431478142738342,0.00036227787495590746,0.008412354625761509,0.00222796481102705,10.0,1.0,10.0
1089.0,0.03423216938972473,0.03423216938972473,0.0003611621796153486,0.008406436070799828,0.002221411094069481,10.0,1.0,10.0
1090.0,0.03414971008896828,0.03414971008896828,0.00036002928391098976,0.008400583639740944,0.002214883454144001,10.0,1.0,10.0
1091.0,0.03406744450330734,0.03406744450330734,0.00035890660365112126,0.008394667878746986,0.0022083711810410023,10.0,1.0,10.0
1092.0,0.033985354006290436,0.033985354006290436,0.0003577948082238436,0.0083886394277215,0.0022018766030669212,10.0,1.0,10.0
1093.0,0.03390340507030487,0.03390340507030487,0.0003566704108379781,0.008382665924727917,0.0021954036783427,10.0,1.0,10.0
1094.0,0.03382161259651184,0.03382161259651184,0.0003555657167453319,0.008376548998057842,0.0021889405325055122,10.0,1.0,10.0
1095.0,0.03374001011252403,0.03374001011252403,0.0003544522332958877,0.008370455354452133,0.00218250323086977,10.0,1.0,10.0
1096.0,0.033658578991889954,0.033658578991889954,0.00035334803396835923,0.008364282548427582,0.0021760817617177963,10.0,1.0,10.0
1097.0,0.033577319234609604,0.033577319234609604,0.0003522475017234683,0.008358065970242023,0.0021696777548640966,10.0,1.0,10.0
1098.0,0.03349621966481209,0.03349621966481209,0.00035114772617816925,0.008351821452379227,0.0021632921416312456,10.0,1.0,10.0
1099.0,0.033415284007787704,0.033415284007787704,0.0003500552265904844,0.008345488458871841,0.0021569242235273123,10.0,1.0,10.0
1100.0,0.03333451598882675,0.03333451598882675,0.0003489594964776188,0.008339166641235352,0.002150575630366802,10.0,1.0,10.0
1101.0,0.033253904432058334,0.033253904432058334,0.00034787438926286995,0.00833272747695446,0.002144243335351348,10.0,1.0,10.0
1102.0,0.033173445612192154,0.033173445612192154,0.00034678817610256374,0.008326273411512375,0.002137928968295455,10.0,1.0,10.0
1103.0,0.033093154430389404,0.033093154430389404,0.0003457049315329641,0.008319772779941559,0.0021316329948604107,10.0,1.0,10.0
1104.0,0.03301301598548889,0.03301301598548889,0.0003446296905167401,0.008313191123306751,0.002125352621078491,10.0,1.0,10.0
1105.0,0.032933030277490616,0.032933030277490616,0.0003435495600569993,0.008306615054607391,0.0021190920379012823,10.0,1.0,10.0
1106.0,0.032853223383426666,0.032853223383426666,0.0003424838068895042,0.008299914188683033,0.002112847287207842,10.0,1.0,10.0
1107.0,0.032773591578006744,0.032773591578006744,0.0003414079255890101,0.008293264545500278,0.002106624888256192,10.0,1.0,10.0
1108.0,0.03269406408071518,0.03269406408071518,0.00034035195130854845,0.008286448195576668,0.002100409707054496,10.0,1.0,10.0
1109.0,0.03261474519968033,0.03261474519968033,0.00033928046468645334,0.008279694244265556,0.0020942247938364744,10.0,1.0,10.0
1110.0,0.03253555670380592,0.03253555670380592,0.00033822868135757744,0.008272796869277954,0.0020880470983684063,10.0,1.0,10.0
1111.0,0.03245650976896286,0.03245650976896286,0.00033716921461746097,0.00826590321958065,0.0020818915218114853,10.0,1.0,10.0
1112.0,0.032377637922763824,0.032377637922763824,0.0003361207200214267,0.008258922025561333,0.002075750846415758,10.0,1.0,10.0
1113.0,0.032298896461725235,0.032298896461725235,0.00033506908221170306,0.008251911029219627,0.0020696292631328106,10.0,1.0,10.0
1114.0,0.032220322638750076,0.032220322638750076,0.0003340225957799703,0.008244842290878296,0.0020635253749787807,10.0,1.0,10.0
1115.0,0.03214190900325775,0.03214190900325775,0.0003329844039399177,0.008237686939537525,0.0020574377849698067,10.0,1.0,10.0
1116.0,0.032063599675893784,0.032063599675893784,0.00033193512354046106,0.008230550214648247,0.0020513697527348995,10.0,1.0,10.0
1117.0,0.03198549523949623,0.03198549523949623,0.00033091127988882363,0.008223270066082478,0.002045311266556382,10.0,1.0,10.0
1118.0,0.03190750628709793,0.03190750628709793,0.00032986659789457917,0.008216047659516335,0.0020392793230712414,10.0,1.0,10.0
1119.0,0.03182968497276306,0.03182968497276306,0.00032884569372981787,0.00820867158472538,0.002033255761489272,10.0,1.0,10.0
1120.0,0.03175199776887894,0.03175199776887894,0.0003278136719018221,0.008201314136385918,0.0020272547844797373,10.0,1.0,10.0
1121.0,0.03167446702718735,0.03167446702718735,0.00032678755815140903,0.008193893358111382,0.002021269639953971,10.0,1.0,10.0
1122.0,0.0315970778465271,0.0315970778465271,0.0003257763455621898,0.008186353370547295,0.0020152959041297436,10.0,1.0,10.0
1123.0,0.03151983022689819,0.03151983022689819,0.00032474621548317373,0.008178884163498878,0.002009348478168249,10.0,1.0,10.0
1124.0,0.03144271671772003,0.03144271671772003,0.0003237475175410509,0.008171194233000278,0.002003404777497053,10.0,1.0,10.0
1125.0,0.03136575222015381,0.03136575222015381,0.0003227190754842013,0.008163646794855595,0.001997491577640176,10.0,1.0,10.0
1126.0,0.031288936734199524,0.031288936734199524,0.0003217272460460663,0.008155837655067444,0.001991582801565528,10.0,1.0,10.0
1127.0,0.031212255358695984,0.031212255358695984,0.00032070852466858923,0.008148176595568657,0.0019856994040310383,10.0,1.0,10.0
1128.0,0.03113570064306259,0.03113570064306259,0.00031971471616998315,0.008140308782458305,0.001979824621230364,10.0,1.0,10.0
1129.0,0.03105930984020233,0.03105930984020233,0.0003187154943589121,0.008132447488605976,0.0019739707931876183,10.0,1.0,10.0
1130.0,0.030983049422502518,0.030983049422502518,0.00031771298381499946,0.008124575950205326,0.0019681344274431467,10.0,1.0,10.0
1131.0,0.03090694174170494,0.03090694174170494,0.000316729856422171,0.008116545155644417,0.0019623099360615015,10.0,1.0,10.0
1132.0,0.03083096258342266,0.03083096258342266,0.00031572667649015784,0.008108599111437798,0.0019565096590667963,10.0,1.0,10.0
1133.0,0.030755113810300827,0.030755113810300827,0.00031475594732910395,0.008100423030555248,0.0019507129909470677,10.0,1.0,10.0
1134.0,0.03067941963672638,0.03067941963672638,0.00031375326216220856,0.008092413656413555,0.0019449472893029451,10.0,1.0,10.0
1135.0,0.030603831633925438,0.030603831633925438,0.0003127924574073404,0.008084096014499664,0.0019391810055822134,10.0,1.0,10.0
1136.0,0.030528392642736435,0.030528392642736435,0.0003117964370176196,0.008075973019003868,0.001933445455506444,10.0,1.0,10.0
1137.0,0.030453108251094818,0.030453108251094818,0.0003108319651801139,0.008067622780799866,0.0019277166575193405,10.0,1.0,10.0
1138.0,0.030377939343452454,0.030377939343452454,0.000309855880914256,0.008059313520789146,0.001922006718814373,10.0,1.0,10.0
1139.0,0.030302902683615685,0.030302902683615685,0.0003088866360485554,0.008050930686295033,0.001916310517117381,10.0,1.0,10.0
1140.0,0.03022800013422966,0.03022800013422966,0.00030792594770900905,0.008042456582188606,0.0019106284016743302,10.0,1.0,10.0
1141.0,0.030153237283229828,0.030153237283229828,0.00030695024179294705,0.008034033700823784,0.001904970034956932,10.0,1.0,10.0
1142.0,0.03007861226797104,0.03007861226797104,0.00030600864556618035,0.008025377988815308,0.0018993146950379014,10.0,1.0,10.0
1143.0,0.0300041064620018,0.0300041064620018,0.00030502781737595797,0.008016927167773247,0.0018936899723485112,10.0,1.0,10.0
1144.0,0.029929742217063904,0.029929742217063904,0.0003040992596652359,0.008008111268281937,0.001888063969090581,10.0,1.0,10.0
1145.0,0.029855478554964066,0.029855478554964066,0.00030312116723507643,0.007999555207788944,0.0018824711441993713,10.0,1.0,10.0
1146.0,0.029781367629766464,0.029781367629766464,0.0003021959855686873,0.007990656420588493,0.0018768749432638288,10.0,1.0,10.0
1147.0,0.029707370325922966,0.029707370325922966,0.00030122598400339484,0.007981979288160801,0.001871313201263547,10.0,1.0,10.0
1148.0,0.02963351458311081,0.02963351458311081,0.00030030665220692754,0.007972966879606247,0.0018657480832189322,10.0,1.0,10.0
1149.0,0.029559781774878502,0.029559781774878502,0.00029934218036942184,0.007964195683598518,0.0018602163763716817,10.0,1.0,10.0
1150.0,0.02948618307709694,0.02948618307709694,0.0002984276507049799,0.0079550975933671,0.001854680827818811,10.0,1.0,10.0
1151.0,0.02941269427537918,0.02941269427537918,0.0002974690869450569,0.007946222089231014,0.0018491779919713736,10.0,1.0,10.0
1152.0,0.029339343309402466,0.029339343309402466,0.00029655976686626673,0.007937027141451836,0.001843671896494925,10.0,1.0,10.0
1153.0,0.029266124591231346,0.029266124591231346,0.00029560894472524524,0.007928038947284222,0.0018381995614618063,10.0,1.0,10.0
1154.0,0.02919299341738224,0.02919299341738224,0.00029470137087628245,0.007918750867247581,0.0018327228026464581,10.0,1.0,10.0
1155.0,0.02912001498043537,0.02912001498043537,0.000293760618660599,0.007909641601145267,0.0018272766610607505,10.0,1.0,10.0
1156.0,0.029047146439552307,0.029047146439552307,0.0002928561589214951,0.007900265976786613,0.0018218320328742266,10.0,1.0,10.0
1157.0,0.028974410146474838,0.028974410146474838,0.00029191849171184003,0.007891068235039711,0.0018164156936109066,10.0,1.0,10.0
1158.0,0.028901806101202965,0.028901806101202965,0.00029102416010573506,0.00788157619535923,0.0018109988886862993,10.0,1.0,10.0
1159.0,0.02882932312786579,0.02882932312786579,0.000290089868940413,0.007872279733419418,0.0018056145636364818,10.0,1.0,10.0
1160.0,0.028756946325302124,0.028756946325302124,0.0002891995245590806,0.007862696424126625,0.0018002254655584693,10.0,1.0,10.0
1161.0,0.028684694319963455,0.028684694319963455,0.0002882721310015768,0.007853284478187561,0.0017948689637705684,10.0,1.0,10.0
1162.0,0.02861255407333374,0.02861255407333374,0.00028738478431478143,0.007843604311347008,0.0017895102500915527,10.0,1.0,10.0
1163.0,0.02854054979979992,0.02854054979979992,0.0002864657435566187,0.007834106683731079,0.001784178544767201,10.0,1.0,10.0
1164.0,0.02846866101026535,0.02846866101026535,0.00028558060876093805,0.007824346423149109,0.001778850913979113,10.0,1.0,10.0
1165.0,0.02839687652885914,0.02839687652885914,0.00028467061929404736,0.007814711891114712,0.0017735458677634597,10.0,1.0,10.0
1166.0,0.028325222432613373,0.028325222432613373,0.0002837888605426997,0.0078048789873719215,0.0017682455945760012,10.0,1.0,10.0
1167.0,0.028253700584173203,0.028253700584173203,0.00028288064640946686,0.0077951690182089806,0.0017629723297432065,10.0,1.0,10.0
1168.0,0.028182288631796837,0.028182288631796837,0.0002820134104695171,0.0077851745299994946,0.0017576979007571936,10.0,1.0,10.0
1169.0,0.028110980987548828,0.028110980987548828,0.00028109748382121325,0.007775445468723774,0.0017524560680612922,10.0,1.0,10.0
1170.0,0.02803978882730007,0.02803978882730007,0.00028024829225614667,0.007765284273773432,0.0017472021281719208,10.0,1.0,10.0
1171.0,0.02796873264014721,0.02796873264014721,0.0002793272433336824,0.0077555300667881966,0.0017419930081814528,10.0,1.0,10.0
1172.0,0.027897749096155167,0.027897749096155167,0.00027849205071106553,0.00774521566927433,0.0017367613036185503,10.0,1.0,10.0
1173.0,0.027826927602291107,0.027826927602291107,0.00027756334748119116,0.0077354395762085915,0.001731585361994803,10.0,1.0,10.0
1174.0,0.027756188064813614,0.027756188064813614,0.0002767508558463305,0.0077249291352927685,0.0017263750778511167,10.0,1.0,10.0
1175.0,0.027685603126883507,0.027685603126883507,0.0002758073387667537,0.0077151949517428875,0.00172123359516263,10.0,1.0,10.0
1176.0,0.027615081518888474,0.027615081518888474,0.00027502275770530105,0.00770444143563509,0.0017160411225631833,10.0,1.0,10.0
1177.0,0.027544710785150528,0.027544710785150528,0.000274054822511971,0.007694790605455637,0.001710937125608325,10.0,1.0,10.0
1178.0,0.027474436908960342,0.027474436908960342,0.00027331229648552835,0.007683727890253067,0.0017057587392628193,10.0,1.0,10.0
1179.0,0.027404267340898514,0.027404267340898514,0.0002723019861150533,0.007674258667975664,0.0017006988637149334,10.0,1.0,10.0
1180.0,0.02733423188328743,0.02733423188328743,0.00027162564219906926,0.007662753574550152,0.001695522223599255,10.0,1.0,10.0
1181.0,0.027264297008514404,0.027264297008514404,0.00027054446400143206,0.007653658278286457,0.0016905193915590644,10.0,1.0,10.0
1182.0,0.02719448320567608,0.02719448320567608,0.00026996663655154407,0.00764149334281683,0.0016853322740644217,10.0,1.0,10.0
1183.0,0.02712477371096611,0.02712477371096611,0.0002687716332729906,0.007633035071194172,0.0016804023180156946,10.0,1.0,10.0
1184.0,0.02705516666173935,0.02705516666173935,0.00026835035532712936,0.007619838230311871,0.0016751824878156185,10.0,1.0,10.0
1185.0,0.026985682547092438,0.026985682547092438,0.00026696675922721624,0.007612493820488453,0.0016703521832823753,10.0,1.0,10.0
1186.0,0.026916321367025375,0.026916321367025375,0.0002667959488462657,0.007597732357680798,0.0016650630859658122,10.0,1.0,10.0
1187.0,0.02684706449508667,0.02684706449508667,0.00026510399766266346,0.0075921956449747086,0.0016603829571977258,10.0,1.0,10.0
1188.0,0.02677794173359871,0.02677794173359871,0.0002653436386026442,0.007574896793812513,0.0016549610299989581,10.0,1.0,10.0
1189.0,0.026708927005529404,0.026708927005529404,0.0002631279930938035,0.007572522386908531,0.001650512684136629,10.0,1.0,10.0
1190.0,0.02664005011320114,0.02664005011320114,0.0002640671154949814,0.007550939917564392,0.0016448438400402665,10.0,1.0,10.0
1191.0,0.02657134272158146,0.02657134272158146,0.0002609473012853414,0.007554078008979559,0.001640779199078679,10.0,1.0,10.0
1192.0,0.026502840220928192,0.026502840220928192,0.00026309420354664326,0.007525209337472916,0.0016346690244972706,10.0,1.0,10.0
1193.0,0.02643461339175701,0.02643461339175701,0.0002583953901194036,0.007538103498518467,0.001631255610845983,10.0,1.0,10.0
1194.0,0.026366781443357468,0.026366781443357468,0.00026267507928423584,0.007496545556932688,0.0016243484569713473,10.0,1.0,10.0
1195.0,0.02629956416785717,0.02629956416785717,0.00025516306050121784,0.00752713717520237,0.0016220796387642622,10.0,1.0,10.0
1196.0,0.02623344212770462,0.02623344212770462,0.0002632934192661196,0.00746322562918067,0.0016137281199917197,10.0,1.0,10.0
1197.0,0.02616915851831436,0.02616915851831436,0.00025070642004720867,0.00752677908167243,0.0016135317273437977,10.0,1.0,10.0
1198.0,0.02610820159316063,0.02610820159316063,0.0002659232122823596,0.007423480041325092,0.0016025489894673228,10.0,1.0,10.0
1199.0,0.026053331792354584,0.026053331792354584,0.00024406857846770436,0.0075505441054701805,0.001606210134923458,10.0,1.0,10.0
1200.0,0.02600984461605549,0.02600984461605549,0.00027263961965218186,0.0073791565373539925,0.0015904292231425643,10.0,1.0,10.0
1201.0,0.025987744331359863,0.025987744331359863,0.00023376618628390133,0.007634987123310566,0.0016015095170587301,10.0,1.0,10.0
1202.0,0.02600630186498165,0.02600630186498165,0.00028821887099184096,0.007353543303906918,0.0015770569443702698,10.0,1.0,10.0
1203.0,0.026102276518940926,0.026102276518940926,0.000218270841287449,0.007889698259532452,0.0016029869439080358,10.0,1.0,10.0
1204.0,0.02634730190038681,0.02634730190038681,0.0003246621345169842,0.007466224487870932,0.0015634456649422646,10.0,1.0,10.0
1205.0,0.026875261217355728,0.026875261217355728,0.0001998746593017131,0.008669763803482056,0.0016206750879064202,10.0,1.0,10.0
1206.0,0.027941672131419182,0.027941672131419182,0.00041456802864558995,0.008219169452786446,0.0015576822916045785,10.0,1.0,10.0
1207.0,0.02997870370745659,0.02997870370745659,0.00020197594130877405,0.011120996437966824,0.0016837946604937315,10.0,1.0,10.0
1208.0,0.033695049583911896,0.033695049583911896,0.0006427782354876399,0.0113289849832654,0.0015938279684633017,10.0,1.0,10.0
1209.0,0.03977247327566147,0.03977247327566147,0.00031178121571429074,0.018051348626613617,0.0018603312782943249,10.0,1.0,10.0
1210.0,0.04826580733060837,0.04826580733060837,0.001122186309657991,0.019632164388895035,0.0017411779845133424,10.0,1.0,10.0
1211.0,0.056076228618621826,0.056076228618621826,0.0005785344401374459,0.028886348009109497,0.002140453550964594,10.0,1.0,10.0
1212.0,0.057374972850084305,0.057374972850084305,0.0014214293332770467,0.024641403928399086,0.001851927489042282,10.0,1.0,10.0
1213.0,0.04728765785694122,0.04728765785694122,0.00044956765486858785,0.022785576060414314,0.0020006406120955944,10.0,1.0,10.0
1214.0,0.0323137603700161,0.0323137603700161,0.0006188552943058312,0.010443072766065598,0.0015682134544476867,10.0,1.0,10.0
1215.0,0.024991553276777267,0.024991553276777267,0.00023337535094469786,0.007317076437175274,0.0015340722166001797,10.0,1.0,10.0
1216.0,0.0298159159719944,0.0298159159719944,0.00020555539231281728,0.011145191267132759,0.0016615170752629638,10.0,1.0,10.0
1217.0,0.03842277079820633,0.03842277079820633,0.0008429281879216433,0.01376474928110838,0.0016228737076744437,10.0,1.0,10.0
1218.0,0.03968891128897667,0.03968891128897667,0.00033023444120772183,0.017942627891898155,0.0018443939043208957,10.0,1.0,10.0
1219.0,0.0322413444519043,0.0322413444519043,0.0006196727626956999,0.010569775477051735,0.0015474840765818954,10.0,1.0,10.0
1220.0,0.0252479687333107,0.0252479687333107,0.00020051849423907697,0.007865621708333492,0.0015377161325886846,10.0,1.0,10.0
1221.0,0.026257526129484177,0.026257526129484177,0.0001888473198050633,0.008722880855202675,0.001564617152325809,10.0,1.0,10.0
1222.0,0.03168365731835365,0.03168365731835365,0.0006020345026627183,0.010348154231905937,0.0015315157361328602,10.0,1.0,10.0
1223.0,0.03308338671922684,0.03308338671922684,0.00024148781085386872,0.013626208528876305,0.0017042300896719098,10.0,1.0,10.0
1224.0,0.028675537556409836,0.028675537556409836,0.0004933315794914961,0.008738682605326176,0.0015003540320321918,10.0,1.0,10.0
1225.0,0.024586137384176254,0.024586137384176254,0.0002079200348816812,0.007472803816199303,0.0015034133102744818,10.0,1.0,10.0
1226.0,0.02557680755853653,0.02557680755853653,0.0001873820583568886,0.00837610848248005,0.001532687689177692,10.0,1.0,10.0
1227.0,0.028833400458097458,0.028833400458097458,0.0005037435912527144,0.008893647231161594,0.0014902318362146616,10.0,1.0,10.0
1228.0,0.029055621474981308,0.029055621474981308,0.00019920941849704832,0.010979252867400646,0.001608427381142974,10.0,1.0,10.0
1229.0,0.026042699813842773,0.026042699813842773,0.00037990661803632975,0.007630887441337109,0.001461274572648108,10.0,1.0,10.0
1230.0,0.02405851148068905,0.02405851148068905,0.00022698950488120317,0.007102437317371368,0.0014686179347336292,10.0,1.0,10.0
1231.0,0.025227375328540802,0.025227375328540802,0.00018430870841257274,0.008266988210380077,0.0015117299044504762,10.0,1.0,10.0
1232.0,0.027001645416021347,0.027001645416021347,0.0004294003883842379,0.008149784058332443,0.0014557858230546117,10.0,1.0,10.0
1233.0,0.02649971842765808,0.02649971842765808,0.00018196713062934577,0.00931613426655531,0.0015363912098109722,10.0,1.0,10.0
1234.0,0.02452803961932659,0.02452803961932659,0.00030818727100268006,0.007079036440700293,0.0014367130352184176,10.0,1.0,10.0
1235.0,0.023783324286341667,0.023783324286341667,0.0002435957285342738,0.006952045951038599,0.0014395320322364569,10.0,1.0,10.0
1236.0,0.024790607392787933,0.024790607392787933,0.000182835734449327,0.00811674166470766,0.0014845507685095072,10.0,1.0,10.0
1237.0,0.025593722239136696,0.025593722239136696,0.00037615117616951466,0.007549667730927467,0.0014282542979344726,10.0,1.0,10.0
1238.0,0.02489902637898922,0.02489902637898922,0.00017997503164224327,0.008271541446447372,0.0014827734557911754,10.0,1.0,10.0
1239.0,0.02372349612414837,0.02372349612414837,0.00026567824534140527,0.006880856119096279,0.0014185856562107801,10.0,1.0,10.0
1240.0,0.023561693727970123,0.023561693727970123,0.00025333144003525376,0.00686505064368248,0.0014163327869027853,10.0,1.0,10.0
1241.0,0.024253476411104202,0.024253476411104202,0.00018241074576508254,0.007849935442209244,0.001457943464629352,10.0,1.0,10.0
1242.0,0.02452079765498638,0.02452079765498638,0.0003305832506157458,0.007170419674366713,0.0014044545823708177,10.0,1.0,10.0
1243.0,0.023913506418466568,0.023913506418466568,0.00018467636255081743,0.007645435631275177,0.0014421307714655995,10.0,1.0,10.0
1244.0,0.023258280009031296,0.023258280009031296,0.00024040782591328025,0.006837147753685713,0.0014017053181305528,10.0,1.0,10.0
1245.0,0.023294389247894287,0.023294389247894287,0.00025317445397377014,0.006812931038439274,0.0013949715066701174,10.0,1.0,10.0
1246.0,0.023700442165136337,0.023700442165136337,0.0001834138238336891,0.007579592987895012,0.0014286709483712912,10.0,1.0,10.0
1247.0,0.023729249835014343,0.023729249835014343,0.00029622510191984475,0.0069359708577394485,0.0013831028481945395,10.0,1.0,10.0
1248.0,0.023283757269382477,0.023283757269382477,0.0001899495837278664,0.0072829932905733585,0.0014101266860961914,10.0,1.0,10.0
1249.0,0.0229193028062582,0.0229193028062582,0.00022722604626324028,0.0068076299503445625,0.0013839412713423371,10.0,1.0,10.0
1250.0,0.02298050746321678,0.02298050746321678,0.00024728983407840133,0.006761517841368914,0.0013746090698987246,10.0,1.0,10.0
1251.0,0.02319275215268135,0.02319275215268135,0.00018519017612561584,0.007333774119615555,0.0014007077552378178,10.0,1.0,10.0
1252.0,0.02314135618507862,0.02314135618507862,0.00027214502915740013,0.00678636971861124,0.0013633535709232092,10.0,1.0,10.0
1253.0,0.02283627912402153,0.02283627912402153,0.00019383494509384036,0.00707321148365736,0.0013824718771502376,10.0,1.0,10.0
1254.0,0.02261669561266899,0.02261669561266899,0.000219321547774598,0.006779872812330723,0.0013643607962876558,10.0,1.0,10.0
1255.0,0.022648151963949203,0.022648151963949203,0.0002391157322563231,0.006707631517201662,0.0013549363939091563,10.0,1.0,10.0
1256.0,0.022746752947568893,0.022746752947568893,0.0001875210873549804,0.007130569778382778,0.0013740971917286515,10.0,1.0,10.0
1257.0,0.022681739181280136,0.022681739181280136,0.0002537632535677403,0.00670153833925724,0.0013442569179460406,10.0,1.0,10.0
1258.0,0.022474661469459534,0.022474661469459534,0.00019548225100152194,0.006933450233191252,0.0013586388668045402,10.0,1.0,10.0
1259.0,0.02232309617102146,0.02232309617102146,0.00021518190624192357,0.006726074498146772,0.0013445202494040132,10.0,1.0,10.0
1260.0,0.02231840416789055,0.02231840416789055,0.00022946897661313415,0.006664094515144825,0.0013359618606045842,10.0,1.0,10.0
1261.0,0.022353876382112503,0.022353876382112503,0.00018956649000756443,0.006965345237404108,0.0013492866419255733,10.0,1.0,10.0
1262.0,0.022295866161584854,0.022295866161584854,0.00024074070097412914,0.006633982993662357,0.0013254476943984628,10.0,1.0,10.0
1263.0,0.022151855751872063,0.022151855751872063,0.00019514527230057865,0.0068371351808309555,0.0013363268226385117,10.0,1.0,10.0
1264.0,0.022033268585801125,0.022033268585801125,0.00021254891180433333,0.006668423768132925,0.0013239355757832527,10.0,1.0,10.0
1265.0,0.02200019732117653,0.02200019732117653,0.00022071650892030448,0.00662088580429554,0.0013172146864235401,10.0,1.0,10.0
1266.0,0.021999461576342583,0.021999461576342583,0.00019109691493213177,0.0068321432918310165,0.0013256348902359605,10.0,1.0,10.0
1267.0,0.02195071429014206,0.02195071429014206,0.00023030422744341195,0.006581419613212347,0.0013066253159195185,10.0,1.0,10.0
1268.0,0.021846728399395943,0.021846728399395943,0.0001940250804182142,0.00675575714558363,0.0013150719460099936,10.0,1.0,10.0
1269.0,0.021747007966041565,0.021747007966041565,0.00021064182510599494,0.0066068521700799465,0.0013033738359808922,10.0,1.0,10.0
1270.0,0.021695055067539215,0.021695055067539215,0.0002124953898601234,0.006584344897419214,0.0012985756620764732,10.0,1.0,10.0
1271.0,0.021671287715435028,0.021671287715435028,0.00019257611711509526,0.0067176613956689835,0.0013027865206822753,10.0,1.0,10.0
1272.0,0.021628085523843765,0.021628085523843765,0.00022171840828377753,0.006532804109156132,0.0012878096895292401,10.0,1.0,10.0
1273.0,0.021549807861447334,0.021549807861447334,0.00019227704615332186,0.0066836560145020485,0.0012943381443619728,10.0,1.0,10.0
1274.0,0.021463913843035698,0.021463913843035698,0.00020906906866002828,0.006541604641824961,0.0012831619242206216,10.0,1.0,10.0
1275.0,0.021401315927505493,0.021401315927505493,0.00020511139882728457,0.006546320393681526,0.0012803880963474512,10.0,1.0,10.0
1276.0,0.021361377090215683,0.021361377090215683,0.00019341512233950198,0.006615409627556801,0.0012811815831810236,10.0,1.0,10.0
1277.0,0.021318918094038963,0.021318918094038963,0.00021402216225396842,0.0064825573936104774,0.0012696139747276902,10.0,1.0,10.0
1278.0,0.021256733685731888,0.021256733685731888,0.00019046491070184857,0.006609074771404266,0.0012743009719997644,10.0,1.0,10.0
1279.0,0.02118276059627533,0.02118276059627533,0.0002067921159323305,0.006479490548372269,0.0012635347666218877,10.0,1.0,10.0
1280.0,0.021116290241479874,0.021116290241479874,0.0001987354626180604,0.006505981553345919,0.00126229552552104,10.0,1.0,10.0
1281.0,0.021065056324005127,0.021065056324005127,0.00019408849766477942,0.006523171439766884,0.001260099932551384,10.0,1.0,10.0
1282.0,0.02101936750113964,0.02101936750113964,0.00020671480160672218,0.006437515839934349,0.0012514704139903188,10.0,1.0,10.0
1283.0,0.020965833216905594,0.020965833216905594,0.00018907921912614256,0.006532903760671616,0.0012542136246338487,10.0,1.0,10.0
1284.0,0.020902056246995926,0.020902056246995926,0.00020405621035024524,0.006418746896088123,0.001244274782948196,10.0,1.0,10.0
1285.0,0.020836930721998215,0.020836930721998215,0.00019322884327266365,0.006463487166911364,0.0012441156432032585,10.0,1.0,10.0
1286.0,0.020779073238372803,0.020779073238372803,0.00019438118033576757,0.006439001765102148,0.001239625969901681,10.0,1.0,10.0
1287.0,0.020728250965476036,0.020728250965476036,0.00019994974718429148,0.006392729002982378,0.0012336025247350335,10.0,1.0,10.0
1288.0,0.020677339285612106,0.020677339285612106,0.00018803788407240063,0.006454738788306713,0.0012342222034931183,10.0,1.0,10.0
1289.0,0.020620886236429214,0.020620886236429214,0.00020040957315359265,0.006361482664942741,0.0012255307519808412,10.0,1.0,10.0
1290.0,0.020560096949338913,0.020560096949338913,0.00018890971841756254,0.006413144990801811,0.0012257853522896767,10.0,1.0,10.0
1291.0,0.02050035633146763,0.02050035633146763,0.0001939027279149741,0.006363229360431433,0.0012198099866509438,10.0,1.0,10.0
1292.0,0.020445076748728752,0.020445076748728752,0.00019360249279998243,0.006349139381200075,0.0012159912148490548,10.0,1.0,10.0
1293.0,0.02039283886551857,0.02039283886551857,0.0001874412555480376,0.006373817566782236,0.0012144609354436398,10.0,1.0,10.0
1294.0,0.020339731127023697,0.020339731127023697,0.00019578394130803645,0.006307980045676231,0.0012073912657797337,10.0,1.0,10.0
1295.0,0.020283587276935577,0.020283587276935577,0.00018564771744422615,0.006354094948619604,0.001207301625981927,10.0,1.0,10.0
1296.0,0.02022556960582733,0.02022556960582733,0.0001925135584315285,0.006293464917689562,0.0012006970355287194,10.0,1.0,10.0
1297.0,0.020168498158454895,0.020168498158454895,0.00018801921396516263,0.0063041094690561295,0.001198419602587819,10.0,1.0,10.0
1298.0,0.020113829523324966,0.020113829523324966,0.00018692751473281533,0.00629518972709775,0.001194936572574079,10.0,1.0,10.0
1299.0,0.020060699433088303,0.020060699433088303,0.00019066265667788684,0.006257446948438883,0.0011896626092493534,10.0,1.0,10.0
1300.0,0.020007124170660973,0.020007124170660973,0.00018347022705711424,0.006287189666181803,0.0011885232524946332,10.0,1.0,10.0
1301.0,0.019951967522501945,0.019951967522501945,0.00018988731608260423,0.006231042556464672,0.0011822052765637636,10.0,1.0,10.0
1302.0,0.0198958832770586,0.0198958832770586,0.00018357533554080874,0.006253205239772797,0.0011806924594566226,10.0,1.0,10.0
1303.0,0.019840233027935028,0.019840233027935028,0.00018603182979859412,0.006221370305866003,0.0011758544715121388,10.0,1.0,10.0
1304.0,0.019785821437835693,0.019785821437835693,0.00018542844918556511,0.006209235638380051,0.001172229996882379,10.0,1.0,10.0
1305.0,0.01973237283527851,0.01973237283527851,0.00018211522547062486,0.006214608438313007,0.0011696612928062677,10.0,1.0,10.0
1306.0,0.019678916782140732,0.019678916782140732,0.00018609649850986898,0.00617471057921648,0.001164324232377112,10.0,1.0,10.0
1307.0,0.019624758511781693,0.019624758511781693,0.0001803494233172387,0.006194464862346649,0.0011626798659563065,10.0,1.0,10.0
1308.0,0.019570037722587585,0.019570037722587585,0.00018426610040478408,0.006153770722448826,0.0011573606170713902,10.0,1.0,10.0
1309.0,0.019515391439199448,0.019515391439199448,0.00018073483079206198,0.00615939125418663,0.001154865138232708,10.0,1.0,10.0
1310.0,0.019461315125226974,0.019461315125226974,0.00018096213170792907,0.006141910329461098,0.0011509782634675503,10.0,1.0,10.0
1311.0,0.019407909363508224,0.019407909363508224,0.00018162753258366138,0.006122196558862925,0.001146943774074316,10.0,1.0,10.0
1312.0,0.019354727119207382,0.019354727119207382,0.00017822212248574942,0.006127995438873768,0.0011444509727880359,10.0,1.0,10.0
1313.0,0.019301358610391617,0.019301358610391617,0.0001812943519325927,0.006093299016356468,0.0011395115870982409,10.0,1.0,10.0
1314.0,0.01924770325422287,0.01924770325422287,0.0001771179959177971,0.006103348918259144,0.0011373173911124468,10.0,1.0,10.0
1315.0,0.01919395476579666,0.01919395476579666,0.00017932092305272818,0.006073689088225365,0.0011327057145535946,10.0,1.0,10.0
1316.0,0.019140392541885376,0.019140392541885376,0.00017722512711770833,0.006070722825825214,0.0011297420132905245,10.0,1.0,10.0
1317.0,0.019087228924036026,0.019087228924036026,0.00017670923261903226,0.006058201659470797,0.0011261934414505959,10.0,1.0,10.0
1318.0,0.019034354016184807,0.019034354016184807,0.00017740197654347867,0.006038385443389416,0.0011221949243918061,10.0,1.0,10.0
1319.0,0.018981609493494034,0.018981609493494034,0.0001746261987136677,0.006040058098733425,0.0011195290135219693,10.0,1.0,10.0
1320.0,0.018928788602352142,0.018928788602352142,0.0001766786735970527,0.006011629942804575,0.001115037128329277,10.0,1.0,10.0
1321.0,0.01887587644159794,0.01887587644159794,0.00017359844059683383,0.006015046499669552,0.0011124846059828997,10.0,1.0,10.0
1322.0,0.01882300153374672,0.01882300153374672,0.00017493691120762378,0.005990925710648298,0.00110827072057873,10.0,1.0,10.0
1323.0,0.01877027377486229,0.01877027377486229,0.0001733464014250785,0.005985070485621691,0.0011051739566028118,10.0,1.0,10.0
1324.0,0.018717791885137558,0.018717791885137558,0.00017280856263823807,0.0059728301130235195,0.0011016875505447388,10.0,1.0,10.0
1325.0,0.01866549253463745,0.01866549253463745,0.00017309655959252268,0.005955467466264963,0.0010979060316458344,10.0,1.0,10.0
1326.0,0.018613312393426895,0.018613312393426895,0.00017103709978982806,0.005952739156782627,0.0010950200958177447,10.0,1.0,10.0
1327.0,0.018561169505119324,0.018561169505119324,0.00017228969954885542,0.005929429549723864,0.001090884325094521,10.0,1.0,10.0
1328.0,0.0185090359300375,0.0185090359300375,0.0001699351123534143,0.005928440950810909,0.001088124350644648,10.0,1.0,10.0
1329.0,0.018456922844052315,0.018456922844052315,0.00017084271530620754,0.005907150451093912,0.0010841345647349954,10.0,1.0,10.0
1330.0,0.018404968082904816,0.018404968082904816,0.00016933781444095075,0.005900940857827663,0.0010810649255290627,10.0,1.0,10.0
1331.0,0.01835315302014351,0.01835315302014351,0.00016908670659177005,0.005886955186724663,0.0010775330010801554,10.0,1.0,10.0
1332.0,0.01830146834254265,0.01830146834254265,0.00016884785145521164,0.005872960668057203,0.0010740029392763972,10.0,1.0,10.0
1333.0,0.01824992522597313,0.01824992522597313,0.0001674694212852046,0.005866103805601597,0.0010709126945585012,10.0,1.0,10.0
1334.0,0.018198471516370773,0.018198471516370773,0.00016806571511551738,0.005846926011145115,0.0010670889168977737,10.0,1.0,10.0
1335.0,0.018147068098187447,0.018147068098187447,0.00016624444106128067,0.0058427792973816395,0.0010641844710335135,10.0,1.0,10.0
1336.0,0.01809573918581009,0.01809573918581009,0.00016687900642864406,0.005823384039103985,0.001060356618836522,10.0,1.0,10.0
1337.0,0.01804451085627079,0.01804451085627079,0.00016538573254365474,0.0058172037824988365,0.0010573449544608593,10.0,1.0,10.0
1338.0,0.017993377521634102,0.017993377521634102,0.00016542838420718908,0.005801494233310223,0.0010537599446251988,10.0,1.0,10.0
1339.0,0.01794237643480301,0.01794237643480301,0.00016468623653054237,0.005790731403976679,0.0010504783131182194,10.0,1.0,10.0
1340.0,0.01789150759577751,0.01789150759577751,0.0001639469264773652,0.00577996950596571,0.0010472068097442389,10.0,1.0,10.0
1341.0,0.017840731889009476,0.017840731889009476,0.00016392093675676733,0.005764794070273638,0.0010436727898195386,10.0,1.0,10.0
1342.0,0.0177900530397892,0.0177900530397892,0.00016263846191577613,0.005757462233304977,0.0010406204964965582,10.0,1.0,10.0
1343.0,0.017739485949277878,0.017739485949277878,0.00016293537919409573,0.005740301683545113,0.0010369830997660756,10.0,1.0,10.0
1344.0,0.017688997089862823,0.017688997089862823,0.00016157135542016476,0.00573349604383111,0.001033978653140366,10.0,1.0,10.0
1345.0,0.01763857901096344,0.01763857901096344,0.0001617377420188859,0.005717179272323847,0.001030402141623199,10.0,1.0,10.0
1346.0,0.017588293179869652,0.017588293179869652,0.0001606812875252217,0.005708498414605856,0.0010272981598973274,10.0,1.0,10.0
1347.0,0.01753811538219452,0.01753811538219452,0.00016043518553487957,0.005694807041436434,0.0010238955728709698,10.0,1.0,10.0
1348.0,0.01748802326619625,0.01748802326619625,0.00015984769561327994,0.005683263763785362,0.001020628260448575,10.0,1.0,10.0
1349.0,0.01743805967271328,0.01743805967271328,0.00015914136020001024,0.005672476254403591,0.0010174170602113008,10.0,1.0,10.0
1350.0,0.017388220876455307,0.017388220876455307,0.00015896417608018965,0.005658440291881561,0.0010140140075236559,10.0,1.0,10.0
1351.0,0.017338471487164497,0.017338471487164497,0.00015795246872585267,0.0056496113538742065,0.0010109335416927934,10.0,1.0,10.0
1352.0,0.017288807779550552,0.017288807779550552,0.00015796486695762724,0.0056344131007790565,0.0010074746096506715,10.0,1.0,10.0
1353.0,0.017239239066839218,0.017239239066839218,0.0001568885490996763,0.005626014433801174,0.001004433841444552,10.0,1.0,10.0
1354.0,0.01718980446457863,0.01718980446457863,0.0001568560255691409,0.0056111556477844715,0.0010010087862610817,10.0,1.0,10.0
1355.0,0.017140448093414307,0.017140448093414307,0.00015592352428939193,0.00560190761461854,0.0009979305323213339,10.0,1.0,10.0
1356.0,0.017091210931539536,0.017091210931539536,0.00015568775415886194,0.005588371306657791,0.0009945961646735668,10.0,1.0,10.0
1357.0,0.01704207807779312,0.01704207807779312,0.0001550040760776028,0.005577635485678911,0.0009914402617141604,10.0,1.0,10.0
1358.0,0.016993042081594467,0.016993042081594467,0.0001545112463645637,0.0055657317861914635,0.000988219864666462,10.0,1.0,10.0
1359.0,0.016944115981459618,0.016944115981459618,0.00015407758473884314,0.005553491413593292,0.000984984915703535,10.0,1.0,10.0
1360.0,0.016895318403840065,0.016895318403840065,0.00015336925571318716,0.0055429949425160885,0.0009818630060181022,10.0,1.0,10.0
1361.0,0.016846615821123123,0.016846615821123123,0.0001531153975520283,0.00552969379350543,0.0009785768343135715,10.0,1.0,10.0
1362.0,0.01679801382124424,0.01679801382124424,0.00015228474512696266,0.005520004313439131,0.0009755162172950804,10.0,1.0,10.0
1363.0,0.016749517992138863,0.016749517992138863,0.00015210032870527357,0.005506318528205156,0.0009722195100039244,10.0,1.0,10.0
1364.0,0.016701124608516693,0.016701124608516693,0.00015125838399399072,0.005496744066476822,0.0009691796149127185,10.0,1.0,10.0
1365.0,0.016652848571538925,0.016652848571538925,0.0001510462025180459,0.005483298562467098,0.000965908810030669,10.0,1.0,10.0
1366.0,0.01660466566681862,0.01660466566681862,0.0001502727100159973,0.0054733529686927795,0.0009628584957681596,10.0,1.0,10.0
1367.0,0.01655661314725876,0.01655661314725876,0.00014996792015153915,0.005460522603243589,0.0009596410673111677,10.0,1.0,10.0
1368.0,0.01650865003466606,0.01650865003466606,0.00014931184705346823,0.005449916236102581,0.0009565615910105407,10.0,1.0,10.0
1369.0,0.016460802406072617,0.016460802406072617,0.00014888406440149993,0.0054379110224545,0.0009534049895592034,10.0,1.0,10.0
1370.0,0.016413046047091484,0.016413046047091484,0.0001483561791246757,0.005426543764770031,0.0009502939647063613,10.0,1.0,10.0
1371.0,0.01636543497443199,0.01636543497443199,0.00014781429490540177,0.005415323190391064,0.0009471967350691557,10.0,1.0,10.0
1372.0,0.01631789654493332,0.01631789654493332,0.00014739383186679333,0.005403348244726658,0.0009440609719604254,10.0,1.0,10.0
1373.0,0.016270484775304794,0.016270484775304794,0.00014676392311230302,0.005392721388489008,0.0009410124621354043,10.0,1.0,10.0
1374.0,0.016223184764385223,0.016223184764385223,0.000146418358781375,0.005380363203585148,0.0009378637769259512,10.0,1.0,10.0
1375.0,0.016175994649529457,0.016175994649529457,0.00014573732914868742,0.005370107013732195,0.0009348514722660184,10.0,1.0,10.0
1376.0,0.01612890139222145,0.01612890139222145,0.0001454300945624709,0.005357555579394102,0.0009317045332863927,10.0,1.0,10.0
1377.0,0.01608191803097725,0.01608191803097725,0.0001447317481506616,0.0053474633023142815,0.0009287137072533369,10.0,1.0,10.0
1378.0,0.016035065054893494,0.016035065054893494,0.0001444325316697359,0.00533492723479867,0.0009255812037736177,10.0,1.0,10.0
1379.0,0.015988310799002647,0.015988310799002647,0.00014374166494235396,0.00532485730946064,0.0009226037072949111,10.0,1.0,10.0
1380.0,0.01594165340065956,0.01594165340065956,0.00014343243674375117,0.0053124381229281425,0.0009194890735670924,10.0,1.0,10.0
1381.0,0.015895122662186623,0.015895122662186623,0.00014276319416239858,0.005302295554429293,0.00091651949333027,10.0,1.0,10.0
1382.0,0.015848705545067787,0.015848705545067787,0.0001424341753590852,0.005290063563734293,0.0009134300053119659,10.0,1.0,10.0
1383.0,0.015802394598722458,0.015802394598722458,0.00014178779383655638,0.005279855336993933,0.0009104660712182522,10.0,1.0,10.0
1384.0,0.015756171196699142,0.015756171196699142,0.00014144247688818723,0.00526777096092701,0.000907397479750216,10.0,1.0,10.0
1385.0,0.015710072591900826,0.015710072591900826,0.0001408179523423314,0.005257478915154934,0.0009044414036907256,10.0,1.0,10.0
1386.0,0.01566411182284355,0.01566411182284355,0.00014045579882804304,0.00524559523910284,0.0009013958042487502,10.0,1.0,10.0
1387.0,0.015618249773979187,0.015618249773979187,0.00013985058467369527,0.005235238466411829,0.0008984504966065288,10.0,1.0,10.0
1388.0,0.015572475269436836,0.015572475269436836,0.00013947726984042674,0.005223477259278297,0.0008954225340858102,10.0,1.0,10.0
1389.0,0.0155268469825387,0.0155268469825387,0.00013888506509829313,0.0052131181582808495,0.000892487820237875,10.0,1.0,10.0
1390.0,0.015481295995414257,0.015481295995414257,0.00013850694813299924,0.005201444961130619,0.0008894781349226832,10.0,1.0,10.0
1391.0,0.015435881912708282,0.015435881912708282,0.00013792091340292245,0.005191111471503973,0.0008865561685524881,10.0,1.0,10.0
1392.0,0.015390574932098389,0.015390574932098389,0.00013754221436101943,0.005179514177143574,0.0008835638873279095,10.0,1.0,10.0
1393.0,0.015345382504165173,0.015345382504165173,0.00013696166570298374,0.005169203504920006,0.0008806561818346381,10.0,1.0,10.0
1394.0,0.015300285071134567,0.015300285071134567,0.00013658766692969948,0.0051576378755271435,0.0008776770555414259,10.0,1.0,10.0
1395.0,0.01525532454252243,0.01525532454252243,0.00013599863450508565,0.005147451534867287,0.0008747887331992388,10.0,1.0,10.0
1396.0,0.015210453420877457,0.015210453420877457,0.00013564529945142567,0.005135823972523212,0.0008718176977708936,10.0,1.0,10.0
1397.0,0.015165707096457481,0.015165707096457481,0.00013503438094630837,0.005125841125845909,0.0008689522510394454,10.0,1.0,10.0
1398.0,0.01512109488248825,0.01512109488248825,0.00013471335114445537,0.0051140859723091125,0.0008659875020384789,10.0,1.0,10.0
1399.0,0.015076566487550735,0.015076566487550735,0.00013406932703219354,0.005104376934468746,0.0008631497039459646,10.0,1.0,10.0
1400.0,0.015032151713967323,0.015032151713967323,0.0001337937283096835,0.005092397332191467,0.0008601817535236478,10.0,1.0,10.0
1401.0,0.01498786173760891,0.01498786173760891,0.00013309702626429498,0.005083090625703335,0.0008573799859732389,10.0,1.0,10.0
1402.0,0.014943690970540047,0.014943690970540047,0.00013289540947880596,0.005070725455880165,0.0008544012089259923,10.0,1.0,10.0
1403.0,0.014899617992341518,0.014899617992341518,0.000132111890707165,0.0050620208494365215,0.0008516478701494634,10.0,1.0,10.0
1404.0,0.014855689369142056,0.014855689369142056,0.00013202292029745877,0.005049028899520636,0.0008486431324854493,10.0,1.0,10.0
1405.0,0.014811845496296883,0.014811845496296883,0.0001311053056269884,0.005041235126554966,0.0008459556847810745,10.0,1.0,10.0
1406.0,0.01476812083274126,0.01476812083274126,0.00013118874630890787,0.005027232225984335,0.000842900131829083,10.0,1.0,10.0
1407.0,0.014724530279636383,0.014724530279636383,0.0001300611038459465,0.005020836368203163,0.0008403083775192499,10.0,1.0,10.0
1408.0,0.014681059867143631,0.014681059867143631,0.00013041493366472423,0.005005227867513895,0.000837168307043612,10.0,1.0,10.0
1409.0,0.014637725427746773,0.014637725427746773,0.00012895368854515254,0.005000997334718704,0.0008347190450876951,10.0,1.0,10.0
1410.0,0.014594502747058868,0.014594502747058868,0.00012973672710359097,0.004982803016901016,0.000831433164421469,10.0,1.0,10.0
1411.0,0.01455145888030529,0.01455145888030529,0.00012773595517501235,0.004982057958841324,0.0008292041020467877,10.0,1.0,10.0
1412.0,0.014508574269711971,0.014508574269711971,0.00012921947927679867,0.004959633108228445,0.0008256746223196387,10.0,1.0,10.0
1413.0,0.01446591131389141,0.01446591131389141,0.00012633227743208408,0.004964611493051052,0.0008237977745011449,10.0,1.0,10.0
1414.0,0.014423524029552937,0.014423524029552937,0.00012897656415589154,0.004935224540531635,0.0008198534487746656,10.0,1.0,10.0
1415.0,0.014381554909050465,0.014381554909050465,0.00012461052392609417,0.004949847236275673,0.0008185602491721511,10.0,1.0,10.0
1416.0,0.014340158551931381,0.014340158551931381,0.00012921926099807024,0.004908833187073469,0.0008139132405631244,10.0,1.0,10.0
1417.0,0.014299716800451279,0.014299716800451279,0.00012234781752340496,0.004940167535096407,0.0008136071264743805,10.0,1.0,10.0
1418.0,0.014260835945606232,0.014260835945606232,0.00013035086158197373,0.004879740998148918,0.000807758595328778,10.0,1.0,10.0
1419.0,0.014224575832486153,0.014224575832486153,0.00011918201926164329,0.004940962418913841,0.0008091793279163539,10.0,1.0,10.0
1420.0,0.014192887581884861,0.014192887581884861,0.00013318515266291797,0.004848408047109842,0.0008012628532014787,10.0,1.0,10.0
1421.0,0.014169233851134777,0.014169233851134777,0.00011457420623628423,0.004965514875948429,0.0008057976956479251,10.0,1.0,10.0
1422.0,0.014159918762743473,0.014159918762743473,0.00013949364074505866,0.0048215934075415134,0.0007943389355204999,10.0,1.0,10.0
1423.0,0.0141765046864748,0.0141765046864748,0.00010797056893352419,0.005049615167081356,0.0008047184091992676,10.0,1.0,10.0
1424.0,0.014240202493965626,0.014240202493965626,0.00015343559789471328,0.0048324065282940865,0.0007873440627008677,10.0,1.0,10.0
1425.0,0.014390164986252785,0.014390164986252785,9.989699901780114e-05,0.0052985260263085365,0.0008092668722383678,10.0,1.0,10.0
1426.0,0.01469948049634695,0.01469948049634695,0.00018580089090391994,0.005014131776988506,0.000782734015956521,10.0,1.0,10.0
1427.0,0.015301793813705444,0.015301793813705444,9.685943950898945e-05,0.006042719352990389,0.0008290479891002178,10.0,1.0,10.0
1428.0,0.01644478365778923,0.01644478365778923,0.0002668533707037568,0.005862418562173843,0.0007913831504993141,10.0,1.0,10.0
1429.0,0.01856018230319023,0.01856018230319023,0.00012981402687728405,0.008332544937729836,0.0008929496980272233,10.0,1.0,10.0
1430.0,0.022386282682418823,0.022386282682418823,0.0004817877779714763,0.009038854390382767,0.0008529549231752753,10.0,1.0,10.0
1431.0,0.028939014300704002,0.028939014300704002,0.00030490371864289045,0.015094912610948086,0.0010795064736157656,10.0,1.0,10.0
1432.0,0.03926527500152588,0.03926527500152588,0.0010112698655575514,0.018468940630555153,0.001068363431841135,10.0,1.0,10.0
1433.0,0.05265578627586365,0.05265578627586365,0.0007903706864453852,0.02986983396112919,0.0014882246032357216,10.0,1.0,10.0
1434.0,0.06443825364112854,0.06443825364112854,0.0017592234071344137,0.032617196440696716,0.0014228817308321595,10.0,1.0,10.0
1435.0,0.06442135572433472,0.06442135572433472,0.0010696279350668192,0.036668919026851654,0.0017056155484169722,10.0,1.0,10.0
1436.0,0.0473087802529335,0.0473087802529335,0.001275715883821249,0.02263660542666912,0.0011915018549188972,10.0,1.0,10.0
1437.0,0.0236942358314991,0.0236942358314991,0.0002302860957570374,0.011446482501924038,0.0009944891789928079,10.0,1.0,10.0
1438.0,0.0134787168353796,0.0134787168353796,0.00011537036334630102,0.004691594745963812,0.0007633419008925557,10.0,1.0,10.0
1439.0,0.02212560549378395,0.02212560549378395,0.0004868886317126453,0.008847539313137531,0.0008409178699366748,10.0,1.0,10.0
1440.0,0.03545435890555382,0.03545435890555382,0.00045821588719263673,0.018877383321523666,0.0011994816595688462,10.0,1.0,10.0
1441.0,0.036461181938648224,0.036461181938648224,0.000961771875154227,0.016422705724835396,0.0010420760372653604,10.0,1.0,10.0
1442.0,0.02406313084065914,0.02406313084065914,0.0002347877307329327,0.011832383461296558,0.000988287036307156,10.0,1.0,10.0
1443.0,0.013819774612784386,0.013819774612784386,0.00016587511345278472,0.004709071479737759,0.0007451952551491559,10.0,1.0,10.0
1444.0,0.01656363159418106,0.01656363159418106,0.0002933965588454157,0.005939166992902756,0.0007690498605370522,10.0,1.0,10.0
1445.0,0.02513650804758072,0.02513650804758072,0.0002558224950917065,0.012555886059999466,0.0010022397618740797,10.0,1.0,10.0
1446.0,0.026340048760175705,0.026340048760175705,0.0006391135975718498,0.011041270568966866,0.0008907641167752445,10.0,1.0,10.0
1447.0,0.018788129091262817,0.018788129091262817,0.0001427690003765747,0.008618849329650402,0.000874158984515816,10.0,1.0,10.0
1448.0,0.013193922117352486,0.013193922117352486,0.00013193195627536625,0.004516270011663437,0.0007358333095908165,10.0,1.0,10.0
1449.0,0.01588328182697296,0.01588328182697296,0.00026918959338217974,0.005672341212630272,0.0007519045029766858,10.0,1.0,10.0
1450.0,0.020829997956752777,0.020829997956752777,0.0001798674784367904,0.009905333630740643,0.0009125989163294435,10.0,1.0,10.0
1451.0,0.02008460834622383,0.02008460834622383,0.00042708858381956816,0.007824999280273914,0.0007988722063601017,10.0,1.0,10.0
1452.0,0.015056556090712547,0.015056556090712547,9.734468039823696e-05,0.006148040294647217,0.0007935069734230638,10.0,1.0,10.0
1453.0,0.01299020554870367,0.01299020554870367,0.00010183591075474396,0.004616050515323877,0.0007355796406045556,10.0,1.0,10.0
1454.0,0.0156814306974411,0.0156814306974411,0.0002648455265443772,0.00562709616497159,0.0007405879441648722,10.0,1.0,10.0
1455.0,0.017946844920516014,0.017946844920516014,0.000135163776576519,0.00812053494155407,0.0008474672213196754,10.0,1.0,10.0
1456.0,0.016210461035370827,0.016210461035370827,0.00029184765298850834,0.0058472976088523865,0.000744468707125634,10.0,1.0,10.0
1457.0,0.01326361671090126,0.01326361671090126,9.027079795487225e-05,0.0049752360209822655,0.0007385672070086002,10.0,1.0,10.0
1458.0,0.013154713436961174,0.013154713436961174,9.054713882505894e-05,0.0049051279202103615,0.0007344114128500223,10.0,1.0,10.0
1459.0,0.015161027200520039,0.015161027200520039,0.0002507171011529863,0.005387532524764538,0.0007266323082149029,10.0,1.0,10.0
1460.0,0.015713978558778763,0.015713978558778763,0.00010562480019871145,0.0067354245111346245,0.0007922305958345532,10.0,1.0,10.0
1461.0,0.014012790285050869,0.014012790285050869,0.00020215517724864185,0.004879689775407314,0.000711154832970351,10.0,1.0,10.0
1462.0,0.01263959240168333,0.01263959240168333,0.00010244526492897421,0.004508191719651222,0.0007106948178261518,10.0,1.0,10.0
1463.0,0.01324228011071682,0.01324228011071682,8.730904664844275e-05,0.005061971955001354,0.0007307216874323785,10.0,1.0,10.0
1464.0,0.014370888471603394,0.014370888471603394,0.00022105444804765284,0.005073016509413719,0.0007087328121997416,10.0,1.0,10.0
1465.0,0.014125644229352474,0.014125644229352474,8.908969903131947e-05,0.005744785536080599,0.0007489961571991444,10.0,1.0,10.0
1466.0,0.012923004105687141,0.012923004105687141,0.00015122161130420864,0.004472479224205017,0.0006938308943063021,10.0,1.0,10.0
1467.0,0.012464925646781921,0.012464925646781921,0.00011502530833240598,0.0043729799799621105,0.0006941692554391921,10.0,1.0,10.0
1468.0,0.013094909489154816,0.013094909489154816,8.557579712942243e-05,0.0050354283303022385,0.0007203723071143031,10.0,1.0,10.0
1469.0,0.013575434684753418,0.013575434684753418,0.00018927665951196104,0.004766033496707678,0.0006916634156368673,10.0,1.0,10.0
1470.0,0.013124692253768444,0.013124692253768444,8.47356568556279e-05,0.005100917536765337,0.0007176418439485133,10.0,1.0,10.0
1471.0,0.012417779304087162,0.012417779304087162,0.00012462461018003523,0.004341468680649996,0.0006830064812675118,10.0,1.0,10.0
1472.0,0.012362783774733543,0.012362783774733543,0.00012182218779344112,0.004338706843554974,0.0006805855082347989,10.0,1.0,10.0
1473.0,0.012799113057553768,0.012799113057553768,8.450542372884229e-05,0.004912462085485458,0.0007041596691124141,10.0,1.0,10.0
1474.0,0.012929175049066544,0.012929175049066544,0.00016395635611843318,0.004519772250205278,0.000676983967423439,10.0,1.0,10.0
1475.0,0.012533649802207947,0.012533649802207947,8.567257464164868e-05,0.004740052856504917,0.0006936871795915067,10.0,1.0,10.0
1476.0,0.012157185934484005,0.012157185934484005,0.00011080791591666639,0.004315356723964214,0.0006733749760314822,10.0,1.0,10.0
1477.0,0.01221909373998642,0.01221909373998642,0.0001221174607053399,0.00430637039244175,0.0006691549206152558,10.0,1.0,10.0
1478.0,0.012469284236431122,0.012469284236431122,8.429770969087258e-05,0.004744332283735275,0.0006881974986754358,10.0,1.0,10.0
1479.0,0.012456522323191166,0.012456522323191166,0.0001438977342331782,0.004375309683382511,0.0006642235675826669,10.0,1.0,10.0
1480.0,0.01217235904186964,0.01217235904186964,8.775410242378712e-05,0.004536667373031378,0.0006758150411769748,10.0,1.0,10.0
1481.0,0.01197456382215023,0.01197456382215023,0.00010346672934247181,0.004306144546717405,0.0006633751909248531,10.0,1.0,10.0
1482.0,0.012039577588438988,0.012039577588438988,0.00011856500350404531,0.004273644648492336,0.0006580282934010029,10.0,1.0,10.0
1483.0,0.012166261672973633,0.012166261672973633,8.45038375700824e-05,0.004597230348736048,0.0006723992992192507,10.0,1.0,10.0
1484.0,0.012114333920180798,0.012114333920180798,0.00012951467942912132,0.004293163772672415,0.0006526022916659713,10.0,1.0,10.0
1485.0,0.011924376711249352,0.011924376711249352,8.951452764449641e-05,0.004418622236698866,0.0006610609707422554,10.0,1.0,10.0
1486.0,0.011809983290731907,0.011809983290731907,9.980408503906801e-05,0.004285116214305162,0.0006526826182380319,10.0,1.0,10.0
1487.0,0.011847738176584244,0.011847738176584244,0.00011359170457581058,0.004242551513016224,0.0006469270447269082,10.0,1.0,10.0
1488.0,0.011905858293175697,0.011905858293175697,8.53200035635382e-05,0.004479393362998962,0.0006573265418410301,10.0,1.0,10.0
1489.0,0.011853709816932678,0.011853709816932678,0.00011984995217062533,0.0042377193458378315,0.0006417490658350289,10.0,1.0,10.0
1490.0,0.01172691397368908,0.01172691397368908,9.016286639962345e-05,0.00434538908302784,0.0006479896837845445,10.0,1.0,10.0
1491.0,0.011649144813418388,0.011649144813418388,9.793936624191701e-05,0.0042520202696323395,0.0006417730473913252,10.0,1.0,10.0
1492.0,0.011659577488899231,0.011659577488899231,0.00010831434337887913,0.004209177102893591,0.0006367256864905357,10.0,1.0,10.0
1493.0,0.011681310832500458,0.011681310832500458,8.611528028268367e-05,0.004378396086394787,0.0006441761506721377,10.0,1.0,10.0
1494.0,0.011639349162578583,0.011639349162578583,0.00011272515257587656,0.004193287808448076,0.000631880946457386,10.0,1.0,10.0
1495.0,0.011552083306014538,0.011552083306014538,8.984446321846917e-05,0.004287075251340866,0.0006366563611663878,10.0,1.0,10.0
1496.0,0.011490297503769398,0.011490297503769398,9.675651381257921e-05,0.004211735911667347,0.0006310996832326055,10.0,1.0,10.0
1497.0,0.011480793356895447,0.011480793356895447,0.00010343141184421256,0.004176449961960316,0.0006270029698498547,10.0,1.0,10.0
1498.0,0.01148279570043087,0.01148279570043087,8.679916936671361e-05,0.004296854138374329,0.0006317950319498777,10.0,1.0,10.0
1499.0,0.011450279504060745,0.011450279504060745,0.00010731791553553194,0.004157190676778555,0.0006219909992069006,10.0,1.0,10.0
1500.0,0.011387739330530167,0.011387739330530167,8.907383016776294e-05,0.004239340778440237,0.0006257660570554435,10.0,1.0,10.0
