suite_name,case,label,variant,strategy,seed,num_observation,noise_std,run_name,rel_l2,threshold_rel_l2,crosses_threshold,reliability_raw_recal,physics_consistency_recal,training_stability_recal,numerical_accuracy_recal,structural_stability_recal,physics_rms,boundary_rms,structure_error,loss_std,loss_ratio,transferred_rel_l2,transferred_R,pred_rel_label,pred_r_label,baseline_rel_label,baseline_r_label,severity,is_anchor,method,rel_match,r_match
variant_robustness_v1,stokes_poiseuille,safe_obs64_noise000,baseline,baseline,41,64,0.0,stokes_poiseuille_variant_robustness_v1_safe_obs64_noise000_baseline_seed41,0.0131177576258778,0.0400393344461917,0,0.9961890946576673,0.999925813313484,0.9926012099309685,0.9971415935859312,0.9950877618002856,0.0628695040941238,0.0120579916983842,7.390975952148437e-06,0.0002023163694222,0.0004034311957288,0.0131177576258778,0.9961890946576673,safe,reliable,safe,reliable,0,False,M0_raw,True,True
variant_robustness_v1,stokes_poiseuille,safe_obs64_noise000,baseline,baseline,42,64,0.0,stokes_poiseuille_variant_robustness_v1_safe_obs64_noise000_baseline_seed42,0.0266929063946008,0.0400393344461917,0,0.9200324081746254,0.9289770343417558,0.9481778412096424,0.942142599859675,0.860832157287428,0.1139220148324966,0.0268516112118959,5.418062210083008e-05,0.0007886190405517,0.001208804722077,0.0266929063946008,0.9200324081746254,safe,reliable,safe,reliable,0,False,M0_raw,True,True
variant_robustness_v1,stokes_poiseuille,safe_obs64_noise000,baseline,baseline,43,64,0.0,stokes_poiseuille_variant_robustness_v1_safe_obs64_noise000_baseline_seed43,0.0236609857529401,0.0400393344461917,0,0.985109923146982,0.9952383438243664,0.979781247779289,0.969956382255129,0.9954637187291444,0.0730907544493675,0.0219088532030582,6.318092346191406e-06,0.000258214596664,0.0010677001371061,0.0236609857529401,0.985109923146982,safe,reliable,safe,reliable,0,False,M0_raw,True,True
variant_robustness_v1,stokes_poiseuille,critical_obs8_noise0125,baseline,baseline,41,8,0.125,stokes_poiseuille_variant_robustness_v1_critical_obs8_noise0125_baseline_seed41,0.0348131135106086,0.0400393344461917,0,0.9161014863243736,0.9996155432798786,0.9782000948506524,0.7225448577109456,0.9640454494560176,0.0779317170381546,0.0159348659217357,3.451108932495117e-05,0.0002067247255023,0.0011181169960647,0.0348131135106086,0.9161014863243736,safe,reliable,cross,reliable,1,False,M0_raw,False,True
variant_robustness_v1,stokes_poiseuille,critical_obs8_noise0125,baseline,baseline,42,8,0.125,stokes_poiseuille_variant_robustness_v1_critical_obs8_noise0125_baseline_seed42,0.0408814772963523,0.0400393344461917,1,0.6917391097912322,0.5883025563188814,0.9164052241148116,0.3982524689563561,0.86399618977488,0.119698591530323,0.0331548117101192,5.382299423217773e-05,0.0007394019432407,0.0019535169870121,0.0408814772963523,0.6917391097912322,cross,unreliable,cross,reliable,1,False,M0_raw,True,False
variant_robustness_v1,stokes_poiseuille,critical_obs8_noise0125,baseline,baseline,43,8,0.125,stokes_poiseuille_variant_robustness_v1_critical_obs8_noise0125_baseline_seed43,0.0409160852432251,0.0400393344461917,1,0.7719916637052413,0.9862340670226876,0.7357574819313666,0.3963817448530853,0.9695933610138254,0.0739053413271904,0.0244496148079633,3.218650817871094e-05,0.000223485554407,0.0030197673182142,0.0409160852432251,0.7719916637052413,cross,critical,cross,reliable,1,False,M0_raw,True,False
variant_robustness_v1,stokes_poiseuille,failure_obs8_noise0175,baseline,baseline,41,8,0.175,stokes_poiseuille_variant_robustness_v1_failure_obs8_noise0175_baseline_seed41,0.0429847240447998,0.0400393344461917,1,0.7802391118371871,0.9988868793714748,0.9459719904822206,0.29161803209947,0.884479545395583,0.0805189833045005,0.0184531342238187,5.131959915161133e-05,0.0002008459876464,0.0017391901789693,0.0429847240447998,0.7802391118371871,cross,critical,cross,unreliable,2,False,M0_raw,True,False
variant_robustness_v1,stokes_poiseuille,failure_obs8_noise0175,baseline,baseline,42,8,0.175,stokes_poiseuille_variant_robustness_v1_failure_obs8_noise0175_baseline_seed42,0.0485267154872417,0.0400393344461917,1,0.4307154767556631,0.1775227088329575,0.7340366464070337,0.1054025120123055,0.705900039770356,0.1238786727190017,0.0390997417271137,6.687641143798828e-05,0.0007315482920498,0.0029978181281756,0.0485267154872417,0.4307154767556631,cross,unreliable,cross,unreliable,2,False,M0_raw,True,True
variant_robustness_v1,stokes_poiseuille,failure_obs8_noise0175,baseline,baseline,43,8,0.175,stokes_poiseuille_variant_robustness_v1_failure_obs8_noise0175_baseline_seed43,0.0478808581829071,0.0400393344461917,1,0.5251476653934115,0.9200643067512204,0.2291686393473037,0.1199618348458049,0.8313958806293167,0.0756488665938377,0.0288540516048669,5.7220458984375e-05,0.0002120993577802,0.0050021212719713,0.0478808581829071,0.5251476653934115,cross,unreliable,cross,unreliable,2,False,M0_raw,True,True
variant_robustness_v1,stokes_poiseuille,safe_obs64_noise000,capacity_v1,baseline,41,64,0.0,stokes_poiseuille_variant_robustness_v1_safe_obs64_noise000_capacity_v1_seed41,0.012312757782638,0.0400393344461917,0,0.9957973942847684,0.9999468358691176,0.9922613878252288,0.9976154301786349,0.9933659232660932,0.0610299222171306,0.0112707996740937,1.1444091796875e-05,0.0001232656336654,0.0004329151173996,0.012312757782638,0.9957973942847684,safe,reliable,safe,reliable,0,False,M0_raw,True,True
variant_robustness_v1,stokes_poiseuille,safe_obs64_noise000,capacity_v1,baseline,42,64,0.0,stokes_poiseuille_variant_robustness_v1_safe_obs64_noise000_capacity_v1_seed42,0.0129143707454204,0.0400393344461917,0,0.9960578625609984,0.9998882702870062,0.992961983854354,0.997269512928207,0.9941116831744272,0.0578041039407253,0.0130265830084681,9.834766387939451e-06,0.0001397847073847,0.0003707130100488,0.0129143707454204,0.9960578625609984,safe,reliable,safe,reliable,0,False,M0_raw,True,True
variant_robustness_v1,stokes_poiseuille,safe_obs64_noise000,capacity_v1,baseline,43,64,0.0,stokes_poiseuille_variant_robustness_v1_safe_obs64_noise000_capacity_v1_seed43,0.0155712869018316,0.0400393344461917,0,0.9955748643011404,0.9997675737562852,0.9917965848030812,0.995036997222352,0.995698301422843,0.0545189939439296,0.0147578790783882,5.602836608886719e-06,0.0001509257135945,0.0004711706528327,0.0155712869018316,0.9955748643011404,safe,reliable,safe,reliable,0,False,M0_raw,True,True
variant_robustness_v1,stokes_poiseuille,critical_obs8_noise0125,capacity_v1,baseline,41,8,0.125,stokes_poiseuille_variant_robustness_v1_critical_obs8_noise0125_capacity_v1_seed41,0.0350359678268432,0.0400393344461917,0,0.9195201112043232,0.9996725018895714,0.9821857467904264,0.7123475850471747,0.9838746110901208,0.052463062107563,0.0155684612691402,2.3484230041503903e-05,9.435479495306228e-05,0.0009832981698994,0.0350359678268432,0.9195201112043232,safe,reliable,cross,reliable,1,False,M0_raw,False,True
variant_robustness_v1,stokes_poiseuille,critical_obs8_noise0125,capacity_v1,baseline,42,8,0.125,stokes_poiseuille_variant_robustness_v1_critical_obs8_noise0125_capacity_v1_seed42,0.0330152660608291,0.0400393344461917,0,0.925517232754877,0.9657936162153044,0.9514391676911812,0.7962413607491216,0.9885947863639004,0.0673102810978889,0.0266749057918787,1.8775463104248047e-05,9.78095231366428e-05,0.0016643942716295,0.0330152660608291,0.925517232754877,safe,reliable,cross,reliable,1,False,M0_raw,False,True
variant_robustness_v1,stokes_poiseuille,critical_obs8_noise0125,capacity_v1,baseline,43,8,0.125,stokes_poiseuille_variant_robustness_v1_critical_obs8_noise0125_capacity_v1_seed43,0.0345836915075778,0.0400393344461917,0,0.8963773902876941,0.9962558669099546,0.8900163507634075,0.7328067690894554,0.9664305743879597,0.0580081306397914,0.0213374681770801,3.355741500854492e-05,0.0001151211335158,0.002260066381666,0.0345836915075778,0.8963773902876941,safe,critical,cross,reliable,1,False,M0_raw,False,False
variant_robustness_v1,stokes_poiseuille,failure_obs8_noise0175,capacity_v1,baseline,41,8,0.175,stokes_poiseuille_variant_robustness_v1_failure_obs8_noise0175_capacity_v1_seed41,0.0438158102333545,0.0400393344461917,1,0.7916579515629629,0.9990636584065036,0.9541905795039414,0.2544253182143241,0.9589522501270824,0.0547002404928207,0.0180527362972497,3.635883331298828e-05,8.296434349147737e-05,0.0016237581786713,0.0438158102333545,0.7916579515629629,cross,critical,cross,unreliable,2,False,M0_raw,True,False
variant_robustness_v1,stokes_poiseuille,failure_obs8_noise0175,capacity_v1,baseline,42,8,0.175,stokes_poiseuille_variant_robustness_v1_failure_obs8_noise0175_capacity_v1_seed42,0.041911881417036,0.0400393344461917,1,0.6717582116914167,0.6116857090014757,0.74722535066738,0.3440369973687436,0.9840847897280676,0.0709811821579933,0.0341041274368763,2.330541610717773e-05,0.0001065243755621,0.0029752297724786,0.041911881417036,0.6717582116914167,cross,unreliable,cross,unreliable,2,False,M0_raw,True,True
variant_robustness_v1,stokes_poiseuille,failure_obs8_noise0175,capacity_v1,baseline,43,8,0.175,stokes_poiseuille_variant_robustness_v1_failure_obs8_noise0175_capacity_v1_seed43,0.0423238389194011,0.0400393344461917,1,0.6336614359239197,0.9649618006058618,0.4491188156044793,0.3233649607320991,0.7972001667532382,0.0597622580826282,0.0267347544431686,6.026029586791992e-05,0.0001085427952897,0.0040188530868044,0.0423238389194011,0.6336614359239197,cross,unreliable,cross,unreliable,2,False,M0_raw,True,True
variant_robustness_v1,stokes_poiseuille,safe_obs64_noise000,weight_balanced_v2,baseline,41,64,0.0,stokes_poiseuille_variant_robustness_v1_safe_obs64_noise000_weight_balanced_v2_seed41,0.0136263091117143,0.0400393344461917,0,0.9965148227503016,0.9999791419284226,0.9933643618164438,0.9967949843004876,0.9959208029558522,0.0408230423927307,0.0090608559548854,4.887580871582031e-06,0.0001439800094894,0.0003321571382021,0.0136263091117143,0.9965148227503016,safe,reliable,safe,reliable,0,False,M0_raw,True,True
variant_robustness_v1,stokes_poiseuille,safe_obs64_noise000,weight_balanced_v2,baseline,42,64,0.0,stokes_poiseuille_variant_robustness_v1_safe_obs64_noise000_weight_balanced_v2_seed42,0.0267737116664648,0.0400393344461917,0,0.9781824269346364,0.9986087873212952,0.984742071426758,0.9411402291985176,0.988238619791974,0.0685941874980926,0.018989635631442,1.919269561767578e-05,0.0004932226872003,0.0008747480662903,0.0267737116664648,0.9781824269346364,safe,reliable,safe,reliable,0,False,M0_raw,True,True
variant_robustness_v1,stokes_poiseuille,safe_obs64_noise000,weight_balanced_v2,baseline,43,64,0.0,stokes_poiseuille_variant_robustness_v1_safe_obs64_noise000_weight_balanced_v2_seed43,0.0281068291515111,0.0400393344461917,0,0.974247689707266,0.9991099031310884,0.9796485425045902,0.9220833851078392,0.9961489280855468,0.0579076148569583,0.0179328825324773,4.112720489501953e-06,0.0002241469656547,0.0010720996834562,0.0281068291515111,0.974247689707266,safe,reliable,safe,reliable,0,False,M0_raw,True,True
variant_robustness_v1,stokes_poiseuille,critical_obs8_noise0125,weight_balanced_v2,baseline,41,8,0.125,stokes_poiseuille_variant_robustness_v1_critical_obs8_noise0125_weight_balanced_v2_seed41,0.0272424258291721,0.0400393344461917,0,0.9784882679967346,0.9999482937225525,0.9865133688006504,0.9349980269779984,0.9924933824857372,0.0530376471579074,0.0112059032544493,1.3113021850585938e-05,0.0001873490807257,0.000798606206789,0.0272424258291721,0.9784882679967346,safe,reliable,cross,reliable,1,False,M0_raw,False,True
variant_robustness_v1,stokes_poiseuille,critical_obs8_noise0125,weight_balanced_v2,baseline,42,8,0.125,stokes_poiseuille_variant_robustness_v1_critical_obs8_noise0125_weight_balanced_v2_seed42,0.0348691269755363,0.0400393344461917,0,0.9173959397932134,0.9956374709527926,0.9623248284189267,0.7200028524804538,0.991618607320681,0.0718396678566932,0.021700644865632,1.4603137969970705e-05,0.0004705082794251,0.0014872223007729,0.0348691269755363,0.9173959397932134,safe,reliable,cross,reliable,1,False,M0_raw,False,True
variant_robustness_v1,stokes_poiseuille,critical_obs8_noise0125,weight_balanced_v2,baseline,43,8,0.125,stokes_poiseuille_variant_robustness_v1_critical_obs8_noise0125_weight_balanced_v2_seed43,0.0382534563541412,0.0400393344461917,0,0.8665745487630537,0.998972159952346,0.9279327267042252,0.5450022519055369,0.9943910564901066,0.0566225051879882,0.0182733498513698,9.179115295410156e-06,0.0001748626411251,0.0019448533032631,0.0382534563541412,0.8665745487630537,safe,critical,cross,reliable,1,False,M0_raw,False,False
variant_robustness_v1,stokes_poiseuille,failure_obs8_noise0175,weight_balanced_v2,baseline,41,8,0.175,stokes_poiseuille_variant_robustness_v1_failure_obs8_noise0175_weight_balanced_v2_seed41,0.032470129430294,0.0400393344461917,0,0.945474894664484,0.9999150619122836,0.9764117634312228,0.8154809442007555,0.9900918091136734,0.0542627461254596,0.0123787941411137,1.6868114471435547e-05,0.000182539885518,0.0011710147997205,0.032470129430294,0.945474894664484,safe,reliable,cross,unreliable,2,False,M0_raw,False,False
variant_robustness_v1,stokes_poiseuille,failure_obs8_noise0175,weight_balanced_v2,baseline,42,8,0.175,stokes_poiseuille_variant_robustness_v1_failure_obs8_noise0175_weight_balanced_v2_seed42,0.038152128458023,0.0400393344461917,0,0.8574004281823153,0.988882535387558,0.898543827936779,0.5506682866556695,0.9915070627492546,0.0731555894017219,0.0239352080971002,1.4781951904296877e-05,0.0004608688736403,0.0021978257693005,0.038152128458023,0.8574004281823153,safe,critical,cross,unreliable,2,False,M0_raw,False,False
variant_robustness_v1,stokes_poiseuille,failure_obs8_noise0175,weight_balanced_v2,baseline,43,8,0.175,stokes_poiseuille_variant_robustness_v1_failure_obs8_noise0175_weight_balanced_v2_seed43,0.0417954809963703,0.0400393344461917,1,0.7732364117802575,0.998120620687952,0.7530327748664029,0.3499909558382655,0.9918012957284096,0.0571698583662509,0.0197022818028926,1.430511474609375e-05,0.0001671337623975,0.0029522784511695,0.0417954809963703,0.7732364117802575,cross,critical,cross,unreliable,2,False,M0_raw,True,False
variant_robustness_fisher_v1,fisher_kpp,safe_obs64_noise000,baseline,baseline,41,64,0.0,fisher_kpp_variant_robustness_fisher_v1_safe_obs64_noise000_baseline_seed41,0.0119209587574005,0.0188607699237763,0,0.9123978260545242,0.9243518814137408,0.8223154308545034,0.9512393730831752,0.951684618866678,0.0192983448505401,0.0078724799677729,0.0001266002655029,2.102337505798441e-05,0.0001811401349878,0.0119209587574005,0.9123978260545242,safe,reliable,safe,reliable,0,False,M0_raw,True,True
variant_robustness_fisher_v1,fisher_kpp,safe_obs64_noise000,baseline,baseline,42,64,0.0,fisher_kpp_variant_robustness_fisher_v1_safe_obs64_noise000_baseline_seed42,0.0116400346159935,0.0188607699237763,0,0.953713419559475,0.956959130878764,0.9564765145950505,0.9522046105665531,0.9492134221975324,0.0173405669629573,0.0040600476786494,0.0001564025878906,4.135591166993528e-06,7.045991161417816e-05,0.0116400346159935,0.953713419559475,safe,reliable,safe,reliable,0,False,M0_raw,True,True
variant_robustness_fisher_v1,fisher_kpp,safe_obs64_noise000,baseline,baseline,43,64,0.0,fisher_kpp_variant_robustness_fisher_v1_safe_obs64_noise000_baseline_seed43,0.0157233867794275,0.0188607699237763,0,0.853292672151485,0.8886172435559169,0.6516176949298037,0.9362245992680456,0.9367111508521736,0.0242071822285652,0.0087240254506468,0.0002889037132263,2.9104502746604904e-05,0.0002277126915143,0.0157233867794275,0.853292672151485,safe,critical,safe,reliable,0,False,M0_raw,True,False
variant_robustness_fisher_v1,fisher_kpp,edge_obs16_noise005,baseline,baseline,41,16,0.05,fisher_kpp_variant_robustness_fisher_v1_edge_obs16_noise005_baseline_seed41,0.0135655729100108,0.0188607699237763,0,0.891765473130284,0.9203312384962689,0.7511236476011104,0.9452076664751048,0.9503993399486516,0.0199658907949924,0.008001385256648,0.0001422762870788,2.471342661682802e-05,0.0005805668893491,0.0135655729100108,0.891765473130284,safe,critical,cross,critical,1,False,M0_raw,False,True
variant_robustness_fisher_v1,fisher_kpp,edge_obs16_noise005,baseline,baseline,42,16,0.05,fisher_kpp_variant_robustness_fisher_v1_edge_obs16_noise005_baseline_seed42,0.021828755736351,0.0188607699237763,1,0.9235912205880048,0.8955403418163286,0.9485497075219982,0.9029037909890324,0.9473710420246604,0.0229935515671968,0.0088396836072206,0.0001777410507202,6.1721873922943465e-06,0.0003838406426141,0.021828755736351,0.9235912205880048,cross,reliable,cross,critical,1,False,M0_raw,True,False
variant_robustness_fisher_v1,fisher_kpp,edge_obs16_noise005,baseline,baseline,43,16,0.05,fisher_kpp_variant_robustness_fisher_v1_edge_obs16_noise005_baseline_seed43,0.024307694286108,0.0188607699237763,1,0.7620970899697079,0.7194730588047383,0.558790932458064,0.8853940097133133,0.884730358902716,0.0352082848548889,0.0105993459001183,0.0006617903709411,3.267966808724846e-05,0.0005551224422019,0.024307694286108,0.7620970899697079,cross,critical,cross,critical,1,False,M0_raw,True,True
variant_robustness_fisher_v1,fisher_kpp,transition_obs128_noise020,baseline,baseline,41,128,0.2,fisher_kpp_variant_robustness_fisher_v1_transition_obs128_noise020_baseline_seed41,0.0185159798711538,0.0188607699237763,0,0.8546359525250519,0.8988445836412912,0.6506117060278757,0.9225601466374892,0.9465273737935516,0.0215892139822244,0.0092407818883657,0.0001872777938842,2.508225312241196e-05,0.0072578182571644,0.0185159798711538,0.8546359525250519,safe,critical,cross,critical,2,False,M0_raw,False,True
variant_robustness_fisher_v1,fisher_kpp,transition_obs128_noise020,baseline,baseline,42,128,0.2,fisher_kpp_variant_robustness_fisher_v1_transition_obs128_noise020_baseline_seed42,0.0223239753395319,0.0188607699237763,1,0.8710840961018993,0.8316426270272808,0.8405806302108852,0.8996083041442511,0.9125048230251798,0.0273597165942192,0.0109389070421457,0.0004876852035522,1.1743982812177376e-05,0.006033299499287,0.0223239753395319,0.8710840961018993,cross,critical,cross,critical,2,False,M0_raw,True,True
variant_robustness_fisher_v1,fisher_kpp,transition_obs128_noise020,baseline,baseline,43,128,0.2,fisher_kpp_variant_robustness_fisher_v1_transition_obs128_noise020_baseline_seed43,0.0231874734163284,0.0188607699237763,1,0.8101896178369722,0.7499050179449759,0.6762396243648773,0.8936240357216977,0.920989793316338,0.0310546290129423,0.0129790445789694,0.0004245042800903,2.4776865797200763e-05,0.0064100689768605,0.0231874734163284,0.8101896178369722,cross,critical,cross,critical,2,False,M0_raw,True,True
variant_robustness_fisher_v1,fisher_kpp,failure_obs16_noise030,baseline,baseline,41,16,0.3,fisher_kpp_variant_robustness_fisher_v1_failure_obs16_noise030_baseline_seed41,0.0461932495236396,0.0188607699237763,1,0.5410740111306614,0.56974009723224,0.3041469767782791,0.6005789985465216,0.6898299719656049,0.0359561927616596,0.0170392282307147,0.0013651847839355,3.6890041592082345e-05,0.0117547174252741,0.0461932495236396,0.5410740111306614,cross,unreliable,cross,unreliable,3,False,M0_raw,True,True
variant_robustness_fisher_v1,fisher_kpp,failure_obs16_noise030,baseline,baseline,42,16,0.3,fisher_kpp_variant_robustness_fisher_v1_failure_obs16_noise030_baseline_seed42,0.1130756437778472,0.0188607699237763,1,0.1309960687750727,0.0149044200098692,0.4632441633234443,0.0100135881662795,0.0358221036006977,0.0579703599214553,0.0422258488833904,0.0036888718605041,3.263967389222225e-05,0.0085361020066421,0.1130756437778472,0.1309960687750727,cross,unreliable,cross,unreliable,3,False,M0_raw,True,True
variant_robustness_fisher_v1,fisher_kpp,failure_obs16_noise030,baseline,baseline,43,16,0.3,fisher_kpp_variant_robustness_fisher_v1_failure_obs16_noise030_baseline_seed43,0.0670446455478668,0.0188607699237763,1,0.0620359298722757,0.0023341346401578,0.0055054549500411,0.2402262699430659,7.78599558379515e-05,0.1065356731414794,0.0276071950793266,0.0071913003921508,9.63452234114728e-05,0.0120391739515247,0.0670446455478668,0.0620359298722757,cross,unreliable,cross,unreliable,3,False,M0_raw,True,True
variant_robustness_fisher_v1,fisher_kpp,safe_obs64_noise000,capacity_v1,baseline,41,64,0.0,fisher_kpp_variant_robustness_fisher_v1_safe_obs64_noise000_capacity_v1_seed41,0.0092961816117167,0.0188607699237763,0,0.9573959769335506,0.9585740873855556,0.9586110013677668,0.9595784000924446,0.9528204188884356,0.0150780882686376,0.0049778749234974,0.0001124143600463,3.2124470757795114e-06,7.463864546603542e-05,0.0092961816117167,0.9573959769335506,safe,reliable,safe,reliable,0,False,M0_raw,True,True
variant_robustness_fisher_v1,fisher_kpp,safe_obs64_noise000,capacity_v1,baseline,42,64,0.0,fisher_kpp_variant_robustness_fisher_v1_safe_obs64_noise000_capacity_v1_seed42,0.0095778061076998,0.0188607699237763,0,0.9591551272437056,0.9675412039059108,0.9590530280565076,0.9587535564692768,0.9512727205431272,0.0123513787984848,0.0042348112910985,0.0001316666603088,2.780788996344636e-06,0.0001470645446606,0.0095778061076998,0.9591551272437056,safe,reliable,safe,reliable,0,False,M0_raw,True,True
variant_robustness_fisher_v1,fisher_kpp,safe_obs64_noise000,capacity_v1,baseline,43,64,0.0,fisher_kpp_variant_robustness_fisher_v1_safe_obs64_noise000_capacity_v1_seed43,0.0112195890396833,0.0188607699237763,0,0.9476080826479693,0.9552896451198256,0.9339786014397784,0.9536153890964056,0.9475486949358672,0.0149257937446236,0.0056059174239635,0.0001757144927978,1.000861664709144e-05,0.0001841173097503,0.0112195890396833,0.9476080826479693,safe,reliable,safe,reliable,0,False,M0_raw,True,True
variant_robustness_fisher_v1,fisher_kpp,edge_obs16_noise005,capacity_v1,baseline,41,16,0.05,fisher_kpp_variant_robustness_fisher_v1_edge_obs16_noise005_capacity_v1_seed41,0.0123577639460563,0.0188607699237763,0,0.9516915730225102,0.9505398162896967,0.9533423291815604,0.9497017275420436,0.9531824190767402,0.0165401175618171,0.0057178987190127,0.0001078248023986,4.505642265519631e-06,0.0003907479747309,0.0123577639460563,0.9516915730225102,safe,reliable,cross,critical,1,False,M0_raw,False,False
variant_robustness_fisher_v1,fisher_kpp,edge_obs16_noise005,capacity_v1,baseline,42,16,0.05,fisher_kpp_variant_robustness_fisher_v1_edge_obs16_noise005_capacity_v1_seed42,0.0175534933805465,0.0188607699237763,0,0.9401858788580096,0.9292925825407722,0.9497828393421714,0.9275485247674794,0.9541195687816162,0.0160406250506639,0.0084115909412503,9.578466415405272e-05,4.451149027325708e-06,0.0008783577576842,0.0175534933805465,0.9401858788580096,safe,reliable,cross,critical,1,False,M0_raw,False,False
variant_robustness_fisher_v1,fisher_kpp,edge_obs16_noise005,capacity_v1,baseline,43,16,0.05,fisher_kpp_variant_robustness_fisher_v1_edge_obs16_noise005_capacity_v1_seed43,0.018251122906804,0.0188607699237763,0,0.908870940402897,0.8763687095838664,0.936729400165474,0.9239634005684888,0.8984222512937586,0.026910675689578,0.0075952284969389,0.0005812644958496,8.53933270041308e-06,0.0007779408495079,0.018251122906804,0.908870940402897,safe,reliable,cross,critical,1,False,M0_raw,False,False
variant_robustness_fisher_v1,fisher_kpp,transition_obs128_noise020,capacity_v1,baseline,41,128,0.2,fisher_kpp_variant_robustness_fisher_v1_transition_obs128_noise020_capacity_v1_seed41,0.0166861433535814,0.0188607699237763,0,0.91921206617416,0.9309365667183334,0.8679690604499383,0.9317883676441906,0.9461542698841776,0.0191788524389266,0.0071950647979974,0.0001914501190185,4.733841771914064e-06,0.006039245896384,0.0166861433535814,0.91921206617416,safe,reliable,cross,critical,2,False,M0_raw,False,False
variant_robustness_fisher_v1,fisher_kpp,transition_obs128_noise020,capacity_v1,baseline,42,128,0.2,fisher_kpp_variant_robustness_fisher_v1_transition_obs128_noise020_capacity_v1_seed42,0.0220215413719415,0.0188607699237763,1,0.7695602598644466,0.8550304188527583,0.3973216510895432,0.9016325136211836,0.9242564558943016,0.025559140369296,0.0104975393041968,0.0003985166549682,5.991402303497908e-06,0.0165128571767371,0.0220215413719415,0.7695602598644466,cross,critical,cross,critical,2,False,M0_raw,True,True
variant_robustness_fisher_v1,fisher_kpp,transition_obs128_noise020,capacity_v1,baseline,43,128,0.2,fisher_kpp_variant_robustness_fisher_v1_transition_obs128_noise020_capacity_v1_seed43,0.019008319824934,0.0188607699237763,1,0.8349072014026745,0.8313664607588503,0.6504662125374948,0.91988847085699,0.937907661457363,0.027954202145338,0.0105535732582211,0.0002773404121398,7.506355540863392e-06,0.0114332284491999,0.019008319824934,0.8349072014026745,cross,critical,cross,critical,2,False,M0_raw,True,True
variant_robustness_fisher_v1,fisher_kpp,failure_obs16_noise030,capacity_v1,baseline,41,16,0.3,fisher_kpp_variant_robustness_fisher_v1_failure_obs16_noise030_capacity_v1_seed41,0.0485022403299808,0.0188607699237763,1,0.4918510963750716,0.3904063192198583,0.3462815395577073,0.5585319801774751,0.672184546545246,0.0443065948784351,0.0178202539682388,0.0014113187789916,3.722214334874093e-05,0.0096242393875396,0.0485022403299808,0.4918510963750716,cross,unreliable,cross,unreliable,3,False,M0_raw,True,True
variant_robustness_fisher_v1,fisher_kpp,failure_obs16_noise030,capacity_v1,baseline,42,16,0.3,fisher_kpp_variant_robustness_fisher_v1_failure_obs16_noise030_capacity_v1_seed42,0.1108401715755462,0.0188607699237763,1,0.0270129052013281,0.0141458094713772,2.388390798971267e-07,0.0118141334576463,0.0820914390372088,0.0637193992733955,0.0391753613948822,0.0031900405883789,0.0013081579175136,0.0207913632481645,0.1108401715755462,0.0270129052013281,cross,unreliable,cross,unreliable,3,False,M0_raw,True,True
variant_robustness_fisher_v1,fisher_kpp,failure_obs16_noise030,capacity_v1,baseline,43,16,0.3,fisher_kpp_variant_robustness_fisher_v1_failure_obs16_noise030_capacity_v1_seed43,0.0720294862985611,0.0188607699237763,1,0.0451022125129473,0.0012598407915129,0.0002952347713343,0.1788412688051276,1.250568381438471e-05,0.116138719022274,0.0268677473068237,0.0082297921180725,0.0001235094129602,0.0212754042145445,0.0720294862985611,0.0451022125129473,cross,unreliable,cross,unreliable,3,False,M0_raw,True,True
variant_robustness_fisher_v1,fisher_kpp,safe_obs64_noise000,weight_balanced_v2,baseline,41,64,0.0,fisher_kpp_variant_robustness_fisher_v1_safe_obs64_noise000_weight_balanced_v2_seed41,0.0175723042339086,0.0188607699237763,0,0.7577615823227999,0.9096885570185916,0.2587217390485377,0.9274539330702574,0.9351821001538132,0.0195216108113527,0.0091340960934758,0.0003033876419067,4.622010217618678e-05,0.0003001162557466,0.0175723042339086,0.7577615823227999,safe,critical,safe,reliable,0,False,M0_raw,True,False
variant_robustness_fisher_v1,fisher_kpp,safe_obs64_noise000,weight_balanced_v2,baseline,42,64,0.0,fisher_kpp_variant_robustness_fisher_v1_safe_obs64_noise000_weight_balanced_v2_seed42,0.0135116158053278,0.0188607699237763,0,0.9525068968501356,0.9634049868335424,0.9563882906949124,0.945416266828417,0.94481804304367,0.0153241707012057,0.0038529534358531,0.000206172466278,4.149341324711493e-06,7.866995716971045e-05,0.0135116158053278,0.9525068968501356,safe,reliable,safe,reliable,0,False,M0_raw,True,True
variant_robustness_fisher_v1,fisher_kpp,safe_obs64_noise000,weight_balanced_v2,baseline,43,64,0.0,fisher_kpp_variant_robustness_fisher_v1_safe_obs64_noise000_weight_balanced_v2_seed43,0.0181203242391347,0.0188607699237763,0,0.8306225116044971,0.913145521815842,0.5601176290450328,0.9246477524752484,0.924579143081865,0.0210267193615436,0.0082281278446316,0.0003958940505981,3.267774215502625e-05,0.0002508992333944,0.0181203242391347,0.8306225116044971,safe,critical,safe,reliable,0,False,M0_raw,True,False
variant_robustness_fisher_v1,fisher_kpp,edge_obs16_noise005,weight_balanced_v2,baseline,41,16,0.05,fisher_kpp_variant_robustness_fisher_v1_edge_obs16_noise005_weight_balanced_v2_seed41,0.0150352986529469,0.0188607699237763,0,0.7720175790631045,0.9168283652927158,0.28510974325761,0.9392288926020368,0.946903315100055,0.0192729923874139,0.0086078429594635,0.0001830458641052,4.467563895633079e-05,0.0004769150765103,0.0150352986529469,0.7720175790631045,safe,critical,cross,critical,1,False,M0_raw,False,True
variant_robustness_fisher_v1,fisher_kpp,edge_obs16_noise005,weight_balanced_v2,baseline,42,16,0.05,fisher_kpp_variant_robustness_fisher_v1_edge_obs16_noise005_weight_balanced_v2_seed42,0.0153215629979968,0.0188607699237763,0,0.9453967981401704,0.9432036024469936,0.9496288425952693,0.937995442865577,0.950759304652842,0.0170835722237825,0.006557916291058,0.0001379251480102,6.113661797140026e-06,0.0002559334946263,0.0153215629979968,0.9453967981401704,safe,reliable,cross,critical,1,False,M0_raw,False,False
variant_robustness_fisher_v1,fisher_kpp,edge_obs16_noise005,weight_balanced_v2,baseline,43,16,0.05,fisher_kpp_variant_robustness_fisher_v1_edge_obs16_noise005_weight_balanced_v2_seed43,0.022112775593996,0.0188607699237763,1,0.8193394081355461,0.8813998988349213,0.5989981457768813,0.9010257376720606,0.8959338502583211,0.0249173026531934,0.0088872406631708,0.0005965828895568,3.1141203296377554e-05,0.0004425673209364,0.022112775593996,0.8193394081355461,cross,critical,cross,critical,1,False,M0_raw,True,True
variant_robustness_fisher_v1,fisher_kpp,transition_obs128_noise020,weight_balanced_v2,baseline,41,128,0.2,fisher_kpp_variant_robustness_fisher_v1_transition_obs128_noise020_weight_balanced_v2_seed41,0.0215912293642759,0.0188607699237763,1,0.713514143505837,0.8955250465005695,0.1329010716993552,0.9044499232489772,0.9211805325744457,0.0200866088271141,0.0100213261321187,0.0004230141639709,5.565571245895478e-05,0.0037294609335282,0.0215912293642759,0.713514143505837,cross,critical,cross,critical,2,False,M0_raw,True,True
variant_robustness_fisher_v1,fisher_kpp,transition_obs128_noise020,weight_balanced_v2,baseline,42,128,0.2,fisher_kpp_variant_robustness_fisher_v1_transition_obs128_noise020_weight_balanced_v2_seed42,0.0152746867388486,0.0188607699237763,0,0.9342519082627936,0.9353880914953212,0.9201100552312056,0.9381990110832532,0.9433104752413944,0.0192133262753486,0.0066185519099235,0.0002223849296569,6.089751421371727e-06,0.0031874190920994,0.0152746867388486,0.9342519082627936,safe,reliable,cross,critical,2,False,M0_raw,False,False
variant_robustness_fisher_v1,fisher_kpp,transition_obs128_noise020,weight_balanced_v2,baseline,43,128,0.2,fisher_kpp_variant_robustness_fisher_v1_transition_obs128_noise020_weight_balanced_v2_seed43,0.0198367461562156,0.0188607699237763,1,0.8420190735619114,0.8792304046994979,0.6494529656543049,0.91520262815406,0.9241902957397828,0.02396697178483,0.0096442950889468,0.0003990530967712,2.8321794133351603e-05,0.0032283504449947,0.0198367461562156,0.8420190735619114,cross,critical,cross,critical,2,False,M0_raw,True,True
variant_robustness_fisher_v1,fisher_kpp,failure_obs16_noise030,weight_balanced_v2,baseline,41,16,0.3,fisher_kpp_variant_robustness_fisher_v1_failure_obs16_noise030_weight_balanced_v2_seed41,0.02696412242949,0.0188607699237763,1,0.6941190998623347,0.8743393454877059,0.1121774524665228,0.8636424756975614,0.9263171257975484,0.0222474262118339,0.0107171656563878,0.000381588935852,5.7304231595551885e-05,0.0061702583060588,0.02696412242949,0.6941190998623347,cross,unreliable,cross,unreliable,3,False,M0_raw,True,True
variant_robustness_fisher_v1,fisher_kpp,failure_obs16_noise030,weight_balanced_v2,baseline,42,16,0.3,fisher_kpp_variant_robustness_fisher_v1_failure_obs16_noise030_weight_balanced_v2_seed42,0.0673298314213752,0.0188607699237763,1,0.4593977507390364,0.3174447169641355,0.727631573665909,0.2363553300611883,0.5561593822649126,0.0304377377033233,0.0261810328811407,0.0016909837722778,2.3388486639346835e-05,0.0051074977834335,0.0673298314213752,0.4593977507390364,cross,unreliable,cross,unreliable,3,False,M0_raw,True,True
variant_robustness_fisher_v1,fisher_kpp,failure_obs16_noise030,weight_balanced_v2,baseline,43,16,0.3,fisher_kpp_variant_robustness_fisher_v1_failure_obs16_noise030_weight_balanced_v2_seed43,0.0434781126677989,0.0188607699237763,1,0.4358005148296106,0.3165861264033009,0.64249031457012,0.6481512432559583,0.1359743750890628,0.0507562085986137,0.0144183216616511,0.0028691291809082,2.565164391779596e-05,0.0071495699782233,0.0434781126677989,0.4358005148296106,cross,unreliable,cross,unreliable,3,False,M0_raw,True,True
variant_robustness_v1,burgers,safe_obs64_noise005,baseline,baseline,41,64,0.05,burgers_variant_robustness_v1_safe_obs64_noise005_baseline_seed41,0.0283857509493827,0.0259927008301019,1,0.8846760366984974,0.7340267001372139,0.942013044215642,0.9198435419498292,0.942820860491304,0.0664348602294921,0.0206496212631464,0.0011206269264221,1.6177965922197862e-05,0.0028684602336142,0.0283857509493827,0.8846760366984974,cross,critical,safe,critical,0,False,M0_raw,False,True
variant_robustness_v1,burgers,safe_obs64_noise005,baseline,baseline,42,64,0.05,burgers_variant_robustness_v1_safe_obs64_noise005_baseline_seed42,0.0201235525310039,0.0259927008301019,0,0.9513739846285544,0.9589056071174806,0.947187959078681,0.955206592370799,0.944195779947257,0.0617731139063835,0.0146148931235075,0.0010572671890258,0.0002165250809333,0.0017685289318926,0.0201235525310039,0.9513739846285544,safe,reliable,safe,critical,0,False,M0_raw,True,False
variant_robustness_v1,burgers,safe_obs64_noise005,baseline,baseline,43,64,0.05,burgers_variant_robustness_v1_safe_obs64_noise005_baseline_seed43,0.0250421091914176,0.0259927008301019,0,0.7706202210125238,0.2940910640631924,0.929533749956702,0.9364927454446922,0.9223633245855084,0.0811778604984283,0.0244276914745569,0.0019257068634033,0.0003591127589948,0.0030599904364892,0.0250421091914176,0.7706202210125238,safe,critical,safe,critical,0,False,M0_raw,True,True
variant_robustness_v1,burgers,transition_obs48_noise010,baseline,baseline,41,48,0.1,burgers_variant_robustness_v1_transition_obs48_noise010_baseline_seed41,0.0478897504508495,0.0259927008301019,1,0.7624604042398666,0.6518231466494512,0.8693748474598595,0.7266066348420664,0.8020369880080895,0.07028079777956,0.0213832017034292,0.0045680403709411,0.0003414861940112,0.0061722068245269,0.0478897504508495,0.7624604042398666,cross,critical,cross,critical,1,False,M0_raw,True,True
variant_robustness_v1,burgers,transition_obs48_noise010,baseline,baseline,42,48,0.1,burgers_variant_robustness_v1_transition_obs48_noise010_baseline_seed42,0.0353032574057579,0.0259927008301019,1,0.7802043516765249,0.8031716151404633,0.5260307031724669,0.8722975939441966,0.9193174944489728,0.0682433247566223,0.0192832984030246,0.0020283460617065,0.0032556518807258,0.0050556024199961,0.0353032574057579,0.7802043516765249,cross,critical,cross,critical,1,False,M0_raw,True,True
variant_robustness_v1,burgers,transition_obs48_noise010,baseline,baseline,43,48,0.1,burgers_variant_robustness_v1_transition_obs48_noise010_baseline_seed43,0.0240208953619003,0.0259927008301019,0,0.7754460833543046,0.3498513200017751,0.8854532018893271,0.9408983367091198,0.9255814748169966,0.0842035412788391,0.0223886910825967,0.0018131732940673,0.0005115998935662,0.0053077439194378,0.0240208953619003,0.7754460833543046,safe,critical,cross,critical,1,False,M0_raw,False,True
variant_robustness_v1,burgers,seed_sensitive_obs32_noise010,baseline,baseline,41,32,0.1,burgers_variant_robustness_v1_seed_sensitive_obs32_noise010_baseline_seed41,0.0318551547825336,0.0259927008301019,1,0.6087826673498606,0.6339245958201716,0.0148611180827198,0.8984415195418407,0.8879034359547104,0.0677852928638458,0.0218578390777111,0.0029214024543762,0.0094975575178509,0.0075000304277304,0.0318551547825336,0.6087826673498606,cross,unreliable,cross,unreliable,2,False,M0_raw,True,True
variant_robustness_v1,burgers,seed_sensitive_obs32_noise010,baseline,baseline,42,32,0.1,burgers_variant_robustness_v1_seed_sensitive_obs32_noise010_baseline_seed42,0.0325656235218048,0.0259927008301019,1,0.9082281221603518,0.9189629885555216,0.9240773671658572,0.8934754614849572,0.8963966714350712,0.0666037574410438,0.0158490724861621,0.0027045011520385,0.000302048541347,0.0036222866686368,0.0325656235218048,0.9082281221603518,cross,reliable,cross,unreliable,2,False,M0_raw,True,False
variant_robustness_v1,burgers,seed_sensitive_obs32_noise010,baseline,baseline,43,32,0.1,burgers_variant_robustness_v1_seed_sensitive_obs32_noise010_baseline_seed43,0.1055488884449005,0.0259927008301019,1,0.0588608111709369,0.0007998474517097,0.2006008732917779,0.0339996911676642,4.2832772595765066e-05,0.1093872711062431,0.0408943891525268,0.0327081680297851,0.0048746677959671,0.009028355845208,0.1055488884449005,0.0588608111709369,cross,unreliable,cross,unreliable,2,False,M0_raw,True,True
variant_robustness_v1,burgers,failure_obs32_noise0175,baseline,baseline,41,32,0.175,burgers_variant_robustness_v1_failure_obs32_noise0175_baseline_seed41,0.0607360862195491,0.0259927008301019,1,0.3568527099751537,0.4610482875243203,0.2289277154449255,0.5035078470894507,0.2339269898419183,0.0821794047951698,0.0210888851433992,0.0109179019927978,0.0038021908609213,0.0133604196694669,0.0607360862195491,0.3568527099751537,cross,unreliable,cross,unreliable,3,False,M0_raw,True,True
variant_robustness_v1,burgers,failure_obs32_noise0175,baseline,baseline,42,32,0.175,burgers_variant_robustness_v1_failure_obs32_noise0175_baseline_seed42,0.0945163369178772,0.0259927008301019,1,0.2006402344844678,0.1253797194549556,0.5685592266467587,0.074509318453089,0.034112673383068,0.0831736177206039,0.0280003733932971,0.0162159800529479,0.0021596927582576,0.0102260899725839,0.0945163369178772,0.2006402344844678,cross,unreliable,cross,unreliable,3,False,M0_raw,True,True
variant_robustness_v1,burgers,failure_obs32_noise0175,baseline,baseline,43,32,0.175,burgers_variant_robustness_v1_failure_obs32_noise0175_baseline_seed43,0.1005407348275184,0.0259927008301019,1,0.0131929133492922,0.0038806809202999,0.0001410729340244,0.0487433956838884,6.503858956192635e-06,0.1072512194514274,0.0349249243736267,0.0373377799987793,0.0160892632588837,0.0153154352388484,0.1005407348275184,0.0131929133492922,cross,unreliable,cross,unreliable,3,False,M0_raw,True,True
variant_robustness_v1,burgers,safe_obs64_noise005,capacity_v1,baseline,41,64,0.05,burgers_variant_robustness_v1_safe_obs64_noise005_capacity_v1_seed41,0.0610530190169811,0.0259927008301019,1,0.5608287882185182,0.2108130743107092,0.7284261456276419,0.497565638734941,0.8065102942007806,0.0653783679008483,0.0278347190469503,0.0044982433319091,0.0023371188390781,0.0036128729038016,0.0610530190169811,0.5608287882185182,cross,unreliable,safe,critical,0,False,M0_raw,False,False
variant_robustness_v1,burgers,safe_obs64_noise005,capacity_v1,baseline,42,64,0.05,burgers_variant_robustness_v1_safe_obs64_noise005_capacity_v1_seed42,0.0218498576432466,0.0259927008301019,0,0.9433595466119724,0.91950099699709,0.950408662014248,0.9493288355426313,0.95419969189392,0.064913272857666,0.0164824854582548,0.0005461573600769,0.0001097745033098,0.0017563391547858,0.0218498576432466,0.9433595466119724,safe,reliable,safe,critical,0,False,M0_raw,True,False
variant_robustness_v1,burgers,safe_obs64_noise005,capacity_v1,baseline,43,64,0.05,burgers_variant_robustness_v1_safe_obs64_noise005_capacity_v1_seed43,0.0337311923503875,0.0259927008301019,1,0.6587462421528149,0.6813722267893008,0.1720405539674566,0.8848649099674198,0.8967072778870822,0.0654263868927955,0.0214251447468996,0.0026962757110595,0.0054586601485898,0.0049220013668114,0.0337311923503875,0.6587462421528149,cross,unreliable,safe,critical,0,False,M0_raw,False,False
variant_robustness_v1,burgers,transition_obs48_noise010,capacity_v1,baseline,41,48,0.1,burgers_variant_robustness_v1_transition_obs48_noise010_capacity_v1_seed41,0.032485943287611,0.0259927008301019,1,0.8985401975061014,0.9072300188191236,0.8513841052155933,0.8940428857781522,0.941503780211536,0.0679153800010681,0.015908271074295,0.0011799931526184,0.0010151868864489,0.0056420161777608,0.032485943287611,0.8985401975061014,cross,critical,cross,critical,1,False,M0_raw,True,True
variant_robustness_v1,burgers,transition_obs48_noise010,capacity_v1,baseline,42,48,0.1,burgers_variant_robustness_v1_transition_obs48_noise010_capacity_v1_seed42,0.0330768749117851,0.0259927008301019,1,0.8962496265824837,0.8715336036759916,0.889252697996323,0.8897706924917996,0.9344415121658204,0.0658354610204696,0.0180858857929706,0.0014784336090087,0.0008260329640943,0.0043678134349712,0.0330768749117851,0.8962496265824837,cross,critical,cross,critical,1,False,M0_raw,True,True
variant_robustness_v1,burgers,transition_obs48_noise010,capacity_v1,baseline,43,48,0.1,burgers_variant_robustness_v1_transition_obs48_noise010_capacity_v1_seed43,0.0419817306101322,0.0259927008301019,1,0.6683230388575507,0.8322787748626606,0.1105508370820472,0.805426162194778,0.9250363812907172,0.0684734806418418,0.0185932274907827,0.0018325448036193,0.0060242116876847,0.0080965005541133,0.0419817306101322,0.6683230388575507,cross,unreliable,cross,critical,1,False,M0_raw,True,False
variant_robustness_v1,burgers,seed_sensitive_obs32_noise010,capacity_v1,baseline,41,32,0.1,burgers_variant_robustness_v1_seed_sensitive_obs32_noise010_capacity_v1_seed41,0.0405193157494068,0.0259927008301019,1,0.8762918107667023,0.9206764716193736,0.8947279235875539,0.8220410088426072,0.8677218390172742,0.0651493966579437,0.0163448713719844,0.0033844709396362,0.0002410957032862,0.0053142930360166,0.0405193157494068,0.8762918107667023,cross,critical,cross,unreliable,2,False,M0_raw,True,False
variant_robustness_v1,burgers,seed_sensitive_obs32_noise010,capacity_v1,baseline,42,32,0.1,burgers_variant_robustness_v1_seed_sensitive_obs32_noise010_capacity_v1_seed42,0.0471949502825737,0.0259927008301019,1,0.8313482353330416,0.8421716936818638,0.9166440573356732,0.7368348132657855,0.8297423770488437,0.0680306851863861,0.0184419974684715,0.0041143298149108,0.0002848640311482,0.0041382963026863,0.0471949502825737,0.8313482353330416,cross,critical,cross,unreliable,2,False,M0_raw,True,False
variant_robustness_v1,burgers,seed_sensitive_obs32_noise010,capacity_v1,baseline,43,32,0.1,burgers_variant_robustness_v1_seed_sensitive_obs32_noise010_capacity_v1_seed43,0.0406409353017807,0.0259927008301019,1,0.729729331143228,0.6756268871710188,0.6790906275415763,0.8207027575793528,0.7434970522809641,0.0748448446393013,0.0200857780873775,0.005390465259552,0.002021411008252,0.0080394582482515,0.0406409353017807,0.729729331143228,cross,critical,cross,unreliable,2,False,M0_raw,True,False
variant_robustness_v1,burgers,failure_obs32_noise0175,capacity_v1,baseline,41,32,0.175,burgers_variant_robustness_v1_failure_obs32_noise0175_capacity_v1_seed41,0.0751214548945427,0.0259927008301019,1,0.1634491882832095,0.0058121362298295,0.2163639014919622,0.2563867843468455,0.1752339310642007,0.0993735939264297,0.0360726937651634,0.0118087530136108,0.0031272163615184,0.0158533028413094,0.0751214548945427,0.1634491882832095,cross,unreliable,cross,unreliable,3,False,M0_raw,True,True
variant_robustness_v1,burgers,failure_obs32_noise0175,capacity_v1,baseline,42,32,0.175,burgers_variant_robustness_v1_failure_obs32_noise0175_capacity_v1_seed42,0.0561589486896991,0.0259927008301019,1,0.3239450801149006,0.0522230622673643,0.0012401821390066,0.5883879190579089,0.6539291569953225,0.0881141424179077,0.0304611716419458,0.0064413547515869,0.0132512323482551,0.0112800397381855,0.0561589486896991,0.3239450801149006,cross,unreliable,cross,unreliable,3,False,M0_raw,True,True
variant_robustness_v1,burgers,failure_obs32_noise0175,capacity_v1,baseline,43,32,0.175,burgers_variant_robustness_v1_failure_obs32_noise0175_capacity_v1_seed43,0.0487558841705322,0.0259927008301019,1,0.4267557377590522,0.4479565135068966,0.2040086322500003,0.7135146982508658,0.3415431070284457,0.0842323005199432,0.0201705675572156,0.0096165537834167,0.0012368456200979,0.018954138196823,0.0487558841705322,0.4267557377590522,cross,unreliable,cross,unreliable,3,False,M0_raw,True,True
variant_robustness_v1,burgers,safe_obs64_noise005,weight_balanced_v2,baseline,41,64,0.05,burgers_variant_robustness_v1_safe_obs64_noise005_weight_balanced_v2_seed41,0.0308563373982906,0.0259927008301019,1,0.9403326193200616,0.9762468240165074,0.949807044296252,0.9050754156133344,0.9302011933541522,0.0527085736393928,0.0145510667935013,0.0016435384750366,8.70310961961517e-05,0.0019029556322076,0.0308563373982906,0.9403326193200616,cross,reliable,safe,critical,0,False,M0_raw,False,False
variant_robustness_v1,burgers,safe_obs64_noise005,weight_balanced_v2,baseline,42,64,0.05,burgers_variant_robustness_v1_safe_obs64_noise005_weight_balanced_v2_seed42,0.019959382712841,0.0259927008301019,0,0.9581450810276356,0.9864752012045536,0.9509344510677832,0.9557304560624312,0.939440215775774,0.0519410446286201,0.0130158178508281,0.0012705326080322,0.0001544613561348,0.0015279889962446,0.019959382712841,0.9581450810276356,safe,reliable,safe,critical,0,False,M0_raw,True,False
variant_robustness_v1,burgers,safe_obs64_noise005,weight_balanced_v2,baseline,43,64,0.05,burgers_variant_robustness_v1_safe_obs64_noise005_weight_balanced_v2_seed43,0.0231935884803533,0.0259927008301019,0,0.9293835729129104,0.9062670924198692,0.9376468435817402,0.9442557037391424,0.92936465191089,0.0638808459043502,0.0173045899718999,0.001675009727478,0.0003805042041612,0.0022269133498603,0.0231935884803533,0.9293835729129104,safe,reliable,safe,critical,0,False,M0_raw,True,False
variant_robustness_v1,burgers,transition_obs48_noise010,weight_balanced_v2,baseline,41,48,0.1,burgers_variant_robustness_v1_transition_obs48_noise010_weight_balanced_v2_seed41,0.0239615738391876,0.0259927008301019,0,0.9485812559916244,0.9774663943712024,0.9261673026119496,0.9411452527037116,0.949546074279634,0.0542428195476532,0.0142307635396718,0.000795841217041,0.0001829809046181,0.0037330680188346,0.0239615738391876,0.9485812559916244,safe,reliable,cross,critical,1,False,M0_raw,False,False
variant_robustness_v1,burgers,transition_obs48_noise010,weight_balanced_v2,baseline,42,48,0.1,burgers_variant_robustness_v1_transition_obs48_noise010_weight_balanced_v2_seed42,0.0234304275363683,0.0259927008301019,0,0.9492555579607344,0.9874559407348522,0.9396054063211622,0.9433133395439858,0.926647545242938,0.0510550700128078,0.0129195805639028,0.0017749071121215,0.0001456963623499,0.0027787554251142,0.0234304275363683,0.9492555579607344,safe,reliable,cross,critical,1,False,M0_raw,False,False
variant_robustness_v1,burgers,transition_obs48_noise010,weight_balanced_v2,baseline,43,48,0.1,burgers_variant_robustness_v1_transition_obs48_noise010_weight_balanced_v2_seed43,0.0255630649626255,0.0259927008301019,0,0.9199020241810736,0.913371851134838,0.8902249757029589,0.9341290636523344,0.9418822062341636,0.0645743757486343,0.0168694052845239,0.0011630654335021,0.0010601123839842,0.003292927266896,0.0255630649626255,0.9199020241810736,safe,reliable,cross,critical,1,False,M0_raw,False,False
variant_robustness_v1,burgers,seed_sensitive_obs32_noise010,weight_balanced_v2,baseline,41,32,0.1,burgers_variant_robustness_v1_seed_sensitive_obs32_noise010_weight_balanced_v2_seed41,0.0412515811622142,0.0259927008301019,1,0.8945604902419664,0.9451540978434692,0.9268493261012618,0.8138645220663175,0.8923740149568168,0.0527128316462039,0.0167190954089164,0.0028091073036193,0.0001990769557773,0.0036544883523728,0.0412515811622142,0.8945604902419664,cross,critical,cross,unreliable,2,False,M0_raw,True,False
variant_robustness_v1,burgers,seed_sensitive_obs32_noise010,weight_balanced_v2,baseline,42,32,0.1,burgers_variant_robustness_v1_seed_sensitive_obs32_noise010_weight_balanced_v2_seed42,0.0267102494835853,0.0259927008301019,1,0.9369989807539152,0.9594198260547336,0.9368114620828828,0.928633224428958,0.9231314104490864,0.0555738285183906,0.0157703161239624,0.001899242401123,0.0003084140652939,0.0025692723276271,0.0267102494835853,0.9369989807539152,cross,reliable,cross,unreliable,2,False,M0_raw,True,False
variant_robustness_v1,burgers,seed_sensitive_obs32_noise010,weight_balanced_v2,baseline,43,32,0.1,burgers_variant_robustness_v1_seed_sensitive_obs32_noise010_weight_balanced_v2_seed43,0.0712245032191276,0.0259927008301019,1,0.3529879672630929,0.0257289007164251,0.3996557055661356,0.3159228760088801,0.6706443867609307,0.0849528163671493,0.0344143696129322,0.0062577724456787,0.0038497378181699,0.0055654370487947,0.0712245032191276,0.3529879672630929,cross,unreliable,cross,unreliable,2,False,M0_raw,True,True
variant_robustness_v1,burgers,failure_obs32_noise0175,weight_balanced_v2,baseline,41,32,0.175,burgers_variant_robustness_v1_failure_obs32_noise0175_weight_balanced_v2_seed41,0.0340758301317691,0.0259927008301019,1,0.8932263819653723,0.968032894911615,0.8163854750314613,0.8822053410423955,0.9062818168760172,0.0523739196360111,0.0153625821694731,0.0024312734603881,0.0003107898621049,0.0077350268742794,0.0340758301317691,0.8932263819653723,cross,critical,cross,unreliable,3,False,M0_raw,True,False
variant_robustness_v1,burgers,failure_obs32_noise0175,weight_balanced_v2,baseline,42,32,0.175,burgers_variant_robustness_v1_failure_obs32_noise0175_weight_balanced_v2_seed42,0.0375223755836486,0.0259927008301019,1,0.8865617264966814,0.981338981129945,0.9035081694151498,0.8525823278387429,0.8088174276028879,0.0553814582526683,0.0134125528857111,0.0044617652893066,0.0001459670644813,0.0050438097004954,0.0375223755836486,0.8865617264966814,cross,critical,cross,unreliable,3,False,M0_raw,True,False
variant_robustness_v1,burgers,failure_obs32_noise0175,weight_balanced_v2,baseline,43,32,0.175,burgers_variant_robustness_v1_failure_obs32_noise0175_weight_balanced_v2_seed43,0.0375512540340423,0.0259927008301019,1,0.8119777925136462,0.8679565716058739,0.81604666566822,0.8523099086774802,0.7115980241030105,0.066065102815628,0.018145577982068,0.0057860612869262,0.0004677038405894,0.0076165242307662,0.0375512540340423,0.8119777925136462,cross,critical,cross,unreliable,3,False,M0_raw,True,False
variant_robustness_v1,stokes_poiseuille,safe_obs64_noise000,baseline,baseline,41,64,0.0,stokes_poiseuille_variant_robustness_v1_safe_obs64_noise000_baseline_seed41,0.0131177576258778,0.0400393344461917,0,0.9961890946576673,0.999925813313484,0.9926012099309685,0.9971415935859312,0.9950877618002856,0.0628695040941238,0.0120579916983842,7.390975952148437e-06,0.0002023163694222,0.0004034311957288,0.0131177576258778,0.9961890946576673,safe,reliable,safe,reliable,0,True,M1_two_anchor_linear,True,True
variant_robustness_v1,stokes_poiseuille,safe_obs64_noise000,baseline,baseline,42,64,0.0,stokes_poiseuille_variant_robustness_v1_safe_obs64_noise000_baseline_seed42,0.0266929063946008,0.0400393344461917,0,0.9200324081746254,0.9289770343417558,0.9481778412096424,0.942142599859675,0.860832157287428,0.1139220148324966,0.0268516112118959,5.418062210083008e-05,0.0007886190405517,0.001208804722077,0.0266929063946008,0.9200324081746254,safe,reliable,safe,reliable,0,True,M1_two_anchor_linear,True,True
variant_robustness_v1,stokes_poiseuille,safe_obs64_noise000,baseline,baseline,43,64,0.0,stokes_poiseuille_variant_robustness_v1_safe_obs64_noise000_baseline_seed43,0.0236609857529401,0.0400393344461917,0,0.985109923146982,0.9952383438243664,0.979781247779289,0.969956382255129,0.9954637187291444,0.0730907544493675,0.0219088532030582,6.318092346191406e-06,0.000258214596664,0.0010677001371061,0.0236609857529401,0.985109923146982,safe,reliable,safe,reliable,0,True,M1_two_anchor_linear,True,True
variant_robustness_v1,stokes_poiseuille,critical_obs8_noise0125,baseline,baseline,41,8,0.125,stokes_poiseuille_variant_robustness_v1_critical_obs8_noise0125_baseline_seed41,0.0348131135106086,0.0400393344461917,0,0.9161014863243736,0.9996155432798786,0.9782000948506524,0.7225448577109456,0.9640454494560176,0.0779317170381546,0.0159348659217357,3.451108932495117e-05,0.0002067247255023,0.0011181169960647,0.0348131135106086,0.9161014863243736,safe,reliable,cross,reliable,1,False,M1_two_anchor_linear,False,True
variant_robustness_v1,stokes_poiseuille,critical_obs8_noise0125,baseline,baseline,42,8,0.125,stokes_poiseuille_variant_robustness_v1_critical_obs8_noise0125_baseline_seed42,0.0408814772963523,0.0400393344461917,1,0.6917391097912322,0.5883025563188814,0.9164052241148116,0.3982524689563561,0.86399618977488,0.119698591530323,0.0331548117101192,5.382299423217773e-05,0.0007394019432407,0.0019535169870121,0.0408814772963523,0.6917391097912322,cross,unreliable,cross,reliable,1,False,M1_two_anchor_linear,True,False
variant_robustness_v1,stokes_poiseuille,critical_obs8_noise0125,baseline,baseline,43,8,0.125,stokes_poiseuille_variant_robustness_v1_critical_obs8_noise0125_baseline_seed43,0.0409160852432251,0.0400393344461917,1,0.7719916637052413,0.9862340670226876,0.7357574819313666,0.3963817448530853,0.9695933610138254,0.0739053413271904,0.0244496148079633,3.218650817871094e-05,0.000223485554407,0.0030197673182142,0.0409160852432251,0.7719916637052413,cross,critical,cross,reliable,1,False,M1_two_anchor_linear,True,False
variant_robustness_v1,stokes_poiseuille,failure_obs8_noise0175,baseline,baseline,41,8,0.175,stokes_poiseuille_variant_robustness_v1_failure_obs8_noise0175_baseline_seed41,0.0429847240447998,0.0400393344461917,1,0.7802391118371871,0.9988868793714748,0.9459719904822206,0.29161803209947,0.884479545395583,0.0805189833045005,0.0184531342238187,5.131959915161133e-05,0.0002008459876464,0.0017391901789693,0.0429847240447998,0.7802391118371871,cross,critical,cross,unreliable,2,True,M1_two_anchor_linear,True,False
variant_robustness_v1,stokes_poiseuille,failure_obs8_noise0175,baseline,baseline,42,8,0.175,stokes_poiseuille_variant_robustness_v1_failure_obs8_noise0175_baseline_seed42,0.0485267154872417,0.0400393344461917,1,0.4307154767556631,0.1775227088329575,0.7340366464070337,0.1054025120123055,0.705900039770356,0.1238786727190017,0.0390997417271137,6.687641143798828e-05,0.0007315482920498,0.0029978181281756,0.0485267154872417,0.4307154767556631,cross,unreliable,cross,unreliable,2,True,M1_two_anchor_linear,True,True
variant_robustness_v1,stokes_poiseuille,failure_obs8_noise0175,baseline,baseline,43,8,0.175,stokes_poiseuille_variant_robustness_v1_failure_obs8_noise0175_baseline_seed43,0.0478808581829071,0.0400393344461917,1,0.5251476653934115,0.9200643067512204,0.2291686393473037,0.1199618348458049,0.8313958806293167,0.0756488665938377,0.0288540516048669,5.7220458984375e-05,0.0002120993577802,0.0050021212719713,0.0478808581829071,0.5251476653934115,cross,unreliable,cross,unreliable,2,True,M1_two_anchor_linear,True,True
variant_robustness_v1,stokes_poiseuille,safe_obs64_noise000,capacity_v1,baseline,41,64,0.0,stokes_poiseuille_variant_robustness_v1_safe_obs64_noise000_capacity_v1_seed41,0.012312757782638,0.0400393344461917,0,0.9957973942847684,0.9999468358691176,0.9922613878252288,0.9976154301786349,0.9933659232660932,0.0610299222171306,0.0112707996740937,1.1444091796875e-05,0.0001232656336654,0.0004329151173996,0.020037621462491596,0.9670939250259597,safe,reliable,safe,reliable,0,True,M1_two_anchor_linear,True,True
variant_robustness_v1,stokes_poiseuille,safe_obs64_noise000,capacity_v1,baseline,42,64,0.0,stokes_poiseuille_variant_robustness_v1_safe_obs64_noise000_capacity_v1_seed42,0.0129143707454204,0.0400393344461917,0,0.9960578625609984,0.9998882702870062,0.992961983854354,0.997269512928207,0.9941116831744272,0.0578041039407253,0.0130265830084681,9.834766387939451e-06,0.0001397847073847,0.0003707130100488,0.020561096708862206,0.9674348071219309,safe,reliable,safe,reliable,0,True,M1_two_anchor_linear,True,True
variant_robustness_v1,stokes_poiseuille,safe_obs64_noise000,capacity_v1,baseline,43,64,0.0,stokes_poiseuille_variant_robustness_v1_safe_obs64_noise000_capacity_v1_seed43,0.0155712869018316,0.0400393344461917,0,0.9955748643011404,0.9997675737562852,0.9917965848030812,0.995036997222352,0.995698301422843,0.0545189939439296,0.0147578790783882,5.602836608886719e-06,0.0001509257135945,0.0004711706528327,0.02287293160206491,0.966802693831384,safe,reliable,safe,reliable,0,True,M1_two_anchor_linear,True,True
variant_robustness_v1,stokes_poiseuille,critical_obs8_noise0125,capacity_v1,baseline,41,8,0.125,stokes_poiseuille_variant_robustness_v1_critical_obs8_noise0125_capacity_v1_seed41,0.0350359678268432,0.0400393344461917,0,0.9195201112043232,0.9996725018895714,0.9821857467904264,0.7123475850471747,0.9838746110901208,0.052463062107563,0.0155684612691402,2.3484230041503903e-05,9.435479495306228e-05,0.0009832981698994,0.039809532495139736,0.867267717751132,safe,critical,cross,reliable,1,False,M1_two_anchor_linear,False,False
variant_robustness_v1,stokes_poiseuille,critical_obs8_noise0125,capacity_v1,baseline,42,8,0.125,stokes_poiseuille_variant_robustness_v1_critical_obs8_noise0125_capacity_v1_seed42,0.0330152660608291,0.0400393344461917,0,0.925517232754877,0.9657936162153044,0.9514391676911812,0.7962413607491216,0.9885947863639004,0.0673102810978889,0.0266749057918787,1.8775463104248047e-05,9.78095231366428e-05,0.0016643942716295,0.038051280229574186,0.8751163179474254,safe,critical,cross,reliable,1,False,M1_two_anchor_linear,False,False
variant_robustness_v1,stokes_poiseuille,critical_obs8_noise0125,capacity_v1,baseline,43,8,0.125,stokes_poiseuille_variant_robustness_v1_critical_obs8_noise0125_capacity_v1_seed43,0.0345836915075778,0.0400393344461917,0,0.8963773902876941,0.9962558669099546,0.8900163507634075,0.7328067690894554,0.9664305743879597,0.0580081306397914,0.0213374681770801,3.355741500854492e-05,0.0001151211335158,0.002260066381666,0.03941599799322329,0.8369801935784315,safe,critical,cross,reliable,1,False,M1_two_anchor_linear,False,False
variant_robustness_v1,stokes_poiseuille,failure_obs8_noise0175,capacity_v1,baseline,41,8,0.175,stokes_poiseuille_variant_robustness_v1_failure_obs8_noise0175_capacity_v1_seed41,0.0438158102333545,0.0400393344461917,1,0.7916579515629629,0.9990636584065036,0.9541905795039414,0.2544253182143241,0.9589522501270824,0.0547002404928207,0.0180527362972497,3.635883331298828e-05,8.296434349147737e-05,0.0016237581786713,0.04744904568911658,0.6999309441339582,cross,unreliable,cross,unreliable,2,True,M1_two_anchor_linear,True,True
variant_robustness_v1,stokes_poiseuille,failure_obs8_noise0175,capacity_v1,baseline,42,8,0.175,stokes_poiseuille_variant_robustness_v1_failure_obs8_noise0175_capacity_v1_seed42,0.041911881417036,0.0400393344461917,1,0.6717582116914167,0.6116857090014757,0.74722535066738,0.3440369973687436,0.9840847897280676,0.0709811821579933,0.0341041274368763,2.330541610717773e-05,0.0001065243755621,0.0029752297724786,0.045792399858905444,0.5430148112927852,cross,unreliable,cross,unreliable,2,True,M1_two_anchor_linear,True,True
variant_robustness_v1,stokes_poiseuille,failure_obs8_noise0175,capacity_v1,baseline,43,8,0.175,stokes_poiseuille_variant_robustness_v1_failure_obs8_noise0175_capacity_v1_seed43,0.0423238389194011,0.0400393344461917,1,0.6336614359239197,0.9649618006058618,0.4491188156044793,0.3233649607320991,0.7972001667532382,0.0597622580826282,0.0267347544431686,6.026029586791992e-05,0.0001085427952897,0.0040188530868044,0.04615085216692659,0.49315649855951793,cross,unreliable,cross,unreliable,2,True,M1_two_anchor_linear,True,True
variant_robustness_v1,stokes_poiseuille,safe_obs64_noise000,weight_balanced_v2,baseline,41,64,0.0,stokes_poiseuille_variant_robustness_v1_safe_obs64_noise000_weight_balanced_v2_seed41,0.0136263091117143,0.0400393344461917,0,0.9965148227503016,0.9999791419284226,0.9933643618164438,0.9967949843004876,0.9959208029558522,0.0408230423927307,0.0090608559548854,4.887580871582031e-06,0.0001439800094894,0.0003321571382021,0.00523459212316188,1.0,safe,reliable,safe,reliable,0,True,M1_two_anchor_linear,True,True
variant_robustness_v1,stokes_poiseuille,safe_obs64_noise000,weight_balanced_v2,baseline,42,64,0.0,stokes_poiseuille_variant_robustness_v1_safe_obs64_noise000_weight_balanced_v2_seed42,0.0267737116664648,0.0400393344461917,0,0.9781824269346364,0.9986087873212952,0.984742071426758,0.9411402291985176,0.988238619791974,0.0685941874980926,0.018989635631442,1.919269561767578e-05,0.0004932226872003,0.0008747480662903,0.02796606817521279,0.9521113000195611,safe,reliable,safe,reliable,0,True,M1_two_anchor_linear,True,True
variant_robustness_v1,stokes_poiseuille,safe_obs64_noise000,weight_balanced_v2,baseline,43,64,0.0,stokes_poiseuille_variant_robustness_v1_safe_obs64_noise000_weight_balanced_v2_seed43,0.0281068291515111,0.0400393344461917,0,0.974247689707266,0.9991099031310884,0.9796485425045902,0.9220833851078392,0.9961489280855468,0.0579076148569583,0.0179328825324773,4.112720489501953e-06,0.0002241469656547,0.0010720996834562,0.03027098947504404,0.9398139226860511,safe,reliable,safe,reliable,0,True,M1_two_anchor_linear,True,True
variant_robustness_v1,stokes_poiseuille,critical_obs8_noise0125,weight_balanced_v2,baseline,41,8,0.125,stokes_poiseuille_variant_robustness_v1_critical_obs8_noise0125_weight_balanced_v2_seed41,0.0272424258291721,0.0400393344461917,0,0.9784882679967346,0.9999482937225525,0.9865133688006504,0.9349980269779984,0.9924933824857372,0.0530376471579074,0.0112059032544493,1.3113021850585938e-05,0.0001873490807257,0.000798606206789,0.028776461309557664,0.9530671562120765,safe,reliable,cross,reliable,1,False,M1_two_anchor_linear,False,True
variant_robustness_v1,stokes_poiseuille,critical_obs8_noise0125,weight_balanced_v2,baseline,42,8,0.125,stokes_poiseuille_variant_robustness_v1_critical_obs8_noise0125_weight_balanced_v2_seed42,0.0348691269755363,0.0400393344461917,0,0.9173959397932134,0.9956374709527926,0.9623248284189267,0.7200028524804538,0.991618607320681,0.0718396678566932,0.021700644865632,1.4603137969970705e-05,0.0004705082794251,0.0014872223007729,0.04196280543667845,0.7621330814089595,cross,critical,cross,reliable,1,False,M1_two_anchor_linear,True,False
variant_robustness_v1,stokes_poiseuille,critical_obs8_noise0125,weight_balanced_v2,baseline,43,8,0.125,stokes_poiseuille_variant_robustness_v1_critical_obs8_noise0125_weight_balanced_v2_seed43,0.0382534563541412,0.0400393344461917,0,0.8665745487630537,0.998972159952346,0.9279327267042252,0.5450022519055369,0.9943910564901066,0.0566225051879882,0.0182733498513698,9.179115295410156e-06,0.0001748626411251,0.0019448533032631,0.04781421235159128,0.6032991400305119,cross,unreliable,cross,reliable,1,False,M1_two_anchor_linear,True,False
variant_robustness_v1,stokes_poiseuille,failure_obs8_noise0175,weight_balanced_v2,baseline,41,8,0.175,stokes_poiseuille_variant_robustness_v1_failure_obs8_noise0175_weight_balanced_v2_seed41,0.032470129430294,0.0400393344461917,0,0.945474894664484,0.9999150619122836,0.9764117634312228,0.8154809442007555,0.9900918091136734,0.0542627461254596,0.0123787941411137,1.6868114471435547e-05,0.000182539885518,0.0011710147997205,0.03781500856033651,0.8498892600886174,safe,critical,cross,unreliable,2,True,M1_two_anchor_linear,False,False
variant_robustness_v1,stokes_poiseuille,failure_obs8_noise0175,weight_balanced_v2,baseline,42,8,0.175,stokes_poiseuille_variant_robustness_v1_failure_obs8_noise0175_weight_balanced_v2_seed42,0.038152128458023,0.0400393344461917,0,0.8574004281823153,0.988882535387558,0.898543827936779,0.5506682866556695,0.9915070627492546,0.0731555894017219,0.0239352080971002,1.4781951904296877e-05,0.0004608688736403,0.0021978257693005,0.04763901937074022,0.5746269273857405,cross,unreliable,cross,unreliable,2,True,M1_two_anchor_linear,True,True
variant_robustness_v1,stokes_poiseuille,failure_obs8_noise0175,weight_balanced_v2,baseline,43,8,0.175,stokes_poiseuille_variant_robustness_v1_failure_obs8_noise0175_weight_balanced_v2_seed43,0.0417954809963703,0.0400393344461917,1,0.7732364117802575,0.998120620687952,0.7530327748664029,0.3499909558382655,0.9918012957284096,0.0571698583662509,0.0197022818028926,1.430511474609375e-05,0.0001671337623975,0.0029522784511695,0.053938269783871895,0.31158606651190235,cross,unreliable,cross,unreliable,2,True,M1_two_anchor_linear,True,True
variant_robustness_fisher_v1,fisher_kpp,safe_obs64_noise000,baseline,baseline,41,64,0.0,fisher_kpp_variant_robustness_fisher_v1_safe_obs64_noise000_baseline_seed41,0.0119209587574005,0.0188607699237763,0,0.9123978260545242,0.9243518814137408,0.8223154308545034,0.9512393730831752,0.951684618866678,0.0192983448505401,0.0078724799677729,0.0001266002655029,2.102337505798441e-05,0.0001811401349878,0.0119209587574005,0.9123978260545242,safe,reliable,safe,reliable,0,True,M1_two_anchor_linear,True,True
variant_robustness_fisher_v1,fisher_kpp,safe_obs64_noise000,baseline,baseline,42,64,0.0,fisher_kpp_variant_robustness_fisher_v1_safe_obs64_noise000_baseline_seed42,0.0116400346159935,0.0188607699237763,0,0.953713419559475,0.956959130878764,0.9564765145950505,0.9522046105665531,0.9492134221975324,0.0173405669629573,0.0040600476786494,0.0001564025878906,4.135591166993528e-06,7.045991161417816e-05,0.0116400346159935,0.953713419559475,safe,reliable,safe,reliable,0,True,M1_two_anchor_linear,True,True
variant_robustness_fisher_v1,fisher_kpp,safe_obs64_noise000,baseline,baseline,43,64,0.0,fisher_kpp_variant_robustness_fisher_v1_safe_obs64_noise000_baseline_seed43,0.0157233867794275,0.0188607699237763,0,0.853292672151485,0.8886172435559169,0.6516176949298037,0.9362245992680456,0.9367111508521736,0.0242071822285652,0.0087240254506468,0.0002889037132263,2.9104502746604904e-05,0.0002277126915143,0.0157233867794275,0.853292672151485,safe,critical,safe,reliable,0,True,M1_two_anchor_linear,True,False
variant_robustness_fisher_v1,fisher_kpp,edge_obs16_noise005,baseline,baseline,41,16,0.05,fisher_kpp_variant_robustness_fisher_v1_edge_obs16_noise005_baseline_seed41,0.0135655729100108,0.0188607699237763,0,0.891765473130284,0.9203312384962689,0.7511236476011104,0.9452076664751048,0.9503993399486516,0.0199658907949924,0.008001385256648,0.0001422762870788,2.471342661682802e-05,0.0005805668893491,0.0135655729100108,0.891765473130284,safe,critical,cross,critical,1,False,M1_two_anchor_linear,False,True
variant_robustness_fisher_v1,fisher_kpp,edge_obs16_noise005,baseline,baseline,42,16,0.05,fisher_kpp_variant_robustness_fisher_v1_edge_obs16_noise005_baseline_seed42,0.021828755736351,0.0188607699237763,1,0.9235912205880048,0.8955403418163286,0.9485497075219982,0.9029037909890324,0.9473710420246604,0.0229935515671968,0.0088396836072206,0.0001777410507202,6.1721873922943465e-06,0.0003838406426141,0.021828755736351,0.9235912205880048,cross,reliable,cross,critical,1,False,M1_two_anchor_linear,True,False
variant_robustness_fisher_v1,fisher_kpp,edge_obs16_noise005,baseline,baseline,43,16,0.05,fisher_kpp_variant_robustness_fisher_v1_edge_obs16_noise005_baseline_seed43,0.024307694286108,0.0188607699237763,1,0.7620970899697079,0.7194730588047383,0.558790932458064,0.8853940097133133,0.884730358902716,0.0352082848548889,0.0105993459001183,0.0006617903709411,3.267966808724846e-05,0.0005551224422019,0.024307694286108,0.7620970899697079,cross,critical,cross,critical,1,False,M1_two_anchor_linear,True,True
variant_robustness_fisher_v1,fisher_kpp,transition_obs128_noise020,baseline,baseline,41,128,0.2,fisher_kpp_variant_robustness_fisher_v1_transition_obs128_noise020_baseline_seed41,0.0185159798711538,0.0188607699237763,0,0.8546359525250519,0.8988445836412912,0.6506117060278757,0.9225601466374892,0.9465273737935516,0.0215892139822244,0.0092407818883657,0.0001872777938842,2.508225312241196e-05,0.0072578182571644,0.0185159798711538,0.8546359525250519,safe,critical,cross,critical,2,False,M1_two_anchor_linear,False,True
variant_robustness_fisher_v1,fisher_kpp,transition_obs128_noise020,baseline,baseline,42,128,0.2,fisher_kpp_variant_robustness_fisher_v1_transition_obs128_noise020_baseline_seed42,0.0223239753395319,0.0188607699237763,1,0.8710840961018993,0.8316426270272808,0.8405806302108852,0.8996083041442511,0.9125048230251798,0.0273597165942192,0.0109389070421457,0.0004876852035522,1.1743982812177376e-05,0.006033299499287,0.0223239753395319,0.8710840961018993,cross,critical,cross,critical,2,False,M1_two_anchor_linear,True,True
variant_robustness_fisher_v1,fisher_kpp,transition_obs128_noise020,baseline,baseline,43,128,0.2,fisher_kpp_variant_robustness_fisher_v1_transition_obs128_noise020_baseline_seed43,0.0231874734163284,0.0188607699237763,1,0.8101896178369722,0.7499050179449759,0.6762396243648773,0.8936240357216977,0.920989793316338,0.0310546290129423,0.0129790445789694,0.0004245042800903,2.4776865797200763e-05,0.0064100689768605,0.0231874734163284,0.8101896178369722,cross,critical,cross,critical,2,False,M1_two_anchor_linear,True,True
variant_robustness_fisher_v1,fisher_kpp,failure_obs16_noise030,baseline,baseline,41,16,0.3,fisher_kpp_variant_robustness_fisher_v1_failure_obs16_noise030_baseline_seed41,0.0461932495236396,0.0188607699237763,1,0.5410740111306614,0.56974009723224,0.3041469767782791,0.6005789985465216,0.6898299719656049,0.0359561927616596,0.0170392282307147,0.0013651847839355,3.6890041592082345e-05,0.0117547174252741,0.0461932495236396,0.5410740111306614,cross,unreliable,cross,unreliable,3,True,M1_two_anchor_linear,True,True
variant_robustness_fisher_v1,fisher_kpp,failure_obs16_noise030,baseline,baseline,42,16,0.3,fisher_kpp_variant_robustness_fisher_v1_failure_obs16_noise030_baseline_seed42,0.1130756437778472,0.0188607699237763,1,0.1309960687750727,0.0149044200098692,0.4632441633234443,0.0100135881662795,0.0358221036006977,0.0579703599214553,0.0422258488833904,0.0036888718605041,3.263967389222225e-05,0.0085361020066421,0.1130756437778472,0.1309960687750727,cross,unreliable,cross,unreliable,3,True,M1_two_anchor_linear,True,True
variant_robustness_fisher_v1,fisher_kpp,failure_obs16_noise030,baseline,baseline,43,16,0.3,fisher_kpp_variant_robustness_fisher_v1_failure_obs16_noise030_baseline_seed43,0.0670446455478668,0.0188607699237763,1,0.0620359298722757,0.0023341346401578,0.0055054549500411,0.2402262699430659,7.78599558379515e-05,0.1065356731414794,0.0276071950793266,0.0071913003921508,9.63452234114728e-05,0.0120391739515247,0.0670446455478668,0.0620359298722757,cross,unreliable,cross,unreliable,3,True,M1_two_anchor_linear,True,True
variant_robustness_fisher_v1,fisher_kpp,safe_obs64_noise000,capacity_v1,baseline,41,64,0.0,fisher_kpp_variant_robustness_fisher_v1_safe_obs64_noise000_capacity_v1_seed41,0.0092961816117167,0.0188607699237763,0,0.9573959769335506,0.9585740873855556,0.9586110013677668,0.9595784000924446,0.9528204188884356,0.0150780882686376,0.0049778749234974,0.0001124143600463,3.2124470757795114e-06,7.463864546603542e-05,0.012411816594267128,0.9087778438046797,safe,reliable,safe,reliable,0,True,M1_two_anchor_linear,True,True
variant_robustness_fisher_v1,fisher_kpp,safe_obs64_noise000,capacity_v1,baseline,42,64,0.0,fisher_kpp_variant_robustness_fisher_v1_safe_obs64_noise000_capacity_v1_seed42,0.0095778061076998,0.0188607699237763,0,0.9591551272437056,0.9675412039059108,0.9590530280565076,0.9587535564692768,0.9512727205431272,0.0123513787984848,0.0042348112910985,0.0001316666603088,2.780788996344636e-06,0.0001470645446606,0.012673503954206931,0.9102961674722946,safe,reliable,safe,reliable,0,True,M1_two_anchor_linear,True,True
variant_robustness_fisher_v1,fisher_kpp,safe_obs64_noise000,capacity_v1,baseline,43,64,0.0,fisher_kpp_variant_robustness_fisher_v1_safe_obs64_noise000_capacity_v1_seed43,0.0112195890396833,0.0188607699237763,0,0.9476080826479693,0.9552896451198256,0.9339786014397784,0.9536153890964056,0.9475486949358672,0.0149257937446236,0.0056059174239635,0.0001757144927978,1.000861664709144e-05,0.0001841173097503,0.014199059604347442,0.9003299064885099,safe,reliable,safe,reliable,0,True,M1_two_anchor_linear,True,True
variant_robustness_fisher_v1,fisher_kpp,edge_obs16_noise005,capacity_v1,baseline,41,16,0.05,fisher_kpp_variant_robustness_fisher_v1_edge_obs16_noise005_capacity_v1_seed41,0.0123577639460563,0.0188607699237763,0,0.9516915730225102,0.9505398162896967,0.9533423291815604,0.9497017275420436,0.9531824190767402,0.0165401175618171,0.0057178987190127,0.0001078248023986,4.505642265519631e-06,0.0003907479747309,0.015256659318316771,0.9038543694331213,safe,reliable,cross,critical,1,False,M1_two_anchor_linear,False,False
variant_robustness_fisher_v1,fisher_kpp,edge_obs16_noise005,capacity_v1,baseline,42,16,0.05,fisher_kpp_variant_robustness_fisher_v1_edge_obs16_noise005_capacity_v1_seed42,0.0175534933805465,0.0188607699237763,0,0.9401858788580096,0.9292925825407722,0.9497828393421714,0.9275485247674794,0.9541195687816162,0.0160406250506639,0.0084115909412503,9.578466415405272e-05,4.451149027325708e-06,0.0008783577576842,0.020084565761351682,0.8939237980308629,cross,critical,cross,critical,1,False,M1_two_anchor_linear,True,True
variant_robustness_fisher_v1,fisher_kpp,edge_obs16_noise005,capacity_v1,baseline,43,16,0.05,fisher_kpp_variant_robustness_fisher_v1_edge_obs16_noise005_capacity_v1_seed43,0.018251122906804,0.0188607699237763,0,0.908870940402897,0.8763687095838664,0.936729400165474,0.9239634005684888,0.8984222512937586,0.026910675689578,0.0075952284969389,0.0005812644958496,8.53933270041308e-06,0.0007779408495079,0.020732807769935115,0.8668958562274642,cross,critical,cross,critical,1,False,M1_two_anchor_linear,True,True
variant_robustness_fisher_v1,fisher_kpp,transition_obs128_noise020,capacity_v1,baseline,41,128,0.2,fisher_kpp_variant_robustness_fisher_v1_transition_obs128_noise020_capacity_v1_seed41,0.0166861433535814,0.0188607699237763,0,0.91921206617416,0.9309365667183334,0.8679690604499383,0.9317883676441906,0.9461542698841776,0.0191788524389266,0.0071950647979974,0.0001914501190185,4.733841771914064e-06,0.006039245896384,0.01927861833157329,0.8758212879643958,cross,critical,cross,critical,2,False,M1_two_anchor_linear,True,True
variant_robustness_fisher_v1,fisher_kpp,transition_obs128_noise020,capacity_v1,baseline,42,128,0.2,fisher_kpp_variant_robustness_fisher_v1_transition_obs128_noise020_capacity_v1_seed42,0.0220215413719415,0.0188607699237763,1,0.7695602598644466,0.8550304188527583,0.3973216510895432,0.9016325136211836,0.9242564558943016,0.025559140369296,0.0104975393041968,0.0003985166549682,5.991402303497908e-06,0.0165128571767371,0.024236305754248684,0.7466567258973089,cross,critical,cross,critical,2,False,M1_two_anchor_linear,True,True
variant_robustness_fisher_v1,fisher_kpp,transition_obs128_noise020,capacity_v1,baseline,43,128,0.2,fisher_kpp_variant_robustness_fisher_v1_transition_obs128_noise020_capacity_v1_seed43,0.019008319824934,0.0188607699237763,1,0.8349072014026745,0.8313664607588503,0.6504662125374948,0.91988847085699,0.937907661457363,0.027954202145338,0.0105535732582211,0.0002773404121398,7.506355540863392e-06,0.0114332284491999,0.021436400196326477,0.8030577095830026,cross,critical,cross,critical,2,False,M1_two_anchor_linear,True,True
variant_robustness_fisher_v1,fisher_kpp,failure_obs16_noise030,capacity_v1,baseline,41,16,0.3,fisher_kpp_variant_robustness_fisher_v1_failure_obs16_noise030_capacity_v1_seed41,0.0485022403299808,0.0188607699237763,1,0.4918510963750716,0.3904063192198583,0.3462815395577073,0.5585319801774751,0.672184546545246,0.0443065948784351,0.0178202539682388,0.0014113187789916,3.722214334874093e-05,0.0096242393875396,0.04884234783698657,0.5069657835114435,cross,unreliable,cross,unreliable,3,True,M1_two_anchor_linear,True,True
variant_robustness_fisher_v1,fisher_kpp,failure_obs16_noise030,capacity_v1,baseline,42,16,0.3,fisher_kpp_variant_robustness_fisher_v1_failure_obs16_noise030_capacity_v1_seed42,0.1108401715755462,0.0188607699237763,1,0.0270129052013281,0.0141458094713772,2.388390798971267e-07,0.0118141334576463,0.0820914390372088,0.0637193992733955,0.0391753613948822,0.0031900405883789,0.0013081579175136,0.0207913632481645,0.10676716930826906,0.10576366724192274,cross,unreliable,cross,unreliable,3,True,M1_two_anchor_linear,True,True
variant_robustness_fisher_v1,fisher_kpp,failure_obs16_noise030,capacity_v1,baseline,43,16,0.3,fisher_kpp_variant_robustness_fisher_v1_failure_obs16_noise030_capacity_v1_seed43,0.0720294862985611,0.0188607699237763,1,0.0451022125129473,0.0012598407915129,0.0002952347713343,0.1788412688051276,1.250568381438471e-05,0.116138719022274,0.0268677473068237,0.0082297921180725,0.0001235094129602,0.0212754042145445,0.07070402170409797,0.12137655902464353,cross,unreliable,cross,unreliable,3,True,M1_two_anchor_linear,True,True
variant_robustness_fisher_v1,fisher_kpp,safe_obs64_noise000,weight_balanced_v2,baseline,41,64,0.0,fisher_kpp_variant_robustness_fisher_v1_safe_obs64_noise000_weight_balanced_v2_seed41,0.0175723042339086,0.0188607699237763,0,0.7577615823227999,0.9096885570185916,0.2587217390485377,0.9274539330702574,0.9351821001538132,0.0195216108113527,0.0091340960934758,0.0003033876419067,4.622010217618678e-05,0.0003001162557466,0.015567367145195264,0.7203628719260593,safe,critical,safe,reliable,0,True,M1_two_anchor_linear,True,False
variant_robustness_fisher_v1,fisher_kpp,safe_obs64_noise000,weight_balanced_v2,baseline,42,64,0.0,fisher_kpp_variant_robustness_fisher_v1_safe_obs64_noise000_weight_balanced_v2_seed42,0.0135116158053278,0.0188607699237763,0,0.9525068968501356,0.9634049868335424,0.9563882906949124,0.945416266828417,0.94481804304367,0.0153241707012057,0.0038529534358531,0.000206172466278,4.149341324711493e-06,7.866995716971045e-05,0.006992388994939938,1.0,safe,reliable,safe,reliable,0,True,M1_two_anchor_linear,True,True
variant_robustness_fisher_v1,fisher_kpp,safe_obs64_noise000,weight_balanced_v2,baseline,43,64,0.0,fisher_kpp_variant_robustness_fisher_v1_safe_obs64_noise000_weight_balanced_v2_seed43,0.0181203242391347,0.0188607699237763,0,0.8306225116044971,0.913145521815842,0.5601176290450328,0.9246477524752484,0.924579143081865,0.0210267193615436,0.0082281278446316,0.0003958940505981,3.267774215502625e-05,0.0002508992333944,0.016724624012686318,0.872374914530027,safe,critical,safe,reliable,0,True,M1_two_anchor_linear,True,False
variant_robustness_fisher_v1,fisher_kpp,edge_obs16_noise005,weight_balanced_v2,baseline,41,16,0.05,fisher_kpp_variant_robustness_fisher_v1_edge_obs16_noise005_weight_balanced_v2_seed41,0.0150352986529469,0.0188607699237763,0,0.7720175790631045,0.9168283652927158,0.28510974325761,0.9392288926020368,0.946903315100055,0.0192729923874139,0.0086078429594635,0.0001830458641052,4.467563895633079e-05,0.0004769150765103,0.010209958467715018,0.7501056051743655,safe,critical,cross,critical,1,False,M1_two_anchor_linear,False,True
variant_robustness_fisher_v1,fisher_kpp,edge_obs16_noise005,weight_balanced_v2,baseline,42,16,0.05,fisher_kpp_variant_robustness_fisher_v1_edge_obs16_noise005_weight_balanced_v2_seed42,0.0153215629979968,0.0188607699237763,0,0.9453967981401704,0.9432036024469936,0.9496288425952693,0.937995442865577,0.950759304652842,0.0170835722237825,0.006557916291058,0.0001379251480102,6.113661797140026e-06,0.0002559334946263,0.010814464463969935,1.0,safe,reliable,cross,critical,1,False,M1_two_anchor_linear,False,False
variant_robustness_fisher_v1,fisher_kpp,edge_obs16_noise005,weight_balanced_v2,baseline,43,16,0.05,fisher_kpp_variant_robustness_fisher_v1_edge_obs16_noise005_weight_balanced_v2_seed43,0.022112775593996,0.0188607699237763,1,0.8193394081355461,0.8813998988349213,0.5989981457768813,0.9010257376720606,0.8959338502583211,0.0249173026531934,0.0088872406631708,0.0005965828895568,3.1141203296377554e-05,0.0004425673209364,0.025155505558025176,0.848834621781414,cross,critical,cross,critical,1,False,M1_two_anchor_linear,True,True
variant_robustness_fisher_v1,fisher_kpp,transition_obs128_noise020,weight_balanced_v2,baseline,41,128,0.2,fisher_kpp_variant_robustness_fisher_v1_transition_obs128_noise020_weight_balanced_v2_seed41,0.0215912293642759,0.0188607699237763,1,0.713514143505837,0.8955250465005695,0.1329010716993552,0.9044499232489772,0.9211805325744457,0.0200866088271141,0.0100213261321187,0.0004230141639709,5.565571245895478e-05,0.0037294609335282,0.02405415350827904,0.6280480521609175,cross,unreliable,cross,critical,2,False,M1_two_anchor_linear,True,False
variant_robustness_fisher_v1,fisher_kpp,transition_obs128_noise020,weight_balanced_v2,baseline,42,128,0.2,fisher_kpp_variant_robustness_fisher_v1_transition_obs128_noise020_weight_balanced_v2_seed42,0.0152746867388486,0.0188607699237763,0,0.9342519082627936,0.9353880914953212,0.9201100552312056,0.9381990110832532,0.9433104752413944,0.0192133262753486,0.0066185519099235,0.0002223849296569,6.089751421371727e-06,0.0031874190920994,0.010715475608993434,1.0,safe,reliable,cross,critical,2,False,M1_two_anchor_linear,False,False
variant_robustness_fisher_v1,fisher_kpp,transition_obs128_noise020,weight_balanced_v2,baseline,43,128,0.2,fisher_kpp_variant_robustness_fisher_v1_transition_obs128_noise020_weight_balanced_v2_seed43,0.0198367461562156,0.0188607699237763,1,0.8420190735619114,0.8792304046994979,0.6494529656543049,0.91520262815406,0.9241902957397828,0.02396697178483,0.0096442950889468,0.0003990530967712,2.8321794133351603e-05,0.0032283504449947,0.020349201641443736,0.8961519192826197,cross,critical,cross,critical,2,False,M1_two_anchor_linear,True,True
variant_robustness_fisher_v1,fisher_kpp,failure_obs16_noise030,weight_balanced_v2,baseline,41,16,0.3,fisher_kpp_variant_robustness_fisher_v1_failure_obs16_noise030_weight_balanced_v2_seed41,0.02696412242949,0.0188607699237763,1,0.6941190998623347,0.8743393454877059,0.1121774524665228,0.8636424756975614,0.9263171257975484,0.0222474262118339,0.0107171656563878,0.000381588935852,5.7304231595551885e-05,0.0061702583060588,0.035400121426820245,0.5875835641327296,cross,unreliable,cross,unreliable,3,True,M1_two_anchor_linear,True,True
variant_robustness_fisher_v1,fisher_kpp,failure_obs16_noise030,weight_balanced_v2,baseline,42,16,0.3,fisher_kpp_variant_robustness_fisher_v1_failure_obs16_noise030_weight_balanced_v2_seed42,0.0673298314213752,0.0188607699237763,1,0.4593977507390364,0.3174447169641355,0.727631573665909,0.2363553300611883,0.5561593822649126,0.0304377377033233,0.0261810328811407,0.0016909837722778,2.3388486639346835e-05,0.0051074977834335,0.12064061173106007,0.09787704961597588,cross,unreliable,cross,unreliable,3,True,M1_two_anchor_linear,True,True
variant_robustness_fisher_v1,fisher_kpp,failure_obs16_noise030,weight_balanced_v2,baseline,43,16,0.3,fisher_kpp_variant_robustness_fisher_v1_failure_obs16_noise030_weight_balanced_v2_seed43,0.0434781126677989,0.0188607699237763,1,0.4358005148296106,0.3165861264033009,0.64249031457012,0.6481512432559583,0.1359743750890628,0.0507562085986137,0.0144183216616511,0.0028691291809082,2.565164391779596e-05,0.0071495699782233,0.07027280569147333,0.048645396029303956,cross,unreliable,cross,unreliable,3,True,M1_two_anchor_linear,True,True
variant_robustness_v1,burgers,safe_obs64_noise005,baseline,baseline,41,64,0.05,burgers_variant_robustness_v1_safe_obs64_noise005_baseline_seed41,0.0283857509493827,0.0259927008301019,1,0.8846760366984974,0.7340267001372139,0.942013044215642,0.9198435419498292,0.942820860491304,0.0664348602294921,0.0206496212631464,0.0011206269264221,1.6177965922197862e-05,0.0028684602336142,0.0283857509493827,0.8846760366984974,cross,critical,safe,critical,0,True,M1_two_anchor_linear,False,True
variant_robustness_v1,burgers,safe_obs64_noise005,baseline,baseline,42,64,0.05,burgers_variant_robustness_v1_safe_obs64_noise005_baseline_seed42,0.0201235525310039,0.0259927008301019,0,0.9513739846285544,0.9589056071174806,0.947187959078681,0.955206592370799,0.944195779947257,0.0617731139063835,0.0146148931235075,0.0010572671890258,0.0002165250809333,0.0017685289318926,0.0201235525310039,0.9513739846285544,safe,reliable,safe,critical,0,True,M1_two_anchor_linear,True,False
variant_robustness_v1,burgers,safe_obs64_noise005,baseline,baseline,43,64,0.05,burgers_variant_robustness_v1_safe_obs64_noise005_baseline_seed43,0.0250421091914176,0.0259927008301019,0,0.7706202210125238,0.2940910640631924,0.929533749956702,0.9364927454446922,0.9223633245855084,0.0811778604984283,0.0244276914745569,0.0019257068634033,0.0003591127589948,0.0030599904364892,0.0250421091914176,0.7706202210125238,safe,critical,safe,critical,0,True,M1_two_anchor_linear,True,True
variant_robustness_v1,burgers,transition_obs48_noise010,baseline,baseline,41,48,0.1,burgers_variant_robustness_v1_transition_obs48_noise010_baseline_seed41,0.0478897504508495,0.0259927008301019,1,0.7624604042398666,0.6518231466494512,0.8693748474598595,0.7266066348420664,0.8020369880080895,0.07028079777956,0.0213832017034292,0.0045680403709411,0.0003414861940112,0.0061722068245269,0.0478897504508495,0.7624604042398666,cross,critical,cross,critical,1,False,M1_two_anchor_linear,True,True
variant_robustness_v1,burgers,transition_obs48_noise010,baseline,baseline,42,48,0.1,burgers_variant_robustness_v1_transition_obs48_noise010_baseline_seed42,0.0353032574057579,0.0259927008301019,1,0.7802043516765249,0.8031716151404633,0.5260307031724669,0.8722975939441966,0.9193174944489728,0.0682433247566223,0.0192832984030246,0.0020283460617065,0.0032556518807258,0.0050556024199961,0.0353032574057579,0.7802043516765249,cross,critical,cross,critical,1,False,M1_two_anchor_linear,True,True
variant_robustness_v1,burgers,transition_obs48_noise010,baseline,baseline,43,48,0.1,burgers_variant_robustness_v1_transition_obs48_noise010_baseline_seed43,0.0240208953619003,0.0259927008301019,0,0.7754460833543046,0.3498513200017751,0.8854532018893271,0.9408983367091198,0.9255814748169966,0.0842035412788391,0.0223886910825967,0.0018131732940673,0.0005115998935662,0.0053077439194378,0.0240208953619003,0.7754460833543046,safe,critical,cross,critical,1,False,M1_two_anchor_linear,False,True
variant_robustness_v1,burgers,seed_sensitive_obs32_noise010,baseline,baseline,41,32,0.1,burgers_variant_robustness_v1_seed_sensitive_obs32_noise010_baseline_seed41,0.0318551547825336,0.0259927008301019,1,0.6087826673498606,0.6339245958201716,0.0148611180827198,0.8984415195418407,0.8879034359547104,0.0677852928638458,0.0218578390777111,0.0029214024543762,0.0094975575178509,0.0075000304277304,0.0318551547825336,0.6087826673498606,cross,unreliable,cross,unreliable,2,False,M1_two_anchor_linear,True,True
variant_robustness_v1,burgers,seed_sensitive_obs32_noise010,baseline,baseline,42,32,0.1,burgers_variant_robustness_v1_seed_sensitive_obs32_noise010_baseline_seed42,0.0325656235218048,0.0259927008301019,1,0.9082281221603518,0.9189629885555216,0.9240773671658572,0.8934754614849572,0.8963966714350712,0.0666037574410438,0.0158490724861621,0.0027045011520385,0.000302048541347,0.0036222866686368,0.0325656235218048,0.9082281221603518,cross,reliable,cross,unreliable,2,False,M1_two_anchor_linear,True,False
variant_robustness_v1,burgers,seed_sensitive_obs32_noise010,baseline,baseline,43,32,0.1,burgers_variant_robustness_v1_seed_sensitive_obs32_noise010_baseline_seed43,0.1055488884449005,0.0259927008301019,1,0.0588608111709369,0.0007998474517097,0.2006008732917779,0.0339996911676642,4.2832772595765066e-05,0.1093872711062431,0.0408943891525268,0.0327081680297851,0.0048746677959671,0.009028355845208,0.1055488884449005,0.0588608111709369,cross,unreliable,cross,unreliable,2,False,M1_two_anchor_linear,True,True
variant_robustness_v1,burgers,failure_obs32_noise0175,baseline,baseline,41,32,0.175,burgers_variant_robustness_v1_failure_obs32_noise0175_baseline_seed41,0.0607360862195491,0.0259927008301019,1,0.3568527099751537,0.4610482875243203,0.2289277154449255,0.5035078470894507,0.2339269898419183,0.0821794047951698,0.0210888851433992,0.0109179019927978,0.0038021908609213,0.0133604196694669,0.0607360862195491,0.3568527099751537,cross,unreliable,cross,unreliable,3,True,M1_two_anchor_linear,True,True
variant_robustness_v1,burgers,failure_obs32_noise0175,baseline,baseline,42,32,0.175,burgers_variant_robustness_v1_failure_obs32_noise0175_baseline_seed42,0.0945163369178772,0.0259927008301019,1,0.2006402344844678,0.1253797194549556,0.5685592266467587,0.074509318453089,0.034112673383068,0.0831736177206039,0.0280003733932971,0.0162159800529479,0.0021596927582576,0.0102260899725839,0.0945163369178772,0.2006402344844678,cross,unreliable,cross,unreliable,3,True,M1_two_anchor_linear,True,True
variant_robustness_v1,burgers,failure_obs32_noise0175,baseline,baseline,43,32,0.175,burgers_variant_robustness_v1_failure_obs32_noise0175_baseline_seed43,0.1005407348275184,0.0259927008301019,1,0.0131929133492922,0.0038806809202999,0.0001410729340244,0.0487433956838884,6.503858956192635e-06,0.1072512194514274,0.0349249243736267,0.0373377799987793,0.0160892632588837,0.0153154352388484,0.1005407348275184,0.0131929133492922,cross,unreliable,cross,unreliable,3,True,M1_two_anchor_linear,True,True
variant_robustness_v1,burgers,safe_obs64_noise005,capacity_v1,baseline,41,64,0.05,burgers_variant_robustness_v1_safe_obs64_noise005_capacity_v1_seed41,0.0610530190169811,0.0259927008301019,1,0.5608287882185182,0.2108130743107092,0.7284261456276419,0.497565638734941,0.8065102942007806,0.0653783679008483,0.0278347190469503,0.0044982433319091,0.0023371188390781,0.0036128729038016,0.08825638920184153,0.6077868500259619,cross,unreliable,safe,critical,0,True,M1_two_anchor_linear,False,False
variant_robustness_v1,burgers,safe_obs64_noise005,capacity_v1,baseline,42,64,0.05,burgers_variant_robustness_v1_safe_obs64_noise005_capacity_v1_seed42,0.0218498576432466,0.0259927008301019,0,0.9433595466119724,0.91950099699709,0.950408662014248,0.9493288355426313,0.95419969189392,0.064913272857666,0.0164824854582548,0.0005461573600769,0.0001097745033098,0.0017563391547858,-0.024428193313911814,1.0,safe,reliable,safe,critical,0,True,M1_two_anchor_linear,True,False
variant_robustness_v1,burgers,safe_obs64_noise005,capacity_v1,baseline,43,64,0.05,burgers_variant_robustness_v1_safe_obs64_noise005_capacity_v1_seed43,0.0337311923503875,0.0259927008301019,1,0.6587462421528149,0.6813722267893008,0.1720405539674566,0.8848649099674198,0.8967072778870822,0.0654263868927955,0.0214251447468996,0.0026962757110595,0.0054586601485898,0.0049220013668114,0.0097232167838745,0.7674288025617312,safe,critical,safe,critical,0,True,M1_two_anchor_linear,True,True
variant_robustness_v1,burgers,transition_obs48_noise010,capacity_v1,baseline,41,48,0.1,burgers_variant_robustness_v1_transition_obs48_noise010_capacity_v1_seed41,0.032485943287611,0.0259927008301019,1,0.8985401975061014,0.9072300188191236,0.8513841052155933,0.8940428857781522,0.941503780211536,0.0679153800010681,0.015908271074295,0.0011799931526184,0.0010151868864489,0.0056420161777608,0.006143904150656229,1.0,safe,reliable,cross,critical,1,False,M1_two_anchor_linear,False,False
variant_robustness_v1,burgers,transition_obs48_noise010,capacity_v1,baseline,42,48,0.1,burgers_variant_robustness_v1_transition_obs48_noise010_capacity_v1_seed42,0.0330768749117851,0.0259927008301019,1,0.8962496265824837,0.8715336036759916,0.889252697996323,0.8897706924917996,0.9344415121658204,0.0658354610204696,0.0180858857929706,0.0014784336090087,0.0008260329640943,0.0043678134349712,0.007842463170695563,1.0,safe,reliable,cross,critical,1,False,M1_two_anchor_linear,False,False
variant_robustness_v1,burgers,transition_obs48_noise010,capacity_v1,baseline,43,48,0.1,burgers_variant_robustness_v1_transition_obs48_noise010_capacity_v1_seed43,0.0419817306101322,0.0259927008301019,1,0.6683230388575507,0.8322787748626606,0.1105508370820472,0.805426162194778,0.9250363812907172,0.0684734806418418,0.0185932274907827,0.0018325448036193,0.0060242116876847,0.0080965005541133,0.03343835675604194,0.7830425513220701,cross,critical,cross,critical,1,False,M1_two_anchor_linear,True,True
variant_robustness_v1,burgers,seed_sensitive_obs32_noise010,capacity_v1,baseline,41,32,0.1,burgers_variant_robustness_v1_seed_sensitive_obs32_noise010_capacity_v1_seed41,0.0405193157494068,0.0259927008301019,1,0.8762918107667023,0.9206764716193736,0.8947279235875539,0.8220410088426072,0.8677218390172742,0.0651493966579437,0.0163448713719844,0.0033844709396362,0.0002410957032862,0.0053142930360166,0.029234828207038682,1.0,cross,reliable,cross,unreliable,2,False,M1_two_anchor_linear,True,False
variant_robustness_v1,burgers,seed_sensitive_obs32_noise010,capacity_v1,baseline,42,32,0.1,burgers_variant_robustness_v1_seed_sensitive_obs32_noise010_capacity_v1_seed42,0.0471949502825737,0.0259927008301019,1,0.8313482353330416,0.8421716936818638,0.9166440573356732,0.7368348132657855,0.8297423770488437,0.0680306851863861,0.0184419974684715,0.0041143298149108,0.0002848640311482,0.0041382963026863,0.04842310445920972,1.0,cross,reliable,cross,unreliable,2,False,M1_two_anchor_linear,True,False
variant_robustness_v1,burgers,seed_sensitive_obs32_noise010,capacity_v1,baseline,43,32,0.1,burgers_variant_robustness_v1_seed_sensitive_obs32_noise010_capacity_v1_seed43,0.0406409353017807,0.0259927008301019,1,0.729729331143228,0.6756268871710188,0.6790906275415763,0.8207027575793528,0.7434970522809641,0.0748448446393013,0.0200857780873775,0.005390465259552,0.002021411008252,0.0080394582482515,0.029584408394063788,0.8831576993838813,cross,critical,cross,unreliable,2,False,M1_two_anchor_linear,True,False
variant_robustness_v1,burgers,failure_obs32_noise0175,capacity_v1,baseline,41,32,0.175,burgers_variant_robustness_v1_failure_obs32_noise0175_capacity_v1_seed41,0.0751214548945427,0.0259927008301019,1,0.1634491882832095,0.0058121362298295,0.2163639014919622,0.2563867843468455,0.1752339310642007,0.0993735939264297,0.0360726937651634,0.0118087530136108,0.0031272163615184,0.0158533028413094,0.12869434797765592,0.0,cross,unreliable,cross,unreliable,3,True,M1_two_anchor_linear,True,True
variant_robustness_v1,burgers,failure_obs32_noise0175,capacity_v1,baseline,42,32,0.175,burgers_variant_robustness_v1_failure_obs32_noise0175_capacity_v1_seed42,0.0561589486896991,0.0259927008301019,1,0.3239450801149006,0.0522230622673643,0.0012401821390066,0.5883879190579089,0.6539291569953225,0.0881141424179077,0.0304611716419458,0.0064413547515869,0.0132512323482551,0.0112800397381855,0.07418899636137546,0.22157809799948458,cross,unreliable,cross,unreliable,3,True,M1_two_anchor_linear,True,True
variant_robustness_v1,burgers,failure_obs32_noise0175,capacity_v1,baseline,43,32,0.175,burgers_variant_robustness_v1_failure_obs32_noise0175_capacity_v1_seed43,0.0487558841705322,0.0259927008301019,1,0.4267557377590522,0.4479565135068966,0.2040086322500003,0.7135146982508658,0.3415431070284457,0.0842323005199432,0.0201705675572156,0.0096165537834167,0.0012368456200979,0.018954138196823,0.05290981362591332,0.38919779671849,cross,unreliable,cross,unreliable,3,True,M1_two_anchor_linear,True,True
variant_robustness_v1,burgers,safe_obs64_noise005,weight_balanced_v2,baseline,41,64,0.05,burgers_variant_robustness_v1_safe_obs64_noise005_weight_balanced_v2_seed41,0.0308563373982906,0.0259927008301019,1,0.9403326193200616,0.9762468240165074,0.949807044296252,0.9050754156133344,0.9302011933541522,0.0527085736393928,0.0145510667935013,0.0016435384750366,8.70310961961517e-05,0.0019029556322076,0.05660154495019594,0.8491610390216175,cross,critical,safe,critical,0,True,M1_two_anchor_linear,False,True
variant_robustness_v1,burgers,safe_obs64_noise005,weight_balanced_v2,baseline,42,64,0.05,burgers_variant_robustness_v1_safe_obs64_noise005_weight_balanced_v2_seed42,0.019959382712841,0.0259927008301019,0,0.9581450810276356,0.9864752012045536,0.9509344510677832,0.9557304560624312,0.939440215775774,0.0519410446286201,0.0130158178508281,0.0012705326080322,0.0001544613561348,0.0015279889962446,8.841182993894747e-05,1.0,safe,reliable,safe,critical,0,True,M1_two_anchor_linear,True,False
variant_robustness_v1,burgers,safe_obs64_noise005,weight_balanced_v2,baseline,43,64,0.05,burgers_variant_robustness_v1_safe_obs64_noise005_weight_balanced_v2_seed43,0.0231935884803533,0.0259927008301019,0,0.9293835729129104,0.9062670924198692,0.9376468435817402,0.9442557037391424,0.92936465191089,0.0638808459043502,0.0173045899718999,0.001675009727478,0.0003805042041612,0.0022269133498603,0.016861455891669333,0.754741198028035,safe,critical,safe,critical,0,True,M1_two_anchor_linear,True,True
variant_robustness_v1,burgers,transition_obs48_noise010,weight_balanced_v2,baseline,41,48,0.1,burgers_variant_robustness_v1_transition_obs48_noise010_weight_balanced_v2_seed41,0.0239615738391876,0.0259927008301019,0,0.9485812559916244,0.9774663943712024,0.9261673026119496,0.9411452527037116,0.949546074279634,0.0542428195476532,0.0142307635396718,0.000795841217041,0.0001829809046181,0.0037330680188346,0.020844335519145787,0.920293714323285,safe,reliable,cross,critical,1,False,M1_two_anchor_linear,False,False
variant_robustness_v1,burgers,transition_obs48_noise010,weight_balanced_v2,baseline,42,48,0.1,burgers_variant_robustness_v1_transition_obs48_noise010_weight_balanced_v2_seed42,0.0234304275363683,0.0259927008301019,0,0.9492555579607344,0.9874559407348522,0.9396054063211622,0.9433133395439858,0.926647545242938,0.0510550700128078,0.0129195805639028,0.0017749071121215,0.0001456963623499,0.0027787554251142,0.018089736405538376,0.9261086028841214,safe,reliable,cross,critical,1,False,M1_two_anchor_linear,False,False
variant_robustness_v1,burgers,transition_obs48_noise010,weight_balanced_v2,baseline,43,48,0.1,burgers_variant_robustness_v1_transition_obs48_noise010_weight_balanced_v2_seed43,0.0255630649626255,0.0259927008301019,0,0.9199020241810736,0.913371851134838,0.8902249757029589,0.9341290636523344,0.9418822062341636,0.0645743757486343,0.0168694052845239,0.0011630654335021,0.0010601123839842,0.003292927266896,0.029149892774569183,0.672976422325906,cross,unreliable,cross,critical,1,False,M1_two_anchor_linear,True,False
variant_robustness_v1,burgers,seed_sensitive_obs32_noise010,weight_balanced_v2,baseline,41,32,0.1,burgers_variant_robustness_v1_seed_sensitive_obs32_noise010_weight_balanced_v2_seed41,0.0412515811622142,0.0259927008301019,1,0.8945604902419664,0.9451540978434692,0.9268493261012618,0.8138645220663175,0.8923740149568168,0.0527128316462039,0.0167190954089164,0.0028091073036193,0.0001990769557773,0.0036544883523728,0.11051273496666587,0.45444199329095714,cross,unreliable,cross,unreliable,2,False,M1_two_anchor_linear,True,True
variant_robustness_v1,burgers,seed_sensitive_obs32_noise010,weight_balanced_v2,baseline,42,32,0.1,burgers_variant_robustness_v1_seed_sensitive_obs32_noise010_weight_balanced_v2_seed42,0.0267102494835853,0.0259927008301019,1,0.9369989807539152,0.9594198260547336,0.9368114620828828,0.928633224428958,0.9231314104490864,0.0555738285183906,0.0157703161239624,0.001899242401123,0.0003084140652939,0.0025692723276271,0.03509935236377591,0.8204131817525093,cross,critical,cross,unreliable,2,False,M1_two_anchor_linear,True,False
variant_robustness_v1,burgers,seed_sensitive_obs32_noise010,weight_balanced_v2,baseline,43,32,0.1,burgers_variant_robustness_v1_seed_sensitive_obs32_noise010_weight_balanced_v2_seed43,0.0712245032191276,0.0259927008301019,1,0.3529879672630929,0.0257289007164251,0.3996557055661356,0.3159228760088801,0.6706443867609307,0.0849528163671493,0.0344143696129322,0.0062577724456787,0.0038497378181699,0.0055654370487947,0.2659565064698366,0.0,cross,unreliable,cross,unreliable,2,False,M1_two_anchor_linear,True,True
variant_robustness_v1,burgers,failure_obs32_noise0175,weight_balanced_v2,baseline,41,32,0.175,burgers_variant_robustness_v1_failure_obs32_noise0175_weight_balanced_v2_seed41,0.0340758301317691,0.0259927008301019,1,0.8932263819653723,0.968032894911615,0.8163854750314613,0.8822053410423955,0.9062818168760172,0.0523739196360111,0.0153625821694731,0.0024312734603881,0.0003107898621049,0.0077350268742794,0.07329828515686253,0.4429372204860895,cross,unreliable,cross,unreliable,3,True,M1_two_anchor_linear,True,True
variant_robustness_v1,burgers,failure_obs32_noise0175,weight_balanced_v2,baseline,42,32,0.175,burgers_variant_robustness_v1_failure_obs32_noise0175_weight_balanced_v2_seed42,0.0375223755836486,0.0259927008301019,1,0.8865617264966814,0.981338981129945,0.9035081694151498,0.8525823278387429,0.8088174276028879,0.0553814582526683,0.0134125528857111,0.0044617652893066,0.0001459670644813,0.0050438097004954,0.0911725525599527,0.3854641140409658,cross,unreliable,cross,unreliable,3,True,M1_two_anchor_linear,True,True
variant_robustness_v1,burgers,failure_obs32_noise0175,weight_balanced_v2,baseline,43,32,0.175,burgers_variant_robustness_v1_failure_obs32_noise0175_weight_balanced_v2_seed43,0.0375512540340423,0.0259927008301019,1,0.8119777925136462,0.8679565716058739,0.81604666566822,0.8523099086774802,0.7115980241030105,0.066065102815628,0.018145577982068,0.0057860612869262,0.0004677038405894,0.0076165242307662,0.0913223202481294,0.0,cross,unreliable,cross,unreliable,3,True,M1_two_anchor_linear,True,True
variant_robustness_v1,stokes_poiseuille,safe_obs64_noise000,baseline,baseline,41,64,0.0,stokes_poiseuille_variant_robustness_v1_safe_obs64_noise000_baseline_seed41,0.0131177576258778,0.0400393344461917,0,0.9961890946576673,0.999925813313484,0.9926012099309685,0.9971415935859312,0.9950877618002856,0.0628695040941238,0.0120579916983842,7.390975952148437e-06,0.0002023163694222,0.0004034311957288,0.0131177576258778,0.9961890946576673,safe,reliable,safe,reliable,0,True,M2_three_anchor_piecewise,True,True
variant_robustness_v1,stokes_poiseuille,safe_obs64_noise000,baseline,baseline,42,64,0.0,stokes_poiseuille_variant_robustness_v1_safe_obs64_noise000_baseline_seed42,0.0266929063946008,0.0400393344461917,0,0.9200324081746254,0.9289770343417558,0.9481778412096424,0.942142599859675,0.860832157287428,0.1139220148324966,0.0268516112118959,5.418062210083008e-05,0.0007886190405517,0.001208804722077,0.0266929063946008,0.9200324081746254,safe,reliable,safe,reliable,0,True,M2_three_anchor_piecewise,True,True
variant_robustness_v1,stokes_poiseuille,safe_obs64_noise000,baseline,baseline,43,64,0.0,stokes_poiseuille_variant_robustness_v1_safe_obs64_noise000_baseline_seed43,0.0236609857529401,0.0400393344461917,0,0.985109923146982,0.9952383438243664,0.979781247779289,0.969956382255129,0.9954637187291444,0.0730907544493675,0.0219088532030582,6.318092346191406e-06,0.000258214596664,0.0010677001371061,0.0236609857529401,0.985109923146982,safe,reliable,safe,reliable,0,True,M2_three_anchor_piecewise,True,True
variant_robustness_v1,stokes_poiseuille,critical_obs8_noise0125,baseline,baseline,41,8,0.125,stokes_poiseuille_variant_robustness_v1_critical_obs8_noise0125_baseline_seed41,0.0348131135106086,0.0400393344461917,0,0.9161014863243736,0.9996155432798786,0.9782000948506524,0.7225448577109456,0.9640454494560176,0.0779317170381546,0.0159348659217357,3.451108932495117e-05,0.0002067247255023,0.0011181169960647,0.0348131135106086,0.9161014863243736,safe,reliable,cross,reliable,1,True,M2_three_anchor_piecewise,False,True
variant_robustness_v1,stokes_poiseuille,critical_obs8_noise0125,baseline,baseline,42,8,0.125,stokes_poiseuille_variant_robustness_v1_critical_obs8_noise0125_baseline_seed42,0.0408814772963523,0.0400393344461917,1,0.6917391097912322,0.5883025563188814,0.9164052241148116,0.3982524689563561,0.86399618977488,0.119698591530323,0.0331548117101192,5.382299423217773e-05,0.0007394019432407,0.0019535169870121,0.0408814772963523,0.6917391097912322,cross,unreliable,cross,reliable,1,True,M2_three_anchor_piecewise,True,False
variant_robustness_v1,stokes_poiseuille,critical_obs8_noise0125,baseline,baseline,43,8,0.125,stokes_poiseuille_variant_robustness_v1_critical_obs8_noise0125_baseline_seed43,0.0409160852432251,0.0400393344461917,1,0.7719916637052413,0.9862340670226876,0.7357574819313666,0.3963817448530853,0.9695933610138254,0.0739053413271904,0.0244496148079633,3.218650817871094e-05,0.000223485554407,0.0030197673182142,0.0409160852432251,0.7719916637052413,cross,critical,cross,reliable,1,True,M2_three_anchor_piecewise,True,False
variant_robustness_v1,stokes_poiseuille,failure_obs8_noise0175,baseline,baseline,41,8,0.175,stokes_poiseuille_variant_robustness_v1_failure_obs8_noise0175_baseline_seed41,0.0429847240447998,0.0400393344461917,1,0.7802391118371871,0.9988868793714748,0.9459719904822206,0.29161803209947,0.884479545395583,0.0805189833045005,0.0184531342238187,5.131959915161133e-05,0.0002008459876464,0.0017391901789693,0.0429847240447998,0.7802391118371871,cross,critical,cross,unreliable,2,True,M2_three_anchor_piecewise,True,False
variant_robustness_v1,stokes_poiseuille,failure_obs8_noise0175,baseline,baseline,42,8,0.175,stokes_poiseuille_variant_robustness_v1_failure_obs8_noise0175_baseline_seed42,0.0485267154872417,0.0400393344461917,1,0.4307154767556631,0.1775227088329575,0.7340366464070337,0.1054025120123055,0.705900039770356,0.1238786727190017,0.0390997417271137,6.687641143798828e-05,0.0007315482920498,0.0029978181281756,0.0485267154872417,0.4307154767556631,cross,unreliable,cross,unreliable,2,True,M2_three_anchor_piecewise,True,True
variant_robustness_v1,stokes_poiseuille,failure_obs8_noise0175,baseline,baseline,43,8,0.175,stokes_poiseuille_variant_robustness_v1_failure_obs8_noise0175_baseline_seed43,0.0478808581829071,0.0400393344461917,1,0.5251476653934115,0.9200643067512204,0.2291686393473037,0.1199618348458049,0.8313958806293167,0.0756488665938377,0.0288540516048669,5.7220458984375e-05,0.0002120993577802,0.0050021212719713,0.0478808581829071,0.5251476653934115,cross,unreliable,cross,unreliable,2,True,M2_three_anchor_piecewise,True,True
variant_robustness_v1,stokes_poiseuille,safe_obs64_noise000,capacity_v1,baseline,41,64,0.0,stokes_poiseuille_variant_robustness_v1_safe_obs64_noise000_capacity_v1_seed41,0.012312757782638,0.0400393344461917,0,0.9957973942847684,0.9999468358691176,0.9922613878252288,0.9976154301786349,0.9933659232660932,0.0610299222171306,0.0112707996740937,1.1444091796875e-05,0.0001232656336654,0.0004329151173996,0.020051482607332458,0.9670836683473889,safe,reliable,safe,reliable,0,True,M2_three_anchor_piecewise,True,True
variant_robustness_v1,stokes_poiseuille,safe_obs64_noise000,capacity_v1,baseline,42,64,0.0,stokes_poiseuille_variant_robustness_v1_safe_obs64_noise000_capacity_v1_seed42,0.0129143707454204,0.0400393344461917,0,0.9960578625609984,0.9998882702870062,0.992961983854354,0.997269512928207,0.9941116831744272,0.0578041039407253,0.0130265830084681,9.834766387939451e-06,0.0001397847073847,0.0003707130100488,0.02056847696965411,0.9676358044986122,safe,reliable,safe,reliable,0,True,M2_three_anchor_piecewise,True,True
variant_robustness_v1,stokes_poiseuille,safe_obs64_noise000,capacity_v1,baseline,43,64,0.0,stokes_poiseuille_variant_robustness_v1_safe_obs64_noise000_capacity_v1_seed43,0.0155712869018316,0.0400393344461917,0,0.9955748643011404,0.9997675737562852,0.9917965848030812,0.995036997222352,0.995698301422843,0.0545189939439296,0.0147578790783882,5.602836608886719e-06,0.0001509257135945,0.0004711706528327,0.022851690196432146,0.9666119531332733,safe,reliable,safe,reliable,0,True,M2_three_anchor_piecewise,True,True
variant_robustness_v1,stokes_poiseuille,critical_obs8_noise0125,capacity_v1,baseline,41,8,0.125,stokes_poiseuille_variant_robustness_v1_critical_obs8_noise0125_capacity_v1_seed41,0.0350359678268432,0.0400393344461917,0,0.9195201112043232,0.9996725018895714,0.9821857467904264,0.7123475850471747,0.9838746110901208,0.052463062107563,0.0155684612691402,2.3484230041503903e-05,9.435479495306228e-05,0.0009832981698994,0.03960909207042319,0.8053924016972688,safe,critical,cross,reliable,1,True,M2_three_anchor_piecewise,False,False
variant_robustness_v1,stokes_poiseuille,critical_obs8_noise0125,capacity_v1,baseline,42,8,0.125,stokes_poiseuille_variant_robustness_v1_critical_obs8_noise0125_capacity_v1_seed42,0.0330152660608291,0.0400393344461917,0,0.925517232754877,0.9657936162153044,0.9514391676911812,0.7962413607491216,0.9885947863639004,0.0673102810978889,0.0266749057918787,1.8775463104248047e-05,9.78095231366428e-05,0.0016643942716295,0.03784212331467598,0.8181049963336181,safe,critical,cross,reliable,1,True,M2_three_anchor_piecewise,False,False
variant_robustness_v1,stokes_poiseuille,critical_obs8_noise0125,capacity_v1,baseline,43,8,0.125,stokes_poiseuille_variant_robustness_v1_critical_obs8_noise0125_capacity_v1_seed43,0.0345836915075778,0.0400393344461917,0,0.8963773902876941,0.9962558669099546,0.8900163507634075,0.7328067690894554,0.9664305743879597,0.0580081306397914,0.0213374681770801,3.355741500854492e-05,0.0001151211335158,0.002260066381666,0.03920370402104843,0.7758663199635984,safe,critical,cross,reliable,1,True,M2_three_anchor_piecewise,False,False
variant_robustness_v1,stokes_poiseuille,failure_obs8_noise0175,capacity_v1,baseline,41,8,0.175,stokes_poiseuille_variant_robustness_v1_failure_obs8_noise0175_capacity_v1_seed41,0.0438158102333545,0.0400393344461917,1,0.7916579515629629,0.9990636584065036,0.9541905795039414,0.2544253182143241,0.9589522501270824,0.0547002404928207,0.0180527362972497,3.635883331298828e-05,8.296434349147737e-05,0.0016237581786713,0.04747871299767936,0.6712455535474438,cross,unreliable,cross,unreliable,2,True,M2_three_anchor_piecewise,True,True
variant_robustness_v1,stokes_poiseuille,failure_obs8_noise0175,capacity_v1,baseline,42,8,0.175,stokes_poiseuille_variant_robustness_v1_failure_obs8_noise0175_capacity_v1_seed42,0.041911881417036,0.0400393344461917,1,0.6717582116914167,0.6116857090014757,0.74722535066738,0.3440369973687436,0.9840847897280676,0.0709811821579933,0.0341041274368763,2.330541610717773e-05,0.0001065243755621,0.0029752297724786,0.045772167781583654,0.5514587896837422,cross,unreliable,cross,unreliable,2,True,M2_three_anchor_piecewise,True,True
variant_robustness_v1,stokes_poiseuille,failure_obs8_noise0175,capacity_v1,baseline,43,8,0.175,stokes_poiseuille_variant_robustness_v1_failure_obs8_noise0175_capacity_v1_seed43,0.0423238389194011,0.0400393344461917,1,0.6336614359239197,0.9649618006058618,0.4491188156044793,0.3233649607320991,0.7972001667532382,0.0597622580826282,0.0267347544431686,6.026029586791992e-05,0.0001085427952897,0.0040188530868044,0.04614141693568558,0.5133979107550755,cross,unreliable,cross,unreliable,2,True,M2_three_anchor_piecewise,True,True
variant_robustness_v1,stokes_poiseuille,safe_obs64_noise000,weight_balanced_v2,baseline,41,64,0.0,stokes_poiseuille_variant_robustness_v1_safe_obs64_noise000_weight_balanced_v2_seed41,0.0136263091117143,0.0400393344461917,0,0.9965148227503016,0.9999791419284226,0.9933643618164438,0.9967949843004876,0.9959208029558522,0.0408230423927307,0.0090608559548854,4.887580871582031e-06,0.0001439800094894,0.0003321571382021,0.005796202434988053,1.0,safe,reliable,safe,reliable,0,True,M2_three_anchor_piecewise,True,True
variant_robustness_v1,stokes_poiseuille,safe_obs64_noise000,weight_balanced_v2,baseline,42,64,0.0,stokes_poiseuille_variant_robustness_v1_safe_obs64_noise000_weight_balanced_v2_seed42,0.0267737116664648,0.0400393344461917,0,0.9781824269346364,0.9986087873212952,0.984742071426758,0.9411402291985176,0.988238619791974,0.0685941874980926,0.018989635631442,1.919269561767578e-05,0.0004932226872003,0.0008747480662903,0.027725911706723574,0.9536897009574848,safe,reliable,safe,reliable,0,True,M2_three_anchor_piecewise,True,True
variant_robustness_v1,stokes_poiseuille,safe_obs64_noise000,weight_balanced_v2,baseline,43,64,0.0,stokes_poiseuille_variant_robustness_v1_safe_obs64_noise000_weight_balanced_v2_seed43,0.0281068291515111,0.0400393344461917,0,0.974247689707266,0.9991099031310884,0.9796485425045902,0.9220833851078392,0.9961489280855468,0.0579076148569583,0.0179328825324773,4.112720489501953e-06,0.0002241469656547,0.0010720996834562,0.02994953563170709,0.9426864075665988,safe,reliable,safe,reliable,0,True,M2_three_anchor_piecewise,True,True
variant_robustness_v1,stokes_poiseuille,critical_obs8_noise0125,weight_balanced_v2,baseline,41,8,0.125,stokes_poiseuille_variant_robustness_v1_critical_obs8_noise0125_weight_balanced_v2_seed41,0.0272424258291721,0.0400393344461917,0,0.9784882679967346,0.9999482937225525,0.9865133688006504,0.9349980269779984,0.9924933824857372,0.0530376471579074,0.0112059032544493,1.3113021850585938e-05,0.0001873490807257,0.000798606206789,0.02850772129054909,0.9545449699990456,safe,reliable,cross,reliable,1,True,M2_three_anchor_piecewise,False,True
variant_robustness_v1,stokes_poiseuille,critical_obs8_noise0125,weight_balanced_v2,baseline,42,8,0.125,stokes_poiseuille_variant_robustness_v1_critical_obs8_noise0125_weight_balanced_v2_seed42,0.0348691269755363,0.0400393344461917,0,0.9173959397932134,0.9956374709527926,0.9623248284189267,0.7200028524804538,0.991618607320681,0.0718396678566932,0.021700644865632,1.4603137969970705e-05,0.0004705082794251,0.0014872223007729,0.0415431498181509,0.7814505420036227,cross,critical,cross,reliable,1,True,M2_three_anchor_piecewise,True,False
variant_robustness_v1,stokes_poiseuille,critical_obs8_noise0125,weight_balanced_v2,baseline,43,8,0.125,stokes_poiseuille_variant_robustness_v1_critical_obs8_noise0125_weight_balanced_v2_seed43,0.0382534563541412,0.0400393344461917,0,0.8665745487630537,0.998972159952346,0.9279327267042252,0.5450022519055369,0.9943910564901066,0.0566225051879882,0.0182733498513698,9.179115295410156e-06,0.0001748626411251,0.0019448533032631,0.04794008339636233,0.6058896234214749,cross,unreliable,cross,reliable,1,True,M2_three_anchor_piecewise,True,False
variant_robustness_v1,stokes_poiseuille,failure_obs8_noise0175,weight_balanced_v2,baseline,41,8,0.175,stokes_poiseuille_variant_robustness_v1_failure_obs8_noise0175_weight_balanced_v2_seed41,0.032470129430294,0.0400393344461917,0,0.945474894664484,0.9999150619122836,0.9764117634312228,0.8154809442007555,0.9900918091136734,0.0542627461254596,0.0123787941411137,1.6868114471435547e-05,0.000182539885518,0.0011710147997205,0.03722746799747449,0.8622247433595716,safe,critical,cross,unreliable,2,True,M2_three_anchor_piecewise,False,False
variant_robustness_v1,stokes_poiseuille,failure_obs8_noise0175,weight_balanced_v2,baseline,42,8,0.175,stokes_poiseuille_variant_robustness_v1_failure_obs8_noise0175_weight_balanced_v2_seed42,0.038152128458023,0.0400393344461917,0,0.8574004281823153,0.988882535387558,0.898543827936779,0.5506682866556695,0.9915070627492546,0.0731555894017219,0.0239352080971002,1.4781951904296877e-05,0.0004608688736403,0.0021978257693005,0.04774855717400769,0.5741979085020228,cross,unreliable,cross,unreliable,2,True,M2_three_anchor_piecewise,True,True
variant_robustness_v1,stokes_poiseuille,failure_obs8_noise0175,weight_balanced_v2,baseline,43,8,0.175,stokes_poiseuille_variant_robustness_v1_failure_obs8_noise0175_weight_balanced_v2_seed43,0.0417954809963703,0.0400393344461917,1,0.7732364117802575,0.998120620687952,0.7530327748664029,0.3499909558382655,0.9918012957284096,0.0571698583662509,0.0197022818028926,1.430511474609375e-05,0.0001671337623975,0.0029522784511695,0.05463508669951831,0.28345592502621564,cross,unreliable,cross,unreliable,2,True,M2_three_anchor_piecewise,True,True
variant_robustness_fisher_v1,fisher_kpp,safe_obs64_noise000,baseline,baseline,41,64,0.0,fisher_kpp_variant_robustness_fisher_v1_safe_obs64_noise000_baseline_seed41,0.0119209587574005,0.0188607699237763,0,0.9123978260545242,0.9243518814137408,0.8223154308545034,0.9512393730831752,0.951684618866678,0.0192983448505401,0.0078724799677729,0.0001266002655029,2.102337505798441e-05,0.0001811401349878,0.0119209587574005,0.9123978260545242,safe,reliable,safe,reliable,0,True,M2_three_anchor_piecewise,True,True
variant_robustness_fisher_v1,fisher_kpp,safe_obs64_noise000,baseline,baseline,42,64,0.0,fisher_kpp_variant_robustness_fisher_v1_safe_obs64_noise000_baseline_seed42,0.0116400346159935,0.0188607699237763,0,0.953713419559475,0.956959130878764,0.9564765145950505,0.9522046105665531,0.9492134221975324,0.0173405669629573,0.0040600476786494,0.0001564025878906,4.135591166993528e-06,7.045991161417816e-05,0.0116400346159935,0.953713419559475,safe,reliable,safe,reliable,0,True,M2_three_anchor_piecewise,True,True
variant_robustness_fisher_v1,fisher_kpp,safe_obs64_noise000,baseline,baseline,43,64,0.0,fisher_kpp_variant_robustness_fisher_v1_safe_obs64_noise000_baseline_seed43,0.0157233867794275,0.0188607699237763,0,0.853292672151485,0.8886172435559169,0.6516176949298037,0.9362245992680456,0.9367111508521736,0.0242071822285652,0.0087240254506468,0.0002889037132263,2.9104502746604904e-05,0.0002277126915143,0.0157233867794275,0.853292672151485,safe,critical,safe,reliable,0,True,M2_three_anchor_piecewise,True,False
variant_robustness_fisher_v1,fisher_kpp,edge_obs16_noise005,baseline,baseline,41,16,0.05,fisher_kpp_variant_robustness_fisher_v1_edge_obs16_noise005_baseline_seed41,0.0135655729100108,0.0188607699237763,0,0.891765473130284,0.9203312384962689,0.7511236476011104,0.9452076664751048,0.9503993399486516,0.0199658907949924,0.008001385256648,0.0001422762870788,2.471342661682802e-05,0.0005805668893491,0.0135655729100108,0.891765473130284,safe,critical,cross,critical,1,False,M2_three_anchor_piecewise,False,True
variant_robustness_fisher_v1,fisher_kpp,edge_obs16_noise005,baseline,baseline,42,16,0.05,fisher_kpp_variant_robustness_fisher_v1_edge_obs16_noise005_baseline_seed42,0.021828755736351,0.0188607699237763,1,0.9235912205880048,0.8955403418163286,0.9485497075219982,0.9029037909890324,0.9473710420246604,0.0229935515671968,0.0088396836072206,0.0001777410507202,6.1721873922943465e-06,0.0003838406426141,0.021828755736351,0.9235912205880048,cross,reliable,cross,critical,1,False,M2_three_anchor_piecewise,True,False
variant_robustness_fisher_v1,fisher_kpp,edge_obs16_noise005,baseline,baseline,43,16,0.05,fisher_kpp_variant_robustness_fisher_v1_edge_obs16_noise005_baseline_seed43,0.024307694286108,0.0188607699237763,1,0.7620970899697079,0.7194730588047383,0.558790932458064,0.8853940097133133,0.884730358902716,0.0352082848548889,0.0105993459001183,0.0006617903709411,3.267966808724846e-05,0.0005551224422019,0.024307694286108,0.7620970899697079,cross,critical,cross,critical,1,False,M2_three_anchor_piecewise,True,True
variant_robustness_fisher_v1,fisher_kpp,transition_obs128_noise020,baseline,baseline,41,128,0.2,fisher_kpp_variant_robustness_fisher_v1_transition_obs128_noise020_baseline_seed41,0.0185159798711538,0.0188607699237763,0,0.8546359525250519,0.8988445836412912,0.6506117060278757,0.9225601466374892,0.9465273737935516,0.0215892139822244,0.0092407818883657,0.0001872777938842,2.508225312241196e-05,0.0072578182571644,0.0185159798711538,0.8546359525250519,safe,critical,cross,critical,2,True,M2_three_anchor_piecewise,False,True
variant_robustness_fisher_v1,fisher_kpp,transition_obs128_noise020,baseline,baseline,42,128,0.2,fisher_kpp_variant_robustness_fisher_v1_transition_obs128_noise020_baseline_seed42,0.0223239753395319,0.0188607699237763,1,0.8710840961018993,0.8316426270272808,0.8405806302108852,0.8996083041442511,0.9125048230251798,0.0273597165942192,0.0109389070421457,0.0004876852035522,1.1743982812177376e-05,0.006033299499287,0.0223239753395319,0.8710840961018993,cross,critical,cross,critical,2,True,M2_three_anchor_piecewise,True,True
variant_robustness_fisher_v1,fisher_kpp,transition_obs128_noise020,baseline,baseline,43,128,0.2,fisher_kpp_variant_robustness_fisher_v1_transition_obs128_noise020_baseline_seed43,0.0231874734163284,0.0188607699237763,1,0.8101896178369722,0.7499050179449759,0.6762396243648773,0.8936240357216977,0.920989793316338,0.0310546290129423,0.0129790445789694,0.0004245042800903,2.4776865797200763e-05,0.0064100689768605,0.0231874734163284,0.8101896178369722,cross,critical,cross,critical,2,True,M2_three_anchor_piecewise,True,True
variant_robustness_fisher_v1,fisher_kpp,failure_obs16_noise030,baseline,baseline,41,16,0.3,fisher_kpp_variant_robustness_fisher_v1_failure_obs16_noise030_baseline_seed41,0.0461932495236396,0.0188607699237763,1,0.5410740111306614,0.56974009723224,0.3041469767782791,0.6005789985465216,0.6898299719656049,0.0359561927616596,0.0170392282307147,0.0013651847839355,3.6890041592082345e-05,0.0117547174252741,0.0461932495236396,0.5410740111306614,cross,unreliable,cross,unreliable,3,True,M2_three_anchor_piecewise,True,True
variant_robustness_fisher_v1,fisher_kpp,failure_obs16_noise030,baseline,baseline,42,16,0.3,fisher_kpp_variant_robustness_fisher_v1_failure_obs16_noise030_baseline_seed42,0.1130756437778472,0.0188607699237763,1,0.1309960687750727,0.0149044200098692,0.4632441633234443,0.0100135881662795,0.0358221036006977,0.0579703599214553,0.0422258488833904,0.0036888718605041,3.263967389222225e-05,0.0085361020066421,0.1130756437778472,0.1309960687750727,cross,unreliable,cross,unreliable,3,True,M2_three_anchor_piecewise,True,True
variant_robustness_fisher_v1,fisher_kpp,failure_obs16_noise030,baseline,baseline,43,16,0.3,fisher_kpp_variant_robustness_fisher_v1_failure_obs16_noise030_baseline_seed43,0.0670446455478668,0.0188607699237763,1,0.0620359298722757,0.0023341346401578,0.0055054549500411,0.2402262699430659,7.78599558379515e-05,0.1065356731414794,0.0276071950793266,0.0071913003921508,9.63452234114728e-05,0.0120391739515247,0.0670446455478668,0.0620359298722757,cross,unreliable,cross,unreliable,3,True,M2_three_anchor_piecewise,True,True
variant_robustness_fisher_v1,fisher_kpp,safe_obs64_noise000,capacity_v1,baseline,41,64,0.0,fisher_kpp_variant_robustness_fisher_v1_safe_obs64_noise000_capacity_v1_seed41,0.0092961816117167,0.0188607699237763,0,0.9573959769335506,0.9585740873855556,0.9586110013677668,0.9595784000924446,0.9528204188884356,0.0150780882686376,0.0049778749234974,0.0001124143600463,3.2124470757795114e-06,7.463864546603542e-05,0.012436400716384096,0.9079102793695893,safe,reliable,safe,reliable,0,True,M2_three_anchor_piecewise,True,True
variant_robustness_fisher_v1,fisher_kpp,safe_obs64_noise000,capacity_v1,baseline,42,64,0.0,fisher_kpp_variant_robustness_fisher_v1_safe_obs64_noise000_capacity_v1_seed42,0.0095778061076998,0.0188607699237763,0,0.9591551272437056,0.9675412039059108,0.9590530280565076,0.9587535564692768,0.9512727205431272,0.0123513787984848,0.0042348112910985,0.0001316666603088,2.780788996344636e-06,0.0001470645446606,0.012688668497053622,0.9088583359133279,safe,reliable,safe,reliable,0,True,M2_three_anchor_piecewise,True,True
variant_robustness_fisher_v1,fisher_kpp,safe_obs64_noise000,capacity_v1,baseline,43,64,0.0,fisher_kpp_variant_robustness_fisher_v1_safe_obs64_noise000_capacity_v1_seed43,0.0112195890396833,0.0188607699237763,0,0.9476080826479693,0.9552896451198256,0.9339786014397784,0.9536153890964056,0.9475486949358672,0.0149257937446236,0.0056059174239635,0.0001757144927978,1.000861664709144e-05,0.0001841173097503,0.01415931093938378,0.902635302482567,safe,reliable,safe,reliable,0,True,M2_three_anchor_piecewise,True,True
variant_robustness_fisher_v1,fisher_kpp,edge_obs16_noise005,capacity_v1,baseline,41,16,0.05,fisher_kpp_variant_robustness_fisher_v1_edge_obs16_noise005_capacity_v1_seed41,0.0123577639460563,0.0188607699237763,0,0.9516915730225102,0.9505398162896967,0.9533423291815604,0.9497017275420436,0.9531824190767402,0.0165401175618171,0.0057178987190127,0.0001078248023986,4.505642265519631e-06,0.0003907479747309,0.015178841774733033,0.90483601253476,safe,reliable,cross,critical,1,False,M2_three_anchor_piecewise,False,False
variant_robustness_fisher_v1,fisher_kpp,edge_obs16_noise005,capacity_v1,baseline,42,16,0.05,fisher_kpp_variant_robustness_fisher_v1_edge_obs16_noise005_capacity_v1_seed42,0.0175534933805465,0.0188607699237763,0,0.9401858788580096,0.9292925825407722,0.9497828393421714,0.9275485247674794,0.9541195687816162,0.0160406250506639,0.0084115909412503,9.578466415405272e-05,4.451149027325708e-06,0.0008783577576842,0.019832965091750282,0.8986352640370678,cross,critical,cross,critical,1,False,M2_three_anchor_piecewise,True,True
variant_robustness_fisher_v1,fisher_kpp,edge_obs16_noise005,capacity_v1,baseline,43,16,0.05,fisher_kpp_variant_robustness_fisher_v1_edge_obs16_noise005_capacity_v1_seed43,0.018251122906804,0.0188607699237763,0,0.908870940402897,0.8763687095838664,0.936729400165474,0.9239634005684888,0.8984222512937586,0.026910675689578,0.0075952284969389,0.0005812644958496,8.53933270041308e-06,0.0007779408495079,0.02045787327562174,0.8817587457840472,cross,critical,cross,critical,1,False,M2_three_anchor_piecewise,True,True
variant_robustness_fisher_v1,fisher_kpp,transition_obs128_noise020,capacity_v1,baseline,41,128,0.2,fisher_kpp_variant_robustness_fisher_v1_transition_obs128_noise020_capacity_v1_seed41,0.0166861433535814,0.0188607699237763,0,0.91921206617416,0.9309365667183334,0.8679690604499383,0.9317883676441906,0.9461542698841776,0.0191788524389266,0.0071950647979974,0.0001914501190185,4.733841771914064e-06,0.006039245896384,0.01905602817934736,0.8873318749819751,cross,critical,cross,critical,2,True,M2_three_anchor_piecewise,True,True
variant_robustness_fisher_v1,fisher_kpp,transition_obs128_noise020,capacity_v1,baseline,42,128,0.2,fisher_kpp_variant_robustness_fisher_v1_transition_obs128_noise020_capacity_v1_seed42,0.0220215413719415,0.0188607699237763,1,0.7695602598644466,0.8550304188527583,0.3973216510895432,0.9016325136211836,0.9242564558943016,0.025559140369296,0.0104975393041968,0.0003985166549682,5.991402303497908e-06,0.0165128571767371,0.023943146163215027,0.779411691419682,cross,critical,cross,critical,2,True,M2_three_anchor_piecewise,True,True
variant_robustness_fisher_v1,fisher_kpp,transition_obs128_noise020,capacity_v1,baseline,43,128,0.2,fisher_kpp_variant_robustness_fisher_v1_transition_obs128_noise020_capacity_v1_seed43,0.019008319824934,0.0188607699237763,1,0.8349072014026745,0.8313664607588503,0.6504662125374948,0.91988847085699,0.937907661457363,0.027954202145338,0.0105535732582211,0.0002773404121398,7.506355540863392e-06,0.0114332284491999,0.021136139508818735,0.8394931111940013,cross,critical,cross,critical,2,True,M2_three_anchor_piecewise,True,True
variant_robustness_fisher_v1,fisher_kpp,failure_obs16_noise030,capacity_v1,baseline,41,16,0.3,fisher_kpp_variant_robustness_fisher_v1_failure_obs16_noise030_capacity_v1_seed41,0.0485022403299808,0.0188607699237763,1,0.4918510963750716,0.3904063192198583,0.3462815395577073,0.5585319801774751,0.672184546545246,0.0443065948784351,0.0178202539682388,0.0014113187789916,3.722214334874093e-05,0.0096242393875396,0.04869007262480993,0.5240797595186396,cross,unreliable,cross,unreliable,3,True,M2_three_anchor_piecewise,True,True
variant_robustness_fisher_v1,fisher_kpp,failure_obs16_noise030,capacity_v1,baseline,42,16,0.3,fisher_kpp_variant_robustness_fisher_v1_failure_obs16_noise030_capacity_v1_seed42,0.1108401715755462,0.0188607699237763,1,0.0270129052013281,0.0141458094713772,2.388390798971267e-07,0.0118141334576463,0.0820914390372088,0.0637193992733955,0.0391753613948822,0.0031900405883789,0.0013081579175136,0.0207913632481645,0.10694654851113183,0.09669727100986944,cross,unreliable,cross,unreliable,3,True,M2_three_anchor_piecewise,True,True
variant_robustness_fisher_v1,fisher_kpp,failure_obs16_noise030,capacity_v1,baseline,43,16,0.3,fisher_kpp_variant_robustness_fisher_v1_failure_obs16_noise030_capacity_v1_seed43,0.0720294862985611,0.0188607699237763,1,0.0451022125129473,0.0012598407915129,0.0002952347713343,0.1788412688051276,1.250568381438471e-05,0.116138719022274,0.0268677473068237,0.0082297921180725,0.0001235094129602,0.0212754042145445,0.07067691771341184,0.11332897924950085,cross,unreliable,cross,unreliable,3,True,M2_three_anchor_piecewise,True,True
variant_robustness_fisher_v1,fisher_kpp,safe_obs64_noise000,weight_balanced_v2,baseline,41,64,0.0,fisher_kpp_variant_robustness_fisher_v1_safe_obs64_noise000_weight_balanced_v2_seed41,0.0175723042339086,0.0188607699237763,0,0.7577615823227999,0.9096885570185916,0.2587217390485377,0.9274539330702574,0.9351821001538132,0.0195216108113527,0.0091340960934758,0.0003033876419067,4.622010217618678e-05,0.0003001162557466,0.016958458373049667,0.7009000609019818,safe,critical,safe,reliable,0,True,M2_three_anchor_piecewise,True,False
variant_robustness_fisher_v1,fisher_kpp,safe_obs64_noise000,weight_balanced_v2,baseline,42,64,0.0,fisher_kpp_variant_robustness_fisher_v1_safe_obs64_noise000_weight_balanced_v2_seed42,0.0135116158053278,0.0188607699237763,0,0.9525068968501356,0.9634049868335424,0.9563882906949124,0.945416266828417,0.94481804304367,0.0153241707012057,0.0038529534358531,0.000206172466278,4.149341324711493e-06,7.866995716971045e-05,0.003559123889166467,1.0,safe,reliable,safe,reliable,0,True,M2_three_anchor_piecewise,True,True
variant_robustness_fisher_v1,fisher_kpp,safe_obs64_noise000,weight_balanced_v2,baseline,43,64,0.0,fisher_kpp_variant_robustness_fisher_v1_safe_obs64_noise000_weight_balanced_v2_seed43,0.0181203242391347,0.0188607699237763,0,0.8306225116044971,0.913145521815842,0.5601176290450328,0.9246477524752484,0.924579143081865,0.0210267193615436,0.0082281278446316,0.0003958940505981,3.267774215502625e-05,0.0002508992333944,0.018766797890605383,0.8477955007847342,safe,critical,safe,reliable,0,True,M2_three_anchor_piecewise,True,False
variant_robustness_fisher_v1,fisher_kpp,edge_obs16_noise005,weight_balanced_v2,baseline,41,16,0.05,fisher_kpp_variant_robustness_fisher_v1_edge_obs16_noise005_weight_balanced_v2_seed41,0.0150352986529469,0.0188607699237763,0,0.7720175790631045,0.9168283652927158,0.28510974325761,0.9392288926020368,0.946903315100055,0.0192729923874139,0.0086078429594635,0.0001830458641052,4.467563895633079e-05,0.0004769150765103,0.008586925573951083,0.7294257985244464,safe,critical,cross,critical,1,False,M2_three_anchor_piecewise,False,True
variant_robustness_fisher_v1,fisher_kpp,edge_obs16_noise005,weight_balanced_v2,baseline,42,16,0.05,fisher_kpp_variant_robustness_fisher_v1_edge_obs16_noise005_weight_balanced_v2_seed42,0.0153215629979968,0.0188607699237763,0,0.9453967981401704,0.9432036024469936,0.9496288425952693,0.937995442865577,0.950759304652842,0.0170835722237825,0.006557916291058,0.0001379251480102,6.113661797140026e-06,0.0002559334946263,0.00953153183409549,1.0,safe,reliable,cross,critical,1,False,M2_three_anchor_piecewise,False,False
variant_robustness_fisher_v1,fisher_kpp,edge_obs16_noise005,weight_balanced_v2,baseline,43,16,0.05,fisher_kpp_variant_robustness_fisher_v1_edge_obs16_noise005_weight_balanced_v2_seed43,0.022112775593996,0.0188607699237763,1,0.8193394081355461,0.8813998988349213,0.5989981457768813,0.9010257376720606,0.8959338502583211,0.0249173026531934,0.0088872406631708,0.0005965828895568,3.1141203296377554e-05,0.0004425673209364,0.027772088502630157,0.8241150794302965,cross,critical,cross,critical,1,False,M2_three_anchor_piecewise,True,True
variant_robustness_fisher_v1,fisher_kpp,transition_obs128_noise020,weight_balanced_v2,baseline,41,128,0.2,fisher_kpp_variant_robustness_fisher_v1_transition_obs128_noise020_weight_balanced_v2_seed41,0.0215912293642759,0.0188607699237763,1,0.713514143505837,0.8955250465005695,0.1329010716993552,0.9044499232489772,0.9211805325744457,0.0200866088271141,0.0100213261321187,0.0004230141639709,5.565571245895478e-05,0.0037294609335282,0.026728048402721975,0.6123625245128026,cross,unreliable,cross,critical,2,True,M2_three_anchor_piecewise,True,False
variant_robustness_fisher_v1,fisher_kpp,transition_obs128_noise020,weight_balanced_v2,baseline,42,128,0.2,fisher_kpp_variant_robustness_fisher_v1_transition_obs128_noise020_weight_balanced_v2_seed42,0.0152746867388486,0.0188607699237763,0,0.9342519082627936,0.9353880914953212,0.9201100552312056,0.9381990110832532,0.9433104752413944,0.0192133262753486,0.0066185519099235,0.0002223849296569,6.089751421371727e-06,0.0031874190920994,0.009376850999373222,1.0,safe,reliable,cross,critical,2,True,M2_three_anchor_piecewise,False,False
variant_robustness_fisher_v1,fisher_kpp,transition_obs128_noise020,weight_balanced_v2,baseline,43,128,0.2,fisher_kpp_variant_robustness_fisher_v1_transition_obs128_noise020_weight_balanced_v2_seed43,0.0198367461562156,0.0188607699237763,1,0.8420190735619114,0.8792304046994979,0.6494529656543049,0.91520262815406,0.9241902957397828,0.02396697178483,0.0096442950889468,0.0003990530967712,2.8321794133351603e-05,0.0032283504449947,0.02321589412099403,0.8887145535294875,cross,critical,cross,critical,2,True,M2_three_anchor_piecewise,True,True
variant_robustness_fisher_v1,fisher_kpp,failure_obs16_noise030,weight_balanced_v2,baseline,41,16,0.3,fisher_kpp_variant_robustness_fisher_v1_failure_obs16_noise030_weight_balanced_v2_seed41,0.02696412242949,0.0188607699237763,1,0.6941190998623347,0.8743393454877059,0.1121774524665228,0.8636424756975614,0.9263171257975484,0.0222474262118339,0.0107171656563878,0.000381588935852,5.7304231595551885e-05,0.0061702583060588,0.037483596986809344,0.5735537385521111,cross,unreliable,cross,unreliable,3,True,M2_three_anchor_piecewise,True,True
variant_robustness_fisher_v1,fisher_kpp,failure_obs16_noise030,weight_balanced_v2,baseline,42,16,0.3,fisher_kpp_variant_robustness_fisher_v1_failure_obs16_noise030_weight_balanced_v2_seed42,0.0673298314213752,0.0188607699237763,1,0.4593977507390364,0.3174447169641355,0.727631573665909,0.2363553300611883,0.5561593822649126,0.0304377377033233,0.0261810328811407,0.0016909837722778,2.3388486639346835e-05,0.0051074977834335,0.11828835876482058,0.10388474651647917,cross,unreliable,cross,unreliable,3,True,M2_three_anchor_piecewise,True,True
variant_robustness_fisher_v1,fisher_kpp,failure_obs16_noise030,weight_balanced_v2,baseline,43,16,0.3,fisher_kpp_variant_robustness_fisher_v1_failure_obs16_noise030_weight_balanced_v2_seed43,0.0434781126677989,0.0188607699237763,1,0.4358005148296106,0.3165861264033009,0.64249031457012,0.6481512432559583,0.1359743750890628,0.0507562085986137,0.0144183216616511,0.0028691291809082,2.565164391779596e-05,0.0071495699782233,0.07054158309772374,0.0566675247094196,cross,unreliable,cross,unreliable,3,True,M2_three_anchor_piecewise,True,True
variant_robustness_v1,burgers,safe_obs64_noise005,baseline,baseline,41,64,0.05,burgers_variant_robustness_v1_safe_obs64_noise005_baseline_seed41,0.0283857509493827,0.0259927008301019,1,0.8846760366984974,0.7340267001372139,0.942013044215642,0.9198435419498292,0.942820860491304,0.0664348602294921,0.0206496212631464,0.0011206269264221,1.6177965922197862e-05,0.0028684602336142,0.0283857509493827,0.8846760366984974,cross,critical,safe,critical,0,True,M2_three_anchor_piecewise,False,True
variant_robustness_v1,burgers,safe_obs64_noise005,baseline,baseline,42,64,0.05,burgers_variant_robustness_v1_safe_obs64_noise005_baseline_seed42,0.0201235525310039,0.0259927008301019,0,0.9513739846285544,0.9589056071174806,0.947187959078681,0.955206592370799,0.944195779947257,0.0617731139063835,0.0146148931235075,0.0010572671890258,0.0002165250809333,0.0017685289318926,0.0201235525310039,0.9513739846285544,safe,reliable,safe,critical,0,True,M2_three_anchor_piecewise,True,False
variant_robustness_v1,burgers,safe_obs64_noise005,baseline,baseline,43,64,0.05,burgers_variant_robustness_v1_safe_obs64_noise005_baseline_seed43,0.0250421091914176,0.0259927008301019,0,0.7706202210125238,0.2940910640631924,0.929533749956702,0.9364927454446922,0.9223633245855084,0.0811778604984283,0.0244276914745569,0.0019257068634033,0.0003591127589948,0.0030599904364892,0.0250421091914176,0.7706202210125238,safe,critical,safe,critical,0,True,M2_three_anchor_piecewise,True,True
variant_robustness_v1,burgers,transition_obs48_noise010,baseline,baseline,41,48,0.1,burgers_variant_robustness_v1_transition_obs48_noise010_baseline_seed41,0.0478897504508495,0.0259927008301019,1,0.7624604042398666,0.6518231466494512,0.8693748474598595,0.7266066348420664,0.8020369880080895,0.07028079777956,0.0213832017034292,0.0045680403709411,0.0003414861940112,0.0061722068245269,0.0478897504508495,0.7624604042398666,cross,critical,cross,critical,1,True,M2_three_anchor_piecewise,True,True
variant_robustness_v1,burgers,transition_obs48_noise010,baseline,baseline,42,48,0.1,burgers_variant_robustness_v1_transition_obs48_noise010_baseline_seed42,0.0353032574057579,0.0259927008301019,1,0.7802043516765249,0.8031716151404633,0.5260307031724669,0.8722975939441966,0.9193174944489728,0.0682433247566223,0.0192832984030246,0.0020283460617065,0.0032556518807258,0.0050556024199961,0.0353032574057579,0.7802043516765249,cross,critical,cross,critical,1,True,M2_three_anchor_piecewise,True,True
variant_robustness_v1,burgers,transition_obs48_noise010,baseline,baseline,43,48,0.1,burgers_variant_robustness_v1_transition_obs48_noise010_baseline_seed43,0.0240208953619003,0.0259927008301019,0,0.7754460833543046,0.3498513200017751,0.8854532018893271,0.9408983367091198,0.9255814748169966,0.0842035412788391,0.0223886910825967,0.0018131732940673,0.0005115998935662,0.0053077439194378,0.0240208953619003,0.7754460833543046,safe,critical,cross,critical,1,True,M2_three_anchor_piecewise,False,True
variant_robustness_v1,burgers,seed_sensitive_obs32_noise010,baseline,baseline,41,32,0.1,burgers_variant_robustness_v1_seed_sensitive_obs32_noise010_baseline_seed41,0.0318551547825336,0.0259927008301019,1,0.6087826673498606,0.6339245958201716,0.0148611180827198,0.8984415195418407,0.8879034359547104,0.0677852928638458,0.0218578390777111,0.0029214024543762,0.0094975575178509,0.0075000304277304,0.0318551547825336,0.6087826673498606,cross,unreliable,cross,unreliable,2,False,M2_three_anchor_piecewise,True,True
variant_robustness_v1,burgers,seed_sensitive_obs32_noise010,baseline,baseline,42,32,0.1,burgers_variant_robustness_v1_seed_sensitive_obs32_noise010_baseline_seed42,0.0325656235218048,0.0259927008301019,1,0.9082281221603518,0.9189629885555216,0.9240773671658572,0.8934754614849572,0.8963966714350712,0.0666037574410438,0.0158490724861621,0.0027045011520385,0.000302048541347,0.0036222866686368,0.0325656235218048,0.9082281221603518,cross,reliable,cross,unreliable,2,False,M2_three_anchor_piecewise,True,False
variant_robustness_v1,burgers,seed_sensitive_obs32_noise010,baseline,baseline,43,32,0.1,burgers_variant_robustness_v1_seed_sensitive_obs32_noise010_baseline_seed43,0.1055488884449005,0.0259927008301019,1,0.0588608111709369,0.0007998474517097,0.2006008732917779,0.0339996911676642,4.2832772595765066e-05,0.1093872711062431,0.0408943891525268,0.0327081680297851,0.0048746677959671,0.009028355845208,0.1055488884449005,0.0588608111709369,cross,unreliable,cross,unreliable,2,False,M2_three_anchor_piecewise,True,True
variant_robustness_v1,burgers,failure_obs32_noise0175,baseline,baseline,41,32,0.175,burgers_variant_robustness_v1_failure_obs32_noise0175_baseline_seed41,0.0607360862195491,0.0259927008301019,1,0.3568527099751537,0.4610482875243203,0.2289277154449255,0.5035078470894507,0.2339269898419183,0.0821794047951698,0.0210888851433992,0.0109179019927978,0.0038021908609213,0.0133604196694669,0.0607360862195491,0.3568527099751537,cross,unreliable,cross,unreliable,3,True,M2_three_anchor_piecewise,True,True
variant_robustness_v1,burgers,failure_obs32_noise0175,baseline,baseline,42,32,0.175,burgers_variant_robustness_v1_failure_obs32_noise0175_baseline_seed42,0.0945163369178772,0.0259927008301019,1,0.2006402344844678,0.1253797194549556,0.5685592266467587,0.074509318453089,0.034112673383068,0.0831736177206039,0.0280003733932971,0.0162159800529479,0.0021596927582576,0.0102260899725839,0.0945163369178772,0.2006402344844678,cross,unreliable,cross,unreliable,3,True,M2_three_anchor_piecewise,True,True
variant_robustness_v1,burgers,failure_obs32_noise0175,baseline,baseline,43,32,0.175,burgers_variant_robustness_v1_failure_obs32_noise0175_baseline_seed43,0.1005407348275184,0.0259927008301019,1,0.0131929133492922,0.0038806809202999,0.0001410729340244,0.0487433956838884,6.503858956192635e-06,0.1072512194514274,0.0349249243736267,0.0373377799987793,0.0160892632588837,0.0153154352388484,0.1005407348275184,0.0131929133492922,cross,unreliable,cross,unreliable,3,True,M2_three_anchor_piecewise,True,True
variant_robustness_v1,burgers,safe_obs64_noise005,capacity_v1,baseline,41,64,0.05,burgers_variant_robustness_v1_safe_obs64_noise005_capacity_v1_seed41,0.0610530190169811,0.0259927008301019,1,0.5608287882185182,0.2108130743107092,0.7284261456276419,0.497565638734941,0.8065102942007806,0.0653783679008483,0.0278347190469503,0.0044982433319091,0.0023371188390781,0.0036128729038016,0.08825638920184153,0.6077868500259619,cross,unreliable,safe,critical,0,True,M2_three_anchor_piecewise,False,False
variant_robustness_v1,burgers,safe_obs64_noise005,capacity_v1,baseline,42,64,0.05,burgers_variant_robustness_v1_safe_obs64_noise005_capacity_v1_seed42,0.0218498576432466,0.0259927008301019,0,0.9433595466119724,0.91950099699709,0.950408662014248,0.9493288355426313,0.95419969189392,0.064913272857666,0.0164824854582548,0.0005461573600769,0.0001097745033098,0.0017563391547858,0.0875799222573872,0.6551163541424673,cross,unreliable,safe,critical,0,True,M2_three_anchor_piecewise,False,False
variant_robustness_v1,burgers,safe_obs64_noise005,capacity_v1,baseline,43,64,0.05,burgers_variant_robustness_v1_safe_obs64_noise005_capacity_v1_seed43,0.0337311923503875,0.0259927008301019,1,0.6587462421528149,0.6813722267893008,0.1720405539674566,0.8848649099674198,0.8967072778870822,0.0654263868927955,0.0214251447468996,0.0026962757110595,0.0054586601485898,0.0049220013668114,0.04357811485576822,0.7674288025617313,cross,critical,safe,critical,0,True,M2_three_anchor_piecewise,False,True
variant_robustness_v1,burgers,transition_obs48_noise010,capacity_v1,baseline,41,48,0.1,burgers_variant_robustness_v1_transition_obs48_noise010_capacity_v1_seed41,0.032485943287611,0.0259927008301019,1,0.8985401975061014,0.9072300188191236,0.8513841052155933,0.8940428857781522,0.941503780211536,0.0679153800010681,0.015908271074295,0.0011799931526184,0.0010151868864489,0.0056420161777608,0.04818981975070785,0.6982008983240783,cross,unreliable,cross,critical,1,True,M2_three_anchor_piecewise,True,False
variant_robustness_v1,burgers,transition_obs48_noise010,capacity_v1,baseline,42,48,0.1,burgers_variant_robustness_v1_transition_obs48_noise010_capacity_v1_seed42,0.0330768749117851,0.0259927008301019,1,0.8962496265824837,0.8715336036759916,0.889252697996323,0.8897706924917996,0.9344415121658204,0.0658354610204696,0.0180858857929706,0.0014784336090087,0.0008260329640943,0.0043678134349712,0.046001340076045824,0.700402809019537,cross,critical,cross,critical,1,True,M2_three_anchor_piecewise,True,True
variant_robustness_v1,burgers,transition_obs48_noise010,capacity_v1,baseline,43,48,0.1,burgers_variant_robustness_v1_transition_obs48_noise010_capacity_v1_seed43,0.0419817306101322,0.0259927008301019,1,0.6683230388575507,0.8322787748626606,0.1105508370820472,0.805426162194778,0.9250363812907172,0.0684734806418418,0.0185932274907827,0.0018325448036193,0.0060242116876847,0.0080965005541133,0.03343835675604194,0.7830425513220701,cross,critical,cross,critical,1,True,M2_three_anchor_piecewise,True,True
variant_robustness_v1,burgers,seed_sensitive_obs32_noise010,capacity_v1,baseline,41,32,0.1,burgers_variant_robustness_v1_seed_sensitive_obs32_noise010_capacity_v1_seed41,0.0405193157494068,0.0259927008301019,1,0.8762918107667023,0.9206764716193736,0.8947279235875539,0.8220410088426072,0.8677218390172742,0.0651493966579437,0.0163448713719844,0.0033844709396362,0.0002410957032862,0.0053142930360166,0.029234828207038682,0.7195881255053326,cross,critical,cross,unreliable,2,False,M2_three_anchor_piecewise,True,False
variant_robustness_v1,burgers,seed_sensitive_obs32_noise010,capacity_v1,baseline,42,32,0.1,burgers_variant_robustness_v1_seed_sensitive_obs32_noise010_capacity_v1_seed42,0.0471949502825737,0.0259927008301019,1,0.8313482353330416,0.8421716936818638,0.9166440573356732,0.7368348132657855,0.8297423770488437,0.0680306851863861,0.0184419974684715,0.0041143298149108,0.0002848640311482,0.0041382963026863,0.048423104459209707,0.7627920876351054,cross,critical,cross,unreliable,2,False,M2_three_anchor_piecewise,True,False
variant_robustness_v1,burgers,seed_sensitive_obs32_noise010,capacity_v1,baseline,43,32,0.1,burgers_variant_robustness_v1_seed_sensitive_obs32_noise010_capacity_v1_seed43,0.0406409353017807,0.0259927008301019,1,0.729729331143228,0.6756268871710188,0.6790906275415763,0.8207027575793528,0.7434970522809641,0.0748448446393013,0.0200857780873775,0.005390465259552,0.002021411008252,0.0080394582482515,0.02958440839406379,0.8604776688538519,cross,critical,cross,unreliable,2,False,M2_three_anchor_piecewise,True,False
variant_robustness_v1,burgers,failure_obs32_noise0175,capacity_v1,baseline,41,32,0.175,burgers_variant_robustness_v1_failure_obs32_noise0175_capacity_v1_seed41,0.0751214548945427,0.0259927008301019,1,0.1634491882832095,0.0058121362298295,0.2163639014919622,0.2563867843468455,0.1752339310642007,0.0993735939264297,0.0360726937651634,0.0118087530136108,0.0031272163615184,0.0158533028413094,0.12869434797765592,0.0,cross,unreliable,cross,unreliable,3,True,M2_three_anchor_piecewise,True,True
variant_robustness_v1,burgers,failure_obs32_noise0175,capacity_v1,baseline,42,32,0.175,burgers_variant_robustness_v1_failure_obs32_noise0175_capacity_v1_seed42,0.0561589486896991,0.0259927008301019,1,0.3239450801149006,0.0522230622673643,0.0012401821390066,0.5883879190579089,0.6539291569953225,0.0881141424179077,0.0304611716419458,0.0064413547515869,0.0132512323482551,0.0112800397381855,0.07418899636137546,0.2215780979994846,cross,unreliable,cross,unreliable,3,True,M2_three_anchor_piecewise,True,True
variant_robustness_v1,burgers,failure_obs32_noise0175,capacity_v1,baseline,43,32,0.175,burgers_variant_robustness_v1_failure_obs32_noise0175_capacity_v1_seed43,0.0487558841705322,0.0259927008301019,1,0.4267557377590522,0.4479565135068966,0.2040086322500003,0.7135146982508658,0.3415431070284457,0.0842323005199432,0.0201705675572156,0.0096165537834167,0.0012368456200979,0.018954138196823,0.05290981362591331,0.38919779671849,cross,unreliable,cross,unreliable,3,True,M2_three_anchor_piecewise,True,True
variant_robustness_v1,burgers,safe_obs64_noise005,weight_balanced_v2,baseline,41,64,0.05,burgers_variant_robustness_v1_safe_obs64_noise005_weight_balanced_v2_seed41,0.0308563373982906,0.0259927008301019,1,0.9403326193200616,0.9762468240165074,0.949807044296252,0.9050754156133344,0.9302011933541522,0.0527085736393928,0.0145510667935013,0.0016435384750366,8.70310961961517e-05,0.0019029556322076,0.05660154495019594,0.8036718140544645,cross,critical,safe,critical,0,True,M2_three_anchor_piecewise,False,True
variant_robustness_v1,burgers,safe_obs64_noise005,weight_balanced_v2,baseline,42,64,0.05,burgers_variant_robustness_v1_safe_obs64_noise005_weight_balanced_v2_seed42,0.019959382712841,0.0259927008301019,0,0.9581450810276356,0.9864752012045536,0.9509344510677832,0.9557304560624312,0.939440215775774,0.0519410446286201,0.0130158178508281,0.0012705326080322,0.0001544613561348,0.0015279889962446,0.17492218082292244,1.0,cross,reliable,safe,critical,0,True,M2_three_anchor_piecewise,False,False
variant_robustness_v1,burgers,safe_obs64_noise005,weight_balanced_v2,baseline,43,64,0.05,burgers_variant_robustness_v1_safe_obs64_noise005_weight_balanced_v2_seed43,0.0231935884803533,0.0259927008301019,0,0.9293835729129104,0.9062670924198692,0.9376468435817402,0.9442557037391424,0.92936465191089,0.0638808459043502,0.0173045899718999,0.001675009727478,0.0003805042041612,0.0022269133498603,0.07165234816935051,0.6964363402107292,cross,unreliable,safe,critical,0,True,M2_three_anchor_piecewise,False,False
variant_robustness_v1,burgers,transition_obs48_noise010,weight_balanced_v2,baseline,41,48,0.1,burgers_variant_robustness_v1_transition_obs48_noise010_weight_balanced_v2_seed41,0.0239615738391876,0.0259927008301019,0,0.9485812559916244,0.9774663943712024,0.9261673026119496,0.9411452527037116,0.949546074279634,0.0542428195476532,0.0142307635396718,0.000795841217041,0.0001829809046181,0.0037330680188346,0.04713018563909954,1.0,cross,reliable,cross,critical,1,True,M2_three_anchor_piecewise,True,False
variant_robustness_v1,burgers,transition_obs48_noise010,weight_balanced_v2,baseline,42,48,0.1,burgers_variant_robustness_v1_transition_obs48_noise010_weight_balanced_v2_seed42,0.0234304275363683,0.0259927008301019,0,0.9492555579607344,0.9874559407348522,0.9396054063211622,0.9433133395439858,0.926647545242938,0.0510550700128078,0.0129195805639028,0.0017749071121215,0.0001456963623499,0.0027787554251142,0.06408995683167373,1.0,cross,reliable,cross,critical,1,True,M2_three_anchor_piecewise,True,False
variant_robustness_v1,burgers,transition_obs48_noise010,weight_balanced_v2,baseline,43,48,0.1,burgers_variant_robustness_v1_transition_obs48_noise010_weight_balanced_v2_seed43,0.0255630649626255,0.0259927008301019,0,0.9199020241810736,0.913371851134838,0.8902249757029589,0.9341290636523344,0.9418822062341636,0.0645743757486343,0.0168694052845239,0.0011630654335021,0.0010601123839842,0.003292927266896,0.02914989277456918,0.6231165200351211,cross,unreliable,cross,critical,1,True,M2_three_anchor_piecewise,True,False
variant_robustness_v1,burgers,seed_sensitive_obs32_noise010,weight_balanced_v2,baseline,41,32,0.1,burgers_variant_robustness_v1_seed_sensitive_obs32_noise010_weight_balanced_v2_seed41,0.0412515811622142,0.0259927008301019,1,0.8945604902419664,0.9451540978434692,0.9268493261012618,0.8138645220663175,0.8923740149568168,0.0527128316462039,0.0167190954089164,0.0028091073036193,0.0001990769557773,0.0036544883523728,0.11051273496666587,0.42715310056224964,cross,unreliable,cross,unreliable,2,False,M2_three_anchor_piecewise,True,True
variant_robustness_v1,burgers,seed_sensitive_obs32_noise010,weight_balanced_v2,baseline,42,32,0.1,burgers_variant_robustness_v1_seed_sensitive_obs32_noise010_weight_balanced_v2_seed42,0.0267102494835853,0.0259927008301019,1,0.9369989807539152,0.9594198260547336,0.9368114620828828,0.928633224428958,0.9231314104490864,0.0555738285183906,0.0157703161239624,0.001899242401123,0.0003084140652939,0.0025692723276271,0.03509935236377591,0.7553254889414153,cross,critical,cross,unreliable,2,False,M2_three_anchor_piecewise,True,False
variant_robustness_v1,burgers,seed_sensitive_obs32_noise010,weight_balanced_v2,baseline,43,32,0.1,burgers_variant_robustness_v1_seed_sensitive_obs32_noise010_weight_balanced_v2_seed43,0.0712245032191276,0.0259927008301019,1,0.3529879672630929,0.0257289007164251,0.3996557055661356,0.3159228760088801,0.6706443867609307,0.0849528163671493,0.0344143696129322,0.0062577724456787,0.0038497378181699,0.0055654370487947,0.2659565064698366,0.0,cross,unreliable,cross,unreliable,2,False,M2_three_anchor_piecewise,True,True
variant_robustness_v1,burgers,failure_obs32_noise0175,weight_balanced_v2,baseline,41,32,0.175,burgers_variant_robustness_v1_failure_obs32_noise0175_weight_balanced_v2_seed41,0.0340758301317691,0.0259927008301019,1,0.8932263819653723,0.968032894911615,0.8163854750314613,0.8822053410423955,0.9062818168760172,0.0523739196360111,0.0153625821694731,0.0024312734603881,0.0003107898621049,0.0077350268742794,0.07329828515686254,0.4168365814258534,cross,unreliable,cross,unreliable,3,True,M2_three_anchor_piecewise,True,True
variant_robustness_v1,burgers,failure_obs32_noise0175,weight_balanced_v2,baseline,42,32,0.175,burgers_variant_robustness_v1_failure_obs32_noise0175_weight_balanced_v2_seed42,0.0375223755836486,0.0259927008301019,1,0.8865617264966814,0.981338981129945,0.9035081694151498,0.8525823278387429,0.8088174276028879,0.0553814582526683,0.0134125528857111,0.0044617652893066,0.0001459670644813,0.0050438097004954,0.0911725525599527,0.36529950090059893,cross,unreliable,cross,unreliable,3,True,M2_three_anchor_piecewise,True,True
variant_robustness_v1,burgers,failure_obs32_noise0175,weight_balanced_v2,baseline,43,32,0.175,burgers_variant_robustness_v1_failure_obs32_noise0175_weight_balanced_v2_seed43,0.0375512540340423,0.0259927008301019,1,0.8119777925136462,0.8679565716058739,0.81604666566822,0.8523099086774802,0.7115980241030105,0.066065102815628,0.018145577982068,0.0057860612869262,0.0004677038405894,0.0076165242307662,0.0913223202481294,0.0,cross,unreliable,cross,unreliable,3,True,M2_three_anchor_piecewise,True,True
variant_robustness_v1,stokes_poiseuille,safe_obs64_noise000,baseline,baseline,41,64,0.0,stokes_poiseuille_variant_robustness_v1_safe_obs64_noise000_baseline_seed41,0.0131177576258778,0.0400393344461917,0,0.9961890946576673,0.999925813313484,0.9926012099309685,0.9971415935859312,0.9950877618002856,0.0628695040941238,0.0120579916983842,7.390975952148437e-06,0.0002023163694222,0.0004034311957288,0.0131177576258778,0.9961890946576673,safe,reliable,safe,reliable,0,False,M3_order_constrained_piecewise,True,True
variant_robustness_v1,stokes_poiseuille,safe_obs64_noise000,baseline,baseline,42,64,0.0,stokes_poiseuille_variant_robustness_v1_safe_obs64_noise000_baseline_seed42,0.0266929063946008,0.0400393344461917,0,0.9200324081746254,0.9289770343417558,0.9481778412096424,0.942142599859675,0.860832157287428,0.1139220148324966,0.0268516112118959,5.418062210083008e-05,0.0007886190405517,0.001208804722077,0.0266929063946008,0.9200324081746254,safe,reliable,safe,reliable,0,False,M3_order_constrained_piecewise,True,True
variant_robustness_v1,stokes_poiseuille,safe_obs64_noise000,baseline,baseline,43,64,0.0,stokes_poiseuille_variant_robustness_v1_safe_obs64_noise000_baseline_seed43,0.0236609857529401,0.0400393344461917,0,0.985109923146982,0.9952383438243664,0.979781247779289,0.969956382255129,0.9954637187291444,0.0730907544493675,0.0219088532030582,6.318092346191406e-06,0.000258214596664,0.0010677001371061,0.0236609857529401,0.985109923146982,safe,reliable,safe,reliable,0,False,M3_order_constrained_piecewise,True,True
variant_robustness_v1,stokes_poiseuille,critical_obs8_noise0125,baseline,baseline,41,8,0.125,stokes_poiseuille_variant_robustness_v1_critical_obs8_noise0125_baseline_seed41,0.0348131135106086,0.0400393344461917,0,0.9161014863243736,0.9996155432798786,0.9782000948506524,0.7225448577109456,0.9640454494560176,0.0779317170381546,0.0159348659217357,3.451108932495117e-05,0.0002067247255023,0.0011181169960647,0.0348131135106086,0.9161014863243736,safe,reliable,cross,reliable,1,False,M3_order_constrained_piecewise,False,True
variant_robustness_v1,stokes_poiseuille,critical_obs8_noise0125,baseline,baseline,42,8,0.125,stokes_poiseuille_variant_robustness_v1_critical_obs8_noise0125_baseline_seed42,0.0408814772963523,0.0400393344461917,1,0.6917391097912322,0.5883025563188814,0.9164052241148116,0.3982524689563561,0.86399618977488,0.119698591530323,0.0331548117101192,5.382299423217773e-05,0.0007394019432407,0.0019535169870121,0.0408814772963523,0.6917391097912322,cross,unreliable,cross,reliable,1,False,M3_order_constrained_piecewise,True,False
variant_robustness_v1,stokes_poiseuille,critical_obs8_noise0125,baseline,baseline,43,8,0.125,stokes_poiseuille_variant_robustness_v1_critical_obs8_noise0125_baseline_seed43,0.0409160852432251,0.0400393344461917,1,0.7719916637052413,0.9862340670226876,0.7357574819313666,0.3963817448530853,0.9695933610138254,0.0739053413271904,0.0244496148079633,3.218650817871094e-05,0.000223485554407,0.0030197673182142,0.0409160852432251,0.7719916637052413,cross,critical,cross,reliable,1,False,M3_order_constrained_piecewise,True,False
variant_robustness_v1,stokes_poiseuille,failure_obs8_noise0175,baseline,baseline,41,8,0.175,stokes_poiseuille_variant_robustness_v1_failure_obs8_noise0175_baseline_seed41,0.0429847240447998,0.0400393344461917,1,0.7802391118371871,0.9988868793714748,0.9459719904822206,0.29161803209947,0.884479545395583,0.0805189833045005,0.0184531342238187,5.131959915161133e-05,0.0002008459876464,0.0017391901789693,0.0429847240447998,0.7802391118371871,cross,critical,cross,unreliable,2,False,M3_order_constrained_piecewise,True,False
variant_robustness_v1,stokes_poiseuille,failure_obs8_noise0175,baseline,baseline,42,8,0.175,stokes_poiseuille_variant_robustness_v1_failure_obs8_noise0175_baseline_seed42,0.0485267154872417,0.0400393344461917,1,0.4307154767556631,0.1775227088329575,0.7340366464070337,0.1054025120123055,0.705900039770356,0.1238786727190017,0.0390997417271137,6.687641143798828e-05,0.0007315482920498,0.0029978181281756,0.0485267154872417,0.4307154767556631,cross,unreliable,cross,unreliable,2,False,M3_order_constrained_piecewise,True,True
variant_robustness_v1,stokes_poiseuille,failure_obs8_noise0175,baseline,baseline,43,8,0.175,stokes_poiseuille_variant_robustness_v1_failure_obs8_noise0175_baseline_seed43,0.0478808581829071,0.0400393344461917,1,0.5251476653934115,0.9200643067512204,0.2291686393473037,0.1199618348458049,0.8313958806293167,0.0756488665938377,0.0288540516048669,5.7220458984375e-05,0.0002120993577802,0.0050021212719713,0.0478808581829071,0.5251476653934115,cross,unreliable,cross,unreliable,2,False,M3_order_constrained_piecewise,True,True
variant_robustness_v1,stokes_poiseuille,safe_obs64_noise000,capacity_v1,baseline,41,64,0.0,stokes_poiseuille_variant_robustness_v1_safe_obs64_noise000_capacity_v1_seed41,0.012312757782638,0.0400393344461917,0,0.9957973942847684,0.9999468358691176,0.9922613878252288,0.9976154301786349,0.9933659232660932,0.0610299222171306,0.0112707996740937,1.1444091796875e-05,0.0001232656336654,0.0004329151173996,0.020051482607332458,0.9670836683473889,safe,reliable,safe,reliable,0,False,M3_order_constrained_piecewise,True,True
variant_robustness_v1,stokes_poiseuille,safe_obs64_noise000,capacity_v1,baseline,42,64,0.0,stokes_poiseuille_variant_robustness_v1_safe_obs64_noise000_capacity_v1_seed42,0.0129143707454204,0.0400393344461917,0,0.9960578625609984,0.9998882702870062,0.992961983854354,0.997269512928207,0.9941116831744272,0.0578041039407253,0.0130265830084681,9.834766387939451e-06,0.0001397847073847,0.0003707130100488,0.02056847696965411,0.9676358044986122,safe,reliable,safe,reliable,0,False,M3_order_constrained_piecewise,True,True
variant_robustness_v1,stokes_poiseuille,safe_obs64_noise000,capacity_v1,baseline,43,64,0.0,stokes_poiseuille_variant_robustness_v1_safe_obs64_noise000_capacity_v1_seed43,0.0155712869018316,0.0400393344461917,0,0.9955748643011404,0.9997675737562852,0.9917965848030812,0.995036997222352,0.995698301422843,0.0545189939439296,0.0147578790783882,5.602836608886719e-06,0.0001509257135945,0.0004711706528327,0.022851690196432146,0.9666119531332733,safe,reliable,safe,reliable,0,False,M3_order_constrained_piecewise,True,True
variant_robustness_v1,stokes_poiseuille,critical_obs8_noise0125,capacity_v1,baseline,41,8,0.125,stokes_poiseuille_variant_robustness_v1_critical_obs8_noise0125_capacity_v1_seed41,0.0350359678268432,0.0400393344461917,0,0.9195201112043232,0.9996725018895714,0.9821857467904264,0.7123475850471747,0.9838746110901208,0.052463062107563,0.0155684612691402,2.3484230041503903e-05,9.435479495306228e-05,0.0009832981698994,0.03960909207042319,0.8053924016972688,safe,critical,cross,reliable,1,False,M3_order_constrained_piecewise,False,False
variant_robustness_v1,stokes_poiseuille,critical_obs8_noise0125,capacity_v1,baseline,42,8,0.125,stokes_poiseuille_variant_robustness_v1_critical_obs8_noise0125_capacity_v1_seed42,0.0330152660608291,0.0400393344461917,0,0.925517232754877,0.9657936162153044,0.9514391676911812,0.7962413607491216,0.9885947863639004,0.0673102810978889,0.0266749057918787,1.8775463104248047e-05,9.78095231366428e-05,0.0016643942716295,0.03784212331467598,0.8181049963336181,safe,critical,cross,reliable,1,False,M3_order_constrained_piecewise,False,False
variant_robustness_v1,stokes_poiseuille,critical_obs8_noise0125,capacity_v1,baseline,43,8,0.125,stokes_poiseuille_variant_robustness_v1_critical_obs8_noise0125_capacity_v1_seed43,0.0345836915075778,0.0400393344461917,0,0.8963773902876941,0.9962558669099546,0.8900163507634075,0.7328067690894554,0.9664305743879597,0.0580081306397914,0.0213374681770801,3.355741500854492e-05,0.0001151211335158,0.002260066381666,0.03920370402104843,0.7758663199635984,safe,critical,cross,reliable,1,False,M3_order_constrained_piecewise,False,False
variant_robustness_v1,stokes_poiseuille,failure_obs8_noise0175,capacity_v1,baseline,41,8,0.175,stokes_poiseuille_variant_robustness_v1_failure_obs8_noise0175_capacity_v1_seed41,0.0438158102333545,0.0400393344461917,1,0.7916579515629629,0.9990636584065036,0.9541905795039414,0.2544253182143241,0.9589522501270824,0.0547002404928207,0.0180527362972497,3.635883331298828e-05,8.296434349147737e-05,0.0016237581786713,0.04747871299767936,0.6712455535474438,cross,unreliable,cross,unreliable,2,False,M3_order_constrained_piecewise,True,True
variant_robustness_v1,stokes_poiseuille,failure_obs8_noise0175,capacity_v1,baseline,42,8,0.175,stokes_poiseuille_variant_robustness_v1_failure_obs8_noise0175_capacity_v1_seed42,0.041911881417036,0.0400393344461917,1,0.6717582116914167,0.6116857090014757,0.74722535066738,0.3440369973687436,0.9840847897280676,0.0709811821579933,0.0341041274368763,2.330541610717773e-05,0.0001065243755621,0.0029752297724786,0.045772167781583654,0.5514587896837422,cross,unreliable,cross,unreliable,2,False,M3_order_constrained_piecewise,True,True
variant_robustness_v1,stokes_poiseuille,failure_obs8_noise0175,capacity_v1,baseline,43,8,0.175,stokes_poiseuille_variant_robustness_v1_failure_obs8_noise0175_capacity_v1_seed43,0.0423238389194011,0.0400393344461917,1,0.6336614359239197,0.9649618006058618,0.4491188156044793,0.3233649607320991,0.7972001667532382,0.0597622580826282,0.0267347544431686,6.026029586791992e-05,0.0001085427952897,0.0040188530868044,0.04614141693568558,0.5133979107550755,cross,unreliable,cross,unreliable,2,False,M3_order_constrained_piecewise,True,True
variant_robustness_v1,stokes_poiseuille,safe_obs64_noise000,weight_balanced_v2,baseline,41,64,0.0,stokes_poiseuille_variant_robustness_v1_safe_obs64_noise000_weight_balanced_v2_seed41,0.0136263091117143,0.0400393344461917,0,0.9965148227503016,0.9999791419284226,0.9933643618164438,0.9967949843004876,0.9959208029558522,0.0408230423927307,0.0090608559548854,4.887580871582031e-06,0.0001439800094894,0.0003321571382021,0.005796202434988053,1.0,safe,reliable,safe,reliable,0,False,M3_order_constrained_piecewise,True,True
variant_robustness_v1,stokes_poiseuille,safe_obs64_noise000,weight_balanced_v2,baseline,42,64,0.0,stokes_poiseuille_variant_robustness_v1_safe_obs64_noise000_weight_balanced_v2_seed42,0.0267737116664648,0.0400393344461917,0,0.9781824269346364,0.9986087873212952,0.984742071426758,0.9411402291985176,0.988238619791974,0.0685941874980926,0.018989635631442,1.919269561767578e-05,0.0004932226872003,0.0008747480662903,0.027725911706723574,0.9536897009574848,safe,reliable,safe,reliable,0,False,M3_order_constrained_piecewise,True,True
variant_robustness_v1,stokes_poiseuille,safe_obs64_noise000,weight_balanced_v2,baseline,43,64,0.0,stokes_poiseuille_variant_robustness_v1_safe_obs64_noise000_weight_balanced_v2_seed43,0.0281068291515111,0.0400393344461917,0,0.974247689707266,0.9991099031310884,0.9796485425045902,0.9220833851078392,0.9961489280855468,0.0579076148569583,0.0179328825324773,4.112720489501953e-06,0.0002241469656547,0.0010720996834562,0.02994953563170709,0.9426864075665988,safe,reliable,safe,reliable,0,False,M3_order_constrained_piecewise,True,True
variant_robustness_v1,stokes_poiseuille,critical_obs8_noise0125,weight_balanced_v2,baseline,41,8,0.125,stokes_poiseuille_variant_robustness_v1_critical_obs8_noise0125_weight_balanced_v2_seed41,0.0272424258291721,0.0400393344461917,0,0.9784882679967346,0.9999482937225525,0.9865133688006504,0.9349980269779984,0.9924933824857372,0.0530376471579074,0.0112059032544493,1.3113021850585938e-05,0.0001873490807257,0.000798606206789,0.02850772129054909,0.9545449699990456,safe,reliable,cross,reliable,1,False,M3_order_constrained_piecewise,False,True
variant_robustness_v1,stokes_poiseuille,critical_obs8_noise0125,weight_balanced_v2,baseline,42,8,0.125,stokes_poiseuille_variant_robustness_v1_critical_obs8_noise0125_weight_balanced_v2_seed42,0.0348691269755363,0.0400393344461917,0,0.9173959397932134,0.9956374709527926,0.9623248284189267,0.7200028524804538,0.991618607320681,0.0718396678566932,0.021700644865632,1.4603137969970705e-05,0.0004705082794251,0.0014872223007729,0.0415431498181509,0.7814505420036227,cross,critical,cross,reliable,1,False,M3_order_constrained_piecewise,True,False
variant_robustness_v1,stokes_poiseuille,critical_obs8_noise0125,weight_balanced_v2,baseline,43,8,0.125,stokes_poiseuille_variant_robustness_v1_critical_obs8_noise0125_weight_balanced_v2_seed43,0.0382534563541412,0.0400393344461917,0,0.8665745487630537,0.998972159952346,0.9279327267042252,0.5450022519055369,0.9943910564901066,0.0566225051879882,0.0182733498513698,9.179115295410156e-06,0.0001748626411251,0.0019448533032631,0.04794008339636233,0.6058896234214749,cross,unreliable,cross,reliable,1,False,M3_order_constrained_piecewise,True,False
variant_robustness_v1,stokes_poiseuille,failure_obs8_noise0175,weight_balanced_v2,baseline,41,8,0.175,stokes_poiseuille_variant_robustness_v1_failure_obs8_noise0175_weight_balanced_v2_seed41,0.032470129430294,0.0400393344461917,0,0.945474894664484,0.9999150619122836,0.9764117634312228,0.8154809442007555,0.9900918091136734,0.0542627461254596,0.0123787941411137,1.6868114471435547e-05,0.000182539885518,0.0011710147997205,0.03722746799747449,0.8622247433595716,safe,critical,cross,unreliable,2,False,M3_order_constrained_piecewise,False,False
variant_robustness_v1,stokes_poiseuille,failure_obs8_noise0175,weight_balanced_v2,baseline,42,8,0.175,stokes_poiseuille_variant_robustness_v1_failure_obs8_noise0175_weight_balanced_v2_seed42,0.038152128458023,0.0400393344461917,0,0.8574004281823153,0.988882535387558,0.898543827936779,0.5506682866556695,0.9915070627492546,0.0731555894017219,0.0239352080971002,1.4781951904296877e-05,0.0004608688736403,0.0021978257693005,0.04774855717400769,0.5741979085020228,cross,unreliable,cross,unreliable,2,False,M3_order_constrained_piecewise,True,True
variant_robustness_v1,stokes_poiseuille,failure_obs8_noise0175,weight_balanced_v2,baseline,43,8,0.175,stokes_poiseuille_variant_robustness_v1_failure_obs8_noise0175_weight_balanced_v2_seed43,0.0417954809963703,0.0400393344461917,1,0.7732364117802575,0.998120620687952,0.7530327748664029,0.3499909558382655,0.9918012957284096,0.0571698583662509,0.0197022818028926,1.430511474609375e-05,0.0001671337623975,0.0029522784511695,0.05463508669951831,0.28345592502621564,cross,unreliable,cross,unreliable,2,False,M3_order_constrained_piecewise,True,True
variant_robustness_fisher_v1,fisher_kpp,safe_obs64_noise000,baseline,baseline,41,64,0.0,fisher_kpp_variant_robustness_fisher_v1_safe_obs64_noise000_baseline_seed41,0.0119209587574005,0.0188607699237763,0,0.9123978260545242,0.9243518814137408,0.8223154308545034,0.9512393730831752,0.951684618866678,0.0192983448505401,0.0078724799677729,0.0001266002655029,2.102337505798441e-05,0.0001811401349878,0.0119209587574005,0.9123978260545242,safe,reliable,safe,reliable,0,False,M3_order_constrained_piecewise,True,True
variant_robustness_fisher_v1,fisher_kpp,safe_obs64_noise000,baseline,baseline,42,64,0.0,fisher_kpp_variant_robustness_fisher_v1_safe_obs64_noise000_baseline_seed42,0.0116400346159935,0.0188607699237763,0,0.953713419559475,0.956959130878764,0.9564765145950505,0.9522046105665531,0.9492134221975324,0.0173405669629573,0.0040600476786494,0.0001564025878906,4.135591166993528e-06,7.045991161417816e-05,0.0116400346159935,0.953713419559475,safe,reliable,safe,reliable,0,False,M3_order_constrained_piecewise,True,True
variant_robustness_fisher_v1,fisher_kpp,safe_obs64_noise000,baseline,baseline,43,64,0.0,fisher_kpp_variant_robustness_fisher_v1_safe_obs64_noise000_baseline_seed43,0.0157233867794275,0.0188607699237763,0,0.853292672151485,0.8886172435559169,0.6516176949298037,0.9362245992680456,0.9367111508521736,0.0242071822285652,0.0087240254506468,0.0002889037132263,2.9104502746604904e-05,0.0002277126915143,0.0157233867794275,0.853292672151485,safe,critical,safe,reliable,0,False,M3_order_constrained_piecewise,True,False
variant_robustness_fisher_v1,fisher_kpp,edge_obs16_noise005,baseline,baseline,41,16,0.05,fisher_kpp_variant_robustness_fisher_v1_edge_obs16_noise005_baseline_seed41,0.0135655729100108,0.0188607699237763,0,0.891765473130284,0.9203312384962689,0.7511236476011104,0.9452076664751048,0.9503993399486516,0.0199658907949924,0.008001385256648,0.0001422762870788,2.471342661682802e-05,0.0005805668893491,0.0135655729100108,0.891765473130284,safe,critical,cross,critical,1,False,M3_order_constrained_piecewise,False,True
variant_robustness_fisher_v1,fisher_kpp,edge_obs16_noise005,baseline,baseline,42,16,0.05,fisher_kpp_variant_robustness_fisher_v1_edge_obs16_noise005_baseline_seed42,0.021828755736351,0.0188607699237763,1,0.9235912205880048,0.8955403418163286,0.9485497075219982,0.9029037909890324,0.9473710420246604,0.0229935515671968,0.0088396836072206,0.0001777410507202,6.1721873922943465e-06,0.0003838406426141,0.021828755736351,0.9235912205880048,cross,reliable,cross,critical,1,False,M3_order_constrained_piecewise,True,False
variant_robustness_fisher_v1,fisher_kpp,edge_obs16_noise005,baseline,baseline,43,16,0.05,fisher_kpp_variant_robustness_fisher_v1_edge_obs16_noise005_baseline_seed43,0.024307694286108,0.0188607699237763,1,0.7620970899697079,0.7194730588047383,0.558790932458064,0.8853940097133133,0.884730358902716,0.0352082848548889,0.0105993459001183,0.0006617903709411,3.267966808724846e-05,0.0005551224422019,0.024307694286108,0.7620970899697079,cross,critical,cross,critical,1,False,M3_order_constrained_piecewise,True,True
variant_robustness_fisher_v1,fisher_kpp,transition_obs128_noise020,baseline,baseline,41,128,0.2,fisher_kpp_variant_robustness_fisher_v1_transition_obs128_noise020_baseline_seed41,0.0185159798711538,0.0188607699237763,0,0.8546359525250519,0.8988445836412912,0.6506117060278757,0.9225601466374892,0.9465273737935516,0.0215892139822244,0.0092407818883657,0.0001872777938842,2.508225312241196e-05,0.0072578182571644,0.0185159798711538,0.8546359525250519,safe,critical,cross,critical,2,False,M3_order_constrained_piecewise,False,True
variant_robustness_fisher_v1,fisher_kpp,transition_obs128_noise020,baseline,baseline,42,128,0.2,fisher_kpp_variant_robustness_fisher_v1_transition_obs128_noise020_baseline_seed42,0.0223239753395319,0.0188607699237763,1,0.8710840961018993,0.8316426270272808,0.8405806302108852,0.8996083041442511,0.9125048230251798,0.0273597165942192,0.0109389070421457,0.0004876852035522,1.1743982812177376e-05,0.006033299499287,0.0223239753395319,0.8710840961018993,cross,critical,cross,critical,2,False,M3_order_constrained_piecewise,True,True
variant_robustness_fisher_v1,fisher_kpp,transition_obs128_noise020,baseline,baseline,43,128,0.2,fisher_kpp_variant_robustness_fisher_v1_transition_obs128_noise020_baseline_seed43,0.0231874734163284,0.0188607699237763,1,0.8101896178369722,0.7499050179449759,0.6762396243648773,0.8936240357216977,0.920989793316338,0.0310546290129423,0.0129790445789694,0.0004245042800903,2.4776865797200763e-05,0.0064100689768605,0.0231874734163284,0.8101896178369722,cross,critical,cross,critical,2,False,M3_order_constrained_piecewise,True,True
variant_robustness_fisher_v1,fisher_kpp,failure_obs16_noise030,baseline,baseline,41,16,0.3,fisher_kpp_variant_robustness_fisher_v1_failure_obs16_noise030_baseline_seed41,0.0461932495236396,0.0188607699237763,1,0.5410740111306614,0.56974009723224,0.3041469767782791,0.6005789985465216,0.6898299719656049,0.0359561927616596,0.0170392282307147,0.0013651847839355,3.6890041592082345e-05,0.0117547174252741,0.0461932495236396,0.5410740111306614,cross,unreliable,cross,unreliable,3,False,M3_order_constrained_piecewise,True,True
variant_robustness_fisher_v1,fisher_kpp,failure_obs16_noise030,baseline,baseline,42,16,0.3,fisher_kpp_variant_robustness_fisher_v1_failure_obs16_noise030_baseline_seed42,0.1130756437778472,0.0188607699237763,1,0.1309960687750727,0.0149044200098692,0.4632441633234443,0.0100135881662795,0.0358221036006977,0.0579703599214553,0.0422258488833904,0.0036888718605041,3.263967389222225e-05,0.0085361020066421,0.1130756437778472,0.1309960687750727,cross,unreliable,cross,unreliable,3,False,M3_order_constrained_piecewise,True,True
variant_robustness_fisher_v1,fisher_kpp,failure_obs16_noise030,baseline,baseline,43,16,0.3,fisher_kpp_variant_robustness_fisher_v1_failure_obs16_noise030_baseline_seed43,0.0670446455478668,0.0188607699237763,1,0.0620359298722757,0.0023341346401578,0.0055054549500411,0.2402262699430659,7.78599558379515e-05,0.1065356731414794,0.0276071950793266,0.0071913003921508,9.63452234114728e-05,0.0120391739515247,0.0670446455478668,0.0620359298722757,cross,unreliable,cross,unreliable,3,False,M3_order_constrained_piecewise,True,True
variant_robustness_fisher_v1,fisher_kpp,safe_obs64_noise000,capacity_v1,baseline,41,64,0.0,fisher_kpp_variant_robustness_fisher_v1_safe_obs64_noise000_capacity_v1_seed41,0.0092961816117167,0.0188607699237763,0,0.9573959769335506,0.9585740873855556,0.9586110013677668,0.9595784000924446,0.9528204188884356,0.0150780882686376,0.0049778749234974,0.0001124143600463,3.2124470757795114e-06,7.463864546603542e-05,0.012436400716384096,0.9079102793695893,safe,reliable,safe,reliable,0,False,M3_order_constrained_piecewise,True,True
variant_robustness_fisher_v1,fisher_kpp,safe_obs64_noise000,capacity_v1,baseline,42,64,0.0,fisher_kpp_variant_robustness_fisher_v1_safe_obs64_noise000_capacity_v1_seed42,0.0095778061076998,0.0188607699237763,0,0.9591551272437056,0.9675412039059108,0.9590530280565076,0.9587535564692768,0.9512727205431272,0.0123513787984848,0.0042348112910985,0.0001316666603088,2.780788996344636e-06,0.0001470645446606,0.012688668497053622,0.9088583359133279,safe,reliable,safe,reliable,0,False,M3_order_constrained_piecewise,True,True
variant_robustness_fisher_v1,fisher_kpp,safe_obs64_noise000,capacity_v1,baseline,43,64,0.0,fisher_kpp_variant_robustness_fisher_v1_safe_obs64_noise000_capacity_v1_seed43,0.0112195890396833,0.0188607699237763,0,0.9476080826479693,0.9552896451198256,0.9339786014397784,0.9536153890964056,0.9475486949358672,0.0149257937446236,0.0056059174239635,0.0001757144927978,1.000861664709144e-05,0.0001841173097503,0.01415931093938378,0.902635302482567,safe,reliable,safe,reliable,0,False,M3_order_constrained_piecewise,True,True
variant_robustness_fisher_v1,fisher_kpp,edge_obs16_noise005,capacity_v1,baseline,41,16,0.05,fisher_kpp_variant_robustness_fisher_v1_edge_obs16_noise005_capacity_v1_seed41,0.0123577639460563,0.0188607699237763,0,0.9516915730225102,0.9505398162896967,0.9533423291815604,0.9497017275420436,0.9531824190767402,0.0165401175618171,0.0057178987190127,0.0001078248023986,4.505642265519631e-06,0.0003907479747309,0.015178841774733033,0.90483601253476,safe,reliable,cross,critical,1,False,M3_order_constrained_piecewise,False,False
variant_robustness_fisher_v1,fisher_kpp,edge_obs16_noise005,capacity_v1,baseline,42,16,0.05,fisher_kpp_variant_robustness_fisher_v1_edge_obs16_noise005_capacity_v1_seed42,0.0175534933805465,0.0188607699237763,0,0.9401858788580096,0.9292925825407722,0.9497828393421714,0.9275485247674794,0.9541195687816162,0.0160406250506639,0.0084115909412503,9.578466415405272e-05,4.451149027325708e-06,0.0008783577576842,0.019832965091750282,0.8986352640370678,cross,critical,cross,critical,1,False,M3_order_constrained_piecewise,True,True
variant_robustness_fisher_v1,fisher_kpp,edge_obs16_noise005,capacity_v1,baseline,43,16,0.05,fisher_kpp_variant_robustness_fisher_v1_edge_obs16_noise005_capacity_v1_seed43,0.018251122906804,0.0188607699237763,0,0.908870940402897,0.8763687095838664,0.936729400165474,0.9239634005684888,0.8984222512937586,0.026910675689578,0.0075952284969389,0.0005812644958496,8.53933270041308e-06,0.0007779408495079,0.02045787327562174,0.8817587457840472,cross,critical,cross,critical,1,False,M3_order_constrained_piecewise,True,True
variant_robustness_fisher_v1,fisher_kpp,transition_obs128_noise020,capacity_v1,baseline,41,128,0.2,fisher_kpp_variant_robustness_fisher_v1_transition_obs128_noise020_capacity_v1_seed41,0.0166861433535814,0.0188607699237763,0,0.91921206617416,0.9309365667183334,0.8679690604499383,0.9317883676441906,0.9461542698841776,0.0191788524389266,0.0071950647979974,0.0001914501190185,4.733841771914064e-06,0.006039245896384,0.01905602817934736,0.8873318749819751,cross,critical,cross,critical,2,False,M3_order_constrained_piecewise,True,True
variant_robustness_fisher_v1,fisher_kpp,transition_obs128_noise020,capacity_v1,baseline,42,128,0.2,fisher_kpp_variant_robustness_fisher_v1_transition_obs128_noise020_capacity_v1_seed42,0.0220215413719415,0.0188607699237763,1,0.7695602598644466,0.8550304188527583,0.3973216510895432,0.9016325136211836,0.9242564558943016,0.025559140369296,0.0104975393041968,0.0003985166549682,5.991402303497908e-06,0.0165128571767371,0.023943146163215027,0.779411691419682,cross,critical,cross,critical,2,False,M3_order_constrained_piecewise,True,True
variant_robustness_fisher_v1,fisher_kpp,transition_obs128_noise020,capacity_v1,baseline,43,128,0.2,fisher_kpp_variant_robustness_fisher_v1_transition_obs128_noise020_capacity_v1_seed43,0.019008319824934,0.0188607699237763,1,0.8349072014026745,0.8313664607588503,0.6504662125374948,0.91988847085699,0.937907661457363,0.027954202145338,0.0105535732582211,0.0002773404121398,7.506355540863392e-06,0.0114332284491999,0.021136139508818735,0.8394931111940013,cross,critical,cross,critical,2,False,M3_order_constrained_piecewise,True,True
variant_robustness_fisher_v1,fisher_kpp,failure_obs16_noise030,capacity_v1,baseline,41,16,0.3,fisher_kpp_variant_robustness_fisher_v1_failure_obs16_noise030_capacity_v1_seed41,0.0485022403299808,0.0188607699237763,1,0.4918510963750716,0.3904063192198583,0.3462815395577073,0.5585319801774751,0.672184546545246,0.0443065948784351,0.0178202539682388,0.0014113187789916,3.722214334874093e-05,0.0096242393875396,0.04869007262480993,0.5240797595186396,cross,unreliable,cross,unreliable,3,False,M3_order_constrained_piecewise,True,True
variant_robustness_fisher_v1,fisher_kpp,failure_obs16_noise030,capacity_v1,baseline,42,16,0.3,fisher_kpp_variant_robustness_fisher_v1_failure_obs16_noise030_capacity_v1_seed42,0.1108401715755462,0.0188607699237763,1,0.0270129052013281,0.0141458094713772,2.388390798971267e-07,0.0118141334576463,0.0820914390372088,0.0637193992733955,0.0391753613948822,0.0031900405883789,0.0013081579175136,0.0207913632481645,0.10694654851113183,0.09669727100986944,cross,unreliable,cross,unreliable,3,False,M3_order_constrained_piecewise,True,True
variant_robustness_fisher_v1,fisher_kpp,failure_obs16_noise030,capacity_v1,baseline,43,16,0.3,fisher_kpp_variant_robustness_fisher_v1_failure_obs16_noise030_capacity_v1_seed43,0.0720294862985611,0.0188607699237763,1,0.0451022125129473,0.0012598407915129,0.0002952347713343,0.1788412688051276,1.250568381438471e-05,0.116138719022274,0.0268677473068237,0.0082297921180725,0.0001235094129602,0.0212754042145445,0.07067691771341184,0.11332897924950085,cross,unreliable,cross,unreliable,3,False,M3_order_constrained_piecewise,True,True
variant_robustness_fisher_v1,fisher_kpp,safe_obs64_noise000,weight_balanced_v2,baseline,41,64,0.0,fisher_kpp_variant_robustness_fisher_v1_safe_obs64_noise000_weight_balanced_v2_seed41,0.0175723042339086,0.0188607699237763,0,0.7577615823227999,0.9096885570185916,0.2587217390485377,0.9274539330702574,0.9351821001538132,0.0195216108113527,0.0091340960934758,0.0003033876419067,4.622010217618678e-05,0.0003001162557466,0.016958458373049667,0.7009000609019818,safe,critical,safe,reliable,0,False,M3_order_constrained_piecewise,True,False
variant_robustness_fisher_v1,fisher_kpp,safe_obs64_noise000,weight_balanced_v2,baseline,42,64,0.0,fisher_kpp_variant_robustness_fisher_v1_safe_obs64_noise000_weight_balanced_v2_seed42,0.0135116158053278,0.0188607699237763,0,0.9525068968501356,0.9634049868335424,0.9563882906949124,0.945416266828417,0.94481804304367,0.0153241707012057,0.0038529534358531,0.000206172466278,4.149341324711493e-06,7.866995716971045e-05,0.003559123889166467,1.0,safe,reliable,safe,reliable,0,False,M3_order_constrained_piecewise,True,True
variant_robustness_fisher_v1,fisher_kpp,safe_obs64_noise000,weight_balanced_v2,baseline,43,64,0.0,fisher_kpp_variant_robustness_fisher_v1_safe_obs64_noise000_weight_balanced_v2_seed43,0.0181203242391347,0.0188607699237763,0,0.8306225116044971,0.913145521815842,0.5601176290450328,0.9246477524752484,0.924579143081865,0.0210267193615436,0.0082281278446316,0.0003958940505981,3.267774215502625e-05,0.0002508992333944,0.018766797890605383,0.8477955007847342,safe,critical,safe,reliable,0,False,M3_order_constrained_piecewise,True,False
variant_robustness_fisher_v1,fisher_kpp,edge_obs16_noise005,weight_balanced_v2,baseline,41,16,0.05,fisher_kpp_variant_robustness_fisher_v1_edge_obs16_noise005_weight_balanced_v2_seed41,0.0150352986529469,0.0188607699237763,0,0.7720175790631045,0.9168283652927158,0.28510974325761,0.9392288926020368,0.946903315100055,0.0192729923874139,0.0086078429594635,0.0001830458641052,4.467563895633079e-05,0.0004769150765103,0.008586925573951083,0.7294257985244464,safe,critical,cross,critical,1,False,M3_order_constrained_piecewise,False,True
variant_robustness_fisher_v1,fisher_kpp,edge_obs16_noise005,weight_balanced_v2,baseline,42,16,0.05,fisher_kpp_variant_robustness_fisher_v1_edge_obs16_noise005_weight_balanced_v2_seed42,0.0153215629979968,0.0188607699237763,0,0.9453967981401704,0.9432036024469936,0.9496288425952693,0.937995442865577,0.950759304652842,0.0170835722237825,0.006557916291058,0.0001379251480102,6.113661797140026e-06,0.0002559334946263,0.00953153183409549,1.0,safe,reliable,cross,critical,1,False,M3_order_constrained_piecewise,False,False
variant_robustness_fisher_v1,fisher_kpp,edge_obs16_noise005,weight_balanced_v2,baseline,43,16,0.05,fisher_kpp_variant_robustness_fisher_v1_edge_obs16_noise005_weight_balanced_v2_seed43,0.022112775593996,0.0188607699237763,1,0.8193394081355461,0.8813998988349213,0.5989981457768813,0.9010257376720606,0.8959338502583211,0.0249173026531934,0.0088872406631708,0.0005965828895568,3.1141203296377554e-05,0.0004425673209364,0.027772088502630157,0.8241150794302965,cross,critical,cross,critical,1,False,M3_order_constrained_piecewise,True,True
variant_robustness_fisher_v1,fisher_kpp,transition_obs128_noise020,weight_balanced_v2,baseline,41,128,0.2,fisher_kpp_variant_robustness_fisher_v1_transition_obs128_noise020_weight_balanced_v2_seed41,0.0215912293642759,0.0188607699237763,1,0.713514143505837,0.8955250465005695,0.1329010716993552,0.9044499232489772,0.9211805325744457,0.0200866088271141,0.0100213261321187,0.0004230141639709,5.565571245895478e-05,0.0037294609335282,0.026728048402721975,0.6123625245128026,cross,unreliable,cross,critical,2,False,M3_order_constrained_piecewise,True,False
variant_robustness_fisher_v1,fisher_kpp,transition_obs128_noise020,weight_balanced_v2,baseline,42,128,0.2,fisher_kpp_variant_robustness_fisher_v1_transition_obs128_noise020_weight_balanced_v2_seed42,0.0152746867388486,0.0188607699237763,0,0.9342519082627936,0.9353880914953212,0.9201100552312056,0.9381990110832532,0.9433104752413944,0.0192133262753486,0.0066185519099235,0.0002223849296569,6.089751421371727e-06,0.0031874190920994,0.009376850999373222,1.0,safe,reliable,cross,critical,2,False,M3_order_constrained_piecewise,False,False
variant_robustness_fisher_v1,fisher_kpp,transition_obs128_noise020,weight_balanced_v2,baseline,43,128,0.2,fisher_kpp_variant_robustness_fisher_v1_transition_obs128_noise020_weight_balanced_v2_seed43,0.0198367461562156,0.0188607699237763,1,0.8420190735619114,0.8792304046994979,0.6494529656543049,0.91520262815406,0.9241902957397828,0.02396697178483,0.0096442950889468,0.0003990530967712,2.8321794133351603e-05,0.0032283504449947,0.02321589412099403,0.8887145535294875,cross,critical,cross,critical,2,False,M3_order_constrained_piecewise,True,True
variant_robustness_fisher_v1,fisher_kpp,failure_obs16_noise030,weight_balanced_v2,baseline,41,16,0.3,fisher_kpp_variant_robustness_fisher_v1_failure_obs16_noise030_weight_balanced_v2_seed41,0.02696412242949,0.0188607699237763,1,0.6941190998623347,0.8743393454877059,0.1121774524665228,0.8636424756975614,0.9263171257975484,0.0222474262118339,0.0107171656563878,0.000381588935852,5.7304231595551885e-05,0.0061702583060588,0.037483596986809344,0.5735537385521111,cross,unreliable,cross,unreliable,3,False,M3_order_constrained_piecewise,True,True
variant_robustness_fisher_v1,fisher_kpp,failure_obs16_noise030,weight_balanced_v2,baseline,42,16,0.3,fisher_kpp_variant_robustness_fisher_v1_failure_obs16_noise030_weight_balanced_v2_seed42,0.0673298314213752,0.0188607699237763,1,0.4593977507390364,0.3174447169641355,0.727631573665909,0.2363553300611883,0.5561593822649126,0.0304377377033233,0.0261810328811407,0.0016909837722778,2.3388486639346835e-05,0.0051074977834335,0.11828835876482058,0.10388474651647917,cross,unreliable,cross,unreliable,3,False,M3_order_constrained_piecewise,True,True
variant_robustness_fisher_v1,fisher_kpp,failure_obs16_noise030,weight_balanced_v2,baseline,43,16,0.3,fisher_kpp_variant_robustness_fisher_v1_failure_obs16_noise030_weight_balanced_v2_seed43,0.0434781126677989,0.0188607699237763,1,0.4358005148296106,0.3165861264033009,0.64249031457012,0.6481512432559583,0.1359743750890628,0.0507562085986137,0.0144183216616511,0.0028691291809082,2.565164391779596e-05,0.0071495699782233,0.07054158309772374,0.0566675247094196,cross,unreliable,cross,unreliable,3,False,M3_order_constrained_piecewise,True,True
variant_robustness_v1,burgers,safe_obs64_noise005,baseline,baseline,41,64,0.05,burgers_variant_robustness_v1_safe_obs64_noise005_baseline_seed41,0.0283857509493827,0.0259927008301019,1,0.8846760366984974,0.7340267001372139,0.942013044215642,0.9198435419498292,0.942820860491304,0.0664348602294921,0.0206496212631464,0.0011206269264221,1.6177965922197862e-05,0.0028684602336142,0.0283857509493827,0.8846760366984974,cross,critical,safe,critical,0,False,M3_order_constrained_piecewise,False,True
variant_robustness_v1,burgers,safe_obs64_noise005,baseline,baseline,42,64,0.05,burgers_variant_robustness_v1_safe_obs64_noise005_baseline_seed42,0.0201235525310039,0.0259927008301019,0,0.9513739846285544,0.9589056071174806,0.947187959078681,0.955206592370799,0.944195779947257,0.0617731139063835,0.0146148931235075,0.0010572671890258,0.0002165250809333,0.0017685289318926,0.0201235525310039,0.9513739846285544,safe,reliable,safe,critical,0,False,M3_order_constrained_piecewise,True,False
variant_robustness_v1,burgers,safe_obs64_noise005,baseline,baseline,43,64,0.05,burgers_variant_robustness_v1_safe_obs64_noise005_baseline_seed43,0.0250421091914176,0.0259927008301019,0,0.7706202210125238,0.2940910640631924,0.929533749956702,0.9364927454446922,0.9223633245855084,0.0811778604984283,0.0244276914745569,0.0019257068634033,0.0003591127589948,0.0030599904364892,0.0250421091914176,0.7706202210125238,safe,critical,safe,critical,0,False,M3_order_constrained_piecewise,True,True
variant_robustness_v1,burgers,transition_obs48_noise010,baseline,baseline,41,48,0.1,burgers_variant_robustness_v1_transition_obs48_noise010_baseline_seed41,0.0478897504508495,0.0259927008301019,1,0.7624604042398666,0.6518231466494512,0.8693748474598595,0.7266066348420664,0.8020369880080895,0.07028079777956,0.0213832017034292,0.0045680403709411,0.0003414861940112,0.0061722068245269,0.0478897504508495,0.7624604042398666,cross,critical,cross,critical,1,False,M3_order_constrained_piecewise,True,True
variant_robustness_v1,burgers,transition_obs48_noise010,baseline,baseline,42,48,0.1,burgers_variant_robustness_v1_transition_obs48_noise010_baseline_seed42,0.0353032574057579,0.0259927008301019,1,0.7802043516765249,0.8031716151404633,0.5260307031724669,0.8722975939441966,0.9193174944489728,0.0682433247566223,0.0192832984030246,0.0020283460617065,0.0032556518807258,0.0050556024199961,0.0353032574057579,0.7802043516765249,cross,critical,cross,critical,1,False,M3_order_constrained_piecewise,True,True
variant_robustness_v1,burgers,transition_obs48_noise010,baseline,baseline,43,48,0.1,burgers_variant_robustness_v1_transition_obs48_noise010_baseline_seed43,0.0240208953619003,0.0259927008301019,0,0.7754460833543046,0.3498513200017751,0.8854532018893271,0.9408983367091198,0.9255814748169966,0.0842035412788391,0.0223886910825967,0.0018131732940673,0.0005115998935662,0.0053077439194378,0.0240208953619003,0.7754460833543046,safe,critical,cross,critical,1,False,M3_order_constrained_piecewise,False,True
variant_robustness_v1,burgers,seed_sensitive_obs32_noise010,baseline,baseline,41,32,0.1,burgers_variant_robustness_v1_seed_sensitive_obs32_noise010_baseline_seed41,0.0318551547825336,0.0259927008301019,1,0.6087826673498606,0.6339245958201716,0.0148611180827198,0.8984415195418407,0.8879034359547104,0.0677852928638458,0.0218578390777111,0.0029214024543762,0.0094975575178509,0.0075000304277304,0.0318551547825336,0.6087826673498606,cross,unreliable,cross,unreliable,2,False,M3_order_constrained_piecewise,True,True
variant_robustness_v1,burgers,seed_sensitive_obs32_noise010,baseline,baseline,42,32,0.1,burgers_variant_robustness_v1_seed_sensitive_obs32_noise010_baseline_seed42,0.0325656235218048,0.0259927008301019,1,0.9082281221603518,0.9189629885555216,0.9240773671658572,0.8934754614849572,0.8963966714350712,0.0666037574410438,0.0158490724861621,0.0027045011520385,0.000302048541347,0.0036222866686368,0.0325656235218048,0.9082281221603518,cross,reliable,cross,unreliable,2,False,M3_order_constrained_piecewise,True,False
variant_robustness_v1,burgers,seed_sensitive_obs32_noise010,baseline,baseline,43,32,0.1,burgers_variant_robustness_v1_seed_sensitive_obs32_noise010_baseline_seed43,0.1055488884449005,0.0259927008301019,1,0.0588608111709369,0.0007998474517097,0.2006008732917779,0.0339996911676642,4.2832772595765066e-05,0.1093872711062431,0.0408943891525268,0.0327081680297851,0.0048746677959671,0.009028355845208,0.1055488884449005,0.0588608111709369,cross,unreliable,cross,unreliable,2,False,M3_order_constrained_piecewise,True,True
variant_robustness_v1,burgers,failure_obs32_noise0175,baseline,baseline,41,32,0.175,burgers_variant_robustness_v1_failure_obs32_noise0175_baseline_seed41,0.0607360862195491,0.0259927008301019,1,0.3568527099751537,0.4610482875243203,0.2289277154449255,0.5035078470894507,0.2339269898419183,0.0821794047951698,0.0210888851433992,0.0109179019927978,0.0038021908609213,0.0133604196694669,0.0607360862195491,0.3568527099751537,cross,unreliable,cross,unreliable,3,False,M3_order_constrained_piecewise,True,True
variant_robustness_v1,burgers,failure_obs32_noise0175,baseline,baseline,42,32,0.175,burgers_variant_robustness_v1_failure_obs32_noise0175_baseline_seed42,0.0945163369178772,0.0259927008301019,1,0.2006402344844678,0.1253797194549556,0.5685592266467587,0.074509318453089,0.034112673383068,0.0831736177206039,0.0280003733932971,0.0162159800529479,0.0021596927582576,0.0102260899725839,0.0945163369178772,0.2006402344844678,cross,unreliable,cross,unreliable,3,False,M3_order_constrained_piecewise,True,True
variant_robustness_v1,burgers,failure_obs32_noise0175,baseline,baseline,43,32,0.175,burgers_variant_robustness_v1_failure_obs32_noise0175_baseline_seed43,0.1005407348275184,0.0259927008301019,1,0.0131929133492922,0.0038806809202999,0.0001410729340244,0.0487433956838884,6.503858956192635e-06,0.1072512194514274,0.0349249243736267,0.0373377799987793,0.0160892632588837,0.0153154352388484,0.1005407348275184,0.0131929133492922,cross,unreliable,cross,unreliable,3,False,M3_order_constrained_piecewise,True,True
variant_robustness_v1,burgers,safe_obs64_noise005,capacity_v1,baseline,41,64,0.05,burgers_variant_robustness_v1_safe_obs64_noise005_capacity_v1_seed41,0.0610530190169811,0.0259927008301019,1,0.5608287882185182,0.2108130743107092,0.7284261456276419,0.497565638734941,0.8065102942007806,0.0653783679008483,0.0278347190469503,0.0044982433319091,0.0023371188390781,0.0036128729038016,0.08779841492042481,0.5365704591706162,cross,unreliable,safe,critical,0,False,M3_order_constrained_piecewise,False,False
variant_robustness_v1,burgers,safe_obs64_noise005,capacity_v1,baseline,42,64,0.05,burgers_variant_robustness_v1_safe_obs64_noise005_capacity_v1_seed42,0.0218498576432466,0.0259927008301019,0,0.9433595466119724,0.91950099699709,0.950408662014248,0.9493288355426313,0.95419969189392,0.064913272857666,0.0164824854582548,0.0005461573600769,0.0001097745033098,0.0017563391547858,-0.007637977328992913,1.0,safe,reliable,safe,critical,0,False,M3_order_constrained_piecewise,True,False
variant_robustness_v1,burgers,safe_obs64_noise005,capacity_v1,baseline,43,64,0.05,burgers_variant_robustness_v1_safe_obs64_noise005_capacity_v1_seed43,0.0337311923503875,0.0259927008301019,1,0.6587462421528149,0.6813722267893008,0.1720405539674566,0.8848649099674198,0.8967072778870822,0.0654263868927955,0.0214251447468996,0.0026962757110595,0.0054586601485898,0.0049220013668114,0.02128600940634784,0.6689847752924057,safe,unreliable,safe,critical,0,False,M3_order_constrained_piecewise,True,False
variant_robustness_v1,burgers,transition_obs48_noise010,capacity_v1,baseline,41,48,0.1,burgers_variant_robustness_v1_transition_obs48_noise010_capacity_v1_seed41,0.032485943287611,0.0259927008301019,1,0.8985401975061014,0.9072300188191236,0.8513841052155933,0.8940428857781522,0.941503780211536,0.0679153800010681,0.015908271074295,0.0011799931526184,0.0010151868864489,0.0056420161777608,0.01825456822051072,0.9932594712985978,safe,reliable,cross,critical,1,False,M3_order_constrained_piecewise,False,False
variant_robustness_v1,burgers,transition_obs48_noise010,capacity_v1,baseline,42,48,0.1,burgers_variant_robustness_v1_transition_obs48_noise010_capacity_v1_seed42,0.0330768749117851,0.0259927008301019,1,0.8962496265824837,0.8715336036759916,0.889252697996323,0.8897706924917996,0.9344415121658204,0.0658354610204696,0.0180858857929706,0.0014784336090087,0.0008260329640943,0.0043678134349712,0.019693135425324193,0.9901619195323643,safe,reliable,cross,critical,1,False,M3_order_constrained_piecewise,False,False
variant_robustness_v1,burgers,transition_obs48_noise010,capacity_v1,baseline,43,48,0.1,burgers_variant_robustness_v1_transition_obs48_noise010_capacity_v1_seed43,0.0419817306101322,0.0259927008301019,1,0.6683230388575507,0.8322787748626606,0.1105508370820472,0.805426162194778,0.9250363812907172,0.0684734806418418,0.0185932274907827,0.0018325448036193,0.0060242116876847,0.0080965005541133,0.041371165246697233,0.6819355306005035,cross,unreliable,cross,critical,1,False,M3_order_constrained_piecewise,True,False
variant_robustness_v1,burgers,seed_sensitive_obs32_noise010,capacity_v1,baseline,41,32,0.1,burgers_variant_robustness_v1_seed_sensitive_obs32_noise010_capacity_v1_seed41,0.0405193157494068,0.0259927008301019,1,0.8762918107667023,0.9206764716193736,0.8947279235875539,0.8220410088426072,0.8677218390172742,0.0651493966579437,0.0163448713719844,0.0033844709396362,0.0002410957032862,0.0053142930360166,0.03781105444468741,0.9631728544949438,cross,reliable,cross,unreliable,2,False,M3_order_constrained_piecewise,True,False
variant_robustness_v1,burgers,seed_sensitive_obs32_noise010,capacity_v1,baseline,42,32,0.1,burgers_variant_robustness_v1_seed_sensitive_obs32_noise010_capacity_v1_seed42,0.0471949502825737,0.0259927008301019,1,0.8313482353330416,0.8421716936818638,0.9166440573356732,0.7368348132657855,0.8297423770488437,0.0680306851863861,0.0184419974684715,0.0041143298149108,0.0002848640311482,0.0041382963026863,0.05406225596763195,0.9023954081255814,cross,reliable,cross,unreliable,2,False,M3_order_constrained_piecewise,True,False
variant_robustness_v1,burgers,seed_sensitive_obs32_noise010,capacity_v1,baseline,43,32,0.1,burgers_variant_robustness_v1_seed_sensitive_obs32_noise010_capacity_v1_seed43,0.0406409353017807,0.0259927008301019,1,0.729729331143228,0.6756268871710188,0.6790906275415763,0.8207027575793528,0.7434970522809641,0.0748448446393013,0.0200857780873775,0.005390465259552,0.002021411008252,0.0080394582482515,0.03810712575370512,0.7649756002906191,cross,critical,cross,unreliable,2,False,M3_order_constrained_piecewise,True,False
variant_robustness_v1,burgers,failure_obs32_noise0175,capacity_v1,baseline,41,32,0.175,burgers_variant_robustness_v1_failure_obs32_noise0175_capacity_v1_seed41,0.0751214548945427,0.0259927008301019,1,0.1634491882832095,0.0058121362298295,0.2163639014919622,0.2563867843468455,0.1752339310642007,0.0993735939264297,0.0360726937651634,0.0118087530136108,0.0031272163615184,0.0158533028413094,0.1220466928066643,0.0,cross,unreliable,cross,unreliable,3,False,M3_order_constrained_piecewise,True,True
variant_robustness_v1,burgers,failure_obs32_noise0175,capacity_v1,baseline,42,32,0.175,burgers_variant_robustness_v1_failure_obs32_noise0175_capacity_v1_seed42,0.0561589486896991,0.0259927008301019,1,0.3239450801149006,0.0522230622673643,0.0012401821390066,0.5883879190579089,0.6539291569953225,0.0881141424179077,0.0304611716419458,0.0064413547515869,0.0132512323482551,0.0112800397381855,0.07588426312542054,0.21623130666383736,cross,unreliable,cross,unreliable,3,False,M3_order_constrained_piecewise,True,True
variant_robustness_v1,burgers,failure_obs32_noise0175,capacity_v1,baseline,43,32,0.175,burgers_variant_robustness_v1_failure_obs32_noise0175_capacity_v1_seed43,0.0487558841705322,0.0259927008301019,1,0.4267557377590522,0.4479565135068966,0.2040086322500003,0.7135146982508658,0.3415431070284457,0.0842323005199432,0.0201705675572156,0.0096165537834167,0.0012368456200979,0.018954138196823,0.05786220203285983,0.35526272930598035,cross,unreliable,cross,unreliable,3,False,M3_order_constrained_piecewise,True,True
variant_robustness_v1,burgers,safe_obs64_noise005,weight_balanced_v2,baseline,41,64,0.05,burgers_variant_robustness_v1_safe_obs64_noise005_weight_balanced_v2_seed41,0.0308563373982906,0.0259927008301019,1,0.9403326193200616,0.9762468240165074,0.949807044296252,0.9050754156133344,0.9302011933541522,0.0527085736393928,0.0145510667935013,0.0016435384750366,8.70310961961517e-05,0.0019029556322076,0.05963323129211448,0.8036718140544645,cross,critical,safe,critical,0,False,M3_order_constrained_piecewise,False,True
variant_robustness_v1,burgers,safe_obs64_noise005,weight_balanced_v2,baseline,42,64,0.05,burgers_variant_robustness_v1_safe_obs64_noise005_weight_balanced_v2_seed42,0.019959382712841,0.0259927008301019,0,0.9581450810276356,0.9864752012045536,0.9509344510677832,0.9557304560624312,0.939440215775774,0.0519410446286201,0.0130158178508281,0.0012705326080322,0.0001544613561348,0.0015279889962446,0.00909752705240198,1.0,safe,reliable,safe,critical,0,False,M3_order_constrained_piecewise,True,False
variant_robustness_v1,burgers,safe_obs64_noise005,weight_balanced_v2,baseline,43,64,0.05,burgers_variant_robustness_v1_safe_obs64_noise005_weight_balanced_v2_seed43,0.0231935884803533,0.0259927008301019,0,0.9293835729129104,0.9062670924198692,0.9376468435817402,0.9442557037391424,0.92936465191089,0.0638808459043502,0.0173045899718999,0.001675009727478,0.0003805042041612,0.0022269133498603,0.024096475917961144,0.6964363402107292,safe,unreliable,safe,critical,0,False,M3_order_constrained_piecewise,True,False
variant_robustness_v1,burgers,transition_obs48_noise010,weight_balanced_v2,baseline,41,48,0.1,burgers_variant_robustness_v1_transition_obs48_noise010_weight_balanced_v2_seed41,0.0239615738391876,0.0259927008301019,0,0.9485812559916244,0.9774663943712024,0.9261673026119496,0.9411452527037116,0.949546074279634,0.0542428195476532,0.0142307635396718,0.000795841217041,0.0001829809046181,0.0037330680188346,0.02765808391531316,1.0,cross,reliable,cross,critical,1,False,M3_order_constrained_piecewise,True,False
variant_robustness_v1,burgers,transition_obs48_noise010,weight_balanced_v2,baseline,42,48,0.1,burgers_variant_robustness_v1_transition_obs48_noise010_weight_balanced_v2_seed42,0.0234304275363683,0.0259927008301019,0,0.9492555579607344,0.9874559407348522,0.9396054063211622,0.9433133395439858,0.926647545242938,0.0510550700128078,0.0129195805639028,0.0017749071121215,0.0001456963623499,0.0027787554251142,0.02519484044572856,1.0,safe,reliable,cross,critical,1,False,M3_order_constrained_piecewise,False,False
variant_robustness_v1,burgers,transition_obs48_noise010,weight_balanced_v2,baseline,43,48,0.1,burgers_variant_robustness_v1_transition_obs48_noise010_weight_balanced_v2_seed43,0.0255630649626255,0.0259927008301019,0,0.9199020241810736,0.913371851134838,0.8902249757029589,0.9341290636523344,0.9418822062341636,0.0645743757486343,0.0168694052845239,0.0011630654335021,0.0010601123839842,0.003292927266896,0.03508515726679267,0.6231165200351211,cross,unreliable,cross,critical,1,False,M3_order_constrained_piecewise,True,False
variant_robustness_v1,burgers,seed_sensitive_obs32_noise010,weight_balanced_v2,baseline,41,32,0.1,burgers_variant_robustness_v1_seed_sensitive_obs32_noise010_weight_balanced_v2_seed41,0.0412515811622142,0.0259927008301019,1,0.8945604902419664,0.9451540978434692,0.9268493261012618,0.8138645220663175,0.8923740149568168,0.0527128316462039,0.0167190954089164,0.0028091073036193,0.0001990769557773,0.0036544883523728,0.10784220155192649,0.42715310056224964,cross,unreliable,cross,unreliable,2,False,M3_order_constrained_piecewise,True,True
variant_robustness_v1,burgers,seed_sensitive_obs32_noise010,weight_balanced_v2,baseline,42,32,0.1,burgers_variant_robustness_v1_seed_sensitive_obs32_noise010_weight_balanced_v2_seed42,0.0267102494835853,0.0259927008301019,1,0.9369989807539152,0.9594198260547336,0.9368114620828828,0.928633224428958,0.9231314104490864,0.0555738285183906,0.0157703161239624,0.001899242401123,0.0003084140652939,0.0025692723276271,0.04040533885266376,0.7553254889414153,cross,critical,cross,unreliable,2,False,M3_order_constrained_piecewise,True,False
variant_robustness_v1,burgers,seed_sensitive_obs32_noise010,weight_balanced_v2,baseline,43,32,0.1,burgers_variant_robustness_v1_seed_sensitive_obs32_noise010_weight_balanced_v2_seed43,0.0712245032191276,0.0259927008301019,1,0.3529879672630929,0.0257289007164251,0.3996557055661356,0.3159228760088801,0.6706443867609307,0.0849528163671493,0.0344143696129322,0.0062577724456787,0.0038497378181699,0.0055654370487947,0.24684458964946265,0.0,cross,unreliable,cross,unreliable,2,False,M3_order_constrained_piecewise,True,True
variant_robustness_v1,burgers,failure_obs32_noise0175,weight_balanced_v2,baseline,41,32,0.175,burgers_variant_robustness_v1_failure_obs32_noise0175_weight_balanced_v2_seed41,0.0340758301317691,0.0259927008301019,1,0.8932263819653723,0.968032894911615,0.8163854750314613,0.8822053410423955,0.9062818168760172,0.0523739196360111,0.0153625821694731,0.0024312734603881,0.0003107898621049,0.0077350268742794,0.07456394700833387,0.4168365814258534,cross,unreliable,cross,unreliable,3,False,M3_order_constrained_piecewise,True,True
variant_robustness_v1,burgers,failure_obs32_noise0175,weight_balanced_v2,baseline,42,32,0.175,burgers_variant_robustness_v1_failure_obs32_noise0175_weight_balanced_v2_seed42,0.0375223755836486,0.0259927008301019,1,0.8865617264966814,0.981338981129945,0.9035081694151498,0.8525823278387429,0.8088174276028879,0.0553814582526683,0.0134125528857111,0.0044617652893066,0.0001459670644813,0.0050438097004954,0.09054764214450599,0.36529950090059893,cross,unreliable,cross,unreliable,3,False,M3_order_constrained_piecewise,True,True
variant_robustness_v1,burgers,failure_obs32_noise0175,weight_balanced_v2,baseline,43,32,0.175,burgers_variant_robustness_v1_failure_obs32_noise0175_weight_balanced_v2_seed43,0.0375512540340423,0.0259927008301019,1,0.8119777925136462,0.8679565716058739,0.81604666566822,0.8523099086774802,0.7115980241030105,0.066065102815628,0.018145577982068,0.0057860612869262,0.0004677038405894,0.0076165242307662,0.09068156881210478,0.0,cross,unreliable,cross,unreliable,3,False,M3_order_constrained_piecewise,True,True
variant_robustness_v1,stokes_poiseuille,safe_obs64_noise000,baseline,baseline,41,64,0.0,stokes_poiseuille_variant_robustness_v1_safe_obs64_noise000_baseline_seed41,0.0131177576258778,0.0400393344461917,0,0.9961890946576673,0.999925813313484,0.9926012099309685,0.9971415935859312,0.9950877618002856,0.0628695040941238,0.0120579916983842,7.390975952148437e-06,0.0002023163694222,0.0004034311957288,0.0131177576258778,0.9961890946576673,safe,reliable,safe,reliable,0,False,M4_rel2_constrained_R,True,True
variant_robustness_v1,stokes_poiseuille,safe_obs64_noise000,baseline,baseline,42,64,0.0,stokes_poiseuille_variant_robustness_v1_safe_obs64_noise000_baseline_seed42,0.0266929063946008,0.0400393344461917,0,0.9200324081746254,0.9289770343417558,0.9481778412096424,0.942142599859675,0.860832157287428,0.1139220148324966,0.0268516112118959,5.418062210083008e-05,0.0007886190405517,0.001208804722077,0.0266929063946008,0.9127839695756244,safe,reliable,safe,reliable,0,False,M4_rel2_constrained_R,True,True
variant_robustness_v1,stokes_poiseuille,safe_obs64_noise000,baseline,baseline,43,64,0.0,stokes_poiseuille_variant_robustness_v1_safe_obs64_noise000_baseline_seed43,0.0236609857529401,0.0400393344461917,0,0.985109923146982,0.9952383438243664,0.979781247779289,0.969956382255129,0.9954637187291444,0.0730907544493675,0.0219088532030582,6.318092346191406e-06,0.000258214596664,0.0010677001371061,0.0236609857529401,0.9425388257946564,safe,reliable,safe,reliable,0,False,M4_rel2_constrained_R,True,True
variant_robustness_v1,stokes_poiseuille,critical_obs8_noise0125,baseline,baseline,41,8,0.125,stokes_poiseuille_variant_robustness_v1_critical_obs8_noise0125_baseline_seed41,0.0348131135106086,0.0400393344461917,0,0.9161014863243736,0.9996155432798786,0.9782000948506524,0.7225448577109456,0.9640454494560176,0.0779317170381546,0.0159348659217357,3.451108932495117e-05,0.0002067247255023,0.0011181169960647,0.0348131135106086,0.833093362939815,safe,critical,cross,reliable,1,False,M4_rel2_constrained_R,False,False
variant_robustness_v1,stokes_poiseuille,critical_obs8_noise0125,baseline,baseline,42,8,0.125,stokes_poiseuille_variant_robustness_v1_critical_obs8_noise0125_baseline_seed42,0.0408814772963523,0.0400393344461917,1,0.6917391097912322,0.5883025563188814,0.9164052241148116,0.3982524689563561,0.86399618977488,0.119698591530323,0.0331548117101192,5.382299423217773e-05,0.0007394019432407,0.0019535169870121,0.0408814772963523,0.6917391097912322,cross,unreliable,cross,reliable,1,False,M4_rel2_constrained_R,True,False
variant_robustness_v1,stokes_poiseuille,critical_obs8_noise0125,baseline,baseline,43,8,0.125,stokes_poiseuille_variant_robustness_v1_critical_obs8_noise0125_baseline_seed43,0.0409160852432251,0.0400393344461917,1,0.7719916637052413,0.9862340670226876,0.7357574819313666,0.3963817448530853,0.9695933610138254,0.0739053413271904,0.0244496148079633,3.218650817871094e-05,0.000223485554407,0.0030197673182142,0.0409160852432251,0.7354684798945583,cross,critical,cross,reliable,1,False,M4_rel2_constrained_R,True,False
variant_robustness_v1,stokes_poiseuille,failure_obs8_noise0175,baseline,baseline,41,8,0.175,stokes_poiseuille_variant_robustness_v1_failure_obs8_noise0175_baseline_seed41,0.0429847240447998,0.0400393344461917,1,0.7802391118371871,0.9988868793714748,0.9459719904822206,0.29161803209947,0.884479545395583,0.0805189833045005,0.0184531342238187,5.131959915161133e-05,0.0002008459876464,0.0017391901789693,0.0429847240447998,0.6770158865101705,cross,unreliable,cross,unreliable,2,False,M4_rel2_constrained_R,True,True
variant_robustness_v1,stokes_poiseuille,failure_obs8_noise0175,baseline,baseline,42,8,0.175,stokes_poiseuille_variant_robustness_v1_failure_obs8_noise0175_baseline_seed42,0.0485267154872417,0.0400393344461917,1,0.4307154767556631,0.1775227088329575,0.7340366464070337,0.1054025120123055,0.705900039770356,0.1238786727190017,0.0390997417271137,6.687641143798828e-05,0.0007315482920498,0.0029978181281756,0.0485267154872417,0.4307154767556631,cross,unreliable,cross,unreliable,2,False,M4_rel2_constrained_R,True,True
variant_robustness_v1,stokes_poiseuille,failure_obs8_noise0175,baseline,baseline,43,8,0.175,stokes_poiseuille_variant_robustness_v1_failure_obs8_noise0175_baseline_seed43,0.0478808581829071,0.0400393344461917,1,0.5251476653934115,0.9200643067512204,0.2291686393473037,0.1199618348458049,0.8313958806293167,0.0756488665938377,0.0288540516048669,5.7220458984375e-05,0.0002120993577802,0.0050021212719713,0.0478808581829071,0.5251476653934115,cross,unreliable,cross,unreliable,2,False,M4_rel2_constrained_R,True,True
variant_robustness_v1,stokes_poiseuille,safe_obs64_noise000,capacity_v1,baseline,41,64,0.0,stokes_poiseuille_variant_robustness_v1_safe_obs64_noise000_capacity_v1_seed41,0.012312757782638,0.0400393344461917,0,0.9957973942847684,0.9999468358691176,0.9922613878252288,0.9976154301786349,0.9933659232660932,0.0610299222171306,0.0112707996740937,1.1444091796875e-05,0.0001232656336654,0.0004329151173996,0.020051482607332458,0.9670836683473889,safe,reliable,safe,reliable,0,False,M4_rel2_constrained_R,True,True
variant_robustness_v1,stokes_poiseuille,safe_obs64_noise000,capacity_v1,baseline,42,64,0.0,stokes_poiseuille_variant_robustness_v1_safe_obs64_noise000_capacity_v1_seed42,0.0129143707454204,0.0400393344461917,0,0.9960578625609984,0.9998882702870062,0.992961983854354,0.997269512928207,0.9941116831744272,0.0578041039407253,0.0130265830084681,9.834766387939451e-06,0.0001397847073847,0.0003707130100488,0.02056847696965411,0.9676358044986122,safe,reliable,safe,reliable,0,False,M4_rel2_constrained_R,True,True
variant_robustness_v1,stokes_poiseuille,safe_obs64_noise000,capacity_v1,baseline,43,64,0.0,stokes_poiseuille_variant_robustness_v1_safe_obs64_noise000_capacity_v1_seed43,0.0155712869018316,0.0400393344461917,0,0.9955748643011404,0.9997675737562852,0.9917965848030812,0.995036997222352,0.995698301422843,0.0545189939439296,0.0147578790783882,5.602836608886719e-06,0.0001509257135945,0.0004711706528327,0.022851690196432146,0.950481142157332,safe,reliable,safe,reliable,0,False,M4_rel2_constrained_R,True,True
variant_robustness_v1,stokes_poiseuille,critical_obs8_noise0125,capacity_v1,baseline,41,8,0.125,stokes_poiseuille_variant_robustness_v1_critical_obs8_noise0125_capacity_v1_seed41,0.0350359678268432,0.0400393344461917,0,0.9195201112043232,0.9996725018895714,0.9821857467904264,0.7123475850471747,0.9838746110901208,0.052463062107563,0.0155684612691402,2.3484230041503903e-05,9.435479495306228e-05,0.0009832981698994,0.03960909207042319,0.7723995963503677,safe,critical,cross,reliable,1,False,M4_rel2_constrained_R,False,False
variant_robustness_v1,stokes_poiseuille,critical_obs8_noise0125,capacity_v1,baseline,42,8,0.125,stokes_poiseuille_variant_robustness_v1_critical_obs8_noise0125_capacity_v1_seed42,0.0330152660608291,0.0400393344461917,0,0.925517232754877,0.9657936162153044,0.9514391676911812,0.7962413607491216,0.9885947863639004,0.0673102810978889,0.0266749057918787,1.8775463104248047e-05,9.78095231366428e-05,0.0016643942716295,0.03784212331467598,0.8033670732844573,safe,critical,cross,reliable,1,False,M4_rel2_constrained_R,False,False
variant_robustness_v1,stokes_poiseuille,critical_obs8_noise0125,capacity_v1,baseline,43,8,0.125,stokes_poiseuille_variant_robustness_v1_critical_obs8_noise0125_capacity_v1_seed43,0.0345836915075778,0.0400393344461917,0,0.8963773902876941,0.9962558669099546,0.8900163507634075,0.7328067690894554,0.9664305743879597,0.0580081306397914,0.0213374681770801,3.355741500854492e-05,0.0001151211335158,0.002260066381666,0.03920370402104843,0.7758663199635984,safe,critical,cross,reliable,1,False,M4_rel2_constrained_R,False,False
variant_robustness_v1,stokes_poiseuille,failure_obs8_noise0175,capacity_v1,baseline,41,8,0.175,stokes_poiseuille_variant_robustness_v1_failure_obs8_noise0175_capacity_v1_seed41,0.0438158102333545,0.0400393344461917,1,0.7916579515629629,0.9990636584065036,0.9541905795039414,0.2544253182143241,0.9589522501270824,0.0547002404928207,0.0180527362972497,3.635883331298828e-05,8.296434349147737e-05,0.0016237581786713,0.04747871299767936,0.5500312680564137,cross,unreliable,cross,unreliable,2,False,M4_rel2_constrained_R,True,True
variant_robustness_v1,stokes_poiseuille,failure_obs8_noise0175,capacity_v1,baseline,42,8,0.175,stokes_poiseuille_variant_robustness_v1_failure_obs8_noise0175_capacity_v1_seed42,0.041911881417036,0.0400393344461917,1,0.6717582116914167,0.6116857090014757,0.74722535066738,0.3440369973687436,0.9840847897280676,0.0709811821579933,0.0341041274368763,2.330541610717773e-05,0.0001065243755621,0.0029752297724786,0.045772167781583654,0.5514587896837422,cross,unreliable,cross,unreliable,2,False,M4_rel2_constrained_R,True,True
variant_robustness_v1,stokes_poiseuille,failure_obs8_noise0175,capacity_v1,baseline,43,8,0.175,stokes_poiseuille_variant_robustness_v1_failure_obs8_noise0175_capacity_v1_seed43,0.0423238389194011,0.0400393344461917,1,0.6336614359239197,0.9649618006058618,0.4491188156044793,0.3233649607320991,0.7972001667532382,0.0597622580826282,0.0267347544431686,6.026029586791992e-05,0.0001085427952897,0.0040188530868044,0.04614141693568558,0.5133979107550755,cross,unreliable,cross,unreliable,2,False,M4_rel2_constrained_R,True,True
variant_robustness_v1,stokes_poiseuille,safe_obs64_noise000,weight_balanced_v2,baseline,41,64,0.0,stokes_poiseuille_variant_robustness_v1_safe_obs64_noise000_weight_balanced_v2_seed41,0.0136263091117143,0.0400393344461917,0,0.9965148227503016,0.9999791419284226,0.9933643618164438,0.9967949843004876,0.9959208029558522,0.0408230423927307,0.0090608559548854,4.887580871582031e-06,0.0001439800094894,0.0003321571382021,0.005796202434988053,1.0,safe,reliable,safe,reliable,0,False,M4_rel2_constrained_R,True,True
variant_robustness_v1,stokes_poiseuille,safe_obs64_noise000,weight_balanced_v2,baseline,42,64,0.0,stokes_poiseuille_variant_robustness_v1_safe_obs64_noise000_weight_balanced_v2_seed42,0.0267737116664648,0.0400393344461917,0,0.9781824269346364,0.9986087873212952,0.984742071426758,0.9411402291985176,0.988238619791974,0.0685941874980926,0.018989635631442,1.919269561767578e-05,0.0004932226872003,0.0008747480662903,0.027725911706723574,0.9026461961413982,safe,reliable,safe,reliable,0,False,M4_rel2_constrained_R,True,True
variant_robustness_v1,stokes_poiseuille,safe_obs64_noise000,weight_balanced_v2,baseline,43,64,0.0,stokes_poiseuille_variant_robustness_v1_safe_obs64_noise000_weight_balanced_v2_seed43,0.0281068291515111,0.0400393344461917,0,0.974247689707266,0.9991099031310884,0.9796485425045902,0.9220833851078392,0.9961489280855468,0.0579076148569583,0.0179328825324773,4.112720489501953e-06,0.0002241469656547,0.0010720996834562,0.02994953563170709,0.880823853806988,safe,critical,safe,reliable,0,False,M4_rel2_constrained_R,True,False
variant_robustness_v1,stokes_poiseuille,critical_obs8_noise0125,weight_balanced_v2,baseline,41,8,0.125,stokes_poiseuille_variant_robustness_v1_critical_obs8_noise0125_weight_balanced_v2_seed41,0.0272424258291721,0.0400393344461917,0,0.9784882679967346,0.9999482937225525,0.9865133688006504,0.9349980269779984,0.9924933824857372,0.0530376471579074,0.0112059032544493,1.3113021850585938e-05,0.0001873490807257,0.000798606206789,0.02850772129054909,0.8949736233709421,safe,critical,cross,reliable,1,False,M4_rel2_constrained_R,False,False
variant_robustness_v1,stokes_poiseuille,critical_obs8_noise0125,weight_balanced_v2,baseline,42,8,0.125,stokes_poiseuille_variant_robustness_v1_critical_obs8_noise0125_weight_balanced_v2_seed42,0.0348691269755363,0.0400393344461917,0,0.9173959397932134,0.9956374709527926,0.9623248284189267,0.7200028524804538,0.991618607320681,0.0718396678566932,0.021700644865632,1.4603137969970705e-05,0.0004705082794251,0.0014872223007729,0.0415431498181509,0.7177497990905483,cross,critical,cross,reliable,1,False,M4_rel2_constrained_R,True,False
variant_robustness_v1,stokes_poiseuille,critical_obs8_noise0125,weight_balanced_v2,baseline,43,8,0.125,stokes_poiseuille_variant_robustness_v1_critical_obs8_noise0125_weight_balanced_v2_seed43,0.0382534563541412,0.0400393344461917,0,0.8665745487630537,0.998972159952346,0.9279327267042252,0.5450022519055369,0.9943910564901066,0.0566225051879882,0.0182733498513698,9.179115295410156e-06,0.0001748626411251,0.0019448533032631,0.04794008339636233,0.536994532840348,cross,unreliable,cross,reliable,1,False,M4_rel2_constrained_R,True,False
variant_robustness_v1,stokes_poiseuille,failure_obs8_noise0175,weight_balanced_v2,baseline,41,8,0.175,stokes_poiseuille_variant_robustness_v1_failure_obs8_noise0175_weight_balanced_v2_seed41,0.032470129430294,0.0400393344461917,0,0.945474894664484,0.9999150619122836,0.9764117634312228,0.8154809442007555,0.9900918091136734,0.0542627461254596,0.0123787941411137,1.6868114471435547e-05,0.000182539885518,0.0011710147997205,0.03722746799747449,0.8093992168492626,safe,critical,cross,unreliable,2,False,M4_rel2_constrained_R,False,False
variant_robustness_v1,stokes_poiseuille,failure_obs8_noise0175,weight_balanced_v2,baseline,42,8,0.175,stokes_poiseuille_variant_robustness_v1_failure_obs8_noise0175_weight_balanced_v2_seed42,0.038152128458023,0.0400393344461917,0,0.8574004281823153,0.988882535387558,0.898543827936779,0.5506682866556695,0.9915070627492546,0.0731555894017219,0.0239352080971002,1.4781951904296877e-05,0.0004608688736403,0.0021978257693005,0.04774855717400769,0.5424064029015796,cross,unreliable,cross,unreliable,2,False,M4_rel2_constrained_R,True,True
variant_robustness_v1,stokes_poiseuille,failure_obs8_noise0175,weight_balanced_v2,baseline,43,8,0.175,stokes_poiseuille_variant_robustness_v1_failure_obs8_noise0175_weight_balanced_v2_seed43,0.0417954809963703,0.0400393344461917,1,0.7732364117802575,0.998120620687952,0.7530327748664029,0.3499909558382655,0.9918012957284096,0.0571698583662509,0.0197022818028926,1.430511474609375e-05,0.0001671337623975,0.0029522784511695,0.05463508669951831,0.28345592502621564,cross,unreliable,cross,unreliable,2,False,M4_rel2_constrained_R,True,True
variant_robustness_fisher_v1,fisher_kpp,safe_obs64_noise000,baseline,baseline,41,64,0.0,fisher_kpp_variant_robustness_fisher_v1_safe_obs64_noise000_baseline_seed41,0.0119209587574005,0.0188607699237763,0,0.9123978260545242,0.9243518814137408,0.8223154308545034,0.9512393730831752,0.951684618866678,0.0192983448505401,0.0078724799677729,0.0001266002655029,2.102337505798441e-05,0.0001811401349878,0.0119209587574005,0.9123978260545242,safe,reliable,safe,reliable,0,False,M4_rel2_constrained_R,True,True
variant_robustness_fisher_v1,fisher_kpp,safe_obs64_noise000,baseline,baseline,42,64,0.0,fisher_kpp_variant_robustness_fisher_v1_safe_obs64_noise000_baseline_seed42,0.0116400346159935,0.0188607699237763,0,0.953713419559475,0.956959130878764,0.9564765145950505,0.9522046105665531,0.9492134221975324,0.0173405669629573,0.0040600476786494,0.0001564025878906,4.135591166993528e-06,7.045991161417816e-05,0.0116400346159935,0.9172564520795486,safe,reliable,safe,reliable,0,False,M4_rel2_constrained_R,True,True
variant_robustness_fisher_v1,fisher_kpp,safe_obs64_noise000,baseline,baseline,43,64,0.0,fisher_kpp_variant_robustness_fisher_v1_safe_obs64_noise000_baseline_seed43,0.0157233867794275,0.0188607699237763,0,0.853292672151485,0.8886172435559169,0.6516176949298037,0.9362245992680456,0.9367111508521736,0.0242071822285652,0.0087240254506468,0.0002889037132263,2.9104502746604904e-05,0.0002277126915143,0.0157233867794275,0.853292672151485,safe,critical,safe,reliable,0,False,M4_rel2_constrained_R,True,False
variant_robustness_fisher_v1,fisher_kpp,edge_obs16_noise005,baseline,baseline,41,16,0.05,fisher_kpp_variant_robustness_fisher_v1_edge_obs16_noise005_baseline_seed41,0.0135655729100108,0.0188607699237763,0,0.891765473130284,0.9203312384962689,0.7511236476011104,0.9452076664751048,0.9503993399486516,0.0199658907949924,0.008001385256648,0.0001422762870788,2.471342661682802e-05,0.0005805668893491,0.0135655729100108,0.891765473130284,safe,critical,cross,critical,1,False,M4_rel2_constrained_R,False,True
variant_robustness_fisher_v1,fisher_kpp,edge_obs16_noise005,baseline,baseline,42,16,0.05,fisher_kpp_variant_robustness_fisher_v1_edge_obs16_noise005_baseline_seed42,0.021828755736351,0.0188607699237763,1,0.9235912205880048,0.8955403418163286,0.9485497075219982,0.9029037909890324,0.9473710420246604,0.0229935515671968,0.0088396836072206,0.0001777410507202,6.1721873922943465e-06,0.0003838406426141,0.021828755736351,0.8399042374273367,cross,critical,cross,critical,1,False,M4_rel2_constrained_R,True,True
variant_robustness_fisher_v1,fisher_kpp,edge_obs16_noise005,baseline,baseline,43,16,0.05,fisher_kpp_variant_robustness_fisher_v1_edge_obs16_noise005_baseline_seed43,0.024307694286108,0.0188607699237763,1,0.7620970899697079,0.7194730588047383,0.558790932458064,0.8853940097133133,0.884730358902716,0.0352082848548889,0.0105993459001183,0.0006617903709411,3.267966808724846e-05,0.0005551224422019,0.024307694286108,0.7620970899697079,cross,critical,cross,critical,1,False,M4_rel2_constrained_R,True,True
variant_robustness_fisher_v1,fisher_kpp,transition_obs128_noise020,baseline,baseline,41,128,0.2,fisher_kpp_variant_robustness_fisher_v1_transition_obs128_noise020_baseline_seed41,0.0185159798711538,0.0188607699237763,0,0.8546359525250519,0.8988445836412912,0.6506117060278757,0.9225601466374892,0.9465273737935516,0.0215892139822244,0.0092407818883657,0.0001872777938842,2.508225312241196e-05,0.0072578182571644,0.0185159798711538,0.8546359525250519,safe,critical,cross,critical,2,False,M4_rel2_constrained_R,False,True
variant_robustness_fisher_v1,fisher_kpp,transition_obs128_noise020,baseline,baseline,42,128,0.2,fisher_kpp_variant_robustness_fisher_v1_transition_obs128_noise020_baseline_seed42,0.0223239753395319,0.0188607699237763,1,0.8710840961018993,0.8316426270272808,0.8405806302108852,0.8996083041442511,0.9125048230251798,0.0273597165942192,0.0109389070421457,0.0004876852035522,1.1743982812177376e-05,0.006033299499287,0.0223239753395319,0.8344059942896374,cross,critical,cross,critical,2,False,M4_rel2_constrained_R,True,True
variant_robustness_fisher_v1,fisher_kpp,transition_obs128_noise020,baseline,baseline,43,128,0.2,fisher_kpp_variant_robustness_fisher_v1_transition_obs128_noise020_baseline_seed43,0.0231874734163284,0.0188607699237763,1,0.8101896178369722,0.7499050179449759,0.6762396243648773,0.8936240357216977,0.920989793316338,0.0310546290129423,0.0129790445789694,0.0004245042800903,2.4776865797200763e-05,0.0064100689768605,0.0231874734163284,0.8101896178369722,cross,critical,cross,critical,2,False,M4_rel2_constrained_R,True,True
variant_robustness_fisher_v1,fisher_kpp,failure_obs16_noise030,baseline,baseline,41,16,0.3,fisher_kpp_variant_robustness_fisher_v1_failure_obs16_noise030_baseline_seed41,0.0461932495236396,0.0188607699237763,1,0.5410740111306614,0.56974009723224,0.3041469767782791,0.6005789985465216,0.6898299719656049,0.0359561927616596,0.0170392282307147,0.0013651847839355,3.6890041592082345e-05,0.0117547174252741,0.0461932495236396,0.5410740111306614,cross,unreliable,cross,unreliable,3,False,M4_rel2_constrained_R,True,True
variant_robustness_fisher_v1,fisher_kpp,failure_obs16_noise030,baseline,baseline,42,16,0.3,fisher_kpp_variant_robustness_fisher_v1_failure_obs16_noise030_baseline_seed42,0.1130756437778472,0.0188607699237763,1,0.1309960687750727,0.0149044200098692,0.4632441633234443,0.0100135881662795,0.0358221036006977,0.0579703599214553,0.0422258488833904,0.0036888718605041,3.263967389222225e-05,0.0085361020066421,0.1130756437778472,0.0,cross,unreliable,cross,unreliable,3,False,M4_rel2_constrained_R,True,True
variant_robustness_fisher_v1,fisher_kpp,failure_obs16_noise030,baseline,baseline,43,16,0.3,fisher_kpp_variant_robustness_fisher_v1_failure_obs16_noise030_baseline_seed43,0.0670446455478668,0.0188607699237763,1,0.0620359298722757,0.0023341346401578,0.0055054549500411,0.2402262699430659,7.78599558379515e-05,0.1065356731414794,0.0276071950793266,0.0071913003921508,9.63452234114728e-05,0.0120391739515247,0.0670446455478668,0.0620359298722757,cross,unreliable,cross,unreliable,3,False,M4_rel2_constrained_R,True,True
variant_robustness_fisher_v1,fisher_kpp,safe_obs64_noise000,capacity_v1,baseline,41,64,0.0,fisher_kpp_variant_robustness_fisher_v1_safe_obs64_noise000_capacity_v1_seed41,0.0092961816117167,0.0188607699237763,0,0.9573959769335506,0.9585740873855556,0.9586110013677668,0.9595784000924446,0.9528204188884356,0.0150780882686376,0.0049778749234974,0.0001124143600463,3.2124470757795114e-06,7.463864546603542e-05,0.012436400716384096,0.9079102793695893,safe,reliable,safe,reliable,0,False,M4_rel2_constrained_R,True,True
variant_robustness_fisher_v1,fisher_kpp,safe_obs64_noise000,capacity_v1,baseline,42,64,0.0,fisher_kpp_variant_robustness_fisher_v1_safe_obs64_noise000_capacity_v1_seed42,0.0095778061076998,0.0188607699237763,0,0.9591551272437056,0.9675412039059108,0.9590530280565076,0.9587535564692768,0.9512727205431272,0.0123513787984848,0.0042348112910985,0.0001316666603088,2.780788996344636e-06,0.0001470645446606,0.012688668497053622,0.9088583359133279,safe,reliable,safe,reliable,0,False,M4_rel2_constrained_R,True,True
variant_robustness_fisher_v1,fisher_kpp,safe_obs64_noise000,capacity_v1,baseline,43,64,0.0,fisher_kpp_variant_robustness_fisher_v1_safe_obs64_noise000_capacity_v1_seed43,0.0112195890396833,0.0188607699237763,0,0.9476080826479693,0.9552896451198256,0.9339786014397784,0.9536153890964056,0.9475486949358672,0.0149257937446236,0.0056059174239635,0.0001757144927978,1.000861664709144e-05,0.0001841173097503,0.01415931093938378,0.898573518840162,safe,critical,safe,reliable,0,False,M4_rel2_constrained_R,True,False
variant_robustness_fisher_v1,fisher_kpp,edge_obs16_noise005,capacity_v1,baseline,41,16,0.05,fisher_kpp_variant_robustness_fisher_v1_edge_obs16_noise005_capacity_v1_seed41,0.0123577639460563,0.0188607699237763,0,0.9516915730225102,0.9505398162896967,0.9533423291815604,0.9497017275420436,0.9531824190767402,0.0165401175618171,0.0057178987190127,0.0001078248023986,4.505642265519631e-06,0.0003907479747309,0.015178841774733033,0.8910126862488833,safe,critical,cross,critical,1,False,M4_rel2_constrained_R,False,True
variant_robustness_fisher_v1,fisher_kpp,edge_obs16_noise005,capacity_v1,baseline,42,16,0.05,fisher_kpp_variant_robustness_fisher_v1_edge_obs16_noise005_capacity_v1_seed42,0.0175534933805465,0.0188607699237763,0,0.9401858788580096,0.9292925825407722,0.9497828393421714,0.9275485247674794,0.9541195687816162,0.0160406250506639,0.0084115909412503,9.578466415405272e-05,4.451149027325708e-06,0.0008783577576842,0.019832965091750282,0.8564977446315657,cross,critical,cross,critical,1,False,M4_rel2_constrained_R,True,True
variant_robustness_fisher_v1,fisher_kpp,edge_obs16_noise005,capacity_v1,baseline,43,16,0.05,fisher_kpp_variant_robustness_fisher_v1_edge_obs16_noise005_capacity_v1_seed43,0.018251122906804,0.0188607699237763,0,0.908870940402897,0.8763687095838664,0.936729400165474,0.9239634005684888,0.8984222512937586,0.026910675689578,0.0075952284969389,0.0005812644958496,8.53933270041308e-06,0.0007779408495079,0.02045787327562174,0.8518634304947563,cross,critical,cross,critical,1,False,M4_rel2_constrained_R,True,True
variant_robustness_fisher_v1,fisher_kpp,transition_obs128_noise020,capacity_v1,baseline,41,128,0.2,fisher_kpp_variant_robustness_fisher_v1_transition_obs128_noise020_capacity_v1_seed41,0.0166861433535814,0.0188607699237763,0,0.91921206617416,0.9309365667183334,0.8679690604499383,0.9317883676441906,0.9461542698841776,0.0191788524389266,0.0071950647979974,0.0001914501190185,4.733841771914064e-06,0.006039245896384,0.01905602817934736,0.8622595026137568,cross,critical,cross,critical,2,False,M4_rel2_constrained_R,True,True
variant_robustness_fisher_v1,fisher_kpp,transition_obs128_noise020,capacity_v1,baseline,42,128,0.2,fisher_kpp_variant_robustness_fisher_v1_transition_obs128_noise020_capacity_v1_seed42,0.0220215413719415,0.0188607699237763,1,0.7695602598644466,0.8550304188527583,0.3973216510895432,0.9016325136211836,0.9242564558943016,0.025559140369296,0.0104975393041968,0.0003985166549682,5.991402303497908e-06,0.0165128571767371,0.023943146163215027,0.779411691419682,cross,critical,cross,critical,2,False,M4_rel2_constrained_R,True,True
variant_robustness_fisher_v1,fisher_kpp,transition_obs128_noise020,capacity_v1,baseline,43,128,0.2,fisher_kpp_variant_robustness_fisher_v1_transition_obs128_noise020_capacity_v1_seed43,0.019008319824934,0.0188607699237763,1,0.8349072014026745,0.8313664607588503,0.6504662125374948,0.91988847085699,0.937907661457363,0.027954202145338,0.0105535732582211,0.0002773404121398,7.506355540863392e-06,0.0114332284491999,0.021136139508818735,0.8394931111940013,cross,critical,cross,critical,2,False,M4_rel2_constrained_R,True,True
variant_robustness_fisher_v1,fisher_kpp,failure_obs16_noise030,capacity_v1,baseline,41,16,0.3,fisher_kpp_variant_robustness_fisher_v1_failure_obs16_noise030_capacity_v1_seed41,0.0485022403299808,0.0188607699237763,1,0.4918510963750716,0.3904063192198583,0.3462815395577073,0.5585319801774751,0.672184546545246,0.0443065948784351,0.0178202539682388,0.0014113187789916,3.722214334874093e-05,0.0096242393875396,0.04869007262480993,0.5240797595186396,cross,unreliable,cross,unreliable,3,False,M4_rel2_constrained_R,True,True
variant_robustness_fisher_v1,fisher_kpp,failure_obs16_noise030,capacity_v1,baseline,42,16,0.3,fisher_kpp_variant_robustness_fisher_v1_failure_obs16_noise030_capacity_v1_seed42,0.1108401715755462,0.0188607699237763,1,0.0270129052013281,0.0141458094713772,2.388390798971267e-07,0.0118141334576463,0.0820914390372088,0.0637193992733955,0.0391753613948822,0.0031900405883789,0.0013081579175136,0.0207913632481645,0.10694654851113183,0.0,cross,unreliable,cross,unreliable,3,False,M4_rel2_constrained_R,True,True
variant_robustness_fisher_v1,fisher_kpp,failure_obs16_noise030,capacity_v1,baseline,43,16,0.3,fisher_kpp_variant_robustness_fisher_v1_failure_obs16_noise030_capacity_v1_seed43,0.0720294862985611,0.0188607699237763,1,0.0451022125129473,0.0012598407915129,0.0002952347713343,0.1788412688051276,1.250568381438471e-05,0.116138719022274,0.0268677473068237,0.0082297921180725,0.0001235094129602,0.0212754042145445,0.07067691771341184,0.11332897924950085,cross,unreliable,cross,unreliable,3,False,M4_rel2_constrained_R,True,True
variant_robustness_fisher_v1,fisher_kpp,safe_obs64_noise000,weight_balanced_v2,baseline,41,64,0.0,fisher_kpp_variant_robustness_fisher_v1_safe_obs64_noise000_weight_balanced_v2_seed41,0.0175723042339086,0.0188607699237763,0,0.7577615823227999,0.9096885570185916,0.2587217390485377,0.9274539330702574,0.9351821001538132,0.0195216108113527,0.0091340960934758,0.0003033876419067,4.622010217618678e-05,0.0003001162557466,0.016958458373049667,0.7009000609019818,safe,critical,safe,reliable,0,False,M4_rel2_constrained_R,True,False
variant_robustness_fisher_v1,fisher_kpp,safe_obs64_noise000,weight_balanced_v2,baseline,42,64,0.0,fisher_kpp_variant_robustness_fisher_v1_safe_obs64_noise000_weight_balanced_v2_seed42,0.0135116158053278,0.0188607699237763,0,0.9525068968501356,0.9634049868335424,0.9563882906949124,0.945416266828417,0.94481804304367,0.0153241707012057,0.0038529534358531,0.000206172466278,4.149341324711493e-06,7.866995716971045e-05,0.003559123889166467,0.9771844219576525,safe,reliable,safe,reliable,0,False,M4_rel2_constrained_R,True,True
variant_robustness_fisher_v1,fisher_kpp,safe_obs64_noise000,weight_balanced_v2,baseline,43,64,0.0,fisher_kpp_variant_robustness_fisher_v1_safe_obs64_noise000_weight_balanced_v2_seed43,0.0181203242391347,0.0188607699237763,0,0.8306225116044971,0.913145521815842,0.5601176290450328,0.9246477524752484,0.924579143081865,0.0210267193615436,0.0082281278446316,0.0003958940505981,3.267774215502625e-05,0.0002508992333944,0.018766797890605383,0.8477955007847342,safe,critical,safe,reliable,0,False,M4_rel2_constrained_R,True,False
variant_robustness_fisher_v1,fisher_kpp,edge_obs16_noise005,weight_balanced_v2,baseline,41,16,0.05,fisher_kpp_variant_robustness_fisher_v1_edge_obs16_noise005_weight_balanced_v2_seed41,0.0150352986529469,0.0188607699237763,0,0.7720175790631045,0.9168283652927158,0.28510974325761,0.9392288926020368,0.946903315100055,0.0192729923874139,0.0086078429594635,0.0001830458641052,4.467563895633079e-05,0.0004769150765103,0.008586925573951083,0.7294257985244464,safe,critical,cross,critical,1,False,M4_rel2_constrained_R,False,True
variant_robustness_fisher_v1,fisher_kpp,edge_obs16_noise005,weight_balanced_v2,baseline,42,16,0.05,fisher_kpp_variant_robustness_fisher_v1_edge_obs16_noise005_weight_balanced_v2_seed42,0.0153215629979968,0.0188607699237763,0,0.9453967981401704,0.9432036024469936,0.9496288425952693,0.937995442865577,0.950759304652842,0.0170835722237825,0.006557916291058,0.0001379251480102,6.113661797140026e-06,0.0002559334946263,0.00953153183409549,0.9328930919921761,safe,reliable,cross,critical,1,False,M4_rel2_constrained_R,False,False
variant_robustness_fisher_v1,fisher_kpp,edge_obs16_noise005,weight_balanced_v2,baseline,43,16,0.05,fisher_kpp_variant_robustness_fisher_v1_edge_obs16_noise005_weight_balanced_v2_seed43,0.022112775593996,0.0188607699237763,1,0.8193394081355461,0.8813998988349213,0.5989981457768813,0.9010257376720606,0.8959338502583211,0.0249173026531934,0.0088872406631708,0.0005965828895568,3.1141203296377554e-05,0.0004425673209364,0.027772088502630157,0.7739175753740559,cross,critical,cross,critical,1,False,M4_rel2_constrained_R,True,True
variant_robustness_fisher_v1,fisher_kpp,transition_obs128_noise020,weight_balanced_v2,baseline,41,128,0.2,fisher_kpp_variant_robustness_fisher_v1_transition_obs128_noise020_weight_balanced_v2_seed41,0.0215912293642759,0.0188607699237763,1,0.713514143505837,0.8955250465005695,0.1329010716993552,0.9044499232489772,0.9211805325744457,0.0200866088271141,0.0100213261321187,0.0004230141639709,5.565571245895478e-05,0.0037294609335282,0.026728048402721975,0.6123625245128026,cross,unreliable,cross,critical,2,False,M4_rel2_constrained_R,True,False
variant_robustness_fisher_v1,fisher_kpp,transition_obs128_noise020,weight_balanced_v2,baseline,42,128,0.2,fisher_kpp_variant_robustness_fisher_v1_transition_obs128_noise020_weight_balanced_v2_seed42,0.0152746867388486,0.0188607699237763,0,0.9342519082627936,0.9353880914953212,0.9201100552312056,0.9381990110832532,0.9433104752413944,0.0192133262753486,0.0066185519099235,0.0002223849296569,6.089751421371727e-06,0.0031874190920994,0.009376850999373222,0.9340402038360407,safe,reliable,cross,critical,2,False,M4_rel2_constrained_R,False,False
variant_robustness_fisher_v1,fisher_kpp,transition_obs128_noise020,weight_balanced_v2,baseline,43,128,0.2,fisher_kpp_variant_robustness_fisher_v1_transition_obs128_noise020_weight_balanced_v2_seed43,0.0198367461562156,0.0188607699237763,1,0.8420190735619114,0.8792304046994979,0.6494529656543049,0.91520262815406,0.9241902957397828,0.02396697178483,0.0096442950889468,0.0003990530967712,2.8321794133351603e-05,0.0032283504449947,0.02321589412099403,0.8245033444590169,cross,critical,cross,critical,2,False,M4_rel2_constrained_R,True,True
variant_robustness_fisher_v1,fisher_kpp,failure_obs16_noise030,weight_balanced_v2,baseline,41,16,0.3,fisher_kpp_variant_robustness_fisher_v1_failure_obs16_noise030_weight_balanced_v2_seed41,0.02696412242949,0.0188607699237763,1,0.6941190998623347,0.8743393454877059,0.1121774524665228,0.8636424756975614,0.9263171257975484,0.0222474262118339,0.0107171656563878,0.000381588935852,5.7304231595551885e-05,0.0061702583060588,0.037483596986809344,0.5735537385521111,cross,unreliable,cross,unreliable,3,False,M4_rel2_constrained_R,True,True
variant_robustness_fisher_v1,fisher_kpp,failure_obs16_noise030,weight_balanced_v2,baseline,42,16,0.3,fisher_kpp_variant_robustness_fisher_v1_failure_obs16_noise030_weight_balanced_v2_seed42,0.0673298314213752,0.0188607699237763,1,0.4593977507390364,0.3174447169641355,0.727631573665909,0.2363553300611883,0.5561593822649126,0.0304377377033233,0.0261810328811407,0.0016909837722778,2.3388486639346835e-05,0.0051074977834335,0.11828835876482058,0.0,cross,unreliable,cross,unreliable,3,False,M4_rel2_constrained_R,True,True
variant_robustness_fisher_v1,fisher_kpp,failure_obs16_noise030,weight_balanced_v2,baseline,43,16,0.3,fisher_kpp_variant_robustness_fisher_v1_failure_obs16_noise030_weight_balanced_v2_seed43,0.0434781126677989,0.0188607699237763,1,0.4358005148296106,0.3165861264033009,0.64249031457012,0.6481512432559583,0.1359743750890628,0.0507562085986137,0.0144183216616511,0.0028691291809082,2.565164391779596e-05,0.0071495699782233,0.07054158309772374,0.0566675247094196,cross,unreliable,cross,unreliable,3,False,M4_rel2_constrained_R,True,True
variant_robustness_v1,burgers,safe_obs64_noise005,baseline,baseline,41,64,0.05,burgers_variant_robustness_v1_safe_obs64_noise005_baseline_seed41,0.0283857509493827,0.0259927008301019,1,0.8846760366984974,0.7340267001372139,0.942013044215642,0.9198435419498292,0.942820860491304,0.0664348602294921,0.0206496212631464,0.0011206269264221,1.6177965922197862e-05,0.0028684602336142,0.0283857509493827,0.8357278057074281,cross,critical,safe,critical,0,False,M4_rel2_constrained_R,False,True
variant_robustness_v1,burgers,safe_obs64_noise005,baseline,baseline,42,64,0.05,burgers_variant_robustness_v1_safe_obs64_noise005_baseline_seed42,0.0201235525310039,0.0259927008301019,0,0.9513739846285544,0.9589056071174806,0.947187959078681,0.955206592370799,0.944195779947257,0.0617731139063835,0.0146148931235075,0.0010572671890258,0.0002165250809333,0.0017685289318926,0.0201235525310039,0.9065524834102339,safe,reliable,safe,critical,0,False,M4_rel2_constrained_R,True,False
variant_robustness_v1,burgers,safe_obs64_noise005,baseline,baseline,43,64,0.05,burgers_variant_robustness_v1_safe_obs64_noise005_baseline_seed43,0.0250421091914176,0.0259927008301019,0,0.7706202210125238,0.2940910640631924,0.929533749956702,0.9364927454446922,0.9223633245855084,0.0811778604984283,0.0244276914745569,0.0019257068634033,0.0003591127589948,0.0030599904364892,0.0250421091914176,0.7706202210125238,safe,critical,safe,critical,0,False,M4_rel2_constrained_R,True,True
variant_robustness_v1,burgers,transition_obs48_noise010,baseline,baseline,41,48,0.1,burgers_variant_robustness_v1_transition_obs48_noise010_baseline_seed41,0.0478897504508495,0.0259927008301019,1,0.7624604042398666,0.6518231466494512,0.8693748474598595,0.7266066348420664,0.8020369880080895,0.07028079777956,0.0213832017034292,0.0045680403709411,0.0003414861940112,0.0061722068245269,0.0478897504508495,0.6297877752409899,cross,unreliable,cross,critical,1,False,M4_rel2_constrained_R,True,False
variant_robustness_v1,burgers,transition_obs48_noise010,baseline,baseline,42,48,0.1,burgers_variant_robustness_v1_transition_obs48_noise010_baseline_seed42,0.0353032574057579,0.0259927008301019,1,0.7802043516765249,0.8031716151404633,0.5260307031724669,0.8722975939441966,0.9193174944489728,0.0682433247566223,0.0192832984030246,0.0020283460617065,0.0032556518807258,0.0050556024199961,0.0353032574057579,0.7764300086235394,cross,critical,cross,critical,1,False,M4_rel2_constrained_R,True,True
variant_robustness_v1,burgers,transition_obs48_noise010,baseline,baseline,43,48,0.1,burgers_variant_robustness_v1_transition_obs48_noise010_baseline_seed43,0.0240208953619003,0.0259927008301019,0,0.7754460833543046,0.3498513200017751,0.8854532018893271,0.9408983367091198,0.9255814748169966,0.0842035412788391,0.0223886910825967,0.0018131732940673,0.0005115998935662,0.0053077439194378,0.0240208953619003,0.7754460833543046,safe,critical,cross,critical,1,False,M4_rel2_constrained_R,False,True
variant_robustness_v1,burgers,seed_sensitive_obs32_noise010,baseline,baseline,41,32,0.1,burgers_variant_robustness_v1_seed_sensitive_obs32_noise010_baseline_seed41,0.0318551547825336,0.0259927008301019,1,0.6087826673498606,0.6339245958201716,0.0148611180827198,0.8984415195418407,0.8879034359547104,0.0677852928638458,0.0218578390777111,0.0029214024543762,0.0094975575178509,0.0075000304277304,0.0318551547825336,0.6087826673498606,cross,unreliable,cross,unreliable,2,False,M4_rel2_constrained_R,True,True
variant_robustness_v1,burgers,seed_sensitive_obs32_noise010,baseline,baseline,42,32,0.1,burgers_variant_robustness_v1_seed_sensitive_obs32_noise010_baseline_seed42,0.0325656235218048,0.0259927008301019,1,0.9082281221603518,0.9189629885555216,0.9240773671658572,0.8934754614849572,0.8963966714350712,0.0666037574410438,0.0158490724861621,0.0027045011520385,0.000302048541347,0.0036222866686368,0.0325656235218048,0.7998973750169628,cross,critical,cross,unreliable,2,False,M4_rel2_constrained_R,True,False
variant_robustness_v1,burgers,seed_sensitive_obs32_noise010,baseline,baseline,43,32,0.1,burgers_variant_robustness_v1_seed_sensitive_obs32_noise010_baseline_seed43,0.1055488884449005,0.0259927008301019,1,0.0588608111709369,0.0007998474517097,0.2006008732917779,0.0339996911676642,4.2832772595765066e-05,0.1093872711062431,0.0408943891525268,0.0327081680297851,0.0048746677959671,0.009028355845208,0.1055488884449005,0.0,cross,unreliable,cross,unreliable,2,False,M4_rel2_constrained_R,True,True
variant_robustness_v1,burgers,failure_obs32_noise0175,baseline,baseline,41,32,0.175,burgers_variant_robustness_v1_failure_obs32_noise0175_baseline_seed41,0.0607360862195491,0.0259927008301019,1,0.3568527099751537,0.4610482875243203,0.2289277154449255,0.5035078470894507,0.2339269898419183,0.0821794047951698,0.0210888851433992,0.0109179019927978,0.0038021908609213,0.0133604196694669,0.0607360862195491,0.3568527099751537,cross,unreliable,cross,unreliable,3,False,M4_rel2_constrained_R,True,True
variant_robustness_v1,burgers,failure_obs32_noise0175,baseline,baseline,42,32,0.175,burgers_variant_robustness_v1_failure_obs32_noise0175_baseline_seed42,0.0945163369178772,0.0259927008301019,1,0.2006402344844678,0.1253797194549556,0.5685592266467587,0.074509318453089,0.034112673383068,0.0831736177206039,0.0280003733932971,0.0162159800529479,0.0021596927582576,0.0102260899725839,0.0945163369178772,0.08141739788367608,cross,unreliable,cross,unreliable,3,False,M4_rel2_constrained_R,True,True
variant_robustness_v1,burgers,failure_obs32_noise0175,baseline,baseline,43,32,0.175,burgers_variant_robustness_v1_failure_obs32_noise0175_baseline_seed43,0.1005407348275184,0.0259927008301019,1,0.0131929133492922,0.0038806809202999,0.0001410729340244,0.0487433956838884,6.503858956192635e-06,0.1072512194514274,0.0349249243736267,0.0373377799987793,0.0160892632588837,0.0153154352388484,0.1005407348275184,0.01056508795966482,cross,unreliable,cross,unreliable,3,False,M4_rel2_constrained_R,True,True
variant_robustness_v1,burgers,safe_obs64_noise005,capacity_v1,baseline,41,64,0.05,burgers_variant_robustness_v1_safe_obs64_noise005_capacity_v1_seed41,0.0610530190169811,0.0259927008301019,1,0.5608287882185182,0.2108130743107092,0.7284261456276419,0.497565638734941,0.8065102942007806,0.0653783679008483,0.0278347190469503,0.0044982433319091,0.0023371188390781,0.0036128729038016,0.08779841492042481,0.16042617163135464,cross,unreliable,safe,critical,0,False,M4_rel2_constrained_R,False,False
variant_robustness_v1,burgers,safe_obs64_noise005,capacity_v1,baseline,42,64,0.05,burgers_variant_robustness_v1_safe_obs64_noise005_capacity_v1_seed42,0.0218498576432466,0.0259927008301019,0,0.9433595466119724,0.91950099699709,0.950408662014248,0.9493288355426313,0.95419969189392,0.064913272857666,0.0164824854582548,0.0005461573600769,0.0001097745033098,0.0017563391547858,-0.007637977328992913,1.0,safe,reliable,safe,critical,0,False,M4_rel2_constrained_R,True,False
variant_robustness_v1,burgers,safe_obs64_noise005,capacity_v1,baseline,43,64,0.05,burgers_variant_robustness_v1_safe_obs64_noise005_capacity_v1_seed43,0.0337311923503875,0.0259927008301019,1,0.6587462421528149,0.6813722267893008,0.1720405539674566,0.8848649099674198,0.8967072778870822,0.0654263868927955,0.0214251447468996,0.0026962757110595,0.0054586601485898,0.0049220013668114,0.02128600940634784,0.6689847752924057,safe,unreliable,safe,critical,0,False,M4_rel2_constrained_R,True,False
variant_robustness_v1,burgers,transition_obs48_noise010,capacity_v1,baseline,41,48,0.1,burgers_variant_robustness_v1_transition_obs48_noise010_capacity_v1_seed41,0.032485943287611,0.0259927008301019,1,0.8985401975061014,0.9072300188191236,0.8513841052155933,0.8940428857781522,0.941503780211536,0.0679153800010681,0.015908271074295,0.0011799931526184,0.0010151868864489,0.0056420161777608,0.01825456822051072,0.9225736686589239,safe,reliable,cross,critical,1,False,M4_rel2_constrained_R,False,False
variant_robustness_v1,burgers,transition_obs48_noise010,capacity_v1,baseline,42,48,0.1,burgers_variant_robustness_v1_transition_obs48_noise010_capacity_v1_seed42,0.0330768749117851,0.0259927008301019,1,0.8962496265824837,0.8715336036759916,0.889252697996323,0.8897706924917996,0.9344415121658204,0.0658354610204696,0.0180858857929706,0.0014784336090087,0.0008260329640943,0.0043678134349712,0.019693135425324193,0.9102420768143005,safe,reliable,cross,critical,1,False,M4_rel2_constrained_R,False,False
variant_robustness_v1,burgers,transition_obs48_noise010,capacity_v1,baseline,43,48,0.1,burgers_variant_robustness_v1_transition_obs48_noise010_capacity_v1_seed43,0.0419817306101322,0.0259927008301019,1,0.6683230388575507,0.8322787748626606,0.1105508370820472,0.805426162194778,0.9250363812907172,0.0684734806418418,0.0185932274907827,0.0018325448036193,0.0060242116876847,0.0080965005541133,0.041371165246697233,0.6819355306005035,cross,unreliable,cross,critical,1,False,M4_rel2_constrained_R,True,False
variant_robustness_v1,burgers,seed_sensitive_obs32_noise010,capacity_v1,baseline,41,32,0.1,burgers_variant_robustness_v1_seed_sensitive_obs32_noise010_capacity_v1_seed41,0.0405193157494068,0.0259927008301019,1,0.8762918107667023,0.9206764716193736,0.8947279235875539,0.8220410088426072,0.8677218390172742,0.0651493966579437,0.0163448713719844,0.0033844709396362,0.0002410957032862,0.0053142930360166,0.03781105444468741,0.7483222584821578,cross,critical,cross,unreliable,2,False,M4_rel2_constrained_R,True,False
variant_robustness_v1,burgers,seed_sensitive_obs32_noise010,capacity_v1,baseline,42,32,0.1,burgers_variant_robustness_v1_seed_sensitive_obs32_noise010_capacity_v1_seed42,0.0471949502825737,0.0259927008301019,1,0.8313482353330416,0.8421716936818638,0.9166440573356732,0.7368348132657855,0.8297423770488437,0.0680306851863861,0.0184419974684715,0.0041143298149108,0.0002848640311482,0.0041382963026863,0.05406225596763195,0.5571935873333744,cross,unreliable,cross,unreliable,2,False,M4_rel2_constrained_R,True,True
variant_robustness_v1,burgers,seed_sensitive_obs32_noise010,capacity_v1,baseline,43,32,0.1,burgers_variant_robustness_v1_seed_sensitive_obs32_noise010_capacity_v1_seed43,0.0406409353017807,0.0259927008301019,1,0.729729331143228,0.6756268871710188,0.6790906275415763,0.8207027575793528,0.7434970522809641,0.0748448446393013,0.0200857780873775,0.005390465259552,0.002021411008252,0.0080394582482515,0.03810712575370512,0.7448401949696267,cross,critical,cross,unreliable,2,False,M4_rel2_constrained_R,True,False
variant_robustness_v1,burgers,failure_obs32_noise0175,capacity_v1,baseline,41,32,0.175,burgers_variant_robustness_v1_failure_obs32_noise0175_capacity_v1_seed41,0.0751214548945427,0.0259927008301019,1,0.1634491882832095,0.0058121362298295,0.2163639014919622,0.2563867843468455,0.1752339310642007,0.0993735939264297,0.0360726937651634,0.0118087530136108,0.0031272163615184,0.0158533028413094,0.1220466928066643,0.0,cross,unreliable,cross,unreliable,3,False,M4_rel2_constrained_R,True,True
variant_robustness_v1,burgers,failure_obs32_noise0175,capacity_v1,baseline,42,32,0.175,burgers_variant_robustness_v1_failure_obs32_noise0175_capacity_v1_seed42,0.0561589486896991,0.0259927008301019,1,0.3239450801149006,0.0522230622673643,0.0012401821390066,0.5883879190579089,0.6539291569953225,0.0881141424179077,0.0304611716419458,0.0064413547515869,0.0132512323482551,0.0112800397381855,0.07588426312542054,0.21623130666383736,cross,unreliable,cross,unreliable,3,False,M4_rel2_constrained_R,True,True
variant_robustness_v1,burgers,failure_obs32_noise0175,capacity_v1,baseline,43,32,0.175,burgers_variant_robustness_v1_failure_obs32_noise0175_capacity_v1_seed43,0.0487558841705322,0.0259927008301019,1,0.4267557377590522,0.4479565135068966,0.2040086322500003,0.7135146982508658,0.3415431070284457,0.0842323005199432,0.0201705675572156,0.0096165537834167,0.0012368456200979,0.018954138196823,0.05786220203285983,0.35526272930598035,cross,unreliable,cross,unreliable,3,False,M4_rel2_constrained_R,True,True
variant_robustness_v1,burgers,safe_obs64_noise005,weight_balanced_v2,baseline,41,64,0.05,burgers_variant_robustness_v1_safe_obs64_noise005_weight_balanced_v2_seed41,0.0308563373982906,0.0259927008301019,1,0.9403326193200616,0.9762468240165074,0.949807044296252,0.9050754156133344,0.9302011933541522,0.0527085736393928,0.0145510667935013,0.0016435384750366,8.70310961961517e-05,0.0019029556322076,0.05963323129211448,0.49167393272397897,cross,unreliable,safe,critical,0,False,M4_rel2_constrained_R,False,False
variant_robustness_v1,burgers,safe_obs64_noise005,weight_balanced_v2,baseline,42,64,0.05,burgers_variant_robustness_v1_safe_obs64_noise005_weight_balanced_v2_seed42,0.019959382712841,0.0259927008301019,0,0.9581450810276356,0.9864752012045536,0.9509344510677832,0.9557304560624312,0.939440215775774,0.0519410446286201,0.0130158178508281,0.0012705326080322,0.0001544613561348,0.0015279889962446,0.00909752705240198,1.0,safe,reliable,safe,critical,0,False,M4_rel2_constrained_R,True,False
variant_robustness_v1,burgers,safe_obs64_noise005,weight_balanced_v2,baseline,43,64,0.05,burgers_variant_robustness_v1_safe_obs64_noise005_weight_balanced_v2_seed43,0.0231935884803533,0.0259927008301019,0,0.9293835729129104,0.9062670924198692,0.9376468435817402,0.9442557037391424,0.92936465191089,0.0638808459043502,0.0173045899718999,0.001675009727478,0.0003805042041612,0.0022269133498603,0.024096475917961144,0.6964363402107292,safe,unreliable,safe,critical,0,False,M4_rel2_constrained_R,True,False
variant_robustness_v1,burgers,transition_obs48_noise010,weight_balanced_v2,baseline,41,48,0.1,burgers_variant_robustness_v1_transition_obs48_noise010_weight_balanced_v2_seed41,0.0239615738391876,0.0259927008301019,0,0.9485812559916244,0.9774663943712024,0.9261673026119496,0.9411452527037116,0.949546074279634,0.0542428195476532,0.0142307635396718,0.000795841217041,0.0001829809046181,0.0037330680188346,0.02765808391531316,0.8419654655351431,cross,critical,cross,critical,1,False,M4_rel2_constrained_R,True,True
variant_robustness_v1,burgers,transition_obs48_noise010,weight_balanced_v2,baseline,42,48,0.1,burgers_variant_robustness_v1_transition_obs48_noise010_weight_balanced_v2_seed42,0.0234304275363683,0.0259927008301019,0,0.9492555579607344,0.9874559407348522,0.9396054063211622,0.9433133395439858,0.926647545242938,0.0510550700128078,0.0129195805639028,0.0017749071121215,0.0001456963623499,0.0027787554251142,0.02519484044572856,0.8630807203381259,safe,critical,cross,critical,1,False,M4_rel2_constrained_R,False,True
variant_robustness_v1,burgers,transition_obs48_noise010,weight_balanced_v2,baseline,43,48,0.1,burgers_variant_robustness_v1_transition_obs48_noise010_weight_balanced_v2_seed43,0.0255630649626255,0.0259927008301019,0,0.9199020241810736,0.913371851134838,0.8902249757029589,0.9341290636523344,0.9418822062341636,0.0645743757486343,0.0168694052845239,0.0011630654335021,0.0010601123839842,0.003292927266896,0.03508515726679267,0.6231165200351211,cross,unreliable,cross,critical,1,False,M4_rel2_constrained_R,True,False
variant_robustness_v1,burgers,seed_sensitive_obs32_noise010,weight_balanced_v2,baseline,41,32,0.1,burgers_variant_robustness_v1_seed_sensitive_obs32_noise010_weight_balanced_v2_seed41,0.0412515811622142,0.0259927008301019,1,0.8945604902419664,0.9451540978434692,0.9268493261012618,0.8138645220663175,0.8923740149568168,0.0527128316462039,0.0167190954089164,0.0028091073036193,0.0001990769557773,0.0036544883523728,0.10784220155192649,0.0,cross,unreliable,cross,unreliable,2,False,M4_rel2_constrained_R,True,True
variant_robustness_v1,burgers,seed_sensitive_obs32_noise010,weight_balanced_v2,baseline,42,32,0.1,burgers_variant_robustness_v1_seed_sensitive_obs32_noise010_weight_balanced_v2_seed42,0.0267102494835853,0.0259927008301019,1,0.9369989807539152,0.9594198260547336,0.9368114620828828,0.928633224428958,0.9231314104490864,0.0555738285183906,0.0157703161239624,0.001899242401123,0.0003084140652939,0.0025692723276271,0.04040533885266376,0.7178111525323322,cross,critical,cross,unreliable,2,False,M4_rel2_constrained_R,True,False
variant_robustness_v1,burgers,seed_sensitive_obs32_noise010,weight_balanced_v2,baseline,43,32,0.1,burgers_variant_robustness_v1_seed_sensitive_obs32_noise010_weight_balanced_v2_seed43,0.0712245032191276,0.0259927008301019,1,0.3529879672630929,0.0257289007164251,0.3996557055661356,0.3159228760088801,0.6706443867609307,0.0849528163671493,0.0344143696129322,0.0062577724456787,0.0038497378181699,0.0055654370487947,0.24684458964946265,0.0,cross,unreliable,cross,unreliable,2,False,M4_rel2_constrained_R,True,True
variant_robustness_v1,burgers,failure_obs32_noise0175,weight_balanced_v2,baseline,41,32,0.175,burgers_variant_robustness_v1_failure_obs32_noise0175_weight_balanced_v2_seed41,0.0340758301317691,0.0259927008301019,1,0.8932263819653723,0.968032894911615,0.8163854750314613,0.8822053410423955,0.9062818168760172,0.0523739196360111,0.0153625821694731,0.0024312734603881,0.0003107898621049,0.0077350268742794,0.07456394700833387,0.31607535620566807,cross,unreliable,cross,unreliable,3,False,M4_rel2_constrained_R,True,True
variant_robustness_v1,burgers,failure_obs32_noise0175,weight_balanced_v2,baseline,42,32,0.175,burgers_variant_robustness_v1_failure_obs32_noise0175_weight_balanced_v2_seed42,0.0375223755836486,0.0259927008301019,1,0.8865617264966814,0.981338981129945,0.9035081694151498,0.8525823278387429,0.8088174276028879,0.0553814582526683,0.0134125528857111,0.0044617652893066,0.0001459670644813,0.0050438097004954,0.09054764214450599,0.12809279952450958,cross,unreliable,cross,unreliable,3,False,M4_rel2_constrained_R,True,True
variant_robustness_v1,burgers,failure_obs32_noise0175,weight_balanced_v2,baseline,43,32,0.175,burgers_variant_robustness_v1_failure_obs32_noise0175_weight_balanced_v2_seed43,0.0375512540340423,0.0259927008301019,1,0.8119777925136462,0.8679565716058739,0.81604666566822,0.8523099086774802,0.7115980241030105,0.066065102815628,0.018145577982068,0.0057860612869262,0.0004677038405894,0.0076165242307662,0.09068156881210478,0.0,cross,unreliable,cross,unreliable,3,False,M4_rel2_constrained_R,True,True
