epoch,loss_total,objective_total,loss_data,loss_physics,loss_boundary,weight_data,weight_physics,weight_boundary
1.0,15.788249969482422,15.788249969482422,0.7335001230239868,0.000415232265368104,0.8452832698822021,10.0,1.0,10.0
2.0,14.845890045166016,14.845890045166016,0.6937347650527954,0.0017917337827384472,0.7906751036643982,10.0,1.0,10.0
3.0,13.926949501037598,13.926949501037598,0.655703067779541,0.004347647074609995,0.736557126045227,10.0,1.0,10.0
4.0,13.014047622680664,13.014047622680664,0.6182363033294678,0.007759782485663891,0.6823924779891968,10.0,1.0,10.0
5.0,12.098644256591797,12.098644256591797,0.5806876420974731,0.012097576633095741,0.627967119216919,10.0,1.0,10.0
6.0,11.175315856933594,11.175315856933594,0.5426570773124695,0.017506876960396767,0.5731238126754761,10.0,1.0,10.0
7.0,10.241531372070312,10.241531372070312,0.5038965940475464,0.0241246297955513,0.517844021320343,10.0,1.0,10.0
8.0,9.29759407043457,9.29759407043457,0.46428513526916504,0.03201109915971756,0.46227312088012695,10.0,1.0,10.0
9.0,8.346717834472656,8.346717834472656,0.4238298535346985,0.04108121618628502,0.40673384070396423,10.0,1.0,10.0
10.0,7.395140647888184,7.395140647888184,0.38267406821250916,0.05103953555226326,0.35173603892326355,10.0,1.0,10.0
11.0,6.452347755432129,6.452347755432129,0.34111472964286804,0.061320845037698746,0.29798799753189087,10.0,1.0,10.0
12.0,5.531381130218506,5.531381130218506,0.2996228039264679,0.07105375081300735,0.24640995264053345,10.0,1.0,10.0
13.0,4.6488938331604,4.6488938331604,0.2588466703891754,0.07908829301595688,0.1981339007616043,10.0,1.0,10.0
14.0,3.8247714042663574,3.8247714042663574,0.21958401799201965,0.08415468782186508,0.15447767078876495,10.0,1.0,10.0
15.0,3.081340789794922,3.081340789794922,0.18272539973258972,0.08521724492311478,0.11688694357872009,10.0,1.0,10.0
16.0,2.4424426555633545,2.4424426555633545,0.1491941213607788,0.08202511072158813,0.08684763312339783,10.0,1.0,10.0
17.0,1.9323874711990356,1.9323874711990356,0.11990565806627274,0.07579470425844193,0.06575361639261246,10.0,1.0,10.0
18.0,1.5738149881362915,1.5738149881362915,0.09571710973978043,0.06994377821683884,0.05467000976204872,10.0,1.0,10.0
19.0,1.3827755451202393,1.3827755451202393,0.07729098945856094,0.07056741416454315,0.053929831832647324,10.0,1.0,10.0
20.0,1.3606973886489868,1.3606973886489868,0.06486326456069946,0.08556042611598969,0.06265042722225189,10.0,1.0,10.0
21.0,1.48539400100708,1.48539400100708,0.05801418423652649,0.12093062698841095,0.07843215763568878,10.0,1.0,10.0
22.0,1.7046232223510742,1.7046232223510742,0.05553298443555832,0.1749238818883896,0.09743694216012955,10.0,1.0,10.0
23.0,1.941542387008667,1.941542387008667,0.055597636848688126,0.23492616415023804,0.11506397277116776,10.0,1.0,10.0
24.0,2.1200709342956543,2.1200709342956543,0.05642956495285034,0.28272995352745056,0.12730452418327332,10.0,1.0,10.0
25.0,2.193244457244873,2.193244457244873,0.05687384307384491,0.30438435077667236,0.13201215863227844,10.0,1.0,10.0
26.0,2.154788017272949,2.154788017272949,0.05655939504504204,0.2964257299900055,0.1292768269777298,10.0,1.0,10.0
27.0,2.030991792678833,2.030991792678833,0.055754225701093674,0.26544806361198425,0.12080015242099762,10.0,1.0,10.0
28.0,1.8620216846466064,1.8620216846466064,0.05503737926483154,0.22278839349746704,0.10888595134019852,10.0,1.0,10.0
29.0,1.6867223978042603,1.6867223978042603,0.055012576282024384,0.17911940813064575,0.09574772417545319,10.0,1.0,10.0
30.0,1.5337897539138794,1.5337897539138794,0.05608152598142624,0.1414164900779724,0.0831557959318161,10.0,1.0,10.0
31.0,1.4188423156738281,1.4188423156738281,0.05834958329796791,0.11260385811328888,0.07227425277233124,10.0,1.0,10.0
32.0,1.3461740016937256,1.3461740016937256,0.06168641895055771,0.09272511303424835,0.0636584609746933,10.0,1.0,10.0
33.0,1.3118839263916016,1.3118839263916016,0.06580298393964767,0.08027029782533646,0.057358380407094955,10.0,1.0,10.0
34.0,1.3072774410247803,1.3072774410247803,0.07031357288360596,0.07322225719690323,0.05309193953871727,10.0,1.0,10.0
35.0,1.3220155239105225,1.3220155239105225,0.07480445504188538,0.06970858573913574,0.05042623355984688,10.0,1.0,10.0
36.0,1.3461992740631104,1.3461992740631104,0.07889369130134583,0.06827028095722198,0.04889921098947525,10.0,1.0,10.0
37.0,1.371565341949463,1.371565341949463,0.08227907866239548,0.06789612025022507,0.04808783903717995,10.0,1.0,10.0
38.0,1.3921488523483276,1.3921488523483276,0.08476801961660385,0.06795141100883484,0.04765172302722931,10.0,1.0,10.0
39.0,1.4043781757354736,1.4043781757354736,0.0862744003534317,0.06807457655668259,0.04735596105456352,10.0,1.0,10.0
40.0,1.4067955017089844,1.4067955017089844,0.08679551631212234,0.06808698177337646,0.04707534238696098,10.0,1.0,10.0
41.0,1.3996984958648682,1.3996984958648682,0.08639246970415115,0.06793147325515747,0.046784233301877975,10.0,1.0,10.0
42.0,1.3847061395645142,1.3847061395645142,0.08517695218324661,0.06763617694377899,0.046530045568943024,10.0,1.0,10.0
43.0,1.3642325401306152,1.3642325401306152,0.08329758793115616,0.0672934427857399,0.046396322548389435,10.0,1.0,10.0
44.0,1.3410252332687378,1.3410252332687378,0.080926313996315,0.0670420452952385,0.04647200554609299,10.0,1.0,10.0
45.0,1.3177871704101562,1.3177871704101562,0.07824242115020752,0.06704263389110565,0.04683203250169754,10.0,1.0,10.0
46.0,1.296809196472168,1.296809196472168,0.07541406154632568,0.06744541227817535,0.04752231389284134,10.0,1.0,10.0
47.0,1.2796980142593384,1.2796980142593384,0.072586290538311,0.0683610662817955,0.048547402024269104,10.0,1.0,10.0
48.0,1.267270803451538,1.267270803451538,0.06987926363945007,0.06984317302703857,0.04986350238323212,10.0,1.0,10.0
49.0,1.2595341205596924,1.2595341205596924,0.06738749891519547,0.07187210768461227,0.05137869715690613,10.0,1.0,10.0
50.0,1.2557744979858398,1.2557744979858398,0.06517796963453293,0.07433323562145233,0.052966151386499405,10.0,1.0,10.0
51.0,1.2548081874847412,1.2548081874847412,0.06329169124364853,0.07700851559638977,0.05448827147483826,10.0,1.0,10.0
52.0,1.2552669048309326,1.2552669048309326,0.061748210340738297,0.07960644364356995,0.055817827582359314,10.0,1.0,10.0
53.0,1.2558727264404297,1.2558727264404297,0.06055282801389694,0.08183269947767258,0.05685117468237877,10.0,1.0,10.0
54.0,1.2556958198547363,1.2556958198547363,0.059704042971134186,0.08346547931432724,0.05751899629831314,10.0,1.0,10.0
55.0,1.2542741298675537,1.2542741298675537,0.059194404631853104,0.0843871533870697,0.057794298976659775,10.0,1.0,10.0
56.0,1.2515993118286133,1.2515993118286133,0.05900796502828598,0.08457457274198532,0.057694513350725174,10.0,1.0,10.0
57.0,1.2480254173278809,1.2480254173278809,0.059120576828718185,0.08408242464065552,0.05727371573448181,10.0,1.0,10.0
58.0,1.2440869808197021,1.2440869808197021,0.05950016528367996,0.08303065598011017,0.056605469435453415,10.0,1.0,10.0
59.0,1.2403156757354736,1.2403156757354736,0.060105714946985245,0.08158617466688156,0.0557672381401062,10.0,1.0,10.0
60.0,1.2371156215667725,1.2371156215667725,0.060886308550834656,0.07993104308843613,0.054832153022289276,10.0,1.0,10.0
61.0,1.2346829175949097,1.2346829175949097,0.0617818757891655,0.07822612673044205,0.053863801062107086,10.0,1.0,10.0
62.0,1.233001470565796,1.233001470565796,0.06272890418767929,0.07659126818180084,0.05291211977601051,10.0,1.0,10.0
63.0,1.2319002151489258,1.2319002151489258,0.06366747617721558,0.07510455697774887,0.05201209709048271,10.0,1.0,10.0
64.0,1.2311162948608398,1.2311162948608398,0.06454411149024963,0.07380999624729156,0.051186516880989075,10.0,1.0,10.0
65.0,1.2303780317306519,1.2303780317306519,0.06531314551830292,0.07272741943597794,0.05045190826058388,10.0,1.0,10.0
66.0,1.2294715642929077,1.2294715642929077,0.065938800573349,0.07186019420623779,0.04982233792543411,10.0,1.0,10.0
67.0,1.2282737493515015,1.2282737493515015,0.06639817357063293,0.0712001845240593,0.049309179186820984,10.0,1.0,10.0
68.0,1.226769208908081,1.226769208908081,0.06668335199356079,0.07073221355676651,0.048920344561338425,10.0,1.0,10.0
69.0,1.2250381708145142,1.2250381708145142,0.06679964065551758,0.07043803483247757,0.04866037517786026,10.0,1.0,10.0
70.0,1.223222255706787,1.223222255706787,0.066761314868927,0.07030066102743149,0.04853083938360214,10.0,1.0,10.0
71.0,1.221488356590271,1.221488356590271,0.06658855825662613,0.07030771672725677,0.04852950572967529,10.0,1.0,10.0
72.0,1.2199862003326416,1.2199862003326416,0.06630577892065048,0.07045002281665802,0.04864783585071564,10.0,1.0,10.0
73.0,1.2188127040863037,1.2188127040863037,0.06594032049179077,0.07071572542190552,0.04886937886476517,10.0,1.0,10.0
74.0,1.2179968357086182,1.2179968357086182,0.06552059948444366,0.0710846334695816,0.04917062819004059,10.0,1.0,10.0
75.0,1.217494010925293,1.217494010925293,0.06507349759340286,0.07152777910232544,0.04952312260866165,10.0,1.0,10.0
76.0,1.2172000408172607,1.2172000408172607,0.06462280452251434,0.07201245427131653,0.04989595711231232,10.0,1.0,10.0
77.0,1.216980218887329,1.216980218887329,0.06418909132480621,0.0725071132183075,0.050258226692676544,10.0,1.0,10.0
78.0,1.2166985273361206,1.2166985273361206,0.06378980726003647,0.07298099994659424,0.05058194696903229,10.0,1.0,10.0
79.0,1.2162482738494873,1.2162482738494873,0.06343934684991837,0.07340242713689804,0.05084523931145668,10.0,1.0,10.0
80.0,1.2155742645263672,1.2155742645263672,0.06314897537231445,0.07374162971973419,0.051034294068813324,10.0,1.0,10.0
81.0,1.2146778106689453,1.2146778106689453,0.06292638182640076,0.07397851347923279,0.051143549382686615,10.0,1.0,10.0
82.0,1.213613510131836,1.213613510131836,0.06277552992105484,0.0741080567240715,0.051175009459257126,10.0,1.0,10.0
83.0,1.2124680280685425,1.2124680280685425,0.0626961886882782,0.07413780689239502,0.05113683268427849,10.0,1.0,10.0
84.0,1.2113399505615234,1.2113399505615234,0.06268422305583954,0.07408086955547333,0.05104168877005577,10.0,1.0,10.0
85.0,1.2103149890899658,1.2103149890899658,0.06273195147514343,0.07395180314779282,0.050904374569654465,10.0,1.0,10.0
86.0,1.2094483375549316,1.2094483375549316,0.06282858550548553,0.07376721501350403,0.05073951929807663,10.0,1.0,10.0
87.0,1.2087558507919312,1.2087558507919312,0.06296060234308243,0.07354692369699478,0.05056029185652733,10.0,1.0,10.0
88.0,1.2082161903381348,1.2082161903381348,0.0631125420331955,0.07331177592277527,0.05037790164351463,10.0,1.0,10.0
89.0,1.2077789306640625,1.2077789306640625,0.06326869130134583,0.07307922840118408,0.050201285630464554,10.0,1.0,10.0
90.0,1.2073802947998047,1.2073802947998047,0.06341487914323807,0.07286113500595093,0.05003703385591507,10.0,1.0,10.0
91.0,1.2069566249847412,1.2069566249847412,0.06353944540023804,0.07266512513160706,0.049889709800481796,10.0,1.0,10.0
92.0,1.206459641456604,1.206459641456604,0.0636335015296936,0.07249746471643448,0.04976271465420723,10.0,1.0,10.0
93.0,1.2058627605438232,1.2058627605438232,0.06369107961654663,0.07236398011445999,0.04965880140662193,10.0,1.0,10.0
94.0,1.2051637172698975,1.2051637172698975,0.06370959430932999,0.07226857542991638,0.0495799221098423,10.0,1.0,10.0
95.0,1.2043821811676025,1.2043821811676025,0.06369022279977798,0.07221147418022156,0.049526847898960114,10.0,1.0,10.0
96.0,1.203550934791565,1.203550934791565,0.06363716721534729,0.0721895843744278,0.04949897155165672,10.0,1.0,10.0
97.0,1.2027082443237305,1.2027082443237305,0.0635564997792244,0.07219843566417694,0.04949447512626648,10.0,1.0,10.0
98.0,1.2018874883651733,1.2018874883651733,0.06345511972904205,0.0722336694598198,0.04951026663184166,10.0,1.0,10.0
99.0,1.2011122703552246,1.2011122703552246,0.06334029138088226,0.07229027897119522,0.0495418980717659,10.0,1.0,10.0
100.0,1.2003908157348633,1.2003908157348633,0.06321940571069717,0.07236097753047943,0.04958358407020569,10.0,1.0,10.0
101.0,1.1997185945510864,1.1997185945510864,0.06309948116540909,0.0724363625049591,0.04962874948978424,10.0,1.0,10.0
102.0,1.1990792751312256,1.1990792751312256,0.06298641860485077,0.07250718027353287,0.049670785665512085,10.0,1.0,10.0
103.0,1.198451042175293,1.198451042175293,0.06288466602563858,0.07256650924682617,0.04970379173755646,10.0,1.0,10.0
104.0,1.1978118419647217,1.1978118419647217,0.06279715895652771,0.07260984182357788,0.04972304031252861,10.0,1.0,10.0
105.0,1.1971440315246582,1.1971440315246582,0.06272569298744202,0.07263367623090744,0.04972534626722336,10.0,1.0,10.0
106.0,1.1964378356933594,1.1964378356933594,0.06267097592353821,0.072635218501091,0.04970929026603699,10.0,1.0,10.0
107.0,1.1956918239593506,1.1956918239593506,0.06263256072998047,0.07261378318071365,0.049675241112709045,10.0,1.0,10.0
108.0,1.1949115991592407,1.1949115991592407,0.0626087561249733,0.07257191091775894,0.0496252104640007,10.0,1.0,10.0
109.0,1.1941072940826416,1.1941072940826416,0.06259684264659882,0.07251457870006561,0.04956243187189102,10.0,1.0,10.0
110.0,1.1932913064956665,1.1932913064956665,0.06259354948997498,0.07244701683521271,0.04949088394641876,10.0,1.0,10.0
111.0,1.1924736499786377,1.1924736499786377,0.06259530037641525,0.07237368822097778,0.04941469430923462,10.0,1.0,10.0
112.0,1.1916611194610596,1.1916611194610596,0.06259843707084656,0.07229878008365631,0.04933779686689377,10.0,1.0,10.0
113.0,1.190855860710144,1.190855860710144,0.06259921938180923,0.07222694158554077,0.04926367104053497,10.0,1.0,10.0
114.0,1.1900556087493896,1.1900556087493896,0.06259413808584213,0.0721627026796341,0.04919515922665596,10.0,1.0,10.0
115.0,1.189255714416504,1.189255714416504,0.0625803992152214,0.07210911065340042,0.049134261906147,10.0,1.0,10.0
116.0,1.1884491443634033,1.1884491443634033,0.06255614757537842,0.0720672532916069,0.049082040786743164,10.0,1.0,10.0
117.0,1.1876301765441895,1.1876301765441895,0.06252053380012512,0.07203704118728638,0.049038782715797424,10.0,1.0,10.0
118.0,1.1867936849594116,1.1867936849594116,0.062473464757204056,0.072018101811409,0.04900409281253815,10.0,1.0,10.0
119.0,1.185937762260437,1.185937762260437,0.062415651977062225,0.07200983166694641,0.04897713661193848,10.0,1.0,10.0
120.0,1.1850616931915283,1.1850616931915283,0.062348611652851105,0.0720105916261673,0.048956505954265594,10.0,1.0,10.0
121.0,1.1841676235198975,1.1841676235198975,0.06227459758520126,0.07201749831438065,0.04894040897488594,10.0,1.0,10.0
122.0,1.1832575798034668,1.1832575798034668,0.06219622865319252,0.07202722132205963,0.048926811665296555,10.0,1.0,10.0
123.0,1.1823346614837646,1.1823346614837646,0.06211612746119499,0.07203684747219086,0.04891365021467209,10.0,1.0,10.0
124.0,1.1814006567001343,1.1814006567001343,0.06203671544790268,0.07204402983188629,0.04889894649386406,10.0,1.0,10.0
125.0,1.1804566383361816,1.1804566383361816,0.06196015328168869,0.07204645127058029,0.04888085648417473,10.0,1.0,10.0
126.0,1.1795024871826172,1.1795024871826172,0.06188829988241196,0.07204169034957886,0.04885777086019516,10.0,1.0,10.0
127.0,1.178537130355835,1.178537130355835,0.06182242929935455,0.07202780246734619,0.048828501254320145,10.0,1.0,10.0
128.0,1.1775590181350708,1.1775590181350708,0.06176314875483513,0.07200407236814499,0.04879234358668327,10.0,1.0,10.0
129.0,1.1765666007995605,1.1765666007995605,0.061710406094789505,0.07197092473506927,0.0487491637468338,10.0,1.0,10.0
130.0,1.17555832862854,1.17555832862854,0.061663608998060226,0.0719292163848877,0.04869930446147919,10.0,1.0,10.0
131.0,1.1745333671569824,1.1745333671569824,0.061621807515621185,0.07187997549772263,0.048643529415130615,10.0,1.0,10.0
132.0,1.1734907627105713,1.1734907627105713,0.06158366799354553,0.07182464003562927,0.04858294129371643,10.0,1.0,10.0
133.0,1.1724307537078857,1.1724307537078857,0.061547569930553436,0.07176540791988373,0.04851895570755005,10.0,1.0,10.0
134.0,1.1713531017303467,1.1713531017303467,0.06151171773672104,0.07170481979846954,0.048453111201524734,10.0,1.0,10.0
135.0,1.1702580451965332,1.1702580451965332,0.06147437170147896,0.07164511829614639,0.04838692396879196,10.0,1.0,10.0
136.0,1.1691455841064453,1.1691455841064453,0.06143402308225632,0.07158796489238739,0.048321742564439774,10.0,1.0,10.0
137.0,1.1680153608322144,1.1680153608322144,0.06138940155506134,0.07153467833995819,0.048258665949106216,10.0,1.0,10.0
138.0,1.1668670177459717,1.1668670177459717,0.06133952736854553,0.07148641347885132,0.04819853603839874,10.0,1.0,10.0
139.0,1.165700078010559,1.165700078010559,0.06128373742103577,0.07144404947757721,0.04814187064766884,10.0,1.0,10.0
140.0,1.1645135879516602,1.1645135879516602,0.06122180446982384,0.07140770554542542,0.048088785260915756,10.0,1.0,10.0
141.0,1.1633073091506958,1.1633073091506958,0.061153993010520935,0.07137677073478699,0.04803905636072159,10.0,1.0,10.0
142.0,1.1620800495147705,1.1620800495147705,0.06108085438609123,0.07135026156902313,0.04799212887883186,10.0,1.0,10.0
143.0,1.1608318090438843,1.1608318090438843,0.0610031932592392,0.0713270753622055,0.04794727638363838,10.0,1.0,10.0
144.0,1.1595613956451416,1.1595613956451416,0.060921985656023026,0.0713060051202774,0.04790356010198593,10.0,1.0,10.0
145.0,1.158268928527832,1.158268928527832,0.06083836033940315,0.07128553092479706,0.04785997420549393,10.0,1.0,10.0
146.0,1.1569533348083496,1.1569533348083496,0.06075349822640419,0.07126393169164658,0.04781544581055641,10.0,1.0,10.0
147.0,1.1556143760681152,1.1556143760681152,0.06066847965121269,0.0712396651506424,0.04776899144053459,10.0,1.0,10.0
148.0,1.154251217842102,1.154251217842102,0.06058419495820999,0.0712115615606308,0.047719769179821014,10.0,1.0,10.0
149.0,1.1528630256652832,1.1528630256652832,0.060501307249069214,0.07117881625890732,0.04766712337732315,10.0,1.0,10.0
150.0,1.1514496803283691,1.1514496803283691,0.06042028218507767,0.071140818297863,0.047610603272914886,10.0,1.0,10.0
151.0,1.1500099897384644,1.1500099897384644,0.06034129485487938,0.07109716534614563,0.047549985349178314,10.0,1.0,10.0
152.0,1.148543357849121,1.148543357849121,0.06026427075266838,0.07104790210723877,0.04748527333140373,10.0,1.0,10.0
153.0,1.1470489501953125,1.1470489501953125,0.060188837349414825,0.07099352031946182,0.04741670563817024,10.0,1.0,10.0
154.0,1.1455261707305908,1.1455261707305908,0.060114432126283646,0.07093481719493866,0.04734470695257187,10.0,1.0,10.0
155.0,1.1439744234085083,1.1439744234085083,0.060040365904569626,0.07087266445159912,0.047269806265830994,10.0,1.0,10.0
156.0,1.1423925161361694,1.1423925161361694,0.05996585264801979,0.07080794870853424,0.04719260707497597,10.0,1.0,10.0
157.0,1.140779972076416,1.140779972076416,0.059890106320381165,0.07074163109064102,0.04711373150348663,10.0,1.0,10.0
158.0,1.1391355991363525,1.1391355991363525,0.05981229245662689,0.07067471742630005,0.04703379049897194,10.0,1.0,10.0
159.0,1.1374585628509521,1.1374585628509521,0.059731729328632355,0.07060814648866653,0.046953313052654266,10.0,1.0,10.0
160.0,1.1357476711273193,1.1357476711273193,0.05964783579111099,0.07054246962070465,0.04687269404530525,10.0,1.0,10.0
161.0,1.1340019702911377,1.1340019702911377,0.05956021696329117,0.07047805190086365,0.046792171895504,10.0,1.0,10.0
162.0,1.1322202682495117,1.1322202682495117,0.05946865305304527,0.07041503489017487,0.04671187698841095,10.0,1.0,10.0
163.0,1.130401611328125,1.130401611328125,0.059373073279857635,0.07035340368747711,0.046631742268800735,10.0,1.0,10.0
164.0,1.128544569015503,1.128544569015503,0.05927356705069542,0.07029293477535248,0.046551600098609924,10.0,1.0,10.0
165.0,1.1266483068466187,1.1266483068466187,0.059170376509428024,0.07023313641548157,0.046471141278743744,10.0,1.0,10.0
166.0,1.124711513519287,1.124711513519287,0.059063881635665894,0.07017332315444946,0.04638993367552757,10.0,1.0,10.0
167.0,1.1227328777313232,1.1227328777313232,0.058954477310180664,0.07011277973651886,0.046307533979415894,10.0,1.0,10.0
168.0,1.120711088180542,1.120711088180542,0.058842580765485764,0.07005085051059723,0.04622345045208931,10.0,1.0,10.0
169.0,1.118645191192627,1.118645191192627,0.05872860550880432,0.06998683512210846,0.04613722488284111,10.0,1.0,10.0
170.0,1.1165331602096558,1.1165331602096558,0.058612894266843796,0.06992006301879883,0.04604841768741608,10.0,1.0,10.0
171.0,1.1143739223480225,1.1143739223480225,0.05849573388695717,0.06984996795654297,0.04595666378736496,10.0,1.0,10.0
172.0,1.1121658086776733,1.1121658086776733,0.058377284556627274,0.06977613270282745,0.045861683785915375,10.0,1.0,10.0
173.0,1.1099073886871338,1.1099073886871338,0.058257587254047394,0.06969836354255676,0.04576331004500389,10.0,1.0,10.0
174.0,1.107596516609192,1.107596516609192,0.058136552572250366,0.06961656361818314,0.04566144570708275,10.0,1.0,10.0
175.0,1.1052321195602417,1.1052321195602417,0.05801403149962425,0.06953078508377075,0.04555610567331314,10.0,1.0,10.0
176.0,1.1028120517730713,1.1028120517730713,0.05788973718881607,0.06944113224744797,0.045447349548339844,10.0,1.0,10.0
177.0,1.1003344058990479,1.1003344058990479,0.057763345539569855,0.06934787333011627,0.0453353077173233,10.0,1.0,10.0
178.0,1.0977973937988281,1.0977973937988281,0.05763445049524307,0.06925132870674133,0.04522015526890755,10.0,1.0,10.0
179.0,1.0951989889144897,1.0951989889144897,0.05750264972448349,0.0691518485546112,0.04510205611586571,10.0,1.0,10.0
180.0,1.0925371646881104,1.0925371646881104,0.05736756697297096,0.06904970854520798,0.04498117417097092,10.0,1.0,10.0
181.0,1.0898096561431885,1.0898096561431885,0.057228825986385345,0.06894513964653015,0.04485761374235153,10.0,1.0,10.0
182.0,1.087013840675354,1.087013840675354,0.057086117565631866,0.06883829832077026,0.04473143815994263,10.0,1.0,10.0
183.0,1.0841478109359741,1.0841478109359741,0.05693918839097023,0.06872928142547607,0.044602666050195694,10.0,1.0,10.0
184.0,1.0812087059020996,1.0812087059020996,0.05678783357143402,0.06861808896064758,0.04447123408317566,10.0,1.0,10.0
185.0,1.0781946182250977,1.0781946182250977,0.056631967425346375,0.06850455701351166,0.04433702677488327,10.0,1.0,10.0
186.0,1.0751018524169922,1.0751018524169922,0.05647149309515953,0.06838846206665039,0.044199854135513306,10.0,1.0,10.0
187.0,1.0719285011291504,1.0719285011291504,0.056306421756744385,0.06826949864625931,0.044059474021196365,10.0,1.0,10.0
188.0,1.0686711072921753,1.0686711072921753,0.05613674223423004,0.06814732402563095,0.04391564056277275,10.0,1.0,10.0
189.0,1.0653270483016968,1.0653270483016968,0.05596251040697098,0.06802155822515488,0.04376804083585739,10.0,1.0,10.0
190.0,1.061893105506897,1.061893105506897,0.05578373000025749,0.06789177656173706,0.0436163991689682,10.0,1.0,10.0
191.0,1.0583659410476685,1.0583659410476685,0.055600427091121674,0.06775758415460587,0.043460406363010406,10.0,1.0,10.0
192.0,1.0547420978546143,1.0547420978546143,0.05541255325078964,0.06761860847473145,0.043299801647663116,10.0,1.0,10.0
193.0,1.051018476486206,1.051018476486206,0.05522005632519722,0.06747452169656754,0.04313434287905693,10.0,1.0,10.0
194.0,1.0471911430358887,1.0471911430358887,0.05502278730273247,0.06732507050037384,0.042963817715644836,10.0,1.0,10.0
195.0,1.0432565212249756,1.0432565212249756,0.054820600897073746,0.06717003136873245,0.04278803989291191,10.0,1.0,10.0
196.0,1.039210319519043,1.039210319519043,0.05461324751377106,0.06700921058654785,0.04260686784982681,10.0,1.0,10.0
197.0,1.0350488424301147,1.0350488424301147,0.05440045893192291,0.06684248894453049,0.04242018237709999,10.0,1.0,10.0
198.0,1.0307679176330566,1.0307679176330566,0.05418194830417633,0.0666697695851326,0.04222786799073219,10.0,1.0,10.0
199.0,1.0263628959655762,1.0263628959655762,0.05395735800266266,0.06649097800254822,0.042029839009046555,10.0,1.0,10.0
200.0,1.021829605102539,1.021829605102539,0.05372637137770653,0.06630600988864899,0.04182599112391472,10.0,1.0,10.0
201.0,1.0171630382537842,1.0171630382537842,0.05348861962556839,0.06611476093530655,0.04161621257662773,10.0,1.0,10.0
202.0,1.0123587846755981,1.0123587846755981,0.053243789821863174,0.06591710448265076,0.04140036925673485,10.0,1.0,10.0
203.0,1.007411241531372,1.007411241531372,0.052991535514593124,0.06571286171674728,0.04117830842733383,10.0,1.0,10.0
204.0,1.002315878868103,1.002315878868103,0.05273156613111496,0.06550181657075882,0.04094984009861946,10.0,1.0,10.0
205.0,0.9970670938491821,0.9970670938491821,0.0524635836482048,0.06528370827436447,0.04071475565433502,10.0,1.0,10.0
206.0,0.9916595220565796,0.9916595220565796,0.05218732729554176,0.06505819410085678,0.04047280177474022,10.0,1.0,10.0
207.0,0.9860875606536865,0.9860875606536865,0.05190254747867584,0.06482495367527008,0.04022371768951416,10.0,1.0,10.0
208.0,0.980345606803894,0.980345606803894,0.05160899460315704,0.06458356231451035,0.039967216551303864,10.0,1.0,10.0
209.0,0.9744278192520142,0.9744278192520142,0.051306430250406265,0.06433362513780594,0.03970298916101456,10.0,1.0,10.0
210.0,0.9683281779289246,0.9683281779289246,0.050994597375392914,0.06407471746206284,0.03943074867129326,10.0,1.0,10.0
211.0,0.9620405435562134,0.9620405435562134,0.0506732352077961,0.06380640715360641,0.0391501821577549,10.0,1.0,10.0
212.0,0.9555589556694031,0.9555589556694031,0.05034206062555313,0.06352826952934265,0.03886100649833679,10.0,1.0,10.0
213.0,0.9488768577575684,0.9488768577575684,0.05000075697898865,0.06323990225791931,0.03856293857097626,10.0,1.0,10.0
214.0,0.9419881105422974,0.9419881105422974,0.049648985266685486,0.06294091045856476,0.038255732506513596,10.0,1.0,10.0
215.0,0.9348863363265991,0.9348863363265991,0.049286410212516785,0.06263092160224915,0.03793913498520851,10.0,1.0,10.0
216.0,0.9275652170181274,0.9275652170181274,0.04891262948513031,0.062309570610523224,0.037612929940223694,10.0,1.0,10.0
217.0,0.9200180768966675,0.9200180768966675,0.04852725565433502,0.06197651848196983,0.03727690130472183,10.0,1.0,10.0
218.0,0.9122388362884521,0.9122388362884521,0.04812987893819809,0.06163140386343002,0.036930862814188004,10.0,1.0,10.0
219.0,0.9042209386825562,0.9042209386825562,0.04772009328007698,0.06127389520406723,0.03657461330294609,10.0,1.0,10.0
220.0,0.8959581255912781,0.8959581255912781,0.04729748144745827,0.06090360879898071,0.03620796650648117,10.0,1.0,10.0
221.0,0.8874441981315613,0.8874441981315613,0.046861667186021805,0.060520172119140625,0.03583073616027832,10.0,1.0,10.0
222.0,0.8786734342575073,0.8786734342575073,0.04641226679086685,0.06012319028377533,0.03544275462627411,10.0,1.0,10.0
223.0,0.8696396946907043,0.8696396946907043,0.04594893753528595,0.05971221625804901,0.03504381328821182,10.0,1.0,10.0
224.0,0.8603377342224121,0.8603377342224121,0.045471347868442535,0.05928682163357735,0.03463374078273773,10.0,1.0,10.0
225.0,0.8507621884346008,0.8507621884346008,0.04497920721769333,0.05884651839733124,0.03421235829591751,10.0,1.0,10.0
226.0,0.8409081697463989,0.8409081697463989,0.04447224736213684,0.05839081481099129,0.033779487013816833,10.0,1.0,10.0
227.0,0.8307713270187378,0.8307713270187378,0.04395022988319397,0.05791923403739929,0.03333497792482376,10.0,1.0,10.0
228.0,0.8203474283218384,0.8203474283218384,0.04341293126344681,0.05743126571178436,0.03287868574261665,10.0,1.0,10.0
229.0,0.8096333742141724,0.8096333742141724,0.04286016523838043,0.05692644789814949,0.032410524785518646,10.0,1.0,10.0
230.0,0.7986258864402771,0.7986258864402771,0.04229174926877022,0.05640430003404617,0.031930409371852875,10.0,1.0,10.0
231.0,0.7873229384422302,0.7873229384422302,0.04170754924416542,0.055864397436380386,0.03143830597400665,10.0,1.0,10.0
232.0,0.7757229804992676,0.7757229804992676,0.041107431054115295,0.0553063228726387,0.030934235081076622,10.0,1.0,10.0
233.0,0.7638251781463623,0.7638251781463623,0.04049129784107208,0.054729726165533066,0.03041824884712696,10.0,1.0,10.0
234.0,0.7516298294067383,0.7516298294067383,0.039859116077423096,0.054134249687194824,0.02989044412970543,10.0,1.0,10.0
235.0,0.7391378879547119,0.7391378879547119,0.03921084851026535,0.0535195954144001,0.029350977391004562,10.0,1.0,10.0
236.0,0.7263513803482056,0.7263513803482056,0.038546543568372726,0.052885495126247406,0.02880004048347473,10.0,1.0,10.0
237.0,0.713273286819458,0.713273286819458,0.03786630183458328,0.05223170667886734,0.028237855061888695,10.0,1.0,10.0
238.0,0.6999080181121826,0.6999080181121826,0.037170279771089554,0.05155801773071289,0.02766471914947033,10.0,1.0,10.0
239.0,0.6862608194351196,0.6862608194351196,0.03645871952176094,0.05086425319314003,0.02708093635737896,10.0,1.0,10.0
240.0,0.6723383665084839,0.6723383665084839,0.035731930285692215,0.05015025660395622,0.026486879214644432,10.0,1.0,10.0
241.0,0.6581485271453857,0.6581485271453857,0.03499031811952591,0.049415912479162216,0.02588294818997383,10.0,1.0,10.0
242.0,0.6437007188796997,0.6437007188796997,0.03423435986042023,0.048661138862371445,0.02526959963142872,10.0,1.0,10.0
243.0,0.6290054321289062,0.6290054321289062,0.03346460685133934,0.04788593202829361,0.024647343903779984,10.0,1.0,10.0
244.0,0.6140745878219604,0.6140745878219604,0.03268170356750488,0.0470903143286705,0.024016723036766052,10.0,1.0,10.0
245.0,0.5989217162132263,0.5989217162132263,0.03188636898994446,0.04627436771988869,0.023378364741802216,10.0,1.0,10.0
246.0,0.5835617184638977,0.5835617184638977,0.031079409644007683,0.04543830081820488,0.02273293398320675,10.0,1.0,10.0
247.0,0.5680108070373535,0.5680108070373535,0.030261682346463203,0.04458234831690788,0.0220811627805233,10.0,1.0,10.0
248.0,0.5522867441177368,0.5522867441177368,0.029434137046337128,0.04370686039328575,0.02142384648323059,10.0,1.0,10.0
249.0,0.5364083051681519,0.5364083051681519,0.028597768396139145,0.042812276631593704,0.020761828869581223,10.0,1.0,10.0
250.0,0.5203959941864014,0.5203959941864014,0.027753666043281555,0.041899122297763824,0.02009601891040802,10.0,1.0,10.0
251.0,0.5042714476585388,0.5042714476585388,0.026902982965111732,0.04096803814172745,0.019427360966801643,10.0,1.0,10.0
252.0,0.48805758357048035,0.48805758357048035,0.026046933606266975,0.04001973569393158,0.01875685155391693,10.0,1.0,10.0
253.0,0.47177833318710327,0.47177833318710327,0.02518681064248085,0.039055027067661285,0.018085520714521408,10.0,1.0,10.0
254.0,0.45545873045921326,0.45545873045921326,0.02432396449148655,0.038074836134910583,0.017414424568414688,10.0,1.0,10.0
255.0,0.43912461400032043,0.43912461400032043,0.023459792137145996,0.037080176174640656,0.01674465276300907,10.0,1.0,10.0
256.0,0.42280280590057373,0.42280280590057373,0.022595753893256187,0.036072149872779846,0.016077309846878052,10.0,1.0,10.0
257.0,0.40652069449424744,0.40652069449424744,0.021733343601226807,0.03505197912454605,0.015413529239594936,10.0,1.0,10.0
258.0,0.390306293964386,0.390306293964386,0.02087409235537052,0.03402096778154373,0.014754441566765308,10.0,1.0,10.0
259.0,0.3741879463195801,0.3741879463195801,0.020019542425870895,0.03298056125640869,0.014101196080446243,10.0,1.0,10.0
260.0,0.35819411277770996,0.35819411277770996,0.01917123980820179,0.03193226456642151,0.01345494668930769,10.0,1.0,10.0
261.0,0.342353492975235,0.342353492975235,0.018330732360482216,0.030877722427248955,0.012816845439374447,10.0,1.0,10.0
262.0,0.32669442892074585,0.32669442892074585,0.017499545589089394,0.029818661510944366,0.01218803133815527,10.0,1.0,10.0
263.0,0.3112451136112213,0.3112451136112213,0.016679195687174797,0.02875688672065735,0.01156962662935257,10.0,1.0,10.0
264.0,0.2960331439971924,0.2960331439971924,0.01587115041911602,0.02769431658089161,0.010962731204926968,10.0,1.0,10.0
265.0,0.2810854911804199,0.2810854911804199,0.015076846815645695,0.02663291245698929,0.010368408635258675,10.0,1.0,10.0
266.0,0.266428142786026,0.266428142786026,0.014297669753432274,0.025574717670679092,0.009787672199308872,10.0,1.0,10.0
267.0,0.25208616256713867,0.25208616256713867,0.013534951023757458,0.024521807208657265,0.009221482090651989,10.0,1.0,10.0
268.0,0.23808324337005615,0.23808324337005615,0.012789956294000149,0.023476283997297287,0.008670739829540253,10.0,1.0,10.0
269.0,0.22444188594818115,0.22444188594818115,0.012063879519701004,0.022440295666456223,0.008136280812323093,10.0,1.0,10.0
270.0,0.21118277311325073,0.21118277311325073,0.011357827112078667,0.021415969356894493,0.007618853822350502,10.0,1.0,10.0
271.0,0.198325052857399,0.198325052857399,0.010672812350094318,0.020405437797307968,0.0071191489696502686,10.0,1.0,10.0
272.0,0.18588599562644958,0.18588599562644958,0.010009754449129105,0.019410807639360428,0.006637763697654009,10.0,1.0,10.0
273.0,0.17388087511062622,0.17388087511062622,0.009369459003210068,0.01843414083123207,0.00617521395906806,10.0,1.0,10.0
274.0,0.1623229682445526,0.1623229682445526,0.00875262450426817,0.01747743971645832,0.0057319290935993195,10.0,1.0,10.0
275.0,0.15122339129447937,0.15122339129447937,0.008159829303622246,0.016542643308639526,0.005308245308697224,10.0,1.0,10.0
276.0,0.14059114456176758,0.14059114456176758,0.007591540459543467,0.01563158817589283,0.004904415458440781,10.0,1.0,10.0
277.0,0.13043293356895447,0.13043293356895447,0.007048104889690876,0.014746003784239292,0.0045205880887806416,10.0,1.0,10.0
278.0,0.12075317651033401,0.12075317651033401,0.006529750768095255,0.013887494802474976,0.004156817682087421,10.0,1.0,10.0
279.0,0.11155423521995544,0.11155423521995544,0.006036600098013878,0.013057530857622623,0.0038130702450871468,10.0,1.0,10.0
280.0,0.10283614695072174,0.10283614695072174,0.0055686598643660545,0.012257421389222145,0.003489212365821004,10.0,1.0,10.0
281.0,0.09459684789180756,0.09459684789180756,0.005125825759023428,0.011488312855362892,0.0031850282102823257,10.0,1.0,10.0
282.0,0.08683224022388458,0.08683224022388458,0.004707888700067997,0.01075117476284504,0.0029002183582633734,10.0,1.0,10.0
283.0,0.07953621447086334,0.07953621447086334,0.004314537160098553,0.01004679687321186,0.0026344044599682093,10.0,1.0,10.0
284.0,0.07270076870918274,0.07270076870918274,0.003945359960198402,0.009375784546136856,0.002387138083577156,10.0,1.0,10.0
285.0,0.06631622463464737,0.06631622463464737,0.0035998597741127014,0.00873855035752058,0.0021579074673354626,10.0,1.0,10.0
286.0,0.06037117540836334,0.06037117540836334,0.003277446608990431,0.008135322481393814,0.001946138683706522,10.0,1.0,10.0
287.0,0.054852887988090515,0.054852887988090515,0.002977463649585843,0.00756614375859499,0.001751211006194353,10.0,1.0,10.0
288.0,0.049747247248888016,0.049747247248888016,0.002699182601645589,0.007030874025076628,0.0015724546974524856,10.0,1.0,10.0
289.0,0.045038964599370956,0.045038964599370956,0.0024418169632554054,0.006529191508889198,0.0014091604389250278,10.0,1.0,10.0
290.0,0.04071181267499924,0.04071181267499924,0.0022045313380658627,0.006060603074729443,0.0012605894589796662,10.0,1.0,10.0
291.0,0.0367487370967865,0.0367487370967865,0.0019864493515342474,0.005624459125101566,0.0011259784223511815,10.0,1.0,10.0
292.0,0.03313200920820236,0.03313200920820236,0.001786662614904344,0.005219943821430206,0.001004544086754322,10.0,1.0,10.0
293.0,0.029843460768461227,0.029843460768461227,0.0016042371280491352,0.00484611839056015,0.0008954972727224231,10.0,1.0,10.0
294.0,0.026864541694521904,0.026864541694521904,0.0014382199151441455,0.004501907620579004,0.0007980433874763548,10.0,1.0,10.0
295.0,0.024176567792892456,0.024176567792892456,0.001287650316953659,0.004186139442026615,0.0007113926694728434,10.0,1.0,10.0
296.0,0.021760785952210426,0.021760785952210426,0.001151563017629087,0.003897543530911207,0.0006347611197270453,10.0,1.0,10.0
297.0,0.01959860883653164,0.01959860883653164,0.0010290010832250118,0.0036347832065075636,0.0005673814448527992,10.0,1.0,10.0
298.0,0.017671626061201096,0.017671626061201096,0.0009190157288685441,0.0033964617177844048,0.0005085008451715112,10.0,1.0,10.0
299.0,0.015961837023496628,0.015961837023496628,0.0008206797647289932,0.003181138774380088,0.0004573899204842746,10.0,1.0,10.0
300.0,0.01445165928453207,0.01445165928453207,0.0007330873631872237,0.0029873440507799387,0.0004133441252633929,10.0,1.0,10.0
301.0,0.013124109245836735,0.013124109245836735,0.0006553636048920453,0.0028135962784290314,0.00037568769766949117,10.0,1.0,10.0
302.0,0.011962809599936008,0.011962809599936008,0.000586663605645299,0.0026584146544337273,0.00034377584233880043,10.0,1.0,10.0
303.0,0.010952118784189224,0.010952118784189224,0.0005261795013211668,0.0025203321129083633,0.0003169991832692176,10.0,1.0,10.0
304.0,0.010077149607241154,0.010077149607241154,0.00047314216499216855,0.0023979078978300095,0.00029478201759047806,10.0,1.0,10.0
305.0,0.009323827922344208,0.009323827922344208,0.000426821963628754,0.002289749216288328,0.0002765858662314713,10.0,1.0,10.0
306.0,0.008678922429680824,0.008678922429680824,0.00038653233787044883,0.002194510307163,0.0002619089209474623,10.0,1.0,10.0
307.0,0.008130092173814774,0.008130092173814774,0.0003516321303322911,0.0021109033841639757,0.000250286771915853,10.0,1.0,10.0
308.0,0.007665856275707483,0.007665856275707483,0.0003215234319213778,0.0020377086475491524,0.00024129134544637054,10.0,1.0,10.0
309.0,0.007275624666363001,0.007275624666363001,0.00029565428849309683,0.0019737794063985348,0.00023453024914488196,10.0,1.0,10.0
310.0,0.006949673406779766,0.006949673406779766,0.0002735152083914727,0.001918035908602178,0.00022964853269513696,10.0,1.0,10.0
311.0,0.006679157726466656,0.006679157726466656,0.00025464242207817733,0.001869472791440785,0.00022632603941019624,10.0,1.0,10.0
312.0,0.006456038914620876,0.006456038914620876,0.00023861220688559115,0.0018271672306582332,0.00022427494695875794,10.0,1.0,10.0
313.0,0.006273080129176378,0.006273080129176378,0.0002250408724648878,0.0017902713734656572,0.0002232400147477165,10.0,1.0,10.0
314.0,0.006123828701674938,0.006123828701674938,0.00021358460071496665,0.0017580152489244938,0.0002229967067250982,10.0,1.0,10.0
315.0,0.006002549082040787,0.006002549082040787,0.00020393574959598482,0.0017297057202085853,0.00022334855748340487,10.0,1.0,10.0
316.0,0.005904181860387325,0.005904181860387325,0.0001958211068995297,0.001704721711575985,0.0002241249312646687,10.0,1.0,10.0
317.0,0.005824306979775429,0.005824306979775429,0.00018900026043411344,0.0016825147904455662,0.00022517895558848977,10.0,1.0,10.0
318.0,0.005759086925536394,0.005759086925536394,0.00018326185818295926,0.001662601949647069,0.00022638663358520716,10.0,1.0,10.0
319.0,0.005705239251255989,0.005705239251255989,0.000178422691533342,0.0016445592045783997,0.00022764534514863044,10.0,1.0,10.0
320.0,0.0056599583476781845,0.0056599583476781845,0.00017432447930332273,0.0016280210111290216,0.00022886923397891223,10.0,1.0,10.0
321.0,0.005620880518108606,0.005620880518108606,0.00017083047714550048,0.0016126722330227494,0.00022999034263193607,10.0,1.0,10.0
322.0,0.0055860485881567,0.0055860485881567,0.0001678253902355209,0.0015982487238943577,0.0002309545670868829,10.0,1.0,10.0
323.0,0.005553866270929575,0.005553866270929575,0.0001652112405281514,0.0015845203306525946,0.0002317233447683975,10.0,1.0,10.0
324.0,0.005523046012967825,0.005523046012967825,0.00016290703206323087,0.001571302069351077,0.00023226735356729478,10.0,1.0,10.0
325.0,0.005492554046213627,0.005492554046213627,0.0001608438469702378,0.0015584432985633612,0.0002325672103324905,10.0,1.0,10.0
326.0,0.005461635068058968,0.005461635068058968,0.0001589686726219952,0.0015458238776773214,0.00023261242313310504,10.0,1.0,10.0
327.0,0.005429696291685104,0.005429696291685104,0.00015723636897746474,0.00153335090726614,0.00023239816073328257,10.0,1.0,10.0
328.0,0.005396339111030102,0.005396339111030102,0.0001556123315822333,0.0015209554694592953,0.0002319260238436982,10.0,1.0,10.0
329.0,0.005361303221434355,0.005361303221434355,0.00015406913007609546,0.001508583314716816,0.00023120285186450928,10.0,1.0,10.0
330.0,0.005324459634721279,0.005324459634721279,0.0001525861007394269,0.001496197422966361,0.00023024015536066145,10.0,1.0,10.0
331.0,0.005285755265504122,0.005285755265504122,0.0001511466398369521,0.00148376589640975,0.0002290522970724851,10.0,1.0,10.0
332.0,0.00524522177875042,0.00524522177875042,0.00014973912038840353,0.0014712782576680183,0.00022765521134715527,10.0,1.0,10.0
333.0,0.0052029648795723915,0.0052029648795723915,0.00014835699403192848,0.0014587279874831438,0.00022606670972891152,10.0,1.0,10.0
334.0,0.005159107036888599,0.005159107036888599,0.00014699448365718126,0.00144611531868577,0.00022430469107348472,10.0,1.0,10.0
335.0,0.005113821476697922,0.005113821476697922,0.00014564870798494667,0.0014334486331790686,0.00022238858218770474,10.0,1.0,10.0
336.0,0.005067295394837856,0.005067295394837856,0.00014431937597692013,0.0014207410858944058,0.00022033604909665883,10.0,1.0,10.0
337.0,0.005019722040742636,0.005019722040742636,0.000143005745485425,0.0014080047840252519,0.0002181659801863134,10.0,1.0,10.0
338.0,0.004971312824636698,0.004971312824636698,0.00014170934446156025,0.0013952534645795822,0.00021589659445453435,10.0,1.0,10.0
339.0,0.004922256339341402,0.004922256339341402,0.00014043020200915635,0.001382499118335545,0.00021354551427066326,10.0,1.0,10.0
340.0,0.004872744902968407,0.004872744902968407,0.00013917013711761683,0.0013697573449462652,0.00021112864487804472,10.0,1.0,10.0
341.0,0.004822965711355209,0.004822965711355209,0.00013793015386909246,0.0013570375740528107,0.00020866267732344568,10.0,1.0,10.0
342.0,0.004773074761033058,0.004773074761033058,0.0001367118238704279,0.0013443559873849154,0.00020616003894247115,10.0,1.0,10.0
343.0,0.004723222926259041,0.004723222926259041,0.0001355154818156734,0.0013317239936441183,0.00020363443763926625,10.0,1.0,10.0
344.0,0.00467355502769351,0.00467355502769351,0.00013434304855763912,0.0013191524194553494,0.00020109722390770912,10.0,1.0,10.0
345.0,0.004624180030077696,0.004624180030077696,0.00013319446588866413,0.001306655234657228,0.00019855803111568093,10.0,1.0,10.0
346.0,0.004575206432491541,0.004575206432491541,0.00013207051961217076,0.0012942383764311671,0.00019602628890424967,10.0,1.0,10.0
347.0,0.004526709206402302,0.004526709206402302,0.00013097008923068643,0.0012819075491279364,0.00019351007358636707,10.0,1.0,10.0
348.0,0.004478763788938522,0.004478763788938522,0.0001298935094382614,0.0012696670601144433,0.0001910161809064448,10.0,1.0,10.0
349.0,0.004431421402841806,0.004431421402841806,0.00012883931049145758,0.0012575187720358372,0.0001885509554995224,10.0,1.0,10.0
350.0,0.0043847281485795975,0.0043847281485795975,0.00012780643010046333,0.0012454658281058073,0.00018611976702231914,10.0,1.0,10.0
351.0,0.00433870917186141,0.00433870917186141,0.00012679414066951722,0.0012335126521065831,0.00018372549675405025,10.0,1.0,10.0
352.0,0.004293384030461311,0.004293384030461311,0.00012580043403431773,0.0012216591276228428,0.00018137205915991217,10.0,1.0,10.0
353.0,0.004248765762895346,0.004248765762895346,0.00012482437887229025,0.0012099046725779772,0.0001790617243386805,10.0,1.0,10.0
354.0,0.004204851109534502,0.004204851109534502,0.00012386417074594647,0.001198252197355032,0.00017679570009931922,10.0,1.0,10.0
355.0,0.004161634482443333,0.004161634482443333,0.0001229181798407808,0.0011866980930790305,0.00017457544163335115,10.0,1.0,10.0
356.0,0.004119108431041241,0.004119108431041241,0.00012198473996249959,0.001175243640318513,0.0001724017201922834,10.0,1.0,10.0
357.0,0.004077258054167032,0.004077258054167032,0.0001210616173921153,0.0011638810392469168,0.00017027607827913016,10.0,1.0,10.0
358.0,0.0040360563434660435,0.0040360563434660435,0.00012014724779874086,0.001152609707787633,0.0001681974099483341,10.0,1.0,10.0
359.0,0.003995482809841633,0.003995482809841633,0.0001192396812257357,0.001141428598202765,0.0001661657588556409,10.0,1.0,10.0
360.0,0.003955511841922998,0.003955511841922998,0.00011833754979306832,0.0011303344508633018,0.00016418019367847592,10.0,1.0,10.0
361.0,0.0039161192253232,0.0039161192253232,0.00011743952200049534,0.0011193257523700595,0.00016223981219809502,10.0,1.0,10.0
362.0,0.0038772770203649998,0.0038772770203649998,0.00011654427362373099,0.0011083995923399925,0.00016034349391702563,10.0,1.0,10.0
363.0,0.003838957054540515,0.003838957054540515,0.00011565047316253185,0.0010975555051118135,0.0001584896817803383,10.0,1.0,10.0
364.0,0.003801134880632162,0.003801134880632162,0.00011475689098006114,0.0010867915116250515,0.0001566774444654584,10.0,1.0,10.0
365.0,0.0037637792993336916,0.0037637792993336916,0.00011386233381927013,0.0010761022567749023,0.0001549053704366088,10.0,1.0,10.0
366.0,0.0037268684245646,0.0037268684245646,0.00011296601587673649,0.0010654870420694351,0.00015317210636567324,10.0,1.0,10.0
367.0,0.0036903750151395798,0.0036903750151395798,0.00011206661292817444,0.0010549402795732021,0.00015147686644922942,10.0,1.0,10.0
368.0,0.003654283005744219,0.003654283005744219,0.00011116430687252432,0.0010444653453305364,0.00014981746789999306,10.0,1.0,10.0
369.0,0.0036185584031045437,0.0036185584031045437,0.0001102579481084831,0.0010340583976358175,0.0001481920335208997,10.0,1.0,10.0
370.0,0.00358319072984159,0.00358319072984159,0.00010934750753222033,0.0010237209498882294,0.00014659945736639202,10.0,1.0,10.0
371.0,0.0035481578670442104,0.0035481578670442104,0.00010843307973118499,0.001013450906611979,0.0001450376003049314,10.0,1.0,10.0
372.0,0.0035134463105350733,0.0035134463105350733,0.00010751398076536134,0.0010032473364844918,0.0001435059093637392,10.0,1.0,10.0
373.0,0.003479038830846548,0.003479038830846548,0.0001065904216375202,0.0009931096574291587,0.00014200247824192047,10.0,1.0,10.0
374.0,0.003444918431341648,0.003444918431341648,0.000105661601992324,0.0009830344934016466,0.00014052679762244225,10.0,1.0,10.0
375.0,0.003411079291254282,0.003411079291254282,0.00010472845315234736,0.000973022251855582,0.00013907725224271417,10.0,1.0,10.0
376.0,0.0033775062765926123,0.0033775062765926123,0.00010379073501098901,0.0009630724089220166,0.00013765266339760274,10.0,1.0,10.0
377.0,0.0033441907726228237,0.0033441907726228237,0.00010284865129506215,0.0009531860705465078,0.000136251823278144,10.0,1.0,10.0
378.0,0.003311122301965952,0.003311122301965952,0.0001019031333271414,0.0009433641098439693,0.000134872694616206,10.0,1.0,10.0
379.0,0.003278300864621997,0.003278300864621997,0.00010095442121382803,0.0009336062357760966,0.00013351503002922982,10.0,1.0,10.0
380.0,0.0032457143533974886,0.0032457143533974886,0.00010000256588682532,0.0009239130304194987,0.00013217756350059062,10.0,1.0,10.0
381.0,0.003213360905647278,0.003213360905647278,9.904816397465765e-05,0.0009142825147137046,0.00013085969840176404,10.0,1.0,10.0
382.0,0.003181230742484331,0.003181230742484331,9.809147741179913e-05,0.0009047153871506453,0.00012956005230080336,10.0,1.0,10.0
383.0,0.0031493313144892454,0.0031493313144892454,9.713369217934087e-05,0.000895212753675878,0.0001282781595364213,10.0,1.0,10.0
384.0,0.0031176493503153324,0.0031176493503153324,9.617401519790292e-05,0.0008857741486281157,0.00012701351079158485,10.0,1.0,10.0
385.0,0.0030861860141158104,0.0030861860141158104,9.521410538582131e-05,0.0008763995720073581,0.00012576454901136458,10.0,1.0,10.0
386.0,0.0030549417715519667,0.0030549417715519667,9.4254246505443e-05,0.0008670913521200418,0.00012453079398255795,10.0,1.0,10.0
387.0,0.0030239145271480083,0.0030239145271480083,9.329483873443678e-05,0.0008578494307585061,0.00012331167818047106,10.0,1.0,10.0
388.0,0.0029931054450571537,0.0029931054450571537,9.233666060026735e-05,0.0008486721199005842,0.00012210666318424046,10.0,1.0,10.0
389.0,0.0029625119641423225,0.0029625119641423225,9.137974120676517e-05,0.0008395600598305464,0.00012091543612768874,10.0,1.0,10.0
390.0,0.002932129427790642,0.002932129427790642,9.042471356224269e-05,0.0008305134251713753,0.0001197368765133433,10.0,1.0,10.0
391.0,0.002901965519413352,0.002901965519413352,8.947247260948643e-05,0.000821536872535944,0.0001185703877126798,10.0,1.0,10.0
392.0,0.0028720172122120857,0.0028720172122120857,8.852314203977585e-05,0.0008126262109726667,0.00011741596244974062,10.0,1.0,10.0
393.0,0.0028422842733561993,0.0028422842733561993,8.757734758546576e-05,0.0008037837687879801,0.00011627271305769682,10.0,1.0,10.0
394.0,0.002812767866998911,0.002812767866998911,8.663527842145413e-05,0.0007950084982439876,0.00011514066136442125,10.0,1.0,10.0
395.0,0.002783467061817646,0.002783467061817646,8.56974147609435e-05,0.0007863019127398729,0.0001140190870501101,10.0,1.0,10.0
396.0,0.0027543827891349792,0.0027543827891349792,8.476414222968742e-05,0.0007776630227454007,0.00011290781549178064,10.0,1.0,10.0
397.0,0.0027255122549831867,0.0027255122549831867,8.383524982491508e-05,0.0007690897909924388,0.00011180699220858514,10.0,1.0,10.0
398.0,0.002696865238249302,0.002696865238249302,8.291222911793739e-05,0.0007605847204104066,0.00011071582412114367,10.0,1.0,10.0
399.0,0.002668432891368866,0.002668432891368866,8.199479634640738e-05,0.0007521494990214705,0.00010963353997794911,10.0,1.0,10.0
400.0,0.0026402182411402464,0.0026402182411402464,8.108303154585883e-05,0.000743783195503056,0.00010856047447305173,10.0,1.0,10.0
401.0,0.0026122224517166615,0.0026122224517166615,8.017741492949426e-05,0.0007354847621172667,0.00010749635112006217,10.0,1.0,10.0
402.0,0.0025844431947916746,0.0025844431947916746,7.927836122689769e-05,0.0007272555376403034,0.00010644039866747335,10.0,1.0,10.0
403.0,0.0025568848941475153,0.0025568848941475153,7.838579040253535e-05,0.0007190962787717581,0.00010539306822465733,10.0,1.0,10.0
404.0,0.0025295407976955175,0.0025295407976955175,7.75000371504575e-05,0.0007110066944733262,0.00010435336298542097,10.0,1.0,10.0
405.0,0.0025024190545082092,0.0025024190545082092,7.66211815061979e-05,0.0007029840489849448,0.00010332233068766072,10.0,1.0,10.0
406.0,0.0024755161721259356,0.0024755161721259356,7.574957999167964e-05,0.0006950301467441022,0.00010229901818092912,10.0,1.0,10.0
407.0,0.0024488274939358234,0.0024488274939358234,7.488454866688699e-05,0.000687143299728632,0.00010128386929864064,10.0,1.0,10.0
408.0,0.002422358375042677,0.002422358375042677,7.40269897505641e-05,0.0006793231004849076,0.00010027654934674501,10.0,1.0,10.0
409.0,0.0023961104452610016,0.0023961104452610016,7.317682320717722e-05,0.0006715713534504175,9.927707287715748e-05,10.0,1.0,10.0
410.0,0.002370076719671488,0.002370076719671488,7.233465294120833e-05,0.0006638910272158682,9.828391921473667e-05,10.0,1.0,10.0
411.0,0.002344263717532158,0.002344263717532158,7.149986049626023e-05,0.000656279269605875,9.729859448270872e-05,10.0,1.0,10.0
412.0,0.0023186637554317713,0.0023186637554317713,7.067261321935803e-05,0.0006487364880740643,9.632012370275334e-05,10.0,1.0,10.0
413.0,0.0022932817228138447,0.0022932817228138447,6.985312211327255e-05,0.0006412617512978613,9.534887067275122e-05,10.0,1.0,10.0
414.0,0.0022681180853396654,0.0022681180853396654,6.904127803863958e-05,0.0006338526727631688,9.438526467420161e-05,10.0,1.0,10.0
415.0,0.002243169117718935,0.002243169117718935,6.823699368396774e-05,0.0006265118718147278,9.342874545836821e-05,10.0,1.0,10.0
416.0,0.0022184334229677916,0.0022184334229677916,6.744033453287557e-05,0.0006192376604303718,9.247923298971727e-05,10.0,1.0,10.0
417.0,0.00219391449354589,0.00219391449354589,6.66514242766425e-05,0.0006120303296484053,9.153699647868052e-05,10.0,1.0,10.0
418.0,0.002169610233977437,0.002169610233977437,6.587030657101423e-05,0.0006048907525837421,9.060164302354679e-05,10.0,1.0,10.0
419.0,0.0021455194801092148,0.0021455194801092148,6.509686500066891e-05,0.0005978199187666178,8.967309258878231e-05,10.0,1.0,10.0
420.0,0.002121639670804143,0.002121639670804143,6.433115049730986e-05,0.0005908165476284921,8.875115599948913e-05,10.0,1.0,10.0
421.0,0.0020979749970138073,0.0020979749970138073,6.357299571391195e-05,0.0005838788347318769,8.783661178313196e-05,10.0,1.0,10.0
422.0,0.0020745168440043926,0.0020745168440043926,6.28220004728064e-05,0.0005770058487541974,8.692908886587247e-05,10.0,1.0,10.0
423.0,0.0020512742921710014,0.0020512742921710014,6.207866681506857e-05,0.0005702003254555166,8.602874731877819e-05,10.0,1.0,10.0
424.0,0.0020282426849007607,0.0020282426849007607,6.134316208772361e-05,0.0005634622648358345,8.513485954608768e-05,10.0,1.0,10.0
425.0,0.0020054189953953028,0.0020054189953953028,6.061499152565375e-05,0.0005567900370806456,8.42479057610035e-05,10.0,1.0,10.0
426.0,0.0019828067161142826,0.0019828067161142826,5.989426063024439e-05,0.0005501841078512371,8.336799510288984e-05,10.0,1.0,10.0
427.0,0.0019604035187512636,0.0019604035187512636,5.918100941926241e-05,0.0005436429055407643,8.249504753621295e-05,10.0,1.0,10.0
428.0,0.0019382070749998093,0.0019382070749998093,5.847478314535692e-05,0.0005371669540181756,8.162923040799797e-05,10.0,1.0,10.0
429.0,0.0019162178505212069,0.0019162178505212069,5.7775629102252424e-05,0.0005307560786604881,8.07705509942025e-05,10.0,1.0,10.0
430.0,0.0018944344483315945,0.0018944344483315945,5.708382013835944e-05,0.0005244104540906847,7.991858728928491e-05,10.0,1.0,10.0
431.0,0.0018728565191850066,0.0018728565191850066,5.639914525090717e-05,0.0005181315937079489,7.907334656920284e-05,10.0,1.0,10.0
432.0,0.0018514844123274088,0.0018514844123274088,5.572171721723862e-05,0.0005119166453368962,7.82350471126847e-05,10.0,1.0,10.0
433.0,0.0018303178949281573,0.0018303178949281573,5.5051154049579054e-05,0.0005057670059613883,7.740392902633175e-05,10.0,1.0,10.0
434.0,0.0018093519611284137,0.0018093519611284137,5.4387386626331136e-05,0.000499678950291127,7.657991955056787e-05,10.0,1.0,10.0
435.0,0.0017885924316942692,0.0017885924316942692,5.373054227675311e-05,0.0004936550976708531,7.576318603241816e-05,10.0,1.0,10.0
436.0,0.0017680309247225523,0.0017680309247225523,5.30803736182861e-05,0.00048769518616609275,7.49531973269768e-05,10.0,1.0,10.0
437.0,0.0017476731445640326,0.0017476731445640326,5.243711711955257e-05,0.0004817998269572854,7.415022264467552e-05,10.0,1.0,10.0
438.0,0.0017275165300816298,0.0017275165300816298,5.1800750952679664e-05,0.0004759679432027042,7.33541019144468e-05,10.0,1.0,10.0
439.0,0.00170755700673908,0.00170755700673908,5.1171035011066124e-05,0.0004701993602793664,7.256473327288404e-05,10.0,1.0,10.0
440.0,0.0016877981834113598,0.0016877981834113598,5.0547911087051034e-05,0.0004644930304493755,7.178261148510501e-05,10.0,1.0,10.0
441.0,0.0016682345885783434,0.0016682345885783434,4.993092443328351e-05,0.000458848022390157,7.100772199919447e-05,10.0,1.0,10.0
442.0,0.0016488708788529038,0.0016488708788529038,4.9320762627758086e-05,0.00045326512190513313,7.023981015663594e-05,10.0,1.0,10.0
443.0,0.0016297015827149153,0.0016297015827149153,4.871688361163251e-05,0.0004477440379559994,6.947887595742941e-05,10.0,1.0,10.0
444.0,0.0016107270494103432,0.0016107270494103432,4.811944381799549e-05,0.00044228529441170394,6.872473750263453e-05,10.0,1.0,10.0
445.0,0.0015919452998787165,0.0015919452998787165,4.7528297727694735e-05,0.00043688801815733314,6.797743844799697e-05,10.0,1.0,10.0
446.0,0.0015733609907329082,0.0015733609907329082,4.694356175605208e-05,0.00043155165622010827,6.723736441927031e-05,10.0,1.0,10.0
447.0,0.0015549673698842525,0.0015549673698842525,4.636506855604239e-05,0.00042627641232684255,6.650402065133676e-05,10.0,1.0,10.0
448.0,0.0015367630403488874,0.0015367630403488874,4.5792785385856405e-05,0.00042106126784347,6.577738531632349e-05,10.0,1.0,10.0
449.0,0.0015187510289251804,0.0015187510289251804,4.52263921033591e-05,0.00041590514592826366,6.505819328594953e-05,10.0,1.0,10.0
450.0,0.001500927610322833,0.001500927610322833,4.4665925088338554e-05,0.0004108082503080368,6.434600800275803e-05,10.0,1.0,10.0
451.0,0.0014832929009571671,0.0014832929009571671,4.411186455399729e-05,0.00040577066829428077,6.364035652950406e-05,10.0,1.0,10.0
452.0,0.001465844688937068,0.001465844688937068,4.3563766666920856e-05,0.0004007935640402138,6.294135528150946e-05,10.0,1.0,10.0
453.0,0.0014485841384157538,0.0014485841384157538,4.302174420445226e-05,0.0003958751040045172,6.224915705388412e-05,10.0,1.0,10.0
454.0,0.0014315084554255009,0.0014315084554255009,4.2485451558604836e-05,0.00039101485162973404,6.156391464173794e-05,10.0,1.0,10.0
455.0,0.0014146193861961365,0.0014146193861961365,4.195509245619178e-05,0.0003862131852656603,6.088552618166432e-05,10.0,1.0,10.0
456.0,0.0013979098293930292,0.0013979098293930292,4.143058322370052e-05,0.0003814688534475863,6.021351146046072e-05,10.0,1.0,10.0
457.0,0.0013813833938911557,0.0013813833938911557,4.091174196219072e-05,0.00037678121589124203,5.954847438260913e-05,10.0,1.0,10.0
458.0,0.0013650408945977688,0.0013650408945977688,4.039862324134447e-05,0.0003721491084434092,5.889056046726182e-05,10.0,1.0,10.0
459.0,0.0013488747645169497,0.0013488747645169497,3.9890936022857204e-05,0.0003675734915304929,5.823918399983086e-05,10.0,1.0,10.0
460.0,0.001332888612523675,0.001332888612523675,3.938920417567715e-05,0.0003630545688793063,5.7594195823185146e-05,10.0,1.0,10.0
461.0,0.0013170812744647264,0.0013170812744647264,3.8892991142347455e-05,0.00035859268973581493,5.695586878573522e-05,10.0,1.0,10.0
462.0,0.001301449490711093,0.001301449490711093,3.840255885734223e-05,0.00035418756306171417,5.632362808682956e-05,10.0,1.0,10.0
463.0,0.0012859938433393836,0.0012859938433393836,3.791772178374231e-05,0.0003498367150314152,5.5697993957437575e-05,10.0,1.0,10.0
464.0,0.0012707130517810583,0.0012707130517810583,3.743831257452257e-05,0.0003455403493717313,5.507895184564404e-05,10.0,1.0,10.0
465.0,0.0012556056026369333,0.0012556056026369333,3.696399653563276e-05,0.00034129692357964814,5.4466883739223704e-05,10.0,1.0,10.0
466.0,0.0012406710302457213,0.0012406710302457213,3.6495213862508535e-05,0.0003371071070432663,5.386117845773697e-05,10.0,1.0,10.0
467.0,0.0012259089853614569,0.0012259089853614569,3.603192817536183e-05,0.00033297049230895936,5.3261926950654015e-05,10.0,1.0,10.0
468.0,0.0012113112024962902,0.0012113112024962902,3.5574063076637685e-05,0.0003288877778686583,5.2668274292955175e-05,10.0,1.0,10.0
469.0,0.0011968872277066112,0.0011968872277066112,3.5121738619636744e-05,0.0003248599241487682,5.2080988098168746e-05,10.0,1.0,10.0
470.0,0.0011826293775811791,0.0011826293775811791,3.467436908977106e-05,0.0003208838461432606,5.1500184781616554e-05,10.0,1.0,10.0
471.0,0.001168539049103856,0.001168539049103856,3.423223824938759e-05,0.00031695899087935686,5.092577339382842e-05,10.0,1.0,10.0
472.0,0.0011546110035851598,0.0011546110035851598,3.3795276976889e-05,0.00031308585312217474,5.035724097979255e-05,10.0,1.0,10.0
473.0,0.0011408496648073196,0.0011408496648073196,3.336362715344876e-05,0.00030926315230317414,4.9795031372923404e-05,10.0,1.0,10.0
474.0,0.0011272511910647154,0.0011272511910647154,3.2936914067249745e-05,0.0003054912085644901,4.923908272758126e-05,10.0,1.0,10.0
475.0,0.001113812206313014,0.001113812206313014,3.2515199563931674e-05,0.00030176903237588704,4.868911491939798e-05,10.0,1.0,10.0
476.0,0.001100537134334445,0.001100537134334445,3.209880742360838e-05,0.0002980984281748533,4.814506246475503e-05,10.0,1.0,10.0
477.0,0.0010874189902096987,0.0010874189902096987,3.168730836478062e-05,0.00029447730048559606,4.760685988003388e-05,10.0,1.0,10.0
478.0,0.0010744576575234532,0.0010744576575234532,3.128077878500335e-05,0.00029090530006214976,4.707445623353124e-05,10.0,1.0,10.0
479.0,0.0010616558138281107,0.0010616558138281107,3.0879371479386464e-05,0.0002873821067623794,4.654799704439938e-05,10.0,1.0,10.0
480.0,0.0010490091517567635,0.0010490091517567635,3.0482775400741957e-05,0.00028390801162458956,4.602733679348603e-05,10.0,1.0,10.0
481.0,0.0010365162743255496,0.0010365162743255496,3.009078500326723e-05,0.0002804808027576655,4.5512759243138134e-05,10.0,1.0,10.0
482.0,0.0010241771815344691,0.0010241771815344691,2.9703802283620462e-05,0.00027710042195394635,4.5003867853665724e-05,10.0,1.0,10.0
483.0,0.0010119903599843383,0.0010119903599843383,2.9321534384507686e-05,0.0002737673930823803,4.45007644884754e-05,10.0,1.0,10.0
484.0,0.000999951851554215,0.000999951851554215,2.8944090445293114e-05,0.00027048157062381506,4.400293983053416e-05,10.0,1.0,10.0
485.0,0.0009880667785182595,0.0009880667785182595,2.8571403163368814e-05,0.0002672424307093024,4.351102688815445e-05,10.0,1.0,10.0
486.0,0.000976327748503536,0.000976327748503536,2.820336703734938e-05,0.0002640497696120292,4.30244326707907e-05,10.0,1.0,10.0
487.0,0.0009647351689636707,0.0009647351689636707,2.7839896574732848e-05,0.000260902481386438,4.2543371819192544e-05,10.0,1.0,10.0
488.0,0.0009532884578220546,0.0009532884578220546,2.7481113647809252e-05,0.0002578004205133766,4.206768790027127e-05,10.0,1.0,10.0
489.0,0.0009419874986633658,0.0009419874986633658,2.7126927307108417e-05,0.0002547424519434571,4.159758100286126e-05,10.0,1.0,10.0
490.0,0.0009308295557275414,0.0009308295557275414,2.677709017007146e-05,0.0002517281100153923,4.1133054764941335e-05,10.0,1.0,10.0
491.0,0.0009198149782605469,0.0009198149782605469,2.6431851438246667e-05,0.00024875832605175674,4.067381451022811e-05,10.0,1.0,10.0
492.0,0.0009089384111575782,0.0009089384111575782,2.6090860046679154e-05,0.00024583248887211084,4.021972927148454e-05,10.0,1.0,10.0
493.0,0.0008982047438621521,0.0008982047438621521,2.5754754460649565e-05,0.00024295006005559117,3.977071537519805e-05,10.0,1.0,10.0
494.0,0.0008876079809851944,0.0008876079809851944,2.5422767066629604e-05,0.00024011048662941903,3.9326980186160654e-05,10.0,1.0,10.0
495.0,0.0008771471912041306,0.0008771471912041306,2.509510886739008e-05,0.0002373124152654782,3.888836727128364e-05,10.0,1.0,10.0
496.0,0.0008668233058415353,0.0008668233058415353,2.477166708558798e-05,0.0002345563843846321,3.8455025787698105e-05,10.0,1.0,10.0
497.0,0.0008566338219679892,0.0008566338219679892,2.4452350771753117e-05,0.00023184053134173155,3.802697756327689e-05,10.0,1.0,10.0
498.0,0.0008465792052447796,0.0008465792052447796,2.41374691540841e-05,0.00022916703892406076,3.7603749660775065e-05,10.0,1.0,10.0
499.0,0.0008366571855731308,0.0008366571855731308,2.3826938559068367e-05,0.00022653456835541874,3.7185323890298605e-05,10.0,1.0,10.0
500.0,0.0008268645615316927,0.0008268645615316927,2.3520406102761626e-05,0.00022394239204004407,3.677180939121172e-05,10.0,1.0,10.0
501.0,0.0008172013913281262,0.0008172013913281262,2.321799547644332e-05,0.0002213897241745144,3.6363169783726335e-05,10.0,1.0,10.0
502.0,0.0008076655212789774,0.0008076655212789774,2.2919432012713514e-05,0.00021887639013584703,3.59594814653974e-05,10.0,1.0,10.0
503.0,0.000798259861767292,0.000798259861767292,2.2624995835940354e-05,0.00021640153136104345,3.556083902367391e-05,10.0,1.0,10.0
504.0,0.0007889785920269787,0.0007889785920269787,2.2334521418088116e-05,0.0002139659773092717,3.516674041748047e-05,10.0,1.0,10.0
505.0,0.0007798232836648822,0.0007798232836648822,2.2048159735277295e-05,0.00021156891307327896,3.4777276596287265e-05,10.0,1.0,10.0
506.0,0.0007707920740358531,0.0007707920740358531,2.176572525058873e-05,0.00020920898532494903,3.4392585803288966e-05,10.0,1.0,10.0
507.0,0.0007618814706802368,0.0007618814706802368,2.1487026970135048e-05,0.00020688623772002757,3.4012500691460446e-05,10.0,1.0,10.0
508.0,0.0007530925213359296,0.0007530925213359296,2.1212066712905653e-05,0.00020460065570659935,3.3637119486229494e-05,10.0,1.0,10.0
509.0,0.0007444243528880179,0.0007444243528880179,2.0941115508321673e-05,0.00020235206466168165,3.3266114769503474e-05,10.0,1.0,10.0
510.0,0.0007358742295764387,0.0007358742295764387,2.067387686111033e-05,0.00020013964967802167,3.289958112873137e-05,10.0,1.0,10.0
511.0,0.0007274409290403128,0.0007274409290403128,2.041049810941331e-05,0.00019796313426923007,3.253728209529072e-05,10.0,1.0,10.0
512.0,0.0007191246841102839,0.0007191246841102839,2.0150531781837344e-05,0.00019582176173571497,3.217975972802378e-05,10.0,1.0,10.0
513.0,0.0007109224097803235,0.0007109224097803235,1.989412703551352e-05,0.00019371596863493323,3.182651926181279e-05,10.0,1.0,10.0
514.0,0.0007028358522802591,0.0007028358522802591,1.9641476683318615e-05,0.0001916438341140747,3.1477724405704066e-05,10.0,1.0,10.0
515.0,0.0006948619848117232,0.0006948619848117232,1.9392549802432768e-05,0.00018960624583996832,3.1133025913732126e-05,10.0,1.0,10.0
516.0,0.000686998013406992,0.000686998013406992,1.9147117200191133e-05,0.00018760222883429378,3.079246380366385e-05,10.0,1.0,10.0
517.0,0.0006792453350499272,0.0006792453350499272,1.8905104298028164e-05,0.00018563162302598357,3.0456267268164083e-05,10.0,1.0,10.0
518.0,0.0006716013886034489,0.0006716013886034489,1.866638740466442e-05,0.00018369464669376612,3.0124287150101736e-05,10.0,1.0,10.0
519.0,0.0006640653591603041,0.0006640653591603041,1.8431148419040255e-05,0.0001817889278754592,2.9796496164635755e-05,10.0,1.0,10.0
520.0,0.0006566374795511365,0.0006566374795511365,1.8199347323388793e-05,0.00017991622735280544,2.9472779715433717e-05,10.0,1.0,10.0
521.0,0.0006493143737316132,0.0006493143737316132,1.7971155102713965e-05,0.00017807577387429774,2.9152708520996384e-05,10.0,1.0,10.0
522.0,0.0006420963327400386,0.0006420963327400386,1.774612974259071e-05,0.0001762669999152422,2.8836802812293172e-05,10.0,1.0,10.0
523.0,0.000634979922324419,0.000634979922324419,1.7524083887110464e-05,0.00017448888684157282,2.852501711458899e-05,10.0,1.0,10.0
524.0,0.000627965375315398,0.000627965375315398,1.7305381334153935e-05,0.00017274128913413733,2.8217025828780606e-05,10.0,1.0,10.0
525.0,0.0006210545543581247,0.0006210545543581247,1.709018397377804e-05,0.00017102416313719004,2.7912854420719668e-05,10.0,1.0,10.0
526.0,0.0006142404163256288,0.0006142404163256288,1.6877946109161712e-05,0.00016933643200900406,2.761244832072407e-05,10.0,1.0,10.0
527.0,0.0006075282581150532,0.0006075282581150532,1.6668822354404256e-05,0.00016767809574957937,2.7316194973536767e-05,10.0,1.0,10.0
528.0,0.0006009117350913584,0.0006009117350913584,1.6462639905512333e-05,0.0001660491107031703,2.7023621441912837e-05,10.0,1.0,10.0
529.0,0.0005943909054622054,0.0005943909054622054,1.6259526091744192e-05,0.0001644488947931677,2.673467133718077e-05,10.0,1.0,10.0
530.0,0.000587967224419117,0.000587967224419117,1.6059691915870644e-05,0.00016287827747873962,2.6449200959177688e-05,10.0,1.0,10.0
531.0,0.0005816358607262373,0.0005816358607262373,1.586276266607456e-05,0.00016133532335516065,2.6167290343437344e-05,10.0,1.0,10.0
532.0,0.0005753999575972557,0.0005753999575972557,1.5668932974222116e-05,0.00015982022159732878,2.5889039534376934e-05,10.0,1.0,10.0
533.0,0.00056925427634269,0.00056925427634269,1.5477729903068393e-05,0.00015833161887712777,2.561453584348783e-05,10.0,1.0,10.0
534.0,0.0005632005631923676,0.0005632005631923676,1.5289357179426588e-05,0.0001568698207847774,2.534371924411971e-05,10.0,1.0,10.0
535.0,0.0005572353838942945,0.0005572353838942945,1.5103798432392068e-05,0.0001554346235934645,2.5076280508073978e-05,10.0,1.0,10.0
536.0,0.0005513596115633845,0.0005513596115633845,1.4921284673619084e-05,0.0001540256926091388,2.4812108676997013e-05,10.0,1.0,10.0
537.0,0.0005455718492157757,0.0005455718492157757,1.4741590348421596e-05,0.00015264301327988505,2.455129288136959e-05,10.0,1.0,10.0
538.0,0.0005398702342063189,0.0005398702342063189,1.4564551747753285e-05,0.0001512862800154835,2.4293845854117535e-05,10.0,1.0,10.0
539.0,0.0005342551739886403,0.0005342551739886403,1.4390172509592958e-05,0.00014995508536230773,2.4039834897848777e-05,10.0,1.0,10.0
540.0,0.000528723350726068,0.000528723350726068,1.4218504475138616e-05,0.00014864825061522424,2.3789001716068015e-05,10.0,1.0,10.0
541.0,0.0005232757539488375,0.0005232757539488375,1.4049441233510152e-05,0.0001473648298997432,2.3541651898995042e-05,10.0,1.0,10.0
542.0,0.000517909589689225,0.000517909589689225,1.3882976418244652e-05,0.00014610601647291332,2.3297381630982272e-05,10.0,1.0,10.0
543.0,0.0005126255564391613,0.0005126255564391613,1.3719086382479873e-05,0.0001448709226679057,2.305637826793827e-05,10.0,1.0,10.0
544.0,0.000507422024384141,0.000507422024384141,1.3557680176745635e-05,0.0001436595484847203,2.2818569050286897e-05,10.0,1.0,10.0
545.0,0.0005022981786169112,0.0005022981786169112,1.3398890587268397e-05,0.00014247209765017033,2.2583717509405687e-05,10.0,1.0,10.0
546.0,0.0004972510505467653,0.0004972510505467653,1.3242602108221035e-05,0.00014130711497273296,2.2351794541464187e-05,10.0,1.0,10.0
547.0,0.0004922820953652263,0.0004922820953652263,1.3088900232105516e-05,0.00014016494969837368,2.212281287938822e-05,10.0,1.0,10.0
548.0,0.0004873896832577884,0.0004873896832577884,1.2937494830111973e-05,0.00013904456864111125,2.1897016267757863e-05,10.0,1.0,10.0
549.0,0.00048257148591801524,0.00048257148591801524,1.2788185813406017e-05,0.00013794486585538834,2.167447928513866e-05,10.0,1.0,10.0
550.0,0.0004778287548106164,0.0004778287548106164,1.2641261491808109e-05,0.00013686687452718616,2.1454927264130674e-05,10.0,1.0,10.0
551.0,0.0004731599474325776,0.0004731599474325776,1.2496785529947374e-05,0.00013580993982031941,2.1238214685581625e-05,10.0,1.0,10.0
552.0,0.0004685631429310888,0.0004685631429310888,1.2354958926152904e-05,0.00013477489119395614,2.102386497426778e-05,10.0,1.0,10.0
553.0,0.0004640371771529317,0.0004640371771529317,1.2215102287882473e-05,0.000133760433527641,2.0812572984141298e-05,10.0,1.0,10.0
554.0,0.0004595817008521408,0.0004595817008521408,1.2077355677320156e-05,0.000132766057504341,2.060420774796512e-05,10.0,1.0,10.0
555.0,0.0004551969177555293,0.0004551969177555293,1.1942044693569187e-05,0.00013179185043554753,2.0398461856530048e-05,10.0,1.0,10.0
556.0,0.00045087962644174695,0.00045087962644174695,1.1808702765847556e-05,0.0001308367500314489,2.0195584511384368e-05,10.0,1.0,10.0
557.0,0.0004466307000257075,0.0004466307000257075,1.1677632755890954e-05,0.0001299011055380106,1.9995328329969198e-05,10.0,1.0,10.0
558.0,0.00044244725722819567,0.00044244725722819567,1.1548618203960359e-05,0.0001289841311518103,1.9797693312284537e-05,10.0,1.0,10.0
559.0,0.00043833121890202165,0.00043833121890202165,1.1421705494285561e-05,0.00012808569590561092,1.9602848624344915e-05,10.0,1.0,10.0
560.0,0.00043427941272966564,0.00043427941272966564,1.1296685443085153e-05,0.00012720598897431046,1.9410657841945067e-05,10.0,1.0,10.0
561.0,0.0004302911111153662,0.0004302911111153662,1.1173795428476296e-05,0.00012634461745619774,1.9220855392632075e-05,10.0,1.0,10.0
562.0,0.0004263675073161721,0.0004263675073161721,1.105302362702787e-05,0.00012550130486488342,1.9033597709494643e-05,10.0,1.0,10.0
563.0,0.00042250537080690265,0.00042250537080690265,1.0934291822195519e-05,0.00012467583292163908,1.8848661056836136e-05,10.0,1.0,10.0
564.0,0.00041870519635267556,0.00041870519635267556,1.0817504517035559e-05,0.00012386732851155102,1.8666283722268417e-05,10.0,1.0,10.0
565.0,0.00041496523772366345,0.00041496523772366345,1.0702370673243422e-05,0.00012307487486395985,1.848666579462588e-05,10.0,1.0,10.0
566.0,0.0004112857859581709,0.0004112857859581709,1.0589102203084622e-05,0.00012229959247633815,1.8309518054593354e-05,10.0,1.0,10.0
567.0,0.0004076635232195258,0.0004076635232195258,1.0477750038262457e-05,0.00012154063733760267,1.8134536730940454e-05,10.0,1.0,10.0
568.0,0.0004041011561639607,0.0004041011561639607,1.0368490620749071e-05,0.00012079816224286333,1.7961807316169143e-05,10.0,1.0,10.0
569.0,0.00040059484308585525,0.00040059484308585525,1.0260990165988915e-05,0.00012007228360744193,1.7791264326660894e-05,10.0,1.0,10.0
570.0,0.00039714633021503687,0.00039714633021503687,1.0155159543501213e-05,0.00011936172086279839,1.762329884513747e-05,10.0,1.0,10.0
571.0,0.00039375200867652893,0.00039375200867652893,1.005100511974888e-05,0.00011866598651977256,1.7457596186432056e-05,10.0,1.0,10.0
572.0,0.0003904127806890756,0.0003904127806890756,9.948618753696792e-06,0.00011798558989539742,1.7294099961873144e-05,10.0,1.0,10.0
573.0,0.0003871278022415936,0.0003871278022415936,9.848065928963479e-06,0.00011731984704965726,1.7132730135926977e-05,10.0,1.0,10.0
574.0,0.0003838958218693733,0.0003838958218693733,9.749091077537742e-06,0.00011666851059999317,1.697363768471405e-05,10.0,1.0,10.0
575.0,0.00038071657763794065,0.00038071657763794065,9.651737855165266e-06,0.00011603202437981963,1.6816717106848955e-05,10.0,1.0,10.0
576.0,0.00037758806138299406,0.00037758806138299406,9.556043551128823e-06,0.00011540958075784147,1.6661804693285376e-05,10.0,1.0,10.0
577.0,0.00037451297976076603,0.00037451297976076603,9.462080925004557e-06,0.00011480112880235538,1.6509105989825912e-05,10.0,1.0,10.0
578.0,0.0003714854537975043,0.0003714854537975043,9.369603503728285e-06,0.00011420623923186213,1.635831722524017e-05,10.0,1.0,10.0
579.0,0.0003685086267068982,0.0003685086267068982,9.278741345042363e-06,0.00011362475925125182,1.620964758330956e-05,10.0,1.0,10.0
580.0,0.0003655800537671894,0.0003655800537671894,9.189444426738191e-06,0.00011305639054626226,1.606292244105134e-05,10.0,1.0,10.0
581.0,0.000362699618563056,0.000362699618563056,9.10146627575159e-06,0.00011249999806750566,1.5918496501399204e-05,10.0,1.0,10.0
582.0,0.00035986665170639753,0.00035986665170639753,9.01508883544011e-06,0.0001119568623835221,1.5775889551150613e-05,10.0,1.0,10.0
583.0,0.00035708025097846985,0.00035708025097846985,8.930202056944836e-06,0.00011142642324557528,1.563517980684992e-05,10.0,1.0,10.0
584.0,0.00035433887387625873,0.00035433887387625873,8.846828677633312e-06,0.0001109086224460043,1.549619628349319e-05,10.0,1.0,10.0
585.0,0.0003516429278533906,0.0003516429278533906,8.764886842982378e-06,0.00011040272511309013,1.5359133612946607e-05,10.0,1.0,10.0
586.0,0.00034899223828688264,0.00034899223828688264,8.684285603521857e-06,0.00010990802547894418,1.5224133676383644e-05,10.0,1.0,10.0
587.0,0.0003463846514932811,0.0003463846514932811,8.60495856613852e-06,0.00010942470544250682,1.5091038221726194e-05,10.0,1.0,10.0
588.0,0.00034381967270746827,0.00034381967270746827,8.52706580189988e-06,0.00010895282321143895,1.495961805630941e-05,10.0,1.0,10.0
589.0,0.00034129846608266234,0.00034129846608266234,8.45061003929004e-06,0.00010849206591956317,1.4830028703727294e-05,10.0,1.0,10.0
590.0,0.00033881745184771717,0.00033881745184771717,8.37530751596205e-06,0.00010804249905049801,1.4702186490467284e-05,10.0,1.0,10.0
591.0,0.0003363784635439515,0.0003363784635439515,8.301377420139033e-06,0.00010760394798126072,1.4576073226635344e-05,10.0,1.0,10.0
592.0,0.00033398091909475625,0.00033398091909475625,8.228863407566678e-06,0.00010717567056417465,1.445166071789572e-05,10.0,1.0,10.0
593.0,0.0003316207439638674,0.0003316207439638674,8.157498086802661e-06,0.00010675784142222255,1.4328790712170303e-05,10.0,1.0,10.0
594.0,0.00032930111046880484,0.00032930111046880484,8.087300557235721e-06,0.00010634947830112651,1.4207861568138469e-05,10.0,1.0,10.0
595.0,0.0003270211163908243,0.0003270211163908243,8.018399057618808e-06,0.00010595137428026646,1.4088573152548634e-05,10.0,1.0,10.0
596.0,0.00032477680360898376,0.00032477680360898376,7.950501640152652e-06,0.00010556296911090612,1.3970881809655111e-05,10.0,1.0,10.0
597.0,0.00032257105340249836,0.00032257105340249836,7.883960279286839e-06,0.00010518427734496072,1.3854718417860568e-05,10.0,1.0,10.0
598.0,0.0003204029053449631,0.0003204029053449631,7.818739504728e-06,0.00010481505887582898,1.3740043868892826e-05,10.0,1.0,10.0
599.0,0.00031826947815716267,0.00031826947815716267,7.75452281231992e-06,0.00010445493535371497,1.3626932741317432e-05,10.0,1.0,10.0
600.0,0.0003161720815114677,0.0003161720815114677,7.691333848924842e-06,0.00010410315007902682,1.3515558748622425e-05,10.0,1.0,10.0
601.0,0.0003141108318232,0.0003141108318232,7.629151696164627e-06,0.00010376006684964523,1.3405924619291909e-05,10.0,1.0,10.0
602.0,0.0003120821202173829,0.0003120821202173829,7.568214186903788e-06,0.0001034258384606801,1.3297414625412785e-05,10.0,1.0,10.0
603.0,0.00031008824589662254,0.00031008824589662254,7.5084076343046036e-06,0.00010310022480553016,1.3190394383855164e-05,10.0,1.0,10.0
604.0,0.00030812836484983563,0.00030812836484983563,7.449684744642582e-06,0.0001027834732667543,1.3084802048979327e-05,10.0,1.0,10.0
605.0,0.00030620035249739885,0.00030620035249739885,7.391847248072736e-06,0.00010247447062283754,1.2980739484191872e-05,10.0,1.0,10.0
606.0,0.00030430479091592133,0.00030430479091592133,7.335055670409929e-06,0.00010217326052952558,1.2878096640633885e-05,10.0,1.0,10.0
607.0,0.00030244095250964165,0.00030244095250964165,7.279272267624037e-06,0.00010187971929553896,1.2776852599927224e-05,10.0,1.0,10.0
608.0,0.0003006085753440857,0.0003006085753440857,7.224567980301799e-06,0.00010159376688534394,1.2676910955633502e-05,10.0,1.0,10.0
609.0,0.00029880658257752657,0.00029880658257752657,7.17071998224128e-06,0.00010131479211850092,1.257846179214539e-05,10.0,1.0,10.0
610.0,0.0002970357018057257,0.0002970357018057257,7.117837867554044e-06,0.00010104344983119518,1.2481386875151657e-05,10.0,1.0,10.0
611.0,0.00029529310995712876,0.00029529310995712876,7.065759746183176e-06,0.00010077956540044397,1.2385595255182125e-05,10.0,1.0,10.0
612.0,0.00029358023311942816,0.00029358023311942816,7.0147402766451705e-06,0.00010052244761027396,1.2291037819522899e-05,10.0,1.0,10.0
613.0,0.0002918968675658107,0.0002918968675658107,6.964828571653925e-06,0.00010027244570665061,1.2197613614262082e-05,10.0,1.0,10.0
614.0,0.0002902408014051616,0.0002902408014051616,6.91568675392773e-06,0.00010002889757743105,1.2105502719350625e-05,10.0,1.0,10.0
615.0,0.0002886126167140901,0.0002886126167140901,6.8671683948196005e-06,9.979119204217568e-05,1.2014976164209656e-05,10.0,1.0,10.0
616.0,0.00028701210976578295,0.00028701210976578295,6.819548161729472e-06,9.955999121302739e-05,1.1925663784495555e-05,10.0,1.0,10.0
617.0,0.00028543718508444726,0.00028543718508444726,6.772831511625554e-06,9.933554974850267e-05,1.1837331840069965e-05,10.0,1.0,10.0
618.0,0.00028388993814587593,0.00028388993814587593,6.727180334564764e-06,9.911735105561092e-05,1.1750079465855379e-05,10.0,1.0,10.0
619.0,0.0002823679824359715,0.0002823679824359715,6.682208095298847e-06,9.89051623037085e-05,1.1664074918371625e-05,10.0,1.0,10.0
620.0,0.0002808714343700558,0.0002808714343700558,6.637967089773156e-06,9.869861241895705e-05,1.15793163786293e-05,10.0,1.0,10.0
621.0,0.0002793998864945024,0.0002793998864945024,6.594491424039006e-06,9.849732305156067e-05,1.149576564785093e-05,10.0,1.0,10.0
622.0,0.0002779534843284637,0.0002779534843284637,6.55174608255038e-06,9.830162161961198e-05,1.1413440006435849e-05,10.0,1.0,10.0
623.0,0.00027653109282255173,0.00027653109282255173,6.5099343373731244e-06,9.811174822971225e-05,1.133199839387089e-05,10.0,1.0,10.0
624.0,0.00027513212990015745,0.00027513212990015745,6.46878015686525e-06,9.7926844318863e-05,1.1251749128859956e-05,10.0,1.0,10.0
625.0,0.0002737563627306372,0.0002737563627306372,6.428375399991637e-06,9.774710633791983e-05,1.117255033022957e-05,10.0,1.0,10.0
626.0,0.0002724033547565341,0.0002724033547565341,6.388651854649652e-06,9.757293446455151e-05,1.1094389265053906e-05,10.0,1.0,10.0
627.0,0.0002710742992348969,0.0002710742992348969,6.3497050177829806e-06,9.740357199916616e-05,1.1017368706234265e-05,10.0,1.0,10.0
628.0,0.0002697655581869185,0.0002697655581869185,6.31137936579762e-06,9.723900438984856e-05,1.0941275832010433e-05,10.0,1.0,10.0
629.0,0.00026847951812669635,0.00026847951812669635,6.273850885918364e-06,9.707870776765049e-05,1.0866227967198938e-05,10.0,1.0,10.0
630.0,0.0002672139380592853,0.0002672139380592853,6.236848093976732e-06,9.692314051790163e-05,1.0792232387757394e-05,10.0,1.0,10.0
631.0,0.0002659703022800386,0.0002659703022800386,6.200546522450168e-06,9.677196794655174e-05,1.0719286365201697e-05,10.0,1.0,10.0
632.0,0.0002647467190399766,0.0002647467190399766,6.1647797338082455e-06,9.662515367381275e-05,1.064737716660602e-05,10.0,1.0,10.0
633.0,0.000263544061454013,0.000263544061454013,6.129806024546269e-06,9.648295235820115e-05,1.0576306522125378e-05,10.0,1.0,10.0
634.0,0.00026236032135784626,0.00026236032135784626,6.095499429648044e-06,9.634490561438724e-05,1.0506041689950507e-05,10.0,1.0,10.0
635.0,0.0002611960517242551,0.0002611960517242551,6.06178900852683e-06,9.621093340683728e-05,1.043672273226548e-05,10.0,1.0,10.0
636.0,0.0002600519801490009,0.0002600519801490009,6.028513325873064e-06,9.608065738575533e-05,1.0368618859502021e-05,10.0,1.0,10.0
637.0,0.00025892580742947757,0.00025892580742947757,5.9958474594168365e-06,9.595385199645534e-05,1.0301348083885387e-05,10.0,1.0,10.0
638.0,0.0002578189014457166,0.0002578189014457166,5.963896001048852e-06,9.583093924447894e-05,1.0234901310468558e-05,10.0,1.0,10.0
639.0,0.00025672890478745103,0.00025672890478745103,5.932495696470141e-06,9.571187547408044e-05,1.0169207598664798e-05,10.0,1.0,10.0
640.0,0.00025565834948793054,0.00025565834948793054,5.901639269723091e-06,9.559642057865858e-05,1.0104552529810462e-05,10.0,1.0,10.0
641.0,0.00025460380129516125,0.00025460380129516125,5.871211214980576e-06,9.54845963860862e-05,1.0040708730230108e-05,10.0,1.0,10.0
642.0,0.0002535676467232406,0.0002535676467232406,5.841407983098179e-06,9.5375842647627e-05,9.977771696867421e-06,10.0,1.0,10.0
643.0,0.00025254752836190164,0.00025254752836190164,5.8122313930653036e-06,9.527060319669545e-05,9.915460395859554e-06,10.0,1.0,10.0
644.0,0.00025154411559924483,0.00025154411559924483,5.7835413826978765e-06,9.516831778455526e-05,9.854040399659425e-06,10.0,1.0,10.0
645.0,0.00025055708829313517,0.00025055708829313517,5.755172878707526e-06,9.506886271992698e-05,9.793649041967e-06,10.0,1.0,10.0
646.0,0.0002495861554052681,0.0002495861554052681,5.727374173147837e-06,9.497253631707281e-05,9.733988918014802e-06,10.0,1.0,10.0
647.0,0.000248631025897339,0.000248631025897339,5.700131623598281e-06,9.487925126450136e-05,9.675046385382302e-06,10.0,1.0,10.0
648.0,0.00024769059382379055,0.00024769059382379055,5.673433861375088e-06,9.478882566327229e-05,9.616743227525149e-06,10.0,1.0,10.0
649.0,0.0002467652957420796,0.0002467652957420796,5.64710308026406e-06,9.470122313359752e-05,9.55930408963468e-06,10.0,1.0,10.0
650.0,0.00024585615028627217,0.00024585615028627217,5.621320724458201e-06,9.461649460718036e-05,9.50264438870363e-06,10.0,1.0,10.0
651.0,0.0002449600142426789,0.0002449600142426789,5.5958726079552434e-06,9.453412349103019e-05,9.446715921512805e-06,10.0,1.0,10.0
652.0,0.00024407875025644898,0.00024407875025644898,5.570900611928664e-06,9.445409523323178e-05,9.391564162797295e-06,10.0,1.0,10.0
653.0,0.00024321141245309263,0.00024321141245309263,5.5463747230533045e-06,9.437634435016662e-05,9.337131814390887e-06,10.0,1.0,10.0
654.0,0.00024235693854279816,0.00024235693854279816,5.522309947991744e-06,9.430119825992733e-05,9.28326426219428e-06,10.0,1.0,10.0
655.0,0.0002415167837170884,0.0002415167837170884,5.498633981915191e-06,9.42286424105987e-05,9.230179784935899e-06,10.0,1.0,10.0
656.0,0.00024068981292657554,0.00024068981292657554,5.475366378959734e-06,9.415832755621523e-05,9.177781976177357e-06,10.0,1.0,10.0
657.0,0.0002398758806521073,0.0002398758806521073,5.452583081932971e-06,9.409002086613327e-05,9.12600262381602e-06,10.0,1.0,10.0
658.0,0.0002390751615166664,0.0002390751615166664,5.430196779343532e-06,9.402367140864953e-05,9.074953595700208e-06,10.0,1.0,10.0
659.0,0.00023828595294617116,0.00023828595294617116,5.4080787776911166e-06,9.395898086950183e-05,9.024617611430585e-06,10.0,1.0,10.0
660.0,0.0002375094627495855,0.0002375094627495855,5.386294560594251e-06,9.38965895329602e-05,8.974992852017749e-06,10.0,1.0,10.0
661.0,0.00023674409021623433,0.00023674409021623433,5.364931439544307e-06,9.38362572924234e-05,8.925851943786256e-06,10.0,1.0,10.0
662.0,0.0002359914651606232,0.0002359914651606232,5.3440899137058295e-06,9.377811511512846e-05,8.877243999450002e-06,10.0,1.0,10.0
663.0,0.00023525125288870186,0.00023525125288870186,5.323649020283483e-06,9.37216536840424e-05,8.829310900182463e-06,10.0,1.0,10.0
664.0,0.00023452048480976373,0.00023452048480976373,5.303418674884597e-06,9.366658196086064e-05,8.781971700955182e-06,10.0,1.0,10.0
665.0,0.0002338020276511088,0.0002338020276511088,5.28340842720354e-06,9.36125943553634e-05,8.73553472047206e-06,10.0,1.0,10.0
666.0,0.0002330945571884513,0.0002330945571884513,5.263825642032316e-06,9.356057125842199e-05,8.689572496223263e-06,10.0,1.0,10.0
667.0,0.0002323973021702841,0.0002323973021702841,5.2445898290898185e-06,9.351022163173184e-05,8.644118679512758e-06,10.0,1.0,10.0
668.0,0.00023170997155830264,0.00023170997155830264,5.225729182711802e-06,9.346164006274194e-05,8.599104148743208e-06,10.0,1.0,10.0
669.0,0.0002310334239155054,0.0002310334239155054,5.207206413615495e-06,9.341471013613045e-05,8.55466441862518e-06,10.0,1.0,10.0
670.0,0.00023036706261336803,0.00023036706261336803,5.189026978769107e-06,9.336914081359282e-05,8.510764018865302e-06,10.0,1.0,10.0
671.0,0.0002297107712365687,0.0002297107712365687,5.171011252969038e-06,9.332435001851991e-05,8.467631232633721e-06,10.0,1.0,10.0
672.0,0.00022906452068127692,0.00022906452068127692,5.153342499397695e-06,9.328094165539369e-05,8.425015039392747e-06,10.0,1.0,10.0
673.0,0.00022842726320959628,0.00022842726320959628,5.136040272191167e-06,9.323858830612153e-05,8.382827218156308e-06,10.0,1.0,10.0
674.0,0.00022779895516578108,0.00022779895516578108,5.11885673404322e-06,9.31974354898557e-05,8.341296052094549e-06,10.0,1.0,10.0
675.0,0.00022718007676303387,0.00022718007676303387,5.102042905491544e-06,9.31576723814942e-05,8.300197805510834e-06,10.0,1.0,10.0
676.0,0.00022657042427454144,0.00022657042427454144,5.085576049168594e-06,9.311928442912176e-05,8.259537935373373e-06,10.0,1.0,10.0
677.0,0.0002259693865198642,0.0002259693865198642,5.0694211495283525e-06,9.308179869549349e-05,8.21933826955501e-06,10.0,1.0,10.0
678.0,0.0002253771381219849,0.0002253771381219849,5.053510903962888e-06,9.304509148932993e-05,8.17969430499943e-06,10.0,1.0,10.0
679.0,0.00022479274775832891,0.00022479274775832891,5.03775800098083e-06,9.30093665374443e-05,8.140579666360281e-06,10.0,1.0,10.0
680.0,0.00022421697212848812,0.00022421697212848812,5.02226066600997e-06,9.297455108026043e-05,8.101980711217038e-06,10.0,1.0,10.0
681.0,0.00022364960750564933,0.00022364960750564933,5.0070543693436775e-06,9.294079791288823e-05,8.063826498982962e-06,10.0,1.0,10.0
682.0,0.00022308918414637446,0.00022308918414637446,4.992044523532968e-06,9.290786692872643e-05,8.026086106838193e-06,10.0,1.0,10.0
683.0,0.00022253849601838738,0.00022253849601838738,4.977468506695004e-06,9.287569264415652e-05,7.988812285475433e-06,10.0,1.0,10.0
684.0,0.00022199383238330483,0.00022199383238330483,4.962982075085165e-06,9.28439840208739e-05,7.952003215905279e-06,10.0,1.0,10.0
685.0,0.00022145667753648013,0.00022145667753648013,4.948662990500452e-06,9.281309030484408e-05,7.915696187410504e-06,10.0,1.0,10.0
686.0,0.00022092723520472646,0.00022092723520472646,4.9345662773703225e-06,9.278290235670283e-05,7.879868462623563e-06,10.0,1.0,10.0
687.0,0.00022040476324036717,0.00022040476324036717,4.9207960728381295e-06,9.275373304262757e-05,7.844308129278943e-06,10.0,1.0,10.0
688.0,0.00021989006199873984,0.00021989006199873984,4.907287348032696e-06,9.272497845813632e-05,7.809221642673947e-06,10.0,1.0,10.0
689.0,0.00021938204008620232,0.00021938204008620232,4.894003268418601e-06,9.269703878089786e-05,7.774496225465555e-06,10.0,1.0,10.0
690.0,0.00021887995535507798,0.00021887995535507798,4.880677806795575e-06,9.266918641515076e-05,7.740399269096088e-06,10.0,1.0,10.0
691.0,0.00021838511747773737,0.00021838511747773737,4.8676533879188355e-06,9.264179971069098e-05,7.706677934038453e-06,10.0,1.0,10.0
692.0,0.00021789674065075815,0.00021789674065075815,4.8549923121754546e-06,9.261521336156875e-05,7.673160325794015e-06,10.0,1.0,10.0
693.0,0.00021741485397797078,0.00021741485397797078,4.842526323045604e-06,9.258916543330997e-05,7.640041985723656e-06,10.0,1.0,10.0
694.0,0.00021693905000574887,0.00021693905000574887,4.830048055737279e-06,9.256335033569485e-05,7.607522547914414e-06,10.0,1.0,10.0
695.0,0.00021646989625878632,0.00021646989625878632,4.8178553697653115e-06,9.253788448404521e-05,7.575345534860389e-06,10.0,1.0,10.0
696.0,0.00021600606851279736,0.00021600606851279736,4.80583003081847e-06,9.251306619262323e-05,7.543469564552652e-06,10.0,1.0,10.0
697.0,0.0002155483525712043,0.0002155483525712043,4.7941357479430735e-06,9.248857531929389e-05,7.5118405220564455e-06,10.0,1.0,10.0
698.0,0.00021509616635739803,0.00021509616635739803,4.782461019203765e-06,9.246406989404932e-05,7.480747626686934e-06,10.0,1.0,10.0
699.0,0.0002146493352483958,0.0002146493352483958,4.77084950034623e-06,9.243999375030398e-05,7.450084922311362e-06,10.0,1.0,10.0
700.0,0.00021420761186163872,0.00021420761186163872,4.759539478982333e-06,9.241626685252413e-05,7.419595476676477e-06,10.0,1.0,10.0
701.0,0.0002137727424269542,0.0002137727424269542,4.74852913612267e-06,9.239288920070976e-05,7.389455277007073e-06,10.0,1.0,10.0
702.0,0.00021334239863790572,0.00021334239863790572,4.7374846872116905e-06,9.236939513357356e-05,7.359815754170995e-06,10.0,1.0,10.0
703.0,0.00021291729353833944,0.00021291729353833944,4.726641691377154e-06,9.234638855559751e-05,7.330449079745449e-06,10.0,1.0,10.0
704.0,0.00021249704877845943,0.00021249704877845943,4.715972863778006e-06,9.232345473719761e-05,7.3013848123082425e-06,10.0,1.0,10.0
705.0,0.0002120821736752987,0.0002120821736752987,4.705500032287091e-06,9.230078285327181e-05,7.272639777511358e-06,10.0,1.0,10.0
706.0,0.00021167211525607854,0.00021167211525607854,4.695119059761055e-06,9.227807458955795e-05,7.2442853706888855e-06,10.0,1.0,10.0
707.0,0.00021126659703440964,0.00021126659703440964,4.68491816718597e-06,9.225551184499636e-05,7.216189260361716e-06,10.0,1.0,10.0
708.0,0.0002108659246005118,0.0002108659246005118,4.674775027524447e-06,9.223284723702818e-05,7.188532890722854e-06,10.0,1.0,10.0
709.0,0.0002104701125063002,0.0002104701125063002,4.664821517508244e-06,9.221045183949172e-05,7.161144822021015e-06,10.0,1.0,10.0
710.0,0.0002100784331560135,0.0002100784331560135,4.655028988054255e-06,9.218814375344664e-05,7.1340000431519e-06,10.0,1.0,10.0
711.0,0.00020969088654965162,0.00020969088654965162,4.645477019948885e-06,9.216610487783328e-05,7.10700123818242e-06,10.0,1.0,10.0
712.0,0.00020930753089487553,0.00020930753089487553,4.635851837520022e-06,9.214383317157626e-05,7.080517207214143e-06,10.0,1.0,10.0
713.0,0.00020892902102787048,0.00020892902102787048,4.62639627585304e-06,9.212150325765833e-05,7.054355592117645e-06,10.0,1.0,10.0
714.0,0.0002085551095660776,0.0002085551095660776,4.617154900188325e-06,9.20989696169272e-05,7.028459549474064e-06,10.0,1.0,10.0
715.0,0.00020818415214307606,0.00020818415214307606,4.608047220244771e-06,9.207674884237349e-05,7.002693564572837e-06,10.0,1.0,10.0
716.0,0.000207816920010373,0.000207816920010373,4.5989609134267084e-06,9.205432434100658e-05,6.977298198762583e-06,10.0,1.0,10.0
717.0,0.0002074546937365085,0.0002074546937365085,4.589991021930473e-06,9.203181980410591e-05,6.952296189410845e-06,10.0,1.0,10.0
718.0,0.0002070957561954856,0.0002070957561954856,4.581192115438171e-06,9.200924978358671e-05,6.927457434358075e-06,10.0,1.0,10.0
719.0,0.0002067403547698632,0.0002067403547698632,4.572528268909082e-06,9.198665065923706e-05,6.902841960254591e-06,10.0,1.0,10.0
720.0,0.00020638815476559103,0.00020638815476559103,4.563957645586925e-06,9.19639496714808e-05,6.87846431901562e-06,10.0,1.0,10.0
721.0,0.0002060411497950554,0.0002060411497950554,4.555488885671366e-06,9.194104495691136e-05,6.854521870991448e-06,10.0,1.0,10.0
722.0,0.00020569621119648218,0.00020569621119648218,4.5469555516319815e-06,9.191786375595257e-05,6.830877737229457e-06,10.0,1.0,10.0
723.0,0.00020535521616693586,0.00020535521616693586,4.538816028798465e-06,9.189476259052753e-05,6.80723042023601e-06,10.0,1.0,10.0
724.0,0.00020501710241660476,0.00020501710241660476,4.530691057880176e-06,9.1871406766586e-05,6.783878689020639e-06,10.0,1.0,10.0
725.0,0.00020468211732804775,0.00020468211732804775,4.5225951907923445e-06,9.184800728689879e-05,6.7608152676257305e-06,10.0,1.0,10.0
726.0,0.0002043510612566024,0.0002043510612566024,4.514580268732971e-06,9.182435314869508e-05,6.73808972351253e-06,10.0,1.0,10.0
727.0,0.00020402271184138954,0.00020402271184138954,4.506612640398089e-06,9.180042252410203e-05,6.715614745189669e-06,10.0,1.0,10.0
728.0,0.00020369765115901828,0.00020369765115901828,4.498889666137984e-06,9.177612082567066e-05,6.693263458146248e-06,10.0,1.0,10.0
729.0,0.00020337557361926883,0.00020337557361926883,4.491172603593441e-06,9.175169543595985e-05,6.671214578091167e-06,10.0,1.0,10.0
730.0,0.00020305681391619146,0.00020305681391619146,4.4836115193902515e-06,9.172727004624903e-05,6.649343504250282e-06,10.0,1.0,10.0
731.0,0.0002027400187216699,0.0002027400187216699,4.4760736273019575e-06,9.170254634227604e-05,6.62767342873849e-06,10.0,1.0,10.0
732.0,0.00020242654136382043,0.00020242654136382043,4.468581209948752e-06,9.167770622298121e-05,6.606301212741528e-06,10.0,1.0,10.0
733.0,0.00020211641094647348,0.00020211641094647348,4.4613298086915165e-06,9.165249502984807e-05,6.5850617829710245e-06,10.0,1.0,10.0
734.0,0.0002018085215240717,0.0002018085215240717,4.454046575119719e-06,9.162667993223295e-05,6.5641379478620365e-06,10.0,1.0,10.0
735.0,0.00020150243653915823,0.00020150243653915823,4.446787443157518e-06,9.160087211057544e-05,6.543368272104999e-06,10.0,1.0,10.0
736.0,0.0002012002223636955,0.0002012002223636955,4.439603799255565e-06,9.157446766039357e-05,6.5229714891756885e-06,10.0,1.0,10.0
737.0,0.000200899870833382,0.000200899870833382,4.432576588442316e-06,9.154815052170306e-05,6.5025960793718696e-06,10.0,1.0,10.0
738.0,0.00020060237147845328,0.00020060237147845328,4.425574843480717e-06,9.152155689662322e-05,6.482504886662355e-06,10.0,1.0,10.0
739.0,0.00020030682208016515,0.00020030682208016515,4.418824119056808e-06,9.149505058303475e-05,6.462353212555172e-06,10.0,1.0,10.0
740.0,0.00020001395023427904,0.00020001395023427904,4.412036105350126e-06,9.146780212176964e-05,6.442578978749225e-06,10.0,1.0,10.0
741.0,0.00019972391601186246,0.00019972391601186246,4.4052194425603375e-06,9.144009527517483e-05,6.4231626311084256e-06,10.0,1.0,10.0
742.0,0.0001994356862269342,0.0001994356862269342,4.398463715915568e-06,9.141192276729271e-05,6.4039122662507e-06,10.0,1.0,10.0
743.0,0.00019914905715268105,0.00019914905715268105,4.391783477331046e-06,9.138347377302125e-05,6.384774678735994e-06,10.0,1.0,10.0
744.0,0.00019886497466359288,0.00019886497466359288,4.385254669614369e-06,9.135507571045309e-05,6.365735316649079e-06,10.0,1.0,10.0
745.0,0.00019858354062307626,0.00019858354062307626,4.3788122638943605e-06,9.132627747021616e-05,6.34691423329059e-06,10.0,1.0,10.0
746.0,0.00019830420205835253,0.00019830420205835253,4.3723675844375975e-06,9.12972172955051e-05,6.328331437543966e-06,10.0,1.0,10.0
747.0,0.0001980267115868628,0.0001980267115868628,4.366042958281469e-06,9.126758232014254e-05,6.309871423582081e-06,10.0,1.0,10.0
748.0,0.0001977511856239289,0.0001977511856239289,4.3596946852630936e-06,9.123759809881449e-05,6.291663794399938e-06,10.0,1.0,10.0
749.0,0.00019747746409848332,0.00019747746409848332,4.353493750386406e-06,9.120741015067324e-05,6.273510734899901e-06,10.0,1.0,10.0
750.0,0.00019720579439308494,0.00019720579439308494,4.347225967649138e-06,9.117665467783809e-05,6.255687821976608e-06,10.0,1.0,10.0
751.0,0.000196936191059649,0.000196936191059649,4.341034582466818e-06,9.114551357924938e-05,6.238033620320493e-06,10.0,1.0,10.0
752.0,0.0001966685231309384,0.0001966685231309384,4.335016456025187e-06,9.11143361008726e-05,6.220402156031923e-06,10.0,1.0,10.0
753.0,0.00019640284881461412,0.00019640284881461412,4.329122930357698e-06,9.108289668802172e-05,6.202872100402601e-06,10.0,1.0,10.0
754.0,0.00019613807671703398,0.00019613807671703398,4.323134817241225e-06,9.105079516302794e-05,6.185594884300372e-06,10.0,1.0,10.0
755.0,0.00019587541464716196,0.00019587541464716196,4.317019374866504e-06,9.101806790567935e-05,6.168715117382817e-06,10.0,1.0,10.0
756.0,0.00019561446970328689,0.00019561446970328689,4.311160864745034e-06,9.098520968109369e-05,6.151764864625875e-06,10.0,1.0,10.0
757.0,0.0001953554747160524,0.0001953554747160524,4.305383299652021e-06,9.095206041820347e-05,6.134957402537111e-06,10.0,1.0,10.0
758.0,0.0001950980513356626,0.0001950980513356626,4.299632564652711e-06,9.091838728636503e-05,6.118334567872807e-06,10.0,1.0,10.0
759.0,0.0001948415010701865,0.0001948415010701865,4.2938672777381726e-06,9.088450315175578e-05,6.101832696003839e-06,10.0,1.0,10.0
760.0,0.00019458794849924743,0.00019458794849924743,4.288208856451092e-06,9.085031342692673e-05,6.085553650336806e-06,10.0,1.0,10.0
761.0,0.00019433490524534136,0.00019433490524534136,4.2825085984077305e-06,9.081549796974286e-05,6.06943240200053e-06,10.0,1.0,10.0
762.0,0.00019408392836339772,0.00019408392836339772,4.2769929677888285e-06,9.078050788957626e-05,6.053348442947026e-06,10.0,1.0,10.0
763.0,0.00019383411563467234,0.00019383411563467234,4.271447778592119e-06,9.074495028471574e-05,6.037468665454071e-06,10.0,1.0,10.0
764.0,0.00019358505960553885,0.00019358505960553885,4.26586711910204e-06,9.07090725377202e-05,6.021730314387241e-06,10.0,1.0,10.0
765.0,0.00019333850650582463,0.00019333850650582463,4.260330570104998e-06,9.067266364581883e-05,6.006253897794522e-06,10.0,1.0,10.0
766.0,0.00019309263734612614,0.00019309263734612614,4.25496091338573e-06,9.06359709915705e-05,5.990705176373012e-06,10.0,1.0,10.0
767.0,0.00019284829613752663,0.00019284829613752663,4.249599442118779e-06,9.05990891624242e-05,5.975321982987225e-06,10.0,1.0,10.0
768.0,0.00019260545377619565,0.00019260545377619565,4.2442734411451966e-06,9.056164708454162e-05,5.960106136626564e-06,10.0,1.0,10.0
769.0,0.00019236380467191339,0.00019236380467191339,4.2389224290673155e-06,9.052358655026183e-05,5.9450999287946615e-06,10.0,1.0,10.0
770.0,0.00019212410552427173,0.00019212410552427173,4.2335755097155925e-06,9.048543870449066e-05,5.930291536060395e-06,10.0,1.0,10.0
771.0,0.00019188453734386712,0.00019188453734386712,4.2283404582121875e-06,9.044681064551696e-05,5.915432211622829e-06,10.0,1.0,10.0
772.0,0.00019164678815286607,0.00019164678815286607,4.223263658786891e-06,9.040806617122144e-05,5.900607902731281e-06,10.0,1.0,10.0
773.0,0.0001914103631861508,0.0001914103631861508,4.218116373522207e-06,9.036863048095256e-05,5.886057351744967e-06,10.0,1.0,10.0
774.0,0.00019117447664029896,0.00019117447664029896,4.212850399198942e-06,9.032859816215932e-05,5.87173644817085e-06,10.0,1.0,10.0
775.0,0.00019093973969575018,0.00019093973969575018,4.20764263253659e-06,9.028824570123106e-05,5.857506948814262e-06,10.0,1.0,10.0
776.0,0.000190706952707842,0.000190706952707842,4.202656782581471e-06,9.02476895134896e-05,5.843269718752708e-06,10.0,1.0,10.0
777.0,0.00019047470414079726,0.00019047470414079726,4.197680937068071e-06,9.02068568393588e-05,5.829103884025244e-06,10.0,1.0,10.0
778.0,0.0001902443473227322,0.0001902443473227322,4.1926773519662675e-06,9.016558033181354e-05,5.815198619529838e-06,10.0,1.0,10.0
779.0,0.00019001419423148036,0.00019001419423148036,4.187680133327376e-06,9.012377995532006e-05,5.8013611123897135e-06,10.0,1.0,10.0
780.0,0.00018978558364324272,0.00018978558364324272,4.18270610680338e-06,9.008154302136973e-05,5.787697773484979e-06,10.0,1.0,10.0
781.0,0.00018955714767798781,0.00018955714767798781,4.177824848738965e-06,9.00390514289029e-05,5.773983957624296e-06,10.0,1.0,10.0
782.0,0.0001893304433906451,0.0001893304433906451,4.1729872464202344e-06,8.999608689919114e-05,5.76044840272516e-06,10.0,1.0,10.0
783.0,0.00018910446669906378,0.00018910446669906378,4.168043233221397e-06,8.995280222734436e-05,5.747122941102134e-06,10.0,1.0,10.0
784.0,0.0001888795814011246,0.0001888795814011246,4.163184257777175e-06,8.990911010187119e-05,5.733862053602934e-06,10.0,1.0,10.0
785.0,0.0001886553509393707,0.0001886553509393707,4.15839531342499e-06,8.986508328234777e-05,5.720631634176243e-06,10.0,1.0,10.0
786.0,0.00018843213911168277,0.00018843213911168277,4.15364502259763e-06,8.982053259387612e-05,5.707514901587274e-06,10.0,1.0,10.0
787.0,0.00018821029516402632,0.00018821029516402632,4.148843345319619e-06,8.977567631518468e-05,5.694618721463485e-06,10.0,1.0,10.0
788.0,0.0001879890769487247,0.0001879890769487247,4.144123067817418e-06,8.973042713478208e-05,5.681741185981082e-06,10.0,1.0,10.0
789.0,0.00018776857177726924,0.00018776857177726924,4.139462816965533e-06,8.96848869160749e-05,5.6689050325076096e-06,10.0,1.0,10.0
790.0,0.00018754907068796456,0.00018754907068796456,4.1347802834934555e-06,8.963899745140225e-05,5.6562284953542985e-06,10.0,1.0,10.0
791.0,0.00018733000615611672,0.00018733000615611672,4.130051820538938e-06,8.959250408224761e-05,5.643699296342675e-06,10.0,1.0,10.0
792.0,0.000187112542334944,0.000187112542334944,4.125441591895651e-06,8.954577788244933e-05,5.631234671454877e-06,10.0,1.0,10.0
793.0,0.00018689509306568652,0.00018689509306568652,4.120887297176523e-06,8.949881885200739e-05,5.61874003324192e-06,10.0,1.0,10.0
794.0,0.00018667930271476507,0.00018667930271476507,4.116347099625273e-06,8.94514741958119e-05,5.6064345699269325e-06,10.0,1.0,10.0
795.0,0.00018646310491021723,0.00018646310491021723,4.111646376259159e-06,8.940337284002453e-05,5.5943264669622295e-06,10.0,1.0,10.0
796.0,0.00018624879885464907,0.00018624879885464907,4.107056156499311e-06,8.935511868912727e-05,5.582313406193862e-06,10.0,1.0,10.0
797.0,0.00018603476928547025,0.00018603476928547025,4.102629191038432e-06,8.930663898354396e-05,5.570183020608965e-06,10.0,1.0,10.0
798.0,0.00018582142365630716,0.00018582142365630716,4.098168119526235e-06,8.925785368774086e-05,5.558188149734633e-06,10.0,1.0,10.0
799.0,0.0001856089074863121,0.0001856089074863121,4.093678853678284e-06,8.920851541915908e-05,5.546360625885427e-06,10.0,1.0,10.0
800.0,0.00018539701704867184,0.00018539701704867184,4.089114099770086e-06,8.91589152161032e-05,5.534695446840487e-06,10.0,1.0,10.0
801.0,0.00018518573779147118,0.00018518573779147118,4.084732609044295e-06,8.910900942282751e-05,5.5229397730727214e-06,10.0,1.0,10.0
802.0,0.0001849754189606756,0.0001849754189606756,4.080362032254925e-06,8.905867434805259e-05,5.5113118833105545e-06,10.0,1.0,10.0
803.0,0.00018476549303159118,0.00018476549303159118,4.075946890225168e-06,8.900785178411752e-05,5.499817689269548e-06,10.0,1.0,10.0
804.0,0.0001845570222940296,0.0001845570222940296,4.071491275681183e-06,8.895653445506468e-05,5.4885581448615994e-06,10.0,1.0,10.0
805.0,0.00018434852245263755,0.00018434852245263755,4.0671066017239355e-06,8.890518074622378e-05,5.477227205119561e-06,10.0,1.0,10.0
806.0,0.00018414028454571962,0.00018414028454571962,4.062814696226269e-06,8.885363058652729e-05,5.465849881147733e-06,10.0,1.0,10.0
807.0,0.0001839331816881895,0.0001839331816881895,4.058548711327603e-06,8.880180394044146e-05,5.4545885177503806e-06,10.0,1.0,10.0
808.0,0.000183727010153234,0.000183727010153234,4.054228156746831e-06,8.874935883795843e-05,5.443537247629138e-06,10.0,1.0,10.0
809.0,0.0001835206348914653,0.0001835206348914653,4.049813924211776e-06,8.869641897035763e-05,5.432608759292634e-06,10.0,1.0,10.0
810.0,0.00018331571482121944,0.00018331571482121944,4.04560432798462e-06,8.864325354807079e-05,5.421642526926007e-06,10.0,1.0,10.0
811.0,0.0001831103872973472,0.0001831103872973472,4.041342890559463e-06,8.858981891535223e-05,5.410713583842153e-06,10.0,1.0,10.0
812.0,0.00018290623847860843,0.00018290623847860843,4.0370582610194106e-06,8.853602048475295e-05,5.3999642659618985e-06,10.0,1.0,10.0
813.0,0.00018270296277478337,0.00018270296277478337,4.032789547636639e-06,8.848203287925571e-05,5.389303169067716e-06,10.0,1.0,10.0
814.0,0.000182499730726704,0.000182499730726704,4.028653165732976e-06,8.842788520269096e-05,5.378530659072567e-06,10.0,1.0,10.0
815.0,0.0001822966878535226,0.0001822966878535226,4.024521331302822e-06,8.837333007249981e-05,5.367814537748927e-06,10.0,1.0,10.0
816.0,0.00018209453264717013,0.00018209453264717013,4.020236701762769e-06,8.831801824271679e-05,5.357414465834154e-06,10.0,1.0,10.0
817.0,0.00018189396359957755,0.00018189396359957755,4.015993908978999e-06,8.826230623526499e-05,5.3471703722607344e-06,10.0,1.0,10.0
818.0,0.000181691866600886,0.000181691866600886,4.0117970456776675e-06,8.820656512398273e-05,5.3367321015684865e-06,10.0,1.0,10.0
819.0,0.00018149198149330914,0.00018149198149330914,4.007800725958077e-06,8.815093315206468e-05,5.326304290065309e-06,10.0,1.0,10.0
820.0,0.00018129203817807138,0.00018129203817807138,4.003681169706397e-06,8.809485734673217e-05,5.316037913871696e-06,10.0,1.0,10.0
821.0,0.00018109248776454479,0.00018109248776454479,3.999571163149085e-06,8.803837408777326e-05,5.305838840286015e-06,10.0,1.0,10.0
822.0,0.00018089354853145778,0.00018089354853145778,3.995425686298404e-06,8.798141061561182e-05,5.295787559589371e-06,10.0,1.0,10.0
823.0,0.00018069506040774286,0.00018069506040774286,3.991274752479512e-06,8.792392327450216e-05,5.285839506541379e-06,10.0,1.0,10.0
824.0,0.00018049661593977362,0.00018049661593977362,3.987197032984113e-06,8.786635589785874e-05,5.275828698358964e-06,10.0,1.0,10.0
825.0,0.00018029945204034448,0.00018029945204034448,3.9831952562963124e-06,8.780848293099552e-05,5.265900654194411e-06,10.0,1.0,10.0
826.0,0.00018010202620644122,0.00018010202620644122,3.9791298149793874e-06,8.775063906796277e-05,5.2560089898179285e-06,10.0,1.0,10.0
827.0,0.00017990573542192578,0.00017990573542192578,3.9751321310177445e-06,8.769250416662544e-05,5.24619099451229e-06,10.0,1.0,10.0
828.0,0.00017970929911825806,0.00017970929911825806,3.9711594581604e-06,8.763406367506832e-05,5.236363904259633e-06,10.0,1.0,10.0
829.0,0.0001795141724869609,0.0001795141724869609,3.967123575421283e-06,8.757493924349546e-05,5.226799657975789e-06,10.0,1.0,10.0
830.0,0.00017931843467522413,0.00017931843467522413,3.963006292906357e-06,8.751541463425383e-05,5.217295438342262e-06,10.0,1.0,10.0
831.0,0.00017912393377628177,0.00017912393377628177,3.959032710554311e-06,8.745572995394468e-05,5.2077889449719805e-06,10.0,1.0,10.0
832.0,0.00017892896721605211,0.00017892896721605211,3.955139618483372e-06,8.739622717257589e-05,5.198135113460012e-06,10.0,1.0,10.0
833.0,0.0001787347428034991,0.0001787347428034991,3.951173766836291e-06,8.733646245673299e-05,5.18865408594138e-06,10.0,1.0,10.0
834.0,0.0001785409840522334,0.0001785409840522334,3.947191544284578e-06,8.727631211513653e-05,5.1792753765766975e-06,10.0,1.0,10.0
835.0,0.00017834780737757683,0.00017834780737757683,3.943239335058024e-06,8.721569611225277e-05,5.169971700524911e-06,10.0,1.0,10.0
836.0,0.0001781548635335639,0.0001781548635335639,3.939293947041733e-06,8.715467993170023e-05,5.160724867891986e-06,10.0,1.0,10.0
837.0,0.0001779625890776515,0.0001779625890776515,3.9353717511403374e-06,8.70934163685888e-05,5.1515462473616935e-06,10.0,1.0,10.0
838.0,0.00017777089669834822,0.00017777089669834822,3.931429546355503e-06,8.703193452674896e-05,5.142466761753894e-06,10.0,1.0,10.0
839.0,0.000177578825969249,0.000177578825969249,3.927540547010722e-06,8.697056910023093e-05,5.133284957992146e-06,10.0,1.0,10.0
840.0,0.00017738676979206502,0.00017738676979206502,3.923732492694398e-06,8.69090945343487e-05,5.124034942127764e-06,10.0,1.0,10.0
841.0,0.00017719605239108205,0.00017719605239108205,3.9198389458761085e-06,8.684684144100174e-05,5.1150818762835115e-06,10.0,1.0,10.0
842.0,0.00017700610624160618,0.00017700610624160618,3.915894467354519e-06,8.6784282757435e-05,5.106287517264718e-06,10.0,1.0,10.0
843.0,0.00017681567987892777,0.00017681567987892777,3.9120645851653535e-06,8.672153489897028e-05,5.097349912830396e-06,10.0,1.0,10.0
844.0,0.00017662570462562144,0.00017662570462562144,3.908294729626505e-06,8.6658910731785e-05,5.088383659312967e-06,10.0,1.0,10.0
845.0,0.00017643606406636536,0.00017643606406636536,3.90442437492311e-06,8.659593004267663e-05,5.079588390799472e-06,10.0,1.0,10.0
846.0,0.00017624669999349862,0.00017624669999349862,3.900517640431644e-06,8.653255645185709e-05,5.070896804681979e-06,10.0,1.0,10.0
847.0,0.00017605804896447808,0.00017605804896447808,3.896747330145445e-06,8.646909554954618e-05,5.0621474656509236e-06,10.0,1.0,10.0
848.0,0.00017586952890269458,0.00017586952890269458,3.892992936016526e-06,8.640531450510025e-05,5.05342995893443e-06,10.0,1.0,10.0
849.0,0.0001756814745021984,0.0001756814745021984,3.889139406965114e-06,8.634135883767158e-05,5.0448725232854486e-06,10.0,1.0,10.0
850.0,0.00017549331823829561,0.00017549331823829561,3.8852726902405266e-06,8.627699571661651e-05,5.036359652876854e-06,10.0,1.0,10.0
851.0,0.0001753064279910177,0.0001753064279910177,3.8815242078271694e-06,8.621242159279063e-05,5.027875886298716e-06,10.0,1.0,10.0
852.0,0.00017511830083094537,0.00017511830083094537,3.87774389309925e-06,8.614788384875283e-05,5.019297987018945e-06,10.0,1.0,10.0
853.0,0.0001749323564581573,0.0001749323564581573,3.874090452882228e-06,8.608310599811375e-05,5.010834684071597e-06,10.0,1.0,10.0
854.0,0.00017474533524364233,0.00017474533524364233,3.870256477966905e-06,8.601809531683102e-05,5.002467787562637e-06,10.0,1.0,10.0
855.0,0.00017455907072871923,0.00017455907072871923,3.866440692945616e-06,8.595256076660007e-05,4.994210939912591e-06,10.0,1.0,10.0
856.0,0.0001743736065691337,0.0001743736065691337,3.8628190850431565e-06,8.58871717355214e-05,4.985825398762245e-06,10.0,1.0,10.0
857.0,0.0001741876476444304,0.0001741876476444304,3.859092885249993e-06,8.582146256230772e-05,4.977525350113865e-06,10.0,1.0,10.0
858.0,0.0001740024017635733,0.0001740024017635733,3.855312115774723e-06,8.575550600653514e-05,4.969377187080681e-06,10.0,1.0,10.0
859.0,0.00017381735960952938,0.00017381735960952938,3.8515963751706295e-06,8.56893602758646e-05,4.961203103448497e-06,10.0,1.0,10.0
860.0,0.00017363268125336617,0.00017363268125336617,3.8479033719340805e-06,8.562301809433848e-05,4.9530626711202785e-06,10.0,1.0,10.0
861.0,0.00017344854131806642,0.00017344854131806642,3.844233106065076e-06,8.555650856578723e-05,4.944969532516552e-06,10.0,1.0,10.0
862.0,0.00017326473607681692,0.00017326473607681692,3.840573299385142e-06,8.548983169021085e-05,4.9369173211744055e-06,10.0,1.0,10.0
863.0,0.0001730804651742801,0.0001730804651742801,3.836845280602574e-06,8.54229147080332e-05,4.928910129819997e-06,10.0,1.0,10.0
864.0,0.00017289711104240268,0.00017289711104240268,3.833207301795483e-06,8.535575761925429e-05,4.9209284043172374e-06,10.0,1.0,10.0
865.0,0.00017271375691052526,0.00017271375691052526,3.829506113106618e-06,8.528847683919594e-05,4.913022166874725e-06,10.0,1.0,10.0
866.0,0.0001725305337458849,0.0001725305337458849,3.825847670668736e-06,8.522097778040916e-05,4.905107743979897e-06,10.0,1.0,10.0
867.0,0.00017234797996934503,0.00017234797996934503,3.822148300969275e-06,8.515326044289395e-05,4.897323378827423e-06,10.0,1.0,10.0
868.0,0.00017216576088685542,0.00017216576088685542,3.818538061750587e-06,8.508537575835362e-05,4.889500360150123e-06,10.0,1.0,10.0
869.0,0.00017198367277160287,0.00017198367277160287,3.815001036855392e-06,8.501771662849933e-05,4.881594577454962e-06,10.0,1.0,10.0
870.0,0.0001718017883831635,0.0001718017883831635,3.8113839764264412e-06,8.494953362969682e-05,4.873842044617049e-06,10.0,1.0,10.0
871.0,0.00017161980213131756,0.00017161980213131756,3.807663233601488e-06,8.488101593684405e-05,4.8662154767953325e-06,10.0,1.0,10.0
872.0,0.00017143932927865535,0.00017143932927865535,3.804116431638249e-06,8.48124545882456e-05,4.858571628574282e-06,10.0,1.0,10.0
873.0,0.00017125769227277488,0.00017125769227277488,3.8004106954758754e-06,8.474352944176644e-05,4.851006451644935e-06,10.0,1.0,10.0
874.0,0.00017107700114138424,0.00017107700114138424,3.796855935433996e-06,8.467479347018525e-05,4.8433653319079895e-06,10.0,1.0,10.0
875.0,0.00017089613538701087,0.00017089613538701087,3.7932909435767215e-06,8.460590470349416e-05,4.835732852370711e-06,10.0,1.0,10.0
876.0,0.0001707164046820253,0.0001707164046820253,3.7897507354500704e-06,8.453680493403226e-05,4.828208147955593e-06,10.0,1.0,10.0
877.0,0.0001705361355561763,0.0001705361355561763,3.786230990954209e-06,8.446758147329092e-05,4.820625235879561e-06,10.0,1.0,10.0
878.0,0.00017035660857800394,0.00017035660857800394,3.7826175685040653e-06,8.439787052338943e-05,4.8132569645531476e-06,10.0,1.0,10.0
879.0,0.00017017654317896813,0.00017017654317896813,3.7788963709317613e-06,8.432797767454758e-05,4.805960998055525e-06,10.0,1.0,10.0
880.0,0.00016999717627186328,0.00016999717627186328,3.7754239201603923e-06,8.42582230689004e-05,4.798471763933776e-06,10.0,1.0,10.0
881.0,0.0001698185660643503,0.0001698185660643503,3.7719485135312425e-06,8.418837387580425e-05,4.791070750798099e-06,10.0,1.0,10.0
882.0,0.00016963960661087185,0.00016963960661087185,3.7683694245060906e-06,8.411841554334387e-05,4.7837502279435284e-06,10.0,1.0,10.0
883.0,0.00016946106916293502,0.00016946106916293502,3.7648410398105625e-06,8.404831169173121e-05,4.77643561680452e-06,10.0,1.0,10.0
884.0,0.00016928317199926823,0.00016928317199926823,3.7613378935930086e-06,8.397790952585638e-05,4.769188308273442e-06,10.0,1.0,10.0
885.0,0.0001691048382781446,0.0001691048382781446,3.7578299725282704e-06,8.390731090912595e-05,4.761922809848329e-06,10.0,1.0,10.0
886.0,0.00016892676649149507,0.00016892676649149507,3.7542340578511357e-06,8.38365958770737e-05,4.7547832764394116e-06,10.0,1.0,10.0
887.0,0.00016874982975423336,0.00016874982975423336,3.750808900804259e-06,8.376581536140293e-05,4.747593266074546e-06,10.0,1.0,10.0
888.0,0.0001685723545961082,0.0001685723545961082,3.747327809833223e-06,8.369491843041033e-05,4.740415988635505e-06,10.0,1.0,10.0
889.0,0.00016839489398989826,0.00016839489398989826,3.743798515642993e-06,8.362393418792635e-05,4.733296918857377e-06,10.0,1.0,10.0
890.0,0.00016821894678287208,0.00016821894678287208,3.74033675143437e-06,8.355273166671395e-05,4.726284714706708e-06,10.0,1.0,10.0
891.0,0.00016804184997454286,0.00016804184997454286,3.7368513403635006e-06,8.34814491099678e-05,4.7191883822961245e-06,10.0,1.0,10.0
892.0,0.00016786542255431414,0.00016786542255431414,3.7334466469474137e-06,8.341015200130641e-05,4.712079771707067e-06,10.0,1.0,10.0
893.0,0.00016768969362601638,0.00016768969362601638,3.729958507392439e-06,8.333854202646762e-05,4.70515578854247e-06,10.0,1.0,10.0
894.0,0.00016751355724409223,0.00016751355724409223,3.7264210277498933e-06,8.326670649694279e-05,4.698265001934487e-06,10.0,1.0,10.0
895.0,0.00016733759548515081,0.00016733759548515081,3.7229908684821567e-06,8.31949946586974e-05,4.691270078183152e-06,10.0,1.0,10.0
896.0,0.00016716256504878402,0.00016716256504878402,3.7196641642367467e-06,8.312319550896063e-05,4.684272425947711e-06,10.0,1.0,10.0
897.0,0.00016698734543751925,0.00016698734543751925,3.7162294574955013e-06,8.305112714879215e-05,4.6773925532761496e-06,10.0,1.0,10.0
898.0,0.0001668124459683895,0.0001668124459683895,3.7127033465367276e-06,8.297894237330183e-05,4.670646376325749e-06,10.0,1.0,10.0
899.0,0.00016663753194734454,0.00016663753194734454,3.709302973220474e-06,8.290665573440492e-05,4.663785148295574e-06,10.0,1.0,10.0
900.0,0.0001664630399318412,0.0001664630399318412,3.705966946654371e-06,8.283434726763517e-05,4.656902547139907e-06,10.0,1.0,10.0
901.0,0.0001662885770201683,0.0001662885770201683,3.702490403156844e-06,8.276180597022176e-05,4.650186838262016e-06,10.0,1.0,10.0
902.0,0.0001661140559008345,0.0001661140559008345,3.6990181797591504e-06,8.268922101706266e-05,4.643465672415914e-06,10.0,1.0,10.0
903.0,0.00016594068438280374,0.00016594068438280374,3.6956644180463627e-06,8.261653420049697e-05,4.6367508730327245e-06,10.0,1.0,10.0
904.0,0.00016576668713241816,0.00016576668713241816,3.692313157444005e-06,8.254399290308356e-05,4.629956038115779e-06,10.0,1.0,10.0
905.0,0.00016559319919906557,0.00016559319919906557,3.6889673538098577e-06,8.247108780778944e-05,4.623243512469344e-06,10.0,1.0,10.0
906.0,0.00016542027879040688,0.00016542027879040688,3.6855431062576827e-06,8.239797170972452e-05,4.616687419911614e-06,10.0,1.0,10.0
907.0,0.00016524753300473094,0.00016524753300473094,3.6821388675889466e-06,8.232464460888878e-05,4.61014997199527e-06,10.0,1.0,10.0
908.0,0.00016507403051946312,0.00016507403051946312,3.6787537283089478e-06,8.225158671848476e-05,4.6034906517888885e-06,10.0,1.0,10.0
909.0,0.00016490137204527855,0.00016490137204527855,3.6754113352799322e-06,8.217843424063176e-05,4.596882718033157e-06,10.0,1.0,10.0
910.0,0.0001647294993745163,0.0001647294993745163,3.672113734864979e-06,8.2105201727245e-05,4.590316166286357e-06,10.0,1.0,10.0
911.0,0.00016455767035949975,0.00016455767035949975,3.6687640658783494e-06,8.203161996789277e-05,4.5838405640097335e-06,10.0,1.0,10.0
912.0,0.00016438541933894157,0.00016438541933894157,3.665419171738904e-06,8.195804548449814e-05,4.577317213261267e-06,10.0,1.0,10.0
913.0,0.0001642137358430773,0.0001642137358430773,3.662073368104757e-06,8.188442006940022e-05,4.570857981889276e-06,10.0,1.0,10.0
914.0,0.0001640427071833983,0.0001640427071833983,3.658766672742786e-06,8.181062003131956e-05,4.5644428610103205e-06,10.0,1.0,10.0
915.0,0.00016387042705900967,0.00016387042705900967,3.6554022244672524e-06,8.173689275281504e-05,4.557950887829065e-06,10.0,1.0,10.0
916.0,0.0001636999222682789,0.0001636999222682789,3.6521269066724926e-06,8.166301995515823e-05,4.551563506538514e-06,10.0,1.0,10.0
917.0,0.00016352854436263442,0.00016352854436263442,3.648791107480065e-06,8.158917626133189e-05,4.545146111922804e-06,10.0,1.0,10.0
918.0,0.00016335795226041228,0.00016335795226041228,3.645480774139287e-06,8.151521615218371e-05,4.5387928366835695e-06,10.0,1.0,10.0
919.0,0.00016318750567734241,0.00016318750567734241,3.6421677123144036e-06,8.144095045281574e-05,4.532487764663529e-06,10.0,1.0,10.0
920.0,0.00016301756841130555,0.00016301756841130555,3.638867383415345e-06,8.136667020153254e-05,4.526222710410366e-06,10.0,1.0,10.0
921.0,0.00016284742741845548,0.00016284742741845548,3.6355988868308486e-06,8.129238267429173e-05,4.5199049054645e-06,10.0,1.0,10.0
922.0,0.00016267754836007953,0.00016267754836007953,3.6323249332781415e-06,8.121809514705092e-05,4.513620297075249e-06,10.0,1.0,10.0
923.0,0.0001625080476514995,0.0001625080476514995,3.629059392551426e-06,8.114382944768295e-05,4.507363428274402e-06,10.0,1.0,10.0
924.0,0.00016233872156590223,0.00016233872156590223,3.6257638384995516e-06,8.106927998596802e-05,4.501179319049697e-06,10.0,1.0,10.0
925.0,0.00016216954099945724,0.00016216954099945724,3.6225135318090906e-06,8.09947305242531e-05,4.494967470236588e-06,10.0,1.0,10.0
926.0,0.0001620003313291818,0.0001620003313291818,3.619265044108033e-06,8.092018833849579e-05,4.488748345465865e-06,10.0,1.0,10.0
927.0,0.00016183150000870228,0.00016183150000870228,3.616035655795713e-06,8.084552246145904e-05,4.4825619625044055e-06,10.0,1.0,10.0
928.0,0.00016166281420737505,0.00016166281420737505,3.612772616179427e-06,8.07707619969733e-05,4.476432877709158e-06,10.0,1.0,10.0
929.0,0.0001614939683349803,0.0001614939683349803,3.60949866262672e-06,8.069589966908097e-05,4.470308340387419e-06,10.0,1.0,10.0
930.0,0.00016132573364302516,0.00016132573364302516,3.606307245718199e-06,8.062117558438331e-05,4.46414787802496e-06,10.0,1.0,10.0
931.0,0.00016115829930640757,0.00016115829930640757,3.6031121908308705e-06,8.054621139308438e-05,4.458097919268766e-06,10.0,1.0,10.0
932.0,0.0001609900064067915,0.0001609900064067915,3.599768660933478e-06,8.047101437114179e-05,4.452131179277785e-06,10.0,1.0,10.0
933.0,0.000160822513862513,0.000160822513862513,3.596630904212361e-06,8.039606473175809e-05,4.44601391791366e-06,10.0,1.0,10.0
934.0,0.00016065462841652334,0.00016065462841652334,3.593494966480648e-06,8.032124605961144e-05,4.439842996362131e-06,10.0,1.0,10.0
935.0,0.0001604880962986499,0.0001604880962986499,3.5902864965464687e-06,8.024598355405033e-05,4.433924459590344e-06,10.0,1.0,10.0
936.0,0.0001603205455467105,0.0001603205455467105,3.5869843486580066e-06,8.017059008125216e-05,4.428011379786767e-06,10.0,1.0,10.0
937.0,0.00016015375149436295,0.00016015375149436295,3.583798843465047e-06,8.009537123143673e-05,4.422039637574926e-06,10.0,1.0,10.0
938.0,0.00015998711751308292,0.00015998711751308292,3.580714746931335e-06,8.002022514119744e-05,4.415974217408802e-06,10.0,1.0,10.0
939.0,0.00015982025070115924,0.00015982025070115924,3.5774753541772952e-06,7.994486804818735e-05,4.4100620470999274e-06,10.0,1.0,10.0
940.0,0.00015965444617904723,0.00015965444617904723,3.5742523323278874e-06,7.986936543602496e-05,4.40425628767116e-06,10.0,1.0,10.0
941.0,0.000159488947247155,0.000159488947247155,3.5711850614461582e-06,7.979411748237908e-05,4.398297733132495e-06,10.0,1.0,10.0
942.0,0.00015932219685055315,0.00015932219685055315,3.5680000110005494e-06,7.971862214617431e-05,4.3923582779825665e-06,10.0,1.0,10.0
943.0,0.00015915599942672998,0.00015915599942672998,3.564789494703291e-06,7.964298856677487e-05,4.38651204603957e-06,10.0,1.0,10.0
944.0,0.00015899125719442964,0.00015899125719442964,3.561606945368112e-06,7.956717308843508e-05,4.380801783554489e-06,10.0,1.0,10.0
945.0,0.00015882597654126585,0.00015882597654126585,3.5584866964200046e-06,7.949165592435747e-05,4.374944637675071e-06,10.0,1.0,10.0
946.0,0.0001586606231285259,0.0001586606231285259,3.555413513822714e-06,7.941613148432225e-05,4.369036105345003e-06,10.0,1.0,10.0
947.0,0.00015849550254642963,0.00015849550254642963,3.5522837151802378e-06,7.93404906289652e-05,4.363216703495709e-06,10.0,1.0,10.0
948.0,0.00015833115321584046,0.00015833115321584046,3.549130497049191e-06,7.926471880637109e-05,4.3575118979788385e-06,10.0,1.0,10.0
949.0,0.0001581666001584381,0.0001581666001584381,3.545973640939337e-06,7.918882329249755e-05,4.351803454483161e-06,10.0,1.0,10.0
950.0,0.00015800222172401845,0.00015800222172401845,3.542864305927651e-06,7.911299326224253e-05,4.346058631199412e-06,10.0,1.0,10.0
951.0,0.00015783787239342928,0.00015783787239342928,3.5397358715272276e-06,7.903717778390273e-05,4.340333816799102e-06,10.0,1.0,10.0
952.0,0.00015767385775689036,0.00015767385775689036,3.536624262778787e-06,7.896128227002919e-05,4.33463310400839e-06,10.0,1.0,10.0
953.0,0.0001575100759509951,0.0001575100759509951,3.5335228858457413e-06,7.888529216870666e-05,4.328955128585221e-06,10.0,1.0,10.0
954.0,0.00015734601765871048,0.00015734601765871048,3.530443791532889e-06,7.880950579419732e-05,4.3232066673226655e-06,10.0,1.0,10.0
955.0,0.00015718332724645734,0.00015718332724645734,3.527375611156458e-06,7.873345748521388e-05,4.317611455917358e-06,10.0,1.0,10.0
956.0,0.00015702011296525598,0.00015702011296525598,3.524279691191623e-06,7.865738734835759e-05,4.311993507144507e-06,10.0,1.0,10.0
957.0,0.00015685678226873279,0.00015685678226873279,3.5211855902161915e-06,7.858134631533176e-05,4.306358732719673e-06,10.0,1.0,10.0
958.0,0.00015669400454498827,0.00015669400454498827,3.518115136103006e-06,7.850533438613638e-05,4.300751697883243e-06,10.0,1.0,10.0
959.0,0.0001565319107612595,0.0001565319107612595,3.515106982376892e-06,7.842935883672908e-05,4.295148755772971e-06,10.0,1.0,10.0
960.0,0.00015636900207027793,0.00015636900207027793,3.512010607664706e-06,7.835323049221188e-05,4.289566277293488e-06,10.0,1.0,10.0
961.0,0.0001562069810461253,0.0001562069810461253,3.508971076371381e-06,7.82771676313132e-05,4.2840101741603576e-06,10.0,1.0,10.0
962.0,0.00015604501822963357,0.00015604501822963357,3.5059651963820215e-06,7.820084283594042e-05,4.278452706785174e-06,10.0,1.0,10.0
963.0,0.000155882618855685,0.000155882618855685,3.5028083402721677e-06,7.812450348865241e-05,4.2730039240268525e-06,10.0,1.0,10.0
964.0,0.00015572071424685419,0.00015572071424685419,3.4997615330212284e-06,7.804830238455907e-05,4.267481017450336e-06,10.0,1.0,10.0
965.0,0.00015555947902612388,0.00015555947902612388,3.496798399282852e-06,7.797213766025379e-05,4.261936737748329e-06,10.0,1.0,10.0
966.0,0.00015539801097474992,0.00015539801097474992,3.4937888813146856e-06,7.789609662722796e-05,4.256402917235391e-06,10.0,1.0,10.0
967.0,0.00015523649926763028,0.00015523649926763028,3.4907741337519838e-06,7.78197863837704e-05,4.250896836310858e-06,10.0,1.0,10.0
968.0,0.0001550756423966959,0.0001550756423966959,3.487710728222737e-06,7.774338882882148e-05,4.245514446665766e-06,10.0,1.0,10.0
969.0,0.00015491480007767677,0.00015491480007767677,3.4846812013711315e-06,7.766704220557585e-05,4.240094767737901e-06,10.0,1.0,10.0
970.0,0.00015475439431611449,0.00015475439431611449,3.48169987773872e-06,7.759081199765205e-05,4.234658263158053e-06,10.0,1.0,10.0
971.0,0.00015459397400263697,0.00015459397400263697,3.4787319691531593e-06,7.751451630610973e-05,4.22921402787324e-06,10.0,1.0,10.0
972.0,0.0001544340921100229,0.0001544340921100229,3.4756992590700975e-06,7.743808964733034e-05,4.223901214572834e-06,10.0,1.0,10.0
973.0,0.00015427364269271493,0.00015427364269271493,3.4727306683635106e-06,7.736180123174563e-05,4.218452886561863e-06,10.0,1.0,10.0
974.0,0.00015411365893669426,0.00015411365893669426,3.469759576546494e-06,7.728543278062716e-05,4.213062766211806e-06,10.0,1.0,10.0
975.0,0.00015395416994579136,0.00015395416994579136,3.466805765128811e-06,7.720905705355108e-05,4.207704478176311e-06,10.0,1.0,10.0
976.0,0.0001537942880531773,0.0001537942880531773,3.4637521366676083e-06,7.713256491115317e-05,4.202419859211659e-06,10.0,1.0,10.0
977.0,0.00015363493002951145,0.00015363493002951145,3.4608308396855136e-06,7.705621828790754e-05,4.19703928855597e-06,10.0,1.0,10.0
978.0,0.0001534761395305395,0.0001534761395305395,3.4579265957290772e-06,7.697992987232283e-05,4.191694642941002e-06,10.0,1.0,10.0
979.0,0.00015331721806433052,0.00015331721806433052,3.454967099969508e-06,7.690340135013685e-05,4.186414116702508e-06,10.0,1.0,10.0
980.0,0.00015315810742322356,0.00015315810742322356,3.4519364362495253e-06,7.682680734433234e-05,4.181193162366981e-06,10.0,1.0,10.0
981.0,0.00015300010272767395,0.00015300010272767395,3.4490078633098165e-06,7.675036613363773e-05,4.175966296315892e-06,10.0,1.0,10.0
982.0,0.0001528417633380741,0.0001528417633380741,3.4460904316802043e-06,7.667400495847687e-05,4.170684405835345e-06,10.0,1.0,10.0
983.0,0.00015268308925442398,0.00015268308925442398,3.4432055144861806e-06,7.659766561118886e-05,4.165337486483622e-06,10.0,1.0,10.0
984.0,0.0001525251573184505,0.0001525251573184505,3.440264663367998e-06,7.652120984857902e-05,4.1601297198212706e-06,10.0,1.0,10.0
985.0,0.00015236734179779887,0.00015236734179779887,3.437263785599498e-06,7.644455035915598e-05,4.155016540607903e-06,10.0,1.0,10.0
986.0,0.00015220913337543607,0.00015220913337543607,3.4343408970016753e-06,7.636805821675807e-05,4.149767391936621e-06,10.0,1.0,10.0
987.0,0.00015205200179480016,0.00015205200179480016,3.431517825447372e-06,7.629171159351245e-05,4.144510512560373e-06,10.0,1.0,10.0
988.0,0.00015189430268947035,0.00015189430268947035,3.428560376050882e-06,7.621519762324169e-05,4.1393504943698645e-06,10.0,1.0,10.0
989.0,0.00015173738938756287,0.00015173738938756287,3.4256268008903135e-06,7.613869092892855e-05,4.134243226872059e-06,10.0,1.0,10.0
990.0,0.00015158021415118128,0.00015158021415118128,3.422801455599256e-06,7.606229337397963e-05,4.12899089496932e-06,10.0,1.0,10.0
991.0,0.00015142312622629106,0.00015142312622629106,3.419913355173776e-06,7.59858448873274e-05,4.123814505874179e-06,10.0,1.0,10.0
992.0,0.00015126659127417952,0.00015126659127417952,3.416961135371821e-06,7.590918539790437e-05,4.118779997952515e-06,10.0,1.0,10.0
993.0,0.0001511104783276096,0.0001511104783276096,3.4140882689825958e-06,7.583263504784554e-05,4.113695922569605e-06,10.0,1.0,10.0
994.0,0.00015095426351763308,0.00015095426351763308,3.4112481444026344e-06,7.575633935630322e-05,4.108544089831412e-06,10.0,1.0,10.0
995.0,0.00015079783042892814,0.00015079783042892814,3.408390057302313e-06,7.56799490773119e-05,4.1033986235561315e-06,10.0,1.0,10.0
996.0,0.00015064199396874756,0.00015064199396874756,3.4055408377753338e-06,7.560350786661729e-05,4.098308636457659e-06,10.0,1.0,10.0
997.0,0.0001504862157162279,0.0001504862157162279,3.4026418234134326e-06,7.552684837719426e-05,4.093295956408838e-06,10.0,1.0,10.0
998.0,0.00015033064119052142,0.00015033064119052142,3.3997669106611283e-06,7.545030530309305e-05,4.0882664507080335e-06,10.0,1.0,10.0
999.0,0.0001501754450146109,0.0001501754450146109,3.396969987079501e-06,7.537388592027128e-05,4.083185558556579e-06,10.0,1.0,10.0
1000.0,0.0001500201760791242,0.0001500201760791242,3.394128498257487e-06,7.529749564127997e-05,4.078140136698494e-06,10.0,1.0,10.0
1001.0,0.0001498647325206548,0.0001498647325206548,3.391194240975892e-06,7.522111263824627e-05,4.073167929163901e-06,10.0,1.0,10.0
1002.0,0.00014971077325753868,0.00014971077325753868,3.388507138879504e-06,7.514468597946689e-05,4.068101588927675e-06,10.0,1.0,10.0
1003.0,0.00014955562073737383,0.00014955562073737383,3.3856576919788495e-06,7.506823021685705e-05,4.063080723426538e-06,10.0,1.0,10.0
1004.0,0.00014940122491680086,0.00014940122491680086,3.382807790330844e-06,7.499169441871345e-05,4.058145805174718e-06,10.0,1.0,10.0
1005.0,0.00014924675633665174,0.00014924675633665174,3.379910367584671e-06,7.491510768886656e-05,4.053254087921232e-06,10.0,1.0,10.0
1006.0,0.00014909250603523105,0.00014909250603523105,3.3771707421692554e-06,7.483883382519707e-05,4.048196842632024e-06,10.0,1.0,10.0
1007.0,0.000148938677739352,0.000148938677739352,3.3743785934348125e-06,7.476247265003622e-05,4.043241915496765e-06,10.0,1.0,10.0
1008.0,0.00014878502406645566,0.00014878502406645566,3.3715812151058344e-06,7.468615513062105e-05,4.038305633002892e-06,10.0,1.0,10.0
1009.0,0.00014863064279779792,0.00014863064279779792,3.3687372251733905e-06,7.460974302375689e-05,4.033352979604388e-06,10.0,1.0,10.0
1010.0,0.000148477396578528,0.000148477396578528,3.365927796039614e-06,7.453314901795238e-05,4.028497187391622e-06,10.0,1.0,10.0
1011.0,0.00014832436863798648,0.00014832436863798648,3.3631640690146014e-06,7.445675146300346e-05,4.0235968299384695e-06,10.0,1.0,10.0
1012.0,0.0001481712533859536,0.0001481712533859536,3.360421487741405e-06,7.438047032337636e-05,4.018657364213141e-06,10.0,1.0,10.0
1013.0,0.00014801764336880296,0.00014801764336880296,3.357589775987435e-06,7.430414552800357e-05,4.013760189991444e-06,10.0,1.0,10.0
1014.0,0.00014786543033551425,0.00014786543033551425,3.3548399187566247e-06,7.42279808036983e-05,4.0089053072733805e-06,10.0,1.0,10.0
1015.0,0.0001477131445426494,0.0001477131445426494,3.352134626766201e-06,7.415168511215597e-05,4.00401131628314e-06,10.0,1.0,10.0
1016.0,0.00014756055315956473,0.00014756055315956473,3.3493611226731446e-06,7.407530938507989e-05,3.999162800027989e-06,10.0,1.0,10.0
1017.0,0.00014740852930117399,0.00014740852930117399,3.346512130519841e-06,7.399875903502107e-05,3.994464805145981e-06,10.0,1.0,10.0
1018.0,0.00014725668006576598,0.00014725668006576598,3.343835942359874e-06,7.392257975880057e-05,3.989573542639846e-06,10.0,1.0,10.0
1019.0,0.00014710455434396863,0.00014710455434396863,3.3411547519790474e-06,7.384651689790189e-05,3.984649538324447e-06,10.0,1.0,10.0
1020.0,0.00014695301069878042,0.00014695301069878042,3.338412625453202e-06,7.377035944955423e-05,3.979853318014648e-06,10.0,1.0,10.0
1021.0,0.00014680135063827038,0.00014680135063827038,3.3356541280227248e-06,7.369399827439338e-05,3.975081654061796e-06,10.0,1.0,10.0
1022.0,0.0001466501853428781,0.0001466501853428781,3.33287903231394e-06,7.361759344348684e-05,3.970380475948332e-06,10.0,1.0,10.0
1023.0,0.0001464988454245031,0.0001464988454245031,3.330190338601824e-06,7.354143599513918e-05,3.965549694839865e-06,10.0,1.0,10.0
1024.0,0.00014634786930400878,0.00014634786930400878,3.327524837004603e-06,7.346534403041005e-05,3.960727553931065e-06,10.0,1.0,10.0
1025.0,0.00014619673311244696,0.00014619673311244696,3.3247688406845555e-06,7.338922296185046e-05,3.955982265324565e-06,10.0,1.0,10.0
1026.0,0.00014604630996473134,0.00014604630996473134,3.322097427371773e-06,7.331316010095179e-05,3.951218332076678e-06,10.0,1.0,10.0
1027.0,0.00014589549391530454,0.00014589549391530454,3.3193603030667873e-06,7.323696627281606e-05,3.946492142858915e-06,10.0,1.0,10.0
1028.0,0.0001457453763578087,0.0001457453763578087,3.316631591587793e-06,7.316069240914658e-05,3.941837348975241e-06,10.0,1.0,10.0
1029.0,0.00014559536066371948,0.00014559536066371948,3.313913111924194e-06,7.308454223675653e-05,3.937169367418392e-06,10.0,1.0,10.0
1030.0,0.00014544522855430841,0.00014544522855430841,3.3112901292042807e-06,7.300853758351877e-05,3.9323795135715045e-06,10.0,1.0,10.0
1031.0,0.00014529540203511715,0.00014529540203511715,3.308665327494964e-06,7.293268572539091e-05,3.927605575881898e-06,10.0,1.0,10.0
1032.0,0.00014514636131934822,0.00014514636131934822,3.305962309241295e-06,7.28566010366194e-05,3.923013537132647e-06,10.0,1.0,10.0
1033.0,0.00014499614189844579,0.00014499614189844579,3.3032151804945897e-06,7.278047996805981e-05,3.918350557796657e-06,10.0,1.0,10.0
1034.0,0.00014484731946140528,0.00014484731946140528,3.3005874229274923e-06,7.270454079844058e-05,3.913689852197422e-06,10.0,1.0,10.0
1035.0,0.00014469778398051858,0.00014469778398051858,3.2978939543681918e-06,7.262854342116043e-05,3.909029146598186e-06,10.0,1.0,10.0
1036.0,0.0001445487723685801,0.0001445487723685801,3.2952464152913308e-06,7.255257514771074e-05,3.904373897967162e-06,10.0,1.0,10.0
1037.0,0.00014440013910643756,0.00014440013910643756,3.2925981940934435e-06,7.247669418575242e-05,3.899746843671892e-06,10.0,1.0,10.0
1038.0,0.00014425114204641432,0.00014425114204641432,3.2899470170377754e-06,7.240080594783649e-05,3.8950861380726565e-06,10.0,1.0,10.0
1039.0,0.0001441029889974743,0.0001441029889974743,3.287332674517529e-06,7.23249395377934e-05,3.8904718167032115e-06,10.0,1.0,10.0
1040.0,0.00014395485050044954,0.00014395485050044954,3.284677859483054e-06,7.224899309221655e-05,3.885907062795013e-06,10.0,1.0,10.0
1041.0,0.0001438068284187466,0.0001438068284187466,3.282026682427386e-06,7.217311213025823e-05,3.881345492118271e-06,10.0,1.0,10.0
1042.0,0.0001436586317140609,0.0001436586317140609,3.2794678190839477e-06,7.209739123936743e-05,3.876656592183281e-06,10.0,1.0,10.0
1043.0,0.0001435108424630016,0.0001435108424630016,3.2768432447483065e-06,7.202162669273093e-05,3.872079105349258e-06,10.0,1.0,10.0
1044.0,0.000143363606184721,0.000143363606184721,3.2742059374868404e-06,7.194583304226398e-05,3.867570740112569e-06,10.0,1.0,10.0
1045.0,0.00014321600610855967,0.00014321600610855967,3.2715886391088134e-06,7.187003211583942e-05,3.863008714688476e-06,10.0,1.0,10.0
1046.0,0.00014306881348602474,0.00014306881348602474,3.26900408254005e-06,7.179436943260953e-05,3.858440777548822e-06,10.0,1.0,10.0
1047.0,0.00014292140258476138,0.00014292140258476138,3.2663162983226357e-06,7.171861943788826e-05,3.853962880384643e-06,10.0,1.0,10.0
1048.0,0.0001427745883120224,0.0001427745883120224,3.26376630255254e-06,7.164303679019213e-05,3.8493894862767775e-06,10.0,1.0,10.0
1049.0,0.00014262789045460522,0.00014262789045460522,3.2612292670819443e-06,7.156755600590259e-05,3.844804268737789e-06,10.0,1.0,10.0
1050.0,0.00014248155639506876,0.00014248155639506876,3.258629703850602e-06,7.149182783905417e-05,3.840343197225593e-06,10.0,1.0,10.0
1051.0,0.0001423352223355323,0.0001423352223355323,3.25599967254675e-06,7.14161287760362e-05,3.835909865301801e-06,10.0,1.0,10.0
1052.0,0.0001421886117896065,0.0001421886117896065,3.2534253477933817e-06,7.134064799174666e-05,3.831371031992603e-06,10.0,1.0,10.0
1053.0,0.00014204249600879848,0.00014204249600879848,3.2509612992726034e-06,7.126523996703327e-05,3.8267635318334214e-06,10.0,1.0,10.0
1054.0,0.00014189693320076913,0.00014189693320076913,3.2483344512002077e-06,7.118967187125236e-05,3.822391136054648e-06,10.0,1.0,10.0
1055.0,0.00014175125397741795,0.00014175125397741795,3.245744437663234e-06,7.111411832738668e-05,3.817969172814628e-06,10.0,1.0,10.0
1056.0,0.00014160529826767743,0.00014160529826767743,3.2432167245133314e-06,7.10387685103342e-05,3.813435796473641e-06,10.0,1.0,10.0
1057.0,0.000141460113809444,0.000141460113809444,3.240683781768894e-06,7.096334593370557e-05,3.8089924601081293e-06,10.0,1.0,10.0
1058.0,0.00014131455100141466,0.00014131455100141466,3.238092176616192e-06,7.088791608111933e-05,3.804571861110162e-06,10.0,1.0,10.0
1059.0,0.0001411695993738249,0.0001411695993738249,3.2355849270970793e-06,7.081256626406685e-05,3.80011806555558e-06,10.0,1.0,10.0
1060.0,0.0001410247350577265,0.0001410247350577265,3.233064944652142e-06,7.073735469020903e-05,3.7956733649480157e-06,10.0,1.0,10.0
1061.0,0.00014088010357227176,0.00014088010357227176,3.230532911402406e-06,7.066200487315655e-05,3.791277322306996e-06,10.0,1.0,10.0
1062.0,0.00014073564670979977,0.00014073564670979977,3.2279526749334764e-06,7.058664778014645e-05,3.7869458537898026e-06,10.0,1.0,10.0
1063.0,0.0001405909424647689,0.0001405909424647689,3.22544860864582e-06,7.051137799862772e-05,3.782507747018826e-06,10.0,1.0,10.0
1064.0,0.0001404468057444319,0.0001404468057444319,3.2229834232566645e-06,7.043638470349833e-05,3.778058498937753e-06,10.0,1.0,10.0
1065.0,0.0001403029018547386,0.0001403029018547386,3.2204318358708406e-06,7.036109309410676e-05,3.7737490856670775e-06,10.0,1.0,10.0
1066.0,0.0001401587069267407,0.0001401587069267407,3.217912762920605e-06,7.02859615557827e-05,3.769362365346751e-06,10.0,1.0,10.0
1067.0,0.00014001489034853876,0.00014001489034853876,3.2154046039067907e-06,7.02107063261792e-05,3.765014753298601e-06,10.0,1.0,10.0
1068.0,0.00013987108832225204,0.00013987108832225204,3.2128750717674848e-06,7.013563299551606e-05,3.760671233976609e-06,10.0,1.0,10.0
1069.0,0.0001397280429955572,0.0001397280429955572,3.21043080475647e-06,7.006062514847144e-05,3.7563099795079324e-06,10.0,1.0,10.0
1070.0,0.0001395852887071669,0.0001395852887071669,3.2079472020996036e-06,6.998557364568114e-05,3.752024667846854e-06,10.0,1.0,10.0
1071.0,0.00013944160309620202,0.00013944160309620202,3.2054369967227103e-06,6.991066038608551e-05,3.7476575016626157e-06,10.0,1.0,10.0
1072.0,0.000139298674184829,0.000139298674184829,3.202992957085371e-06,6.983567436691374e-05,3.7433062516356586e-06,10.0,1.0,10.0
1073.0,0.0001391558034811169,0.0001391558034811169,3.2004929835238727e-06,6.976064469199628e-05,3.73902344108501e-06,10.0,1.0,10.0
1074.0,0.0001390131947118789,0.0001390131947118789,3.197966179868672e-06,6.968561501707882e-05,3.7347926991060376e-06,10.0,1.0,10.0
1075.0,0.00013887070235796273,0.00013887070235796273,3.1955103168002097e-06,6.961078906897455e-05,3.730481239472283e-06,10.0,1.0,10.0
1076.0,0.00013872893759980798,0.00013872893759980798,3.1931649573380128e-06,6.95361741236411e-05,3.726111572177615e-06,10.0,1.0,10.0
1077.0,0.00013858673628419638,0.00013858673628419638,3.190682718923199e-06,6.946139910724014e-05,3.7218514989945106e-06,10.0,1.0,10.0
1078.0,0.00013844482600688934,0.00013844482600688934,3.188149548805086e-06,6.938634760444984e-05,3.7176987461862154e-06,10.0,1.0,10.0
1079.0,0.00013830310490448028,0.00013830310490448028,3.185733476129826e-06,6.931159441592172e-05,3.7134172998776194e-06,10.0,1.0,10.0
1080.0,0.00013816174759995192,0.00013816174759995192,3.183390617778059e-06,6.923702312633395e-05,3.709081283886917e-06,10.0,1.0,10.0
1081.0,0.00013801988097839057,0.00013801988097839057,3.1808690437173937e-06,6.916233542142436e-05,3.704885102706612e-06,10.0,1.0,10.0
1082.0,0.00013787872740067542,0.00013787872740067542,3.1783993108547293e-06,6.908764044055715e-05,3.700709839904448e-06,10.0,1.0,10.0
1083.0,0.0001377374428557232,0.0001377374428557232,3.176041445840383e-06,6.901322194607928e-05,3.6963810998713598e-06,10.0,1.0,10.0
1084.0,0.00013759655121248215,0.00013759655121248215,3.1736326491227373e-06,6.89385924488306e-05,3.692163318191888e-06,10.0,1.0,10.0
1085.0,0.00013745612523052841,0.00013745612523052841,3.1711749670648715e-06,6.886392657179385e-05,3.6880448988085845e-06,10.0,1.0,10.0
1086.0,0.0001373150444123894,0.0001373150444123894,3.16871705763333e-06,6.878940621390939e-05,3.683846898638876e-06,10.0,1.0,10.0
1087.0,0.00013717470574192703,0.00013717470574192703,3.166426495226915e-06,6.871519144624472e-05,3.6795240703213494e-06,10.0,1.0,10.0
1088.0,0.00013703426520805806,0.00013703426520805806,3.1639901862945408e-06,6.864082388347015e-05,3.6753540371137206e-06,10.0,1.0,10.0
1089.0,0.0001368942903354764,0.0001368942903354764,3.1614927138434723e-06,6.856624531792477e-05,3.671310878416989e-06,10.0,1.0,10.0
1090.0,0.00013675473746843636,0.00013675473746843636,3.1591471270076e-06,6.84918268234469e-05,3.6671431189461146e-06,10.0,1.0,10.0
1091.0,0.00013661471894010901,0.00013661471894010901,3.1568456506647635e-06,6.84177502989769e-05,3.6628503039537463e-06,10.0,1.0,10.0
1092.0,0.00013647503510583192,0.00013647503510583192,3.1544643661618466e-06,6.834340456407517e-05,3.6586982332664775e-06,10.0,1.0,10.0
1093.0,0.00013633552589453757,0.00013633552589453757,3.1519789445155766e-06,6.826897151768208e-05,3.654676675068913e-06,10.0,1.0,10.0
1094.0,0.000136196322273463,0.000136196322273463,3.1496442716161255e-06,6.819488044129685e-05,3.65049936590367e-06,10.0,1.0,10.0
1095.0,0.00013605687126982957,0.00013605687126982957,3.1473400667891838e-06,6.812091305619106e-05,3.646256345746224e-06,10.0,1.0,10.0
1096.0,0.00013591823517344892,0.00013591823517344892,3.144908077956643e-06,6.804656004533172e-05,3.642259116531932e-06,10.0,1.0,10.0
1097.0,0.00013577949721366167,0.00013577949721366167,3.142488822049927e-06,6.79723743814975e-05,3.6382227790454635e-06,10.0,1.0,10.0
1098.0,0.00013564055552706122,0.00013564055552706122,3.1402319109474774e-06,6.789850885979831e-05,3.633973392425105e-06,10.0,1.0,10.0
1099.0,0.00013550206494983286,0.00013550206494983286,3.1379543088405626e-06,6.78246287861839e-05,3.629789034675923e-06,10.0,1.0,10.0
1100.0,0.00013536371989175677,0.00013536371989175677,3.1354852580989245e-06,6.775043584639207e-05,3.6258431919122813e-06,10.0,1.0,10.0
1101.0,0.0001352251711068675,0.0001352251711068675,3.133055997750489e-06,6.767638842575252e-05,3.621822315835743e-06,10.0,1.0,10.0
1102.0,0.00013508788833860308,0.00013508788833860308,3.1308165944210486e-06,6.76025592838414e-05,3.6177170841256157e-06,10.0,1.0,10.0
1103.0,0.00013495009625330567,0.00013495009625330567,3.128565367660485e-06,6.752882472937927e-05,3.613562967075268e-06,10.0,1.0,10.0
1104.0,0.0001348120131297037,0.0001348120131297037,3.1261513413483044e-06,6.745490827597678e-05,3.6095589166507125e-06,10.0,1.0,10.0
1105.0,0.00013467403186950833,0.00013467403186950833,3.123779151792405e-06,6.738105730619282e-05,3.60551780431706e-06,10.0,1.0,10.0
1106.0,0.0001345374039374292,0.0001345374039374292,3.121577719866764e-06,6.730739551130682e-05,3.6014230317960028e-06,10.0,1.0,10.0
1107.0,0.0001344000338576734,0.0001344000338576734,3.119248276561848e-06,6.7233617301099e-05,3.5973937428934732e-06,10.0,1.0,10.0
1108.0,0.0001342627074336633,0.0001342627074336633,3.116825382676325e-06,6.715981726301834e-05,3.593463588913437e-06,10.0,1.0,10.0
1109.0,0.00013412616681307554,0.00013412616681307554,3.1145957564149285e-06,6.708635191898793e-05,3.589386324165389e-06,10.0,1.0,10.0
1110.0,0.000133989640744403,0.000133989640744403,3.112373178737471e-06,6.70128792989999e-05,3.5853026929544285e-06,10.0,1.0,10.0
1111.0,0.00013385267811827362,0.00013385267811827362,3.1100316846277565e-06,6.693931936752051e-05,3.581304099498084e-06,10.0,1.0,10.0
1112.0,0.0001337161083938554,0.0001337161083938554,3.1076754112291383e-06,6.686568667646497e-05,3.577366896934109e-06,10.0,1.0,10.0
1113.0,0.00013358049909584224,0.00013358049909584224,3.1054419196152594e-06,6.679221405647695e-05,3.573385583877098e-06,10.0,1.0,10.0
1114.0,0.00013344379840418696,0.00013344379840418696,3.103135895798914e-06,6.67188287479803e-05,3.5693606150744017e-06,10.0,1.0,10.0
1115.0,0.000133308392832987,0.000133308392832987,3.1008707992441487e-06,6.664555985480547e-05,3.56541227120033e-06,10.0,1.0,10.0
1116.0,0.00013317230332177132,0.00013317230332177132,3.0985572720965138e-06,6.65721163386479e-05,3.5614621083368547e-06,10.0,1.0,10.0
1117.0,0.00013303618470672518,0.00013303618470672518,3.0963024073571432e-06,6.6498811065685e-05,3.5574355479184305e-06,10.0,1.0,10.0
1118.0,0.00013290115748532116,0.00013290115748532116,3.0941141631046776e-06,6.642568769166246e-05,3.5534333164832788e-06,10.0,1.0,10.0
1119.0,0.0001327659992966801,0.0001327659992966801,3.091803819188499e-06,6.635239697061479e-05,3.549556367943296e-06,10.0,1.0,10.0
1120.0,0.000132630520965904,0.000132630520965904,3.089466190431267e-06,6.627911352552474e-05,3.5456741898087785e-06,10.0,1.0,10.0
1121.0,0.0001324957556789741,0.0001324957556789741,3.0872811294102576e-06,6.620607746299356e-05,3.541686510288855e-06,10.0,1.0,10.0
1122.0,0.000132360786665231,0.000132360786665231,3.085063099206309e-06,6.613304867642e-05,3.53771088157373e-06,10.0,1.0,10.0
1123.0,0.0001322262833127752,0.0001322262833127752,3.0827882255834993e-06,6.605997623410076e-05,3.533841891112388e-06,10.0,1.0,10.0
1124.0,0.00013209220196586102,0.00013209220196586102,3.0805815640633227e-06,6.598692561965436e-05,3.5299462979310192e-06,10.0,1.0,10.0
1125.0,0.0001319573202636093,0.0001319573202636093,3.0783203328610398e-06,6.591400597244501e-05,3.526011596477474e-06,10.0,1.0,10.0
1126.0,0.00013182326802052557,0.00013182326802052557,3.076068878726801e-06,6.584096263395622e-05,3.52216216015222e-06,10.0,1.0,10.0
1127.0,0.00013168947771191597,0.00013168947771191597,3.073848802159773e-06,6.576803571078926e-05,3.5182947613066062e-06,10.0,1.0,10.0
1128.0,0.0001315558038186282,0.0001315558038186282,3.0716539640707197e-06,6.569530523847789e-05,3.5143962122674566e-06,10.0,1.0,10.0
1129.0,0.00013142192619852722,0.00013142192619852722,3.069477543249377e-06,6.562258204212412e-05,3.5104562812193763e-06,10.0,1.0,10.0
1130.0,0.00013128860155120492,0.00013128860155120492,3.067242005272419e-06,6.554977153427899e-05,3.506640041450737e-06,10.0,1.0,10.0
1131.0,0.0001311549567617476,0.0001311549567617476,3.0649828204332152e-06,6.547696102643386e-05,3.5028169804718345e-06,10.0,1.0,10.0
1132.0,0.0001310215739067644,0.0001310215739067644,3.0628195872850483e-06,6.540433969348669e-05,3.498903652143781e-06,10.0,1.0,10.0
1133.0,0.00013088888954371214,0.00013088888954371214,3.0606511245423462e-06,6.533171108458191e-05,3.4950667213706765e-06,10.0,1.0,10.0
1134.0,0.00013075582683086395,0.00013075582683086395,3.058396487176651e-06,6.525899516418576e-05,3.4912868613901082e-06,10.0,1.0,10.0
1135.0,0.0001306231424678117,0.0001306231424678117,3.0562528081645723e-06,6.518657028209418e-05,3.4874035463872133e-06,10.0,1.0,10.0
1136.0,0.00013049021072220057,0.00013049021072220057,3.0540927582478616e-06,6.511412357212976e-05,3.4835156839108095e-06,10.0,1.0,10.0
1137.0,0.00013035829761065543,0.00013035829761065543,3.051919975405326e-06,6.504165503429249e-05,3.479744009382557e-06,10.0,1.0,10.0
1138.0,0.00013022564235143363,0.00013022564235143363,3.0496562430926133e-06,6.496916466858238e-05,3.4759912068693666e-06,10.0,1.0,10.0
1139.0,0.00013009329268243164,0.00013009329268243164,3.0475034691335168e-06,6.489687802968547e-05,3.472138359938981e-06,10.0,1.0,10.0
1140.0,0.0001299614377785474,0.0001299614377785474,3.0453766157734208e-06,6.482450407929718e-05,3.468315981081105e-06,10.0,1.0,10.0
1141.0,0.00012982988846488297,0.00012982988846488297,3.0431938284891658e-06,6.475216650869697e-05,3.4645781852304935e-06,10.0,1.0,10.0
1142.0,0.0001296980626648292,0.0001296980626648292,3.0410208182729548e-06,6.467993080150336e-05,3.4607924135343637e-06,10.0,1.0,10.0
1143.0,0.00012956636783201247,0.00012956636783201247,3.0389255698537454e-06,6.460779695771635e-05,3.4569316085253377e-06,10.0,1.0,10.0
1144.0,0.00012943516776431352,0.00012943516776431352,3.0367712042789208e-06,6.453558307839558e-05,3.453187446211814e-06,10.0,1.0,10.0
1145.0,0.0001293040404561907,0.0001293040404561907,3.0345549930643756e-06,6.446337647503242e-05,3.4495110412535723e-06,10.0,1.0,10.0
1146.0,0.0001291727094212547,0.0001291727094212547,3.032409949810244e-06,6.439133721869439e-05,3.4457273159205215e-06,10.0,1.0,10.0
1147.0,0.00012904239702038467,0.00012904239702038467,3.030381549251615e-06,6.431951624108478e-05,3.441906756052049e-06,10.0,1.0,10.0
1148.0,0.00012891148799099028,0.00012891148799099028,3.0282019451988162e-06,6.424753519240767e-05,3.4381926070636837e-06,10.0,1.0,10.0
1149.0,0.00012878086999990046,0.00012878086999990046,3.026034846698167e-06,6.41754231764935e-05,3.434508926147828e-06,10.0,1.0,10.0
1150.0,0.00012865061580669135,0.00012865061580669135,3.023932094947668e-06,6.41036094748415e-05,3.4307679470657604e-06,10.0,1.0,10.0
1151.0,0.0001285206526517868,0.0001285206526517868,3.021877773790038e-06,6.403186125680804e-05,3.4270017295057187e-06,10.0,1.0,10.0
1152.0,0.00012839006376452744,0.00012839006376452744,3.019686118932441e-06,6.395993113983423e-05,3.423326916163205e-06,10.0,1.0,10.0
1153.0,0.00012826001329813153,0.00012826001329813153,3.0175344818417216e-06,6.388819019775838e-05,3.4196480100945337e-06,10.0,1.0,10.0
1154.0,0.00012812997738365084,0.00012812997738365084,3.015447418874828e-06,6.381652201525867e-05,3.415898163439124e-06,10.0,1.0,10.0
1155.0,0.0001280004216823727,0.0001280004216823727,3.013361038028961e-06,6.374488293658942e-05,3.4121931093977764e-06,10.0,1.0,10.0
1156.0,0.0001278710551559925,0.0001278710551559925,3.011242824868532e-06,6.36732074781321e-05,3.4085412607964827e-06,10.0,1.0,10.0
1157.0,0.0001277418778045103,0.0001277418778045103,3.0091009648458567e-06,6.360158295137808e-05,3.4049287478410406e-06,10.0,1.0,10.0
1158.0,0.00012761258403770626,0.00012761258403770626,3.0070498269196833e-06,6.353014032356441e-05,3.4011936804745346e-06,10.0,1.0,10.0
1159.0,0.00012748391600325704,0.00012748391600325704,3.005043481607572e-06,6.34587777312845e-05,3.3974713460338535e-06,10.0,1.0,10.0
1160.0,0.000127354622236453,0.000127354622236453,3.0028486435185187e-06,6.33871677564457e-05,3.393896577108535e-06,10.0,1.0,10.0
1161.0,0.00012722608516924083,0.00012722608516924083,3.0007915938767837e-06,6.331568874884397e-05,3.3902483664860483e-06,10.0,1.0,10.0
1162.0,0.00012709718430414796,0.00012709718430414796,2.9987368179718032e-06,6.324445712380111e-05,3.3865358091134112e-06,10.0,1.0,10.0
1163.0,0.00012696904013864696,0.00012696904013864696,2.9966722649987787e-06,6.317310180747882e-05,3.3829219319159165e-06,10.0,1.0,10.0
1164.0,0.0001268407650059089,0.0001268407650059089,2.9945324513391824e-06,6.310175376711413e-05,3.3793685361160897e-06,10.0,1.0,10.0
1165.0,0.00012671301374211907,0.00012671301374211907,2.992557256220607e-06,6.30307404207997e-05,3.375670530658681e-06,10.0,1.0,10.0
1166.0,0.00012658501509577036,0.00012658501509577036,2.990569782923558e-06,6.295978528214619e-05,3.3719536531862104e-06,10.0,1.0,10.0
1167.0,0.0001264570455532521,0.0001264570455532521,2.988409278259496e-06,6.288837175816298e-05,3.3684575555525953e-06,10.0,1.0,10.0
1168.0,0.0001263292069779709,0.0001263292069779709,2.9863183499401202e-06,6.281721289269626e-05,3.364880740264198e-06,10.0,1.0,10.0
1169.0,0.00012620200868695974,0.00012620200868695974,2.984342700074194e-06,6.27462359261699e-05,3.3612343486311147e-06,10.0,1.0,10.0
1170.0,0.0001260748686036095,0.0001260748686036095,2.9823320346622495e-06,6.267533171921968e-05,3.357622063049348e-06,10.0,1.0,10.0
1171.0,0.00012594765576068312,0.00012594765576068312,2.980267936436576e-06,6.260438385652378e-05,3.354058890181477e-06,10.0,1.0,10.0
1172.0,0.00012582074850797653,0.00012582074850797653,2.978250449814368e-06,6.253361789276823e-05,3.350463202878018e-06,10.0,1.0,10.0
1173.0,0.00012569411774165928,0.00012569411774165928,2.9762870781269157e-06,6.246293196454644e-05,3.3468315905338386e-06,10.0,1.0,10.0
1174.0,0.00012556725414469838,0.00012556725414469838,2.974138851641328e-06,6.239188223844394e-05,3.343399384903023e-06,10.0,1.0,10.0
1175.0,0.0001254404050996527,0.0001254404050996527,2.972086349473102e-06,6.232108717085794e-05,3.33984530698217e-06,10.0,1.0,10.0
1176.0,0.0001253138470929116,0.0001253138470929116,2.970163222926203e-06,6.225054676178843e-05,3.336166628287174e-06,10.0,1.0,10.0
1177.0,0.00012518774019554257,0.00012518774019554257,2.9681868909392506e-06,6.217992631718516e-05,3.3325950425933115e-06,10.0,1.0,10.0
1178.0,0.00012506157509051263,0.00012506157509051263,2.966108468172024e-06,6.210922583704814e-05,3.3291262298007496e-06,10.0,1.0,10.0
1179.0,0.0001249358174391091,0.0001249358174391091,2.9640978027600795e-06,6.203867815202102e-05,3.3256158076255815e-06,10.0,1.0,10.0
1180.0,0.00012480997247621417,0.00012480997247621417,2.9621176054206444e-06,6.196825415827334e-05,3.3220535442524124e-06,10.0,1.0,10.0
1181.0,0.00012468427303247154,0.00012468427303247154,2.9601139885926386e-06,6.189774285303429e-05,3.3185381198563846e-06,10.0,1.0,10.0
1182.0,0.00012455860269255936,0.00012455860269255936,2.9580999125755625e-06,6.182728247949854e-05,3.3150322451547254e-06,10.0,1.0,10.0
1183.0,0.00012443358718883246,0.00012443358718883246,2.9561731480498565e-06,6.175691669341177e-05,3.311493401270127e-06,10.0,1.0,10.0
1184.0,0.00012430798960849643,0.00012430798960849643,2.9541770345531404e-06,6.168671097839251e-05,3.3079509194067214e-06,10.0,1.0,10.0
1185.0,0.00012418319238349795,0.00012418319238349795,2.9521795568143716e-06,6.161635974422097e-05,3.3045037071133265e-06,10.0,1.0,10.0
1186.0,0.0001240583078470081,0.0001240583078470081,2.950121597677935e-06,6.154597213026136e-05,3.30111197399674e-06,10.0,1.0,10.0
1187.0,0.00012393336510285735,0.00012393336510285735,2.9482130230462644e-06,6.147587555460632e-05,3.2975367503240705e-06,10.0,1.0,10.0
1188.0,0.000123809149954468,0.000123809149954468,2.946288077509962e-06,6.140574987512082e-05,3.2940520213742275e-06,10.0,1.0,10.0
1189.0,0.0001236844400409609,0.0001236844400409609,2.9442803679557983e-06,6.133560964372009e-05,3.290602535344078e-06,10.0,1.0,10.0
1190.0,0.00012356002116575837,0.00012356002116575837,2.9422681109281257e-06,6.12655931035988e-05,3.287174649813096e-06,10.0,1.0,10.0
1191.0,0.00012343637354206294,0.00012343637354206294,2.940391823358368e-06,6.119569297879934e-05,3.283676051069051e-06,10.0,1.0,10.0
1192.0,0.0001233119983226061,0.0001233119983226061,2.9384113986452576e-06,6.112572737038136e-05,3.280216333223507e-06,10.0,1.0,10.0
1193.0,0.0001231884234584868,0.0001231884234584868,2.936416649390594e-06,6.105568172642961e-05,3.2768575692898594e-06,10.0,1.0,10.0
1194.0,0.0001230645866598934,0.0001230645866598934,2.9344860195124056e-06,6.098581070546061e-05,3.273391712355078e-06,10.0,1.0,10.0
1195.0,0.00012294125917833298,0.00012294125917833298,2.9326254207262537e-06,6.09162452747114e-05,3.2698758332116995e-06,10.0,1.0,10.0
1196.0,0.00012281740782782435,0.00012281740782782435,2.9306447686394677e-06,6.0846414271509275e-05,3.2664552236383315e-06,10.0,1.0,10.0
1197.0,0.0001226946769747883,0.0001226946769747883,2.9286707103892695e-06,6.0776586906285957e-05,3.26313806908729e-06,10.0,1.0,10.0
1198.0,0.00012257152411621064,0.00012257152411621064,2.9267471290950198e-06,6.070703238947317e-05,3.2597013159829658e-06,10.0,1.0,10.0
1199.0,0.00012244870595168322,0.00012244870595168322,2.924886075561517e-06,6.063755427021533e-05,3.2562288652115967e-06,10.0,1.0,10.0
1200.0,0.00012232585868332535,0.00012232585868332535,2.922924977610819e-06,6.056785787222907e-05,3.2528757856198354e-06,10.0,1.0,10.0
1201.0,0.0001222032733494416,0.0001222032733494416,2.920987299148692e-06,6.0498350649140775e-05,3.2495056530024158e-06,10.0,1.0,10.0
1202.0,0.0001220806734636426,0.0001220806734636426,2.9190871373430127e-06,6.0428912547649816e-05,3.246088681407855e-06,10.0,1.0,10.0
1203.0,0.00012195839371997863,0.00012195839371997863,2.917215397246764e-06,6.0359649069141597e-05,3.2426596590084955e-06,10.0,1.0,10.0
1204.0,0.0001218361867358908,0.0001218361867358908,2.9152447496016975e-06,6.029020369169302e-05,3.239354100514902e-06,10.0,1.0,10.0
1205.0,0.00012171400885563344,0.00012171400885563344,2.913295702455798e-06,6.022082379786298e-05,3.236022394048632e-06,10.0,1.0,10.0
1206.0,0.00012159240577602759,0.00012159240577602759,2.911514002335025e-06,6.0151774960104376e-05,3.232548806408886e-06,10.0,1.0,10.0
1207.0,0.00012147106463089585,0.00012147106463089585,2.9096290745656006e-06,6.008249329170212e-05,3.229228241252713e-06,10.0,1.0,10.0
1208.0,0.0001213489449582994,0.0001213489449582994,2.9076043119857786e-06,6.0013164329575375e-05,3.2259731597150676e-06,10.0,1.0,10.0
1209.0,0.00012122740736231208,0.00012122740736231208,2.905808059949777e-06,5.994421007926576e-05,3.222511168132769e-06,10.0,1.0,10.0
1210.0,0.00012110639363527298,0.00012110639363527298,2.9039788387308363e-06,5.987545591779053e-05,3.219115114916349e-06,10.0,1.0,10.0
1211.0,0.0001209854890475981,0.0001209854890475981,2.9020184229011647e-06,5.9806163335451856e-05,3.215914148313459e-06,10.0,1.0,10.0
1212.0,0.00012086405331501737,0.00012086405331501737,2.900088702517678e-06,5.973717270535417e-05,3.2125994948728476e-06,10.0,1.0,10.0
1213.0,0.00012074328697053716,0.00012074328697053716,2.898322463806835e-06,5.96684476477094e-05,3.209161604900146e-06,10.0,1.0,10.0
1214.0,0.00012062273162882775,0.00012062273162882775,2.896462774515385e-06,5.9599529777187854e-05,3.205857410648605e-06,10.0,1.0,10.0
1215.0,0.00012050187069689855,0.00012050187069689855,2.8945266876689857e-06,5.953061190666631e-05,3.2025993732531788e-06,10.0,1.0,10.0
1216.0,0.0001203818537760526,0.0001203818537760526,2.8927183848281857e-06,5.9461915952851996e-05,3.1992749427445233e-06,10.0,1.0,10.0
1217.0,0.00012026142212562263,0.00012026142212562263,2.890889163609245e-06,5.9393343690317124e-05,3.195918907294981e-06,10.0,1.0,10.0
1218.0,0.00012014161620754749,0.00012014161620754749,2.8890033263451187e-06,5.932460044277832e-05,3.192697704434977e-06,10.0,1.0,10.0
1219.0,0.00012002159201074392,0.00012002159201074392,2.887140908569563e-06,5.9255944506730884e-05,3.1894239782559453e-06,10.0,1.0,10.0
1220.0,0.00011990164057351649,0.00011990164057351649,2.8853683033958077e-06,5.918756141909398e-05,3.1860399758443236e-06,10.0,1.0,10.0
1221.0,0.00011978214752161875,0.00011978214752161875,2.8835404464189196e-06,5.9119069192092866e-05,3.1827671591599938e-06,10.0,1.0,10.0
1222.0,0.00011966245074290782,0.00011966245074290782,2.881597993109608e-06,5.9050384152214974e-05,3.1796084840607364e-06,10.0,1.0,10.0
1223.0,0.00011954283399973065,0.00011954283399973065,2.8797289814974647e-06,5.8982048358302563e-05,3.1763495371706085e-06,10.0,1.0,10.0
1224.0,0.00011942403216380626,0.00011942403216380626,2.878007535400684e-06,5.8913847169606015e-05,3.173011236867751e-06,10.0,1.0,10.0
1225.0,0.00011930460459552705,0.00011930460459552705,2.8761719477188308e-06,5.884563142899424e-05,3.169725459883921e-06,10.0,1.0,10.0
1226.0,0.00011918583913939074,0.00011918583913939074,2.87431976175867e-06,5.877729199710302e-05,3.1665354072174523e-06,10.0,1.0,10.0
1227.0,0.0001190672192024067,0.0001190672192024067,2.8725153242703527e-06,5.870904351468198e-05,3.163302835673676e-06,10.0,1.0,10.0
1228.0,0.00011894833733094856,0.00011894833733094856,2.8707156616292195e-06,5.864103513886221e-05,3.1600147849530913e-06,10.0,1.0,10.0
1229.0,0.00011883017577929422,0.00011883017577929422,2.8688909878837876e-06,5.857284486410208e-05,3.156842240059632e-06,10.0,1.0,10.0
1230.0,0.00011871206515934318,0.00011871206515934318,2.8670840492850402e-06,5.8504738262854517e-05,3.1536487767880317e-06,10.0,1.0,10.0
1231.0,0.00011859337973874062,0.00011859337973874062,2.865261876650038e-06,5.843683538842015e-05,3.1503923310083337e-06,10.0,1.0,10.0
1232.0,0.00011847581481561065,0.00011847581481561065,2.8635286071221344e-06,5.836902710143477e-05,3.1471497550228378e-06,10.0,1.0,10.0
1233.0,0.00011835808254545555,0.00011835808254545555,2.861700522771571e-06,5.830093869008124e-05,3.1440140446648e-06,10.0,1.0,10.0
1234.0,0.00011823997920146212,0.00011823997920146212,2.859887217709911e-06,5.8233032177668065e-05,3.1408076210936997e-06,10.0,1.0,10.0
1235.0,0.00011812271259259433,0.00011812271259259433,2.8581459901033668e-06,5.816544216941111e-05,3.1375807338918094e-06,10.0,1.0,10.0
1236.0,0.00011800508946180344,0.00011800508946180344,2.8563154046423733e-06,5.80975683988072e-05,3.134436383334105e-06,10.0,1.0,10.0
1237.0,0.00011788725532824174,0.00011788725532824174,2.854445483535528e-06,5.802982559544034e-05,3.1312977171182865e-06,10.0,1.0,10.0
1238.0,0.00011777046165661886,0.00011777046165661886,2.8527629183372483e-06,5.79623447265476e-05,3.1280485472962027e-06,10.0,1.0,10.0
1239.0,0.00011765324597945437,0.00011765324597945437,2.851000090231537e-06,5.789479837403633e-05,3.124844624835532e-06,10.0,1.0,10.0
1240.0,0.00011753666331060231,0.00011753666331060231,2.849160637197201e-06,5.782708467449993e-05,3.121797817584593e-06,10.0,1.0,10.0
1241.0,0.00011742018978111446,0.00011742018978111446,2.8474237296904903e-06,5.7759629271458834e-05,3.1186325486487476e-06,10.0,1.0,10.0
1242.0,0.00011730333790183067,0.00011730333790183067,2.8456975087465253e-06,5.7692315749591216e-05,3.11540452457848e-06,10.0,1.0,10.0
1243.0,0.00011718673340510577,0.00011718673340510577,2.843896254489664e-06,5.762486398452893e-05,3.112291096840636e-06,10.0,1.0,10.0
1244.0,0.00011707026715157554,0.00011707026715157554,2.842067488018074e-06,5.7557394029572606e-05,3.1092195058590733e-06,10.0,1.0,10.0
1245.0,0.0001169542083516717,0.0001169542083516717,2.840373554136022e-06,5.749036790803075e-05,3.106010581177543e-06,10.0,1.0,10.0
1246.0,0.00011683804041240364,0.00011683804041240364,2.838609361788258e-06,5.7423087127972394e-05,3.102886466876953e-06,10.0,1.0,10.0
1247.0,0.00011672260006889701,0.00011672260006889701,2.836820158336195e-06,5.735572267440148e-05,3.0998673992144177e-06,10.0,1.0,10.0
1248.0,0.00011660674499580637,0.00011660674499580637,2.8350864340609405e-06,5.728869291488081e-05,3.09671872855688e-06,10.0,1.0,10.0
1249.0,0.00011649133375613019,0.00011649133375613019,2.8333911359368358e-06,5.722174682887271e-05,3.093567556788912e-06,10.0,1.0,10.0
1250.0,0.00011637569696176797,0.00011637569696176797,2.831647634593537e-06,5.715471343137324e-05,3.0904507184459362e-06,10.0,1.0,10.0
1251.0,0.00011626073683146387,0.00011626073683146387,2.829924369507353e-06,5.708772732759826e-05,3.087376171606593e-06,10.0,1.0,10.0
1252.0,0.00011614585673669353,0.00011614585673669353,2.828207925631432e-06,5.702084308722988e-05,3.084293666688609e-06,10.0,1.0,10.0
1253.0,0.00011603068560361862,0.00011603068560361862,2.826456238835817e-06,5.695388972526416e-05,3.0812227578280726e-06,10.0,1.0,10.0
1254.0,0.0001159158127848059,0.0001159158127848059,2.824736156981089e-06,5.688719465979375e-05,3.0781257009948604e-06,10.0,1.0,10.0
1255.0,0.0001158010054496117,0.0001158010054496117,2.8230360840098e-06,5.6820426834747195e-05,3.075021822951385e-06,10.0,1.0,10.0
1256.0,0.00011568616901058704,0.00011568616901058704,2.8213260065967916e-06,5.675380089087412e-05,3.071911123697646e-06,10.0,1.0,10.0
1257.0,0.00011557194375200197,0.00011557194375200197,2.8195679533382645e-06,5.6687131291255355e-05,3.0689129744132515e-06,10.0,1.0,10.0
1258.0,0.00011545786401256919,0.00011545786401256919,2.817841505020624e-06,5.662047988153063e-05,3.0658966352348216e-06,10.0,1.0,10.0
1259.0,0.00011534379154909402,0.00011534379154909402,2.816186679410748e-06,5.655414133798331e-05,3.0627775231550913e-06,10.0,1.0,10.0
1260.0,0.0001152298937086016,0.0001152298937086016,2.814515255522565e-06,5.648769729305059e-05,3.0597043405578006e-06,10.0,1.0,10.0
1261.0,0.00011511599586810917,0.00011511599586810917,2.812773118421319e-06,5.6421165936626494e-05,3.0567098292522132e-06,10.0,1.0,10.0
1262.0,0.00011500263644848019,0.00011500263644848019,2.811116701195715e-06,5.6354841944994405e-05,3.0536623398802476e-06,10.0,1.0,10.0
1263.0,0.00011488889867905527,0.00011488889867905527,2.8093813853047322e-06,5.6288543419213966e-05,3.050653958780458e-06,10.0,1.0,10.0
1264.0,0.00011477540829218924,0.00011477540829218924,2.807691998896189e-06,5.62222812732216e-05,3.0476203392026946e-06,10.0,1.0,10.0
1265.0,0.00011466216528788209,0.00011466216528788209,2.8060464956070064e-06,5.6156161008402705e-05,3.0445542051893426e-06,10.0,1.0,10.0
1266.0,0.00011454896593932062,0.00011454896593932062,2.8043793918186566e-06,5.609006620943546e-05,3.041509899048833e-06,10.0,1.0,10.0
1267.0,0.00011443610128480941,0.00011443610128480941,2.8026306608808227e-06,5.602377495961264e-05,3.0386017897399142e-06,10.0,1.0,10.0
1268.0,0.00011432336032157764,0.00011432336032157764,2.8009981178911403e-06,5.595776383415796e-05,3.0355613489518873e-06,10.0,1.0,10.0
1269.0,0.00011421088129281998,0.00011421088129281998,2.799404683173634e-06,5.5891894589876756e-05,3.0324936233228073e-06,10.0,1.0,10.0
1270.0,0.00011409812577767298,0.00011409812577767298,2.797716888380819e-06,5.5825985327828676e-05,3.0294968382804655e-06,10.0,1.0,10.0
1271.0,0.00011398577771615237,0.00011398577771615237,2.7960052193520823e-06,5.576003241003491e-05,3.026569402209134e-06,10.0,1.0,10.0
1272.0,0.0001138732914114371,0.0001138732914114371,2.7943556233367417e-06,5.569415588979609e-05,3.0235578378778882e-06,10.0,1.0,10.0
1273.0,0.00011376178008504212,0.00011376178008504212,2.792748091451358e-06,5.5628366681048647e-05,3.020593567271135e-06,10.0,1.0,10.0
1274.0,0.00011364906094968319,0.00011364906094968319,2.791023462123121e-06,5.55626793357078e-05,3.017614290001802e-06,10.0,1.0,10.0
1275.0,0.00011353731679264456,0.00011353731679264456,2.7893970582226757e-06,5.549707930185832e-05,3.014627054653829e-06,10.0,1.0,10.0
1276.0,0.00011342593643348664,0.00011342593643348664,2.7878045329998713e-06,5.543153383769095e-05,3.011635271832347e-06,10.0,1.0,10.0
1277.0,0.00011331430141581222,0.00011331430141581222,2.786116738207056e-06,5.5365781008731574e-05,3.008734893228393e-06,10.0,1.0,10.0
1278.0,0.00011320305929984897,0.00011320305929984897,2.7844707801705226e-06,5.530034832190722e-05,3.0057997264520964e-06,10.0,1.0,10.0
1279.0,0.00011309182445984334,0.00011309182445984334,2.782847786875209e-06,5.5234846513485536e-05,3.0028502351342468e-06,10.0,1.0,10.0
1280.0,0.00011298040772089735,0.00011298040772089735,2.7811854579340434e-06,5.516946839634329e-05,2.9999084745213622e-06,10.0,1.0,10.0
1281.0,0.00011286984226899222,0.00011286984226899222,2.7796177164418623e-06,5.51042721781414e-05,2.996939201693749e-06,10.0,1.0,10.0
1282.0,0.00011275870929239318,0.00011275870929239318,2.7779983611253556e-06,5.503898501046933e-05,2.9939742489659693e-06,10.0,1.0,10.0
1283.0,0.00011264815839240327,0.00011264815839240327,2.776314431685023e-06,5.4973621445242316e-05,2.9911395813542185e-06,10.0,1.0,10.0
1284.0,0.00011253762932028621,0.00011253762932028621,2.7747141757572535e-06,5.4908436140976846e-05,2.988205096698948e-06,10.0,1.0,10.0
1285.0,0.00011242703476455063,0.00011242703476455063,2.7730916372092906e-06,5.484333451022394e-05,2.9852792522433447e-06,10.0,1.0,10.0
1286.0,0.00011231648386456072,0.00011231648386456072,2.771466142803547e-06,5.477833838085644e-05,2.982347723445855e-06,10.0,1.0,10.0
1287.0,0.00011220641317777336,0.00011220641317777336,2.769890670606401e-06,5.4713360441382974e-05,2.979414830406313e-06,10.0,1.0,10.0
1288.0,0.00011209704098291695,0.00011209704098291695,2.7683213374984916e-06,5.464841524371877e-05,2.976541054522386e-06,10.0,1.0,10.0
1289.0,0.00011198681022506207,0.00011198681022506207,2.766633770079352e-06,5.458341183839366e-05,2.9737057047896087e-06,10.0,1.0,10.0
1290.0,0.00011187708150828257,0.00011187708150828257,2.7650262381939683e-06,5.451841570902616e-05,2.970840341731673e-06,10.0,1.0,10.0
1291.0,0.0001117676729336381,0.0001117676729336381,2.7635016977001214e-06,5.445380520541221e-05,2.9678847113245865e-06,10.0,1.0,10.0
1292.0,0.00011165800242451951,0.00011165800242451951,2.7618841613730183e-06,5.4389063734561205e-05,2.9650093438249314e-06,10.0,1.0,10.0
1293.0,0.00011154887033626437,0.00011154887033626437,2.760292773018591e-06,5.432435864349827e-05,2.962158532682224e-06,10.0,1.0,10.0
1294.0,0.00011143992014694959,0.00011143992014694959,2.7587061595113482e-06,5.425966810435057e-05,2.9593193175969645e-06,10.0,1.0,10.0
1295.0,0.00011133083899039775,0.00011133083899039775,2.7571018108574208e-06,5.4195123084355146e-05,2.95646987069631e-06,10.0,1.0,10.0
1296.0,0.00011122228170279413,0.00011122228170279413,2.7555329324968625e-06,5.4130527132656425e-05,2.9536431611631997e-06,10.0,1.0,10.0
1297.0,0.00011111308413092047,0.00011111308413092047,2.7539385882846545e-06,5.406616401160136e-05,2.9507532417483162e-06,10.0,1.0,10.0
1298.0,0.00011100491974502802,0.00011100491974502802,2.7524358756636502e-06,5.4001833632355556e-05,2.9478733267751522e-06,10.0,1.0,10.0
1299.0,0.00011089637700933963,0.00011089637700933963,2.75081470135774e-06,5.393731044023298e-05,2.9450925467244815e-06,10.0,1.0,10.0
1300.0,0.00011078764509875327,0.00011078764509875327,2.749184886852163e-06,5.387297278502956e-05,2.942282208096003e-06,10.0,1.0,10.0
1301.0,0.00011067987361457199,0.00011067987361457199,2.7476933155412553e-06,5.380878792493604e-05,2.9394152534223394e-06,10.0,1.0,10.0
1302.0,0.00011057186929974705,0.00011057186929974705,2.74613626061182e-06,5.3744675824418664e-05,2.936583314294694e-06,10.0,1.0,10.0
1303.0,0.00011046411964343861,0.00011046411964343861,2.74460239779728e-06,5.368038546293974e-05,2.933770701929461e-06,10.0,1.0,10.0
1304.0,0.00011035599163733423,0.00011035599163733423,2.7430030513642123e-06,5.361638613976538e-05,2.9309576348168775e-06,10.0,1.0,10.0
1305.0,0.00011024843843188137,0.00011024843843188137,2.7414364467404084e-06,5.355238317861222e-05,2.9281695788085926e-06,10.0,1.0,10.0
1306.0,0.00011014132178388536,0.00011014132178388536,2.7398912152420962e-06,5.3488303819904104e-05,2.9254110813781153e-06,10.0,1.0,10.0
1307.0,0.00011003333929693326,0.00011003333929693326,2.7383107408240903e-06,5.342446456779726e-05,2.92257664114004e-06,10.0,1.0,10.0
1308.0,0.00010992678289767355,0.00010992678289767355,2.736847591222613e-06,5.336065441952087e-05,2.91976539301686e-06,10.0,1.0,10.0
1309.0,0.00010981968080159277,0.00010981968080159277,2.7352687084203353e-06,5.3296775149647146e-05,2.917021902248962e-06,10.0,1.0,10.0
1310.0,0.00010971222218358889,0.00010971222218358889,2.733654582698364e-06,5.3232881327858195e-05,2.9142793209757656e-06,10.0,1.0,10.0
1311.0,0.00010960561485262588,0.00010960561485262588,2.7321923425915884e-06,5.3169373131822795e-05,2.9114316930645145e-06,10.0,1.0,10.0
1312.0,0.0001094994368031621,0.0001094994368031621,2.730680307649891e-06,5.310581036610529e-05,2.908681835833704e-06,10.0,1.0,10.0
1313.0,0.00010939292405964807,0.00010939292405964807,2.729128482314991e-06,5.304210935719311e-05,2.905952669607359e-06,10.0,1.0,10.0
1314.0,0.00010928632400464267,0.00010928632400464267,2.7275975753582316e-06,5.29785938852001e-05,2.90317530016182e-06,10.0,1.0,10.0
1315.0,0.00010918059706455097,0.00010918059706455097,2.7261266950517893e-06,5.291522393235937e-05,2.90041043626843e-06,10.0,1.0,10.0
1316.0,0.00010907398245763034,0.00010907398245763034,2.7245387173024938e-06,5.285167208057828e-05,2.897692411352182e-06,10.0,1.0,10.0
1317.0,0.00010896853927988559,0.00010896853927988559,2.723023044381989e-06,5.278830212773755e-05,2.895000307034934e-06,10.0,1.0,10.0
1318.0,0.00010886238305829465,0.00010886238305829465,2.721559440033161e-06,5.2725215937243775e-05,2.8921572265971918e-06,10.0,1.0,10.0
1319.0,0.00010875711450353265,0.00010875711450353265,2.7200605927646393e-06,5.266196603770368e-05,2.8894542083435226e-06,10.0,1.0,10.0
1320.0,0.00010865123476833105,0.00010865123476833105,2.718481027841335e-06,5.259855606709607e-05,2.8867866603832226e-06,10.0,1.0,10.0
1321.0,0.00010854608262889087,0.00010854608262889087,2.71706517196435e-06,5.253561175777577e-05,2.883981323975604e-06,10.0,1.0,10.0
1322.0,0.00010844053031178191,0.00010844053031178191,2.71553381026024e-06,5.2472572861006483e-05,2.881261934817303e-06,10.0,1.0,10.0
1323.0,0.00010833570559043437,0.00010833570559043437,2.7140310976392357e-06,5.2409461204661056e-05,2.8785932499886258e-06,10.0,1.0,10.0
1324.0,0.00010823064076248556,0.00010823064076248556,2.7125249744130997e-06,5.234649870544672e-05,2.8758895496139303e-06,10.0,1.0,10.0
1325.0,0.00010812604159582406,0.00010812604159582406,2.7110818336950615e-06,5.228381633060053e-05,2.8731401471304707e-06,10.0,1.0,10.0
1326.0,0.00010802132601384073,0.00010802132601384073,2.7095773020846536e-06,5.2220813813619316e-05,2.870473281291197e-06,10.0,1.0,10.0
1327.0,0.00010791658132802695,0.00010791658132802695,2.7080495783593506e-06,5.215798591962084e-05,2.8678095986833796e-06,10.0,1.0,10.0
1328.0,0.00010781237506307662,0.00010781237506307662,2.7066623715654714e-06,5.209545633988455e-05,2.8650292733800597e-06,10.0,1.0,10.0
1329.0,0.00010770823428174481,0.00010770823428174481,2.7051587494497653e-06,5.203263572184369e-05,2.8624010610656114e-06,10.0,1.0,10.0
1330.0,0.00010760376608232036,0.00010760376608232036,2.703633981582243e-06,5.196996789891273e-05,2.8597462460311363e-06,10.0,1.0,10.0
1331.0,0.00010749955254141241,0.00010749955254141241,2.7021546884498093e-06,5.1907562010455877e-05,2.8570448193931952e-06,10.0,1.0,10.0
1332.0,0.00010739609570009634,0.00010739609570009634,2.7007752123608952e-06,5.184517431189306e-05,2.854316562661552e-06,10.0,1.0,10.0
1333.0,0.00010729216592153534,0.00010729216592153534,2.6992665880243294e-06,5.178263018024154e-05,2.851686986105051e-06,10.0,1.0,10.0
1334.0,0.00010718878911575302,0.00010718878911575302,2.69780753114901e-06,5.172022065380588e-05,2.8490489967225585e-06,10.0,1.0,10.0
1335.0,0.00010708512854762375,0.00010708512854762375,2.6963368782162433e-06,5.16579530085437e-05,2.846380766641232e-06,10.0,1.0,10.0
1336.0,0.0001069818390533328,0.0001069818390533328,2.6948878257826436e-06,5.159573629498482e-05,2.84372231362795e-06,10.0,1.0,10.0
1337.0,0.00010687837493605912,0.00010687837493605912,2.6934073957818327e-06,5.1533468649722636e-05,2.841082960003405e-06,10.0,1.0,10.0
1338.0,0.00010677590034902096,0.00010677590034902096,2.692004045456997e-06,5.147136835148558e-05,2.8384490633470705e-06,10.0,1.0,10.0
1339.0,0.00010667290189303458,0.00010667290189303458,2.6905631784757134e-06,5.140931534697302e-05,2.8357958399283234e-06,10.0,1.0,10.0
1340.0,0.00010657015081960708,0.00010657015081960708,2.6890879780694377e-06,5.1347196858841926e-05,2.833207190633402e-06,10.0,1.0,10.0
1341.0,0.00010646741429809481,0.00010646741429809481,2.6876236915995833e-06,5.128520933794789e-05,2.8305967134656385e-06,10.0,1.0,10.0
1342.0,0.00010636501247063279,0.00010636501247063279,2.6862444428843446e-06,5.1223360060248524e-05,2.827920752679347e-06,10.0,1.0,10.0
1343.0,0.00010626236326061189,0.00010626236326061189,2.684776518435683e-06,5.116152897244319e-05,2.8253064101591008e-06,10.0,1.0,10.0
1344.0,0.00010616047075018287,0.00010616047075018287,2.6833722586161457e-06,5.1099708798574284e-05,2.8227043458173284e-06,10.0,1.0,10.0
1345.0,0.00010605852730805054,0.00010605852730805054,2.6819250251719495e-06,5.103787771076895e-05,2.820140252879355e-06,10.0,1.0,10.0
1346.0,0.00010595603089313954,0.00010595603089313954,2.6804666504176566e-06,5.0976206694031134e-05,2.8175159059173893e-06,10.0,1.0,10.0
1347.0,0.0001058543348335661,0.0001058543348335661,2.6790696665557334e-06,5.091460843686946e-05,2.8149029276391957e-06,10.0,1.0,10.0
1348.0,0.00010575307533144951,0.00010575307533144951,2.6776685899676522e-06,5.085302473162301e-05,2.8123367883381434e-06,10.0,1.0,10.0
1349.0,0.00010565105185378343,0.00010565105185378343,2.6762286324810702e-06,5.079155016574077e-05,2.809721991070546e-06,10.0,1.0,10.0
1350.0,0.00010554933396633714,0.00010554933396633714,2.674803909030743e-06,5.073014472145587e-05,2.8071151518815896e-06,10.0,1.0,10.0
1351.0,0.00010544853284955025,0.00010544853284955025,2.673405560926767e-06,5.066861194791272e-05,2.80458630186331e-06,10.0,1.0,10.0
1352.0,0.00010534737521084026,0.00010534737521084026,2.6719931156549137e-06,5.060733747086488e-05,2.8020103854942136e-06,10.0,1.0,10.0
1353.0,0.00010524685785640031,0.00010524685785640031,2.6706329663284123e-06,5.054606299381703e-05,2.799446747303591e-06,10.0,1.0,10.0
1354.0,0.00010514539462747052,0.00010514539462747052,2.6692096071201377e-06,5.048490857006982e-05,2.7968387712462572e-06,10.0,1.0,10.0
1355.0,0.00010504484816920012,0.00010504484816920012,2.6677935238694772e-06,5.0423746870364994e-05,2.7943165150645655e-06,10.0,1.0,10.0
1356.0,0.00010494399612070993,0.00010494399612070993,2.666370846782229e-06,5.0362701585981995e-05,2.791758561215829e-06,10.0,1.0,10.0
1357.0,0.0001048434351105243,0.0001048434351105243,2.6649845494830515e-06,5.0301619921810925e-05,2.7891965146409348e-06,10.0,1.0,10.0
1358.0,0.00010474331065779552,0.00010474331065779552,2.6636234906618483e-06,5.024063284508884e-05,2.7866446998814354e-06,10.0,1.0,10.0
1359.0,0.00010464306978974491,0.00010464306978974491,2.6622060431691352e-06,5.017972944187932e-05,2.7841281280416297e-06,10.0,1.0,10.0
1360.0,0.00010454309813212603,0.00010454309813212603,2.6608283860696247e-06,5.0118949729949236e-05,2.7815860903501743e-06,10.0,1.0,10.0
1361.0,0.00010444318468216807,0.00010444318468216807,2.6594200335239293e-06,5.005800267099403e-05,2.7790986223408254e-06,10.0,1.0,10.0
1362.0,0.00010434307478135452,0.00010434307478135452,2.658053745108191e-06,4.9997386668110266e-05,2.776514975266764e-06,10.0,1.0,10.0
1363.0,0.00010424361971672624,0.00010424361971672624,2.6566726774035487e-06,4.9936643335968256e-05,2.7740252335206605e-06,10.0,1.0,10.0
1364.0,0.00010414401913294569,0.00010414401913294569,2.6553223051450914e-06,4.9876063712872565e-05,2.771473418761161e-06,10.0,1.0,10.0
1365.0,0.0001040450733853504,0.0001040450733853504,2.6539505597611424e-06,4.981538950232789e-05,2.769017555692699e-06,10.0,1.0,10.0
1366.0,0.00010394540004199371,0.00010394540004199371,2.6525922294240445e-06,4.9754911742638797e-05,2.7664564186125062e-06,10.0,1.0,10.0
1367.0,0.00010384672350483015,0.00010384672350483015,2.651210479598376e-06,4.9694433982949704e-05,2.7640182906907285e-06,10.0,1.0,10.0
1368.0,0.00010374766134191304,0.00010374766134191304,2.6498246370465495e-06,4.963404717273079e-05,2.7615369617706165e-06,10.0,1.0,10.0
1369.0,0.00010364878107793629,0.00010364878107793629,2.6484997306397418e-06,4.957378769177012e-05,2.75899947155267e-06,10.0,1.0,10.0
1370.0,0.00010354936239309609,0.00010354936239309609,2.6471175260667223e-06,4.951356822857633e-05,2.756461753961048e-06,10.0,1.0,10.0
1371.0,0.00010345102054998279,0.00010345102054998279,2.6457541935087647e-06,4.9453246901975945e-05,2.7540227165445685e-06,10.0,1.0,10.0
1372.0,0.00010335275874240324,0.00010335275874240324,2.6443706246936927e-06,4.9392991058994085e-05,2.751606189121958e-06,10.0,1.0,10.0
1373.0,0.00010325448238290846,0.00010325448238290846,2.6430809612065786e-06,4.933310628985055e-05,2.7490568754728884e-06,10.0,1.0,10.0
1374.0,0.00010315615509171039,0.00010315615509171039,2.6417169465275947e-06,4.927305781166069e-05,2.7465921448310837e-06,10.0,1.0,10.0
1375.0,0.00010305790056008846,0.00010305790056008846,2.6403388346807333e-06,4.9213023885386065e-05,2.7441492420621216e-06,10.0,1.0,10.0
1376.0,0.00010296016989741474,0.00010296016989741474,2.6390616767457686e-06,4.915327008347958e-05,2.7416278953751316e-06,10.0,1.0,10.0
1377.0,0.0001028622718877159,0.0001028622718877159,2.6376799269201e-06,4.90932579850778e-05,2.7392213723942405e-06,10.0,1.0,10.0
1378.0,0.00010276462853653356,0.00010276462853653356,2.63632819041959e-06,4.903341323370114e-05,2.7367930215405067e-06,10.0,1.0,10.0
1379.0,0.00010266705794492736,0.00010266705794492736,2.6350073767389404e-06,4.897383041679859e-05,2.7343157853465527e-06,10.0,1.0,10.0
1380.0,0.00010256959649268538,0.00010256959649268538,2.6336740575061413e-06,4.8914196668192744e-05,2.7318656066199765e-06,10.0,1.0,10.0
1381.0,0.00010247248428640887,0.00010247248428640887,2.6323605197831057e-06,4.885453017777763e-05,2.7294349820294883e-06,10.0,1.0,10.0
1382.0,0.00010237511014565825,0.00010237511014565825,2.6310137855034554e-06,4.87948527734261e-05,2.7270120881439652e-06,10.0,1.0,10.0
1383.0,0.00010227854363620281,0.00010227854363620281,2.629719347169157e-06,4.873551370110363e-05,2.7245832825428806e-06,10.0,1.0,10.0
1384.0,0.00010218140232609585,0.00010218140232609585,2.628358743095305e-06,4.867602910962887e-05,2.722178578551393e-06,10.0,1.0,10.0
1385.0,0.00010208479943685234,0.00010208479943685234,2.627078401928884e-06,4.8616631829645485e-05,2.7197384042665362e-06,10.0,1.0,10.0
1386.0,0.00010198819654760882,0.00010198819654760882,2.6257912395522e-06,4.855734368902631e-05,2.717294364629197e-06,10.0,1.0,10.0
1387.0,0.00010189130262006074,0.00010189130262006074,2.624421085783979e-06,4.849818651564419e-05,2.714890570132411e-06,10.0,1.0,10.0
1388.0,0.00010179519449593499,0.00010179519449593499,2.623097543619224e-06,4.8438876547152176e-05,2.7125345241074683e-06,10.0,1.0,10.0
1389.0,0.00010169936285819858,0.00010169936285819858,2.6218763196084183e-06,4.837988308281638e-05,2.7100718398287427e-06,10.0,1.0,10.0
1390.0,0.00010160313831875101,0.00010160313831875101,2.6205364065390313e-06,4.8320707719540223e-05,2.707706698856782e-06,10.0,1.0,10.0
1391.0,0.00010150695743504912,0.00010150695743504912,2.6192269615421537e-06,4.826174699701369e-05,2.705294491534005e-06,10.0,1.0,10.0
1392.0,0.00010141110396943986,0.00010141110396943986,2.6179129690717673e-06,4.820272806682624e-05,2.70292457571486e-06,10.0,1.0,10.0
1393.0,0.00010131532326340675,0.00010131532326340675,2.6166192128584953e-06,4.814389467355795e-05,2.700524191823206e-06,10.0,1.0,10.0
1394.0,0.00010121988452738151,0.00010121988452738151,2.615344328660285e-06,4.808503945241682e-05,2.6981394967151573e-06,10.0,1.0,10.0
1395.0,0.00010112461313838139,0.00010112461313838139,2.614062395878136e-06,4.802630064659752e-05,2.6957691261486616e-06,10.0,1.0,10.0
1396.0,0.00010102901433128864,0.00010102901433128864,2.612769549159566e-06,4.7967725549824536e-05,2.6933591925626388e-06,10.0,1.0,10.0
1397.0,0.00010093390301335603,0.00010093390301335603,2.6114530555787496e-06,4.7908895794535056e-05,2.6910479391517583e-06,10.0,1.0,10.0
1398.0,0.00010083925735671073,0.00010083925735671073,2.6102156880369876e-06,4.785032069776207e-05,2.688678250706289e-06,10.0,1.0,10.0
1399.0,0.00010074411693494767,0.00010074411693494767,2.6089235234394437e-06,4.779180744662881e-05,2.686307652766118e-06,10.0,1.0,10.0
1400.0,0.00010064916568808258,0.00010064916568808258,2.6076404537889175e-06,4.773336695507169e-05,2.6839391011890257e-06,10.0,1.0,10.0
1401.0,0.00010055451275547966,0.00010055451275547966,2.606368980195839e-06,4.767502105096355e-05,2.681580554053653e-06,10.0,1.0,10.0
1402.0,0.00010046017268905416,0.00010046017268905416,2.6050920496345498e-06,4.761656964547001e-05,2.6792681637743954e-06,10.0,1.0,10.0
1403.0,0.00010036538151325658,0.00010036538151325658,2.603794882816146e-06,4.755835107062012e-05,2.67690825239697e-06,10.0,1.0,10.0
1404.0,0.00010027103417087346,0.00010027103417087346,2.602534323159489e-06,4.750009975396097e-05,2.6745590275822906e-06,10.0,1.0,10.0
1405.0,0.00010017768363468349,0.00010017768363468349,2.6012726266344544e-06,4.7441822971450165e-05,2.6723132577899378e-06,10.0,1.0,10.0
1406.0,0.00010008331446442753,0.00010008331446442753,2.600010020614718e-06,4.738385905511677e-05,2.6699358386395033e-06,10.0,1.0,10.0
1407.0,9.998957102652639e-05,9.998957102652639e-05,2.5988063043769216e-06,4.7325913328677416e-05,2.6675597837311216e-06,10.0,1.0,10.0
1408.0,9.989550017053261e-05,9.989550017053261e-05,2.5974622985813767e-06,4.726765473606065e-05,2.6653221993910847e-06,10.0,1.0,10.0
1409.0,9.980195318348706e-05,9.980195318348706e-05,2.5962099243770353e-06,4.720977085526101e-05,2.6630084448697744e-06,10.0,1.0,10.0
1410.0,9.9708660854958e-05,9.9708660854958e-05,2.594998022686923e-06,4.715207978733815e-05,2.660660811670823e-06,10.0,1.0,10.0
1411.0,9.9614990176633e-05,9.9614990176633e-05,2.5936799374903785e-06,4.709404311142862e-05,2.6584148145047948e-06,10.0,1.0,10.0
1412.0,9.952216350939125e-05,9.952216350939125e-05,2.5924903184204595e-06,4.703640297520906e-05,2.6560851438262034e-06,10.0,1.0,10.0
1413.0,9.942914039129391e-05,9.942914039129391e-05,2.591302518339944e-06,4.697892291005701e-05,2.6537193207332166e-06,10.0,1.0,10.0
1414.0,9.933565888786688e-05,9.933565888786688e-05,2.589937821539934e-06,4.692101720138453e-05,2.651526529007242e-06,10.0,1.0,10.0
1415.0,9.924334153765813e-05,9.924334153765813e-05,2.588733877928462e-06,4.686343891080469e-05,2.6492562028579414e-06,10.0,1.0,10.0
1416.0,9.915054397424683e-05,9.915054397424683e-05,2.5875435767375166e-06,4.680625715991482e-05,2.646884922796744e-06,10.0,1.0,10.0
1417.0,9.905826300382614e-05,9.905826300382614e-05,2.5862750590022188e-06,4.674856972997077e-05,2.644694404807524e-06,10.0,1.0,10.0
1418.0,9.896531992126256e-05,9.896531992126256e-05,2.5850079055089736e-06,4.669110421673395e-05,2.6424136194691528e-06,10.0,1.0,10.0
1419.0,9.887314809020609e-05,9.887314809020609e-05,2.5838567125902046e-06,4.6634027967229486e-05,2.6400548449601047e-06,10.0,1.0,10.0
1420.0,9.87810708465986e-05,9.87810708465986e-05,2.582594561317819e-06,4.657671888708137e-05,2.637840907482314e-06,10.0,1.0,10.0
1421.0,9.868893539533019e-05,9.868893539533019e-05,2.5813333195401356e-06,4.6519271563738585e-05,2.63563310909376e-06,10.0,1.0,10.0
1422.0,9.859683632384986e-05,9.859683632384986e-05,2.5801625724852784e-06,4.646239904104732e-05,2.6332811557949753e-06,10.0,1.0,10.0
1423.0,9.850497008301318e-05,9.850497008301318e-05,2.5789136088860687e-06,4.6405413741013035e-05,2.6310415250918595e-06,10.0,1.0,10.0
1424.0,9.841358405537903e-05,9.841358405537903e-05,2.5776976144697983e-06,4.634824290405959e-05,2.6288366825610865e-06,10.0,1.0,10.0
1425.0,9.832199430093169e-05,9.832199430093169e-05,2.5764802558114752e-06,4.629126487998292e-05,2.6265934138791636e-06,10.0,1.0,10.0
1426.0,9.823056461755186e-05,9.823056461755186e-05,2.5752974579518195e-06,4.623450877261348e-05,2.624308308440959e-06,10.0,1.0,10.0
1427.0,9.813917858991772e-05,9.813917858991772e-05,2.5740400815266185e-06,4.617755985236727e-05,2.622121883177897e-06,10.0,1.0,10.0
1428.0,9.804803994484246e-05,9.804803994484246e-05,2.5728504624566995e-06,4.612092379829846e-05,2.619861106722965e-06,10.0,1.0,10.0
1429.0,9.795738151296973e-05,9.795738151296973e-05,2.571699042164255e-06,4.606428774422966e-05,2.6176098799624015e-06,10.0,1.0,10.0
1430.0,9.786596638150513e-05,9.786596638150513e-05,2.5704082418087637e-06,4.600748070515692e-05,2.615440280351322e-06,10.0,1.0,10.0
1431.0,9.777538798516616e-05,9.777538798516616e-05,2.5692424969747663e-06,4.595084465108812e-05,2.613211790958303e-06,10.0,1.0,10.0
1432.0,9.768457675818354e-05,9.768457675818354e-05,2.5680310500320047e-06,4.589448872138746e-05,2.610977617223398e-06,10.0,1.0,10.0
1433.0,9.759420936461538e-05,9.759420936461538e-05,2.566865759945358e-06,4.5838016376364976e-05,2.608753447930212e-06,10.0,1.0,10.0
1434.0,9.750379103934392e-05,9.750379103934392e-05,2.565665226939018e-06,4.578159496304579e-05,2.606554289741325e-06,10.0,1.0,10.0
1435.0,9.741351823322475e-05,9.741351823322475e-05,2.5644924335210817e-06,4.5725322706857696e-05,2.6043269372166833e-06,10.0,1.0,10.0
1436.0,9.732335456646979e-05,9.732335456646979e-05,2.5632766664784867e-06,4.566896313917823e-05,2.6021621124527883e-06,10.0,1.0,10.0
1437.0,9.723305993247777e-05,9.723305993247777e-05,2.562079544077278e-06,4.561276000458747e-05,2.599950448711752e-06,10.0,1.0,10.0
1438.0,9.71432527876459e-05,9.71432527876459e-05,2.560912435001228e-06,4.5556625991594046e-05,2.5977506084018387e-06,10.0,1.0,10.0
1439.0,9.705382399260998e-05,9.705382399260998e-05,2.5597585135983536e-06,4.5500637497752905e-05,2.595560772533645e-06,10.0,1.0,10.0
1440.0,9.696431516204029e-05,9.696431516204029e-05,2.5585677576600574e-06,4.544451803667471e-05,2.593411863927031e-06,10.0,1.0,10.0
1441.0,9.687462443253025e-05,9.687462443253025e-05,2.5573874609108316e-06,4.538860957836732e-05,2.5912136152328458e-06,10.0,1.0,10.0
1442.0,9.678510105004534e-05,9.678510105004534e-05,2.556174877099693e-06,4.533270112005994e-05,2.5890651613735827e-06,10.0,1.0,10.0
1443.0,9.669586142990738e-05,9.669586142990738e-05,2.5550482405378716e-06,4.527693090494722e-05,2.5868448574328795e-06,10.0,1.0,10.0
1444.0,9.660674550104886e-05,9.660674550104886e-05,2.553878857725067e-06,4.522118251770735e-05,2.584677304184879e-06,10.0,1.0,10.0
1445.0,9.651779691921547e-05,9.651779691921547e-05,2.552699925217894e-06,4.516546687227674e-05,2.5825336251728004e-06,10.0,1.0,10.0
1446.0,9.642903751228005e-05,9.642903751228005e-05,2.5515130346320802e-06,4.510970029514283e-05,2.580420414233231e-06,10.0,1.0,10.0
1447.0,9.634029993321747e-05,9.634029993321747e-05,2.5503554752503987e-06,4.505422475631349e-05,2.5782517241168534e-06,10.0,1.0,10.0
1448.0,9.625148959457874e-05,9.625148959457874e-05,2.5492438453511568e-06,4.499883289099671e-05,2.576022552602808e-06,10.0,1.0,10.0
1449.0,9.616293391445652e-05,9.616293391445652e-05,2.5480685508227907e-06,4.49433209723793e-05,2.5738927433849312e-06,10.0,1.0,10.0
1450.0,9.607475658413023e-05,9.607475658413023e-05,2.5469289539614692e-06,4.4887921831104904e-05,2.5717538392200368e-06,10.0,1.0,10.0
1451.0,9.598612814443186e-05,9.598612814443186e-05,2.5457457013544627e-06,4.48326209152583e-05,2.5696047032397473e-06,10.0,1.0,10.0
1452.0,9.589818364474922e-05,9.589818364474922e-05,2.544590643083211e-06,4.477720722206868e-05,2.567506953710108e-06,10.0,1.0,10.0
1453.0,9.581027552485466e-05,9.581027552485466e-05,2.5434710551053286e-06,4.4722102757077664e-05,2.565346676419722e-06,10.0,1.0,10.0
1454.0,9.572245471645147e-05,9.572245471645147e-05,2.542335550970165e-06,4.4666998292086646e-05,2.563210045991582e-06,10.0,1.0,10.0
1455.0,9.563389903632924e-05,9.563389903632924e-05,2.5410968191863503e-06,4.4611799239646643e-05,2.561112978582969e-06,10.0,1.0,10.0
1456.0,9.554708958603442e-05,9.554708958603442e-05,2.540029072406469e-06,4.4556858483701944e-05,2.558993401180487e-06,10.0,1.0,10.0
1457.0,9.545948705635965e-05,9.545948705635965e-05,2.5389135771547444e-06,4.4501932279672474e-05,2.556842446210794e-06,10.0,1.0,10.0
1458.0,9.53717899392359e-05,9.53717899392359e-05,2.5377100882906234e-06,4.4447002437664196e-05,2.5547685709170764e-06,10.0,1.0,10.0
1459.0,9.528466034680605e-05,9.528466034680605e-05,2.536568445066223e-06,4.4392050767783076e-05,2.552692876633955e-06,10.0,1.0,10.0
1460.0,9.519785089651123e-05,9.519785089651123e-05,2.5355134312121663e-06,4.433746653376147e-05,2.5505250960122794e-06,10.0,1.0,10.0
1461.0,9.511035750620067e-05,9.511035750620067e-05,2.534321083658142e-06,4.428273314260878e-05,2.548441671024193e-06,10.0,1.0,10.0
1462.0,9.502386092208326e-05,9.502386092208326e-05,2.533183760533575e-06,4.42280106653925e-05,2.54640099228709e-06,10.0,1.0,10.0
1463.0,9.493686957284808e-05,9.493686957284808e-05,2.532050075387815e-06,4.417337913764641e-05,2.5442989226576174e-06,10.0,1.0,10.0
1464.0,9.485035843681544e-05,9.485035843681544e-05,2.5309598186140647e-06,4.411898407852277e-05,2.542177526265732e-06,10.0,1.0,10.0
1465.0,9.476362174609676e-05,9.476362174609676e-05,2.529806806705892e-06,4.4064428948331624e-05,2.5401125185453566e-06,10.0,1.0,10.0
1466.0,9.467707423027605e-05,9.467707423027605e-05,2.528677669033641e-06,4.401013575261459e-05,2.538016588005121e-06,10.0,1.0,10.0
1467.0,9.45910214795731e-05,9.45910214795731e-05,2.527568540244829e-06,4.3955726141575724e-05,2.535960675231763e-06,10.0,1.0,10.0
1468.0,9.45049396250397e-05,9.45049396250397e-05,2.5264366740884725e-06,4.390143294585869e-05,2.5339145395264495e-06,10.0,1.0,10.0
1469.0,9.441919246455655e-05,9.441919246455655e-05,2.5253839339711703e-06,4.384725616546348e-05,2.5318097414128715e-06,10.0,1.0,10.0
1470.0,9.433294326299801e-05,9.433294326299801e-05,2.5242347874154802e-06,4.379301026347093e-05,2.5297581487393472e-06,10.0,1.0,10.0
1471.0,9.424724703421816e-05,9.424724703421816e-05,2.5231181552953785e-06,4.373898991616443e-05,2.5277079203078756e-06,10.0,1.0,10.0
1472.0,9.416167449671775e-05,9.416167449671775e-05,2.522034037610865e-06,4.3685042328434065e-05,2.5256288154196227e-06,10.0,1.0,10.0
1473.0,9.407626930624247e-05,9.407626930624247e-05,2.5209280920535093e-06,4.3631127482512966e-05,2.5235858629457653e-06,10.0,1.0,10.0
1474.0,9.399083501193672e-05,9.399083501193672e-05,2.5198048660968198e-06,4.357703437563032e-05,2.5215749701601453e-06,10.0,1.0,10.0
1475.0,9.390547347720712e-05,9.390547347720712e-05,2.518735982448561e-06,4.352332325652242e-05,2.519479721740936e-06,10.0,1.0,10.0
1476.0,9.382009011460468e-05,9.382009011460468e-05,2.517632992748986e-06,4.346964124124497e-05,2.517412440283806e-06,10.0,1.0,10.0
1477.0,9.37354561756365e-05,9.37354561756365e-05,2.516512040529051e-06,4.3415835534688085e-05,2.51544975071738e-06,10.0,1.0,10.0
1478.0,9.365045116283e-05,9.365045116283e-05,2.515438382033608e-06,4.3362259020796046e-05,2.5133804228971712e-06,10.0,1.0,10.0
1479.0,9.3566115538124e-05,9.3566115538124e-05,2.5143756374745863e-06,4.330883893999271e-05,2.5113522497122176e-06,10.0,1.0,10.0
1480.0,9.34810159378685e-05,9.34810159378685e-05,2.513197614462115e-06,4.3254945921944454e-05,2.509409341655555e-06,10.0,1.0,10.0
1481.0,9.339713142253458e-05,9.339713142253458e-05,2.5122049009951297e-06,4.320165317039937e-05,2.5073427423194516e-06,10.0,1.0,10.0
1482.0,9.331250475952402e-05,9.331250475952402e-05,2.5111362447205465e-06,4.314846228226088e-05,2.5052677301573567e-06,10.0,1.0,10.0
1483.0,9.322799451183528e-05,9.322799451183528e-05,2.509981186449295e-06,4.309482756070793e-05,2.50333550866344e-06,10.0,1.0,10.0
1484.0,9.314363705925643e-05,9.314363705925643e-05,2.5089002519962378e-06,4.304163667256944e-05,2.5012991500261705e-06,10.0,1.0,10.0
1485.0,9.305975981988013e-05,9.305975981988013e-05,2.507834778953111e-06,4.2988689529011026e-05,2.499272568456945e-06,10.0,1.0,10.0
1486.0,9.297578071709722e-05,9.297578071709722e-05,2.50671610046993e-06,4.2935240344377235e-05,2.4973373911052477e-06,10.0,1.0,10.0
1487.0,9.289197623729706e-05,9.289197623729706e-05,2.5056801860046107e-06,4.288230411475524e-05,2.495287162673776e-06,10.0,1.0,10.0
1488.0,9.28079680306837e-05,9.28079680306837e-05,2.504596977814799e-06,4.28293933509849e-05,2.4932605811045505e-06,10.0,1.0,10.0
1489.0,9.272503666579723e-05,9.272503666579723e-05,2.503523774066707e-06,4.277626794646494e-05,2.4913531433412572e-06,10.0,1.0,10.0
1490.0,9.264142863685265e-05,9.264142863685265e-05,2.502468078091624e-06,4.2723513615783304e-05,2.4893231511669e-06,10.0,1.0,10.0
1491.0,9.255784971173853e-05,9.255784971173853e-05,2.501401013432769e-06,4.267071926733479e-05,2.4873124857549556e-06,10.0,1.0,10.0
1492.0,9.24749911064282e-05,9.24749911064282e-05,2.5003537302836776e-06,4.2617950384737924e-05,2.4853511604305822e-06,10.0,1.0,10.0
1493.0,9.239167411578819e-05,9.239167411578819e-05,2.4992348244268214e-06,4.2565086914692074e-05,2.4834239411575254e-06,10.0,1.0,10.0
1494.0,9.23087791306898e-05,9.23087791306898e-05,2.4982020931929583e-06,4.2512609070399776e-05,2.48141532210866e-06,10.0,1.0,10.0
1495.0,9.222581866197288e-05,9.222581866197288e-05,2.4971348011604277e-06,4.2459996620891616e-05,2.4794471755740233e-06,10.0,1.0,10.0
1496.0,9.214288729708642e-05,9.214288729708642e-05,2.4960584141808795e-06,4.2407511500641704e-05,2.477479711160413e-06,10.0,1.0,10.0
1497.0,9.206051618093625e-05,9.206051618093625e-05,2.495031594662578e-06,4.235507731209509e-05,2.4755122467468027e-06,10.0,1.0,10.0
1498.0,9.197797044180334e-05,9.197797044180334e-05,2.493979536666302e-06,4.2302683141315356e-05,2.4735493298067013e-06,10.0,1.0,10.0
1499.0,9.189558477373794e-05,9.189558477373794e-05,2.4929138362494996e-06,4.2250270780641586e-05,2.47161733568646e-06,10.0,1.0,10.0
1500.0,9.181366476695985e-05,9.181366476695985e-05,2.4918817871366628e-06,4.219811307848431e-05,2.469673063387745e-06,10.0,1.0,10.0
