epoch,loss_total,objective_total,loss_data,loss_physics,loss_boundary,weight_data,weight_physics,weight_boundary
1.0,16.685558319091797,16.685558319091797,0.7789424061775208,0.04449686408042908,0.8851636648178101,10.0,1.0,10.0
2.0,15.33775806427002,15.33775806427002,0.7182627320289612,0.021089281886816025,0.8134042024612427,10.0,1.0,10.0
3.0,14.226805686950684,14.226805686950684,0.6698012948036194,0.008343709632754326,0.7520449161529541,10.0,1.0,10.0
4.0,13.293115615844727,13.293115615844727,0.6303377747535706,0.004769984167069197,0.6984967589378357,10.0,1.0,10.0
5.0,12.47828483581543,12.47828483581543,0.5968891382217407,0.007925629615783691,0.6501468420028687,10.0,1.0,10.0
6.0,11.723936080932617,11.723936080932617,0.5664540529251099,0.014884471893310547,0.604451060295105,10.0,1.0,10.0
7.0,10.97786808013916,10.97786808013916,0.5362670421600342,0.023029860109090805,0.5592167973518372,10.0,1.0,10.0
8.0,10.202995300292969,10.202995300292969,0.5042504072189331,0.030773567035794258,0.5129716992378235,10.0,1.0,10.0
9.0,9.382108688354492,9.382108688354492,0.4692838788032532,0.037691354751586914,0.4651578366756439,10.0,1.0,10.0
10.0,8.516453742980957,8.516453742980957,0.43116480112075806,0.044168870896101,0.41606369614601135,10.0,1.0,10.0
11.0,7.621196746826172,7.621196746826172,0.39040735363960266,0.05088149011135101,0.3666241765022278,10.0,1.0,10.0
12.0,6.720513343811035,6.720513343811035,0.34802544116973877,0.05828985944390297,0.3181969225406647,10.0,1.0,10.0
13.0,5.842619895935059,5.842619895935059,0.3053205907344818,0.06622102856636047,0.2723192572593689,10.0,1.0,10.0
14.0,5.0142669677734375,5.0142669677734375,0.26364681124687195,0.0736784115433693,0.23041203618049622,10.0,1.0,10.0
15.0,4.254972457885742,4.254972457885742,0.2241470217704773,0.07912372797727585,0.19343781471252441,10.0,1.0,10.0
16.0,3.573686122894287,3.573686122894287,0.18755362927913666,0.08131010830402374,0.16168396174907684,10.0,1.0,10.0
17.0,2.9721527099609375,2.9721527099609375,0.1542663723230362,0.0801737904548645,0.1349315047264099,10.0,1.0,10.0
18.0,2.4542617797851562,2.4542617797851562,0.12474706768989563,0.07698486745357513,0.11298061907291412,10.0,1.0,10.0
19.0,2.034266233444214,2.034266233444214,0.09990726411342621,0.07374678552150726,0.09614468365907669,10.0,1.0,10.0
20.0,1.7370330095291138,1.7370330095291138,0.08108428865671158,0.07285353541374207,0.08533366024494171,10.0,1.0,10.0
21.0,1.5875794887542725,1.5875794887542725,0.06939354538917542,0.07771742343902588,0.08159265667200089,10.0,1.0,10.0
22.0,1.5901196002960205,1.5901196002960205,0.06453025341033936,0.09314515441656113,0.08516719937324524,10.0,1.0,10.0
23.0,1.706263780593872,1.706263780593872,0.06383827328681946,0.12251073122024536,0.09453703463077545,10.0,1.0,10.0
24.0,1.862256407737732,1.862256407737732,0.0634126141667366,0.16287359595298767,0.10652567446231842,10.0,1.0,10.0
25.0,1.9926033020019531,1.9926033020019531,0.060846101492643356,0.20593376457691193,0.1178208515048027,10.0,1.0,10.0
26.0,2.0683956146240234,2.0683956146240234,0.056362301111221313,0.2435954511165619,0.12611770629882812,10.0,1.0,10.0
27.0,2.0840530395507812,2.0840530395507812,0.05161493644118309,0.26853469014167786,0.12993690371513367,10.0,1.0,10.0
28.0,2.0358049869537354,2.0358049869537354,0.04802834242582321,0.2728710174560547,0.12826505303382874,10.0,1.0,10.0
29.0,1.9263074398040771,1.9263074398040771,0.046215884387493134,0.2535560727119446,0.12105924636125565,10.0,1.0,10.0
30.0,1.7800815105438232,1.7800815105438232,0.046421751379966736,0.21763435006141663,0.10982295870780945,10.0,1.0,10.0
31.0,1.6357545852661133,1.6357545852661133,0.048756878823041916,0.17750532925128937,0.09706804901361465,10.0,1.0,10.0
32.0,1.5232558250427246,1.5232558250427246,0.052900560200214386,0.14270304143428802,0.0851547122001648,10.0,1.0,10.0
33.0,1.4517334699630737,1.4517334699630737,0.057978663593530655,0.11684288084506989,0.07551039755344391,10.0,1.0,10.0
34.0,1.414990782737732,1.414990782737732,0.06298097223043442,0.09944358468055725,0.06857375055551529,10.0,1.0,10.0
35.0,1.4034087657928467,1.4034087657928467,0.06730302423238754,0.08858639746904373,0.06417921930551529,10.0,1.0,10.0
36.0,1.4100146293640137,1.4100146293640137,0.0708760991692543,0.08227627724409103,0.06189773976802826,10.0,1.0,10.0
37.0,1.4291789531707764,1.4291789531707764,0.07389191538095474,0.07880064845085144,0.06114590913057327,10.0,1.0,10.0
38.0,1.4537675380706787,1.4537675380706787,0.07648034393787384,0.07683727145195007,0.0612126886844635,10.0,1.0,10.0
39.0,1.4751760959625244,1.4751760959625244,0.07859214395284653,0.07551944255828857,0.061373520642519,10.0,1.0,10.0
40.0,1.4861421585083008,1.4861421585083008,0.08008597791194916,0.07439861446619034,0.06108837574720383,10.0,1.0,10.0
41.0,1.4834589958190918,1.4834589958190918,0.0808640718460083,0.07331091165542603,0.06015072762966156,10.0,1.0,10.0
42.0,1.468303918838501,1.468303918838501,0.08091969043016434,0.07223639637231827,0.05868706852197647,10.0,1.0,10.0
43.0,1.4443434476852417,1.4443434476852417,0.08028465509414673,0.0712156668305397,0.05702812224626541,10.0,1.0,10.0
44.0,1.4153993129730225,1.4153993129730225,0.07895969599485397,0.07032386213541031,0.05554785206913948,10.0,1.0,10.0
45.0,1.3842943906784058,1.3842943906784058,0.07690878212451935,0.0696692243218422,0.05455373227596283,10.0,1.0,10.0
46.0,1.35321044921875,1.35321044921875,0.07413001358509064,0.06939235329627991,0.05425180494785309,10.0,1.0,10.0
47.0,1.3246244192123413,1.3246244192123413,0.07074401527643204,0.06965852528810501,0.05475257709622383,10.0,1.0,10.0
48.0,1.301546573638916,1.301546573638916,0.06702318787574768,0.07063253223896027,0.05606822296977043,10.0,1.0,10.0
49.0,1.2866090536117554,1.2866090536117554,0.06333378702402115,0.0724179819226265,0.05808532238006592,10.0,1.0,10.0
50.0,1.2807101011276245,1.2807101011276245,0.060028962790966034,0.07496494799852371,0.060545552521944046,10.0,1.0,10.0
51.0,1.2824392318725586,1.2824392318725586,0.05736013501882553,0.07800518721342087,0.06308326870203018,10.0,1.0,10.0
52.0,1.2888582944869995,1.2888582944869995,0.055447377264499664,0.08109596371650696,0.06532885879278183,10.0,1.0,10.0
53.0,1.2969740629196167,1.2969740629196167,0.054293666034936905,0.08378222584724426,0.06702551990747452,10.0,1.0,10.0
54.0,1.3046393394470215,1.3046393394470215,0.05380165949463844,0.08576888591051102,0.06808538734912872,10.0,1.0,10.0
55.0,1.3103798627853394,1.3103798627853394,0.0537806898355484,0.08697725832462311,0.06855957210063934,10.0,1.0,10.0
56.0,1.3128687143325806,1.3128687143325806,0.05397613346576691,0.0874766856431961,0.0685630738735199,10.0,1.0,10.0
57.0,1.3110209703445435,1.3110209703445435,0.054147981107234955,0.08739027380943298,0.06821508705615997,10.0,1.0,10.0
58.0,1.3046984672546387,1.3046984672546387,0.05416859686374664,0.0868474543094635,0.06761650741100311,10.0,1.0,10.0
59.0,1.2951149940490723,1.2951149940490723,0.054070305079221725,0.08596640825271606,0.06684454530477524,10.0,1.0,10.0
60.0,1.2843191623687744,1.2843191623687744,0.05400591716170311,0.08482981473207474,0.06594302505254745,10.0,1.0,10.0
61.0,1.2741804122924805,1.2741804122924805,0.054154179990291595,0.08347204327583313,0.06491665542125702,10.0,1.0,10.0
62.0,1.265768051147461,1.265768051147461,0.05463560298085213,0.08190955221652985,0.0637502521276474,10.0,1.0,10.0
63.0,1.2594658136367798,1.2594658136367798,0.05547697842121124,0.08019621670246124,0.06244998425245285,10.0,1.0,10.0
64.0,1.255387783050537,1.255387783050537,0.056616999208927155,0.07845081388950348,0.061076704412698746,10.0,1.0,10.0
65.0,1.2535308599472046,1.2535308599472046,0.0579267181456089,0.07683060318231583,0.059743303805589676,10.0,1.0,10.0
66.0,1.2535979747772217,1.2535979747772217,0.05923331156373024,0.07547800987958908,0.05857867747545242,10.0,1.0,10.0
67.0,1.2548651695251465,1.2548651695251465,0.06035319343209267,0.07448117434978485,0.05768520012497902,10.0,1.0,10.0
68.0,1.2563762664794922,1.2563762664794922,0.06113680079579353,0.07386641204357147,0.057114191353321075,10.0,1.0,10.0
69.0,1.257335901260376,1.257335901260376,0.06150912120938301,0.07361152768135071,0.056863315403461456,10.0,1.0,10.0
70.0,1.2573626041412354,1.2573626041412354,0.061484284698963165,0.07366225868463516,0.05688575655221939,10.0,1.0,10.0
71.0,1.2564308643341064,1.2564308643341064,0.061146579682826996,0.07394279539585114,0.057102225720882416,10.0,1.0,10.0
72.0,1.2546550035476685,1.2546550035476685,0.06061175465583801,0.07436516880989075,0.05741722509264946,10.0,1.0,10.0
73.0,1.2521657943725586,1.2521657943725586,0.05998985096812248,0.07484415918588638,0.05774230509996414,10.0,1.0,10.0
74.0,1.249157428741455,1.249157428741455,0.05936240032315254,0.07531744241714478,0.05802160128951073,10.0,1.0,10.0
75.0,1.245957612991333,1.245957612991333,0.05877332016825676,0.0757613405585289,0.058246299624443054,10.0,1.0,10.0
76.0,1.2429628372192383,1.2429628372192383,0.05822845175862312,0.076191246509552,0.058448709547519684,10.0,1.0,10.0
77.0,1.2404649257659912,1.2404649257659912,0.05770328640937805,0.07664385437965393,0.05867881327867508,10.0,1.0,10.0
78.0,1.2385362386703491,1.2385362386703491,0.05716167762875557,0.0771508738398552,0.05897685885429382,10.0,1.0,10.0
79.0,1.2370727062225342,1.2370727062225342,0.05658107250928879,0.07771693170070648,0.0593545027077198,10.0,1.0,10.0
80.0,1.23592209815979,1.23592209815979,0.055972833186388016,0.07830893993377686,0.05978849157691002,10.0,1.0,10.0
81.0,1.2349591255187988,1.2349591255187988,0.05538485571742058,0.0788583979010582,0.0602252259850502,10.0,1.0,10.0
82.0,1.2340632677078247,1.2340632677078247,0.054885152727365494,0.07927580177783966,0.06059359014034271,10.0,1.0,10.0
83.0,1.2330870628356934,1.2330870628356934,0.05453656241297722,0.07947599142789841,0.060824550688266754,10.0,1.0,10.0
84.0,1.2318964004516602,1.2318964004516602,0.054375965148210526,0.0794076919555664,0.06087290868163109,10.0,1.0,10.0
85.0,1.2304446697235107,1.2304446697235107,0.05440424382686615,0.07907432317733765,0.06073278561234474,10.0,1.0,10.0
86.0,1.2287945747375488,1.2287945747375488,0.05458750203251839,0.07853318750858307,0.06043863669037819,10.0,1.0,10.0
87.0,1.227061152458191,1.227061152458191,0.054867129772901535,0.07787415385246277,0.0600515715777874,10.0,1.0,10.0
88.0,1.2253375053405762,1.2253375053405762,0.05517640337347984,0.07718996703624725,0.059638358652591705,10.0,1.0,10.0
89.0,1.223673939704895,1.223673939704895,0.055459149181842804,0.07655280828475952,0.059252966195344925,10.0,1.0,10.0
90.0,1.2221007347106934,1.2221007347106934,0.05568394809961319,0.07600343227386475,0.05892578139901161,10.0,1.0,10.0
91.0,1.2206426858901978,1.2206426858901978,0.055847130715847015,0.07555201649665833,0.05866193771362305,10.0,1.0,10.0
92.0,1.219302773475647,1.219302773475647,0.05596470832824707,0.07518667727708817,0.05844690278172493,10.0,1.0,10.0
93.0,1.2180416584014893,1.2180416584014893,0.05605821684002876,0.07488596439361572,0.05825735628604889,10.0,1.0,10.0
94.0,1.2167911529541016,1.2167911529541016,0.056142162531614304,0.07463174313306808,0.058073777705430984,10.0,1.0,10.0
95.0,1.2154896259307861,1.2154896259307861,0.05621683597564697,0.07441816478967667,0.05789031460881233,10.0,1.0,10.0
96.0,1.2141094207763672,1.2141094207763672,0.05626818537712097,0.07425370067358017,0.05771739408373833,10.0,1.0,10.0
97.0,1.2126502990722656,1.2126502990722656,0.05627269670367241,0.07415611296892166,0.05757671967148781,10.0,1.0,10.0
98.0,1.2111215591430664,1.2111215591430664,0.056206345558166504,0.0741434395313263,0.05749146267771721,10.0,1.0,10.0
99.0,1.2095355987548828,1.2095355987548828,0.05605459585785866,0.07422520965337753,0.05747644975781441,10.0,1.0,10.0
100.0,1.2079150676727295,1.2079150676727295,0.05581984668970108,0.07439672201871872,0.057531993836164474,10.0,1.0,10.0
101.0,1.2062926292419434,1.2062926292419434,0.05552268028259277,0.07463754713535309,0.057642824947834015,10.0,1.0,10.0
102.0,1.2046997547149658,1.2046997547149658,0.05519656464457512,0.07491458207368851,0.05778196081519127,10.0,1.0,10.0
103.0,1.2031505107879639,1.2031505107879639,0.05487806349992752,0.07518905401229858,0.05791807919740677,10.0,1.0,10.0
104.0,1.2016370296478271,1.2016370296478271,0.05459689348936081,0.07542556524276733,0.05802424997091293,10.0,1.0,10.0
105.0,1.2001428604125977,1.2001428604125977,0.054369375109672546,0.07560033351182938,0.0580848753452301,10.0,1.0,10.0
106.0,1.1986510753631592,1.1986510753631592,0.05419664457440376,0.0757049098610878,0.058097973465919495,10.0,1.0,10.0
107.0,1.1971476078033447,1.1971476078033447,0.05406782403588295,0.07574433833360672,0.058072492480278015,10.0,1.0,10.0
108.0,1.1956164836883545,1.1956164836883545,0.05396650359034538,0.07573077827692032,0.05802205950021744,10.0,1.0,10.0
109.0,1.194044589996338,1.194044589996338,0.053878314793109894,0.07567660510540009,0.05795847624540329,10.0,1.0,10.0
110.0,1.1924272775650024,1.1924272775650024,0.05379641428589821,0.07558929920196533,0.057887379080057144,10.0,1.0,10.0
111.0,1.1907711029052734,1.1907711029052734,0.05372288078069687,0.0754702240228653,0.05780719965696335,10.0,1.0,10.0
112.0,1.1890883445739746,1.1890883445739746,0.05366561561822891,0.07531683892011642,0.057711534202098846,10.0,1.0,10.0
113.0,1.1873903274536133,1.1873903274536133,0.05363276228308678,0.07512716203927994,0.057593557983636856,10.0,1.0,10.0
114.0,1.185683250427246,1.185683250427246,0.053627341985702515,0.07490409910678864,0.05745058134198189,10.0,1.0,10.0
115.0,1.1839714050292969,1.1839714050292969,0.05364442616701126,0.0746578648686409,0.05728693678975105,10.0,1.0,10.0
116.0,1.1822571754455566,1.1822571754455566,0.05367147922515869,0.07440507411956787,0.057113729417324066,10.0,1.0,10.0
117.0,1.1805386543273926,1.1805386543273926,0.05369167774915695,0.07416484504938126,0.05694570392370224,10.0,1.0,10.0
118.0,1.1788108348846436,1.1788108348846436,0.05368880555033684,0.073954276740551,0.0567968413233757,10.0,1.0,10.0
119.0,1.1770650148391724,1.1770650148391724,0.053651921451091766,0.07378417253494263,0.05667616054415703,10.0,1.0,10.0
120.0,1.1752949953079224,1.1752949953079224,0.053578075021505356,0.07365742325782776,0.056585684418678284,10.0,1.0,10.0
121.0,1.1734981536865234,1.1734981536865234,0.05347215756773949,0.07356958091259003,0.05652070790529251,10.0,1.0,10.0
122.0,1.1716735363006592,1.1716735363006592,0.05334407836198807,0.07351122796535492,0.05647215247154236,10.0,1.0,10.0
123.0,1.1698219776153564,1.1698219776153564,0.05320487916469574,0.07347159087657928,0.0564301498234272,10.0,1.0,10.0
124.0,1.1679441928863525,1.1679441928863525,0.053063079714775085,0.07344165444374084,0.05638717859983444,10.0,1.0,10.0
125.0,1.1660423278808594,1.1660423278808594,0.05292271077632904,0.07341606169939041,0.056339919567108154,10.0,1.0,10.0
126.0,1.1641194820404053,1.1641194820404053,0.052783627063035965,0.07339299470186234,0.05628902465105057,10.0,1.0,10.0
127.0,1.1621763706207275,1.1621763706207275,0.052643146365880966,0.07337257266044617,0.05623722821474075,10.0,1.0,10.0
128.0,1.160212516784668,1.160212516784668,0.05249888822436333,0.07335462421178818,0.05618690699338913,10.0,1.0,10.0
129.0,1.1582260131835938,1.1582260131835938,0.052350856363773346,0.07333685457706451,0.056138068437576294,10.0,1.0,10.0
130.0,1.156214952468872,1.156214952468872,0.052202410995960236,0.07331428676843643,0.05608765780925751,10.0,1.0,10.0
131.0,1.154177188873291,1.154177188873291,0.052059419453144073,0.07328013330698013,0.05603029206395149,10.0,1.0,10.0
132.0,1.152111530303955,1.152111530303955,0.05192815139889717,0.07322781533002853,0.05596021190285683,10.0,1.0,10.0
133.0,1.1500165462493896,1.1500165462493896,0.05181296169757843,0.07315298914909363,0.05587339028716087,10.0,1.0,10.0
134.0,1.147891640663147,1.147891640663147,0.05171460285782814,0.07305508852005005,0.055769048631191254,10.0,1.0,10.0
135.0,1.1457366943359375,1.1457366943359375,0.05162989720702171,0.07293760776519775,0.0556500144302845,10.0,1.0,10.0
136.0,1.1435527801513672,1.1435527801513672,0.05155288428068161,0.07280686497688293,0.055521704256534576,10.0,1.0,10.0
137.0,1.1413400173187256,1.1413400173187256,0.051476627588272095,0.07267021387815475,0.05539034679532051,10.0,1.0,10.0
138.0,1.1390974521636963,1.1390974521636963,0.051395222544670105,0.0725339874625206,0.05526112765073776,10.0,1.0,10.0
139.0,1.1368248462677002,1.1368248462677002,0.05130540579557419,0.07240216434001923,0.05513686686754227,10.0,1.0,10.0
140.0,1.1345205307006836,1.1345205307006836,0.0512065552175045,0.07227622717618942,0.05501788109540939,10.0,1.0,10.0
141.0,1.1321839094161987,1.1321839094161987,0.05110016465187073,0.0721556544303894,0.054902657866477966,10.0,1.0,10.0
142.0,1.129812479019165,1.129812479019165,0.05098828300833702,0.0720391646027565,0.05478905141353607,10.0,1.0,10.0
143.0,1.1274052858352661,1.1274052858352661,0.050872378051280975,0.07192578166723251,0.054675571620464325,10.0,1.0,10.0
144.0,1.1249608993530273,1.1249608993530273,0.05075250193476677,0.07181551307439804,0.0545620433986187,10.0,1.0,10.0
145.0,1.1224784851074219,1.1224784851074219,0.050627451390028,0.07170917838811874,0.05444948747754097,10.0,1.0,10.0
146.0,1.1199579238891602,1.1199579238891602,0.05049557983875275,0.07160784304141998,0.05433943495154381,10.0,1.0,10.0
147.0,1.1173982620239258,1.1173982620239258,0.05035574734210968,0.07151184976100922,0.0542328916490078,10.0,1.0,10.0
148.0,1.1147990226745605,1.1147990226745605,0.050208255648612976,0.07142031192779541,0.05412960797548294,10.0,1.0,10.0
149.0,1.1121593713760376,1.1121593713760376,0.05005501210689545,0.07133079320192337,0.05402784049510956,10.0,1.0,10.0
150.0,1.1094785928726196,1.1094785928726196,0.049899131059646606,0.07123993337154388,0.05392473191022873,10.0,1.0,10.0
151.0,1.1067557334899902,1.1067557334899902,0.04974403604865074,0.07114416360855103,0.05381711572408676,10.0,1.0,10.0
152.0,1.1039894819259644,1.1039894819259644,0.04959235340356827,0.07104068249464035,0.05370252579450607,10.0,1.0,10.0
153.0,1.1011784076690674,1.1011784076690674,0.04944531247019768,0.07092806696891785,0.05357972905039787,10.0,1.0,10.0
154.0,1.098321795463562,1.098321795463562,0.04930255562067032,0.07080645859241486,0.05344897881150246,10.0,1.0,10.0
155.0,1.095418095588684,1.095418095588684,0.049162477254867554,0.07067722082138062,0.05331161245703697,10.0,1.0,10.0
156.0,1.0924663543701172,1.0924663543701172,0.04902300983667374,0.07054226100444794,0.05316939577460289,10.0,1.0,10.0
157.0,1.0894657373428345,1.0894657373428345,0.0488823801279068,0.07040339708328247,0.05302384868264198,10.0,1.0,10.0
158.0,1.0864149332046509,1.0864149332046509,0.04873953014612198,0.0702618658542633,0.052875783294439316,10.0,1.0,10.0
159.0,1.083312749862671,1.083312749862671,0.048594169318675995,0.07011830061674118,0.052725281566381454,10.0,1.0,10.0
160.0,1.0801583528518677,1.0801583528518677,0.048446543514728546,0.0699729472398758,0.05257200077176094,10.0,1.0,10.0
161.0,1.0769503116607666,1.0769503116607666,0.048296891152858734,0.0698259174823761,0.05241555720567703,10.0,1.0,10.0
162.0,1.0736875534057617,1.0736875534057617,0.048145029693841934,0.06967764347791672,0.05225595831871033,10.0,1.0,10.0
163.0,1.0703682899475098,1.0703682899475098,0.04799020290374756,0.06952887028455734,0.052093736827373505,10.0,1.0,10.0
164.0,1.0669914484024048,1.0669914484024048,0.047831300646066666,0.06938052177429199,0.05192979797720909,10.0,1.0,10.0
165.0,1.063555359840393,1.063555359840393,0.04766713082790375,0.06923341006040573,0.051765065640211105,10.0,1.0,10.0
166.0,1.060058832168579,1.060058832168579,0.04749700054526329,0.06908784061670303,0.05160010606050491,10.0,1.0,10.0
167.0,1.0565005540847778,1.0565005540847778,0.0473208911716938,0.06894344836473465,0.051434822380542755,10.0,1.0,10.0
168.0,1.0528793334960938,1.0528793334960938,0.04713953286409378,0.06879916787147522,0.051268480718135834,10.0,1.0,10.0
169.0,1.0491936206817627,1.0491936206817627,0.04695412516593933,0.06865348666906357,0.051099881529808044,10.0,1.0,10.0
170.0,1.0454421043395996,1.0454421043395996,0.04676603525876999,0.06850478053092957,0.05092770606279373,10.0,1.0,10.0
171.0,1.041623592376709,1.041623592376709,0.04657629132270813,0.06835169345140457,0.050750892609357834,10.0,1.0,10.0
172.0,1.0377367734909058,1.0377367734909058,0.0463855005800724,0.06819331645965576,0.0505688451230526,10.0,1.0,10.0
173.0,1.0337798595428467,1.0337798595428467,0.04619358479976654,0.06802928447723389,0.05038147792220116,10.0,1.0,10.0
174.0,1.0297516584396362,1.0297516584396362,0.046000171452760696,0.06785967946052551,0.050189029425382614,10.0,1.0,10.0
175.0,1.025650978088379,1.025650978088379,0.04580474644899368,0.06768475472927094,0.049991872161626816,10.0,1.0,10.0
176.0,1.021475911140442,1.021475911140442,0.045606885105371475,0.06750474870204926,0.049790237098932266,10.0,1.0,10.0
177.0,1.0172255039215088,1.0172255039215088,0.04540639370679855,0.06731988489627838,0.049584172666072845,10.0,1.0,10.0
178.0,1.0128980875015259,1.0128980875015259,0.04520326107740402,0.06713022291660309,0.04937352240085602,10.0,1.0,10.0
179.0,1.008492350578308,1.008492350578308,0.04499758034944534,0.06693585216999054,0.04915807023644447,10.0,1.0,10.0
180.0,1.0040066242218018,1.0040066242218018,0.04478926211595535,0.06673694401979446,0.04893771559000015,10.0,1.0,10.0
181.0,0.9994401335716248,0.9994401335716248,0.04457803815603256,0.0665338933467865,0.048712581396102905,10.0,1.0,10.0
182.0,0.9947905540466309,0.9947905540466309,0.044363368302583694,0.06632720679044724,0.04848296567797661,10.0,1.0,10.0
183.0,0.9900567531585693,0.9900567531585693,0.044144660234451294,0.06611739099025726,0.04824927821755409,10.0,1.0,10.0
184.0,0.9852376580238342,0.9852376580238342,0.04392138868570328,0.0659048780798912,0.048011891543865204,10.0,1.0,10.0
185.0,0.980331301689148,0.980331301689148,0.04369319975376129,0.06568979471921921,0.04777095094323158,10.0,1.0,10.0
186.0,0.9753366708755493,0.9753366708755493,0.04346011206507683,0.06547199189662933,0.04752635583281517,10.0,1.0,10.0
187.0,0.9702520370483398,0.9702520370483398,0.04322240129113197,0.06525098532438278,0.04727770388126373,10.0,1.0,10.0
188.0,0.9650766849517822,0.9650766849517822,0.04298055171966553,0.06502614170312881,0.04702450707554817,10.0,1.0,10.0
189.0,0.9598089456558228,0.9598089456558228,0.04273504391312599,0.06479673832654953,0.04676618054509163,10.0,1.0,10.0
190.0,0.9544475078582764,0.9544475078582764,0.04248620569705963,0.06456216424703598,0.04650232568383217,10.0,1.0,10.0
191.0,0.9489916563034058,0.9489916563034058,0.04223429784178734,0.06432195007801056,0.046232670545578,10.0,1.0,10.0
192.0,0.9434396624565125,0.9434396624565125,0.041979286819696426,0.06407579779624939,0.04595709964632988,10.0,1.0,10.0
193.0,0.9377907514572144,0.9377907514572144,0.041721098124980927,0.06382351368665695,0.045675624161958694,10.0,1.0,10.0
194.0,0.9320435523986816,0.9320435523986816,0.04145960882306099,0.0635649710893631,0.04538825526833534,10.0,1.0,10.0
195.0,0.9261975288391113,0.9261975288391113,0.041194748133420944,0.06330010294914246,0.04509499669075012,10.0,1.0,10.0
196.0,0.9202516078948975,0.9202516078948975,0.04092651978135109,0.06302878260612488,0.04479576647281647,10.0,1.0,10.0
197.0,0.9142045974731445,0.9142045974731445,0.04065493866801262,0.06275089085102081,0.04449043050408363,10.0,1.0,10.0
198.0,0.9080557823181152,0.9080557823181152,0.04038001224398613,0.06246637552976608,0.044178929179906845,10.0,1.0,10.0
199.0,0.9018046855926514,0.9018046855926514,0.040101733058691025,0.06217522546648979,0.04386121407151222,10.0,1.0,10.0
200.0,0.8954501152038574,0.8954501152038574,0.03981993719935417,0.06187751144170761,0.04353732615709305,10.0,1.0,10.0
201.0,0.8889920711517334,0.8889920711517334,0.039534490555524826,0.06157330796122551,0.04320738837122917,10.0,1.0,10.0
202.0,0.8824297189712524,0.8824297189712524,0.03924518823623657,0.06126272678375244,0.04287150874733925,10.0,1.0,10.0
203.0,0.8757623434066772,0.8757623434066772,0.038951896131038666,0.060945749282836914,0.042529765516519547,10.0,1.0,10.0
204.0,0.8689900636672974,0.8689900636672974,0.038654621690511703,0.06062230467796326,0.04218215495347977,10.0,1.0,10.0
205.0,0.8621124029159546,0.8621124029159546,0.03835346922278404,0.06029215455055237,0.04182855412364006,10.0,1.0,10.0
206.0,0.8551294803619385,0.8551294803619385,0.03804868459701538,0.05995498225092888,0.04146876931190491,10.0,1.0,10.0
207.0,0.848041296005249,0.848041296005249,0.03774052485823631,0.05961042270064354,0.041102562099695206,10.0,1.0,10.0
208.0,0.8408478498458862,0.8408478498458862,0.037429265677928925,0.0592581070959568,0.04072970896959305,10.0,1.0,10.0
209.0,0.8335496783256531,0.8335496783256531,0.03711514174938202,0.05889773368835449,0.0403500534594059,10.0,1.0,10.0
210.0,0.8261470794677734,0.8261470794677734,0.03679830953478813,0.05852905660867691,0.0399634949862957,10.0,1.0,10.0
211.0,0.8186405897140503,0.8186405897140503,0.036478858441114426,0.058151938021183014,0.039570003747940063,10.0,1.0,10.0
212.0,0.8110311031341553,0.8110311031341553,0.036156877875328064,0.05776628851890564,0.03916960209608078,10.0,1.0,10.0
213.0,0.80331951379776,0.80331951379776,0.03583240509033203,0.0573720782995224,0.03876233845949173,10.0,1.0,10.0
214.0,0.7955068349838257,0.7955068349838257,0.0355055145919323,0.05696927011013031,0.038348238915205,10.0,1.0,10.0
215.0,0.7875940799713135,0.7875940799713135,0.03517630696296692,0.05655783787369728,0.03792731836438179,10.0,1.0,10.0
216.0,0.7795828580856323,0.7795828580856323,0.034844908863306046,0.05613778159022331,0.037499599158763885,10.0,1.0,10.0
217.0,0.7714746594429016,0.7714746594429016,0.03451142460107803,0.05570908635854721,0.037065133452415466,10.0,1.0,10.0
218.0,0.7632710337638855,0.7632710337638855,0.03417599946260452,0.055271752178668976,0.03662393242120743,10.0,1.0,10.0
219.0,0.7549742460250854,0.7549742460250854,0.03383874520659447,0.0548257939517498,0.03617610037326813,10.0,1.0,10.0
220.0,0.7465862035751343,0.7465862035751343,0.03349977731704712,0.054371219128370285,0.03572171926498413,10.0,1.0,10.0
221.0,0.7381091117858887,0.7381091117858887,0.03315923735499382,0.05390799045562744,0.0352608747780323,10.0,1.0,10.0
222.0,0.7295459508895874,0.7295459508895874,0.03281731903553009,0.05343610793352127,0.0347936637699604,10.0,1.0,10.0
223.0,0.720899224281311,0.720899224281311,0.03247423097491264,0.05295547842979431,0.03432014584541321,10.0,1.0,10.0
224.0,0.712171733379364,0.712171733379364,0.03213021159172058,0.05246599391102791,0.033840361982584,10.0,1.0,10.0
225.0,0.7033671140670776,0.7033671140670776,0.031785596162080765,0.05196754261851311,0.03335436061024666,10.0,1.0,10.0
226.0,0.6944884061813354,0.6944884061813354,0.03144065663218498,0.05146001651883125,0.03286218270659447,10.0,1.0,10.0
227.0,0.6855396032333374,0.6855396032333374,0.031095683574676514,0.050943367183208466,0.03236393630504608,10.0,1.0,10.0
228.0,0.6765245199203491,0.6765245199203491,0.0307509433478117,0.05041757598519325,0.03185975179076195,10.0,1.0,10.0
229.0,0.6674473285675049,0.6674473285675049,0.03040667064487934,0.0498826764523983,0.0313497930765152,10.0,1.0,10.0
230.0,0.658312201499939,0.658312201499939,0.030063044279813766,0.04933876916766167,0.030834296718239784,10.0,1.0,10.0
231.0,0.6491241455078125,0.6491241455078125,0.029720306396484375,0.048785965889692307,0.030313510447740555,10.0,1.0,10.0
232.0,0.6398879289627075,0.6398879289627075,0.029378652572631836,0.04822441563010216,0.02978769689798355,10.0,1.0,10.0
233.0,0.6306085586547852,0.6306085586547852,0.02903829701244831,0.04765428602695465,0.02925713360309601,10.0,1.0,10.0
234.0,0.6212916374206543,0.6212916374206543,0.028699500486254692,0.04707568511366844,0.028722092509269714,10.0,1.0,10.0
235.0,0.6119426488876343,0.6119426488876343,0.028362520039081573,0.04648878425359726,0.02818286418914795,10.0,1.0,10.0
236.0,0.6025673151016235,0.6025673151016235,0.02802761271595955,0.045893747359514236,0.02763974666595459,10.0,1.0,10.0
237.0,0.5931723117828369,0.5931723117828369,0.027695123106241226,0.04529067128896713,0.02709304168820381,10.0,1.0,10.0
238.0,0.5837634801864624,0.5837634801864624,0.02736528590321541,0.04467977210879326,0.026543084532022476,10.0,1.0,10.0
239.0,0.574347734451294,0.574347734451294,0.02703843079507351,0.04406119883060455,0.02599022537469864,10.0,1.0,10.0
240.0,0.5649319291114807,0.5649319291114807,0.02671484276652336,0.04343516752123833,0.025434833019971848,10.0,1.0,10.0
241.0,0.5555230379104614,0.5555230379104614,0.026394803076982498,0.042801905423402786,0.024877306073904037,10.0,1.0,10.0
242.0,0.5461281538009644,0.5461281538009644,0.026078591123223305,0.04216168075799942,0.024318058043718338,10.0,1.0,10.0
243.0,0.5367550849914551,0.5367550849914551,0.025766490027308464,0.0415148064494133,0.023757535964250565,10.0,1.0,10.0
244.0,0.5274112224578857,0.5274112224578857,0.025458771735429764,0.04086160659790039,0.023196186870336533,10.0,1.0,10.0
245.0,0.5181044340133667,0.5181044340133667,0.025155700743198395,0.04020245745778084,0.02263450063765049,10.0,1.0,10.0
246.0,0.5088428258895874,0.5088428258895874,0.024857524782419205,0.039537783712148666,0.02207297645509243,10.0,1.0,10.0
247.0,0.4996340870857239,0.4996340870857239,0.024564465507864952,0.03886804357171059,0.021512139588594437,10.0,1.0,10.0
248.0,0.49048686027526855,0.49048686027526855,0.02427675947546959,0.038193751126527786,0.020952550694346428,10.0,1.0,10.0
249.0,0.4814090430736542,0.4814090430736542,0.023994607850909233,0.03751542046666145,0.02039475366473198,10.0,1.0,10.0
250.0,0.47240883111953735,0.47240883111953735,0.023718204349279404,0.03683360666036606,0.019839318469166756,10.0,1.0,10.0
251.0,0.4634948968887329,0.4634948968887329,0.02344777062535286,0.03614889457821846,0.019286829978227615,10.0,1.0,10.0
252.0,0.45467525720596313,0.45467525720596313,0.023183494806289673,0.035461850464344025,0.01873784512281418,10.0,1.0,10.0
253.0,0.44595831632614136,0.44595831632614136,0.022925568744540215,0.03477310761809349,0.01819295436143875,10.0,1.0,10.0
254.0,0.4373520612716675,0.4373520612716675,0.022674156352877617,0.034083276987075806,0.0176527202129364,10.0,1.0,10.0
255.0,0.42886459827423096,0.42886459827423096,0.022429436445236206,0.033393025398254395,0.01711772009730339,10.0,1.0,10.0
256.0,0.42050400376319885,0.42050400376319885,0.022191552445292473,0.03270301967859268,0.016588544473052025,10.0,1.0,10.0
257.0,0.41227754950523376,0.41227754950523376,0.021960604935884476,0.03201396390795708,0.016065755859017372,10.0,1.0,10.0
258.0,0.4041931629180908,0.4041931629180908,0.021736733615398407,0.03132658451795578,0.015549923293292522,10.0,1.0,10.0
259.0,0.39625784754753113,0.39625784754753113,0.02152000367641449,0.030641626566648483,0.015041617676615715,10.0,1.0,10.0
260.0,0.38847872614860535,0.38847872614860535,0.021310502663254738,0.029959850013256073,0.014541384764015675,10.0,1.0,10.0
261.0,0.3808620572090149,0.3808620572090149,0.02110826037824154,0.02928200364112854,0.014049743302166462,10.0,1.0,10.0
262.0,0.37341442704200745,0.37341442704200745,0.020913340151309967,0.028608860448002815,0.013567216694355011,10.0,1.0,10.0
263.0,0.3661412298679352,0.3661412298679352,0.020725734531879425,0.0279411431401968,0.013094274327158928,10.0,1.0,10.0
264.0,0.35904833674430847,0.35904833674430847,0.020545490086078644,0.027279628440737724,0.012631380930542946,10.0,1.0,10.0
265.0,0.3521404564380646,0.3521404564380646,0.02037259005010128,0.026625018566846848,0.012178953737020493,10.0,1.0,10.0
266.0,0.34542208909988403,0.34542208909988403,0.020207030698657036,0.025978006422519684,0.011737377382814884,10.0,1.0,10.0
267.0,0.338897168636322,0.338897168636322,0.02004876732826233,0.02533930540084839,0.011307017877697945,10.0,1.0,10.0
268.0,0.3325692117214203,0.3325692117214203,0.019897768273949623,0.024709586054086685,0.010888194665312767,10.0,1.0,10.0
269.0,0.3264411687850952,0.3264411687850952,0.01975397951900959,0.024089481681585312,0.010481189005076885,10.0,1.0,10.0
270.0,0.32051533460617065,0.32051533460617065,0.019617311656475067,0.023479629307985306,0.010086259804666042,10.0,1.0,10.0
271.0,0.31479355692863464,0.31479355692863464,0.019487660378217697,0.02288065291941166,0.009703628718852997,10.0,1.0,10.0
272.0,0.30927708745002747,0.30927708745002747,0.01936493068933487,0.022293122485280037,0.009333465248346329,10.0,1.0,10.0
273.0,0.3039666414260864,0.3039666414260864,0.019248994067311287,0.021717604249715805,0.00897591095417738,10.0,1.0,10.0
274.0,0.2988624572753906,0.2988624572753906,0.019139710813760757,0.021154629066586494,0.00863107480108738,10.0,1.0,10.0
275.0,0.29396411776542664,0.29396411776542664,0.019036930054426193,0.020604681223630905,0.008299012668430805,10.0,1.0,10.0
276.0,0.28927063941955566,0.28927063941955566,0.01894049346446991,0.0200682133436203,0.007979748770594597,10.0,1.0,10.0
277.0,0.28478044271469116,0.28478044271469116,0.018850214779376984,0.01954561658203602,0.007673268206417561,10.0,1.0,10.0
278.0,0.2804918587207794,0.2804918587207794,0.018765931949019432,0.01903727650642395,0.00737952534109354,10.0,1.0,10.0
279.0,0.2764022648334503,0.2764022648334503,0.018687443807721138,0.018543504178524017,0.0070984335616230965,10.0,1.0,10.0
280.0,0.27250880002975464,0.27250880002975464,0.018614554777741432,0.018064554780721664,0.0068298703990876675,10.0,1.0,10.0
281.0,0.2688083350658417,0.2688083350658417,0.01854708045721054,0.017600661143660545,0.006573687307536602,10.0,1.0,10.0
282.0,0.26529690623283386,0.26529690623283386,0.018484782427549362,0.01715201511979103,0.006329705938696861,10.0,1.0,10.0
283.0,0.26197049021720886,0.26197049021720886,0.01842745952308178,0.016718748956918716,0.006097715348005295,10.0,1.0,10.0
284.0,0.2588247060775757,0.2588247060775757,0.018374895676970482,0.016300953924655914,0.005877479445189238,10.0,1.0,10.0
285.0,0.25585487484931946,0.25585487484931946,0.018326885998249054,0.01589866168797016,0.005668736528605223,10.0,1.0,10.0
286.0,0.25305575132369995,0.25305575132369995,0.018283193930983543,0.01551186852157116,0.005471194162964821,10.0,1.0,10.0
287.0,0.2504221200942993,0.2504221200942993,0.018243612721562386,0.015140513889491558,0.00528454827144742,10.0,1.0,10.0
288.0,0.247948557138443,0.247948557138443,0.01820792630314827,0.014784516766667366,0.00510847894474864,10.0,1.0,10.0
289.0,0.24562931060791016,0.24562931060791016,0.018175924196839333,0.014443711377680302,0.004942636936903,10.0,1.0,10.0
290.0,0.24345873296260834,0.24345873296260834,0.01814740151166916,0.01411793939769268,0.004786677658557892,10.0,1.0,10.0
291.0,0.24143069982528687,0.24143069982528687,0.01812214031815529,0.013806973583996296,0.00464023370295763,10.0,1.0,10.0
292.0,0.239539235830307,0.239539235830307,0.018099932000041008,0.01351056806743145,0.0045029339380562305,10.0,1.0,10.0
293.0,0.23777839541435242,0.23777839541435242,0.018080592155456543,0.013228433206677437,0.004374404437839985,10.0,1.0,10.0
294.0,0.23614194989204407,0.23614194989204407,0.018063904717564583,0.01296027097851038,0.0042542642913758755,10.0,1.0,10.0
295.0,0.23462392389774323,0.23462392389774323,0.018049679696559906,0.012705761007964611,0.00414213677868247,10.0,1.0,10.0
296.0,0.23321810364723206,0.23321810364723206,0.01803772523999214,0.012464536353945732,0.00403763260692358,10.0,1.0,10.0
297.0,0.23191875219345093,0.23191875219345093,0.01802787184715271,0.012236240319907665,0.0039403801783919334,10.0,1.0,10.0
298.0,0.23071983456611633,0.23071983456611633,0.01801993139088154,0.012020484544336796,0.003850004868581891,10.0,1.0,10.0
299.0,0.22961553931236267,0.22961553931236267,0.01801372691988945,0.011816885322332382,0.0037661369424313307,10.0,1.0,10.0
300.0,0.22860024869441986,0.22860024869441986,0.01800910197198391,0.011625034734606743,0.0036884187720716,10.0,1.0,10.0
301.0,0.2276683747768402,0.2276683747768402,0.018005890771746635,0.011444509029388428,0.003616495057940483,10.0,1.0,10.0
302.0,0.22681450843811035,0.22681450843811035,0.018003933131694794,0.011274904012680054,0.003550027497112751,10.0,1.0,10.0
303.0,0.226033553481102,0.226033553481102,0.01800309121608734,0.011115794070065022,0.003488685004413128,10.0,1.0,10.0
304.0,0.22532036900520325,0.22532036900520325,0.018003229051828384,0.010966723784804344,0.0034321374259889126,10.0,1.0,10.0
305.0,0.22467012703418732,0.22467012703418732,0.018004203215241432,0.010827292688190937,0.0033800809178501368,10.0,1.0,10.0
306.0,0.22407831251621246,0.22407831251621246,0.01800590381026268,0.010697072371840477,0.00333221978507936,10.0,1.0,10.0
307.0,0.22354033589363098,0.22354033589363098,0.01800820603966713,0.010575645603239536,0.0032882639206945896,10.0,1.0,10.0
308.0,0.22305217385292053,0.22305217385292053,0.018011018633842468,0.010462582111358643,0.0032479402143508196,10.0,1.0,10.0
309.0,0.22260960936546326,0.22260960936546326,0.018014227971434593,0.010357481427490711,0.003210983704775572,10.0,1.0,10.0
310.0,0.22220897674560547,0.22220897674560547,0.01801774650812149,0.010259955190122128,0.003177155740559101,10.0,1.0,10.0
311.0,0.22184664011001587,0.22184664011001587,0.018021482974290848,0.010169618763029575,0.0031462195329368114,10.0,1.0,10.0
312.0,0.22151926159858704,0.22151926159858704,0.018025362864136696,0.010086092166602612,0.0031179555226117373,10.0,1.0,10.0
313.0,0.22122381627559662,0.22122381627559662,0.018029330298304558,0.01000898890197277,0.003092152299359441,10.0,1.0,10.0
314.0,0.2209571748971939,0.2209571748971939,0.01803329586982727,0.009937986731529236,0.0030686226673424244,10.0,1.0,10.0
315.0,0.22071653604507446,0.22071653604507446,0.01803719811141491,0.009872726164758205,0.0030471831560134888,10.0,1.0,10.0
316.0,0.22049957513809204,0.22049957513809204,0.018041005358099937,0.009812876582145691,0.003027664264664054,10.0,1.0,10.0
317.0,0.22030383348464966,0.22030383348464966,0.01804465800523758,0.009758144617080688,0.0030099113937467337,10.0,1.0,10.0
318.0,0.22012722492218018,0.22012722492218018,0.01804812066257,0.00970823410898447,0.002993777859956026,10.0,1.0,10.0
319.0,0.21996746957302094,0.21996746957302094,0.018051331862807274,0.009662853553891182,0.002979130018502474,10.0,1.0,10.0
320.0,0.21982306241989136,0.21982306241989136,0.018054287880659103,0.009621739387512207,0.002965842839330435,10.0,1.0,10.0
321.0,0.21969199180603027,0.21969199180603027,0.018056925386190414,0.009584648534655571,0.00295380805619061,10.0,1.0,10.0
322.0,0.21957311034202576,0.21957311034202576,0.0180592630058527,0.009551329538226128,0.002942915540188551,10.0,1.0,10.0
323.0,0.2194647192955017,0.2194647192955017,0.018061241135001183,0.009521572850644588,0.002933073788881302,10.0,1.0,10.0
324.0,0.21936573088169098,0.21936573088169098,0.01806286722421646,0.00949513353407383,0.002924191765487194,10.0,1.0,10.0
325.0,0.21927495300769806,0.21927495300769806,0.018064117059111595,0.009471841156482697,0.0029161942657083273,10.0,1.0,10.0
326.0,0.2191912978887558,0.2191912978887558,0.01806497946381569,0.009451469406485558,0.0029090051539242268,10.0,1.0,10.0
327.0,0.2191140502691269,0.2191140502691269,0.01806546375155449,0.009433833882212639,0.0029025571420788765,10.0,1.0,10.0
328.0,0.21904221177101135,0.21904221177101135,0.018065553158521652,0.009418773464858532,0.002896790159866214,10.0,1.0,10.0
329.0,0.21897509694099426,0.21897509694099426,0.018065251410007477,0.00940611306577921,0.0028916469309479,10.0,1.0,10.0
330.0,0.21891209483146667,0.21891209483146667,0.01806456409394741,0.00939569529145956,0.0028870757669210434,10.0,1.0,10.0
331.0,0.21885253489017487,0.21885253489017487,0.018063480034470558,0.00938740000128746,0.0028830331284552813,10.0,1.0,10.0
332.0,0.21879608929157257,0.21879608929157257,0.018062030896544456,0.009381049312651157,0.0028794724494218826,10.0,1.0,10.0
333.0,0.21874219179153442,0.21874219179153442,0.01806020922958851,0.009376537054777145,0.002876355778425932,10.0,1.0,10.0
334.0,0.21869054436683655,0.21869054436683655,0.01805802807211876,0.009373724460601807,0.0028736540116369724,10.0,1.0,10.0
335.0,0.2186407595872879,0.2186407595872879,0.018055496737360954,0.009372496046125889,0.0028713287319988012,10.0,1.0,10.0
336.0,0.2185925543308258,0.2185925543308258,0.01805262640118599,0.009372735396027565,0.002869355259463191,10.0,1.0,10.0
337.0,0.21854571998119354,0.21854571998119354,0.01804943196475506,0.009374335408210754,0.0028677056543529034,10.0,1.0,10.0
338.0,0.2185000479221344,0.2185000479221344,0.018045926466584206,0.009377206675708294,0.0028663575649261475,10.0,1.0,10.0
339.0,0.21845535933971405,0.21845535933971405,0.018042124807834625,0.009381242096424103,0.002865285612642765,10.0,1.0,10.0
340.0,0.2184114307165146,0.2184114307165146,0.018038034439086914,0.009386376477777958,0.0028644707053899765,10.0,1.0,10.0
341.0,0.21836817264556885,0.21836817264556885,0.018033672124147415,0.009392520412802696,0.0028638942167162895,10.0,1.0,10.0
342.0,0.21832561492919922,0.21832561492919922,0.018029067665338516,0.009399576112627983,0.002863536588847637,10.0,1.0,10.0
343.0,0.21828357875347137,0.21828357875347137,0.018024226650595665,0.009407475590705872,0.0028633829206228256,10.0,1.0,10.0
344.0,0.2182418406009674,0.2182418406009674,0.01801914907991886,0.009416148997843266,0.0028634201735258102,10.0,1.0,10.0
345.0,0.21820062398910522,0.21820062398910522,0.01801387593150139,0.009425530210137367,0.0028636320494115353,10.0,1.0,10.0
346.0,0.21815964579582214,0.21815964579582214,0.018008405342698097,0.009435538202524185,0.002864006906747818,10.0,1.0,10.0
347.0,0.2181190699338913,0.2181190699338913,0.018002763390541077,0.009446130134165287,0.002864530310034752,10.0,1.0,10.0
348.0,0.21807874739170074,0.21807874739170074,0.01799696311354637,0.00945722870528698,0.002865187358111143,10.0,1.0,10.0
349.0,0.2180386781692505,0.2180386781692505,0.017991013824939728,0.009468801319599152,0.0028659726958721876,10.0,1.0,10.0
350.0,0.21799889206886292,0.21799889206886292,0.017984937876462936,0.009480785578489304,0.002866872353479266,10.0,1.0,10.0
351.0,0.21795928478240967,0.21795928478240967,0.017978740856051445,0.009493134915828705,0.0028678744565695524,10.0,1.0,10.0
352.0,0.2179199755191803,0.2179199755191803,0.017972448840737343,0.009505794383585453,0.002868969924747944,10.0,1.0,10.0
353.0,0.21788087487220764,0.21788087487220764,0.01796606555581093,0.00951870996505022,0.0028701510746032,10.0,1.0,10.0
354.0,0.21784208714962006,0.21784208714962006,0.01795961707830429,0.009531857445836067,0.0028714064974337816,10.0,1.0,10.0
355.0,0.21780352294445038,0.21780352294445038,0.01795310340821743,0.009545192122459412,0.0028727289754897356,10.0,1.0,10.0
356.0,0.2177651822566986,0.2177651822566986,0.017946535721421242,0.00955868512392044,0.002874114317819476,10.0,1.0,10.0
357.0,0.21772712469100952,0.21772712469100952,0.017939936369657516,0.009572271257638931,0.0028755480889230967,10.0,1.0,10.0
358.0,0.21768918633460999,0.21768918633460999,0.01793329417705536,0.00958594772964716,0.0028770295903086662,10.0,1.0,10.0
359.0,0.2176515758037567,0.2176515758037567,0.017926644533872604,0.009599659591913223,0.002878547413274646,10.0,1.0,10.0
360.0,0.21761420369148254,0.21761420369148254,0.017919981852173805,0.009613407775759697,0.002880098531022668,10.0,1.0,10.0
361.0,0.21757709980010986,0.21757709980010986,0.017913319170475006,0.009627158753573895,0.0028816750273108482,10.0,1.0,10.0
362.0,0.2175402194261551,0.2175402194261551,0.017906658351421356,0.009640881791710854,0.0028832745738327503,10.0,1.0,10.0
363.0,0.21750371158123016,0.21750371158123016,0.017900027334690094,0.009654553607106209,0.0028848883230239153,10.0,1.0,10.0
364.0,0.21746724843978882,0.21746724843978882,0.017893394455313683,0.00966816395521164,0.0028865125495940447,10.0,1.0,10.0
365.0,0.21743132174015045,0.21743132174015045,0.0178868155926466,0.009681683033704758,0.0028881472535431385,10.0,1.0,10.0
366.0,0.21739542484283447,0.21739542484283447,0.017880255356431007,0.009695076383650303,0.0028897791635245085,10.0,1.0,10.0
367.0,0.21735990047454834,0.21735990047454834,0.017873741686344147,0.009708346799015999,0.002891413401812315,10.0,1.0,10.0
368.0,0.21732452511787415,0.21732452511787415,0.01786726340651512,0.009721478447318077,0.0028930415865033865,10.0,1.0,10.0
369.0,0.21728941798210144,0.21728941798210144,0.017860837280750275,0.009734448045492172,0.00289465906098485,10.0,1.0,10.0
370.0,0.2172546684741974,0.2172546684741974,0.01785448007285595,0.009747258387506008,0.002896261401474476,10.0,1.0,10.0
371.0,0.2172200083732605,0.2172200083732605,0.01784815825521946,0.009759909473359585,0.0028978525660932064,10.0,1.0,10.0
372.0,0.2171856015920639,0.2171856015920639,0.017841897904872894,0.009772364050149918,0.0028994258027523756,10.0,1.0,10.0
373.0,0.21715152263641357,0.21715152263641357,0.01783570647239685,0.009784631431102753,0.002900982042774558,10.0,1.0,10.0
374.0,0.21711760759353638,0.21711760759353638,0.01782957650721073,0.009796686470508575,0.0029025166295468807,10.0,1.0,10.0
375.0,0.21708393096923828,0.21708393096923828,0.017823511734604836,0.009808532893657684,0.0029040283989161253,10.0,1.0,10.0
376.0,0.2170504778623581,0.2170504778623581,0.017817514017224312,0.009820163249969482,0.002905517816543579,10.0,1.0,10.0
377.0,0.2170172780752182,0.2170172780752182,0.017811590805649757,0.009831561706960201,0.0029069809243083,10.0,1.0,10.0
378.0,0.21698418259620667,0.21698418259620667,0.01780572719871998,0.009842745028436184,0.0029084172565490007,10.0,1.0,10.0
379.0,0.21695135533809662,0.21695135533809662,0.01779993809759617,0.009853700175881386,0.0029098275117576122,10.0,1.0,10.0
380.0,0.21691864728927612,0.21691864728927612,0.017794214189052582,0.00986443180590868,0.0029112077318131924,10.0,1.0,10.0
381.0,0.21688620746135712,0.21688620746135712,0.017788568511605263,0.009874927811324596,0.0029125595465302467,10.0,1.0,10.0
382.0,0.21685390174388885,0.21685390174388885,0.017782989889383316,0.009885210543870926,0.002913880627602339,10.0,1.0,10.0
383.0,0.2168218046426773,0.2168218046426773,0.01777748018503189,0.009895251132547855,0.002915174700319767,10.0,1.0,10.0
384.0,0.2167898714542389,0.2167898714542389,0.017772044986486435,0.009905047714710236,0.0029164371080696583,10.0,1.0,10.0
385.0,0.21675805747509003,0.21675805747509003,0.017766673117876053,0.00991461519151926,0.0029176706448197365,10.0,1.0,10.0
386.0,0.2167264074087143,0.2167264074087143,0.017761368304491043,0.009923957288265228,0.002918877173215151,10.0,1.0,10.0
387.0,0.21669501066207886,0.21669501066207886,0.0177561417222023,0.009933059103786945,0.00292005343362689,10.0,1.0,10.0
388.0,0.21666359901428223,0.21666359901428223,0.017750967293977737,0.009941939264535904,0.002921199658885598,10.0,1.0,10.0
389.0,0.21663251519203186,0.21663251519203186,0.01774587668478489,0.009950586594641209,0.0029223160818219185,10.0,1.0,10.0
390.0,0.21660149097442627,0.21660149097442627,0.017740845680236816,0.009959009476006031,0.0029234024696052074,10.0,1.0,10.0
391.0,0.21657051146030426,0.21657051146030426,0.01773586869239807,0.009967218153178692,0.002924460219219327,10.0,1.0,10.0
392.0,0.21653974056243896,0.21653974056243896,0.017730962485074997,0.009975199587643147,0.0029254904948174953,10.0,1.0,10.0
393.0,0.21650902926921844,0.21650902926921844,0.0177261121571064,0.009982970543205738,0.002926493762061,10.0,1.0,10.0
394.0,0.21647846698760986,0.21647846698760986,0.017721328884363174,0.009990526363253593,0.0029274658299982548,10.0,1.0,10.0
395.0,0.21644802391529083,0.21644802391529083,0.017716603353619576,0.009997866116464138,0.0029284139163792133,10.0,1.0,10.0
396.0,0.21641774475574493,0.21641774475574493,0.01771194115281105,0.010005000978708267,0.0029293338302522898,10.0,1.0,10.0
397.0,0.21638751029968262,0.21638751029968262,0.017707327380776405,0.010011933743953705,0.002930230228230357,10.0,1.0,10.0
398.0,0.21635736525058746,0.21635736525058746,0.017702773213386536,0.010018667206168175,0.002931097289547324,10.0,1.0,10.0
399.0,0.21632730960845947,0.21632730960845947,0.017698269337415695,0.010025196708738804,0.002931940136477351,10.0,1.0,10.0
400.0,0.21629729866981506,0.21629729866981506,0.01769382134079933,0.010031524114310741,0.00293275760486722,10.0,1.0,10.0
401.0,0.21626737713813782,0.21626737713813782,0.017689423635601997,0.010037662461400032,0.0029335482977330685,10.0,1.0,10.0
402.0,0.21623769402503967,0.21623769402503967,0.017685092985630035,0.010043621063232422,0.0029343150090426207,10.0,1.0,10.0
403.0,0.21620801091194153,0.21620801091194153,0.017680801451206207,0.010049409233033657,0.002935058670118451,10.0,1.0,10.0
404.0,0.21617840230464935,0.21617840230464935,0.017676563933491707,0.01005500741302967,0.0029357760213315487,10.0,1.0,10.0
405.0,0.21614883840084076,0.21614883840084076,0.01767236739397049,0.01006043329834938,0.0029364738147705793,10.0,1.0,10.0
406.0,0.2161194384098053,0.2161194384098053,0.0176682285964489,0.010065680369734764,0.0029371469281613827,10.0,1.0,10.0
407.0,0.21608996391296387,0.21608996391296387,0.017664121463894844,0.010070757940411568,0.0029377988539636135,10.0,1.0,10.0
408.0,0.21606062352657318,0.21606062352657318,0.01766006462275982,0.010075672529637814,0.0029384305234998465,10.0,1.0,10.0
409.0,0.2160312831401825,0.2160312831401825,0.017656048759818077,0.01008041761815548,0.0029390379786491394,10.0,1.0,10.0
410.0,0.21600215137004852,0.21600215137004852,0.017652088776230812,0.010085023939609528,0.0029396256431937218,10.0,1.0,10.0
411.0,0.2159729152917862,0.2159729152917862,0.017648154869675636,0.010089462623000145,0.0029401914216578007,10.0,1.0,10.0
412.0,0.215943843126297,0.215943843126297,0.01764427125453949,0.010093760676681995,0.002940737409517169,10.0,1.0,10.0
413.0,0.21591484546661377,0.21591484546661377,0.017640430480241776,0.010097912512719631,0.0029412636067718267,10.0,1.0,10.0
414.0,0.2158857136964798,0.2158857136964798,0.017636612057685852,0.010101912543177605,0.0029417676851153374,10.0,1.0,10.0
415.0,0.21585680544376373,0.21585680544376373,0.017632847651839256,0.010105771012604237,0.0029422547668218613,10.0,1.0,10.0
416.0,0.21582791209220886,0.21582791209220886,0.017629122361540794,0.010109484195709229,0.0029427201952785254,10.0,1.0,10.0
417.0,0.2157990038394928,0.2157990038394928,0.01762542687356472,0.010113066993653774,0.002943167695775628,10.0,1.0,10.0
418.0,0.2157701998949051,0.2157701998949051,0.01762176863849163,0.010116538032889366,0.002943598199635744,10.0,1.0,10.0
419.0,0.21574139595031738,0.21574139595031738,0.01761814020574093,0.010119877755641937,0.0029440110083669424,10.0,1.0,10.0
420.0,0.21571260690689087,0.21571260690689087,0.017614545300602913,0.010123085230588913,0.002944406820461154,10.0,1.0,10.0
421.0,0.21568386256694794,0.21568386256694794,0.017610985785722733,0.010126176290214062,0.0029447844717651606,10.0,1.0,10.0
422.0,0.21565520763397217,0.21565520763397217,0.01760745979845524,0.010129151865839958,0.0029451462905853987,10.0,1.0,10.0
423.0,0.2156265676021576,0.2156265676021576,0.01760396547615528,0.010132011957466602,0.002945490414276719,10.0,1.0,10.0
424.0,0.21559791266918182,0.21559791266918182,0.017600497230887413,0.010134759359061718,0.0029458182398229837,10.0,1.0,10.0
425.0,0.21556934714317322,0.21556934714317322,0.01759706623852253,0.010137394070625305,0.0029461300000548363,10.0,1.0,10.0
426.0,0.21554072201251984,0.21554072201251984,0.017593655735254288,0.01013992354273796,0.0029464245308190584,10.0,1.0,10.0
427.0,0.21551230549812317,0.21551230549812317,0.017590289935469627,0.010142350569367409,0.0029467048589140177,10.0,1.0,10.0
428.0,0.21548369526863098,0.21548369526863098,0.017586929723620415,0.010144682601094246,0.002946971682831645,10.0,1.0,10.0
429.0,0.21545523405075073,0.21545523405075073,0.017583608627319336,0.010146908462047577,0.002947223838418722,10.0,1.0,10.0
430.0,0.2154267132282257,0.2154267132282257,0.0175803042948246,0.010149055160582066,0.002947460860013962,10.0,1.0,10.0
431.0,0.21539843082427979,0.21539843082427979,0.017577050253748894,0.010151091031730175,0.002947683446109295,10.0,1.0,10.0
432.0,0.2153698205947876,0.2153698205947876,0.017573783174157143,0.010153048671782017,0.0029478929936885834,10.0,1.0,10.0
433.0,0.21534141898155212,0.21534141898155212,0.01757056452333927,0.010154906660318375,0.0029480881057679653,10.0,1.0,10.0
434.0,0.2153131514787674,0.2153131514787674,0.017567377537488937,0.010156678035855293,0.0029482687823474407,10.0,1.0,10.0
435.0,0.21528472006320953,0.21528472006320953,0.0175641942769289,0.010158386081457138,0.0029484396800398827,10.0,1.0,10.0
436.0,0.21525636315345764,0.21525636315345764,0.017561037093400955,0.010160007514059544,0.0029485980048775673,10.0,1.0,10.0
437.0,0.21522797644138336,0.21522797644138336,0.01755790039896965,0.010161541402339935,0.002948741428554058,10.0,1.0,10.0
438.0,0.21519961953163147,0.21519961953163147,0.017554784193634987,0.010163004510104656,0.002948877401649952,10.0,1.0,10.0
439.0,0.21517130732536316,0.21517130732536316,0.017551690340042114,0.010164400562644005,0.002949000336229801,10.0,1.0,10.0
440.0,0.21514301002025604,0.21514301002025604,0.017548613250255585,0.010165732353925705,0.0029491139575839043,10.0,1.0,10.0
441.0,0.21511472761631012,0.21511472761631012,0.017545558512210846,0.010166995227336884,0.0029492154717445374,10.0,1.0,10.0
442.0,0.215086430311203,0.215086430311203,0.0175425186753273,0.010168182663619518,0.0029493062756955624,10.0,1.0,10.0
443.0,0.21505817770957947,0.21505817770957947,0.017539499327540398,0.010169302113354206,0.0029493877664208412,10.0,1.0,10.0
444.0,0.21502983570098877,0.21502983570098877,0.01753649115562439,0.010170352645218372,0.0029494566842913628,10.0,1.0,10.0
445.0,0.21500159800052643,0.21500159800052643,0.017533505335450172,0.010171350091695786,0.0029495188500732183,10.0,1.0,10.0
446.0,0.2149733603000641,0.2149733603000641,0.017530540004372597,0.010172289796173573,0.0029495672788470984,10.0,1.0,10.0
447.0,0.21494504809379578,0.21494504809379578,0.017527582123875618,0.010173166170716286,0.002949606394395232,10.0,1.0,10.0
448.0,0.21491679549217224,0.21491679549217224,0.01752464286983013,0.010173995047807693,0.0029496364295482635,10.0,1.0,10.0
449.0,0.21488860249519348,0.21488860249519348,0.017521725967526436,0.010174762457609177,0.0029496587812900543,10.0,1.0,10.0
450.0,0.21486030519008636,0.21486030519008636,0.01751881092786789,0.010175482369959354,0.0029496713541448116,10.0,1.0,10.0
451.0,0.21483206748962402,0.21483206748962402,0.017515912652015686,0.010176164098083973,0.002949677174910903,10.0,1.0,10.0
452.0,0.2148038148880005,0.2148038148880005,0.017513029277324677,0.010176780633628368,0.002949674613773823,10.0,1.0,10.0
453.0,0.21477560698986053,0.21477560698986053,0.01751016266644001,0.010177340358495712,0.002949664369225502,10.0,1.0,10.0
454.0,0.2147473841905594,0.2147473841905594,0.01750730536878109,0.010177871212363243,0.0029496459756046534,10.0,1.0,10.0
455.0,0.21471914649009705,0.21471914649009705,0.017504457384347916,0.01017836295068264,0.0029496224597096443,10.0,1.0,10.0
456.0,0.2146909236907959,0.2146909236907959,0.017501624301075935,0.010178806260228157,0.00294958776794374,10.0,1.0,10.0
457.0,0.21466262638568878,0.21466262638568878,0.017498793080449104,0.010179215110838413,0.0029495477210730314,10.0,1.0,10.0
458.0,0.21463441848754883,0.21463441848754883,0.017495980486273766,0.01017958763986826,0.002949501620605588,10.0,1.0,10.0
459.0,0.21460622549057007,0.21460622549057007,0.01749318651854992,0.010179910808801651,0.0029494452755898237,10.0,1.0,10.0
460.0,0.21457800269126892,0.21457800269126892,0.01749039627611637,0.010180197656154633,0.00294938450679183,10.0,1.0,10.0
461.0,0.21454976499080658,0.21454976499080658,0.01748761534690857,0.0101804593577981,0.0029493155889213085,10.0,1.0,10.0
462.0,0.21452149748802185,0.21452149748802185,0.017484840005636215,0.010180667042732239,0.0029492417816072702,10.0,1.0,10.0
463.0,0.2144933044910431,0.2144933044910431,0.017482085153460503,0.010180853307247162,0.002949160523712635,10.0,1.0,10.0
464.0,0.21446493268013,0.21446493268013,0.017479319125413895,0.010181011632084846,0.002949073677882552,10.0,1.0,10.0
465.0,0.21443668007850647,0.21443668007850647,0.01747657172381878,0.010181148536503315,0.002948981709778309,10.0,1.0,10.0
466.0,0.21440841257572174,0.21440841257572174,0.01747383363544941,0.010181249119341373,0.0029488832224160433,10.0,1.0,10.0
467.0,0.2143801599740982,0.2143801599740982,0.017471102997660637,0.010181326419115067,0.0029487803112715483,10.0,1.0,10.0
468.0,0.21435193717479706,0.21435193717479706,0.01746838539838791,0.010181376710534096,0.0029486706480383873,10.0,1.0,10.0
469.0,0.21432369947433472,0.21432369947433472,0.01746567338705063,0.010181397199630737,0.0029485563281923532,10.0,1.0,10.0
470.0,0.21429529786109924,0.21429529786109924,0.01746295392513275,0.010181402787566185,0.002948436187580228,10.0,1.0,10.0
471.0,0.21426703035831451,0.21426703035831451,0.017460251227021217,0.010181381367146969,0.0029483134858310223,10.0,1.0,10.0
472.0,0.2142387330532074,0.2142387330532074,0.01745755597949028,0.010181326419115067,0.002948184497654438,10.0,1.0,10.0
473.0,0.2142103910446167,0.2142103910446167,0.017454862594604492,0.010181259363889694,0.0029480508528649807,10.0,1.0,10.0
474.0,0.21418209373950958,0.21418209373950958,0.0174521803855896,0.010181178338825703,0.0029479116201400757,10.0,1.0,10.0
475.0,0.21415378153324127,0.21415378153324127,0.017449503764510155,0.010181078687310219,0.002947765402495861,10.0,1.0,10.0
476.0,0.21412542462348938,0.21412542462348938,0.01744682900607586,0.010180959478020668,0.0029476163908839226,10.0,1.0,10.0
477.0,0.21409714221954346,0.21409714221954346,0.017444169148802757,0.010180826298892498,0.002947461325675249,10.0,1.0,10.0
478.0,0.2140686959028244,0.2140686959028244,0.01744149811565876,0.010180672630667686,0.00294730463065207,10.0,1.0,10.0
479.0,0.2140403389930725,0.2140403389930725,0.017438838258385658,0.010180515237152576,0.002947143977507949,10.0,1.0,10.0
480.0,0.2140120416879654,0.2140120416879654,0.017436189576983452,0.010180332697927952,0.00294698029756546,10.0,1.0,10.0
481.0,0.21398361027240753,0.21398361027240753,0.01743353344500065,0.010180138051509857,0.002946813590824604,10.0,1.0,10.0
482.0,0.21395525336265564,0.21395525336265564,0.01743088662624359,0.010179947130382061,0.002946642693132162,10.0,1.0,10.0
483.0,0.21392670273780823,0.21392670273780823,0.01742822863161564,0.0101797329261899,0.002946468535810709,10.0,1.0,10.0
484.0,0.21389833092689514,0.21389833092689514,0.017425591126084328,0.010179524309933186,0.002946290420368314,10.0,1.0,10.0
485.0,0.2138698846101761,0.2138698846101761,0.017422949895262718,0.010179297998547554,0.002946108113974333,10.0,1.0,10.0
486.0,0.2138414829969406,0.2138414829969406,0.017420317977666855,0.010179071687161922,0.002945922315120697,10.0,1.0,10.0
487.0,0.21381306648254395,0.21381306648254395,0.01741768978536129,0.010178827680647373,0.0029457323253154755,10.0,1.0,10.0
488.0,0.21378448605537415,0.21378448605537415,0.01741504855453968,0.010178588330745697,0.002945542335510254,10.0,1.0,10.0
489.0,0.21375596523284912,0.21375596523284912,0.017412416636943817,0.010178334079682827,0.002945347921922803,10.0,1.0,10.0
490.0,0.21372756361961365,0.21372756361961365,0.017409797757864,0.010178075172007084,0.0029451509471982718,10.0,1.0,10.0
491.0,0.21369904279708862,0.21369904279708862,0.017407171428203583,0.01017781812697649,0.0029449500143527985,10.0,1.0,10.0
492.0,0.2136704921722412,0.2136704921722412,0.017404550686478615,0.01017753966152668,0.0029447453562170267,10.0,1.0,10.0
493.0,0.21364203095436096,0.21364203095436096,0.017401933670043945,0.010177282616496086,0.002944540698081255,10.0,1.0,10.0
494.0,0.21361342072486877,0.21361342072486877,0.01739930920302868,0.010177021846175194,0.002944330684840679,10.0,1.0,10.0
495.0,0.21358489990234375,0.21358489990234375,0.017396695911884308,0.010176749899983406,0.002944119507446885,10.0,1.0,10.0
496.0,0.2135562151670456,0.2135562151670456,0.017394063994288445,0.010176490060985088,0.0029439071658998728,10.0,1.0,10.0
497.0,0.2135276049375534,0.2135276049375534,0.017391445115208626,0.010176233015954494,0.002943693660199642,10.0,1.0,10.0
498.0,0.21349896490573883,0.21349896490573883,0.01738882251083851,0.010175971314311028,0.0029434775933623314,10.0,1.0,10.0
499.0,0.21347033977508545,0.21347033977508545,0.01738620363175869,0.010175705887377262,0.002943259198218584,10.0,1.0,10.0
500.0,0.21344169974327087,0.21344169974327087,0.01738358661532402,0.010175447911024094,0.0029430375434458256,10.0,1.0,10.0
501.0,0.21341294050216675,0.21341294050216675,0.017380960285663605,0.010175197385251522,0.002942814491689205,10.0,1.0,10.0
502.0,0.2133842557668686,0.2133842557668686,0.017378339543938637,0.010174952447414398,0.002942590741440654,10.0,1.0,10.0
503.0,0.2133556604385376,0.2133556604385376,0.017375728115439415,0.010174721479415894,0.002942365128546953,10.0,1.0,10.0
504.0,0.2133268415927887,0.2133268415927887,0.01737309619784355,0.010174494236707687,0.0029421369545161724,10.0,1.0,10.0
505.0,0.21329805254936218,0.21329805254936218,0.017370471730828285,0.010174266062676907,0.0029419080819934607,10.0,1.0,10.0
506.0,0.21326932311058044,0.21326932311058044,0.017367850989103317,0.010174029506742954,0.0029416775796562433,10.0,1.0,10.0
507.0,0.21324053406715393,0.21324053406715393,0.01736522652208805,0.010173801332712173,0.002941447077319026,10.0,1.0,10.0
508.0,0.21321174502372742,0.21321174502372742,0.017362603917717934,0.010173591785132885,0.0029412119183689356,10.0,1.0,10.0
509.0,0.21318291127681732,0.21318291127681732,0.01735997572541237,0.010173399932682514,0.002940976060926914,10.0,1.0,10.0
510.0,0.21315406262874603,0.21315406262874603,0.017357345670461655,0.010173216462135315,0.0029407378751784563,10.0,1.0,10.0
511.0,0.21312516927719116,0.21312516927719116,0.01735471561551094,0.010173043236136436,0.0029404989909380674,10.0,1.0,10.0
512.0,0.21309633553028107,0.21309633553028107,0.017352087423205376,0.010172862559556961,0.002940259873867035,10.0,1.0,10.0
513.0,0.213067427277565,0.213067427277565,0.017349449917674065,0.010172703303396702,0.0029400212224572897,10.0,1.0,10.0
514.0,0.21303847432136536,0.21303847432136536,0.017346812412142754,0.01017253939062357,0.0029397800099104643,10.0,1.0,10.0
515.0,0.21300949156284332,0.21300949156284332,0.017344169318675995,0.010172400623559952,0.0029395397286862135,10.0,1.0,10.0
516.0,0.2129805088043213,0.2129805088043213,0.017341526225209236,0.010172289796173573,0.0029392961878329515,10.0,1.0,10.0
517.0,0.21295157074928284,0.21295157074928284,0.017338886857032776,0.01017218641936779,0.0029390521813184023,10.0,1.0,10.0
518.0,0.21292249858379364,0.21292249858379364,0.017336232587695122,0.010172083973884583,0.0029388079419732094,10.0,1.0,10.0
519.0,0.2128935307264328,0.2128935307264328,0.017333591356873512,0.010171991772949696,0.002938562771305442,10.0,1.0,10.0
520.0,0.2128644436597824,0.2128644436597824,0.017330937087535858,0.010171912610530853,0.002938317134976387,10.0,1.0,10.0
521.0,0.2128354161977768,0.2128354161977768,0.017328282818198204,0.010171854868531227,0.002938072429969907,10.0,1.0,10.0
522.0,0.21280629932880402,0.21280629932880402,0.017325621098279953,0.010171818546950817,0.0029378265608102083,10.0,1.0,10.0
523.0,0.21277715265750885,0.21277715265750885,0.017322957515716553,0.010171793401241302,0.0029375781305134296,10.0,1.0,10.0
524.0,0.21274800598621368,0.21274800598621368,0.017320292070508003,0.010171783156692982,0.002937329700216651,10.0,1.0,10.0
525.0,0.21271878480911255,0.21271878480911255,0.017317619174718857,0.01017178688198328,0.0029370803385972977,10.0,1.0,10.0
526.0,0.21268951892852783,0.21268951892852783,0.017314942553639412,0.010171804577112198,0.0029368300456553698,10.0,1.0,10.0
527.0,0.21266034245491028,0.21266034245491028,0.017312271520495415,0.010171829722821712,0.002936579752713442,10.0,1.0,10.0
528.0,0.21263110637664795,0.21263110637664795,0.017309589311480522,0.01017188373953104,0.0029363310895860195,10.0,1.0,10.0
529.0,0.21260173618793488,0.21260173618793488,0.017306897789239883,0.010171951726078987,0.0029360814951360226,10.0,1.0,10.0
530.0,0.21257244050502777,0.21257244050502777,0.017304209992289543,0.010172033682465553,0.00293583027087152,10.0,1.0,10.0
531.0,0.21254312992095947,0.21254312992095947,0.017301520332694054,0.010172143578529358,0.002935578115284443,10.0,1.0,10.0
532.0,0.2125137746334076,0.2125137746334076,0.017298825085163116,0.010172272101044655,0.002935325028374791,10.0,1.0,10.0
533.0,0.21248440444469452,0.21248440444469452,0.01729612424969673,0.010172419250011444,0.0029350738041102886,10.0,1.0,10.0
534.0,0.21245497465133667,0.21245497465133667,0.01729341596364975,0.010172577574849129,0.002934823278337717,10.0,1.0,10.0
535.0,0.21242555975914001,0.21242555975914001,0.017290709540247917,0.010172749869525433,0.00293457112275064,10.0,1.0,10.0
536.0,0.21239611506462097,0.21239611506462097,0.017287999391555786,0.01017293706536293,0.002934318035840988,10.0,1.0,10.0
537.0,0.21236661076545715,0.21236661076545715,0.01728527806699276,0.010173150338232517,0.0029340670444071293,10.0,1.0,10.0
538.0,0.21233703196048737,0.21233703196048737,0.017282547429203987,0.01017339900135994,0.0029338160529732704,10.0,1.0,10.0
539.0,0.21230754256248474,0.21230754256248474,0.017279820516705513,0.010173679329454899,0.002933565527200699,10.0,1.0,10.0
540.0,0.2122778594493866,0.2122778594493866,0.017277073115110397,0.010173970833420753,0.0029333136044442654,10.0,1.0,10.0
541.0,0.212248295545578,0.212248295545578,0.017274342477321625,0.010174263268709183,0.0029330614488571882,10.0,1.0,10.0
542.0,0.21221861243247986,0.21221861243247986,0.01727159321308136,0.01017458550632,0.0029328097589313984,10.0,1.0,10.0
543.0,0.2121889442205429,0.2121889442205429,0.017268845811486244,0.010174917988479137,0.0029325573705136776,10.0,1.0,10.0
544.0,0.21215929090976715,0.21215929090976715,0.01726609468460083,0.010175280272960663,0.0029323059134185314,10.0,1.0,10.0
545.0,0.21212953329086304,0.21212953329086304,0.01726333238184452,0.01017567329108715,0.0029320530593395233,10.0,1.0,10.0
546.0,0.21209979057312012,0.21209979057312012,0.017260568216443062,0.010176087729632854,0.002931802300736308,10.0,1.0,10.0
547.0,0.21207000315189362,0.21207000315189362,0.017257798463106155,0.01017652079463005,0.0029315499123185873,10.0,1.0,10.0
548.0,0.21204014122486115,0.21204014122486115,0.017255019396543503,0.010176969692111015,0.002931296592578292,10.0,1.0,10.0
549.0,0.21201026439666748,0.21201026439666748,0.0172522384673357,0.010177441872656345,0.002931044204160571,10.0,1.0,10.0
550.0,0.21198038756847382,0.21198038756847382,0.0172494538128376,0.01017794106155634,0.0029307922814041376,10.0,1.0,10.0
551.0,0.21195051074028015,0.21195051074028015,0.017246663570404053,0.010178465396165848,0.0029305415228009224,10.0,1.0,10.0
552.0,0.21192049980163574,0.21192049980163574,0.01724385842680931,0.010179001837968826,0.00293029029853642,10.0,1.0,10.0
553.0,0.2118905484676361,0.2118905484676361,0.017241057008504868,0.010179570876061916,0.0029300404712557793,10.0,1.0,10.0
554.0,0.2118605673313141,0.2118605673313141,0.017238250002264977,0.010180167853832245,0.002929789014160633,10.0,1.0,10.0
555.0,0.2118304818868637,0.2118304818868637,0.01723542995750904,0.010180799290537834,0.0029295384883880615,10.0,1.0,10.0
556.0,0.21180033683776855,0.21180033683776855,0.01723260059952736,0.01018143817782402,0.0029292902909219265,10.0,1.0,10.0
557.0,0.21177025139331818,0.21177025139331818,0.017229773104190826,0.010182118974626064,0.002929041162133217,10.0,1.0,10.0
558.0,0.21174006164073944,0.21174006164073944,0.01722693257033825,0.010182810015976429,0.0029287920333445072,10.0,1.0,10.0
559.0,0.2117099016904831,0.2117099016904831,0.017224092036485672,0.010183537378907204,0.002928544767200947,10.0,1.0,10.0
560.0,0.21167975664138794,0.21167975664138794,0.017221249639987946,0.010184269398450851,0.0029282979667186737,10.0,1.0,10.0
561.0,0.21164941787719727,0.21164941787719727,0.017218392342329025,0.010185019113123417,0.002928047440946102,10.0,1.0,10.0
562.0,0.21161919832229614,0.21161919832229614,0.017215538769960403,0.010185811668634415,0.0029278011061251163,10.0,1.0,10.0
563.0,0.2115887999534607,0.2115887999534607,0.01721266657114029,0.010186626575887203,0.002927551046013832,10.0,1.0,10.0
564.0,0.21155846118927002,0.21155846118927002,0.017209796234965324,0.010187473148107529,0.0029273019172251225,10.0,1.0,10.0
565.0,0.21152812242507935,0.21152812242507935,0.017206920310854912,0.010188357904553413,0.0029270551167428493,10.0,1.0,10.0
566.0,0.21149766445159912,0.21149766445159912,0.017204035073518753,0.010189246386289597,0.002926807850599289,10.0,1.0,10.0
567.0,0.21146713197231293,0.21146713197231293,0.017201131209731102,0.010190173052251339,0.002926563611254096,10.0,1.0,10.0
568.0,0.2114366888999939,0.2114366888999939,0.017198236659169197,0.01019112579524517,0.002926319371908903,10.0,1.0,10.0
569.0,0.21140612661838531,0.21140612661838531,0.017195329070091248,0.010192090645432472,0.0029260744340717793,10.0,1.0,10.0
570.0,0.21137559413909912,0.21137559413909912,0.01719241961836815,0.010193085297942162,0.002925831824541092,10.0,1.0,10.0
571.0,0.21134492754936218,0.21134492754936218,0.017189495265483856,0.010194110684096813,0.0029255864210426807,10.0,1.0,10.0
572.0,0.2113143354654312,0.2113143354654312,0.01718657650053501,0.01019516121596098,0.0029253410175442696,10.0,1.0,10.0
573.0,0.2112835943698883,0.2112835943698883,0.017183635383844376,0.0101962611079216,0.002925097942352295,10.0,1.0,10.0
574.0,0.21125289797782898,0.21125289797782898,0.017180699855089188,0.010197367519140244,0.0029248534701764584,10.0,1.0,10.0
575.0,0.21122215688228607,0.21122215688228607,0.017177755013108253,0.010198510251939297,0.0029246110934764147,10.0,1.0,10.0
576.0,0.2111913412809372,0.2111913412809372,0.017174798995256424,0.010199664160609245,0.002924368716776371,10.0,1.0,10.0
577.0,0.21116051077842712,0.21116051077842712,0.017171839252114296,0.01020085345953703,0.0029241268057376146,10.0,1.0,10.0
578.0,0.21112960577011108,0.21112960577011108,0.017168868333101273,0.010202069766819477,0.00292388629168272,10.0,1.0,10.0
579.0,0.2110987901687622,0.2110987901687622,0.017165901139378548,0.010203320533037186,0.0029236467089504004,10.0,1.0,10.0
580.0,0.2110678106546402,0.2110678106546402,0.017162911593914032,0.01020460668951273,0.002923407591879368,10.0,1.0,10.0
581.0,0.2110368311405182,0.2110368311405182,0.017159922048449516,0.010205918923020363,0.002923168009147048,10.0,1.0,10.0
582.0,0.21100565791130066,0.21100565791130066,0.01715691201388836,0.01020724792033434,0.002922928426414728,10.0,1.0,10.0
583.0,0.21097467839717865,0.21097467839717865,0.017153916880488396,0.01020861230790615,0.0029226895421743393,10.0,1.0,10.0
584.0,0.2109435498714447,0.2109435498714447,0.01715090125799179,0.010210005566477776,0.0029224534519016743,10.0,1.0,10.0
585.0,0.21091242134571075,0.21091242134571075,0.017147881910204887,0.010211415588855743,0.0029222173616290092,10.0,1.0,10.0
586.0,0.21088123321533203,0.21088123321533203,0.017144856974482536,0.010212861932814121,0.0029219796415418386,10.0,1.0,10.0
587.0,0.21084998548030853,0.21084998548030853,0.01714182272553444,0.010214339941740036,0.0029217421542853117,10.0,1.0,10.0
588.0,0.21081870794296265,0.21081870794296265,0.017138779163360596,0.010215853340923786,0.0029215060640126467,10.0,1.0,10.0
589.0,0.21078740060329437,0.21078740060329437,0.017135730013251305,0.010217392817139626,0.002921269740909338,10.0,1.0,10.0
590.0,0.21075603365898132,0.21075603365898132,0.017132673412561417,0.01021895743906498,0.002921033650636673,10.0,1.0,10.0
591.0,0.21072453260421753,0.21072453260421753,0.017129598185420036,0.010220546275377274,0.002920800354331732,10.0,1.0,10.0
592.0,0.21069324016571045,0.21069324016571045,0.01712654158473015,0.010222154669463634,0.0029205658938735723,10.0,1.0,10.0
593.0,0.21066173911094666,0.21066173911094666,0.01712345890700817,0.010223804041743279,0.0029203344602137804,10.0,1.0,10.0
594.0,0.21063026785850525,0.21063026785850525,0.017120372503995895,0.010225502774119377,0.0029201030265539885,10.0,1.0,10.0
595.0,0.21059858798980713,0.21059858798980713,0.01711726188659668,0.01022724062204361,0.0029198743868619204,10.0,1.0,10.0
596.0,0.21056705713272095,0.21056705713272095,0.01711416244506836,0.01022899430245161,0.002919643884524703,10.0,1.0,10.0
597.0,0.21053536236286163,0.21053536236286163,0.017111044377088547,0.010230770334601402,0.0029194150120019913,10.0,1.0,10.0
598.0,0.2105037271976471,0.2105037271976471,0.017107930034399033,0.01023256778717041,0.0029191854409873486,10.0,1.0,10.0
599.0,0.21047194302082062,0.21047194302082062,0.017104797065258026,0.010234407149255276,0.002918957034125924,10.0,1.0,10.0
600.0,0.21044018864631653,0.21044018864631653,0.01710166409611702,0.01023627258837223,0.002918727695941925,10.0,1.0,10.0
601.0,0.21040837466716766,0.21040837466716766,0.01709851808845997,0.010238168761134148,0.002918502315878868,10.0,1.0,10.0
602.0,0.21037650108337402,0.21037650108337402,0.01709536276757717,0.010240107774734497,0.002918276470154524,10.0,1.0,10.0
603.0,0.21034453809261322,0.21034453809261322,0.017092198133468628,0.01024207565933466,0.002918048296123743,10.0,1.0,10.0
604.0,0.210312619805336,0.210312619805336,0.017089033499360085,0.010244066826999187,0.0029178212862461805,10.0,1.0,10.0
605.0,0.2102806270122528,0.2102806270122528,0.017085859552025795,0.010246086865663528,0.0029175947420299053,10.0,1.0,10.0
606.0,0.21024858951568604,0.21024858951568604,0.01708267629146576,0.010248138569295406,0.0029173691291362047,10.0,1.0,10.0
607.0,0.21021652221679688,0.21021652221679688,0.017079483717679977,0.010250222869217396,0.0029171458445489407,10.0,1.0,10.0
608.0,0.21018438041210175,0.21018438041210175,0.0170762799680233,0.010252340696752071,0.0029169232584536076,10.0,1.0,10.0
609.0,0.21015220880508423,0.21015220880508423,0.017073068767786026,0.010254495777189732,0.0029167027678340673,10.0,1.0,10.0
610.0,0.2101200371980667,0.2101200371980667,0.017069853842258453,0.010256675072014332,0.00291648181155324,10.0,1.0,10.0
611.0,0.21008774638175964,0.21008774638175964,0.01706661842763424,0.010258911177515984,0.00291626388207078,10.0,1.0,10.0
612.0,0.21005547046661377,0.21005547046661377,0.017063384875655174,0.010261159390211105,0.002916045254096389,10.0,1.0,10.0
613.0,0.21002314984798431,0.21002314984798431,0.017060143873095512,0.010263442061841488,0.0029158261604607105,10.0,1.0,10.0
614.0,0.20999065041542053,0.20999065041542053,0.017056884244084358,0.010265760123729706,0.002915606601163745,10.0,1.0,10.0
615.0,0.2099582850933075,0.2099582850933075,0.017053628340363503,0.01026810985058546,0.002915389370173216,10.0,1.0,10.0
616.0,0.2099258005619049,0.2099258005619049,0.017050359398126602,0.01027048658579588,0.0029151728376746178,10.0,1.0,10.0
617.0,0.20989324152469635,0.20989324152469635,0.017047077417373657,0.01027289591729641,0.0029149579349905252,10.0,1.0,10.0
618.0,0.20986062288284302,0.20986062288284302,0.017043784260749817,0.0102753397077322,0.002914744894951582,10.0,1.0,10.0
619.0,0.20982807874679565,0.20982807874679565,0.017040494829416275,0.010277821682393551,0.0029145313892513514,10.0,1.0,10.0
620.0,0.20979541540145874,0.20979541540145874,0.01703718863427639,0.010280340909957886,0.002914317650720477,10.0,1.0,10.0
621.0,0.20976273715496063,0.20976273715496063,0.017033880576491356,0.010282888077199459,0.00291410437785089,10.0,1.0,10.0
622.0,0.20973004400730133,0.20973004400730133,0.017030566930770874,0.01028546690940857,0.002913891337811947,10.0,1.0,10.0
623.0,0.2096971869468689,0.2096971869468689,0.017027229070663452,0.010288082994520664,0.002913680160418153,10.0,1.0,10.0
624.0,0.20966434478759766,0.20966434478759766,0.01702388934791088,0.010290727019309998,0.0029134713113307953,10.0,1.0,10.0
625.0,0.20963139832019806,0.20963139832019806,0.017020536586642265,0.010293404571712017,0.0029132619965821505,10.0,1.0,10.0
626.0,0.20959849655628204,0.20959849655628204,0.017017178237438202,0.01029613334685564,0.002913057804107666,10.0,1.0,10.0
627.0,0.20956549048423767,0.20956549048423767,0.017013808712363243,0.01029888540506363,0.002912851981818676,10.0,1.0,10.0
628.0,0.20953243970870972,0.20953243970870972,0.017010429874062538,0.010301683098077774,0.0029126466251909733,10.0,1.0,10.0
629.0,0.20949944853782654,0.20949944853782654,0.017007052898406982,0.010304505005478859,0.0029124412685632706,10.0,1.0,10.0
630.0,0.20946630835533142,0.20946630835533142,0.017003657296299934,0.010307355783879757,0.002912238473072648,10.0,1.0,10.0
631.0,0.2094331681728363,0.2094331681728363,0.01700025424361229,0.01031024381518364,0.0029120366089046,10.0,1.0,10.0
632.0,0.20939990878105164,0.20939990878105164,0.01699684001505375,0.010313165374100208,0.002911833580583334,10.0,1.0,10.0
633.0,0.20936663448810577,0.20936663448810577,0.016993418335914612,0.010316124185919762,0.0029116335790604353,10.0,1.0,10.0
634.0,0.20933334529399872,0.20933334529399872,0.016989991068840027,0.010319124907255173,0.0029114307835698128,10.0,1.0,10.0
635.0,0.2092999666929245,0.2092999666929245,0.016986550763249397,0.010322155430912971,0.0029112312477082014,10.0,1.0,10.0
636.0,0.20926660299301147,0.20926660299301147,0.01698310486972332,0.010325217619538307,0.0029110321775078773,10.0,1.0,10.0
637.0,0.20923316478729248,0.20923316478729248,0.016979645937681198,0.0103283217176795,0.0029108368325978518,10.0,1.0,10.0
638.0,0.2091997116804123,0.2091997116804123,0.016976183280348778,0.010331462137401104,0.002910640789195895,10.0,1.0,10.0
639.0,0.20916619896888733,0.20916619896888733,0.016972709447145462,0.010334630496799946,0.002910447772592306,10.0,1.0,10.0
640.0,0.209132581949234,0.209132581949234,0.016969218850135803,0.010337837040424347,0.0029102556873112917,10.0,1.0,10.0
641.0,0.2090989649295807,0.2090989649295807,0.016965724527835846,0.010341090150177479,0.0029100626707077026,10.0,1.0,10.0
642.0,0.2090653032064438,0.2090653032064438,0.016962220892310143,0.010344374924898148,0.0029098724480718374,10.0,1.0,10.0
643.0,0.2090315967798233,0.2090315967798233,0.016958707943558693,0.010347702540457249,0.002909681759774685,10.0,1.0,10.0
644.0,0.20899777114391327,0.20899777114391327,0.0169551782310009,0.010351051576435566,0.0029094931669533253,10.0,1.0,10.0
645.0,0.2089640349149704,0.2089640349149704,0.016951652243733406,0.010354449972510338,0.0029093073680996895,10.0,1.0,10.0
646.0,0.2089301347732544,0.2089301347732544,0.01694810576736927,0.010357873514294624,0.0029091208707541227,10.0,1.0,10.0
647.0,0.20889626443386078,0.20889626443386078,0.016944559291005135,0.010361326858401299,0.002908934373408556,10.0,1.0,10.0
648.0,0.2088622897863388,0.2088622897863388,0.016940996050834656,0.010364827699959278,0.0029087504372000694,10.0,1.0,10.0
649.0,0.208828404545784,0.208828404545784,0.016937434673309326,0.010368376038968563,0.002908568363636732,10.0,1.0,10.0
650.0,0.20879434049129486,0.20879434049129486,0.016933852806687355,0.010371959768235683,0.0029083862900733948,10.0,1.0,10.0
651.0,0.20876023173332214,0.20876023173332214,0.01693025976419449,0.010375577956438065,0.0029082060791552067,10.0,1.0,10.0
652.0,0.20872609317302704,0.20872609317302704,0.016926657408475876,0.01037922129034996,0.0029080286622047424,10.0,1.0,10.0
653.0,0.20869195461273193,0.20869195461273193,0.016923053190112114,0.010382898151874542,0.0029078505467623472,10.0,1.0,10.0
654.0,0.20865772664546967,0.20865772664546967,0.016919434070587158,0.010386629030108452,0.002907675225287676,10.0,1.0,10.0
655.0,0.2086234986782074,0.2086234986782074,0.016915809363126755,0.010390404611825943,0.002907499670982361,10.0,1.0,10.0
656.0,0.20858919620513916,0.20858919620513916,0.016912171617150307,0.010394214652478695,0.0029073264449834824,10.0,1.0,10.0
657.0,0.20855477452278137,0.20855477452278137,0.016908517107367516,0.010398062877357006,0.002907154615968466,10.0,1.0,10.0
658.0,0.20852044224739075,0.20852044224739075,0.016904868185520172,0.010401923209428787,0.002906984183937311,10.0,1.0,10.0
659.0,0.20848602056503296,0.20848602056503296,0.016901202499866486,0.010405833832919598,0.0029068165458738804,10.0,1.0,10.0
660.0,0.208451509475708,0.208451509475708,0.016897525638341904,0.010409778915345669,0.002906647976487875,10.0,1.0,10.0
661.0,0.20841698348522186,0.20841698348522186,0.016893843188881874,0.010413768701255322,0.002906478475779295,10.0,1.0,10.0
662.0,0.2083824872970581,0.2083824872970581,0.016890157014131546,0.010417809709906578,0.002906311769038439,10.0,1.0,10.0
663.0,0.20834779739379883,0.20834779739379883,0.01688644103705883,0.010421893559396267,0.0029061490204185247,10.0,1.0,10.0
664.0,0.20831312239170074,0.20831312239170074,0.016882723197340965,0.010426000691950321,0.00290598813444376,10.0,1.0,10.0
665.0,0.20827847719192505,0.20827847719192505,0.01687900349497795,0.010430149734020233,0.0029058284126222134,10.0,1.0,10.0
666.0,0.2082437425851822,0.2082437425851822,0.016875268891453743,0.010434332303702831,0.00290567334741354,10.0,1.0,10.0
667.0,0.20820894837379456,0.20820894837379456,0.01687152311205864,0.010438550263643265,0.0029055168852210045,10.0,1.0,10.0
668.0,0.20817404985427856,0.20817404985427856,0.016867762431502342,0.010442822240293026,0.0029053606558591127,10.0,1.0,10.0
669.0,0.20813921093940735,0.20813921093940735,0.016864001750946045,0.010447134263813496,0.0029052055906504393,10.0,1.0,10.0
670.0,0.20810431241989136,0.20810431241989136,0.016860229894518852,0.010451480746269226,0.0029050521552562714,10.0,1.0,10.0
671.0,0.2080693393945694,0.2080693393945694,0.016856446862220764,0.010455861687660217,0.002904900349676609,10.0,1.0,10.0
672.0,0.20803433656692505,0.20803433656692505,0.01685265265405178,0.01046028546988964,0.0029047513380646706,10.0,1.0,10.0
673.0,0.20799940824508667,0.20799940824508667,0.016848858445882797,0.010464752092957497,0.0029046055860817432,10.0,1.0,10.0
674.0,0.20796418190002441,0.20796418190002441,0.016845030710101128,0.010469255968928337,0.0029044607654213905,10.0,1.0,10.0
675.0,0.20792914927005768,0.20792914927005768,0.0168412197381258,0.010473789647221565,0.002904316410422325,10.0,1.0,10.0
676.0,0.20789402723312378,0.20789402723312378,0.01683739386498928,0.010478365235030651,0.0029041729867458344,10.0,1.0,10.0
677.0,0.20785880088806152,0.20785880088806152,0.016833549365401268,0.010482991114258766,0.002904030494391918,10.0,1.0,10.0
678.0,0.20782357454299927,0.20782357454299927,0.016829699277877808,0.01048765704035759,0.002903891261667013,10.0,1.0,10.0
679.0,0.20778828859329224,0.20778828859329224,0.016825838014483452,0.010492361150681973,0.0029037552885711193,10.0,1.0,10.0
680.0,0.20775294303894043,0.20775294303894043,0.0168219655752182,0.010497098788619041,0.0029036197811365128,10.0,1.0,10.0
681.0,0.207717627286911,0.207717627286911,0.016818085685372353,0.010501891374588013,0.002903487766161561,10.0,1.0,10.0
682.0,0.20768220722675323,0.20768220722675323,0.01681419089436531,0.010506720282137394,0.0029033590108156204,10.0,1.0,10.0
683.0,0.20764680206775665,0.20764680206775665,0.01681029424071312,0.010511575266718864,0.0029032276943325996,10.0,1.0,10.0
684.0,0.20761136710643768,0.20761136710643768,0.016806386411190033,0.010516492649912834,0.002903101034462452,10.0,1.0,10.0
685.0,0.20757578313350677,0.20757578313350677,0.016802461817860603,0.010521424934267998,0.002902973908931017,10.0,1.0,10.0
686.0,0.20754027366638184,0.20754027366638184,0.016798535361886024,0.010526414960622787,0.0029028505086898804,10.0,1.0,10.0
687.0,0.20750463008880615,0.20750463008880615,0.016794590279459953,0.010531439445912838,0.0029027287382632494,10.0,1.0,10.0
688.0,0.20746904611587524,0.20746904611587524,0.016790641471743584,0.010536521673202515,0.0029026102274656296,10.0,1.0,10.0
689.0,0.20743343234062195,0.20743343234062195,0.016786687076091766,0.01054164208471775,0.0029024917166680098,10.0,1.0,10.0
690.0,0.20739777386188507,0.20739777386188507,0.016782721504569054,0.010546784847974777,0.002902376465499401,10.0,1.0,10.0
691.0,0.20736201107501984,0.20736201107501984,0.016778741031885147,0.010551968589425087,0.002902263542637229,10.0,1.0,10.0
692.0,0.2073262631893158,0.2073262631893158,0.016774754971265793,0.010557195171713829,0.002902151085436344,10.0,1.0,10.0
693.0,0.20729056000709534,0.20729056000709534,0.01677076704800129,0.010562477633357048,0.0029020411893725395,10.0,1.0,10.0
694.0,0.2072545737028122,0.2072545737028122,0.0167667455971241,0.010567787103354931,0.0029019340872764587,10.0,1.0,10.0
695.0,0.20721879601478577,0.20721879601478577,0.016762737184762955,0.01057315245270729,0.0029018274508416653,10.0,1.0,10.0
696.0,0.2071828991174698,0.2071828991174698,0.016758710145950317,0.01057855412364006,0.0029017236083745956,10.0,1.0,10.0
697.0,0.20714694261550903,0.20714694261550903,0.016754671931266785,0.010583995841443539,0.002901622327044606,10.0,1.0,10.0
698.0,0.20711103081703186,0.20711103081703186,0.016750631853938103,0.010589469224214554,0.002901524305343628,10.0,1.0,10.0
699.0,0.20707497000694275,0.20707497000694275,0.01674656942486763,0.010594988241791725,0.002901428611949086,10.0,1.0,10.0
700.0,0.2070390284061432,0.2070390284061432,0.016742512583732605,0.010600551962852478,0.002901335246860981,10.0,1.0,10.0
701.0,0.20700296759605408,0.20700296759605408,0.01673843525350094,0.01060617808252573,0.002901242347434163,10.0,1.0,10.0
702.0,0.20696689188480377,0.20696689188480377,0.016734356060624123,0.010611818172037601,0.0029011517763137817,10.0,1.0,10.0
703.0,0.2069307267665863,0.2069307267665863,0.016730254516005516,0.010617518797516823,0.0029010651633143425,10.0,1.0,10.0
704.0,0.2068946212530136,0.2068946212530136,0.016726156696677208,0.01062324270606041,0.002900979947298765,10.0,1.0,10.0
705.0,0.20685847103595734,0.20685847103595734,0.016722047701478004,0.01062901969999075,0.0029008982237428427,10.0,1.0,10.0
706.0,0.2068222314119339,0.2068222314119339,0.016717921942472458,0.010634827427566051,0.0029008174315094948,10.0,1.0,10.0
707.0,0.2067861258983612,0.2067861258983612,0.016713807359337807,0.01064068078994751,0.0029007368721067905,10.0,1.0,10.0
708.0,0.2067498117685318,0.2067498117685318,0.016709664836525917,0.010646586306393147,0.00290065910667181,10.0,1.0,10.0
709.0,0.2067134529352188,0.2067134529352188,0.016705505549907684,0.010652534663677216,0.002900586696341634,10.0,1.0,10.0
710.0,0.20667725801467896,0.20667725801467896,0.016701357439160347,0.01065852027386427,0.0029005161486566067,10.0,1.0,10.0
711.0,0.20664097368717194,0.20664097368717194,0.016697194427251816,0.01066453568637371,0.0029004483949393034,10.0,1.0,10.0
712.0,0.2066044807434082,0.2066044807434082,0.016693003475666046,0.010670611634850502,0.002900382736697793,10.0,1.0,10.0
713.0,0.20656812191009521,0.20656812191009521,0.016688819974660873,0.010676718316972256,0.0029003203380852938,10.0,1.0,10.0
714.0,0.2065318375825882,0.2065318375825882,0.016684640198946,0.01068285945802927,0.0029002572409808636,10.0,1.0,10.0
715.0,0.20649541914463043,0.20649541914463043,0.016680438071489334,0.010689059272408485,0.002900197636336088,10.0,1.0,10.0
716.0,0.20645897090435028,0.20645897090435028,0.016676226630806923,0.010695306584239006,0.0029001401271671057,10.0,1.0,10.0
717.0,0.20642244815826416,0.20642244815826416,0.016672000288963318,0.010701579041779041,0.002900086808949709,10.0,1.0,10.0
718.0,0.20638597011566162,0.20638597011566162,0.016667768359184265,0.010707900859415531,0.0029000388458371162,10.0,1.0,10.0
719.0,0.2063494622707367,0.2063494622707367,0.016663530841469765,0.010714253410696983,0.002899991814047098,10.0,1.0,10.0
720.0,0.20631293952465057,0.20631293952465057,0.01665928214788437,0.010720647871494293,0.002899946179240942,10.0,1.0,10.0
721.0,0.20627637207508087,0.20627637207508087,0.016655024141073227,0.010727094486355782,0.002899903105571866,10.0,1.0,10.0
722.0,0.20623986423015594,0.20623986423015594,0.016650766134262085,0.010733596980571747,0.0028998597990721464,10.0,1.0,10.0
723.0,0.20620331168174744,0.20620331168174744,0.016646496951580048,0.010740142315626144,0.002899819752201438,10.0,1.0,10.0
724.0,0.20616662502288818,0.20616662502288818,0.01664220727980137,0.010746707208454609,0.0028997850604355335,10.0,1.0,10.0
725.0,0.20613011717796326,0.20613011717796326,0.016637926921248436,0.010753307491540909,0.0028997533954679966,10.0,1.0,10.0
726.0,0.20609353482723236,0.20609353482723236,0.01663363352417946,0.010759958997368813,0.00289972429163754,10.0,1.0,10.0
727.0,0.20605677366256714,0.20605677366256714,0.016629312187433243,0.010766666382551193,0.002899698680266738,10.0,1.0,10.0
728.0,0.20602020621299744,0.20602020621299744,0.01662500575184822,0.01077340543270111,0.002899674465879798,10.0,1.0,10.0
729.0,0.205983504652977,0.205983504652977,0.016620678827166557,0.010780186392366886,0.002899652812629938,10.0,1.0,10.0
730.0,0.20594677329063416,0.20594677329063416,0.016616344451904297,0.010787006467580795,0.0028996318578720093,10.0,1.0,10.0
731.0,0.20591004192829132,0.20591004192829132,0.01661200262606144,0.01079387217760086,0.00289961532689631,10.0,1.0,10.0
732.0,0.20587345957756042,0.20587345957756042,0.01660766452550888,0.010800774209201336,0.0028996027540415525,10.0,1.0,10.0
733.0,0.205836683511734,0.205836683511734,0.01660330593585968,0.010807711631059647,0.002899591578170657,10.0,1.0,10.0
734.0,0.20580005645751953,0.20580005645751953,0.01659894734621048,0.010814720764756203,0.0028995852917432785,10.0,1.0,10.0
735.0,0.20576323568820953,0.20576323568820953,0.016594568267464638,0.0108217503875494,0.0028995811007916927,10.0,1.0,10.0
736.0,0.20572657883167267,0.20572657883167267,0.016590194776654243,0.01082882471382618,0.0028995806351304054,10.0,1.0,10.0
737.0,0.20568986237049103,0.20568986237049103,0.016585811972618103,0.010835926048457623,0.0028995806351304054,10.0,1.0,10.0
738.0,0.20565316081047058,0.20565316081047058,0.016581425443291664,0.010843079537153244,0.0028995834290981293,10.0,1.0,10.0
739.0,0.2056163102388382,0.2056163102388382,0.016577012836933136,0.010850283317267895,0.0028995899483561516,10.0,1.0,10.0
740.0,0.205579474568367,0.205579474568367,0.01657259650528431,0.010857517831027508,0.0028995994944125414,10.0,1.0,10.0
741.0,0.20554286241531372,0.20554286241531372,0.016568193212151527,0.010864800773561,0.002899614628404379,10.0,1.0,10.0
742.0,0.2055060714483261,0.2055060714483261,0.016563765704631805,0.010872118175029755,0.0028996309265494347,10.0,1.0,10.0
743.0,0.20546923577785492,0.20546923577785492,0.016559327021241188,0.01087949052453041,0.002899648854508996,10.0,1.0,10.0
744.0,0.20543257892131805,0.20543257892131805,0.016554901376366615,0.01088688150048256,0.0028996693436056376,10.0,1.0,10.0
745.0,0.20539578795433044,0.20539578795433044,0.0165504552423954,0.010894319042563438,0.0028996935579925776,10.0,1.0,10.0
746.0,0.20535902678966522,0.20535902678966522,0.01654600352048874,0.010901784524321556,0.0028997210320085287,10.0,1.0,10.0
747.0,0.20532238483428955,0.20532238483428955,0.016541557386517525,0.010909316129982471,0.0028997501358389854,10.0,1.0,10.0
748.0,0.20528560876846313,0.20528560876846313,0.01653708890080452,0.010916887782514095,0.0028997831977903843,10.0,1.0,10.0
749.0,0.2052488625049591,0.2052488625049591,0.016532614827156067,0.010924500413239002,0.0028998206835240126,10.0,1.0,10.0
750.0,0.20521211624145508,0.20521211624145508,0.016528137028217316,0.010932132601737976,0.0028998618945479393,10.0,1.0,10.0
751.0,0.20517531037330627,0.20517531037330627,0.01652364432811737,0.010939820669591427,0.0028999047353863716,10.0,1.0,10.0
752.0,0.20513857901096344,0.20513857901096344,0.016519153490662575,0.01094754133373499,0.002899950835853815,10.0,1.0,10.0
753.0,0.20510190725326538,0.20510190725326538,0.01651466079056263,0.010955310426652431,0.0029000004287809134,10.0,1.0,10.0
754.0,0.20506522059440613,0.20506522059440613,0.016510160639882088,0.01096311490982771,0.0029000514186918736,10.0,1.0,10.0
755.0,0.2050284743309021,0.2050284743309021,0.016505643725395203,0.01097095850855112,0.002900106832385063,10.0,1.0,10.0
756.0,0.20499186217784882,0.20499186217784882,0.016501139849424362,0.01097883190959692,0.0029001617804169655,10.0,1.0,10.0
757.0,0.2049551010131836,0.2049551010131836,0.016496609896421432,0.010986763052642345,0.0029002237133681774,10.0,1.0,10.0
758.0,0.20491845905780792,0.20491845905780792,0.01649208925664425,0.010994709096848965,0.002900286577641964,10.0,1.0,10.0
759.0,0.20488184690475464,0.20488184690475464,0.01648755930364132,0.011002701707184315,0.002900354564189911,10.0,1.0,10.0
760.0,0.20484519004821777,0.20484519004821777,0.016483021900057793,0.011010736227035522,0.0029004234820604324,10.0,1.0,10.0
761.0,0.20480859279632568,0.20480859279632568,0.016478480771183968,0.011018832214176655,0.0029004965908825397,10.0,1.0,10.0
762.0,0.2047720104455948,0.2047720104455948,0.016473934054374695,0.011026945896446705,0.002900572493672371,10.0,1.0,10.0
763.0,0.20473532378673553,0.20473532378673553,0.01646936871111393,0.011035098694264889,0.002900654450058937,10.0,1.0,10.0
764.0,0.20469880104064941,0.20469880104064941,0.01646481454372406,0.011043279431760311,0.002900737337768078,10.0,1.0,10.0
765.0,0.20466221868991852,0.20466221868991852,0.016460247337818146,0.011051509529352188,0.0029008241835981607,10.0,1.0,10.0
766.0,0.2046256959438324,0.2046256959438324,0.016455678269267082,0.011059784330427647,0.002900911495089531,10.0,1.0,10.0
767.0,0.20458926260471344,0.20458926260471344,0.016451114788651466,0.011068090796470642,0.002901002299040556,10.0,1.0,10.0
768.0,0.20455271005630493,0.20455271005630493,0.01644652895629406,0.011076437309384346,0.0029010982252657413,10.0,1.0,10.0
769.0,0.2045162469148636,0.2045162469148636,0.01644194684922695,0.011084802448749542,0.002901197411119938,10.0,1.0,10.0
770.0,0.20447975397109985,0.20447975397109985,0.016437355428934097,0.011093217879533768,0.002901298925280571,10.0,1.0,10.0
771.0,0.20444343984127045,0.20444343984127045,0.01643277145922184,0.011101674288511276,0.002901405096054077,10.0,1.0,10.0
772.0,0.20440702140331268,0.20440702140331268,0.01642817258834839,0.011110171675682068,0.0029015126638114452,10.0,1.0,10.0
773.0,0.20437069237232208,0.20437069237232208,0.016423577442765236,0.011118695139884949,0.002901622327044606,10.0,1.0,10.0
774.0,0.20433436334133148,0.20433436334133148,0.016418976709246635,0.011127250269055367,0.0029017345514148474,10.0,1.0,10.0
775.0,0.2042980045080185,0.2042980045080185,0.01641436479985714,0.011135839857161045,0.002901851199567318,10.0,1.0,10.0
776.0,0.20426179468631744,0.20426179468631744,0.01640976406633854,0.01114447321742773,0.002901968779042363,10.0,1.0,10.0
777.0,0.2042255699634552,0.2042255699634552,0.016405152156949043,0.011153144761919975,0.002902090782299638,10.0,1.0,10.0
778.0,0.20418938994407654,0.20418938994407654,0.01640053652226925,0.011161845177412033,0.002902216976508498,10.0,1.0,10.0
779.0,0.2041531354188919,0.2041531354188919,0.01639590784907341,0.0111705856397748,0.0029023464303463697,10.0,1.0,10.0
780.0,0.20411694049835205,0.20411694049835205,0.01639128103852272,0.011179349385201931,0.002902478910982609,10.0,1.0,10.0
781.0,0.20408090949058533,0.20408090949058533,0.016386661678552628,0.011188151314854622,0.0029026158154010773,10.0,1.0,10.0
782.0,0.20404477417469025,0.20404477417469025,0.016382021829485893,0.011196999810636044,0.0029027550481259823,10.0,1.0,10.0
783.0,0.20400883257389069,0.20400883257389069,0.016377396881580353,0.011205890215933323,0.002902897307649255,10.0,1.0,10.0
784.0,0.20397281646728516,0.20397281646728516,0.016372758895158768,0.011214806698262691,0.002903042593970895,10.0,1.0,10.0
785.0,0.20393690466880798,0.20393690466880798,0.01636812463402748,0.011223750188946724,0.0029031909070909023,10.0,1.0,10.0
786.0,0.20390093326568604,0.20390093326568604,0.01636347733438015,0.011232726275920868,0.002903342479839921,10.0,1.0,10.0
787.0,0.20386499166488647,0.20386499166488647,0.01635883003473282,0.011241719126701355,0.00290349661372602,10.0,1.0,10.0
788.0,0.20382927358150482,0.20382927358150482,0.01635419949889183,0.011250755749642849,0.0029036523774266243,10.0,1.0,10.0
789.0,0.2037934809923172,0.2037934809923172,0.01634955406188965,0.011259843595325947,0.0029038095381110907,10.0,1.0,10.0
790.0,0.20375770330429077,0.20375770330429077,0.01634490303695202,0.011268953792750835,0.0029039704240858555,10.0,1.0,10.0
791.0,0.2037220448255539,0.2037220448255539,0.016340265050530434,0.011278067715466022,0.002904134104028344,10.0,1.0,10.0
792.0,0.20368634164333344,0.20368634164333344,0.016335608437657356,0.011287234723567963,0.002904303604736924,10.0,1.0,10.0
793.0,0.2036508023738861,0.2036508023738861,0.016330963000655174,0.011296425014734268,0.0029044747352600098,10.0,1.0,10.0
794.0,0.20361509919166565,0.20361509919166565,0.0163262952119112,0.011305656284093857,0.002904648892581463,10.0,1.0,10.0
795.0,0.20357976853847504,0.20357976853847504,0.016321659088134766,0.011314921081066132,0.0029048246797174215,10.0,1.0,10.0
796.0,0.2035442739725113,0.2035442739725113,0.01631700061261654,0.011324213817715645,0.002905004657804966,10.0,1.0,10.0
797.0,0.20350885391235352,0.20350885391235352,0.016312342137098312,0.011333536356687546,0.002905188361182809,10.0,1.0,10.0
798.0,0.20347347855567932,0.20347347855567932,0.016307683661580086,0.011342894285917282,0.0029053755570203066,10.0,1.0,10.0
799.0,0.20343808829784393,0.20343808829784393,0.016303017735481262,0.011352276429533958,0.0029055639170110226,10.0,1.0,10.0
800.0,0.20340293645858765,0.20340293645858765,0.01629837043583393,0.011361666955053806,0.0029057562351226807,10.0,1.0,10.0
801.0,0.20336773991584778,0.20336773991584778,0.016293711960315704,0.011371099390089512,0.0029059508815407753,10.0,1.0,10.0
802.0,0.20333260297775269,0.20333260297775269,0.016289057210087776,0.011380566284060478,0.0029061459936201572,10.0,1.0,10.0
803.0,0.203297421336174,0.203297421336174,0.016284391283988953,0.011390060186386108,0.002906345296651125,10.0,1.0,10.0
804.0,0.20326247811317444,0.20326247811317444,0.01627974584698677,0.011399573646485806,0.0029065455310046673,10.0,1.0,10.0
805.0,0.20322756469249725,0.20322756469249725,0.01627509668469429,0.01140911877155304,0.002906748093664646,10.0,1.0,10.0
806.0,0.20319265127182007,0.20319265127182007,0.016270440071821213,0.011418680660426617,0.0029069550801068544,10.0,1.0,10.0
807.0,0.20315776765346527,0.20315776765346527,0.016265783458948135,0.011428281664848328,0.0029071662575006485,10.0,1.0,10.0
808.0,0.20312292873859406,0.20312292873859406,0.01626112312078476,0.011437900364398956,0.002907378599047661,10.0,1.0,10.0
809.0,0.2030882090330124,0.2030882090330124,0.01625647023320198,0.011447558179497719,0.002907595131546259,10.0,1.0,10.0
810.0,0.2030535340309143,0.2030535340309143,0.0162518173456192,0.011457227170467377,0.002907813061028719,10.0,1.0,10.0
811.0,0.20301887392997742,0.20301887392997742,0.016247162595391273,0.011466923169791698,0.002908032387495041,10.0,1.0,10.0
812.0,0.20298436284065247,0.20298436284065247,0.01624251902103424,0.011476641520857811,0.002908253576606512,10.0,1.0,10.0
813.0,0.2029498666524887,0.2029498666524887,0.01623787172138691,0.011486383154988289,0.0029084773268550634,10.0,1.0,10.0
814.0,0.2029155045747757,0.2029155045747757,0.016233226284384727,0.011496172286570072,0.0029087066650390625,10.0,1.0,10.0
815.0,0.2028810977935791,0.2028810977935791,0.016228578984737396,0.011505966074764729,0.002908935071900487,10.0,1.0,10.0
816.0,0.20284679532051086,0.20284679532051086,0.016223933547735214,0.011515777558088303,0.002909167669713497,10.0,1.0,10.0
817.0,0.20281264185905457,0.20281264185905457,0.016219299286603928,0.011525612324476242,0.0029094028286635876,10.0,1.0,10.0
818.0,0.20277850329875946,0.20277850329875946,0.01621466502547264,0.011535456404089928,0.0029096389189362526,10.0,1.0,10.0
819.0,0.20274443924427032,0.20274443924427032,0.016210034489631653,0.011545341461896896,0.0029098750092089176,10.0,1.0,10.0
820.0,0.2027103751897812,0.2027103751897812,0.016205398365855217,0.011555241420865059,0.002910114359110594,10.0,1.0,10.0
821.0,0.20267638564109802,0.20267638564109802,0.01620076596736908,0.011565165594220161,0.002910356968641281,10.0,1.0,10.0
822.0,0.20264258980751038,0.20264258980751038,0.016196144744753838,0.011575121432542801,0.0029106021393090487,10.0,1.0,10.0
823.0,0.20260873436927795,0.20260873436927795,0.01619151420891285,0.01158507913351059,0.00291085266508162,10.0,1.0,10.0
824.0,0.20257502794265747,0.20257502794265747,0.016186896711587906,0.011595058254897594,0.002911101095378399,10.0,1.0,10.0
825.0,0.2025412917137146,0.2025412917137146,0.016182273626327515,0.011605038307607174,0.0029113516211509705,10.0,1.0,10.0
826.0,0.20250782370567322,0.20250782370567322,0.016177669167518616,0.011615072377026081,0.0029116058722138405,10.0,1.0,10.0
827.0,0.20247429609298706,0.20247429609298706,0.01617305725812912,0.011625118553638458,0.0029118594247847795,10.0,1.0,10.0
828.0,0.20244084298610687,0.20244084298610687,0.01616845466196537,0.011635168455541134,0.002912113443017006,10.0,1.0,10.0
829.0,0.20240746438503265,0.20240746438503265,0.01616385392844677,0.011645215563476086,0.0029123711865395308,10.0,1.0,10.0
830.0,0.20237413048744202,0.20237413048744202,0.01615924946963787,0.011655311100184917,0.0029126317240297794,10.0,1.0,10.0
831.0,0.2023410052061081,0.2023410052061081,0.016154663637280464,0.011665414087474346,0.0029128952883183956,10.0,1.0,10.0
832.0,0.20230786502361298,0.20230786502361298,0.01615007594227791,0.011675532907247543,0.0029131576884537935,10.0,1.0,10.0
833.0,0.20227475464344025,0.20227475464344025,0.016145484521985054,0.011685668490827084,0.002913424279540777,10.0,1.0,10.0
834.0,0.20224177837371826,0.20224177837371826,0.016140908002853394,0.01169581525027752,0.0029136885423213243,10.0,1.0,10.0
835.0,0.20220886170864105,0.20220886170864105,0.016136331483721733,0.011705974116921425,0.002913955831900239,10.0,1.0,10.0
836.0,0.20217594504356384,0.20217594504356384,0.016131753101944923,0.011716160923242569,0.0029142266139388084,10.0,1.0,10.0
837.0,0.20214317739009857,0.20214317739009857,0.01612718775868416,0.011726340278983116,0.0029144976288080215,10.0,1.0,10.0
838.0,0.20211055874824524,0.20211055874824524,0.01612263172864914,0.011736542917788029,0.0029147700406610966,10.0,1.0,10.0
839.0,0.2020779848098755,0.2020779848098755,0.01611807942390442,0.011746746487915516,0.002915043383836746,10.0,1.0,10.0
840.0,0.2020455151796341,0.2020455151796341,0.016113538295030594,0.011756968684494495,0.002915316727012396,10.0,1.0,10.0
841.0,0.20201309025287628,0.20201309025287628,0.01610899716615677,0.01176721416413784,0.0029155907686799765,10.0,1.0,10.0
842.0,0.2019805759191513,0.2019805759191513,0.01610444486141205,0.01177746057510376,0.0029158666729927063,10.0,1.0,10.0
843.0,0.2019483894109726,0.2019483894109726,0.016099924221634865,0.011787712574005127,0.0029161437414586544,10.0,1.0,10.0
844.0,0.2019161731004715,0.2019161731004715,0.016095394268631935,0.011797990649938583,0.0029164236038923264,10.0,1.0,10.0
845.0,0.20188401639461517,0.20188401639461517,0.016090871766209602,0.011808252893388271,0.0029167053289711475,10.0,1.0,10.0
846.0,0.2018519639968872,0.2018519639968872,0.016086358577013016,0.011818534694612026,0.0029169865883886814,10.0,1.0,10.0
847.0,0.2018200308084488,0.2018200308084488,0.016081850975751877,0.01182883232831955,0.0029172669164836407,10.0,1.0,10.0
848.0,0.20178817212581635,0.20178817212581635,0.016077356413006783,0.01183914951980114,0.002917546546086669,10.0,1.0,10.0
849.0,0.2017563134431839,0.2017563134431839,0.01607285812497139,0.011849460192024708,0.002917827572673559,10.0,1.0,10.0
850.0,0.2017245590686798,0.2017245590686798,0.016068365424871445,0.011859767138957977,0.002918112324550748,10.0,1.0,10.0
851.0,0.20169299840927124,0.20169299840927124,0.01606389321386814,0.011870074085891247,0.0029184005688875914,10.0,1.0,10.0
852.0,0.20166140794754028,0.20166140794754028,0.01605941727757454,0.01188039593398571,0.0029186848551034927,10.0,1.0,10.0
853.0,0.2016298621892929,0.2016298621892929,0.016054945066571236,0.011890744790434837,0.002918967744335532,10.0,1.0,10.0
854.0,0.20159851014614105,0.20159851014614105,0.016050491482019424,0.011901088990271091,0.0029192513320595026,10.0,1.0,10.0
855.0,0.20156723260879517,0.20156723260879517,0.01604604348540306,0.011911431327462196,0.0029195351526141167,10.0,1.0,10.0
856.0,0.20153604447841644,0.20153604447841644,0.016041604802012444,0.011921770870685577,0.0029198219999670982,10.0,1.0,10.0
857.0,0.20150485634803772,0.20150485634803772,0.016037166118621826,0.011932097375392914,0.002920108614489436,10.0,1.0,10.0
858.0,0.20147386193275452,0.20147386193275452,0.0160327460616827,0.01194244809448719,0.0029203956946730614,10.0,1.0,10.0
859.0,0.20144273340702057,0.20144273340702057,0.016028311103582382,0.011952821165323257,0.0029206799808889627,10.0,1.0,10.0
860.0,0.2014118880033493,0.2014118880033493,0.016023904085159302,0.011963183991611004,0.0029209654312580824,10.0,1.0,10.0
861.0,0.20138099789619446,0.20138099789619446,0.01601949706673622,0.011973530985414982,0.0029212506487965584,10.0,1.0,10.0
862.0,0.20135024189949036,0.20135024189949036,0.016015103086829185,0.011983874253928661,0.0029215337708592415,10.0,1.0,10.0
863.0,0.20131956040859222,0.20131956040859222,0.016010712832212448,0.01199424546211958,0.002921818057075143,10.0,1.0,10.0
864.0,0.20128899812698364,0.20128899812698364,0.016006333753466606,0.012004612945020199,0.0029221046715974808,10.0,1.0,10.0
865.0,0.20125852525234222,0.20125852525234222,0.01600196771323681,0.012014960870146751,0.0029223894234746695,10.0,1.0,10.0
866.0,0.20122811198234558,0.20122811198234558,0.01599760539829731,0.012025312520563602,0.0029226751066744328,10.0,1.0,10.0
867.0,0.20119772851467133,0.20119772851467133,0.01599324867129326,0.012035645544528961,0.0029229591600596905,10.0,1.0,10.0
868.0,0.20116740465164185,0.20116740465164185,0.015988897532224655,0.012046012096107006,0.002923241350799799,10.0,1.0,10.0
869.0,0.2011372447013855,0.2011372447013855,0.015984563156962395,0.012056375853717327,0.00292352307587862,10.0,1.0,10.0
870.0,0.20110702514648438,0.20110702514648438,0.015980228781700134,0.012066724710166454,0.0029238013084977865,10.0,1.0,10.0
871.0,0.20107710361480713,0.20107710361480713,0.015975920483469963,0.012077059596776962,0.0029240830335766077,10.0,1.0,10.0
872.0,0.20104697346687317,0.20104697346687317,0.01597159542143345,0.012087376788258553,0.0029243642929941416,10.0,1.0,10.0
873.0,0.20101714134216309,0.20101714134216309,0.015967298299074173,0.012097717262804508,0.002924644388258457,10.0,1.0,10.0
874.0,0.2009872943162918,0.2009872943162918,0.015963003039360046,0.012108057737350464,0.002924920991063118,10.0,1.0,10.0
875.0,0.20095762610435486,0.20095762610435486,0.015958726406097412,0.012118392623960972,0.002925196895375848,10.0,1.0,10.0
876.0,0.2009280025959015,0.2009280025959015,0.015954459086060524,0.012128700502216816,0.002925472566857934,10.0,1.0,10.0
877.0,0.20089834928512573,0.20089834928512573,0.015950188040733337,0.012139001861214638,0.0029257461428642273,10.0,1.0,10.0
878.0,0.2008688896894455,0.2008688896894455,0.01594594120979309,0.012149293906986713,0.0029260185547173023,10.0,1.0,10.0
879.0,0.20083937048912048,0.20083937048912048,0.015941686928272247,0.01215959619730711,0.0029262900352478027,10.0,1.0,10.0
880.0,0.2008100152015686,0.2008100152015686,0.015937451273202896,0.012169914320111275,0.0029265591874718666,10.0,1.0,10.0
881.0,0.20078083872795105,0.20078083872795105,0.015933237969875336,0.012180186808109283,0.002926827175542712,10.0,1.0,10.0
882.0,0.20075151324272156,0.20075151324272156,0.01592901349067688,0.012190437875688076,0.0029270946979522705,10.0,1.0,10.0
883.0,0.2007223665714264,0.2007223665714264,0.015924809500575066,0.012200681492686272,0.002927358727902174,10.0,1.0,10.0
884.0,0.2006933093070984,0.2006933093070984,0.015920618548989296,0.012210946530103683,0.002927618334069848,10.0,1.0,10.0
885.0,0.2006642371416092,0.2006642371416092,0.01591642200946808,0.012221226468682289,0.0029278781730681658,10.0,1.0,10.0
886.0,0.2006353735923767,0.2006353735923767,0.0159122534096241,0.012231457978487015,0.0029281387105584145,10.0,1.0,10.0
887.0,0.20060652494430542,0.20060652494430542,0.01590808853507042,0.012241647578775883,0.002928399248048663,10.0,1.0,10.0
888.0,0.2005777657032013,0.2005777657032013,0.015903934836387634,0.01225183717906475,0.0029286579228937626,10.0,1.0,10.0
889.0,0.20054905116558075,0.20054905116558075,0.015899788588285446,0.012262064032256603,0.002928909845650196,10.0,1.0,10.0
890.0,0.20052027702331543,0.20052027702331543,0.015895642340183258,0.012272290885448456,0.002929156180471182,10.0,1.0,10.0
891.0,0.20049168169498444,0.20049168169498444,0.01589152030646801,0.012282450683414936,0.002929402980953455,10.0,1.0,10.0
892.0,0.2004631906747818,0.2004631906747818,0.015887411311268806,0.012292586266994476,0.0029296507127583027,10.0,1.0,10.0
893.0,0.20043468475341797,0.20043468475341797,0.015883296728134155,0.012302739545702934,0.0029298977460712194,10.0,1.0,10.0
894.0,0.20040631294250488,0.20040631294250488,0.015879202634096146,0.012312890030443668,0.002930140122771263,10.0,1.0,10.0
895.0,0.20037800073623657,0.20037800073623657,0.01587512157857418,0.012323016300797462,0.002930375514551997,10.0,1.0,10.0
896.0,0.20034964382648468,0.20034964382648468,0.015871042385697365,0.012333115562796593,0.0029306109063327312,10.0,1.0,10.0
897.0,0.2003215104341507,0.2003215104341507,0.01586698740720749,0.012343195267021656,0.002930843736976385,10.0,1.0,10.0
898.0,0.2002934068441391,0.2002934068441391,0.01586293801665306,0.012353281490504742,0.0029310728423297405,10.0,1.0,10.0
899.0,0.20026521384716034,0.20026521384716034,0.015858884900808334,0.012363353744149208,0.0029313000850379467,10.0,1.0,10.0
900.0,0.2002372443675995,0.2002372443675995,0.015854855999350548,0.012373415753245354,0.002931525930762291,10.0,1.0,10.0
901.0,0.20020930469036102,0.20020930469036102,0.015850838273763657,0.012383442372083664,0.002931747352704406,10.0,1.0,10.0
902.0,0.20018132030963898,0.20018132030963898,0.015846822410821915,0.012393434531986713,0.0029319669120013714,10.0,1.0,10.0
903.0,0.20015335083007812,0.20015335083007812,0.01584281399846077,0.012403429485857487,0.0029321787878870964,10.0,1.0,10.0
904.0,0.20012563467025757,0.20012563467025757,0.015838831663131714,0.012413425371050835,0.0029323892667889595,10.0,1.0,10.0
905.0,0.200097918510437,0.200097918510437,0.015834856778383255,0.01242341659963131,0.002932594623416662,10.0,1.0,10.0
906.0,0.20007024705410004,0.20007024705410004,0.015830889344215393,0.012433343566954136,0.0029328009113669395,10.0,1.0,10.0
907.0,0.20004254579544067,0.20004254579544067,0.01582692191004753,0.012443266808986664,0.002933005103841424,10.0,1.0,10.0
908.0,0.20001497864723206,0.20001497864723206,0.01582297310233116,0.012453178875148296,0.00293320557102561,10.0,1.0,10.0
909.0,0.1999875009059906,0.1999875009059906,0.015819042921066284,0.012463077902793884,0.0029333988204598427,10.0,1.0,10.0
910.0,0.19995996356010437,0.19995996356010437,0.015815110877156258,0.012472957372665405,0.002933589508756995,10.0,1.0,10.0
911.0,0.1999325305223465,0.1999325305223465,0.015811195597052574,0.012482816353440285,0.0029337750747799873,10.0,1.0,10.0
912.0,0.1999051570892334,0.1999051570892334,0.015807291492819786,0.01249266043305397,0.002933957614004612,10.0,1.0,10.0
913.0,0.1998777687549591,0.1998777687549591,0.015803391113877296,0.012502498924732208,0.0029341368936002254,10.0,1.0,10.0
914.0,0.19985051453113556,0.19985051453113556,0.0157995093613863,0.012512272223830223,0.0029343157075345516,10.0,1.0,10.0
915.0,0.19982317090034485,0.19982317090034485,0.015795622020959854,0.012522054836153984,0.0029344900976866484,10.0,1.0,10.0
916.0,0.19979605078697205,0.19979605078697205,0.015791766345500946,0.012531830929219723,0.0029346556402742863,10.0,1.0,10.0
917.0,0.19976890087127686,0.19976890087127686,0.015787910670042038,0.012541591189801693,0.0029348190873861313,10.0,1.0,10.0
918.0,0.19974178075790405,0.19974178075790405,0.015784069895744324,0.012551307678222656,0.0029349778778851032,10.0,1.0,10.0
919.0,0.19971470534801483,0.19971470534801483,0.015780236572027206,0.012560991570353508,0.0029351338744163513,10.0,1.0,10.0
920.0,0.19968757033348083,0.19968757033348083,0.01577640324831009,0.012570690363645554,0.0029352852143347263,10.0,1.0,10.0
921.0,0.19966062903404236,0.19966062903404236,0.01577259786427021,0.012580342590808868,0.00293543073348701,10.0,1.0,10.0
922.0,0.1996336579322815,0.1996336579322815,0.01576879248023033,0.012590000405907631,0.002935571363195777,10.0,1.0,10.0
923.0,0.19960671663284302,0.19960671663284302,0.015765000134706497,0.012599611654877663,0.0029357108287513256,10.0,1.0,10.0
924.0,0.19957983493804932,0.19957983493804932,0.01576121896505356,0.012609199620783329,0.002935845172032714,10.0,1.0,10.0
925.0,0.19955302774906158,0.19955302774906158,0.015757452696561813,0.012618779204785824,0.0029359713662415743,10.0,1.0,10.0
926.0,0.19952619075775146,0.19952619075775146,0.015753688290715218,0.012628357857465744,0.0029360949993133545,10.0,1.0,10.0
927.0,0.19949938356876373,0.19949938356876373,0.015749933198094368,0.012637907639145851,0.0029362139757722616,10.0,1.0,10.0
928.0,0.19947272539138794,0.19947272539138794,0.01574620045721531,0.012647408992052078,0.0029363310895860195,10.0,1.0,10.0
929.0,0.19944584369659424,0.19944584369659424,0.015742450952529907,0.012656902894377708,0.0029364442452788353,10.0,1.0,10.0
930.0,0.19941921532154083,0.19941921532154083,0.01573873497545719,0.012666378170251846,0.002936549251899123,10.0,1.0,10.0
931.0,0.19939261674880981,0.19939261674880981,0.015735028311610222,0.012675851583480835,0.002936648204922676,10.0,1.0,10.0
932.0,0.19936603307724,0.19936603307724,0.015731330960989,0.012685292400419712,0.0029367422685027122,10.0,1.0,10.0
933.0,0.199339359998703,0.199339359998703,0.015727629885077477,0.012694700621068478,0.0029368356335908175,10.0,1.0,10.0
934.0,0.1993127316236496,0.1993127316236496,0.01572394371032715,0.012704082764685154,0.0029369210824370384,10.0,1.0,10.0
935.0,0.19928617775440216,0.19928617775440216,0.015720270574092865,0.012713448144495487,0.00293700210750103,10.0,1.0,10.0
936.0,0.19925963878631592,0.19925963878631592,0.01571660488843918,0.012722820974886417,0.002937076147645712,10.0,1.0,10.0
937.0,0.1992332488298416,0.1992332488298416,0.015712963417172432,0.012732158415019512,0.0029371457640081644,10.0,1.0,10.0
938.0,0.19920669496059418,0.19920669496059418,0.01570931449532509,0.012741445563733578,0.002937211422249675,10.0,1.0,10.0
939.0,0.19918017089366913,0.19918017089366913,0.015705673024058342,0.012750724330544472,0.00293727102689445,10.0,1.0,10.0
940.0,0.19915378093719482,0.19915378093719482,0.015702050179243088,0.012759996578097343,0.0029373266734182835,10.0,1.0,10.0
941.0,0.1991274058818817,0.1991274058818817,0.015698440372943878,0.012769256718456745,0.002937375335022807,10.0,1.0,10.0
942.0,0.19910092651844025,0.19910092651844025,0.015694821253418922,0.01277849916368723,0.0029374209698289633,10.0,1.0,10.0
943.0,0.19907447695732117,0.19907447695732117,0.01569121889770031,0.012787692248821259,0.002937460783869028,10.0,1.0,10.0
944.0,0.19904811680316925,0.19904811680316925,0.015687627717852592,0.012796874158084393,0.002937495242804289,10.0,1.0,10.0
945.0,0.1990218311548233,0.1990218311548233,0.015684055164456367,0.012806039303541183,0.0029375236481428146,10.0,1.0,10.0
946.0,0.1989954710006714,0.1989954710006714,0.015680484473705292,0.012815196998417377,0.002937543671578169,10.0,1.0,10.0
947.0,0.1989690661430359,0.1989690661430359,0.015676915645599365,0.012824324890971184,0.0029375588055700064,10.0,1.0,10.0
948.0,0.19894278049468994,0.19894278049468994,0.01567336544394493,0.012833421118557453,0.0029375706799328327,10.0,1.0,10.0
949.0,0.1989164501428604,0.1989164501428604,0.015669815242290497,0.012842502444982529,0.0029375797603279352,10.0,1.0,10.0
950.0,0.19889022409915924,0.19889022409915924,0.015666285529732704,0.012851584702730179,0.0029375795274972916,10.0,1.0,10.0
951.0,0.1988638937473297,0.1988638937473297,0.015662752091884613,0.012860644608736038,0.0029375737067312002,10.0,1.0,10.0
952.0,0.19883756339550018,0.19883756339550018,0.015659227967262268,0.012869656085968018,0.0029375627636909485,10.0,1.0,10.0
953.0,0.1988113969564438,0.1988113969564438,0.015655726194381714,0.012878654524683952,0.0029375473968684673,10.0,1.0,10.0
954.0,0.1987849920988083,0.1987849920988083,0.015652209520339966,0.012887663207948208,0.0029375243466347456,10.0,1.0,10.0
955.0,0.1987588107585907,0.1987588107585907,0.015648718923330307,0.012896651402115822,0.0029374961741268635,10.0,1.0,10.0
956.0,0.19873249530792236,0.19873249530792236,0.0156452264636755,0.012905606999993324,0.00293746218085289,10.0,1.0,10.0
957.0,0.19870620965957642,0.19870620965957642,0.015641747042536736,0.012914525344967842,0.0029374216683208942,10.0,1.0,10.0
958.0,0.19867995381355286,0.19867995381355286,0.01563827320933342,0.012923456728458405,0.002937376033514738,10.0,1.0,10.0
959.0,0.1986537128686905,0.1986537128686905,0.015634810552001,0.012932353653013706,0.0029373248107731342,10.0,1.0,10.0
960.0,0.19862741231918335,0.19862741231918335,0.01563134975731373,0.012941245920956135,0.002937267068773508,10.0,1.0,10.0
961.0,0.19860109686851501,0.19860109686851501,0.015627892687916756,0.012950126081705093,0.002937204437330365,10.0,1.0,10.0
962.0,0.19857490062713623,0.19857490062713623,0.015624457038939,0.01295896153897047,0.002937137149274349,10.0,1.0,10.0
963.0,0.19854867458343506,0.19854867458343506,0.01562102697789669,0.012967797927558422,0.0029370607808232307,10.0,1.0,10.0
964.0,0.19852235913276672,0.19852235913276672,0.01561759039759636,0.012976638972759247,0.002936979290097952,10.0,1.0,10.0
965.0,0.1984960436820984,0.1984960436820984,0.015614168718457222,0.01298543345183134,0.0029368926770985126,10.0,1.0,10.0
966.0,0.19846975803375244,0.19846975803375244,0.015610756352543831,0.012994225136935711,0.002936797682195902,10.0,1.0,10.0
967.0,0.1984434723854065,0.1984434723854065,0.015607348643243313,0.013003009371459484,0.002936698030680418,10.0,1.0,10.0
968.0,0.19841720163822174,0.19841720163822174,0.015603950247168541,0.013011761009693146,0.0029365946538746357,10.0,1.0,10.0
969.0,0.1983909010887146,0.1983909010887146,0.015600556507706642,0.013020503334701061,0.002936484757810831,10.0,1.0,10.0
970.0,0.19836454093456268,0.19836454093456268,0.015597160905599594,0.013029243797063828,0.002936367876827717,10.0,1.0,10.0
971.0,0.19833829998970032,0.19833829998970032,0.015593784861266613,0.01303798146545887,0.002936246572062373,10.0,1.0,10.0
972.0,0.19831189513206482,0.19831189513206482,0.015590403228998184,0.013046692125499249,0.0029361166525632143,10.0,1.0,10.0
973.0,0.1982855647802353,0.1982855647802353,0.015587035566568375,0.013055391609668732,0.0029359834734350443,10.0,1.0,10.0
974.0,0.19825930893421173,0.19825930893421173,0.01558368094265461,0.013064063154160976,0.0029358447063714266,10.0,1.0,10.0
975.0,0.19823282957077026,0.19823282957077026,0.015580312348902225,0.013072729110717773,0.0029356975574046373,10.0,1.0,10.0
976.0,0.19820645451545715,0.19820645451545715,0.015576964244246483,0.013081398792564869,0.002935540396720171,10.0,1.0,10.0
977.0,0.19818003475666046,0.19818003475666046,0.01557361613959074,0.013090069405734539,0.002935380209237337,10.0,1.0,10.0
978.0,0.19815367460250854,0.19815367460250854,0.01557028479874134,0.013098685070872307,0.0029352151323109865,10.0,1.0,10.0
979.0,0.19812723994255066,0.19812723994255066,0.015566949732601643,0.013107298873364925,0.002935044700279832,10.0,1.0,10.0
980.0,0.198100745677948,0.198100745677948,0.01556361373513937,0.01311592385172844,0.002934868447482586,10.0,1.0,10.0
981.0,0.19807429611682892,0.19807429611682892,0.015560291707515717,0.0131245581433177,0.0029346828814595938,10.0,1.0,10.0
982.0,0.19804783165454865,0.19804783165454865,0.01555697526782751,0.013133158907294273,0.0029344933573156595,10.0,1.0,10.0
983.0,0.19802133738994598,0.19802133738994598,0.015553658828139305,0.013141748495399952,0.002934299409389496,10.0,1.0,10.0
984.0,0.19799484312534332,0.19799484312534332,0.015550350770354271,0.013150332495570183,0.0029340991750359535,10.0,1.0,10.0
985.0,0.19796818494796753,0.19796818494796753,0.015547036193311214,0.013158912770450115,0.002933891024440527,10.0,1.0,10.0
986.0,0.1979416310787201,0.1979416310787201,0.015543734654784203,0.013167508877813816,0.0029336761217564344,10.0,1.0,10.0
987.0,0.19791512191295624,0.19791512191295624,0.015540450811386108,0.013176068663597107,0.002933454466983676,10.0,1.0,10.0
988.0,0.19788849353790283,0.19788849353790283,0.015537160448729992,0.013184607028961182,0.0029332279227674007,10.0,1.0,10.0
989.0,0.19786196947097778,0.19786196947097778,0.015533885918557644,0.0131931621581316,0.0029329960234463215,10.0,1.0,10.0
990.0,0.19783514738082886,0.19783514738082886,0.015530587173998356,0.013201718218624592,0.0029327557422220707,10.0,1.0,10.0
991.0,0.19780854880809784,0.19780854880809784,0.015527313575148582,0.013210277073085308,0.0029325122013688087,10.0,1.0,10.0
992.0,0.1977817416191101,0.1977817416191101,0.015524029731750488,0.013218815438449383,0.002932261675596237,10.0,1.0,10.0
993.0,0.19775505363941193,0.19775505363941193,0.015520763583481312,0.01322735846042633,0.0029320060275495052,10.0,1.0,10.0
994.0,0.1977282613515854,0.1977282613515854,0.015517493709921837,0.013235892169177532,0.0029317429289221764,10.0,1.0,10.0
995.0,0.19770154356956482,0.19770154356956482,0.01551423966884613,0.013244426809251308,0.002931473311036825,10.0,1.0,10.0
996.0,0.19767479598522186,0.19767479598522186,0.0155109828338027,0.013252967968583107,0.0029311999678611755,10.0,1.0,10.0
997.0,0.1976478099822998,0.1976478099822998,0.015507711097598076,0.013261505402624607,0.0029309182427823544,10.0,1.0,10.0
998.0,0.19762100279331207,0.19762100279331207,0.015504465438425541,0.013270040042698383,0.0029306309297680855,10.0,1.0,10.0
999.0,0.1975940763950348,0.1975940763950348,0.015501214191317558,0.013278549537062645,0.002930339192971587,10.0,1.0,10.0
1000.0,0.1975671499967575,0.1975671499967575,0.015497969463467598,0.0132870739325881,0.00293003860861063,10.0,1.0,10.0
1001.0,0.19754016399383545,0.19754016399383545,0.015494723804295063,0.013295624405145645,0.0029297303408384323,10.0,1.0,10.0
1002.0,0.197513148188591,0.197513148188591,0.015491479076445103,0.01330417301505804,0.002929418347775936,10.0,1.0,10.0
1003.0,0.19748611748218536,0.19748611748218536,0.015488239005208015,0.013312699273228645,0.002929103560745716,10.0,1.0,10.0
1004.0,0.19745899736881256,0.19745899736881256,0.015484996140003204,0.013321221806108952,0.002928781555965543,10.0,1.0,10.0
1005.0,0.19743192195892334,0.19743192195892334,0.01548176072537899,0.01332977507263422,0.0029284534975886345,10.0,1.0,10.0
1006.0,0.1974048912525177,0.1974048912525177,0.015478537417948246,0.013338342308998108,0.00292811612598598,10.0,1.0,10.0
1007.0,0.19737763702869415,0.19737763702869415,0.015475297346711159,0.013346891850233078,0.0029277766589075327,10.0,1.0,10.0
1008.0,0.197350412607193,0.197350412607193,0.015472068451344967,0.013355430215597153,0.0029274304397404194,10.0,1.0,10.0
1009.0,0.1973232477903366,0.1973232477903366,0.015468848869204521,0.013363992795348167,0.002927077002823353,10.0,1.0,10.0
1010.0,0.19729596376419067,0.19729596376419067,0.015465623699128628,0.013372574001550674,0.002926716348156333,10.0,1.0,10.0
1011.0,0.19726866483688354,0.19726866483688354,0.015462399460375309,0.013381144031882286,0.002926352433860302,10.0,1.0,10.0
1012.0,0.19724130630493164,0.19724130630493164,0.015459176152944565,0.01338971871882677,0.0029259815346449614,10.0,1.0,10.0
1013.0,0.19721391797065735,0.19721391797065735,0.01545595470815897,0.013398311100900173,0.0029256055131554604,10.0,1.0,10.0
1014.0,0.19718652963638306,0.19718652963638306,0.015452739782631397,0.0134069062769413,0.002925223670899868,10.0,1.0,10.0
1015.0,0.19715899229049683,0.19715899229049683,0.015449512749910355,0.013415508903563023,0.002924836240708828,10.0,1.0,10.0
1016.0,0.19713148474693298,0.19713148474693298,0.01544629130512476,0.013424144126474857,0.0029244415927678347,10.0,1.0,10.0
1017.0,0.19710403680801392,0.19710403680801392,0.015443085692822933,0.013432757928967476,0.00292404368519783,10.0,1.0,10.0
1018.0,0.1970764547586441,0.1970764547586441,0.015439867042005062,0.013441394083201885,0.0029236390255391598,10.0,1.0,10.0
1019.0,0.1970488429069519,0.1970488429069519,0.01543665211647749,0.013450038619339466,0.0029232276137918234,10.0,1.0,10.0
1020.0,0.1970212459564209,0.1970212459564209,0.01543344371020794,0.013458693400025368,0.002922810846939683,10.0,1.0,10.0
1021.0,0.19699345529079437,0.19699345529079437,0.01543022133409977,0.013467366807162762,0.002922387095168233,10.0,1.0,10.0
1022.0,0.19696570932865143,0.19696570932865143,0.015427006408572197,0.013476061634719372,0.002921957755461335,10.0,1.0,10.0
1023.0,0.1969379335641861,0.1969379335641861,0.015423794277012348,0.013484739698469639,0.0029215244576334953,10.0,1.0,10.0
1024.0,0.19691014289855957,0.19691014289855957,0.015420584939420223,0.013493447564542294,0.0029210851062089205,10.0,1.0,10.0
1025.0,0.1968822479248047,0.1968822479248047,0.015417366288602352,0.013502195477485657,0.002920638769865036,10.0,1.0,10.0
1026.0,0.196854367852211,0.196854367852211,0.015414156019687653,0.013510932214558125,0.0029201884754002094,10.0,1.0,10.0
1027.0,0.19682641327381134,0.19682641327381134,0.015410942025482655,0.01351967640221119,0.002919732592999935,10.0,1.0,10.0
1028.0,0.1967983990907669,0.1967983990907669,0.015407722443342209,0.013528444804251194,0.002919271355494857,10.0,1.0,10.0
1029.0,0.19677042961120605,0.19677042961120605,0.015404516831040382,0.013537229970097542,0.0029188029002398252,10.0,1.0,10.0
1030.0,0.19674237072467804,0.19674237072467804,0.015401305630803108,0.013546044938266277,0.002918326761573553,10.0,1.0,10.0
1031.0,0.19671419262886047,0.19671419262886047,0.01539808139204979,0.013554880395531654,0.002917848527431488,10.0,1.0,10.0
1032.0,0.19668610394001007,0.19668610394001007,0.015394872985780239,0.013563704676926136,0.002917366800829768,10.0,1.0,10.0
1033.0,0.19665777683258057,0.19665777683258057,0.015391645021736622,0.013572543859481812,0.0029168780893087387,10.0,1.0,10.0
1034.0,0.19662949442863464,0.19662949442863464,0.015388425439596176,0.013581424951553345,0.0029163809958845377,10.0,1.0,10.0
1035.0,0.1966012567281723,0.1966012567281723,0.015385213308036327,0.013590354472398758,0.002915876917541027,10.0,1.0,10.0
1036.0,0.1965729296207428,0.1965729296207428,0.015381992794573307,0.013599264435470104,0.0029153728391975164,10.0,1.0,10.0
1037.0,0.19654448330402374,0.19654448330402374,0.015378765761852264,0.013608185574412346,0.0029148636385798454,10.0,1.0,10.0
1038.0,0.19651611149311066,0.19651611149311066,0.015375548042356968,0.013617144897580147,0.002914348617196083,10.0,1.0,10.0
1039.0,0.19648760557174683,0.19648760557174683,0.015372321009635925,0.013626144267618656,0.002913825446739793,10.0,1.0,10.0
1040.0,0.19645905494689941,0.19645905494689941,0.015369093045592308,0.013635153882205486,0.0029132962226867676,10.0,1.0,10.0
1041.0,0.1964302957057953,0.1964302957057953,0.015365848317742348,0.013644171878695488,0.0029127649031579494,10.0,1.0,10.0
1042.0,0.19640174508094788,0.19640174508094788,0.015362626872956753,0.013653205707669258,0.0029122282285243273,10.0,1.0,10.0
1043.0,0.1963731199502945,0.1963731199502945,0.015359398908913136,0.01366228424012661,0.00291168550029397,10.0,1.0,10.0
1044.0,0.19634433090686798,0.19634433090686798,0.015356157906353474,0.013671399094164371,0.002911135321483016,10.0,1.0,10.0
1045.0,0.19631551206111908,0.19631551206111908,0.015352918766438961,0.013680507428944111,0.002910582348704338,10.0,1.0,10.0
1046.0,0.19628675282001495,0.19628675282001495,0.01534968800842762,0.013689643703401089,0.002910023322328925,10.0,1.0,10.0
1047.0,0.19625790417194366,0.19625790417194366,0.015346448868513107,0.013698824681341648,0.002909458242356777,10.0,1.0,10.0
1048.0,0.1962289661169052,0.1962289661169052,0.015343204140663147,0.013708037324249744,0.0029088887386024,10.0,1.0,10.0
1049.0,0.1961999535560608,0.1961999535560608,0.015339955687522888,0.01371725369244814,0.0029083152767270803,10.0,1.0,10.0
1050.0,0.19617097079753876,0.19617097079753876,0.015336708165705204,0.013726501725614071,0.0029077378567308187,10.0,1.0,10.0
1051.0,0.19614186882972717,0.19614186882972717,0.015333456918597221,0.013735773041844368,0.002907153218984604,10.0,1.0,10.0
1052.0,0.19611267745494843,0.19611267745494843,0.015330195426940918,0.013745087198913097,0.0029065643902868032,10.0,1.0,10.0
1053.0,0.19608357548713684,0.19608357548713684,0.01532694511115551,0.013754439540207386,0.0029059676453471184,10.0,1.0,10.0
1054.0,0.19605432450771332,0.19605432450771332,0.015323684550821781,0.0137637909501791,0.002905369270592928,10.0,1.0,10.0
1055.0,0.1960250586271286,0.1960250586271286,0.015320421196520329,0.013773173093795776,0.0029047662392258644,10.0,1.0,10.0
1056.0,0.19599579274654388,0.19599579274654388,0.015317163430154324,0.013782604597508907,0.002904155757278204,10.0,1.0,10.0
1057.0,0.19596633315086365,0.19596633315086365,0.015313886106014252,0.013792051933705807,0.0029035417828708887,10.0,1.0,10.0
1058.0,0.1959368884563446,0.1959368884563446,0.015310610644519329,0.01380154024809599,0.002902922686189413,10.0,1.0,10.0
1059.0,0.19590750336647034,0.19590750336647034,0.015307345427572727,0.013811055570840836,0.002902299864217639,10.0,1.0,10.0
1060.0,0.19587790966033936,0.19587790966033936,0.015304061584174633,0.013820577412843704,0.002901671454310417,10.0,1.0,10.0
1061.0,0.19584831595420837,0.19584831595420837,0.015300778672099113,0.013830156996846199,0.002901037223637104,10.0,1.0,10.0
1062.0,0.1958186775445938,0.1958186775445938,0.015297493897378445,0.013839775696396828,0.0029003967065364122,10.0,1.0,10.0
1063.0,0.19578894972801208,0.19578894972801208,0.015294200740754604,0.013849413953721523,0.002899754326790571,10.0,1.0,10.0
1064.0,0.19575925171375275,0.19575925171375275,0.01529090665280819,0.013859090395271778,0.0028991089202463627,10.0,1.0,10.0
1065.0,0.19572950899600983,0.19572950899600983,0.015287614427506924,0.01386877242475748,0.002898458857089281,10.0,1.0,10.0
1066.0,0.19569958746433258,0.19569958746433258,0.015284307301044464,0.013878514990210533,0.0028978006448596716,10.0,1.0,10.0
1067.0,0.19566969573497772,0.19566969573497772,0.01528100110590458,0.013888312503695488,0.002897137077525258,10.0,1.0,10.0
1068.0,0.1956396996974945,0.1956396996974945,0.015277686528861523,0.01389811746776104,0.002896471880376339,10.0,1.0,10.0
1069.0,0.1956096738576889,0.1956096738576889,0.015274371951818466,0.013907930813729763,0.0028958027251064777,10.0,1.0,10.0
1070.0,0.1955796778202057,0.1955796778202057,0.015271062031388283,0.013917793519794941,0.002895127981901169,10.0,1.0,10.0
1071.0,0.19554951786994934,0.19554951786994934,0.015267734415829182,0.013927715830504894,0.002894445788115263,10.0,1.0,10.0
1072.0,0.19551940262317657,0.19551940262317657,0.015264414250850677,0.013937670737504959,0.0028937587048858404,10.0,1.0,10.0
1073.0,0.19548915326595306,0.19548915326595306,0.015261082910001278,0.0139476228505373,0.0028930706903338432,10.0,1.0,10.0
1074.0,0.19545888900756836,0.19545888900756836,0.015257748775184155,0.013957626186311245,0.0028923775535076857,10.0,1.0,10.0
1075.0,0.1954285353422165,0.1954285353422165,0.015254407189786434,0.013967684470117092,0.002891679061576724,10.0,1.0,10.0
1076.0,0.1953982263803482,0.1953982263803482,0.015251066535711288,0.01397779118269682,0.0028909759130328894,10.0,1.0,10.0
1077.0,0.195367693901062,0.195367693901062,0.015247710049152374,0.013987905345857143,0.002890269737690687,10.0,1.0,10.0
1078.0,0.19533725082874298,0.19533725082874298,0.01524435542523861,0.013998040929436684,0.002889564260840416,10.0,1.0,10.0
1079.0,0.19530662894248962,0.19530662894248962,0.015240991488099098,0.014008239842951298,0.0028888476081192493,10.0,1.0,10.0
1080.0,0.19527605175971985,0.19527605175971985,0.015237628482282162,0.014018501155078411,0.002888126764446497,10.0,1.0,10.0
1081.0,0.1952454000711441,0.1952454000711441,0.015234260819852352,0.014028766192495823,0.0028874019626528025,10.0,1.0,10.0
1082.0,0.19521468877792358,0.19521468877792358,0.015230891294777393,0.014039039611816406,0.002886674366891384,10.0,1.0,10.0
1083.0,0.1951838582754135,0.1951838582754135,0.01522750873118639,0.014049377292394638,0.0028859395533800125,10.0,1.0,10.0
1084.0,0.19515304267406464,0.19515304267406464,0.015224122442305088,0.014059782028198242,0.0028852031100541353,10.0,1.0,10.0
1085.0,0.19512219727039337,0.19512219727039337,0.01522073894739151,0.014070202596485615,0.0028844615444540977,10.0,1.0,10.0
1086.0,0.19509118795394897,0.19509118795394897,0.01521733682602644,0.01408064179122448,0.0028837176505476236,10.0,1.0,10.0
1087.0,0.19506016373634338,0.19506016373634338,0.015213931910693645,0.014091144315898418,0.002882968634366989,10.0,1.0,10.0
1088.0,0.19502907991409302,0.19502907991409302,0.015210525132715702,0.014101674780249596,0.002882215892896056,10.0,1.0,10.0
1089.0,0.19499804079532623,0.19499804079532623,0.015207121148705482,0.01411224901676178,0.00288145849481225,10.0,1.0,10.0
1090.0,0.19496682286262512,0.19496682286262512,0.01520369853824377,0.014122869819402695,0.0028806973714381456,10.0,1.0,10.0
1091.0,0.1949356645345688,0.1949356645345688,0.015200282447040081,0.014133511111140251,0.002879932289943099,10.0,1.0,10.0
1092.0,0.19490432739257812,0.19490432739257812,0.015196848660707474,0.01414419524371624,0.002879165345802903,10.0,1.0,10.0
1093.0,0.19487299025058746,0.19487299025058746,0.015193415805697441,0.014154927805066109,0.002878390019759536,10.0,1.0,10.0
1094.0,0.1948416382074356,0.1948416382074356,0.01518998108804226,0.014165698550641537,0.0028776125982403755,10.0,1.0,10.0
1095.0,0.19481010735034943,0.19481010735034943,0.015186530537903309,0.014176495373249054,0.0028768309857696295,10.0,1.0,10.0
1096.0,0.19477856159210205,0.19477856159210205,0.015183075331151485,0.014187343418598175,0.0028760465793311596,10.0,1.0,10.0
1097.0,0.1947469711303711,0.1947469711303711,0.015179617330431938,0.014198219403624535,0.0028752582147717476,10.0,1.0,10.0
1098.0,0.19471535086631775,0.19471535086631775,0.015176152810454369,0.014209144748747349,0.0028744670562446117,10.0,1.0,10.0
1099.0,0.1946837604045868,0.1946837604045868,0.015172692947089672,0.014220112934708595,0.0028736707754433155,10.0,1.0,10.0
1100.0,0.1946519911289215,0.1946519911289215,0.015169216319918633,0.014231112785637379,0.0028728717006742954,10.0,1.0,10.0
1101.0,0.19462014734745026,0.19462014734745026,0.015165729448199272,0.014242162927985191,0.0028720691334456205,10.0,1.0,10.0
1102.0,0.19458819925785065,0.19458819925785065,0.015162233263254166,0.014253254979848862,0.0028712621424347162,10.0,1.0,10.0
1103.0,0.19455628097057343,0.19455628097057343,0.015158739872276783,0.014264375902712345,0.0028704514261335135,10.0,1.0,10.0
1104.0,0.1945243775844574,0.1945243775844574,0.015155245549976826,0.014275524765253067,0.0028696395456790924,10.0,1.0,10.0
1105.0,0.19449234008789062,0.19449234008789062,0.015151741914451122,0.01428673230111599,0.002868819981813431,10.0,1.0,10.0
1106.0,0.1944601684808731,0.1944601684808731,0.015148221515119076,0.014297980815172195,0.0028679976239800453,10.0,1.0,10.0
1107.0,0.1944279968738556,0.1944279968738556,0.01514470111578703,0.014309250749647617,0.0028671729378402233,10.0,1.0,10.0
1108.0,0.1943957656621933,0.1943957656621933,0.01514117605984211,0.01432056725025177,0.0028663447592407465,10.0,1.0,10.0
1109.0,0.19436350464820862,0.19436350464820862,0.015137644484639168,0.014331920072436333,0.0028655133210122585,10.0,1.0,10.0
1110.0,0.1943311095237732,0.1943311095237732,0.015134102664887905,0.01434333436191082,0.0028646753635257483,10.0,1.0,10.0
1111.0,0.19429872930049896,0.19429872930049896,0.015130558051168919,0.014354784041643143,0.002863836009055376,10.0,1.0,10.0
1112.0,0.1942661553621292,0.1942661553621292,0.015126995742321014,0.014366240240633488,0.0028629961889237165,10.0,1.0,10.0
1113.0,0.19423356652259827,0.19423356652259827,0.015123430639505386,0.014377744868397713,0.002862153109163046,10.0,1.0,10.0
1114.0,0.1942010223865509,0.1942010223865509,0.015119867399334908,0.014389321208000183,0.0028613032773137093,10.0,1.0,10.0
1115.0,0.19416838884353638,0.19416838884353638,0.015116294845938683,0.014400948770344257,0.0028604494873434305,10.0,1.0,10.0
1116.0,0.19413559138774872,0.19413559138774872,0.015112707391381264,0.014412573538720608,0.0028595956973731518,10.0,1.0,10.0
1117.0,0.19410285353660583,0.19410285353660583,0.015109122730791569,0.014424207620322704,0.0028587423730641603,10.0,1.0,10.0
1118.0,0.19406992197036743,0.19406992197036743,0.015105516649782658,0.014435932040214539,0.0028578813653439283,10.0,1.0,10.0
1119.0,0.1940370500087738,0.1940370500087738,0.015101918019354343,0.014447728171944618,0.002857013139873743,10.0,1.0,10.0
1120.0,0.19400407373905182,0.19400407373905182,0.015098308213055134,0.014459524303674698,0.0028561470098793507,10.0,1.0,10.0
1121.0,0.19397103786468506,0.19397103786468506,0.015094690024852753,0.014471322298049927,0.0028552820440381765,10.0,1.0,10.0
1122.0,0.19393789768218994,0.19393789768218994,0.01509106159210205,0.014483177103102207,0.002854410093277693,10.0,1.0,10.0
1123.0,0.19390474259853363,0.19390474259853363,0.015087435021996498,0.014495107345283031,0.002853529527783394,10.0,1.0,10.0
1124.0,0.19387143850326538,0.19387143850326538,0.01508378703147173,0.014507080428302288,0.0028526484966278076,10.0,1.0,10.0
1125.0,0.19383813440799713,0.19383813440799713,0.015080138109624386,0.01451905257999897,0.002851770957931876,10.0,1.0,10.0
1126.0,0.19380474090576172,0.19380474090576172,0.015076479874551296,0.01453104242682457,0.0028508901596069336,10.0,1.0,10.0
1127.0,0.19377121329307556,0.19377121329307556,0.015072806738317013,0.01454311702400446,0.002850003307685256,10.0,1.0,10.0
1128.0,0.19373774528503418,0.19373774528503418,0.015069138258695602,0.014555235393345356,0.0028491117991507053,10.0,1.0,10.0
1129.0,0.19370415806770325,0.19370415806770325,0.015065457671880722,0.01456737145781517,0.0028482191264629364,10.0,1.0,10.0
1130.0,0.19367054104804993,0.19367054104804993,0.015061776153743267,0.014579527080059052,0.002847325522452593,10.0,1.0,10.0
1131.0,0.19363683462142944,0.19363683462142944,0.015058079734444618,0.014591732993721962,0.0028464295901358128,10.0,1.0,10.0
1132.0,0.1936030387878418,0.1936030387878418,0.015054374001920223,0.014603996649384499,0.002845529466867447,10.0,1.0,10.0
1133.0,0.19356900453567505,0.19356900453567505,0.015050644055008888,0.014616293832659721,0.0028446277137845755,10.0,1.0,10.0
1134.0,0.1935352236032486,0.1935352236032486,0.015046938322484493,0.01462858822196722,0.002843725960701704,10.0,1.0,10.0
1135.0,0.19350118935108185,0.19350118935108185,0.015043203718960285,0.014640940353274345,0.0028428207151591778,10.0,1.0,10.0
1136.0,0.19346708059310913,0.19346708059310913,0.015039459802210331,0.01465335302054882,0.0028419115114957094,10.0,1.0,10.0
1137.0,0.19343294203281403,0.19343294203281403,0.015035715885460377,0.014665812253952026,0.0028409978840500116,10.0,1.0,10.0
1138.0,0.19339871406555176,0.19339871406555176,0.015031957998871803,0.014678250066936016,0.0028400884475558996,10.0,1.0,10.0
1139.0,0.19336439669132233,0.19336439669132233,0.015028187073767185,0.014690717682242393,0.002839180640876293,10.0,1.0,10.0
1140.0,0.19333003461360931,0.19333003461360931,0.015024412423372269,0.014703294262290001,0.0028382623568177223,10.0,1.0,10.0
1141.0,0.19329552352428436,0.19329552352428436,0.015020623803138733,0.01471590157598257,0.0028373394161462784,10.0,1.0,10.0
1142.0,0.1932610720396042,0.1932610720396042,0.015016840770840645,0.014728464186191559,0.0028364199679344893,10.0,1.0,10.0
1143.0,0.1932264268398285,0.1932264268398285,0.01501303818076849,0.01474105566740036,0.002835500054061413,10.0,1.0,10.0
1144.0,0.19319167733192444,0.19319167733192444,0.015009218826889992,0.014753763563930988,0.002834572922438383,10.0,1.0,10.0
1145.0,0.19315706193447113,0.19315706193447113,0.015005410648882389,0.014766497537493706,0.0028336450923234224,10.0,1.0,10.0
1146.0,0.19312213361263275,0.19312213361263275,0.015001572668552399,0.014779206365346909,0.0028327202890068293,10.0,1.0,10.0
1147.0,0.19308724999427795,0.19308724999427795,0.014997734688222408,0.014791978523135185,0.0028317924588918686,10.0,1.0,10.0
1148.0,0.193052276968956,0.193052276968956,0.014993886463344097,0.014804787002503872,0.0028308629989624023,10.0,1.0,10.0
1149.0,0.1930171400308609,0.1930171400308609,0.014990017749369144,0.01481765229254961,0.002829929580911994,10.0,1.0,10.0
1150.0,0.19298195838928223,0.19298195838928223,0.014986145310103893,0.01483052410185337,0.002828998025506735,10.0,1.0,10.0
1151.0,0.19294679164886475,0.19294679164886475,0.014982270076870918,0.014843404293060303,0.002828069031238556,10.0,1.0,10.0
1152.0,0.19291143119335175,0.19291143119335175,0.014978375285863876,0.01485634595155716,0.0028271337505429983,10.0,1.0,10.0
1153.0,0.19287602603435516,0.19287602603435516,0.014974473044276237,0.014869339764118195,0.0028261947445571423,10.0,1.0,10.0
1154.0,0.1928405612707138,0.1928405612707138,0.0149705670773983,0.014882330782711506,0.0028252555057406425,10.0,1.0,10.0
1155.0,0.1928049921989441,0.1928049921989441,0.014966645278036594,0.01489533856511116,0.0028243204578757286,10.0,1.0,10.0
1156.0,0.19276930391788483,0.19276930391788483,0.01496270950883627,0.014908388257026672,0.0028233821503818035,10.0,1.0,10.0
1157.0,0.1927335560321808,0.1927335560321808,0.014958766289055347,0.014921508729457855,0.002822438720613718,10.0,1.0,10.0
1158.0,0.19269773364067078,0.19269773364067078,0.014954810962080956,0.014934628270566463,0.0028214987833052874,10.0,1.0,10.0
1159.0,0.1926618069410324,0.1926618069410324,0.014950842596590519,0.014947758056223392,0.002820561407133937,10.0,1.0,10.0
1160.0,0.19262565672397614,0.19262565672397614,0.014946850948035717,0.014960939064621925,0.0028196200728416443,10.0,1.0,10.0
1161.0,0.1925896406173706,0.1925896406173706,0.014942869544029236,0.014974159188568592,0.002818677807226777,10.0,1.0,10.0
1162.0,0.19255338609218597,0.19255338609218597,0.01493886299431324,0.014987410977482796,0.00281773554161191,10.0,1.0,10.0
1163.0,0.19251710176467896,0.19251710176467896,0.014934848062694073,0.015000672079622746,0.0028167942073196173,10.0,1.0,10.0
1164.0,0.19248069822788239,0.19248069822788239,0.014930822886526585,0.015013929456472397,0.0028158535715192556,10.0,1.0,10.0
1165.0,0.19244417548179626,0.19244417548179626,0.014926781877875328,0.015027258545160294,0.0028149092104285955,10.0,1.0,10.0
1166.0,0.19240757822990417,0.19240757822990417,0.0149227324873209,0.01504063606262207,0.0028139627538621426,10.0,1.0,10.0
1167.0,0.1923709213733673,0.1923709213733673,0.014918670989573002,0.015054002404212952,0.002813020721077919,10.0,1.0,10.0
1168.0,0.1923341304063797,0.1923341304063797,0.014914593659341335,0.015067372471094131,0.0028120826464146376,10.0,1.0,10.0
1169.0,0.19229717552661896,0.19229717552661896,0.014910494908690453,0.015080802142620087,0.0028111417777836323,10.0,1.0,10.0
1170.0,0.19226029515266418,0.19226029515266418,0.014906402677297592,0.015094272792339325,0.002810197649523616,10.0,1.0,10.0
1171.0,0.1922231763601303,0.1922231763601303,0.014902286231517792,0.015107762068510056,0.0028092546854168177,10.0,1.0,10.0
1172.0,0.19218596816062927,0.19218596816062927,0.014898153953254223,0.015121259726583958,0.0028083163779228926,10.0,1.0,10.0
1173.0,0.19214868545532227,0.19214868545532227,0.014894015155732632,0.015134762041270733,0.002807377837598324,10.0,1.0,10.0
1174.0,0.1921113133430481,0.1921113133430481,0.014889860525727272,0.015148327685892582,0.002806438598781824,10.0,1.0,10.0
1175.0,0.19207370281219482,0.19207370281219482,0.014885678887367249,0.015161911956965923,0.0028054998256266117,10.0,1.0,10.0
1176.0,0.19203612208366394,0.19203612208366394,0.014881499111652374,0.015175499022006989,0.002804563147947192,10.0,1.0,10.0
1177.0,0.1919984072446823,0.1919984072446823,0.014877303503453732,0.015189120545983315,0.002803625538945198,10.0,1.0,10.0
1178.0,0.19196054339408875,0.19196054339408875,0.014873087406158447,0.015202767215669155,0.0028026907239109278,10.0,1.0,10.0
1179.0,0.19192250072956085,0.19192250072956085,0.014868846163153648,0.015216438099741936,0.0028017591685056686,10.0,1.0,10.0
1180.0,0.19188447296619415,0.19188447296619415,0.014864606782793999,0.015230121091008186,0.0028008287772536278,10.0,1.0,10.0
1181.0,0.19184626638889313,0.19184626638889313,0.014860343188047409,0.015243836678564548,0.0027998986188322306,10.0,1.0,10.0
1182.0,0.19180798530578613,0.19180798530578613,0.014856073074042797,0.015257582068443298,0.0027989675290882587,10.0,1.0,10.0
1183.0,0.19176948070526123,0.19176948070526123,0.014851774089038372,0.01527133397758007,0.002798039698973298,10.0,1.0,10.0
1184.0,0.19173085689544678,0.19173085689544678,0.01484745740890503,0.015285097062587738,0.002797116991132498,10.0,1.0,10.0
1185.0,0.1916922777891159,0.1916922777891159,0.014843144454061985,0.015298888087272644,0.002796194050461054,10.0,1.0,10.0
1186.0,0.19165343046188354,0.19165343046188354,0.014838797971606255,0.015312710776925087,0.002795272273942828,10.0,1.0,10.0
1187.0,0.19161450862884521,0.19161450862884521,0.014834445901215076,0.01532653532922268,0.0027943518944084644,10.0,1.0,10.0
1188.0,0.1915753334760666,0.1915753334760666,0.014830059371888638,0.015340397134423256,0.002793434774503112,10.0,1.0,10.0
1189.0,0.191536083817482,0.191536083817482,0.014825661666691303,0.015354265458881855,0.0027925202157348394,10.0,1.0,10.0
1190.0,0.1914968490600586,0.1914968490600586,0.014821259304881096,0.015368147753179073,0.002791609847918153,10.0,1.0,10.0
1191.0,0.19145748019218445,0.19145748019218445,0.014816838316619396,0.015382073819637299,0.0027907011099159718,10.0,1.0,10.0
1192.0,0.19141776859760284,0.19141776859760284,0.014812381006777287,0.015396018512547016,0.00278979423455894,10.0,1.0,10.0
1193.0,0.19137805700302124,0.19137805700302124,0.01480791810899973,0.015409951098263264,0.002788892947137356,10.0,1.0,10.0
1194.0,0.1913381814956665,0.1913381814956665,0.014803430065512657,0.01542392186820507,0.0027879951521754265,10.0,1.0,10.0
1195.0,0.19129815697669983,0.19129815697669983,0.014798928052186966,0.015437886118888855,0.0027870992198586464,10.0,1.0,10.0
1196.0,0.1912580281496048,0.1912580281496048,0.014794409275054932,0.015451889485120773,0.0027862037532031536,10.0,1.0,10.0
1197.0,0.19121767580509186,0.19121767580509186,0.014789868146181107,0.015465905889868736,0.0027853103820234537,10.0,1.0,10.0
1198.0,0.19117726385593414,0.19117726385593414,0.014785311184823513,0.015479943715035915,0.0027844225987792015,10.0,1.0,10.0
1199.0,0.1911366730928421,0.1911366730928421,0.01478072814643383,0.015493971295654774,0.002783541800454259,10.0,1.0,10.0
1200.0,0.1910960078239441,0.1910960078239441,0.014776136726140976,0.015508011914789677,0.0027826623991131783,10.0,1.0,10.0
1201.0,0.1910550892353058,0.1910550892353058,0.014771513640880585,0.015522104687988758,0.002781783929094672,10.0,1.0,10.0
1202.0,0.19101399183273315,0.19101399183273315,0.014766870066523552,0.01553620956838131,0.0027809084858745337,10.0,1.0,10.0
1203.0,0.19097284972667694,0.19097284972667694,0.01476221065968275,0.015550305135548115,0.0027800435200333595,10.0,1.0,10.0
1204.0,0.19093145430088043,0.19093145430088043,0.014757521450519562,0.015564407221972942,0.002779182977974415,10.0,1.0,10.0
1205.0,0.1908898949623108,0.1908898949623108,0.014752809889614582,0.015578558668494225,0.002778324531391263,10.0,1.0,10.0
1206.0,0.1908482313156128,0.1908482313156128,0.01474808156490326,0.015592732466757298,0.002777468180283904,10.0,1.0,10.0
1207.0,0.19080635905265808,0.19080635905265808,0.014743330888450146,0.015606880187988281,0.0027766176499426365,10.0,1.0,10.0
1208.0,0.1907643973827362,0.1907643973827362,0.014738563448190689,0.015621034428477287,0.0027757734060287476,10.0,1.0,10.0
1209.0,0.19072218239307404,0.19072218239307404,0.014733764342963696,0.015635231509804726,0.0027749305590987206,10.0,1.0,10.0
1210.0,0.19067983329296112,0.19067983329296112,0.014728948473930359,0.01564944162964821,0.0027740909717977047,10.0,1.0,10.0
1211.0,0.19063740968704224,0.19063740968704224,0.014724116772413254,0.01566365547478199,0.002773258136585355,10.0,1.0,10.0
1212.0,0.19059476256370544,0.19059476256370544,0.01471925713121891,0.01567785069346428,0.0027724336832761765,10.0,1.0,10.0
1213.0,0.19055187702178955,0.19055187702178955,0.01471436582505703,0.015692096203565598,0.0027716108597815037,10.0,1.0,10.0
1214.0,0.19050873816013336,0.19050873816013336,0.014709445647895336,0.015706371515989304,0.0027707903645932674,10.0,1.0,10.0
1215.0,0.1904655545949936,0.1904655545949936,0.014704512432217598,0.015720641240477562,0.002769980113953352,10.0,1.0,10.0
1216.0,0.19042222201824188,0.19042222201824188,0.01469955313950777,0.01573488861322403,0.0027691791765391827,10.0,1.0,10.0
1217.0,0.19037862122058868,0.19037862122058868,0.014694564044475555,0.015749163925647736,0.002768381265923381,10.0,1.0,10.0
1218.0,0.1903349608182907,0.1903349608182907,0.014689563773572445,0.01576349139213562,0.002767583355307579,10.0,1.0,10.0
1219.0,0.19029097259044647,0.19029097259044647,0.014684521593153477,0.01577782817184925,0.0027667926624417305,10.0,1.0,10.0
1220.0,0.1902468353509903,0.1902468353509903,0.014679457992315292,0.015792125836014748,0.0027660117484629154,10.0,1.0,10.0
1221.0,0.19020245969295502,0.19020245969295502,0.014674365520477295,0.01580643467605114,0.0027652368880808353,10.0,1.0,10.0
1222.0,0.19015802443027496,0.19015802443027496,0.014669261872768402,0.015820788219571114,0.002764461562037468,10.0,1.0,10.0
1223.0,0.19011330604553223,0.19011330604553223,0.014664122834801674,0.015835175290703773,0.0027636908926069736,10.0,1.0,10.0
1224.0,0.19006849825382233,0.19006849825382233,0.014658967033028603,0.015849508345127106,0.0027629327960312366,10.0,1.0,10.0
1225.0,0.1900232881307602,0.1900232881307602,0.014653760008513927,0.015863846987485886,0.0027621835470199585,10.0,1.0,10.0
1226.0,0.18997807800769806,0.18997807800769806,0.01464854832738638,0.015878254547715187,0.002761434530839324,10.0,1.0,10.0
1227.0,0.18993255496025085,0.18993255496025085,0.014643295668065548,0.015892691910266876,0.0027606897056102753,10.0,1.0,10.0
1228.0,0.1898869127035141,0.1898869127035141,0.014638025313615799,0.01590709015727043,0.00275995722040534,10.0,1.0,10.0
1229.0,0.18984104692935944,0.18984104692935944,0.014632725156843662,0.01592147722840309,0.0027592317201197147,10.0,1.0,10.0
1230.0,0.1897948980331421,0.1897948980331421,0.01462738960981369,0.015935927629470825,0.002758507849648595,10.0,1.0,10.0
1231.0,0.1897486448287964,0.1897486448287964,0.014622035436332226,0.015950391069054604,0.0027577897999435663,10.0,1.0,10.0
1232.0,0.1897021383047104,0.1897021383047104,0.014616652391850948,0.01596483588218689,0.0027570787351578474,10.0,1.0,10.0
1233.0,0.18965542316436768,0.18965542316436768,0.014611235819756985,0.01597927138209343,0.002756379311904311,10.0,1.0,10.0
1234.0,0.18960854411125183,0.18960854411125183,0.01460579875856638,0.015993725508451462,0.002755682449787855,10.0,1.0,10.0
1235.0,0.1895613819360733,0.1895613819360733,0.014600325375795364,0.016008246690034866,0.002754989778622985,10.0,1.0,10.0
1236.0,0.18951404094696045,0.18951404094696045,0.01459482591599226,0.01602274924516678,0.0027543038595467806,10.0,1.0,10.0
1237.0,0.18946653604507446,0.18946653604507446,0.014589300379157066,0.01603723131120205,0.0027536300476640463,10.0,1.0,10.0
1238.0,0.189418762922287,0.189418762922287,0.014583740383386612,0.01605173572897911,0.002752962987869978,10.0,1.0,10.0
1239.0,0.18937087059020996,0.18937087059020996,0.014578158967196941,0.0160662904381752,0.00275229848921299,10.0,1.0,10.0
1240.0,0.18932262063026428,0.18932262063026428,0.014572535641491413,0.01608084701001644,0.002751642605289817,10.0,1.0,10.0
1241.0,0.18927419185638428,0.18927419185638428,0.01456688717007637,0.016095392405986786,0.00275099347345531,10.0,1.0,10.0
1242.0,0.18922564387321472,0.18922564387321472,0.014561216346919537,0.01610993966460228,0.0027503527235239744,10.0,1.0,10.0
1243.0,0.1891767978668213,0.1891767978668213,0.014555515721440315,0.016124529764056206,0.0027497110422700644,10.0,1.0,10.0
1244.0,0.18912771344184875,0.18912771344184875,0.01454977784305811,0.016139134764671326,0.002749078907072544,10.0,1.0,10.0
1245.0,0.1890784651041031,0.1890784651041031,0.014544016681611538,0.016153715550899506,0.00274845864623785,10.0,1.0,10.0
1246.0,0.18902890384197235,0.18902890384197235,0.014538216404616833,0.016168300062417984,0.002747844671830535,10.0,1.0,10.0
1247.0,0.18897920846939087,0.18897920846939087,0.014532392844557762,0.01618296094238758,0.0027472309302538633,10.0,1.0,10.0
1248.0,0.1889292597770691,0.1889292597770691,0.014526540413498878,0.016197629272937775,0.0027466232422739267,10.0,1.0,10.0
1249.0,0.18887901306152344,0.18887901306152344,0.014520644210278988,0.01621224731206894,0.002746033715084195,10.0,1.0,10.0
1250.0,0.188828706741333,0.188828706741333,0.014514735899865627,0.016226906329393387,0.002745444420725107,10.0,1.0,10.0
1251.0,0.1887781322002411,0.1887781322002411,0.014508792199194431,0.016241611912846565,0.002744859317317605,10.0,1.0,10.0
1252.0,0.18872734904289246,0.18872734904289246,0.014502822421491146,0.01625632680952549,0.0027442798018455505,10.0,1.0,10.0
1253.0,0.18867626786231995,0.18867626786231995,0.014496813528239727,0.01627102866768837,0.0027437107637524605,10.0,1.0,10.0
1254.0,0.18862494826316833,0.18862494826316833,0.01449077483266592,0.016285737976431847,0.0027431475464254618,10.0,1.0,10.0
1255.0,0.18857350945472717,0.18857350945472717,0.014484711922705173,0.01630048267543316,0.0027425906155258417,10.0,1.0,10.0
1256.0,0.18852175772190094,0.18852175772190094,0.014478614553809166,0.016315268352627754,0.0027420339174568653,10.0,1.0,10.0
1257.0,0.1884698122739792,0.1884698122739792,0.014472490176558495,0.016330033540725708,0.0027414867654442787,10.0,1.0,10.0
1258.0,0.18841767311096191,0.18841767311096191,0.01446633692830801,0.016344811767339706,0.0027409500908106565,10.0,1.0,10.0
1259.0,0.18836528062820435,0.18836528062820435,0.01446015015244484,0.01635962352156639,0.0027404152788221836,10.0,1.0,10.0
1260.0,0.18831269443035126,0.18831269443035126,0.014453938230872154,0.01637444645166397,0.002739886986091733,10.0,1.0,10.0
1261.0,0.18825989961624146,0.18825989961624146,0.014447695575654507,0.01638931781053543,0.002739363582804799,10.0,1.0,10.0
1262.0,0.18820691108703613,0.18820691108703613,0.014441424049437046,0.016404155641794205,0.0027388506568968296,10.0,1.0,10.0
1263.0,0.18815366923809052,0.18815366923809052,0.014435120858252048,0.016419027000665665,0.002738342620432377,10.0,1.0,10.0
1264.0,0.1881001591682434,0.1881001591682434,0.01442878507077694,0.0164339616894722,0.0027378348167985678,10.0,1.0,10.0
1265.0,0.18804655969142914,0.18804655969142914,0.014422430656850338,0.01644888147711754,0.002737336792051792,10.0,1.0,10.0
1266.0,0.18799273669719696,0.18799273669719696,0.014416047371923923,0.016463803127408028,0.002736845053732395,10.0,1.0,10.0
1267.0,0.18793854117393494,0.18793854117393494,0.014409621246159077,0.016478756442666054,0.002736357506364584,10.0,1.0,10.0
1268.0,0.18788430094718933,0.18788430094718933,0.014403183944523335,0.01649376004934311,0.0027358715888112783,10.0,1.0,10.0
1269.0,0.18782973289489746,0.18782973289489746,0.01439670380204916,0.016508767381310463,0.0027353926561772823,10.0,1.0,10.0
1270.0,0.18777501583099365,0.18777501583099365,0.01439020037651062,0.01652376540005207,0.0027349242009222507,10.0,1.0,10.0
1271.0,0.1877201944589615,0.1877201944589615,0.014383681118488312,0.01653881184756756,0.002734457142651081,10.0,1.0,10.0
1272.0,0.18766513466835022,0.18766513466835022,0.014377130195498466,0.016553891822695732,0.0027339933440089226,10.0,1.0,10.0
1273.0,0.18760967254638672,0.18760967254638672,0.01437053270637989,0.016569001600146294,0.0027335346676409245,10.0,1.0,10.0
1274.0,0.1875542253255844,0.1875542253255844,0.014363928698003292,0.016584094613790512,0.002733085071668029,10.0,1.0,10.0
1275.0,0.18749843537807465,0.18749843537807465,0.014357281848788261,0.01659923419356346,0.0027326373383402824,10.0,1.0,10.0
1276.0,0.1874425709247589,0.1874425709247589,0.01435062475502491,0.016614409163594246,0.00273219239898026,10.0,1.0,10.0
1277.0,0.1873864233493805,0.1873864233493805,0.014343926683068275,0.016629619523882866,0.002731753047555685,10.0,1.0,10.0
1278.0,0.18733011186122894,0.18733011186122894,0.014337210915982723,0.016644801944494247,0.002731320448219776,10.0,1.0,10.0
1279.0,0.18727368116378784,0.18727368116378784,0.014330470934510231,0.016660043969750404,0.002730892039835453,10.0,1.0,10.0
1280.0,0.18721693754196167,0.18721693754196167,0.014323697425425053,0.01667533442378044,0.002730462234467268,10.0,1.0,10.0
1281.0,0.18716004490852356,0.18716004490852356,0.014316902495920658,0.016690626740455627,0.0027300389483571053,10.0,1.0,10.0
1282.0,0.18710310757160187,0.18710310757160187,0.014310094527900219,0.016705922782421112,0.002729622879996896,10.0,1.0,10.0
1283.0,0.18704582750797272,0.18704582750797272,0.014303246513009071,0.01672128401696682,0.0027292082086205482,10.0,1.0,10.0
1284.0,0.18698850274085999,0.18698850274085999,0.014296387322247028,0.016736650839447975,0.002728796796873212,10.0,1.0,10.0
1285.0,0.18693087995052338,0.18693087995052338,0.014289491809904575,0.016752060502767563,0.0027283895760774612,10.0,1.0,10.0
1286.0,0.18687309324741364,0.18687309324741364,0.014282574877142906,0.016767488792538643,0.002727984916418791,10.0,1.0,10.0
1287.0,0.18681515753269196,0.18681515753269196,0.014275637455284595,0.016782939434051514,0.002727585146203637,10.0,1.0,10.0
1288.0,0.1867571771144867,0.1867571771144867,0.014268686063587666,0.016798434779047966,0.0027271886356174946,10.0,1.0,10.0
1289.0,0.18669891357421875,0.18669891357421875,0.01426170114427805,0.016813969239592552,0.0027267937548458576,10.0,1.0,10.0
1290.0,0.18664050102233887,0.18664050102233887,0.014254696667194366,0.016829485073685646,0.0027264049276709557,10.0,1.0,10.0
1291.0,0.18658198416233063,0.18658198416233063,0.014247674494981766,0.01684507727622986,0.0027260174974799156,10.0,1.0,10.0
1292.0,0.1865232288837433,0.1865232288837433,0.014240623451769352,0.016860678791999817,0.00272563099861145,10.0,1.0,10.0
1293.0,0.18646445870399475,0.18646445870399475,0.014233563095331192,0.0168763417750597,0.002725248923525214,10.0,1.0,10.0
1294.0,0.18640542030334473,0.18640542030334473,0.01422647014260292,0.016891995444893837,0.002724872436374426,10.0,1.0,10.0
1295.0,0.1863461583852768,0.1863461583852768,0.01421935111284256,0.016907697543501854,0.002724495716392994,10.0,1.0,10.0
1296.0,0.18628713488578796,0.18628713488578796,0.014212250709533691,0.016923408955335617,0.002724122256040573,10.0,1.0,10.0
1297.0,0.18622764945030212,0.18622764945030212,0.014205098152160645,0.0169391892850399,0.0027237473987042904,10.0,1.0,10.0
1298.0,0.18616801500320435,0.18616801500320435,0.014197924174368382,0.016954995691776276,0.0027233771979808807,10.0,1.0,10.0
1299.0,0.18610835075378418,0.18610835075378418,0.014190740883350372,0.016970790922641754,0.0027230135165154934,10.0,1.0,10.0
1300.0,0.18604859709739685,0.18604859709739685,0.014183543622493744,0.016986632719635963,0.0027226514648646116,10.0,1.0,10.0
1301.0,0.18598860502243042,0.18598860502243042,0.014176319353282452,0.017002547159790993,0.002722285920754075,10.0,1.0,10.0
1302.0,0.185928612947464,0.185928612947464,0.014169089496135712,0.017018474638462067,0.0027219229377806187,10.0,1.0,10.0
1303.0,0.18586832284927368,0.18586832284927368,0.014161825180053711,0.017034407705068588,0.0027215657755732536,10.0,1.0,10.0
1304.0,0.18580809235572815,0.18580809235572815,0.014154559932649136,0.01705036871135235,0.0027212128043174744,10.0,1.0,10.0
1305.0,0.1857476830482483,0.1857476830482483,0.014147271402180195,0.017066411674022675,0.0027208561077713966,10.0,1.0,10.0
1306.0,0.18568719923496246,0.18568719923496246,0.014139974489808083,0.01708248071372509,0.002720498014241457,10.0,1.0,10.0
1307.0,0.1856265366077423,0.1856265366077423,0.014132650569081306,0.01709851063787937,0.0027201510965824127,10.0,1.0,10.0
1308.0,0.1855657398700714,0.1855657398700714,0.014125312678515911,0.017114609479904175,0.0027198009192943573,10.0,1.0,10.0
1309.0,0.18550485372543335,0.18550485372543335,0.01411796361207962,0.017130764201283455,0.0027194456197321415,10.0,1.0,10.0
1310.0,0.1854439675807953,0.1854439675807953,0.014110604301095009,0.01714695431292057,0.0027190966065973043,10.0,1.0,10.0
1311.0,0.1853829026222229,0.1853829026222229,0.014103223569691181,0.017163110896945,0.0027187552768737078,10.0,1.0,10.0
1312.0,0.18532182276248932,0.18532182276248932,0.01409583818167448,0.017179327085614204,0.0027184116188436747,10.0,1.0,10.0
1313.0,0.18526054918766022,0.18526054918766022,0.014088429510593414,0.01719564013183117,0.002718061674386263,10.0,1.0,10.0
1314.0,0.18519920110702515,0.18519920110702515,0.014081008732318878,0.017211925238370895,0.0027177187148481607,10.0,1.0,10.0
1315.0,0.18513783812522888,0.18513783812522888,0.014073580503463745,0.017228206619620323,0.0027173832058906555,10.0,1.0,10.0
1316.0,0.18507637083530426,0.18507637083530426,0.014066139236092567,0.017244571819901466,0.0027170409448444843,10.0,1.0,10.0
1317.0,0.18501479923725128,0.18501479923725128,0.014058683067560196,0.017260992899537086,0.002716697519645095,10.0,1.0,10.0
1318.0,0.18495307862758636,0.18495307862758636,0.014051208272576332,0.01727738417685032,0.0027163606137037277,10.0,1.0,10.0
1319.0,0.18489140272140503,0.18489140272140503,0.014043737202882767,0.017293773591518402,0.002716024871915579,10.0,1.0,10.0
1320.0,0.18482962250709534,0.18482962250709534,0.014036254025995731,0.01731027662754059,0.002715679816901684,10.0,1.0,10.0
1321.0,0.1847676932811737,0.1847676932811737,0.014028750360012054,0.017326809465885162,0.002715337323024869,10.0,1.0,10.0
1322.0,0.1847056746482849,0.1847056746482849,0.014021230861544609,0.017343271523714066,0.0027150087989866734,10.0,1.0,10.0
1323.0,0.18464356660842896,0.18464356660842896,0.014013702049851418,0.01735980249941349,0.0027146742213517427,10.0,1.0,10.0
1324.0,0.184581458568573,0.184581458568573,0.014006168581545353,0.017376430332660675,0.002714332425966859,10.0,1.0,10.0
1325.0,0.18451924622058868,0.18451924622058868,0.013998624868690968,0.017393063753843307,0.002713993191719055,10.0,1.0,10.0
1326.0,0.1844569742679596,0.1844569742679596,0.013991067185997963,0.017409658059477806,0.0027136649005115032,10.0,1.0,10.0
1327.0,0.18439467251300812,0.18439467251300812,0.013983506709337234,0.017426282167434692,0.0027133335825055838,10.0,1.0,10.0
1328.0,0.1843322515487671,0.1843322515487671,0.013975929468870163,0.017443019896745682,0.002712992485612631,10.0,1.0,10.0
1329.0,0.1842697411775589,0.1842697411775589,0.013968342915177345,0.017459753900766373,0.002712656743824482,10.0,1.0,10.0
1330.0,0.18420718610286713,0.18420718610286713,0.013960747979581356,0.01747644506394863,0.0027123268228024244,10.0,1.0,10.0
1331.0,0.18414461612701416,0.18414461612701416,0.013953148387372494,0.017493199557065964,0.0027119931764900684,10.0,1.0,10.0
1332.0,0.18408198654651642,0.18408198654651642,0.013945542275905609,0.017510022968053818,0.002711653709411621,10.0,1.0,10.0
1333.0,0.18401925265789032,0.18401925265789032,0.013937922194600105,0.017526831477880478,0.0027113205287605524,10.0,1.0,10.0
1334.0,0.18395641446113586,0.18395641446113586,0.013930285349488258,0.017543654888868332,0.0027109908405691385,10.0,1.0,10.0
1335.0,0.18389351665973663,0.18389351665973663,0.013922643847763538,0.017560504376888275,0.0027106571942567825,10.0,1.0,10.0
1336.0,0.1838306337594986,0.1838306337594986,0.01391499862074852,0.017577407881617546,0.002710323315113783,10.0,1.0,10.0
1337.0,0.18376761674880981,0.18376761674880981,0.013907342217862606,0.01759433187544346,0.002709986874833703,10.0,1.0,10.0
1338.0,0.18370451033115387,0.18370451033115387,0.013899670913815498,0.01761126145720482,0.0027096543926745653,10.0,1.0,10.0
1339.0,0.18364131450653076,0.18364131450653076,0.01389198750257492,0.01762819103896618,0.0027093240059912205,10.0,1.0,10.0
1340.0,0.18357811868190765,0.18357811868190765,0.013884306885302067,0.01764519512653351,0.0027089854702353477,10.0,1.0,10.0
1341.0,0.18351484835147858,0.18351484835147858,0.013876616023480892,0.017662201076745987,0.002708650194108486,10.0,1.0,10.0
1342.0,0.18345144391059875,0.18345144391059875,0.0138689074665308,0.017679203301668167,0.00270831654779613,10.0,1.0,10.0
1343.0,0.1833881437778473,0.1833881437778473,0.013861208222806454,0.01769624464213848,0.002707981737330556,10.0,1.0,10.0
1344.0,0.18332456052303314,0.18332456052303314,0.01385347731411457,0.017713332548737526,0.0027076448313891888,10.0,1.0,10.0
1345.0,0.18326105177402496,0.18326105177402496,0.013845751993358135,0.017730427905917168,0.002707310486584902,10.0,1.0,10.0
1346.0,0.18319740891456604,0.18319740891456604,0.013838009908795357,0.017747506499290466,0.002706980798393488,10.0,1.0,10.0
1347.0,0.1831335723400116,0.1831335723400116,0.013830245472490788,0.01776467263698578,0.002706644358113408,10.0,1.0,10.0
1348.0,0.1830698698759079,0.1830698698759079,0.013822494074702263,0.017781859263777733,0.00270630675368011,10.0,1.0,10.0
1349.0,0.1830059438943863,0.1830059438943863,0.013814715668559074,0.017799003049731255,0.0027059782296419144,10.0,1.0,10.0
1350.0,0.1829420030117035,0.1829420030117035,0.013806936331093311,0.017816200852394104,0.0027056436520069838,10.0,1.0,10.0
1351.0,0.1828780323266983,0.1828780323266983,0.01379915326833725,0.017833461984992027,0.0027053046505898237,10.0,1.0,10.0
1352.0,0.1828138828277588,0.1828138828277588,0.013791345991194248,0.017850713804364204,0.002704970771446824,10.0,1.0,10.0
1353.0,0.18274980783462524,0.18274980783462524,0.013783545233309269,0.017867937684059143,0.0027046408504247665,10.0,1.0,10.0
1354.0,0.18268544971942902,0.18268544971942902,0.013775715604424477,0.0178852379322052,0.0027043053414672613,10.0,1.0,10.0
1355.0,0.1826210469007492,0.1826210469007492,0.013767879456281662,0.017902608960866928,0.0027039633132517338,10.0,1.0,10.0
1356.0,0.18255653977394104,0.18255653977394104,0.013760026544332504,0.017919914796948433,0.0027036345563828945,10.0,1.0,10.0
1357.0,0.18249206244945526,0.18249206244945526,0.013752174563705921,0.017937252297997475,0.002703306032344699,10.0,1.0,10.0
1358.0,0.18242743611335754,0.18242743611335754,0.013744305819272995,0.01795467734336853,0.0027029700577259064,10.0,1.0,10.0
1359.0,0.1823626458644867,0.1823626458644867,0.013736417517066002,0.017972102388739586,0.0027026361785829067,10.0,1.0,10.0
1360.0,0.18229791522026062,0.18229791522026062,0.013728532940149307,0.017989514395594597,0.002702308353036642,10.0,1.0,10.0
1361.0,0.18223299086093903,0.18223299086093903,0.013720626942813396,0.01800697110593319,0.0027019756380468607,10.0,1.0,10.0
1362.0,0.1821678876876831,0.1821678876876831,0.01371269952505827,0.018024470657110214,0.0027016415260732174,10.0,1.0,10.0
1363.0,0.18210284411907196,0.18210284411907196,0.013704775832593441,0.018041975796222687,0.0027013106737285852,10.0,1.0,10.0
1364.0,0.1820375919342041,0.1820375919342041,0.013696826994419098,0.018059510737657547,0.002700981218367815,10.0,1.0,10.0
1365.0,0.1819722056388855,0.1819722056388855,0.013688861392438412,0.018077043816447258,0.002700654324144125,10.0,1.0,10.0
1366.0,0.1819067746400833,0.1819067746400833,0.013680887408554554,0.018094662576913834,0.00270032393746078,10.0,1.0,10.0
1367.0,0.1818411946296692,0.1818411946296692,0.013672895729541779,0.018112264573574066,0.002699997741729021,10.0,1.0,10.0
1368.0,0.1817755103111267,0.1817755103111267,0.013664890080690384,0.018129922449588776,0.0026996699161827564,10.0,1.0,10.0
1369.0,0.18170970678329468,0.18170970678329468,0.013656866736710072,0.018147576600313187,0.002699347212910652,10.0,1.0,10.0
1370.0,0.18164388835430145,0.18164388835430145,0.013648838736116886,0.01816524565219879,0.0026990247424691916,10.0,1.0,10.0
1371.0,0.18157783150672913,0.18157783150672913,0.01364078652113676,0.01818300224840641,0.002698696218430996,10.0,1.0,10.0
1372.0,0.18151162564754486,0.18151162564754486,0.013632714748382568,0.01820075884461403,0.0026983728166669607,10.0,1.0,10.0
1373.0,0.18144536018371582,0.18144536018371582,0.013624628074467182,0.018218515440821648,0.002698055701330304,10.0,1.0,10.0
1374.0,0.18137894570827484,0.18137894570827484,0.013616526499390602,0.018236318603157997,0.0026977357920259237,10.0,1.0,10.0
1375.0,0.18131239712238312,0.18131239712238312,0.013608408160507679,0.018254201859235764,0.002697410760447383,10.0,1.0,10.0
1376.0,0.18124572932720184,0.18124572932720184,0.013600271195173264,0.01827204041182995,0.00269709643907845,10.0,1.0,10.0
1377.0,0.18117882311344147,0.18117882311344147,0.013592109084129333,0.018289944157004356,0.0026967795565724373,10.0,1.0,10.0
1378.0,0.18111182749271393,0.18111182749271393,0.013583934865891933,0.018307868391275406,0.0026964617427438498,10.0,1.0,10.0
1379.0,0.1810447722673416,0.1810447722673416,0.01357574574649334,0.01832583174109459,0.0026961476542055607,10.0,1.0,10.0
1380.0,0.18097750842571259,0.18097750842571259,0.01356753334403038,0.018343830481171608,0.002695833332836628,10.0,1.0,10.0
1381.0,0.18091005086898804,0.18091005086898804,0.01355929858982563,0.01836187019944191,0.0026955208741128445,10.0,1.0,10.0
1382.0,0.18084245920181274,0.18084245920181274,0.013551038689911366,0.018379922956228256,0.0026952142361551523,10.0,1.0,10.0
1383.0,0.1807747185230255,0.1807747185230255,0.013542764820158482,0.018398020416498184,0.0026949055027216673,10.0,1.0,10.0
1384.0,0.18070687353610992,0.18070687353610992,0.01353447511792183,0.018416153267025948,0.0026945974677801132,10.0,1.0,10.0
1385.0,0.18063883483409882,0.18063883483409882,0.013526163063943386,0.01843433640897274,0.0026942878030240536,10.0,1.0,10.0
1386.0,0.18057064712047577,0.18057064712047577,0.013517828658223152,0.018452508375048637,0.0026939851231873035,10.0,1.0,10.0
1387.0,0.18050223588943481,0.18050223588943481,0.013509473763406277,0.018470723181962967,0.002693678718060255,10.0,1.0,10.0
1388.0,0.18043369054794312,0.18043369054794312,0.013501092791557312,0.01848899945616722,0.002693375339731574,10.0,1.0,10.0
1389.0,0.18036498129367828,0.18036498129367828,0.013492697849869728,0.018507318571209908,0.002693068701773882,10.0,1.0,10.0
1390.0,0.18029600381851196,0.18029600381851196,0.01348426565527916,0.01852564327418804,0.0026927695143967867,10.0,1.0,10.0
1391.0,0.18022695183753967,0.18022695183753967,0.01347582321614027,0.018544012680649757,0.002692470559850335,10.0,1.0,10.0
1392.0,0.1801576316356659,0.1801576316356659,0.013467349112033844,0.018562447279691696,0.0026921688113361597,10.0,1.0,10.0
1393.0,0.18008816242218018,0.18008816242218018,0.01345885545015335,0.018580883741378784,0.0026918721850961447,10.0,1.0,10.0
1394.0,0.1800185889005661,0.1800185889005661,0.013450346887111664,0.018599359318614006,0.002691575326025486,10.0,1.0,10.0
1395.0,0.17994871735572815,0.17994871735572815,0.013441805727779865,0.01861788146197796,0.002691277302801609,10.0,1.0,10.0
1396.0,0.1798785924911499,0.1798785924911499,0.013433236628770828,0.01863645575940609,0.00269097788259387,10.0,1.0,10.0
1397.0,0.17980831861495972,0.17980831861495972,0.013424646109342575,0.018655046820640564,0.0026906803250312805,10.0,1.0,10.0
1398.0,0.17973794043064117,0.17973794043064117,0.013416039757430553,0.01867366023361683,0.0026903885882347822,10.0,1.0,10.0
1399.0,0.17966720461845398,0.17966720461845398,0.013407398015260696,0.018692348152399063,0.0026900891680270433,10.0,1.0,10.0
1400.0,0.17959637939929962,0.17959637939929962,0.013398741371929646,0.018711065873503685,0.0026897904463112354,10.0,1.0,10.0
1401.0,0.1795251965522766,0.1795251965522766,0.013390044681727886,0.018729809671640396,0.002689494751393795,10.0,1.0,10.0
1402.0,0.17945396900177002,0.17945396900177002,0.01338134054094553,0.018748583272099495,0.0026891976594924927,10.0,1.0,10.0
1403.0,0.17938239872455597,0.17938239872455597,0.013372600078582764,0.01876739040017128,0.0026889010332524776,10.0,1.0,10.0
1404.0,0.1793106198310852,0.1793106198310852,0.013363835401833057,0.018786273896694183,0.002688598819077015,10.0,1.0,10.0
1405.0,0.1792387068271637,0.1792387068271637,0.013355055823922157,0.018805190920829773,0.0026882956735789776,10.0,1.0,10.0
1406.0,0.17916646599769592,0.17916646599769592,0.013346238993108273,0.01882408931851387,0.0026879990473389626,10.0,1.0,10.0
1407.0,0.17909395694732666,0.17909395694732666,0.013337393291294575,0.018843067809939384,0.0026876963675022125,10.0,1.0,10.0
1408.0,0.17902137339115143,0.17902137339115143,0.013328536413609982,0.01886211335659027,0.0026873897295445204,10.0,1.0,10.0
1409.0,0.17894834280014038,0.17894834280014038,0.013319633901119232,0.018881164491176605,0.00268708448857069,10.0,1.0,10.0
1410.0,0.1788751482963562,0.1788751482963562,0.013310713693499565,0.018900234252214432,0.002686778549104929,10.0,1.0,10.0
1411.0,0.17880184948444366,0.17880184948444366,0.013301781378686428,0.01891935057938099,0.0026864688843488693,10.0,1.0,10.0
1412.0,0.1787281632423401,0.1787281632423401,0.013292809017002583,0.018938571214675903,0.002686151070520282,10.0,1.0,10.0
1413.0,0.17865419387817383,0.17865419387817383,0.0132838049903512,0.018957754597067833,0.002685838146135211,10.0,1.0,10.0
1414.0,0.17857997119426727,0.17857997119426727,0.013274775817990303,0.01897696778178215,0.0026855242904275656,10.0,1.0,10.0
1415.0,0.178505539894104,0.178505539894104,0.013265728950500488,0.018996290862560272,0.0026851959992200136,10.0,1.0,10.0
1416.0,0.17843085527420044,0.17843085527420044,0.01325665321201086,0.01901562698185444,0.002684870269149542,10.0,1.0,10.0
1417.0,0.17835579812526703,0.17835579812526703,0.013247540220618248,0.01903495192527771,0.00268454453907907,10.0,1.0,10.0
1418.0,0.1782805472612381,0.1782805472612381,0.013238406740128994,0.019054342061281204,0.0026842141523957253,10.0,1.0,10.0
1419.0,0.17820502817630768,0.17820502817630768,0.01322924718260765,0.01907382346689701,0.0026838714256882668,10.0,1.0,10.0
1420.0,0.1781291663646698,0.1781291663646698,0.013220060616731644,0.019093282520771027,0.00268353009596467,10.0,1.0,10.0
1421.0,0.17805302143096924,0.17805302143096924,0.013210838660597801,0.019112782552838326,0.002683185040950775,10.0,1.0,10.0
1422.0,0.17797669768333435,0.17797669768333435,0.01320160087198019,0.019132347777485847,0.0026828341651707888,10.0,1.0,10.0
1423.0,0.17789998650550842,0.17789998650550842,0.013192328624427319,0.019151942804455757,0.0026824751403182745,10.0,1.0,10.0
1424.0,0.17782297730445862,0.17782297730445862,0.013183029368519783,0.019171584397554398,0.0026821112260222435,10.0,1.0,10.0
1425.0,0.1777457892894745,0.1777457892894745,0.013173708692193031,0.019191240891814232,0.002681746380403638,10.0,1.0,10.0
1426.0,0.17766821384429932,0.17766821384429932,0.013164354488253593,0.019210953265428543,0.002681371755897999,10.0,1.0,10.0
1427.0,0.17759034037590027,0.17759034037590027,0.013154973275959492,0.01923069730401039,0.0026809917762875557,10.0,1.0,10.0
1428.0,0.17751213908195496,0.17751213908195496,0.013145563192665577,0.019250525161623955,0.002680598758161068,10.0,1.0,10.0
1429.0,0.17743363976478577,0.17743363976478577,0.013136123307049274,0.01927032135426998,0.0026802089996635914,10.0,1.0,10.0
1430.0,0.1773548722267151,0.1773548722267151,0.013126659207046032,0.019290190190076828,0.002679808298125863,10.0,1.0,10.0
1431.0,0.17727568745613098,0.17727568745613098,0.013117162510752678,0.01931012235581875,0.0026793943252414465,10.0,1.0,10.0
1432.0,0.17719630897045135,0.17719630897045135,0.013107648119330406,0.019330065697431564,0.0026789759285748005,10.0,1.0,10.0
1433.0,0.1771164983510971,0.1771164983510971,0.013098097406327724,0.01935003139078617,0.0026785493828356266,10.0,1.0,10.0
1434.0,0.17703638970851898,0.17703638970851898,0.013088518753647804,0.01937006413936615,0.002678114688023925,10.0,1.0,10.0
1435.0,0.1769559532403946,0.1769559532403946,0.013078910298645496,0.019390134140849113,0.0026776716113090515,10.0,1.0,10.0
1436.0,0.1768752485513687,0.1768752485513687,0.013069277629256248,0.019410252571105957,0.0026772210840135813,10.0,1.0,10.0
1437.0,0.17679418623447418,0.17679418623447418,0.013059618882834911,0.01943041756749153,0.0026767586823552847,10.0,1.0,10.0
1438.0,0.1767127513885498,0.1767127513885498,0.013049923814833164,0.019450610503554344,0.002676289528608322,10.0,1.0,10.0
1439.0,0.17663094401359558,0.17663094401359558,0.01304019894450903,0.019470851868391037,0.0026758096646517515,10.0,1.0,10.0
1440.0,0.17654886841773987,0.17654886841773987,0.013030452653765678,0.019491147249937057,0.00267531955614686,10.0,1.0,10.0
1441.0,0.17646640539169312,0.17646640539169312,0.01302067656069994,0.019511476159095764,0.002674815943464637,10.0,1.0,10.0
1442.0,0.17638356983661652,0.17638356983661652,0.013010868802666664,0.019531846046447754,0.0026743044145405293,10.0,1.0,10.0
1443.0,0.17630039155483246,0.17630039155483246,0.01300103310495615,0.01955225132405758,0.0026737814769148827,10.0,1.0,10.0
1444.0,0.17621691524982452,0.17621691524982452,0.01299117598682642,0.01957271434366703,0.002673243172466755,10.0,1.0,10.0
1445.0,0.17613303661346436,0.17613303661346436,0.012981281615793705,0.019593242555856705,0.002672698348760605,10.0,1.0,10.0
1446.0,0.17604880034923553,0.17604880034923553,0.012971358373761177,0.01961377263069153,0.0026721451431512833,10.0,1.0,10.0
1447.0,0.17596416175365448,0.17596416175365448,0.012961401604115963,0.01963437907397747,0.002671576803550124,10.0,1.0,10.0
1448.0,0.17587921023368835,0.17587921023368835,0.012951419688761234,0.01965506374835968,0.0026709947269409895,10.0,1.0,10.0
1449.0,0.1757938265800476,0.1757938265800476,0.012941401451826096,0.019675757735967636,0.002670404501259327,10.0,1.0,10.0
1450.0,0.1757081151008606,0.1757081151008606,0.012931360863149166,0.019696516916155815,0.002669799607247114,10.0,1.0,10.0
1451.0,0.17562203109264374,0.17562203109264374,0.0129212886095047,0.019717317074537277,0.002669182838872075,10.0,1.0,10.0
1452.0,0.17553555965423584,0.17553555965423584,0.012911188416182995,0.019738197326660156,0.0026685483753681183,10.0,1.0,10.0
1453.0,0.17544879019260406,0.17544879019260406,0.012901066802442074,0.01975908689200878,0.0026679036673158407,10.0,1.0,10.0
1454.0,0.17536157369613647,0.17536157369613647,0.012890907935798168,0.01978003978729248,0.002667244989424944,10.0,1.0,10.0
1455.0,0.17527392506599426,0.17527392506599426,0.012880715541541576,0.019801054149866104,0.0026665711775422096,10.0,1.0,10.0
1456.0,0.1751859486103058,0.1751859486103058,0.012870497070252895,0.019822154194116592,0.0026658838614821434,10.0,1.0,10.0
1457.0,0.17509756982326508,0.17509756982326508,0.012860246002674103,0.019843272864818573,0.002665184671059251,10.0,1.0,10.0
1458.0,0.17500881850719452,0.17500881850719452,0.012849963270127773,0.019864462316036224,0.0026644717436283827,10.0,1.0,10.0
1459.0,0.1749197393655777,0.1749197393655777,0.012839656323194504,0.01988574117422104,0.002663741586729884,10.0,1.0,10.0
1460.0,0.17483018338680267,0.17483018338680267,0.01282931212335825,0.019907036796212196,0.002663001883774996,10.0,1.0,10.0
1461.0,0.17474019527435303,0.17474019527435303,0.01281893439590931,0.019928431138396263,0.0026622426230460405,10.0,1.0,10.0
1462.0,0.17464980483055115,0.17464980483055115,0.012808522209525108,0.01994984783232212,0.0026614731177687645,10.0,1.0,10.0
1463.0,0.17455916106700897,0.17455916106700897,0.012798097915947437,0.019971376284956932,0.0026606812607496977,10.0,1.0,10.0
1464.0,0.1744680106639862,0.1744680106639862,0.012787628918886185,0.019992966204881668,0.0026598763652145863,10.0,1.0,10.0
1465.0,0.1743764728307724,0.1743764728307724,0.01277712918817997,0.020014561712741852,0.002659062622115016,10.0,1.0,10.0
1466.0,0.17428460717201233,0.17428460717201233,0.012766605243086815,0.020036280155181885,0.002658226527273655,10.0,1.0,10.0
1467.0,0.17419229447841644,0.17419229447841644,0.012756049633026123,0.020058106631040573,0.002657368779182434,10.0,1.0,10.0
1468.0,0.17409954965114594,0.17409954965114594,0.012745453044772148,0.020079918205738068,0.0026565094012767076,10.0,1.0,10.0
1469.0,0.17400644719600677,0.17400644719600677,0.012734832242131233,0.02010183036327362,0.0026556295342743397,10.0,1.0,10.0
1470.0,0.1739129275083542,0.1739129275083542,0.012724180705845356,0.020123865455389023,0.002654725220054388,10.0,1.0,10.0
1471.0,0.17381905019283295,0.17381905019283295,0.012713499367237091,0.020145967602729797,0.0026538094971328974,10.0,1.0,10.0
1472.0,0.1737246811389923,0.1737246811389923,0.012702775187790394,0.020168084651231766,0.0026528844609856606,10.0,1.0,10.0
1473.0,0.1736299693584442,0.1736299693584442,0.012692024931311607,0.02019033208489418,0.002651938470080495,10.0,1.0,10.0
1474.0,0.1735348403453827,0.1735348403453827,0.012681246735155582,0.020212702453136444,0.002650967799127102,10.0,1.0,10.0
1475.0,0.17343926429748535,0.17343926429748535,0.012670425698161125,0.0202350951731205,0.0026499920058995485,10.0,1.0,10.0
1476.0,0.17334337532520294,0.17334337532520294,0.012659583240747452,0.02025754563510418,0.0026490006130188704,10.0,1.0,10.0
1477.0,0.17324703931808472,0.17324703931808472,0.012648706324398518,0.020280171185731888,0.0026479805819690228,10.0,1.0,10.0
1478.0,0.17315030097961426,0.17315030097961426,0.01263780053704977,0.02030286006629467,0.0026469447184354067,10.0,1.0,10.0
1479.0,0.17305317521095276,0.17305317521095276,0.012626858428120613,0.02032557688653469,0.0026459016371518373,10.0,1.0,10.0
1480.0,0.17295563220977783,0.17295563220977783,0.01261588279157877,0.020348431542515755,0.0026448373682796955,10.0,1.0,10.0
1481.0,0.17285765707492828,0.17285765707492828,0.012604872696101665,0.020371418446302414,0.00264375121332705,10.0,1.0,10.0
1482.0,0.17275938391685486,0.17275938391685486,0.012593837454915047,0.020394491031765938,0.002642652252689004,10.0,1.0,10.0
1483.0,0.17266061902046204,0.17266061902046204,0.012582757510244846,0.020417585968971252,0.0026415458414703608,10.0,1.0,10.0
1484.0,0.17256152629852295,0.17256152629852295,0.01257165428251028,0.020440872758626938,0.002640411024913192,10.0,1.0,10.0
1485.0,0.17246201634407043,0.17246201634407043,0.012560518458485603,0.020464282482862473,0.0026392550207674503,10.0,1.0,10.0
1486.0,0.17236214876174927,0.17236214876174927,0.01254934910684824,0.020487705245614052,0.002638094360008836,10.0,1.0,10.0
1487.0,0.1722618192434311,0.1722618192434311,0.012538144364953041,0.020511256530880928,0.0026369120460003614,10.0,1.0,10.0
1488.0,0.17216116189956665,0.17216116189956665,0.012526913546025753,0.020534992218017578,0.0026357038877904415,10.0,1.0,10.0
1489.0,0.1720600724220276,0.1720600724220276,0.012515641748905182,0.020558780059218407,0.002634488046169281,10.0,1.0,10.0
1490.0,0.17195862531661987,0.17195862531661987,0.012504339218139648,0.02058267965912819,0.002633255673572421,10.0,1.0,10.0
1491.0,0.1718568354845047,0.1718568354845047,0.012493007816374302,0.020606715232133865,0.002632004441693425,10.0,1.0,10.0
1492.0,0.17175458371639252,0.17175458371639252,0.012481634505093098,0.020630907267332077,0.002630733186379075,10.0,1.0,10.0
1493.0,0.17165207862854004,0.17165207862854004,0.012470241636037827,0.02065517194569111,0.0026294486597180367,10.0,1.0,10.0
1494.0,0.17154903709888458,0.17154903709888458,0.012458798475563526,0.020679552108049393,0.0026281510945409536,10.0,1.0,10.0
1495.0,0.17144575715065002,0.17144575715065002,0.012447335757315159,0.020704112946987152,0.0026268286164849997,10.0,1.0,10.0
1496.0,0.17134207487106323,0.17134207487106323,0.012435839511454105,0.020728766918182373,0.0026254926342517138,10.0,1.0,10.0
1497.0,0.17123809456825256,0.17123809456825256,0.01242431253194809,0.02075355313718319,0.0026241415180265903,10.0,1.0,10.0
1498.0,0.17113368213176727,0.17113368213176727,0.01241274643689394,0.020778458565473557,0.002622776199132204,10.0,1.0,10.0
1499.0,0.17102892696857452,0.17102892696857452,0.012401149608194828,0.02080357074737549,0.0026213873643428087,10.0,1.0,10.0
1500.0,0.1709238737821579,0.1709238737821579,0.01238952111452818,0.02082877978682518,0.0026199871208518744,10.0,1.0,10.0
