epoch,loss_total,objective_total,loss_data,loss_physics,loss_boundary,weight_data,weight_physics,weight_boundary
1.0,5.435827255249023,5.435827255249023,0.2192879319190979,0.5462096333503723,0.26967382431030273,10.0,1.0,10.0
2.0,4.899893760681152,4.899893760681152,0.19133074581623077,0.545333206653595,0.24412529170513153,10.0,1.0,10.0
3.0,4.475396156311035,4.475396156311035,0.1678469330072403,0.5422112345695496,0.22547155618667603,10.0,1.0,10.0
4.0,4.1443939208984375,4.1443939208984375,0.14769712090492249,0.5373052358627319,0.21301177144050598,10.0,1.0,10.0
5.0,3.9026191234588623,3.9026191234588623,0.13058897852897644,0.5310564041137695,0.20656728744506836,10.0,1.0,10.0
6.0,3.7503185272216797,3.7503185272216797,0.11653894931077957,0.523951530456543,0.20609775185585022,10.0,1.0,10.0
7.0,3.6863672733306885,3.6863672733306885,0.10570474714040756,0.5165725350379944,0.21127472817897797,10.0,1.0,10.0
8.0,3.6975769996643066,3.6975769996643066,0.09809888899326324,0.5096169710159302,0.22069710493087769,10.0,1.0,10.0
9.0,3.750885009765625,3.750885009765625,0.09331897646188736,0.5038548111915588,0.2313840389251709,10.0,1.0,10.0
10.0,3.804879903793335,3.804879903793335,0.09063098579645157,0.4998937249183655,0.23986764252185822,10.0,1.0,10.0
11.0,3.8303608894348145,3.8303608894348145,0.0892966240644455,0.49784329533576965,0.24395513534545898,10.0,1.0,10.0
12.0,3.819322109222412,3.819322109222412,0.08884258568286896,0.4974326491355896,0.24334634840488434,10.0,1.0,10.0
13.0,3.7804105281829834,3.7804105281829834,0.08913576602935791,0.4983213245868683,0.23907315731048584,10.0,1.0,10.0
14.0,3.7294936180114746,3.7294936180114746,0.09024372696876526,0.5002108216285706,0.23268456757068634,10.0,1.0,10.0
15.0,3.681727886199951,3.681727886199951,0.09222395718097687,0.5028094053268433,0.22566790878772736,10.0,1.0,10.0
16.0,3.6469357013702393,3.6469357013702393,0.09497407078742981,0.5057750940322876,0.21914198994636536,10.0,1.0,10.0
17.0,3.6283059120178223,3.6283059120178223,0.09821069240570068,0.508704423904419,0.2137494683265686,10.0,1.0,10.0
18.0,3.623703718185425,3.623703718185425,0.10156217217445374,0.5111859440803528,0.20968961715698242,10.0,1.0,10.0
19.0,3.6280269622802734,3.6280269622802734,0.10467860847711563,0.5128950476646423,0.2068345844745636,10.0,1.0,10.0
20.0,3.6352176666259766,3.6352176666259766,0.10728035867214203,0.5136723518371582,0.204874187707901,10.0,1.0,10.0
21.0,3.6397385597229004,3.6397385597229004,0.1091587170958519,0.5135411620140076,0.20346103608608246,10.0,1.0,10.0
22.0,3.63791561126709,3.63791561126709,0.11018560081720352,0.5126630663871765,0.20233964920043945,10.0,1.0,10.0
23.0,3.628781795501709,3.628781795501709,0.11033524572849274,0.5112664103507996,0.20141629874706268,10.0,1.0,10.0
24.0,3.6137759685516357,3.6137759685516357,0.1096801608800888,0.509584367275238,0.20073899626731873,10.0,1.0,10.0
25.0,3.5956034660339355,3.5956034660339355,0.10835953056812286,0.5078161358833313,0.20041920244693756,10.0,1.0,10.0
26.0,3.5771539211273193,3.5771539211273193,0.1065511554479599,0.5061041116714478,0.20055381953716278,10.0,1.0,10.0
27.0,3.5609147548675537,3.5609147548675537,0.1044592410326004,0.5045247077941895,0.20117975771427155,10.0,1.0,10.0
28.0,3.5486254692077637,3.5486254692077637,0.10229840129613876,0.5030956268310547,0.20225457847118378,10.0,1.0,10.0
29.0,3.540825605392456,3.540825605392456,0.10025834292173386,0.5017973184585571,0.20364448428153992,10.0,1.0,10.0
30.0,3.53653883934021,3.53653883934021,0.09846875816583633,0.5005964636802673,0.20512548089027405,10.0,1.0,10.0
31.0,3.5336318016052246,3.5336318016052246,0.0969974473118782,0.4994624853134155,0.20641949772834778,10.0,1.0,10.0
32.0,3.529783248901367,3.529783248901367,0.09587857127189636,0.4983762502670288,0.20726212859153748,10.0,1.0,10.0
33.0,3.5233354568481445,3.5233354568481445,0.09513309597969055,0.4973398745059967,0.20746645331382751,10.0,1.0,10.0
34.0,3.5136194229125977,3.5136194229125977,0.0947646051645279,0.4963884651660919,0.20695850253105164,10.0,1.0,10.0
35.0,3.500995635986328,3.500995635986328,0.0947541818022728,0.49559256434440613,0.2057861089706421,10.0,1.0,10.0
36.0,3.4867470264434814,3.4867470264434814,0.09506869316101074,0.49503612518310547,0.20410239696502686,10.0,1.0,10.0
37.0,3.4726226329803467,3.4726226329803467,0.09566619247198105,0.49477526545524597,0.20211853086948395,10.0,1.0,10.0
38.0,3.460080623626709,3.460080623626709,0.09648600220680237,0.49480193853378296,0.20004187524318695,10.0,1.0,10.0
39.0,3.4497313499450684,3.4497313499450684,0.09743722528219223,0.495033860206604,0.19803251326084137,10.0,1.0,10.0
40.0,3.4412946701049805,3.4412946701049805,0.09839943051338196,0.49533581733703613,0.19619646668434143,10.0,1.0,10.0
41.0,3.4338467121124268,3.4338467121124268,0.09923186898231506,0.49555718898773193,0.19459708034992218,10.0,1.0,10.0
42.0,3.4261088371276855,3.4261088371276855,0.09979088604450226,0.4955659806728363,0.19326339662075043,10.0,1.0,10.0
43.0,3.416891574859619,3.416891574859619,0.09996496140956879,0.49527275562286377,0.19219692051410675,10.0,1.0,10.0
44.0,3.4056129455566406,3.4056129455566406,0.09971502423286438,0.49464327096939087,0.19138193130493164,10.0,1.0,10.0
45.0,3.3924736976623535,3.3924736976623535,0.09908469021320343,0.49370330572128296,0.19079235196113586,10.0,1.0,10.0
46.0,3.378206729888916,3.378206729888916,0.09817501157522202,0.4925346374511719,0.19039218127727509,10.0,1.0,10.0
47.0,3.3637287616729736,3.3637287616729736,0.09711257368326187,0.491260290145874,0.19013427197933197,10.0,1.0,10.0
48.0,3.349806547164917,3.349806547164917,0.09602722525596619,0.49001505970954895,0.18995192646980286,10.0,1.0,10.0
49.0,3.336678981781006,3.336678981781006,0.0950360968708992,0.4889075458049774,0.18974106013774872,10.0,1.0,10.0
50.0,3.3239309787750244,3.3239309787750244,0.09423644840717316,0.4879886507987976,0.18935778737068176,10.0,1.0,10.0
51.0,3.3108158111572266,3.3108158111572266,0.09370647370815277,0.4872446656227112,0.18865063786506653,10.0,1.0,10.0
52.0,3.2966837882995605,3.2966837882995605,0.0934963971376419,0.48661887645721436,0.18751008808612823,10.0,1.0,10.0
53.0,3.2812530994415283,3.2812530994415283,0.0936119556427002,0.48604440689086914,0.18590891361236572,10.0,1.0,10.0
54.0,3.2647593021392822,3.2647593021392822,0.09400907158851624,0.4854689836502075,0.18391995131969452,10.0,1.0,10.0
55.0,3.2477922439575195,3.2477922439575195,0.09459518641233444,0.48486489057540894,0.1816975474357605,10.0,1.0,10.0
56.0,3.2308061122894287,3.2308061122894287,0.09523028880357742,0.4842250645160675,0.17942781746387482,10.0,1.0,10.0
57.0,3.213805913925171,3.213805913925171,0.09574668854475021,0.4835527241230011,0.17727862298488617,10.0,1.0,10.0
58.0,3.1963725090026855,3.1963725090026855,0.09598547220230103,0.4828488230705261,0.17536689341068268,10.0,1.0,10.0
59.0,3.177891969680786,3.177891969680786,0.0958297923207283,0.48210766911506653,0.17374864220619202,10.0,1.0,10.0
60.0,3.1580052375793457,3.1580052375793457,0.09523484855890274,0.4813234806060791,0.17243333160877228,10.0,1.0,10.0
61.0,3.13687801361084,3.13687801361084,0.09424518048763275,0.4804947078227997,0.17139312624931335,10.0,1.0,10.0
62.0,3.11495304107666,3.11495304107666,0.09299197793006897,0.4796147644519806,0.17054183781147003,10.0,1.0,10.0
63.0,3.0925300121307373,3.0925300121307373,0.09167537093162537,0.4786533713340759,0.16971229016780853,10.0,1.0,10.0
64.0,3.0694265365600586,3.0694265365600586,0.09051448106765747,0.47755131125450134,0.16867303848266602,10.0,1.0,10.0
65.0,3.045042037963867,3.045042037963867,0.089676633477211,0.4762426018714905,0.16720330715179443,10.0,1.0,10.0
66.0,3.018913745880127,3.018913745880127,0.08923015743494034,0.47468656301498413,0.16519255936145782,10.0,1.0,10.0
67.0,2.9910688400268555,2.9910688400268555,0.0891309306025505,0.47287845611572266,0.16268812119960785,10.0,1.0,10.0
68.0,2.961902141571045,2.961902141571045,0.08923444151878357,0.4708349406719208,0.15987229347229004,10.0,1.0,10.0
69.0,2.9316024780273438,2.9316024780273438,0.08930997550487518,0.4685747027397156,0.15699279308319092,10.0,1.0,10.0
70.0,2.8997111320495605,2.8997111320495605,0.08907446265220642,0.46610409021377563,0.1542862355709076,10.0,1.0,10.0
71.0,2.8654537200927734,2.8654537200927734,0.08828838914632797,0.46340638399124146,0.15191632509231567,10.0,1.0,10.0
72.0,2.8284049034118652,2.8284049034118652,0.08687632530927658,0.4604374170303345,0.14992040395736694,10.0,1.0,10.0
73.0,2.788766860961914,2.788766860961914,0.084986113011837,0.4571308195590973,0.14817747473716736,10.0,1.0,10.0
74.0,2.746760368347168,2.746760368347168,0.08291580528020859,0.45341193675994873,0.14641904830932617,10.0,1.0,10.0
75.0,2.702054500579834,2.702054500579834,0.08096396178007126,0.4492194950580597,0.144319549202919,10.0,1.0,10.0
76.0,2.654014825820923,2.654014825820923,0.07930279523134232,0.4445258677005768,0.1416461020708084,10.0,1.0,10.0
77.0,2.602421998977661,2.602421998977661,0.07792534679174423,0.43932610750198364,0.13838425278663635,10.0,1.0,10.0
78.0,2.547457456588745,2.547457456588745,0.07663415372371674,0.43359291553497314,0.1347523033618927,10.0,1.0,10.0
79.0,2.4889678955078125,2.4889678955078125,0.07508579641580582,0.4272356927394867,0.13108742237091064,10.0,1.0,10.0
80.0,2.4263124465942383,2.4263124465942383,0.07296524196863174,0.4201050102710724,0.1276555210351944,10.0,1.0,10.0
81.0,2.3591737747192383,2.3591737747192383,0.07021184265613556,0.4120674133300781,0.12449879944324493,10.0,1.0,10.0
82.0,2.2878096103668213,2.2878096103668213,0.06705813109874725,0.40311354398727417,0.12141146510839462,10.0,1.0,10.0
83.0,2.2122573852539062,2.2122573852539062,0.06384947896003723,0.3934015929698944,0.11803609132766724,10.0,1.0,10.0
84.0,2.132081985473633,2.132081985473633,0.060831218957901,0.38317304849624634,0.11405965685844421,10.0,1.0,10.0
85.0,2.047245502471924,2.047245502471924,0.05801258981227875,0.37256908416748047,0.10945503413677216,10.0,1.0,10.0
86.0,1.9581687450408936,1.9581687450408936,0.055133696645498276,0.3614448010921478,0.10453870892524719,10.0,1.0,10.0
87.0,1.8648567199707031,1.8648567199707031,0.05183570459485054,0.34935110807418823,0.09971486032009125,10.0,1.0,10.0
88.0,1.7671787738800049,1.7671787738800049,0.04799780994653702,0.3358517289161682,0.09513489902019501,10.0,1.0,10.0
89.0,1.6656864881515503,1.6656864881515503,0.043864693492650986,0.32100555300712585,0.09060339629650116,10.0,1.0,10.0
90.0,1.5609663724899292,1.5609663724899292,0.03982309252023697,0.30547094345092773,0.08572645485401154,10.0,1.0,10.0
91.0,1.4533331394195557,1.4533331394195557,0.036110229790210724,0.2899811863899231,0.08022496849298477,10.0,1.0,10.0
92.0,1.3436787128448486,1.3436787128448486,0.03261468559503555,0.27461475133895874,0.07429172098636627,10.0,1.0,10.0
93.0,1.2329292297363281,1.2329292297363281,0.028987957164645195,0.25861856341362,0.06844311207532883,10.0,1.0,10.0
94.0,1.121754765510559,1.121754765510559,0.025098595768213272,0.24132435023784637,0.0629444494843483,10.0,1.0,10.0
95.0,1.0116193294525146,1.0116193294525146,0.021206969395279884,0.2233062982559204,0.05762433260679245,10.0,1.0,10.0
96.0,0.9039943218231201,0.9039943218231201,0.01770227588713169,0.2061823010444641,0.05207892879843712,10.0,1.0,10.0
97.0,0.800296425819397,0.800296425819397,0.014716574922204018,0.1909170150756836,0.04622136428952217,10.0,1.0,10.0
98.0,0.7024132013320923,0.7024132013320923,0.012008946388959885,0.17658866941928864,0.04057350382208824,10.0,1.0,10.0
99.0,0.6118131875991821,0.6118131875991821,0.009498399682343006,0.16220006346702576,0.03546290844678879,10.0,1.0,10.0
100.0,0.5305144190788269,0.5305144190788269,0.007315791677683592,0.14869828522205353,0.03086582012474537,10.0,1.0,10.0
101.0,0.46032947301864624,0.46032947301864624,0.0058793555945158005,0.13920538127422333,0.02623305469751358,10.0,1.0,10.0
102.0,0.4040405750274658,0.4040405750274658,0.00482681579887867,0.13228674232959747,0.022348565980792046,10.0,1.0,10.0
103.0,0.36954474449157715,0.36954474449157715,0.0052299196831882,0.13183553516864777,0.01854100078344345,10.0,1.0,10.0
104.0,0.35687538981437683,0.35687538981437683,0.005340426694601774,0.12469036132097244,0.017878076061606407,10.0,1.0,10.0
105.0,0.32076191902160645,0.32076191902160645,0.005326530896127224,0.13126149773597717,0.013623510487377644,10.0,1.0,10.0
106.0,0.30553334951400757,0.30553334951400757,0.005400465335696936,0.13508176803588867,0.011644692160189152,10.0,1.0,10.0
107.0,0.32562607526779175,0.32562607526779175,0.006825529038906097,0.13701818883419037,0.01203525997698307,10.0,1.0,10.0
108.0,0.31249484419822693,0.31249484419822693,0.007062490098178387,0.14563176035881042,0.009623818099498749,10.0,1.0,10.0
109.0,0.3250545859336853,0.3250545859336853,0.008162572979927063,0.1520441621541977,0.009138467721641064,10.0,1.0,10.0
110.0,0.3381248712539673,0.3381248712539673,0.00889675784856081,0.1512160301208496,0.009794126264750957,10.0,1.0,10.0
111.0,0.32695725560188293,0.32695725560188293,0.008547154255211353,0.1555207371711731,0.008596498519182205,10.0,1.0,10.0
112.0,0.3378061354160309,0.3378061354160309,0.009457636624574661,0.15886251628398895,0.008436723612248898,10.0,1.0,10.0
113.0,0.3231053650379181,0.3231053650379181,0.008827783167362213,0.14854872226715088,0.008627880364656448,10.0,1.0,10.0
114.0,0.309470534324646,0.309470534324646,0.008215179666876793,0.14351312816143036,0.008380560204386711,10.0,1.0,10.0
115.0,0.2983674705028534,0.2983674705028534,0.007900753989815712,0.1403205543756485,0.007903938181698322,10.0,1.0,10.0
116.0,0.2695043683052063,0.2695043683052063,0.0065702819265425205,0.12670376896858215,0.0077097755856812,10.0,1.0,10.0
117.0,0.2564024329185486,0.2564024329185486,0.00601225346326828,0.1151585802435875,0.008112133480608463,10.0,1.0,10.0
118.0,0.2299957275390625,0.2299957275390625,0.004908132832497358,0.10684924572706223,0.007406515069305897,10.0,1.0,10.0
119.0,0.21338656544685364,0.21338656544685364,0.004219017922878265,0.09799303859472275,0.0073203351348638535,10.0,1.0,10.0
120.0,0.19772273302078247,0.19772273302078247,0.00337474443949759,0.0868309959769249,0.007714428473263979,10.0,1.0,10.0
121.0,0.18179073929786682,0.18179073929786682,0.00267020077444613,0.0781354010105133,0.007695333566516638,10.0,1.0,10.0
122.0,0.17600512504577637,0.17600512504577637,0.002605503425002098,0.07298208773136139,0.0076968008652329445,10.0,1.0,10.0
123.0,0.16503724455833435,0.16503724455833435,0.0020169075578451157,0.06698524206876755,0.007788293994963169,10.0,1.0,10.0
124.0,0.16410121321678162,0.16410121321678162,0.001935550943017006,0.06188739463686943,0.008285831660032272,10.0,1.0,10.0
125.0,0.15907785296440125,0.15907785296440125,0.001782120787538588,0.05749373883008957,0.0083762900903821,10.0,1.0,10.0
126.0,0.15825101733207703,0.15825101733207703,0.0018256695475429296,0.054663341492414474,0.008533098734915257,10.0,1.0,10.0
127.0,0.1571294516324997,0.1571294516324997,0.0018162959022447467,0.05242665112018585,0.008653984405100346,10.0,1.0,10.0
128.0,0.15382005274295807,0.15382005274295807,0.0017658337019383907,0.050189387053251266,0.008597232401371002,10.0,1.0,10.0
129.0,0.15317431092262268,0.15317431092262268,0.0018589922692626715,0.04814107343554497,0.008644331246614456,10.0,1.0,10.0
130.0,0.14742888510227203,0.14742888510227203,0.0016451431438326836,0.04597261920571327,0.008500483818352222,10.0,1.0,10.0
131.0,0.14437870681285858,0.14437870681285858,0.001688453834503889,0.045087847858667374,0.00824063178151846,10.0,1.0,10.0
132.0,0.137932687997818,0.137932687997818,0.0016227782471105456,0.044355522841215134,0.007734937593340874,10.0,1.0,10.0
133.0,0.13154074549674988,0.13154074549674988,0.001457282924093306,0.04286527633666992,0.007410264573991299,10.0,1.0,10.0
134.0,0.1258809119462967,0.1258809119462967,0.0013244838919490576,0.04155045375227928,0.00710856169462204,10.0,1.0,10.0
135.0,0.1179279014468193,0.1179279014468193,0.0012011331273242831,0.04151938483119011,0.006439718883484602,10.0,1.0,10.0
136.0,0.11269659548997879,0.11269659548997879,0.0011970573104918003,0.04173566401004791,0.0058990358375012875,10.0,1.0,10.0
137.0,0.10644762217998505,0.10644762217998505,0.001034296816214919,0.04076134413480759,0.005534330382943153,10.0,1.0,10.0
138.0,0.10079961270093918,0.10079961270093918,0.0009488126379437745,0.040577903389930725,0.005073358304798603,10.0,1.0,10.0
139.0,0.09716413915157318,0.09716413915157318,0.0010004312498494983,0.041248224675655365,0.004591160453855991,10.0,1.0,10.0
140.0,0.09263984858989716,0.09263984858989716,0.0009253219468519092,0.040836215019226074,0.004255041480064392,10.0,1.0,10.0
141.0,0.08921657502651215,0.08921657502651215,0.0009028210188262165,0.04044855386018753,0.003973981365561485,10.0,1.0,10.0
142.0,0.08697646856307983,0.08697646856307983,0.000950851826928556,0.04038313031196594,0.003708482254296541,10.0,1.0,10.0
143.0,0.0838007777929306,0.0838007777929306,0.0009108958183787763,0.039537213742733,0.00351546099409461,10.0,1.0,10.0
144.0,0.08115188777446747,0.08115188777446747,0.0009041705052368343,0.0387481190264225,0.0033362065441906452,10.0,1.0,10.0
145.0,0.0792342945933342,0.0792342945933342,0.000928236753679812,0.037776630371809006,0.0032175295054912567,10.0,1.0,10.0
146.0,0.07654283940792084,0.07654283940792084,0.0008819348877295852,0.036141928285360336,0.0031581558287143707,10.0,1.0,10.0
147.0,0.07361799478530884,0.07361799478530884,0.0008658544393256307,0.03485751152038574,0.003010193817317486,10.0,1.0,10.0
148.0,0.07131539285182953,0.07131539285182953,0.0008684833301231265,0.033328622579574585,0.002930194139480591,10.0,1.0,10.0
149.0,0.06890566647052765,0.06890566647052765,0.000820374523755163,0.0313979908823967,0.0029303929768502712,10.0,1.0,10.0
150.0,0.06597814708948135,0.06597814708948135,0.0008134674862958491,0.029916664585471153,0.002792680636048317,10.0,1.0,10.0
151.0,0.06330614537000656,0.06330614537000656,0.00078625010792166,0.02831118181347847,0.00271324603818357,10.0,1.0,10.0
152.0,0.06115373224020004,0.06115373224020004,0.0007522781961597502,0.0266877394169569,0.002694321097806096,10.0,1.0,10.0
153.0,0.05906648188829422,0.05906648188829422,0.0007654179353266954,0.02541637048125267,0.0025995932519435883,10.0,1.0,10.0
154.0,0.056852541863918304,0.056852541863918304,0.0007212284835986793,0.024177733808755875,0.002546252217143774,10.0,1.0,10.0
155.0,0.054885536432266235,0.054885536432266235,0.0007062781369313598,0.023157859221100807,0.0024664897937327623,10.0,1.0,10.0
156.0,0.0533827543258667,0.0533827543258667,0.0006921175518073142,0.02226504497230053,0.0024196533486247063,10.0,1.0,10.0
157.0,0.052103832364082336,0.052103832364082336,0.0006626176182180643,0.0215552169829607,0.0023922440595924854,10.0,1.0,10.0
158.0,0.050779830664396286,0.050779830664396286,0.0006841529975645244,0.02111453004181385,0.002282376866787672,10.0,1.0,10.0
159.0,0.04936666041612625,0.04936666041612625,0.0006206284160725772,0.02051474153995514,0.002264563227072358,10.0,1.0,10.0
160.0,0.047998424619436264,0.047998424619436264,0.0006090095266699791,0.02014918625354767,0.002175914356485009,10.0,1.0,10.0
161.0,0.04673204571008682,0.04673204571008682,0.0005982083384878933,0.01986008696258068,0.0020889872685074806,10.0,1.0,10.0
162.0,0.04551352187991142,0.04551352187991142,0.0005629691295325756,0.019463801756501198,0.0020420029759407043,10.0,1.0,10.0
163.0,0.04427243024110794,0.04427243024110794,0.0005709815886802971,0.019200524315238,0.00193620880600065,10.0,1.0,10.0
164.0,0.042975034564733505,0.042975034564733505,0.0005254661082290113,0.018768765032291412,0.0018951607635244727,10.0,1.0,10.0
165.0,0.04166325926780701,0.04166325926780701,0.0005402924725785851,0.01854146644473076,0.0017718866001814604,10.0,1.0,10.0
166.0,0.04039310663938522,0.04039310663938522,0.00048640143359079957,0.017995983362197876,0.0017533109057694674,10.0,1.0,10.0
167.0,0.03921286016702652,0.03921286016702652,0.0004988296423107386,0.017753155902028084,0.0016471410635858774,10.0,1.0,10.0
168.0,0.03815315663814545,0.03815315663814545,0.0004620961262844503,0.017260773107409477,0.0016271419590339065,10.0,1.0,10.0
169.0,0.03721262887120247,0.03721262887120247,0.00047040075878612697,0.01698020100593567,0.00155284209176898,10.0,1.0,10.0
170.0,0.03638904541730881,0.03638904541730881,0.0004367201472632587,0.01648138463497162,0.0015540455933660269,10.0,1.0,10.0
171.0,0.03569229319691658,0.03569229319691658,0.0004643333377316594,0.016296016052365303,0.0014752942370250821,10.0,1.0,10.0
172.0,0.03518446162343025,0.03518446162343025,0.00042611922253854573,0.01574784144759178,0.0015175428707152605,10.0,1.0,10.0
173.0,0.03508361428976059,0.03508361428976059,0.0005036576185375452,0.015718838199973106,0.001432820106856525,10.0,1.0,10.0
174.0,0.03596644103527069,0.03596644103527069,0.000498852925375104,0.015178434550762177,0.0015799475368112326,10.0,1.0,10.0
175.0,0.0392005629837513,0.0392005629837513,0.0008225849596783519,0.015773460268974304,0.0015201251953840256,10.0,1.0,10.0
176.0,0.04718488082289696,0.04718488082289696,0.0010680790292099118,0.015584439970552921,0.0020919651724398136,10.0,1.0,10.0
177.0,0.06022506579756737,0.06022506579756737,0.002072917763143778,0.01771807111799717,0.002177781891077757,10.0,1.0,10.0
178.0,0.06595811247825623,0.06595811247825623,0.002031614538282156,0.01696748286485672,0.002867448143661022,10.0,1.0,10.0
179.0,0.04792667180299759,0.04792667180299759,0.0014454781776294112,0.015758264809846878,0.0017713622655719519,10.0,1.0,10.0
180.0,0.029193617403507233,0.029193617403507233,0.00032706212368793786,0.013170291669666767,0.0012752703623846173,10.0,1.0,10.0
181.0,0.03828965872526169,0.03828965872526169,0.0007335029658861458,0.013711708597838879,0.0017242918256670237,10.0,1.0,10.0
182.0,0.04932311177253723,0.04932311177253723,0.001601113472133875,0.015194807201623917,0.0018117169383913279,10.0,1.0,10.0
183.0,0.036212556064128876,0.036212556064128876,0.0006683515966869891,0.013128255493938923,0.0016400786116719246,10.0,1.0,10.0
184.0,0.027416013181209564,0.027416013181209564,0.00030914609669707716,0.012143922969698906,0.001218062941916287,10.0,1.0,10.0
185.0,0.03822769969701767,0.03822769969701767,0.0010391597170382738,0.013311663642525673,0.0014524441212415695,10.0,1.0,10.0
186.0,0.037999436259269714,0.037999436259269714,0.0007949261926114559,0.012738042511045933,0.0017312129493802786,10.0,1.0,10.0
187.0,0.02652113512158394,0.02652113512158394,0.00036967609776183963,0.011593261733651161,0.001123111112974584,10.0,1.0,10.0
188.0,0.029923927038908005,0.029923927038908005,0.0006093903793953359,0.01185012236237526,0.0011979899136349559,10.0,1.0,10.0
189.0,0.035141147673130035,0.035141147673130035,0.0007042225915938616,0.011984248645603657,0.0016114673344418406,10.0,1.0,10.0
190.0,0.027287837117910385,0.027287837117910385,0.00048429323942400515,0.011284753680229187,0.0011160150170326233,10.0,1.0,10.0
191.0,0.02529805339872837,0.02529805339872837,0.0003719739324878901,0.010920176282525063,0.0010658137034624815,10.0,1.0,10.0
192.0,0.030915047973394394,0.030915047973394394,0.0005472117336466908,0.011210091412067413,0.0014232839457690716,10.0,1.0,10.0
193.0,0.027560535818338394,0.027560535818338394,0.0005499565741047263,0.011016229167580605,0.0011044740676879883,10.0,1.0,10.0
194.0,0.023150991648435593,0.023150991648435593,0.0002667318331077695,0.010360276326537132,0.0010123398387804627,10.0,1.0,10.0
195.0,0.026801729574799538,0.026801729574799538,0.0003948817611671984,0.010533944703638554,0.0012318966910243034,10.0,1.0,10.0
196.0,0.026935890316963196,0.026935890316963196,0.0005543004372157156,0.010702322237193584,0.001069056335836649,10.0,1.0,10.0
197.0,0.022482816129922867,0.022482816129922867,0.00024331451277248561,0.009995777159929276,0.0010053892619907856,10.0,1.0,10.0
198.0,0.023439258337020874,0.023439258337020874,0.0002818619832396507,0.0099592674523592,0.001066136988811195,10.0,1.0,10.0
199.0,0.025377612560987473,0.025377612560987473,0.0005035222857259214,0.010267864912748337,0.0010074524907395244,10.0,1.0,10.0
200.0,0.02246091328561306,0.02246091328561306,0.00026190723292529583,0.009680179879069328,0.0010161660611629486,10.0,1.0,10.0
201.0,0.021184571087360382,0.021184571087360382,0.00022893345158081502,0.009472677484154701,0.0009422558359801769,10.0,1.0,10.0
202.0,0.0231328047811985,0.0231328047811985,0.00041268751374445856,0.0096962321549654,0.0009309697197750211,10.0,1.0,10.0
203.0,0.022318918257951736,0.022318918257951736,0.0002848043222911656,0.00931971613317728,0.0010151159949600697,10.0,1.0,10.0
204.0,0.02012908272445202,0.02012908272445202,0.00023834851162973791,0.009068972431123257,0.0008676624856889248,10.0,1.0,10.0
205.0,0.020798105746507645,0.020798105746507645,0.00031181072699837387,0.009063318371772766,0.0008616679115220904,10.0,1.0,10.0
206.0,0.021495141088962555,0.021495141088962555,0.0002820391673594713,0.008881582878530025,0.0009793165372684598,10.0,1.0,10.0
207.0,0.01989790052175522,0.01989790052175522,0.0002843279216904193,0.008727150969207287,0.0008327469113282859,10.0,1.0,10.0
208.0,0.019106145948171616,0.019106145948171616,0.00023921907995827496,0.008496563881635666,0.0008217392605729401,10.0,1.0,10.0
209.0,0.019944410771131516,0.019944410771131516,0.0002487569290678948,0.008402397856116295,0.0009054443798959255,10.0,1.0,10.0
210.0,0.019674010574817657,0.019674010574817657,0.00031798172858543694,0.00839568767696619,0.0008098505204543471,10.0,1.0,10.0
211.0,0.01840539090335369,0.01840539090335369,0.00021506320626940578,0.008085516281425953,0.0008169242646545172,10.0,1.0,10.0
212.0,0.01829707808792591,0.01829707808792591,0.00021499075228348374,0.007977244444191456,0.0008169926586560905,10.0,1.0,10.0
213.0,0.01876598410308361,0.01876598410308361,0.0002989649074152112,0.008026107214391232,0.0007750228396616876,10.0,1.0,10.0
214.0,0.018211595714092255,0.018211595714092255,0.0002205538476118818,0.007803843356668949,0.0008202214376069605,10.0,1.0,10.0
215.0,0.0173630453646183,0.0173630453646183,0.00021739228395745158,0.007686065509915352,0.0007503057713620365,10.0,1.0,10.0
216.0,0.017389198765158653,0.017389198765158653,0.00023972956114448607,0.007642669137567282,0.0007349233492277563,10.0,1.0,10.0
217.0,0.017590688541531563,0.017590688541531563,0.00021426106104627252,0.007541357539594173,0.0007906719692982733,10.0,1.0,10.0
218.0,0.017094016075134277,0.017094016075134277,0.0002451943582855165,0.007489693816751242,0.0007152377511374652,10.0,1.0,10.0
219.0,0.016483228653669357,0.016483228653669357,0.00019710084598045796,0.007331289350986481,0.0007180931861512363,10.0,1.0,10.0
220.0,0.016443416476249695,0.016443416476249695,0.00019316704128868878,0.007254299707710743,0.0007257446995936334,10.0,1.0,10.0
221.0,0.016534321010112762,0.016534321010112762,0.0002418315561953932,0.007247650995850563,0.0006868356140330434,10.0,1.0,10.0
222.0,0.01619035005569458,0.01619035005569458,0.00019186445570085198,0.007093129213899374,0.0007178576197475195,10.0,1.0,10.0
223.0,0.01569867692887783,0.01569867692887783,0.00019844126654788852,0.007008783519268036,0.0006705480627715588,10.0,1.0,10.0
224.0,0.015539400279521942,0.015539400279521942,0.00020077519002370536,0.0069269961677491665,0.0006604652153328061,10.0,1.0,10.0
225.0,0.015570363961160183,0.015570363961160183,0.00018578099843580276,0.006827760487794876,0.0006884793983772397,10.0,1.0,10.0
226.0,0.015388204716145992,0.015388204716145992,0.00021772203035652637,0.006787892896682024,0.0006423091399483383,10.0,1.0,10.0
227.0,0.015004550106823444,0.015004550106823444,0.00018007996550295502,0.006640703417360783,0.0006563047063536942,10.0,1.0,10.0
228.0,0.014735862612724304,0.014735862612724304,0.0001821452024159953,0.006554473657160997,0.000635993666946888,10.0,1.0,10.0
229.0,0.014672178775072098,0.014672178775072098,0.0001981771638384089,0.006499298848211765,0.0006191108259372413,10.0,1.0,10.0
230.0,0.014601457864046097,0.014601457864046097,0.0001781636819941923,0.006390389055013657,0.0006429431377910078,10.0,1.0,10.0
231.0,0.014371695928275585,0.014371695928275585,0.0001996438077185303,0.006341028958559036,0.0006034228717908263,10.0,1.0,10.0
232.0,0.014080073684453964,0.014080073684453964,0.00017462033429183066,0.006223686970770359,0.0006110183894634247,10.0,1.0,10.0
233.0,0.013888420537114143,0.013888420537114143,0.00017495521751698107,0.006149953231215477,0.0005988915800116956,10.0,1.0,10.0
234.0,0.013803021982312202,0.013803021982312202,0.00018815053044818342,0.006101496983319521,0.0005820019287057221,10.0,1.0,10.0
235.0,0.013704244047403336,0.013704244047403336,0.0001705014001345262,0.006008156109601259,0.0005991074140183628,10.0,1.0,10.0
236.0,0.013518385589122772,0.013518385589122772,0.00018776481738314033,0.00597035838291049,0.0005670379032380879,10.0,1.0,10.0
237.0,0.013289820402860641,0.013289820402860641,0.00016742000298108906,0.005872312933206558,0.0005743307992815971,10.0,1.0,10.0
238.0,0.013103209435939789,0.013103209435939789,0.00016928408876992762,0.00581448245793581,0.0005595886614173651,10.0,1.0,10.0
239.0,0.012983511202037334,0.012983511202037334,0.00017367387772537768,0.005763701628893614,0.0005483070854097605,10.0,1.0,10.0
240.0,0.01288581918925047,0.01288581918925047,0.0001622158888494596,0.005687860306352377,0.0005575799732469022,10.0,1.0,10.0
241.0,0.01275734044611454,0.01275734044611454,0.00017717738228384405,0.005656772758811712,0.0005328794359229505,10.0,1.0,10.0
242.0,0.012588332407176495,0.012588332407176495,0.00015890887880232185,0.005570624489337206,0.0005428619333542883,10.0,1.0,10.0
243.0,0.012409348040819168,0.012409348040819168,0.00016596839122939855,0.0055258688516914845,0.0005223795888014138,10.0,1.0,10.0
244.0,0.012254178524017334,0.012254178524017334,0.00015909543435554951,0.005460027605295181,0.0005203196778893471,10.0,1.0,10.0
245.0,0.012131782248616219,0.012131782248616219,0.0001557162031531334,0.005401052068918943,0.0005173568497411907,10.0,1.0,10.0
246.0,0.01202648039907217,0.01202648039907217,0.00016360619338229299,0.0053613875061273575,0.0005029031308367848,10.0,1.0,10.0
247.0,0.011916251853108406,0.011916251853108406,0.00015187282406259328,0.005289669148623943,0.0005107854958623648,10.0,1.0,10.0
248.0,0.01178969256579876,0.01178969256579876,0.000162857337272726,0.0052572572603821754,0.0004903862136416137,10.0,1.0,10.0
249.0,0.011649718508124352,0.011649718508124352,0.0001496942713856697,0.0051829880103468895,0.000496978813316673,10.0,1.0,10.0
250.0,0.01150756049901247,0.01150756049901247,0.00015598436584696174,0.005144393537193537,0.00048033229541033506,10.0,1.0,10.0
251.0,0.011373650282621384,0.011373650282621384,0.00014912066399119794,0.005083467811346054,0.00047989757149480283,10.0,1.0,10.0
252.0,0.011252570897340775,0.011252570897340775,0.00014914687199052423,0.0050356765277683735,0.0004725425969809294,10.0,1.0,10.0
253.0,0.011142869479954243,0.011142869479954243,0.00015069243090692908,0.004992632661014795,0.000464331271359697,10.0,1.0,10.0
254.0,0.011039860546588898,0.011039860546588898,0.00014491830370388925,0.004936872981488705,0.00046538037713617086,10.0,1.0,10.0
255.0,0.0109387943521142,0.0109387943521142,0.00015194815932773054,0.004906218498945236,0.000451309431809932,10.0,1.0,10.0
256.0,0.010836554691195488,0.010836554691195488,0.00014243656187318265,0.004845267161726952,0.00045669215614907444,10.0,1.0,10.0
257.0,0.010732235386967659,0.010732235386967659,0.000151106170960702,0.0048207491636276245,0.0004400424368213862,10.0,1.0,10.0
258.0,0.01062630582600832,0.01062630582600832,0.00014046415162738413,0.004758551251143217,0.0004463113145902753,10.0,1.0,10.0
259.0,0.01052001491189003,0.01052001491189003,0.00014874787302687764,0.004736095201224089,0.0004296441038604826,10.0,1.0,10.0
260.0,0.010414613410830498,0.010414613410830498,0.0001384626521030441,0.004676141310483217,0.0004353845724835992,10.0,1.0,10.0
261.0,0.010311168618500233,0.010311168618500233,0.0001459883787902072,0.004654203541576862,0.0004197081725578755,10.0,1.0,10.0
262.0,0.010210368782281876,0.010210368782281876,0.0001364868803648278,0.004597421269863844,0.0004248078621458262,10.0,1.0,10.0
263.0,0.010112762451171875,0.010112762451171875,0.00014354297309182584,0.004576840903609991,0.0004100491350982338,10.0,1.0,10.0
264.0,0.01001887395977974,0.01001887395977974,0.00013448372192215174,0.00452185794711113,0.00041521788807585835,10.0,1.0,10.0
265.0,0.009929558262228966,0.009929558262228966,0.00014213449321687222,0.0045049749314785,0.0004003237991128117,10.0,1.0,10.0
266.0,0.009846334345638752,0.009846334345638752,0.0001323416508967057,0.004449304658919573,0.00040736133814789355,10.0,1.0,10.0
267.0,0.0097721042111516,0.0097721042111516,0.0001427770039299503,0.0044404580257833,0.00039038757677190006,10.0,1.0,10.0
268.0,0.00971231423318386,0.00971231423318386,0.00013069433043710887,0.004380381666123867,0.00040249890298582613,10.0,1.0,10.0
269.0,0.00967762153595686,0.00967762153595686,0.0001479741622461006,0.004388995934277773,0.00038088837754912674,10.0,1.0,10.0
270.0,0.009688770398497581,0.009688770398497581,0.00013239550753496587,0.004320038948208094,0.000404477643314749,10.0,1.0,10.0
271.0,0.009787417016923428,0.009787417016923428,0.00016649840108584613,0.004369402304291725,0.000375303061446175,10.0,1.0,10.0
272.0,0.01005752943456173,0.01005752943456173,0.00014974421355873346,0.0042929816991090775,0.0004267105250619352,10.0,1.0,10.0
273.0,0.010670776478946209,0.010670776478946209,0.0002309293340658769,0.00445129070430994,0.000391019246308133,10.0,1.0,10.0
274.0,0.01197076216340065,0.01197076216340065,0.00023752242850605398,0.004411793779581785,0.0005183744360692799,10.0,1.0,10.0
275.0,0.01461564376950264,0.01461564376950264,0.000465249118860811,0.004898803774267435,0.0005064348224550486,10.0,1.0,10.0
276.0,0.019675984978675842,0.019675984978675842,0.0006071420502848923,0.005116946063935757,0.000848761759698391,10.0,1.0,10.0
277.0,0.028222255408763885,0.028222255408763885,0.0012156434822827578,0.006442328914999962,0.0009623491205275059,10.0,1.0,10.0
278.0,0.03893163055181503,0.03893163055181503,0.001559045515023172,0.007042921148240566,0.0016298252157866955,10.0,1.0,10.0
279.0,0.04412789270281792,0.04412789270281792,0.0020743049681186676,0.00820261798799038,0.001518222619779408,10.0,1.0,10.0
280.0,0.033758822828531265,0.033758822828531265,0.001310358289629221,0.006456911098212004,0.001419832929968834,10.0,1.0,10.0
281.0,0.014865861274302006,0.014865861274302006,0.0004973737522959709,0.0047880480997264385,0.0005104074953123927,10.0,1.0,10.0
282.0,0.009119109250605106,0.009119109250605106,0.00016597830108366907,0.004047096241265535,0.0003412229707464576,10.0,1.0,10.0
283.0,0.019718492403626442,0.019718492403626442,0.0006312126643024385,0.004959920886904001,0.0008446444990113378,10.0,1.0,10.0
284.0,0.02703150361776352,0.02703150361776352,0.0011659417068585753,0.006158433388918638,0.0009213652811013162,10.0,1.0,10.0
285.0,0.018718179315328598,0.018718179315328598,0.0005862146499566734,0.004837733693420887,0.0008018299122340977,10.0,1.0,10.0
286.0,0.008786924183368683,0.008786924183368683,0.00015436741523444653,0.003961576148867607,0.0003281673416495323,10.0,1.0,10.0
287.0,0.012318352237343788,0.012318352237343788,0.00036513793747872114,0.004415866453200579,0.00042511060019023716,10.0,1.0,10.0
288.0,0.019532397389411926,0.019532397389411926,0.0006297386717051268,0.004904369357973337,0.0008330642594955862,10.0,1.0,10.0
289.0,0.01613309048116207,0.01613309048116207,0.000579949002712965,0.004871094599366188,0.0005462506087496877,10.0,1.0,10.0
290.0,0.0087972367182374,0.0087972367182374,0.0001309755607508123,0.0038715763948857784,0.00036159047158434987,10.0,1.0,10.0
291.0,0.01028420589864254,0.01028420589864254,0.00019588370923884213,0.003991361707448959,0.0004334007389843464,10.0,1.0,10.0
292.0,0.015338767319917679,0.015338767319917679,0.0005385861732065678,0.004769777879118919,0.0005183127941563725,10.0,1.0,10.0
293.0,0.013279342092573643,0.013279342092573643,0.0003371593193151057,0.004257119260728359,0.0005650629755109549,10.0,1.0,10.0
294.0,0.008373234421014786,0.008373234421014786,0.0001423609210178256,0.0038791631814092398,0.00030704616801813245,10.0,1.0,10.0
295.0,0.009450044482946396,0.009450044482946396,0.00021094402472954243,0.004020810592919588,0.00033197933225892484,10.0,1.0,10.0
296.0,0.012762920930981636,0.012762920930981636,0.0003175768651999533,0.004168837331235409,0.0005418315413407981,10.0,1.0,10.0
297.0,0.011195020750164986,0.011195020750164986,0.00031511764973402023,0.004221794661134481,0.000382204947527498,10.0,1.0,10.0
298.0,0.007990336045622826,0.007990336045622826,0.00010909490811172873,0.0037233736366033554,0.0003176013706251979,10.0,1.0,10.0
299.0,0.008875198662281036,0.008875198662281036,0.0001452210417483002,0.0037673888728022575,0.0003655599430203438,10.0,1.0,10.0
300.0,0.011005174368619919,0.011005174368619919,0.0003101334732491523,0.004159087315201759,0.0003744752611964941,10.0,1.0,10.0
301.0,0.00981937162578106,0.00981937162578106,0.00019043684005737305,0.0038148711901158094,0.0004100132209714502,10.0,1.0,10.0
302.0,0.007718612905591726,0.007718612905591726,0.0001174211356556043,0.0036823214031755924,0.00028620800003409386,10.0,1.0,10.0
303.0,0.00835493952035904,0.00835493952035904,0.00016233573842328042,0.0037734170909971,0.00029581645503640175,10.0,1.0,10.0
304.0,0.009743044152855873,0.009743044152855873,0.0001923459058161825,0.003764580236747861,0.00040550041012465954,10.0,1.0,10.0
305.0,0.008944135159254074,0.008944135159254074,0.00020227440109010786,0.00383452489040792,0.0003086866345256567,10.0,1.0,10.0
306.0,0.007520902901887894,0.007520902901887894,0.00010337408457417041,0.0035746621433645487,0.0002912500058300793,10.0,1.0,10.0
307.0,0.007871939800679684,0.007871939800679684,0.00011614924005698413,0.0035774456337094307,0.0003133001737296581,10.0,1.0,10.0
308.0,0.008814845234155655,0.008814845234155655,0.0002007988514378667,0.003790101269260049,0.00030167552176862955,10.0,1.0,10.0
309.0,0.008373355492949486,0.008373355492949486,0.0001391005062032491,0.0035909158177673817,0.00033914350206032395,10.0,1.0,10.0
310.0,0.007370586507022381,0.007370586507022381,0.00011382820957805961,0.0035579735413193703,0.00026743311900645494,10.0,1.0,10.0
311.0,0.007450077682733536,0.007450077682733536,0.00012212131696287543,0.0035666166804730892,0.0002662247861735523,10.0,1.0,10.0
312.0,0.008102526888251305,0.008102526888251305,0.00013142923125997186,0.0035369950346648693,0.0003251239249948412,10.0,1.0,10.0
313.0,0.007962392643094063,0.007962392643094063,0.00015915377298370004,0.0036301235668361187,0.00027407315792515874,10.0,1.0,10.0
314.0,0.007260228507220745,0.007260228507220745,0.00010115776240127161,0.003460334613919258,0.0002788316342048347,10.0,1.0,10.0
315.0,0.007117350120097399,0.007117350120097399,9.810434130486101e-05,0.003444300964474678,0.0002692005655262619,10.0,1.0,10.0
316.0,0.0075307320803403854,0.0075307320803403854,0.0001379691530019045,0.003540388308465481,0.0002610652009025216,10.0,1.0,10.0
317.0,0.007609709165990353,0.007609709165990353,0.00011694105342030525,0.0034419591538608074,0.0002998339186888188,10.0,1.0,10.0
318.0,0.007176028564572334,0.007176028564572334,0.00011869103036588058,0.0034662731923162937,0.0002522844588384032,10.0,1.0,10.0
319.0,0.00689581036567688,0.00689581036567688,9.750140452524647e-05,0.0033946700859814882,0.0002526126045268029,10.0,1.0,10.0
320.0,0.007070768158882856,0.007070768158882856,9.982226765714586e-05,0.00337259192019701,0.00026999536203220487,10.0,1.0,10.0
321.0,0.007253006566315889,0.007253006566315889,0.00013004502397961915,0.0034544060472398996,0.0002498150279279798,10.0,1.0,10.0
322.0,0.007076710928231478,0.007076710928231478,0.00010194428614340723,0.0033469493500888348,0.000271031865850091,10.0,1.0,10.0
323.0,0.006783313117921352,0.006783313117921352,0.0001012200882541947,0.003353300504386425,0.0002417811338091269,10.0,1.0,10.0
324.0,0.006739926524460316,0.006739926524460316,0.00010028087126556784,0.003337498754262924,0.00023996189702302217,10.0,1.0,10.0
325.0,0.006884071044623852,0.006884071044623852,9.81982157099992e-05,0.003300229785963893,0.00026018594508059323,10.0,1.0,10.0
326.0,0.006903886795043945,0.006903886795043945,0.00011742363130906597,0.003357253037393093,0.00023723978665657341,10.0,1.0,10.0
327.0,0.006725304294377565,0.006725304294377565,9.485374903306365e-05,0.0032695087138563395,0.0002507258323021233,10.0,1.0,10.0
328.0,0.006562160328030586,0.006562160328030586,9.534784476272762e-05,0.003270747372880578,0.00023379347112495452,10.0,1.0,10.0
329.0,0.006566171534359455,0.006566171534359455,9.9278571724426e-05,0.003270433284342289,0.0002302952780155465,10.0,1.0,10.0
330.0,0.00663990993052721,0.00663990993052721,9.449948993278667e-05,0.0032283971086144447,0.0002466518199071288,10.0,1.0,10.0
331.0,0.006617479957640171,0.006617479957640171,0.00010801829921547323,0.00326943164691329,0.00022678656387142837,10.0,1.0,10.0
332.0,0.006490219384431839,0.006490219384431839,9.161407069768757e-05,0.0032003463711589575,0.0002373732131673023,10.0,1.0,10.0
333.0,0.006382860243320465,0.006382860243320465,9.288931323681027e-05,0.003201035549864173,0.000225293159019202,10.0,1.0,10.0
334.0,0.006371399387717247,0.006371399387717247,9.535456047160551e-05,0.003197329118847847,0.00022205247660167515,10.0,1.0,10.0
335.0,0.006402943283319473,0.006402943283319473,9.079377196030691e-05,0.003160506719723344,0.00023344990040641278,10.0,1.0,10.0
336.0,0.006386499851942062,0.006386499851942062,0.00010142038809135556,0.0031916622538119555,0.0002180633891839534,10.0,1.0,10.0
337.0,0.006305711809545755,0.006305711809545755,8.931929914979264e-05,0.003135202918201685,0.0002277316089021042,10.0,1.0,10.0
338.0,0.00622020848095417,0.00622020848095417,9.16745702852495e-05,0.003139870474115014,0.00021635921439155936,10.0,1.0,10.0
339.0,0.00618301797658205,0.00618301797658205,9.061610035132617e-05,0.003125204239040613,0.0002151652442989871,10.0,1.0,10.0
340.0,0.0061853728257119656,0.0061853728257119656,8.774729940341786e-05,0.0030986752826720476,0.00022092246217653155,10.0,1.0,10.0
341.0,0.006180106662213802,0.006180106662213802,9.590082481736317e-05,0.00311996485106647,0.0002101133286487311,10.0,1.0,10.0
342.0,0.0061384038999676704,0.0061384038999676704,8.723226346774027e-05,0.0030734981410205364,0.00021925830515101552,10.0,1.0,10.0
343.0,0.006073997355997562,0.006073997355997562,9.130972466664389e-05,0.0030841794796288013,0.00020767207024618983,10.0,1.0,10.0
344.0,0.006019878666847944,0.006019878666847944,8.671027899254113e-05,0.0030564581975340843,0.000209631776669994,10.0,1.0,10.0
345.0,0.005992839112877846,0.005992839112877846,8.602807065472007e-05,0.0030423980206251144,0.00020901599782519042,10.0,1.0,10.0
346.0,0.0059820301830768585,0.0059820301830768585,9.030324872583151e-05,0.003048210870474577,0.00020307872910052538,10.0,1.0,10.0
347.0,0.005965221673250198,0.005965221673250198,8.515813533449546e-05,0.003013485111296177,0.00021001552522648126,10.0,1.0,10.0
348.0,0.005930524319410324,0.005930524319410324,9.047151252161711e-05,0.0030267606489360332,0.0001999048690777272,10.0,1.0,10.0
349.0,0.005883732810616493,0.005883732810616493,8.43568705022335e-05,0.002991151763126254,0.00020490122551564127,10.0,1.0,10.0
350.0,0.0058392551727592945,0.0058392551727592945,8.618480933364481e-05,0.002990503329783678,0.0001986903662327677,10.0,1.0,10.0
351.0,0.005806794855743647,0.005806794855743647,8.512951899319887e-05,0.002975677140057087,0.00019798225548584014,10.0,1.0,10.0
352.0,0.005785292945802212,0.005785292945802212,8.34836027934216e-05,0.002956980373710394,0.00019934761803597212,10.0,1.0,10.0
353.0,0.005766391754150391,0.005766391754150391,8.701860497239977e-05,0.002961493330076337,0.00019347123452462256,10.0,1.0,10.0
354.0,0.005742148961871862,0.005742148961871862,8.264657662948593e-05,0.0029309235978871584,0.00019847595831379294,10.0,1.0,10.0
355.0,0.005710176192224026,0.005710176192224026,8.638329745735973e-05,0.002938541118055582,0.00019078023615293205,10.0,1.0,10.0
356.0,0.005673719570040703,0.005673719570040703,8.201717719202861e-05,0.0029096906073391438,0.00019438573508523405,10.0,1.0,10.0
357.0,0.005638114642351866,0.005638114642351866,8.364552195416763e-05,0.0029085285495966673,0.00018931306840386242,10.0,1.0,10.0
358.0,0.005607120227068663,0.005607120227068663,8.21681969682686e-05,0.0028925836086273193,0.00018928547797258943,10.0,1.0,10.0
359.0,0.00558121083304286,0.00558121083304286,8.140648424159735e-05,0.002879334380850196,0.00018878115224651992,10.0,1.0,10.0
360.0,0.005558313801884651,0.005558313801884651,8.297053864225745e-05,0.002876762766391039,0.00018518457363825291,10.0,1.0,10.0
361.0,0.005535540170967579,0.005535540170967579,8.025247370824218e-05,0.0028541097417473793,0.00018789057503454387,10.0,1.0,10.0
362.0,0.005510811693966389,0.005510811693966389,8.305930532515049e-05,0.002857822924852371,0.00018223960069008172,10.0,1.0,10.0
363.0,0.005483551882207394,0.005483551882207394,7.953227031975985e-05,0.002831991296261549,0.00018562380864750594,10.0,1.0,10.0
364.0,0.005454478785395622,0.005454478785395622,8.19296546978876e-05,0.0028345617465674877,0.00018006202299147844,10.0,1.0,10.0
365.0,0.005424882285296917,0.005424882285296917,7.90306439739652e-05,0.002811965998262167,0.00018226102110929787,10.0,1.0,10.0
366.0,0.005395968910306692,0.005395968910306692,8.02552021923475e-05,0.002809084951877594,0.00017843319801613688,10.0,1.0,10.0
367.0,0.005368467886000872,0.005368467886000872,7.884066144470125e-05,0.002793319057673216,0.00017867425049189478,10.0,1.0,10.0
368.0,0.005342540331184864,0.005342540331184864,7.875608571339399e-05,0.002783822361379862,0.000177115696715191,10.0,1.0,10.0
369.0,0.005317932926118374,0.005317932926118374,7.885850936872885e-05,0.0027751182205975056,0.00017542298883199692,10.0,1.0,10.0
370.0,0.005294216796755791,0.005294216796755791,7.763424218865111e-05,0.0027598636224865913,0.00017580107669346035,10.0,1.0,10.0
371.0,0.0052709742449223995,0.0052709742449223995,7.883690705057234e-05,0.0027565278578549623,0.00017260773165617138,10.0,1.0,10.0
372.0,0.005247879307717085,0.005247879307717085,7.678299152757972e-05,0.002737260889261961,0.0001742788590490818,10.0,1.0,10.0
373.0,0.0052247862331569195,0.0052247862331569195,7.86277960287407e-05,0.002737271599471569,0.00017012367607094347,10.0,1.0,10.0
374.0,0.005201641004532576,0.005201641004532576,7.606924918945879e-05,0.0027156781870871782,0.00017252702673431486,10.0,1.0,10.0
375.0,0.005178515799343586,0.005178515799343586,7.824815838830546e-05,0.0027176211588084698,0.00016784128092695028,10.0,1.0,10.0
376.0,0.005155513063073158,0.005155513063073158,7.541132799815387e-05,0.0026947406586259604,0.00017066589498426765,10.0,1.0,10.0
377.0,0.005132787395268679,0.005132787395268679,7.782084139762446e-05,0.002698089461773634,0.00016564894758630544,10.0,1.0,10.0
378.0,0.005110518541187048,0.005110518541187048,7.47658996260725e-05,0.0026740888133645058,0.0001688770717009902,10.0,1.0,10.0
379.0,0.005088936537504196,0.005088936537504196,7.751302473479882e-05,0.0026792529970407486,0.00016345530457329005,10.0,1.0,10.0
380.0,0.005068330559879541,0.005068330559879541,7.412639388348907e-05,0.002653402043506503,0.00016736643738113344,10.0,1.0,10.0
381.0,0.0050491709262132645,0.0050491709262132645,7.753819227218628e-05,0.0026617874391376972,0.00016120015061460435,10.0,1.0,10.0
382.0,0.005032187327742577,0.005032187327742577,7.355925481533632e-05,0.0026324521750211716,0.00016641424736008048,10.0,1.0,10.0
383.0,0.005018587224185467,0.005018587224185467,7.827914669178426e-05,0.002646871143952012,0.00015889246424194425,10.0,1.0,10.0
384.0,0.005010413005948067,0.005010413005948067,7.334075053222477e-05,0.0026112862396985292,0.00016657196101732552,10.0,1.0,10.0
385.0,0.005011196248233318,0.005011196248233318,8.066504960879683e-05,0.0026371062267571688,0.00015674394671805203,10.0,1.0,10.0
386.0,0.005027189385145903,0.005027189385145903,7.44275821489282e-05,0.0025910481344908476,0.0001691865618340671,10.0,1.0,10.0
387.0,0.005069617182016373,0.005069617182016373,8.727976819500327e-05,0.0026391909923404455,0.00015576285659335554,10.0,1.0,10.0
388.0,0.005158933345228434,0.005158933345228434,8.019116648938507e-05,0.002577204490080476,0.00017798169574234635,10.0,1.0,10.0
389.0,0.005333058536052704,0.005333058536052704,0.00010603000555420294,0.002672326983883977,0.0001600431714905426,10.0,1.0,10.0
390.0,0.005662629380822182,0.005662629380822182,0.00010274475789628923,0.002592172473669052,0.0002043009444605559,10.0,1.0,10.0
391.0,0.006280164234340191,0.006280164234340191,0.00016294937813654542,0.00279654236510396,0.0001854127913247794,10.0,1.0,10.0
392.0,0.007429846562445164,0.007429846562445164,0.00018577772425487638,0.002722513861954212,0.00028495557489804924,10.0,1.0,10.0
393.0,0.00954810343682766,0.00954810343682766,0.0003447135677561164,0.0032043266110122204,0.000289664079900831,10.0,1.0,10.0
394.0,0.013334708288311958,0.013334708288311958,0.00047344487393274903,0.003265050705522299,0.0005335209425538778,10.0,1.0,10.0
395.0,0.01967049576342106,0.01967049576342106,0.0008871619938872755,0.004405137151479721,0.0006393739604391158,10.0,1.0,10.0
396.0,0.02879985235631466,0.02879985235631466,0.001243140664882958,0.004808668978512287,0.001155977719463408,10.0,1.0,10.0
397.0,0.038231559097766876,0.038231559097766876,0.0018663248047232628,0.006534830201417208,0.0013033482246100903,10.0,1.0,10.0
398.0,0.040681228041648865,0.040681228041648865,0.0018419499974697828,0.006021946668624878,0.001623978023417294,10.0,1.0,10.0
399.0,0.029693618416786194,0.029693618416786194,0.0014197027776390314,0.0055245645344257355,0.00099720258731395,10.0,1.0,10.0
400.0,0.01207018457353115,0.01207018457353115,0.00041874966700561345,0.00309135508723557,0.0004791332466993481,10.0,1.0,10.0
401.0,0.004687337204813957,0.004687337204813957,6.970334652578458e-05,0.0024414679501205683,0.00015488358621951193,10.0,1.0,10.0
402.0,0.012220055796205997,0.012220055796205997,0.0004939734353683889,0.003446646500378847,0.00038336750003509223,10.0,1.0,10.0
403.0,0.021636147052049637,0.021636147052049637,0.0008948640897870064,0.004037470556795597,0.0008650035015307367,10.0,1.0,10.0
404.0,0.019437849521636963,0.019437849521636963,0.0008782027289271355,0.0042981673032045364,0.0006357653765007854,10.0,1.0,10.0
405.0,0.00888415239751339,0.00888415239751339,0.00026460751541890204,0.0027747470885515213,0.00034633296309038997,10.0,1.0,10.0
406.0,0.0047387671656906605,0.0047387671656906605,7.181767432484776e-05,0.002427882980555296,0.00015927072672639042,10.0,1.0,10.0
407.0,0.010571497492492199,0.010571497492492199,0.00040582011570222676,0.0032449043355882168,0.0003268391592428088,10.0,1.0,10.0
408.0,0.015125949867069721,0.015125949867069721,0.0005717697204090655,0.0033882823772728443,0.00060199701692909,10.0,1.0,10.0
409.0,0.010978654958307743,0.010978654958307743,0.0004270066856406629,0.003297541057690978,0.0003411046927794814,10.0,1.0,10.0
410.0,0.005072212312370539,0.005072212312370539,8.442007674602792e-05,0.0024438935797661543,0.00017841177759692073,10.0,1.0,10.0
411.0,0.006009417586028576,0.006009417586028576,0.0001285020262002945,0.002513737650588155,0.00022106600226834416,10.0,1.0,10.0
412.0,0.010385901667177677,0.010385901667177677,0.0003952826955355704,0.003222433151677251,0.0003210641734767705,10.0,1.0,10.0
413.0,0.01015542633831501,0.01015542633831501,0.0003269186126999557,0.0028826030902564526,0.00040036370046436787,10.0,1.0,10.0
414.0,0.005952984094619751,0.005952984094619751,0.00015497053391300142,0.0026502327527850866,0.00017530460900161415,10.0,1.0,10.0
415.0,0.004631879739463329,0.004631879739463329,7.674095832044259e-05,0.0024463408626616,0.00014181292499415576,10.0,1.0,10.0
416.0,0.007283148821443319,0.007283148821443319,0.00019016911392100155,0.0025904595386236906,0.0002790998260024935,10.0,1.0,10.0
417.0,0.008556024171411991,0.008556024171411991,0.00029889887082390487,0.002969001419842243,0.0002598034043330699,10.0,1.0,10.0
418.0,0.006307030096650124,0.006307030096650124,0.00014385036774910986,0.002487379126250744,0.00023811470600776374,10.0,1.0,10.0
419.0,0.004421310033649206,0.004421310033649206,6.636978650931269e-05,0.002374767791479826,0.0001382844493491575,10.0,1.0,10.0
420.0,0.005516081117093563,0.005516081117093563,0.00013375085836742073,0.0025507048703730106,0.00016278676048386842,10.0,1.0,10.0
421.0,0.007020467892289162,0.007020467892289162,0.0001795347488950938,0.002527441829442978,0.0002697678573895246,10.0,1.0,10.0
422.0,0.006229624152183533,0.006229624152183533,0.00017588707851246,0.002637098077684641,0.00018336551147513092,10.0,1.0,10.0
423.0,0.004585897549986839,0.004585897549986839,6.951567047508433e-05,0.002327192574739456,0.00015635485760867596,10.0,1.0,10.0
424.0,0.004621473141014576,0.004621473141014576,7.146390998968855e-05,0.0023230586666613817,0.00015837757382541895,10.0,1.0,10.0
425.0,0.00577658973634243,0.00577658973634243,0.0001524630788480863,0.0025615529157221317,0.00016904057702049613,10.0,1.0,10.0
426.0,0.005877336952835321,0.005877336952835321,0.00012810493353754282,0.002403813414275646,0.0002192474203184247,10.0,1.0,10.0
427.0,0.004808612633496523,0.004808612633496523,9.787690942175686e-05,0.002414011163637042,0.00014158325211610645,10.0,1.0,10.0
428.0,0.0042863464914262295,0.0042863464914262295,6.419829878723249e-05,0.0023108841851353645,0.00013334793038666248,10.0,1.0,10.0
429.0,0.004873301833868027,0.004873301833868027,8.358460036106408e-05,0.0023130089975893497,0.000172444706549868,10.0,1.0,10.0
430.0,0.005356613080948591,0.005356613080948591,0.00013156476779840887,0.0024817658122628927,0.00015591995907016098,10.0,1.0,10.0
431.0,0.00492366636171937,0.00492366636171937,8.700717444298789e-05,0.002306264592334628,0.00017473299521952868,10.0,1.0,10.0
432.0,0.004290384240448475,0.004290384240448475,6.781650881748646e-05,0.002303446177393198,0.00013087729166727513,10.0,1.0,10.0
433.0,0.004336036276072264,0.004336036276072264,7.227672904264182e-05,0.0023095032665878534,0.00013037656026426703,10.0,1.0,10.0
434.0,0.004783152602612972,0.004783152602612972,8.18445987533778e-05,0.0022796099074184895,0.00016850965039338917,10.0,1.0,10.0
435.0,0.004834974184632301,0.004834974184632301,0.00010403461055830121,0.0023826477117836475,0.00014119804836809635,10.0,1.0,10.0
436.0,0.00442143389955163,0.00442143389955163,6.782548007322475e-05,0.0022463114000856876,0.00014968676259741187,10.0,1.0,10.0
437.0,0.004150089342147112,0.004150089342147112,6.051499804016203e-05,0.0022456699516624212,0.00012992694973945618,10.0,1.0,10.0
438.0,0.004313722252845764,0.004313722252845764,7.438702596118674e-05,0.0022841449826955795,0.00012857068213634193,10.0,1.0,10.0
439.0,0.004548723343759775,0.004548723343759775,7.441523484885693e-05,0.0022344840690493584,0.0001570086897118017,10.0,1.0,10.0
440.0,0.004469350446015596,0.004469350446015596,8.561131107853726e-05,0.002302248263731599,0.00013109891733620316,10.0,1.0,10.0
441.0,0.004194419831037521,0.004194419831037521,6.141663470771164e-05,0.0022069490514695644,0.00013733046944253147,10.0,1.0,10.0
442.0,0.004083401523530483,0.004083401523530483,5.942747520748526e-05,0.002206280827522278,0.00012828463513869792,10.0,1.0,10.0
443.0,0.004210243001580238,0.004210243001580238,7.160768291214481e-05,0.002243785187602043,0.0001250381174031645,10.0,1.0,10.0
444.0,0.004326548893004656,0.004326548893004656,6.771530752303079e-05,0.0021923668682575226,0.00014570291386917233,10.0,1.0,10.0
445.0,0.004249183461070061,0.004249183461070061,7.587118307128549e-05,0.0022428836673498154,0.00012475882249418646,10.0,1.0,10.0
446.0,0.004079023841768503,0.004079023841768503,5.944781514699571e-05,0.0021739571820944548,0.00013105885591357946,10.0,1.0,10.0
447.0,0.004014435689896345,0.004014435689896345,5.905757279833779e-05,0.0021733962930738926,0.000125046368339099,10.0,1.0,10.0
448.0,0.004085066728293896,0.004085066728293896,6.71283996780403e-05,0.002198821632191539,0.00012149610120104626,10.0,1.0,10.0
449.0,0.004151607863605022,0.004151607863605022,6.287835276452824e-05,0.0021553433034569025,0.00013674807269126177,10.0,1.0,10.0
450.0,0.004108977038413286,0.004108977038413286,7.051394641166553e-05,0.002196285640820861,0.00012075518316123635,10.0,1.0,10.0
451.0,0.004003032110631466,0.004003032110631466,5.849121225764975e-05,0.002141970442607999,0.00012761494144797325,10.0,1.0,10.0
452.0,0.003944735042750835,0.003944735042750835,5.871796020073816e-05,0.0021444298326969147,0.00012131255061831325,10.0,1.0,10.0
453.0,0.003968927077949047,0.003968927077949047,6.264302646741271e-05,0.0021547661162912846,0.00011877305223606527,10.0,1.0,10.0
454.0,0.004011475946754217,0.004011475946754217,5.94199045735877e-05,0.0021227262914180756,0.0001294550602324307,10.0,1.0,10.0
455.0,0.004001799505203962,0.004001799505203962,6.679815851384774e-05,0.0021563898772001266,0.00011774280574172735,10.0,1.0,10.0
456.0,0.003941035829484463,0.003941035829484463,5.7813678722595796e-05,0.002111208625137806,0.0001251690846402198,10.0,1.0,10.0
457.0,0.0038851038552820683,0.0038851038552820683,5.895279173273593e-05,0.002119082724675536,0.0001176493096863851,10.0,1.0,10.0
458.0,0.003873859066516161,0.003873859066516161,5.905103898840025e-05,0.002113819122314453,0.00011695294233504683,10.0,1.0,10.0
459.0,0.0038934429176151752,0.0038934429176151752,5.716810483136214e-05,0.002093526069074869,0.00012282357783988118,10.0,1.0,10.0
460.0,0.0039022257551550865,0.0039022257551550865,6.344239955069497e-05,0.0021178671158850193,0.00011499346874188632,10.0,1.0,10.0
461.0,0.0038782316260039806,0.0038782316260039806,5.7234799896832556e-05,0.0020809199195355177,0.00012249636347405612,10.0,1.0,10.0
462.0,0.003836193587630987,0.003836193587630987,5.9760619478765875e-05,0.0020942746195942163,0.00011443127732491121,10.0,1.0,10.0
463.0,0.0038051700685173273,0.0038051700685173273,5.685009091394022e-05,0.0020754330325871706,0.00011612361413426697,10.0,1.0,10.0
464.0,0.003798187943175435,0.003798187943175435,5.631551903206855e-05,0.0020665936172008514,0.00011684391211019829,10.0,1.0,10.0
465.0,0.003803896252065897,0.003803896252065897,5.989886267343536e-05,0.0020770567934960127,0.00011278507736278698,10.0,1.0,10.0
466.0,0.0038022701628506184,0.0038022701628506184,5.638691072817892e-05,0.0020504433196038008,0.00011879577505169436,10.0,1.0,10.0
467.0,0.003784110303968191,0.003784110303968191,5.998432243359275e-05,0.00206592190079391,0.00011183450988028198,10.0,1.0,10.0
468.0,0.0037564202211797237,0.0037564202211797237,5.588223575614393e-05,0.0020401745568960905,0.0001157423248514533,10.0,1.0,10.0
469.0,0.0037327802274376154,0.0037327802274376154,5.685887299478054e-05,0.002042388776317239,0.00011218027793802321,10.0,1.0,10.0
470.0,0.003720757318660617,0.003720757318660617,5.671114195138216e-05,0.0020362467039376497,0.0001117399224312976,10.0,1.0,10.0
471.0,0.0037172562442719936,0.0037172562442719936,5.549071647692472e-05,0.0020225781481713057,0.00011397710477467626,10.0,1.0,10.0
472.0,0.00371340848505497,0.00371340848505497,5.833946488564834e-05,0.0020320555195212364,0.00010979582293657586,10.0,1.0,10.0
473.0,0.003702646354213357,0.003702646354213357,5.5218446505023167e-05,0.002009381540119648,0.0001141080356319435,10.0,1.0,10.0
474.0,0.0036849873140454292,0.0036849873140454292,5.760718340752646e-05,0.0020185408648103476,0.00010903744259849191,10.0,1.0,10.0
475.0,0.003665436990559101,0.003665436990559101,5.4933094361331314e-05,0.0020004429388791323,0.00011156630353070796,10.0,1.0,10.0
476.0,0.003649288322776556,0.003649288322776556,5.5623302614549175e-05,0.001999703235924244,0.00010933518206002191,10.0,1.0,10.0
477.0,0.003638476599007845,0.003638476599007845,5.56103368580807e-05,0.0019948966801166534,0.00010874763393076137,10.0,1.0,10.0
478.0,0.0036311340518295765,0.0036311340518295765,5.454068741528317e-05,0.0019831950776278973,0.00011025318963220343,10.0,1.0,10.0
479.0,0.0036237144377082586,0.0036237144377082586,5.650387902278453e-05,0.0019882596097886562,0.00010704160376917571,10.0,1.0,10.0
480.0,0.0036135627888143063,0.0036135627888143063,5.416142812464386e-05,0.00197047577239573,0.00011014730262104422,10.0,1.0,10.0
481.0,0.003600307274609804,0.003600307274609804,5.61526685487479e-05,0.0019764190074056387,0.00010623616253724322,10.0,1.0,10.0
482.0,0.0035854531452059746,0.0035854531452059746,5.3997118811821565e-05,0.0019604640547186136,0.00010850178659893572,10.0,1.0,10.0
483.0,0.00357108935713768,0.00357108935713768,5.49087199033238e-05,0.0019608878064900637,0.00010611145262373611,10.0,1.0,10.0
484.0,0.0035586142912507057,0.0035586142912507057,5.4246553190751e-05,0.0019524024100974202,0.00010637463128659874,10.0,1.0,10.0
485.0,0.0035481886006891727,0.0035481886006891727,5.388794670579955e-05,0.0019455255242064595,0.00010637837112881243,10.0,1.0,10.0
486.0,0.0035389866679906845,0.0035389866679906845,5.472342309076339e-05,0.0019445898942649364,0.00010471625864738598,10.0,1.0,10.0
487.0,0.0035298499278724194,0.0035298499278724194,5.3385840146802366e-05,0.001932174083776772,0.00010638173262123019,10.0,1.0,10.0
488.0,0.0035199234262108803,0.0035199234262108803,5.483386485138908e-05,0.0019349997164681554,0.00010365852358518168,10.0,1.0,10.0
489.0,0.003508905414491892,0.003508905414491892,5.313206565915607e-05,0.0019207695731893182,0.00010568152356427163,10.0,1.0,10.0
490.0,0.00349704222753644,0.00349704222753644,5.438033622340299e-05,0.0019231420010328293,0.00010300967551302165,10.0,1.0,10.0
491.0,0.00348486821167171,0.00348486821167171,5.298677569953725e-05,0.001910821651108563,0.00010441787890158594,10.0,1.0,10.0
492.0,0.003472914919257164,0.003472914919257164,5.365492688724771e-05,0.0019100799690932035,0.00010262859723297879,10.0,1.0,10.0
493.0,0.003461525309830904,0.003461525309830904,5.297544339555316e-05,0.0019017842132598162,0.00010299865243723616,10.0,1.0,10.0
494.0,0.0034507918171584606,0.0034507918171584606,5.29779790667817e-05,0.0018970912788063288,0.00010239207767881453,10.0,1.0,10.0
495.0,0.0034406099002808332,0.0034406099002808332,5.3058582125231624e-05,0.0018929664511233568,0.00010170575114898384,10.0,1.0,10.0
496.0,0.0034307637251913548,0.0034307637251913548,5.2460098231676966e-05,0.001884826342575252,0.00010213361383648589,10.0,1.0,10.0
497.0,0.003421030705794692,0.003421030705794692,5.3106439736438915e-05,0.0018837321549654007,0.00010062341607408598,10.0,1.0,10.0
498.0,0.003411240875720978,0.003411240875720978,5.20756293553859e-05,0.0018733650213107467,0.00010171195754082873,10.0,1.0,10.0
499.0,0.0034013071563094854,0.0034013071563094854,5.301371857058257e-05,0.0018738009966909885,9.973689157050103e-05,10.0,1.0,10.0
500.0,0.0033912009093910456,0.0033912009093910456,5.178347782930359e-05,0.0018625326920300722,0.00010108335118275136,10.0,1.0,10.0
501.0,0.003380952402949333,0.003380952402949333,5.276742376736365e-05,0.0018632577266544104,9.900205623125657e-05,10.0,1.0,10.0
502.0,0.0033706247340887785,0.0033706247340887785,5.155337566975504e-05,0.0018521290039643645,0.00010029619443230331,10.0,1.0,10.0
503.0,0.0033602698240429163,0.0033602698240429163,5.2427436457946897e-05,0.0018523820908740163,9.836132812779397e-05,10.0,1.0,10.0
504.0,0.003349941223859787,0.003349941223859787,5.135619721841067e-05,0.0018419845728203654,9.943946497514844e-05,10.0,1.0,10.0
505.0,0.0033396738581359386,0.0033396738581359386,5.2066105126868933e-05,0.001841457444243133,9.775552462087944e-05,10.0,1.0,10.0
506.0,0.0033294945023953915,0.0033294945023953915,5.116342435940169e-05,0.00183196144644171,9.85898805083707e-05,10.0,1.0,10.0
507.0,0.0033194017596542835,0.0033194017596542835,5.1728035032283515e-05,0.0018306750571355224,9.714464249555022e-05,10.0,1.0,10.0
508.0,0.0033094079699367285,0.0033094079699367285,5.095673259347677e-05,0.0018219612538814545,9.778793901205063e-05,10.0,1.0,10.0
509.0,0.0032995021902024746,0.0032995021902024746,5.1427679863991216e-05,0.0018201286438852549,9.650967695051804e-05,10.0,1.0,10.0
510.0,0.0032896888442337513,0.0032896888442337513,5.0730843213386834e-05,0.0018119277665391564,9.704524563858286e-05,10.0,1.0,10.0
511.0,0.0032799530308693647,0.0032799530308693647,5.1164064643671736e-05,0.0018098553409799933,9.584571671439335e-05,10.0,1.0,10.0
512.0,0.0032703112810850143,0.0032703112810850143,5.0486101827118546e-05,0.0018018144182860851,9.636358299758285e-05,10.0,1.0,10.0
513.0,0.003260763129219413,0.003260763129219413,5.0939615903189406e-05,0.0017998733092099428,9.51493566390127e-05,10.0,1.0,10.0
514.0,0.003251314628869295,0.003251314628869295,5.021889228373766e-05,0.001791583839803934,9.575418516760692e-05,10.0,1.0,10.0
515.0,0.003241998143494129,0.003241998143494129,5.0768056098604575e-05,0.0017902234103530645,9.440943540539593e-05,10.0,1.0,10.0
516.0,0.003232852788642049,0.003232852788642049,4.992056346964091e-05,0.001781175727955997,9.524713095743209e-05,10.0,1.0,10.0
517.0,0.0032239556312561035,0.0032239556312561035,5.0690148782450706e-05,0.001781033119186759,9.360210970044136e-05,10.0,1.0,10.0
518.0,0.003215427277609706,0.003215427277609706,4.958703721058555e-05,0.0017705021891742945,9.490546653978527e-05,10.0,1.0,10.0
519.0,0.00320747634395957,0.00320747634395957,5.0788759835995734e-05,0.0017725969664752483,9.269920701626688e-05,10.0,1.0,10.0
520.0,0.003200479317456484,0.003200479317456484,4.924268796457909e-05,0.001759443897753954,9.486086491961032e-05,10.0,1.0,10.0
521.0,0.003195081138983369,0.003195081138983369,5.126219184603542e-05,0.001765575842000544,9.168833639705554e-05,10.0,1.0,10.0
522.0,0.0031924317590892315,0.0031924317590892315,4.901836655335501e-05,0.001747949980199337,9.542980114929378e-05,10.0,1.0,10.0
523.0,0.0031946361996233463,0.0031946361996233463,5.2648083510575816e-05,0.0017615947872400284,9.065605263458565e-05,10.0,1.0,10.0
524.0,0.0032055461779236794,0.0032055461779236794,4.9455360567662865e-05,0.0017365312669426203,9.744612907525152e-05,10.0,1.0,10.0
525.0,0.0032323477789759636,0.0032323477789759636,5.65595728403423e-05,0.0017650044756010175,9.017475531436503e-05,10.0,1.0,10.0
526.0,0.003288630861788988,0.003288630861788988,5.267127198749222e-05,0.0017284501809626818,0.00010334680700907484,10.0,1.0,10.0
527.0,0.003400406800210476,0.003400406800210476,6.826369644841179e-05,0.0017888511065393686,9.28918962017633e-05,10.0,1.0,10.0
528.0,0.0036179760936647654,0.0036179760936647654,6.692940951325e-05,0.0017388344276696444,0.00012098476872779429,10.0,1.0,10.0
529.0,0.004039375111460686,0.004039375111460686,0.00010630693577695638,0.0018763623666018248,0.00010999434016412124,10.0,1.0,10.0
530.0,0.004855326376855373,0.004855326376855373,0.00012459348363336176,0.0018318534130230546,0.0001777537981979549,10.0,1.0,10.0
531.0,0.006433563772588968,0.006433563772588968,0.00023866812989581376,0.0021797281224280596,0.00018671540601644665,10.0,1.0,10.0
532.0,0.009453609585762024,0.009453609585762024,0.0003484555927570909,0.00226105866022408,0.0003707994765136391,10.0,1.0,10.0
533.0,0.015063902363181114,0.015063902363181114,0.0006986952503211796,0.003207885194569826,0.00048690641415305436,10.0,1.0,10.0
534.0,0.024748865514993668,0.024748865514993668,0.001110863871872425,0.0038137193769216537,0.000982650788500905,10.0,1.0,10.0
535.0,0.03901444748044014,0.03901444748044014,0.001954125938937068,0.005955369211733341,0.0013517820043489337,10.0,1.0,10.0
536.0,0.05338822677731514,0.05338822677731514,0.002555006416514516,0.00682182889431715,0.002101633232086897,10.0,1.0,10.0
537.0,0.055369697511196136,0.055369697511196136,0.0028088451363146305,0.007785221561789513,0.0019496025051921606,10.0,1.0,10.0
538.0,0.03550185635685921,0.03550185635685921,0.0016572040040045977,0.004930844530463219,0.0013998972717672586,10.0,1.0,10.0
539.0,0.009501269087195396,0.009501269087195396,0.0004043459193781018,0.002506476594135165,0.0002951332717202604,10.0,1.0,10.0
540.0,0.004514272324740887,0.004514272324740887,0.0001381554320687428,0.0018837503157556057,0.00012489676009863615,10.0,1.0,10.0
541.0,0.020050711929798126,0.020050711929798126,0.0008792338194325566,0.003315884852781892,0.0007942488882690668,10.0,1.0,10.0
542.0,0.029484938830137253,0.029484938830137253,0.0014559469418600202,0.004806390963494778,0.0010119079379364848,10.0,1.0,10.0
543.0,0.017989113926887512,0.017989113926887512,0.0007810756796970963,0.0031140237115323544,0.0007064332603476942,10.0,1.0,10.0
544.0,0.003938048146665096,0.003938048146665096,0.00010076793114421889,0.0018120426684617996,0.00011183263268321753,10.0,1.0,10.0
545.0,0.007604216691106558,0.007604216691106558,0.00030491597135551274,0.0022710603661835194,0.00022839964367449284,10.0,1.0,10.0
546.0,0.01801600120961666,0.01801600120961666,0.0007782040629535913,0.0031275982037186623,0.0007106361445039511,10.0,1.0,10.0
547.0,0.01526016928255558,0.01526016928255558,0.0007067709811963141,0.003186058020219207,0.000500640133395791,10.0,1.0,10.0
548.0,0.004836441949009895,0.004836441949009895,0.0001296861591981724,0.0018071318045258522,0.0001732448290567845,10.0,1.0,10.0
549.0,0.004716470837593079,0.004716470837593079,0.00011825088586192578,0.0017940836260095239,0.00017398782074451447,10.0,1.0,10.0
550.0,0.011960210278630257,0.011960210278630257,0.0005319284973666072,0.002807153621688485,0.0003833771916106343,10.0,1.0,10.0
551.0,0.01134590245783329,0.01134590245783329,0.0004482291988097131,0.0024382404517382383,0.0004425369552336633,10.0,1.0,10.0
552.0,0.004439342767000198,0.004439342767000198,0.00012730587332043797,0.0018876588437706232,0.00012786251318175346,10.0,1.0,10.0
553.0,0.003987518139183521,0.003987518139183521,0.00010542440577410161,0.0018235475290566683,0.00011097265814896673,10.0,1.0,10.0
554.0,0.008795248344540596,0.008795248344540596,0.00032065168488770723,0.0021620893385261297,0.00034266425063833594,10.0,1.0,10.0
555.0,0.008367106318473816,0.008367106318473816,0.00033998634899035096,0.002369675785303116,0.0002597567217890173,10.0,1.0,10.0
556.0,0.003814482595771551,0.003814482595771551,8.079772669589147e-05,0.001685011782683432,0.00013214937644079328,10.0,1.0,10.0
557.0,0.0037479435559362173,0.0037479435559362173,7.52347768866457e-05,0.0016739475540816784,0.0001321648305747658,10.0,1.0,10.0
558.0,0.006915169768035412,0.006915169768035412,0.0002648302470333874,0.002179667353630066,0.00020872001186944544,10.0,1.0,10.0
559.0,0.006339647341519594,0.006339647341519594,0.00020209151261951774,0.001895557390525937,0.0002423175028525293,10.0,1.0,10.0
560.0,0.003365380223840475,0.003365380223840475,7.050527347018942e-05,0.001706985174678266,9.533421689411625e-05,10.0,1.0,10.0
561.0,0.0036093401722609997,0.0036093401722609997,8.622417226433754e-05,0.0017400332726538181,0.0001007065293379128,10.0,1.0,10.0
562.0,0.005660888738930225,0.005660888738930225,0.0001687460026005283,0.0018239825731143355,0.00021494463726412505,10.0,1.0,10.0
563.0,0.0050362953916192055,0.0050362953916192055,0.0001651271595619619,0.0019276172388345003,0.0001457406469853595,10.0,1.0,10.0
564.0,0.00311703747138381,0.00311703747138381,5.0091843149857596e-05,0.0016098055057227612,0.00010063135414384305,10.0,1.0,10.0
565.0,0.003465782618150115,0.003465782618150115,6.458543066401035e-05,0.0016297854017466307,0.00011901429388672113,10.0,1.0,10.0
566.0,0.004775255918502808,0.004775255918502808,0.00015220066416077316,0.0018861882854253054,0.00013670609041582793,10.0,1.0,10.0
567.0,0.004226201213896275,0.004226201213896275,0.00010019676847150549,0.0016878197202458978,0.00015364140563178807,10.0,1.0,10.0
568.0,0.0029920574743300676,0.0029920574743300676,5.0670649216044694e-05,0.0016276034293696284,8.577476546633989e-05,10.0,1.0,10.0
569.0,0.0033042607828974724,0.0033042607828974724,7.009311229921877e-05,0.0016772975213825703,9.260322258342057e-05,10.0,1.0,10.0
570.0,0.004142919089645147,0.004142919089645147,9.661661897553131e-05,0.0016735425451770425,0.0001503210369264707,10.0,1.0,10.0
571.0,0.0037340740673244,0.0037340740673244,9.528151713311672e-05,0.0017332950374111533,0.00010479638149263337,10.0,1.0,10.0
572.0,0.0029282718896865845,0.0029282718896865845,4.283378439140506e-05,0.00158122053835541,9.187133400700986e-05,10.0,1.0,10.0
573.0,0.0031453189440071583,0.0031453189440071583,5.187639544601552e-05,0.0015863359440118074,0.00010402190673630685,10.0,1.0,10.0
574.0,0.0036955333780497313,0.0036955333780497313,9.386199963046238e-05,0.0017189967911690474,0.00010379166633356363,10.0,1.0,10.0
575.0,0.003431908320635557,0.003431908320635557,6.449365901062265e-05,0.0015991574618965387,0.00011878145596710965,10.0,1.0,10.0
576.0,0.002890638541430235,0.002890638541430235,4.682385770138353e-05,0.0015870630741119385,8.353371231351048e-05,10.0,1.0,10.0
577.0,0.0030058524571359158,0.0030058524571359158,5.4203279432840645e-05,0.0016073223669081926,8.564974268665537e-05,10.0,1.0,10.0
578.0,0.0033770836889743805,0.0033770836889743805,6.343289715005085e-05,0.001584730576723814,0.00011580241698538885,10.0,1.0,10.0
579.0,0.003236837685108185,0.003236837685108185,6.959678285056725e-05,0.0016390749951824546,9.017950651468709e-05,10.0,1.0,10.0
580.0,0.002865111455321312,0.002865111455321312,4.2139039578614756e-05,0.0015502708265557885,8.93450269359164e-05,10.0,1.0,10.0
581.0,0.0028951081912964582,0.0028951081912964582,4.440268821781501e-05,0.0015466525219380856,9.044287435244769e-05,10.0,1.0,10.0
582.0,0.003147864481434226,0.003147864481434226,6.519372982438654e-05,0.0016178893856704235,8.780376811046153e-05,10.0,1.0,10.0
583.0,0.0031005009077489376,0.0031005009077489376,5.247189255896956e-05,0.001549485488794744,0.00010262963769491762,10.0,1.0,10.0
584.0,0.0028466973453760147,0.0028466973453760147,4.777387221110985e-05,0.0015601299237459898,8.088286267593503e-05,10.0,1.0,10.0
585.0,0.0028147990815341473,0.0028147990815341473,4.475468085729517e-05,0.0015505690826103091,8.16683386801742e-05,10.0,1.0,10.0
586.0,0.002979310229420662,0.002979310229420662,4.8723795771365985e-05,0.0015329380985349417,9.591342677595094e-05,10.0,1.0,10.0
587.0,0.002993987174704671,0.002993987174704671,5.796311961603351e-05,0.0015802151756361127,8.341407374246046e-05,10.0,1.0,10.0
588.0,0.002830667421221733,0.002830667421221733,4.253439692547545e-05,0.0015211356803774834,8.841878297971562e-05,10.0,1.0,10.0
589.0,0.002761885756626725,0.002761885756626725,4.215044464217499e-05,0.0015209077391773462,8.19473498268053e-05,10.0,1.0,10.0
590.0,0.0028543141670525074,0.0028543141670525074,4.9618967750575393e-05,0.0015484786126762629,8.096457895589992e-05,10.0,1.0,10.0
591.0,0.0029016640037298203,0.0029016640037298203,4.623163113137707e-05,0.0015136966248974204,9.256511111743748e-05,10.0,1.0,10.0
592.0,0.002811955753713846,0.002811955753713846,4.8251906264340505e-05,0.0015357835218310356,7.936531619634479e-05,10.0,1.0,10.0
593.0,0.0027314359322190285,0.0027314359322190285,4.065649409312755e-05,0.0015086558414623141,8.162151061696932e-05,10.0,1.0,10.0
594.0,0.0027643756475299597,0.0027643756475299597,4.221948256599717e-05,0.0015010344795882702,8.411463932134211e-05,10.0,1.0,10.0
595.0,0.00281731178984046,0.00281731178984046,4.913690281682648e-05,0.0015306423883885145,7.953002204885706e-05,10.0,1.0,10.0
596.0,0.0027848370373249054,0.0027848370373249054,4.2453579226275906e-05,0.0014944712165743113,8.658300794195384e-05,10.0,1.0,10.0
597.0,0.0027151424437761307,0.0027151424437761307,4.326514681451954e-05,0.001503440784290433,7.790500239934772e-05,10.0,1.0,10.0
598.0,0.002704818733036518,0.002704818733036518,4.1810879338299856e-05,0.0014985944144427776,7.881154306232929e-05,10.0,1.0,10.0
599.0,0.0027418972458690405,0.0027418972458690405,4.2125982872676104e-05,0.0014839399373158813,8.366973634110764e-05,10.0,1.0,10.0
600.0,0.0027458961121737957,0.0027458961121737957,4.646922752726823e-05,0.0015054838731884956,7.757198909530416e-05,10.0,1.0,10.0
601.0,0.002702161204069853,0.002702161204069853,4.058512786286883e-05,0.0014771653804928064,8.191446249838918e-05,10.0,1.0,10.0
602.0,0.0026701728347688913,0.0026701728347688913,4.1546376451151446e-05,0.0014791535213589668,7.755556725896895e-05,10.0,1.0,10.0
603.0,0.0026809026021510363,0.0026809026021510363,4.2510557250352576e-05,0.0014835251495242119,7.722718146396801e-05,10.0,1.0,10.0
604.0,0.002697453834116459,0.002697453834116459,4.141622412134893e-05,0.0014657203573733568,8.17571344668977e-05,10.0,1.0,10.0
605.0,0.0026821820065379143,0.0026821820065379143,4.4086467823944986e-05,0.0014800745993852615,7.612426998093724e-05,10.0,1.0,10.0
606.0,0.0026506700087338686,0.0026506700087338686,4.0004528273129836e-05,0.001460566301830113,7.900584023445845e-05,10.0,1.0,10.0
607.0,0.0026387153193354607,0.0026387153193354607,4.086645276402123e-05,0.0014586938777938485,7.713568629696965e-05,10.0,1.0,10.0
608.0,0.002647886984050274,0.002647886984050274,4.221909330226481e-05,0.0014652479439973831,7.604481652379036e-05,10.0,1.0,10.0
609.0,0.0026503531262278557,0.0026503531262278557,4.059771163156256e-05,0.0014482029946520925,7.961731171235442e-05,10.0,1.0,10.0
610.0,0.002633235650137067,0.002633235650137067,4.2406194552313536e-05,0.0014578369446098804,7.513367745559663e-05,10.0,1.0,10.0
611.0,0.0026130820624530315,0.0026130820624530315,3.9725226088194177e-05,0.0014446566347032785,7.711730722803622e-05,10.0,1.0,10.0
612.0,0.0026074275374412537,0.0026074275374412537,4.035039819427766e-05,0.001441044150851667,7.62879426474683e-05,10.0,1.0,10.0
613.0,0.0026111574843525887,0.0026111574843525887,4.145339335082099e-05,0.0014467730652540922,7.49850514694117e-05,10.0,1.0,10.0
614.0,0.0026079239323735237,0.0026079239323735237,3.993209247710183e-05,0.0014320513000711799,7.765516056679189e-05,10.0,1.0,10.0
615.0,0.00259387050755322,0.00259387050755322,4.128907312406227e-05,0.0014385039685294032,7.424756768159568e-05,10.0,1.0,10.0
616.0,0.002580024069175124,0.002580024069175124,3.944946365663782e-05,0.0014286466175690293,7.568828004878014e-05,10.0,1.0,10.0
617.0,0.0025750575587153435,0.0025750575587153435,3.991393532487564e-05,0.0014245278434827924,7.513904711231589e-05,10.0,1.0,10.0
618.0,0.0025748033076524734,0.0025748033076524734,4.065625762450509e-05,0.0014282690826803446,7.399716560030356e-05,10.0,1.0,10.0
619.0,0.0025701001286506653,0.0025701001286506653,3.948000812670216e-05,0.0014159097336232662,7.593903137603775e-05,10.0,1.0,10.0
620.0,0.0025592190213501453,0.0025592190213501453,4.0546743548475206e-05,0.0014202119782567024,7.335396367125213e-05,10.0,1.0,10.0
621.0,0.0025484166108071804,0.0025484166108071804,3.916769492207095e-05,0.0014117528917267919,7.449869008269161e-05,10.0,1.0,10.0
622.0,0.0025426666252315044,0.0025426666252315044,3.9562546589877456e-05,0.0014080139808356762,7.390271639451385e-05,10.0,1.0,10.0
623.0,0.002539991168305278,0.002539991168305278,3.994111102656461e-05,0.0014096602099016309,7.309198554139584e-05,10.0,1.0,10.0
624.0,0.0025352262891829014,0.0025352262891829014,3.91402754758019e-05,0.00139952776953578,7.442957576131448e-05,10.0,1.0,10.0
625.0,0.0025267465971410275,0.0025267465971410275,3.996256418759003e-05,0.0014025374548509717,7.24583660485223e-05,10.0,1.0,10.0
626.0,0.0025175893679261208,0.0025175893679261208,3.8857790059410036e-05,0.0013947158586233854,7.342955359490588e-05,10.0,1.0,10.0
627.0,0.0025109942071139812,0.0025109942071139812,3.923041367670521e-05,0.0013919627526775002,7.26727448636666e-05,10.0,1.0,10.0
628.0,0.002506732940673828,0.002506732940673828,3.927760917576961e-05,0.0013916868483647704,7.222699059639126e-05,10.0,1.0,10.0
629.0,0.0025020535103976727,0.0025020535103976727,3.8809430407127365e-05,0.0013836327707394958,7.303262827917933e-05,10.0,1.0,10.0
630.0,0.0024952718522399664,0.0024952718522399664,3.939772432204336e-05,0.0013856615405529737,7.15633068466559e-05,10.0,1.0,10.0
631.0,0.0024873462971299887,0.0024873462971299887,3.851628571283072e-05,0.001378178596496582,7.240048580570146e-05,10.0,1.0,10.0
632.0,0.0024803022388368845,0.0024803022388368845,3.888175342581235e-05,0.0013764979084953666,7.149868179112673e-05,10.0,1.0,10.0
633.0,0.0024748556315898895,0.0024748556315898895,3.866223050863482e-05,0.0013743285089731216,7.13904810254462e-05,10.0,1.0,10.0
634.0,0.002469956409186125,0.002469956409186125,3.8472688174806535e-05,0.0013681439450010657,7.170856406446546e-05,10.0,1.0,10.0
635.0,0.002464230637997389,0.002464230637997389,3.8822952774353325e-05,0.001368995290249586,7.070057472446933e-05,10.0,1.0,10.0
636.0,0.0024574478156864643,0.0024574478156864643,3.818506593233906e-05,0.0013618937227874994,7.137033389881253e-05,10.0,1.0,10.0
637.0,0.002450500847771764,0.002450500847771764,3.852322697639465e-05,0.0013610110618174076,7.042575452942401e-05,10.0,1.0,10.0
638.0,0.002444284502416849,0.002444284502416849,3.8137859519338235e-05,0.0013571425806730986,7.057633774820715e-05,10.0,1.0,10.0
639.0,0.002438831841573119,0.002438831841573119,3.815236414084211e-05,0.0013527304399758577,7.045778329484165e-05,10.0,1.0,10.0
640.0,0.0024334643967449665,0.0024334643967449665,3.8257821870502084e-05,0.0013521109940484166,6.987752567511052e-05,10.0,1.0,10.0
641.0,0.0024275833275169134,0.0024275833275169134,3.78782679035794e-05,0.0013458299217745662,7.029706466710195e-05,10.0,1.0,10.0
642.0,0.0024212095886468887,0.0024212095886468887,3.8139085518196225e-05,0.0013452984858304262,6.94520422257483e-05,10.0,1.0,10.0
643.0,0.0024148193188011646,0.0024148193188011646,3.771450792555697e-05,0.0013403024058789015,6.97371651767753e-05,10.0,1.0,10.0
644.0,0.002408827655017376,0.002408827655017376,3.783877764362842e-05,0.0013375207781791687,6.929190567461774e-05,10.0,1.0,10.0
645.0,0.002403226448222995,0.002403226448222995,3.7716832594014704e-05,0.001335249049589038,6.908090290380642e-05,10.0,1.0,10.0
646.0,0.002397703006863594,0.002397703006863594,3.756805381271988e-05,0.0013302997685968876,6.917226710356772e-05,10.0,1.0,10.0
647.0,0.002391945570707321,0.002391945570707321,3.768593887798488e-05,0.0013293944066390395,6.856917025288567e-05,10.0,1.0,10.0
648.0,0.0023859250359237194,0.0023859250359237194,3.735386053449474e-05,0.0013241241686046124,6.882622255943716e-05,10.0,1.0,10.0
649.0,0.0023798432666808367,0.0023798432666808367,3.74900373572018e-05,0.0013224458089098334,6.824970478191972e-05,10.0,1.0,10.0
650.0,0.0023739300668239594,0.0023739300668239594,3.723285044543445e-05,0.0013186739524826407,6.829276389908046e-05,10.0,1.0,10.0
651.0,0.00236824294552207,0.00236824294552207,3.723759073182009e-05,0.0013152483152225614,6.806188321206719e-05,10.0,1.0,10.0
652.0,0.002362667117267847,0.002362667117267847,3.718052903423086e-05,0.0013132004532963037,6.776613008696586e-05,10.0,1.0,10.0
653.0,0.0023570414632558823,0.0023570414632558823,3.701183959492482e-05,0.0013085604878142476,6.783624849049374e-05,10.0,1.0,10.0
654.0,0.0023512921761721373,0.0023512921761721373,3.7076195440022275e-05,0.0013070604763925076,6.734697672072798e-05,10.0,1.0,10.0
655.0,0.00234545418061316,0.00234545418061316,3.6828529118793085e-05,0.0013025285443291068,6.746403232682496e-05,10.0,1.0,10.0
656.0,0.002339633647352457,0.002339633647352457,3.6886656744172797e-05,0.0013003130443394184,6.70454028295353e-05,10.0,1.0,10.0
657.0,0.0023339209146797657,0.0023339209146797657,3.670499791041948e-05,0.001296890084631741,6.699808000121266e-05,10.0,1.0,10.0
658.0,0.00232830666936934,0.00232830666936934,3.667493729153648e-05,0.0012934969272464514,6.680603109998628e-05,10.0,1.0,10.0
659.0,0.002322744345292449,0.002322744345292449,3.661326627479866e-05,0.0012911907397210598,6.654208846157417e-05,10.0,1.0,10.0
660.0,0.0023171682842075825,0.0023171682842075825,3.6480214475886896e-05,0.0012870283098891377,6.653376476606354e-05,10.0,1.0,10.0
661.0,0.0023115442600101233,0.0023115442600101233,3.649305654107593e-05,0.001285105594433844,6.615080928895622e-05,10.0,1.0,10.0
662.0,0.0023058857768774033,0.0023058857768774033,3.631145227700472e-05,0.0012809857726097107,6.617855979129672e-05,10.0,1.0,10.0
663.0,0.0023002326488494873,0.0023002326488494873,3.632609877968207e-05,0.0012786674778908491,6.583042704733089e-05,10.0,1.0,10.0
664.0,0.0022946179378777742,0.0022946179378777742,3.61738602805417e-05,0.0012752178590744734,6.576614396180958e-05,10.0,1.0,10.0
665.0,0.0022890605032444,0.0022890605032444,3.6140085285296664e-05,0.0012721545062959194,6.555051368195564e-05,10.0,1.0,10.0
666.0,0.002283551264554262,0.002283551264554262,3.6054785596206784e-05,0.0012694711331278086,6.53532479191199e-05,10.0,1.0,10.0
667.0,0.0022780527360737324,0.0022780527360737324,3.595967427827418e-05,0.001265809522010386,6.52646558592096e-05,10.0,1.0,10.0
668.0,0.0022725577000528574,0.0022725577000528574,3.5926379496231675e-05,0.0012635497841984034,6.49744106340222e-05,10.0,1.0,10.0
669.0,0.0022670452017337084,0.0022670452017337084,3.5792196285910904e-05,0.0012597138993442059,6.494093395303935e-05,10.0,1.0,10.0
670.0,0.002261530142277479,0.002261530142277479,3.577400275389664e-05,0.0012574103893712163,6.463799218181521e-05,10.0,1.0,10.0
671.0,0.0022560234647244215,0.0022560234647244215,3.563918289728463e-05,0.0012538291048258543,6.458026473410428e-05,10.0,1.0,10.0
672.0,0.002250539604574442,0.002250539604574442,3.5605109587777406e-05,0.001251158188097179,6.433302769437432e-05,10.0,1.0,10.0
673.0,0.0022450799588114023,0.0022450799588114023,3.549901521182619e-05,0.0012480432633310556,6.420465797418728e-05,10.0,1.0,10.0
674.0,0.002239652443677187,0.002239652443677187,3.543365892255679e-05,0.0012449279893189669,6.403878796845675e-05,10.0,1.0,10.0
675.0,0.0022342437878251076,0.0022342437878251076,3.536199437803589e-05,0.0012422413565218449,6.383824802469462e-05,10.0,1.0,10.0
676.0,0.002228848170489073,0.002228848170489073,3.526870204950683e-05,0.0012388124596327543,6.37348712189123e-05,10.0,1.0,10.0
677.0,0.0022234604693949223,0.0022234604693949223,3.52192364516668e-05,0.0012363555142655969,6.34912503301166e-05,10.0,1.0,10.0
678.0,0.0022180750966072083,0.0022180750966072083,3.511141403578222e-05,0.0012328361626714468,6.341245898511261e-05,10.0,1.0,10.0
679.0,0.0022126948460936546,0.0022126948460936546,3.506768916849978e-05,0.0012303786352276802,6.316392682492733e-05,10.0,1.0,10.0
680.0,0.002207323210313916,0.002207323210313916,3.49615074810572e-05,0.0012269718572497368,6.307363219093531e-05,10.0,1.0,10.0
681.0,0.002201970899477601,0.002201970899477601,3.491015013423748e-05,0.0012243525125086308,6.285168637987226e-05,10.0,1.0,10.0
682.0,0.0021966288331896067,0.0021966288331896067,3.4816293918993324e-05,0.0012211727444082499,6.272931204875931e-05,10.0,1.0,10.0
683.0,0.0021913093514740467,0.0021913093514740467,3.4751297789625823e-05,0.0012183281360194087,6.254681647988036e-05,10.0,1.0,10.0
684.0,0.0021859994158148766,0.0021859994158148766,3.467252099653706e-05,0.001215393771417439,6.238804053282365e-05,10.0,1.0,10.0
685.0,0.002180707873776555,0.002180707873776555,3.4594420867506415e-05,0.0012123431079089642,6.224206299521029e-05,10.0,1.0,10.0
686.0,0.0021754298359155655,0.0021754298359155655,3.452726741670631e-05,0.0012096100253984332,6.20547216385603e-05,10.0,1.0,10.0
687.0,0.0021701655350625515,0.0021701655350625515,3.444031608523801e-05,0.0012064201291650534,6.193424633238465e-05,10.0,1.0,10.0
688.0,0.00216491287574172,0.00216491287574172,3.438018393353559e-05,0.001203808467835188,6.173026486067101e-05,10.0,1.0,10.0
689.0,0.002159672323614359,0.002159672323614359,3.428881609579548e-05,0.0012005569878965616,6.162270437926054e-05,10.0,1.0,10.0
690.0,0.0021544387564063072,0.0021544387564063072,3.423013549763709e-05,0.0011979970149695873,6.14140517427586e-05,10.0,1.0,10.0
691.0,0.0021492186933755875,0.0021492186933755875,3.4139004128519446e-05,0.001194751588627696,6.130769907031208e-05,10.0,1.0,10.0
692.0,0.002144009107723832,0.002144009107723832,3.4077835152857006e-05,0.0011921848636120558,6.110459071351215e-05,10.0,1.0,10.0
693.0,0.0021388111636042595,0.0021388111636042595,3.399136403459124e-05,0.0011889877496287227,6.099097663536668e-05,10.0,1.0,10.0
694.0,0.002133625326678157,0.002133625326678157,3.392459620954469e-05,0.0011863850522786379,6.07994370511733e-05,10.0,1.0,10.0
695.0,0.002128452528268099,0.002128452528268099,3.384485171409324e-05,0.0011832576710730791,6.067464710213244e-05,10.0,1.0,10.0
696.0,0.0021232902072370052,0.0021232902072370052,3.3771426387829706e-05,0.001180602004751563,6.049738294677809e-05,10.0,1.0,10.0
697.0,0.0021181409247219563,0.0021181409247219563,3.369892874616198e-05,0.001177548081614077,6.0360351199051365e-05,10.0,1.0,10.0
698.0,0.0021130056120455265,0.0021130056120455265,3.3619056921452284e-05,0.0011748475953936577,6.019674037816003e-05,10.0,1.0,10.0
699.0,0.0021078831050544977,0.0021078831050544977,3.355334774823859e-05,0.0011718557216227055,6.0049402236472815e-05,10.0,1.0,10.0
700.0,0.0021027722395956516,0.0021027722395956516,3.346741868881509e-05,0.001169121009297669,5.989769852021709e-05,10.0,1.0,10.0
701.0,0.002097670454531908,0.002097670454531908,3.340918192407116e-05,0.0011661783792078495,5.974003579467535e-05,10.0,1.0,10.0
702.0,0.002092583104968071,0.002092583104968071,3.3315034670522436e-05,0.0011634216643869877,5.960111957392655e-05,10.0,1.0,10.0
703.0,0.00208750506862998,0.00208750506862998,3.3265740057686344e-05,0.0011605184990912676,5.943292489973828e-05,10.0,1.0,10.0
704.0,0.0020824414677917957,0.0020824414677917957,3.316267975606024e-05,0.0011577511904761195,5.9306330513209105e-05,10.0,1.0,10.0
705.0,0.002077390905469656,0.002077390905469656,3.312293847557157e-05,0.0011548775946721435,5.9128375141881406e-05,10.0,1.0,10.0
706.0,0.002072347328066826,0.002072347328066826,3.300937169115059e-05,0.0011521088890731335,5.901446274947375e-05,10.0,1.0,10.0
707.0,0.0020673214457929134,0.0020673214457929134,3.298292722320184e-05,0.0011492578778415918,5.882343975827098e-05,10.0,1.0,10.0
708.0,0.002062303014099598,0.002062303014099598,3.285343700554222e-05,0.0011464939452707767,5.8727477153297514e-05,10.0,1.0,10.0
709.0,0.002057295525446534,0.002057295525446534,3.2847397960722446e-05,0.0011436563218012452,5.851651803823188e-05,10.0,1.0,10.0
710.0,0.0020523020066320896,0.0020523020066320896,3.2692612876417115e-05,0.0011409082217141986,5.844677070854232e-05,10.0,1.0,10.0
711.0,0.002047321991994977,0.002047321991994977,3.271866080467589e-05,0.001138076069764793,5.820593287353404e-05,10.0,1.0,10.0
712.0,0.0020423526875674725,0.0020423526875674725,3.252378519391641e-05,0.0011353505542501807,5.8176439779344946e-05,10.0,1.0,10.0
713.0,0.002037394093349576,0.002037394093349576,3.26012414006982e-05,0.0011325153755024076,5.788664202555083e-05,10.0,1.0,10.0
714.0,0.002032452030107379,0.002032452030107379,3.23412568832282e-05,0.0011298218742012978,5.792175215901807e-05,10.0,1.0,10.0
715.0,0.0020275211427360773,0.0020275211427360773,3.25033615808934e-05,0.0011269698152318597,5.7551776990294456e-05,10.0,1.0,10.0
716.0,0.0020226119086146355,0.0020226119086146355,3.21342158713378e-05,0.0011243256740272045,5.7694407587405294e-05,10.0,1.0,10.0
717.0,0.0020177278202027082,0.0020177278202027082,3.2441530493088067e-05,0.0011214398546144366,5.718727334169671e-05,10.0,1.0,10.0
718.0,0.0020128716714680195,0.0020128716714680195,3.1883053452474996e-05,0.0011188725475221872,5.7516841479809955e-05,10.0,1.0,10.0
719.0,0.002008061157539487,0.002008061157539487,3.2445412216475233e-05,0.0011159202549606562,5.676868022419512e-05,10.0,1.0,10.0
720.0,0.002003324683755636,0.002003324683755636,3.155256490572356e-05,0.001113484613597393,5.743142537539825e-05,10.0,1.0,10.0
721.0,0.0019987127743661404,0.0019987127743661404,3.2573865610174835e-05,0.001110413228161633,5.6256096286233515e-05,10.0,1.0,10.0
722.0,0.001994309714064002,0.001994309714064002,3.108051896560937e-05,0.0011082182172685862,5.752863944508135e-05,10.0,1.0,10.0
723.0,0.001990303862839937,0.001990303862839937,3.2950210879789665e-05,0.0011049441527575254,5.55857659492176e-05,10.0,1.0,10.0
724.0,0.0019870148971676826,0.0019870148971676826,3.0362707548192702e-05,0.0011032319162040949,5.801558290841058e-05,10.0,1.0,10.0
725.0,0.0019850649405270815,0.0019850649405270815,3.385086893104017e-05,0.0010996622731909156,5.468940798891708e-05,10.0,1.0,10.0
726.0,0.001985677983611822,0.001985677983611822,2.9253602406242862e-05,0.001099018263630569,5.941237759543583e-05,10.0,1.0,10.0
727.0,0.0019912284333258867,0.0019912284333258867,3.595560701796785e-05,0.0010952182346954942,5.364540993468836e-05,10.0,1.0,10.0
728.0,0.0020063784904778004,0.0020063784904778004,2.7707683329936117e-05,0.001097296830266714,6.320049578789622e-05,10.0,1.0,10.0
729.0,0.0020404120441526175,0.0020404120441526175,4.1138871893053874e-05,0.001094358041882515,5.3466537792701274e-05,10.0,1.0,10.0
730.0,0.0021117429714649916,0.0021117429714649916,2.6632507797330618e-05,0.0011044139973819256,7.410038233501837e-05,10.0,1.0,10.0
731.0,0.002257053041830659,0.002257053041830659,5.519282785826363e-05,0.0011083633871749043,5.967613105894998e-05,10.0,1.0,10.0
732.0,0.002547555835917592,0.002547555835917592,3.192518124706112e-05,0.0011446401476860046,0.00010836638830369338,10.0,1.0,10.0
733.0,0.003117774147540331,0.003117774147540331,9.706676792120561e-05,0.0011814616154879332,9.656447946326807e-05,10.0,1.0,10.0
734.0,0.00419430760666728,0.00419430760666728,6.960279279155657e-05,0.0013041903730481863,0.00021940894657745957,10.0,1.0,10.0
735.0,0.006095527671277523,0.006095527671277523,0.00022029544925317168,0.0014522770652547479,0.00024402963754255325,10.0,1.0,10.0
736.0,0.009014065377414227,0.009014065377414227,0.00020897077047266066,0.001779754413291812,0.0005144603783264756,10.0,1.0,10.0
737.0,0.012531802989542484,0.012531802989542484,0.00047385983634740114,0.002053538104519248,0.0005739666521549225,10.0,1.0,10.0
738.0,0.014970138669013977,0.014970138669013977,0.0004339340375736356,0.0024155660066753626,0.0008215232519432902,10.0,1.0,10.0
739.0,0.014729760587215424,0.014729760587215424,0.000606816669460386,0.0022829684894531965,0.0006378625985234976,10.0,1.0,10.0
740.0,0.013250560499727726,0.013250560499727726,0.0005484175635501742,0.002399168675765395,0.0005367215489968657,10.0,1.0,10.0
741.0,0.01572440192103386,0.01572440192103386,0.0007168857264332473,0.0024305980186909437,0.000612494652159512,10.0,1.0,10.0
742.0,0.026334555819630623,0.026334555819630623,0.0012919155415147543,0.0038262438029050827,0.0009589156252332032,10.0,1.0,10.0
743.0,0.04264213144779205,0.04264213144779205,0.001819055643863976,0.005080005154013634,0.0019371567759662867,10.0,1.0,10.0
744.0,0.05300483852624893,0.05300483852624893,0.0025730100460350513,0.006665212567895651,0.002060952829197049,10.0,1.0,10.0
745.0,0.047323428094387054,0.047323428094387054,0.0022284104488790035,0.005754014942795038,0.0019285310991108418,10.0,1.0,10.0
746.0,0.031027454882860184,0.031027454882860184,0.0015415558591485023,0.004418887663632631,0.0011193008394911885,10.0,1.0,10.0
747.0,0.01685367524623871,0.01685367524623871,0.0007253186777234077,0.0024851923808455467,0.0007115296320989728,10.0,1.0,10.0
748.0,0.008412061259150505,0.008412061259150505,0.00016863322525750846,0.0016906692180782557,0.0005035059875808656,10.0,1.0,10.0
749.0,0.009557475335896015,0.009557475335896015,0.0004422747006174177,0.0019234742503613234,0.00032112543703988194,10.0,1.0,10.0
750.0,0.02046915516257286,0.02046915516257286,0.000964634062256664,0.002955556847155094,0.0007867258973419666,10.0,1.0,10.0
751.0,0.024170493707060814,0.024170493707060814,0.001052931183949113,0.0035928450524806976,0.0010048337280750275,10.0,1.0,10.0
752.0,0.01103975996375084,0.01103975996375084,0.00047385066864080727,0.0019360256846994162,0.00043652276508510113,10.0,1.0,10.0
753.0,0.0020118476822972298,0.0020118476822972298,4.169147359789349e-05,0.001061383169144392,5.335498644853942e-05,10.0,1.0,10.0
754.0,0.009192625060677528,0.009192625060677528,0.0003133560239803046,0.0018896114779636264,0.00041694537503644824,10.0,1.0,10.0
755.0,0.014846810139715672,0.014846810139715672,0.0006709436420351267,0.0023583003785461187,0.0005779073690064251,10.0,1.0,10.0
756.0,0.009956151247024536,0.009956151247024536,0.00045109374332241714,0.0020283993799239397,0.00034168147249147296,10.0,1.0,10.0
757.0,0.0054301307536661625,0.0054301307536661625,0.0001299108989769593,0.00135856494307518,0.00027724570827558637,10.0,1.0,10.0
758.0,0.005303285084664822,0.005303285084664822,0.00018302095122635365,0.0013474960578605533,0.00021255796309560537,10.0,1.0,10.0
759.0,0.006353447679430246,0.006353447679430246,0.0002463778655510396,0.0016117487102746964,0.00022779205755796283,10.0,1.0,10.0
760.0,0.008242014795541763,0.008242014795541763,0.0002985401079058647,0.0016343069728463888,0.00036223066854290664,10.0,1.0,10.0
761.0,0.007208498660475016,0.007208498660475016,0.00029145917505957186,0.0016229385510087013,0.00026709685334935784,10.0,1.0,10.0
762.0,0.0029113641940057278,0.0029113641940057278,3.5324283089721575e-05,0.0011290687834843993,0.0001429052499588579,10.0,1.0,10.0
763.0,0.0031795809045434,0.0031795809045434,7.45619399822317e-05,0.0011348164407536387,0.00012991452240385115,10.0,1.0,10.0
764.0,0.006842873990535736,0.006842873990535736,0.0002833919716067612,0.0015959443990141153,0.00024130099336616695,10.0,1.0,10.0
765.0,0.005657512228935957,0.005657512228935957,0.00016108471027109772,0.0013648075982928276,0.0002681857440620661,10.0,1.0,10.0
766.0,0.002418071497231722,0.002418071497231722,5.954691005172208e-05,0.001118952059186995,7.036501483526081e-05,10.0,1.0,10.0
767.0,0.0030664755031466484,0.0030664755031466484,9.473424142925069e-05,0.0011430599261075258,9.76072988123633e-05,10.0,1.0,10.0
768.0,0.004491069354116917,0.004491069354116917,0.00010718689736677334,0.0012551754480227828,0.00021640246268361807,10.0,1.0,10.0
769.0,0.003985288552939892,0.003985288552939892,0.00014951455523259938,0.0013084311503916979,0.00011817119957413524,10.0,1.0,10.0
770.0,0.003263024380430579,0.003263024380430579,0.00010260687122354284,0.0011323229409754276,0.00011046326108044013,10.0,1.0,10.0
771.0,0.002662586746737361,0.002662586746737361,3.109975659754127e-05,0.0011075340444222093,0.00012440551654435694,10.0,1.0,10.0
772.0,0.002592860022559762,0.002592860022559762,7.59808681323193e-05,0.0011261282488703728,7.069230196066201e-05,10.0,1.0,10.0
773.0,0.003521291073411703,0.003521291073411703,0.00011398211063351482,0.0011601625010371208,0.0001221307466039434,10.0,1.0,10.0
774.0,0.0033856541849672794,0.0033856541849672794,8.42253357404843e-05,0.001220577396452427,0.0001322823518421501,10.0,1.0,10.0
775.0,0.0020581078715622425,0.0020581078715622425,4.263151276973076e-05,0.001027622725814581,6.0417005443014205e-05,10.0,1.0,10.0
776.0,0.002132303547114134,0.002132303547114134,4.58472641184926e-05,0.0010316158877685666,6.422148726414889e-05,10.0,1.0,10.0
777.0,0.0030704836826771498,0.0030704836826771498,7.297050615306944e-05,0.0011773763690143824,0.00011634022666839883,10.0,1.0,10.0
778.0,0.002780742244794965,0.002780742244794965,7.754134276183322e-05,0.0010861143236979842,9.192145080305636e-05,10.0,1.0,10.0
779.0,0.0021004413720220327,0.0021004413720220327,4.814910425920971e-05,0.001053088461048901,5.658617737935856e-05,10.0,1.0,10.0
780.0,0.002150057116523385,0.002150057116523385,2.4290060537168756e-05,0.0010439552133902907,8.632012759335339e-05,10.0,1.0,10.0
781.0,0.0023268216755241156,0.0023268216755241156,5.64388683415018e-05,0.0010387911461293697,7.23641860531643e-05,10.0,1.0,10.0
782.0,0.002371694892644882,0.002371694892644882,6.239840149646625e-05,0.00108828314114362,6.594276055693626e-05,10.0,1.0,10.0
783.0,0.002337854355573654,0.002337854355573654,3.3856853406177834e-05,0.0010364598128944635,9.628260158933699e-05,10.0,1.0,10.0
784.0,0.002017734106630087,0.002017734106630087,4.559457011055201e-05,0.0010206655133515596,5.411229358287528e-05,10.0,1.0,10.0
785.0,0.0018798739183694124,0.0018798739183694124,3.161739732604474e-05,0.001013764995150268,5.4993499361444265e-05,10.0,1.0,10.0
786.0,0.002207675017416477,0.002207675017416477,3.3366097341058776e-05,0.0010184790007770061,8.555350359529257e-05,10.0,1.0,10.0
787.0,0.0022708687465637922,0.0022708687465637922,6.144643703009933e-05,0.0010559391230344772,6.00465209572576e-05,10.0,1.0,10.0
788.0,0.0019170601153746247,0.0019170601153746247,2.7249083359492943e-05,0.000992056098766625,6.525131175294518e-05,10.0,1.0,10.0
789.0,0.001830747933126986,0.001830747933126986,2.306083115399815e-05,0.0009914608672261238,6.086788198444992e-05,10.0,1.0,10.0
790.0,0.0020155443344265223,0.0020155443344265223,4.726675251731649e-05,0.0010166377760469913,5.2623905503423885e-05,10.0,1.0,10.0
791.0,0.0020330618135631084,0.0020330618135631084,3.0708921258337796e-05,0.0009949824307113886,7.309902866836637e-05,10.0,1.0,10.0
792.0,0.0019425902282819152,0.0019425902282819152,3.567745443433523e-05,0.0010130642913281918,5.727513780584559e-05,10.0,1.0,10.0
793.0,0.0018847913015633821,0.0018847913015633821,3.715912680490874e-05,0.0009833802469074726,5.2981977205490693e-05,10.0,1.0,10.0
794.0,0.0018272334709763527,0.0018272334709763527,2.2431695470004342e-05,0.0009799685794860125,6.229479186004028e-05,10.0,1.0,10.0
795.0,0.0018589631654322147,0.0018589631654322147,3.34351570927538e-05,0.0009957008296623826,5.28910786670167e-05,10.0,1.0,10.0
796.0,0.001944368821568787,0.001944368821568787,3.8264675822574645e-05,0.0009809499606490135,5.807721754536033e-05,10.0,1.0,10.0
797.0,0.0018818837124854326,0.0018818837124854326,2.86071008304134e-05,0.0009940366726368666,6.017761188559234e-05,10.0,1.0,10.0
798.0,0.00176038290373981,0.00176038290373981,2.759824928943999e-05,0.0009678124915808439,5.165878974366933e-05,10.0,1.0,10.0
799.0,0.0017860268708318472,0.0017860268708318472,3.083344199694693e-05,0.0009672733722254634,5.104189767735079e-05,10.0,1.0,10.0
800.0,0.0018577557057142258,0.0018577557057142258,2.8177870262879878e-05,0.0009862041333690286,5.897728988202289e-05,10.0,1.0,10.0
801.0,0.001831394387409091,0.001831394387409091,3.1347881304100156e-05,0.0009648725390434265,5.530430644284934e-05,10.0,1.0,10.0
802.0,0.001780861639417708,0.001780861639417708,3.1814081012271345e-05,0.0009721835958771408,4.905372770735994e-05,10.0,1.0,10.0
803.0,0.0017664481420069933,0.0017664481420069933,2.2555903342436068e-05,0.0009618985350243747,5.789905117126182e-05,10.0,1.0,10.0
804.0,0.0017592092044651508,0.0017592092044651508,2.992546433233656e-05,0.0009571271948516369,5.0282742449780926e-05,10.0,1.0,10.0
805.0,0.0017702840268611908,0.0017702840268611908,3.0478102416964248e-05,0.0009668930433690548,4.986099520465359e-05,10.0,1.0,10.0
806.0,0.0017883968539536,0.0017883968539536,2.4206248781410977e-05,0.0009538894519209862,5.9244484873488545e-05,10.0,1.0,10.0
807.0,0.0017597940750420094,0.0017597940750420094,3.2466425182064995e-05,0.000959774770308286,4.753550820169039e-05,10.0,1.0,10.0
808.0,0.0017173592932522297,0.0017173592932522297,2.5168590582325123e-05,0.0009487034403719008,5.1696999435080215e-05,10.0,1.0,10.0
809.0,0.0017257011495530605,0.0017257011495530605,2.4061893782345578e-05,0.0009462321759201586,5.388499266700819e-05,10.0,1.0,10.0
810.0,0.0017500806134194136,0.0017500806134194136,3.2326599466614425e-05,0.0009541815961711109,4.726331098936498e-05,10.0,1.0,10.0
811.0,0.001739210681989789,0.001739210681989789,2.4705270334379748e-05,0.0009418187546543777,5.5033917305991054e-05,10.0,1.0,10.0
812.0,0.0017170117935165763,0.0017170117935165763,2.6998015528079122e-05,0.0009469040669500828,5.001275349059142e-05,10.0,1.0,10.0
813.0,0.0017089014872908592,0.0017089014872908592,2.8725520678563043e-05,0.0009392087231390178,4.8243749915855005e-05,10.0,1.0,10.0
814.0,0.0017042807303369045,0.0017042807303369045,2.3736085495329462e-05,0.0009368874598294497,5.300323755363934e-05,10.0,1.0,10.0
815.0,0.0017039767699316144,0.0017039767699316144,2.774546737782657e-05,0.000940577476285398,4.859446926275268e-05,10.0,1.0,10.0
816.0,0.0017095644725486636,0.0017095644725486636,2.7710371796274558e-05,0.0009320045937784016,5.0045622629113495e-05,10.0,1.0,10.0
817.0,0.0017023351974785328,0.0017023351974785328,2.5284271032433026e-05,0.0009371704654768109,5.123220762470737e-05,10.0,1.0,10.0
818.0,0.0016834780108183622,0.0016834780108183622,2.6650708605302498e-05,0.0009289168519899249,4.880539927398786e-05,10.0,1.0,10.0
819.0,0.0016773900715634227,0.0016773900715634227,2.6409821657580324e-05,0.0009275791817344725,4.857126623392105e-05,10.0,1.0,10.0
820.0,0.0016837972216308117,0.0016837972216308117,2.4901099095586687e-05,0.0009297485812567174,5.050376785220578e-05,10.0,1.0,10.0
821.0,0.0016830380773171782,0.0016830380773171782,2.7027437681681477e-05,0.0009227938135154545,4.899698615190573e-05,10.0,1.0,10.0
822.0,0.0016744815511628985,0.0016744815511628985,2.6675388653529808e-05,0.0009262263192795217,4.815013744519092e-05,10.0,1.0,10.0
823.0,0.0016678203828632832,0.0016678203828632832,2.4119523004628718e-05,0.000919434882234782,5.071903069620021e-05,10.0,1.0,10.0
824.0,0.0016622624825686216,0.0016622624825686216,2.7207210223423317e-05,0.00091917923418805,4.710112261818722e-05,10.0,1.0,10.0
825.0,0.00165739085059613,0.00165739085059613,2.516714812372811e-05,0.0009181575151160359,4.875619197264314e-05,10.0,1.0,10.0
826.0,0.0016571057494729757,0.0016571057494729757,2.4636470698169433e-05,0.0009133568382821977,4.973842442268506e-05,10.0,1.0,10.0
827.0,0.0016569093568250537,0.0016569093568250537,2.7626989322016016e-05,0.0009160351473838091,4.646043453249149e-05,10.0,1.0,10.0
828.0,0.0016503464430570602,0.0016503464430570602,2.4101937015075237e-05,0.0009097771253436804,4.995498602511361e-05,10.0,1.0,10.0
829.0,0.001642174320295453,0.001642174320295453,2.567784395068884e-05,0.0009100744500756264,4.7532139433315024e-05,10.0,1.0,10.0
830.0,0.0016388683579862118,0.0016388683579862118,2.616145138745196e-05,0.0009074643021449447,4.697896656580269e-05,10.0,1.0,10.0
831.0,0.0016376497223973274,0.0016376497223973274,2.3990443878574297e-05,0.0009045836632139981,4.93161533086095e-05,10.0,1.0,10.0
832.0,0.001634643878787756,0.001634643878787756,2.6314753995393403e-05,0.0009054786642082036,4.6601766371168196e-05,10.0,1.0,10.0
833.0,0.0016310106730088592,0.0016310106730088592,2.516392669349443e-05,0.0009003668674267828,4.79004556837026e-05,10.0,1.0,10.0
834.0,0.0016271800268441439,0.0016271800268441439,2.4671318897162564e-05,0.0009013876551762223,4.790791717823595e-05,10.0,1.0,10.0
835.0,0.0016220437828451395,0.0016220437828451395,2.5707406166475266e-05,0.0008975127711892128,4.674568845075555e-05,10.0,1.0,10.0
836.0,0.00161738193128258,0.00161738193128258,2.473440508765634e-05,0.0008959218394011259,4.741160591947846e-05,10.0,1.0,10.0
837.0,0.0016151240561157465,0.0016151240561157465,2.4712717276997864e-05,0.0008952401694841683,4.7275665565393865e-05,10.0,1.0,10.0
838.0,0.0016132125165313482,0.0016132125165313482,2.5445327992201783e-05,0.0008915280923247337,4.672312206821516e-05,10.0,1.0,10.0
839.0,0.0016094344900920987,0.0016094344900920987,2.4752582248765975e-05,0.0008920772233977914,4.698313932749443e-05,10.0,1.0,10.0
840.0,0.0016049414407461882,0.0016049414407461882,2.453099295962602e-05,0.0008879395900294185,4.716919283964671e-05,10.0,1.0,10.0
841.0,0.0016011608531698585,0.0016011608531698585,2.5406037821085192e-05,0.0008874682825990021,4.596322833094746e-05,10.0,1.0,10.0
842.0,0.0015976286958903074,0.0015976286958903074,2.411876448604744e-05,0.0008851803140714765,4.712606823886745e-05,10.0,1.0,10.0
843.0,0.0015941709280014038,0.0015941709280014038,2.478872556821443e-05,0.0008827645797282457,4.635190998669714e-05,10.0,1.0,10.0
844.0,0.0015913145616650581,0.0015913145616650581,2.504619442333933e-05,0.0008823024691082537,4.585502028930932e-05,10.0,1.0,10.0
845.0,0.0015885205939412117,0.0015885205939412117,2.3883834728621878e-05,0.0008788193808868527,4.70862869406119e-05,10.0,1.0,10.0
846.0,0.0015848481561988592,0.0015848481561988592,2.5181190721923485e-05,0.0008786303224042058,4.5440592657541856e-05,10.0,1.0,10.0
847.0,0.001580773270688951,0.001580773270688951,2.42397582042031e-05,0.0008754568989388645,4.629187606042251e-05,10.0,1.0,10.0
848.0,0.0015772482147440314,0.0015772482147440314,2.4189001123886555e-05,0.0008742849458940327,4.610732139553875e-05,10.0,1.0,10.0
849.0,0.0015741438837721944,0.0015741438837721944,2.484391734469682e-05,0.000872525037266314,4.5317967305891216e-05,10.0,1.0,10.0
850.0,0.001570950960740447,0.001570950960740447,2.3914264602353796e-05,0.0008700895123183727,4.617187732947059e-05,10.0,1.0,10.0
851.0,0.0015677458140999079,0.0015677458140999079,2.4447343093925156e-05,0.0008693841518834233,4.538881694315933e-05,10.0,1.0,10.0
852.0,0.0015646135434508324,0.0015646135434508324,2.435553506074939e-05,0.0008663634653203189,4.546946729533374e-05,10.0,1.0,10.0
853.0,0.001561241690069437,0.001561241690069437,2.398642391199246e-05,0.0008657230064272881,4.556544081424363e-05,10.0,1.0,10.0
854.0,0.0015576118603348732,0.0015576118603348732,2.423475234536454e-05,0.00086305191507563,4.522123344941065e-05,10.0,1.0,10.0
855.0,0.001554163289256394,0.001554163289256394,2.4154456696123816e-05,0.0008616594132035971,4.5095934183336794e-05,10.0,1.0,10.0
856.0,0.0015510311350226402,0.0015510311350226402,2.3810620405129157e-05,0.0008599447901360691,4.529802026809193e-05,10.0,1.0,10.0
857.0,0.0015479156281799078,0.0015479156281799078,2.4168928575818427e-05,0.0008577118860557675,4.4851447455585e-05,10.0,1.0,10.0
858.0,0.0015446983743458986,0.0015446983743458986,2.3933209376991726e-05,0.000856679049320519,4.4868720578961074e-05,10.0,1.0,10.0
859.0,0.0015414850786328316,0.0015414850786328316,2.368824789300561e-05,0.0008540353155694902,4.5056731323711574e-05,10.0,1.0,10.0
860.0,0.0015382651472464204,0.0015382651472464204,2.416984352748841e-05,0.0008530881023034453,4.434786023921333e-05,10.0,1.0,10.0
861.0,0.0015349297318607569,0.0015349297318607569,2.3512762709287927e-05,0.0008506422163918614,4.4915992475580424e-05,10.0,1.0,10.0
862.0,0.001531570334918797,0.001531570334918797,2.384713661740534e-05,0.0008492601336911321,4.438389078131877e-05,10.0,1.0,10.0
863.0,0.0015283504035323858,0.0015283504035323858,2.3792659703758545e-05,0.0008473796769976616,4.430440822034143e-05,10.0,1.0,10.0
864.0,0.0015252302400767803,0.0015252302400767803,2.3424008759320714e-05,0.0008454522467218339,4.455380258150399e-05,10.0,1.0,10.0
865.0,0.001522087142802775,0.001522087142802775,2.3834083549445495e-05,0.0008440911769866943,4.39655123045668e-05,10.0,1.0,10.0
866.0,0.0015189077239483595,0.0015189077239483595,2.344146923860535e-05,0.0008417954086326063,4.426976011018269e-05,10.0,1.0,10.0
867.0,0.0015157429734244943,0.0015157429734244943,2.351163129787892e-05,0.0008406401611864567,4.399864701554179e-05,10.0,1.0,10.0
868.0,0.0015125678619369864,0.0015125678619369864,2.355709148105234e-05,0.0008383324602618814,4.386644286569208e-05,10.0,1.0,10.0
869.0,0.0015093475813046098,0.0015093475813046098,2.3351094569079578e-05,0.0008370318682864308,4.388047454995103e-05,10.0,1.0,10.0
870.0,0.0015061283484101295,0.0015061283484101295,2.3374937882181257e-05,0.0008349919226020575,4.373870979179628e-05,10.0,1.0,10.0
871.0,0.0015029726782813668,0.0015029726782813668,2.3407978005707264e-05,0.0008333640289492905,4.3552896386245266e-05,10.0,1.0,10.0
872.0,0.001499856123700738,0.001499856123700738,2.3176457034423947e-05,0.0008316946332342923,4.363969492260367e-05,10.0,1.0,10.0
873.0,0.0014967340975999832,0.0014967340975999832,2.3299055101233535e-05,0.000829754862934351,4.339886800153181e-05,10.0,1.0,10.0
874.0,0.0014936123043298721,0.0014936123043298721,2.322133514098823e-05,0.0008283484494313598,4.330505180405453e-05,10.0,1.0,10.0
875.0,0.0014905085554346442,0.0014905085554346442,2.302778921148274e-05,0.0008262453484348953,4.3398522393545136e-05,10.0,1.0,10.0
876.0,0.0014874025946483016,0.0014874025946483016,2.325638706679456e-05,0.0008249178063124418,4.299209831515327e-05,10.0,1.0,10.0
877.0,0.0014842749806120992,0.0014842749806120992,2.292459612363018e-05,0.0008228349033743143,4.3219406506977975e-05,10.0,1.0,10.0
878.0,0.0014811449218541384,0.0014811449218541384,2.3060736566549167e-05,0.0008214153931476176,4.291220830054954e-05,10.0,1.0,10.0
879.0,0.0014780373312532902,0.0014780373312532902,2.2985601390246302e-05,0.0008194877300411463,4.286936018615961e-05,10.0,1.0,10.0
880.0,0.0014749497640877962,0.0014749497640877962,2.2841315512778237e-05,0.0008178947609849274,4.286419789423235e-05,10.0,1.0,10.0
881.0,0.001471862429752946,0.001471862429752946,2.29414836212527e-05,0.0008161691366694868,4.26278384111356e-05,10.0,1.0,10.0
882.0,0.0014687856892123818,0.0014687856892123818,2.2789452486904338e-05,0.0008143952582031488,4.26495898864232e-05,10.0,1.0,10.0
883.0,0.0014657294377684593,0.0014657294377684593,2.276902159792371e-05,0.0008128411718644202,4.2519815906416625e-05,10.0,1.0,10.0
884.0,0.0014626799384132028,0.0014626799384132028,2.2769720089854673e-05,0.000810945057310164,4.2403768020449206e-05,10.0,1.0,10.0
885.0,0.0014596290420740843,0.0014596290420740843,2.2667281882604584e-05,0.0008094821823760867,4.234739753883332e-05,10.0,1.0,10.0
886.0,0.001456578727811575,0.001456578727811575,2.2632320906268433e-05,0.0008075431105680764,4.2271236452506855e-05,10.0,1.0,10.0
887.0,0.001453531440347433,0.001453531440347433,2.2657746740151197e-05,0.000806095777079463,4.208581958664581e-05,10.0,1.0,10.0
888.0,0.0014504994032904506,0.0014504994032904506,2.2476695448858663e-05,0.0008041886612772942,4.215437365928665e-05,10.0,1.0,10.0
889.0,0.0014474632916972041,0.0014474632916972041,2.2586640625377186e-05,0.0008026969153434038,4.188999446341768e-05,10.0,1.0,10.0
890.0,0.0014444328844547272,0.0014444328844547272,2.2425021597882733e-05,0.000800865120254457,4.193174754618667e-05,10.0,1.0,10.0
891.0,0.0014414137694984674,0.0014414137694984674,2.242316804768052e-05,0.000799301138613373,4.1788087401073426e-05,10.0,1.0,10.0
892.0,0.0014384055975824594,0.0014384055975824594,2.2409249140764587e-05,0.0007975620683282614,4.167510269326158e-05,10.0,1.0,10.0
893.0,0.0014354055747389793,0.0014354055747389793,2.2291618734016083e-05,0.0007959204958751798,4.16569018852897e-05,10.0,1.0,10.0
894.0,0.0014324053190648556,0.0014324053190648556,2.231848156952765e-05,0.0007942685624584556,4.1495201003272086e-05,10.0,1.0,10.0
895.0,0.0014294162392616272,0.0014294162392616272,2.2237492885324173e-05,0.0007925624959170818,4.144788908888586e-05,10.0,1.0,10.0
896.0,0.0014264376368373632,0.0014264376368373632,2.2186886781128123e-05,0.0007909826235845685,4.135861308895983e-05,10.0,1.0,10.0
897.0,0.0014234618283808231,0.0014234618283808231,2.2174459445523098e-05,0.0007892297580838203,4.124874249100685e-05,10.0,1.0,10.0
898.0,0.0014204925391823053,0.0014204925391823053,2.210487764386926e-05,0.0007876987801864743,4.117449134355411e-05,10.0,1.0,10.0
899.0,0.0014175307005643845,0.0014175307005643845,2.205269265687093e-05,0.0007859205361455679,4.110831650905311e-05,10.0,1.0,10.0
900.0,0.0014145751483738422,0.0014145751483738422,2.2061405616113916e-05,0.000784419709816575,4.095414624316618e-05,10.0,1.0,10.0
901.0,0.0014116265811026096,0.0014116265811026096,2.193095497204922e-05,0.0007826323853805661,4.096845441381447e-05,10.0,1.0,10.0
902.0,0.0014086843002587557,0.0014086843002587557,2.198300717282109e-05,0.0007811472751200199,4.077069024788216e-05,10.0,1.0,10.0
903.0,0.0014057455118745565,0.0014057455118745565,2.185982339142356e-05,0.000779360590968281,4.077866833540611e-05,10.0,1.0,10.0
904.0,0.0014028134755790234,0.0014028134755790234,2.1864720110897906e-05,0.0007778849103488028,4.062812513438985e-05,10.0,1.0,10.0
905.0,0.0013998900540173054,0.0013998900540173054,2.1802134142490104e-05,0.0007761037559248507,4.05764949391596e-05,10.0,1.0,10.0
906.0,0.0013969717547297478,0.0013969717547297478,2.1763917175121605e-05,0.0007746363407932222,4.0469625673722476e-05,10.0,1.0,10.0
907.0,0.001394056947901845,0.001394056947901845,2.170845073123928e-05,0.000772857922129333,4.041144347866066e-05,10.0,1.0,10.0
908.0,0.0013911519199609756,0.0013911519199609756,2.1699674107367173e-05,0.0007714026141911745,4.0275248466059566e-05,10.0,1.0,10.0
909.0,0.0013882557395845652,0.0013882557395845652,2.159492032660637e-05,0.0007696236716583371,4.0268292650580406e-05,10.0,1.0,10.0
910.0,0.0013853637501597404,0.0013853637501597404,2.1633293727063574e-05,0.0007681907736696303,4.008400719612837e-05,10.0,1.0,10.0
911.0,0.0013824785128235817,0.0013824785128235817,2.1502261006389745e-05,0.0007663986179977655,4.0105725929606706e-05,10.0,1.0,10.0
912.0,0.0013796008424833417,0.0013796008424833417,2.1540150555665605e-05,0.0007649963954463601,3.9920294511830434e-05,10.0,1.0,10.0
913.0,0.0013767314376309514,0.0013767314376309514,2.1429837943287566e-05,0.0007631807820871472,3.992523124907166e-05,10.0,1.0,10.0
914.0,0.0013738686684519053,0.0013738686684519053,2.144388054148294e-05,0.0007618278032168746,3.976020889240317e-05,10.0,1.0,10.0
915.0,0.001371015445329249,0.001371015445329249,2.1343987100408413e-05,0.0007599663222208619,3.976092557422817e-05,10.0,1.0,10.0
916.0,0.001368178753182292,0.001368178753182292,2.1374300558818504e-05,0.0007586894789710641,3.957462831749581e-05,10.0,1.0,10.0
917.0,0.0013653472997248173,0.0013653472997248173,2.1233341612969525e-05,0.0007567506399936974,3.9626331272302195e-05,10.0,1.0,10.0
918.0,0.0013625351712107658,0.0013625351712107658,2.13250514207175e-05,0.0007555881165899336,3.9369660953525454e-05,10.0,1.0,10.0
919.0,0.001359745510853827,0.001359745510853827,2.1116708012414165e-05,0.0007535262266173959,3.9505219319835305e-05,10.0,1.0,10.0
920.0,0.0013569836737588048,0.0013569836737588048,2.1278612621244974e-05,0.0007525414694100618,3.916560672223568e-05,10.0,1.0,10.0
921.0,0.0013542637461796403,0.0013542637461796403,2.1008256226195954e-05,0.0007502810913138092,3.9390011806972325e-05,10.0,1.0,10.0
922.0,0.0013516116887331009,0.0013516116887331009,2.124401908076834e-05,0.0007495823665522039,3.895890768035315e-05,10.0,1.0,10.0
923.0,0.0013490632409229875,0.0013490632409229875,2.089654117298778e-05,0.0007470062701031566,3.930916136596352e-05,10.0,1.0,10.0
924.0,0.0013466746313497424,0.0013466746313497424,2.1264748284011148e-05,0.0007467762334272265,3.8725094782421365e-05,10.0,1.0,10.0
925.0,0.0013445501681417227,0.0013445501681417227,2.0768897229572758e-05,0.0007436966989189386,3.9316444599535316e-05,10.0,1.0,10.0
926.0,0.0013428516685962677,0.0013428516685962677,2.1405694496934302e-05,0.0007442652713507414,3.845294122584164e-05,10.0,1.0,10.0
927.0,0.0013418847229331732,0.0013418847229331732,2.06577533390373e-05,0.0007403907948173583,3.949164238292724e-05,10.0,1.0,10.0
928.0,0.001342150615528226,0.001342150615528226,2.1800118702230975e-05,0.0007423917995765805,3.817576725850813e-05,10.0,1.0,10.0
929.0,0.001344545977190137,0.001344545977190137,2.0702182155218907e-05,0.0007373103871941566,4.0021379390964285e-05,10.0,1.0,10.0
930.0,0.0013506528921425343,0.0013506528921425343,2.2821646780357696e-05,0.0007420426700264215,3.8039375795051455e-05,10.0,1.0,10.0
931.0,0.0013633051421493292,0.0013633051421493292,2.1363306586863473e-05,0.0007353454711847007,4.1432656871620566e-05,10.0,1.0,10.0
932.0,0.0013876217417418957,0.0013876217417418957,2.5598625143175013e-05,0.0007457562023773789,3.858792842947878e-05,10.0,1.0,10.0
933.0,0.0014329523546621203,0.0014329523546621203,2.423853766231332e-05,0.000737776281312108,4.5279077312443405e-05,10.0,1.0,10.0
934.0,0.0015165174845606089,0.0015165174845606089,3.3662759960861877e-05,0.0007612983463332057,4.185914804111235e-05,10.0,1.0,10.0
935.0,0.0016702517168596387,0.0016702517168596387,3.497292345855385e-05,0.0007564332918263972,5.6408916861983016e-05,10.0,1.0,10.0
936.0,0.0019538160413503647,0.0019538160413503647,5.864870036020875e-05,0.0008140059653669596,5.53322970517911e-05,10.0,1.0,10.0
937.0,0.002478803740814328,0.002478803740814328,7.365387136815116e-05,0.0008338752668350935,9.08389629330486e-05,10.0,1.0,10.0
938.0,0.0034537501633167267,0.0034537501633167267,0.00014030857710167766,0.000989757594652474,0.00010609069431666285,10.0,1.0,10.0
939.0,0.005261369049549103,0.005261369049549103,0.00021117720461916178,0.001121427514590323,0.00020281694014556706,10.0,1.0,10.0
940.0,0.008582085371017456,0.008582085371017456,0.0004124063707422465,0.0015757459914311767,0.00028822763124480844,10.0,1.0,10.0
941.0,0.014519056305289268,0.014519056305289268,0.0006769323954358697,0.0021113825496286154,0.0005638350266963243,10.0,1.0,10.0
942.0,0.024538695812225342,0.024538695812225342,0.0012479358119890094,0.0033674929291009903,0.0008691844413988292,10.0,1.0,10.0
943.0,0.03947223350405693,0.03947223350405693,0.0019432487897574902,0.004823457449674606,0.0015216288156807423,10.0,1.0,10.0
944.0,0.056579671800136566,0.056579671800136566,0.002916129073128104,0.006921124644577503,0.0020497252698987722,10.0,1.0,10.0
945.0,0.06547544151544571,0.06547544151544571,0.0032654237002134323,0.0076656341552734375,0.002515556989237666,10.0,1.0,10.0
946.0,0.05292275547981262,0.05292275547981262,0.0027287411503493786,0.006487448234111071,0.001914789667353034,10.0,1.0,10.0
947.0,0.02270742692053318,0.02270742692053318,0.0010883868671953678,0.0029968826565891504,0.0008826676057651639,10.0,1.0,10.0
948.0,0.002149172592908144,0.002149172592908144,7.10613967385143e-05,0.0008142339647747576,6.243246753001586e-05,10.0,1.0,10.0
949.0,0.008822374977171421,0.008822374977171421,0.0004256392130628228,0.0015694145113229752,0.00029965685098432004,10.0,1.0,10.0
950.0,0.026952428743243217,0.026952428743243217,0.0013079536147415638,0.0034793661907315254,0.001039352617226541,10.0,1.0,10.0
951.0,0.029098425060510635,0.029098425060510635,0.0014838979113847017,0.0038149007596075535,0.0010444546351209283,10.0,1.0,10.0
952.0,0.012330124154686928,0.012330124154686928,0.0005648615770041943,0.0018998582381755114,0.000478164991363883,10.0,1.0,10.0
953.0,0.0013314906973391771,0.0013314906973391771,2.2645817807642743e-05,0.0007246702443808317,3.8036225305404514e-05,10.0,1.0,10.0
954.0,0.009108229540288448,0.009108229540288448,0.00043867211206816137,0.0016112172743305564,0.00031102908542379737,10.0,1.0,10.0
955.0,0.01854845881462097,0.01854845881462097,0.0008794697350822389,0.002587083261460066,0.0007166677387431264,10.0,1.0,10.0
956.0,0.013012360781431198,0.013012360781431198,0.0006413704832084477,0.0020588375627994537,0.0004539818619377911,10.0,1.0,10.0
957.0,0.0025096097961068153,0.0025096097961068153,7.297816046047956e-05,0.0008497093804180622,9.301187674282119e-05,10.0,1.0,10.0
958.0,0.0036890332121402025,0.0036890332121402025,0.00013250122719909996,0.0009726264397613704,0.0001391394471284002,10.0,1.0,10.0
959.0,0.011151019483804703,0.011151019483804703,0.0005418268265202641,0.00186422117985785,0.0003868530329782516,10.0,1.0,10.0
960.0,0.010089525952935219,0.010089525952935219,0.0004522701492533088,0.001647341065108776,0.0003919483278878033,10.0,1.0,10.0
961.0,0.002888454357162118,0.002888454357162118,0.0001067790508386679,0.0009226392139680684,8.980245911516249e-05,10.0,1.0,10.0
962.0,0.0022045965306460857,0.0022045965306460857,6.908275099704042e-05,0.0008408940047957003,6.728748849127442e-05,10.0,1.0,10.0
963.0,0.007169327232986689,0.007169327232986689,0.0003070221864618361,0.0013156512286514044,0.00027834545471705496,10.0,1.0,10.0
964.0,0.007270681671798229,0.007270681671798229,0.00033833415363915265,0.0014264696510508657,0.0002460870600771159,10.0,1.0,10.0
965.0,0.0025795637629926205,0.0025795637629926205,7.710239151492715e-05,0.0008301967172883451,9.783432324184105e-05,10.0,1.0,10.0
966.0,0.0017596763791516423,0.0017596763791516423,3.877575363731012e-05,0.0007479355554096401,6.239832146093249e-05,10.0,1.0,10.0
967.0,0.005007412284612656,0.005007412284612656,0.00022069305123295635,0.0011646582279354334,0.00016358235734514892,10.0,1.0,10.0
968.0,0.005234485492110252,0.005234485492110252,0.0002078808465739712,0.0011001459788531065,0.00020555310766212642,10.0,1.0,10.0
969.0,0.002166186226531863,0.002166186226531863,6.952660623937845e-05,0.0008272334816865623,6.43686653347686e-05,10.0,1.0,10.0
970.0,0.0015876044053584337,0.0015876044053584337,3.651238512247801e-05,0.0007560603553429246,4.664202424464747e-05,10.0,1.0,10.0
971.0,0.003724236972630024,0.003724236972630024,0.00013321891310624778,0.0009470524964854121,0.00014449954323936254,10.0,1.0,10.0
972.0,0.0038695051334798336,0.0038695051334798336,0.00016134197358042002,0.0010269954800605774,0.0001229089975822717,10.0,1.0,10.0
973.0,0.0018493897514417768,0.0018493897514417768,4.119898585486226e-05,0.0007590223103761673,6.783775461371988e-05,10.0,1.0,10.0
974.0,0.0014844059478491545,0.0014844059478491545,2.543616028560791e-05,0.0007242761203087866,5.0576829380588606e-05,10.0,1.0,10.0
975.0,0.0028928881511092186,0.0028928881511092186,0.0001092071906896308,0.0009102972107939422,8.905188587959856e-05,10.0,1.0,10.0
976.0,0.002977959346026182,0.002977959346026182,9.503100591246039e-05,0.0008730453555472195,0.00011546039604581892,10.0,1.0,10.0
977.0,0.0016471490962430835,0.0016471490962430835,4.10199754696805e-05,0.0007586908177472651,4.7825848014326766e-05,10.0,1.0,10.0
978.0,0.0014060843968763947,0.0014060843968763947,2.63196779997088e-05,0.0007272848160937428,4.156028080615215e-05,10.0,1.0,10.0
979.0,0.0023319812025874853,0.0023319812025874853,6.435313116526231e-05,0.0008040803368203342,8.843694376992062e-05,10.0,1.0,10.0
980.0,0.002399240154772997,0.002399240154772997,8.289056131616235e-05,0.0008457893272861838,7.245451706694439e-05,10.0,1.0,10.0
981.0,0.001524667488411069,0.001524667488411069,2.6518244339968078e-05,0.0007218358805403113,5.376491026254371e-05,10.0,1.0,10.0
982.0,0.0013420614413917065,0.0013420614413917065,1.9549139324226417e-05,0.0007042980287224054,4.4227206672076136e-05,10.0,1.0,10.0
983.0,0.0019460178446024656,0.0019460178446024656,5.8443496527615935e-05,0.0007890772540122271,5.725055962102488e-05,10.0,1.0,10.0
984.0,0.002019489649683237,0.002019489649683237,4.98810586577747e-05,0.0007659008260816336,7.547781569883227e-05,10.0,1.0,10.0
985.0,0.0014489969471469522,0.0014489969471469522,3.072536128456704e-05,0.000725484685972333,4.1625869926065207e-05,10.0,1.0,10.0
986.0,0.0012926638592034578,0.0012926638592034578,2.0799370759050362e-05,0.000703116413205862,3.815536547335796e-05,10.0,1.0,10.0
987.0,0.0016811277018859982,0.0016811277018859982,3.4797740227077156e-05,0.000728932733181864,6.042174936737865e-05,10.0,1.0,10.0
988.0,0.0017668805085122585,0.0017668805085122585,4.953679672325961e-05,0.000763211224693805,5.0830123655032367e-05,10.0,1.0,10.0
989.0,0.001401468412950635,0.001401468412950635,2.2531941795023158e-05,0.0007011342095211148,4.750148218590766e-05,10.0,1.0,10.0
990.0,0.001258412841707468,0.001258412841707468,1.7602116713533178e-05,0.0006896366248838603,3.927549551008269e-05,10.0,1.0,10.0
991.0,0.0014993733493611217,0.0014993733493611217,3.457114507909864e-05,0.0007268533227033913,4.2680858314270154e-05,10.0,1.0,10.0
992.0,0.001593204913660884,0.001593204913660884,3.1263796699931845e-05,0.0007155196508392692,5.650473030982539e-05,10.0,1.0,10.0
993.0,0.0013682837598025799,0.0013682837598025799,2.6960613467963412e-05,0.0007076010806486011,3.9107657357817516e-05,10.0,1.0,10.0
994.0,0.0012371072079986334,0.0012371072079986334,1.788295958249364e-05,0.0006862946320325136,3.7198296922724694e-05,10.0,1.0,10.0
995.0,0.001375383697450161,0.001375383697450161,2.1946321794530377e-05,0.0006931347888894379,4.6278571971924976e-05,10.0,1.0,10.0
996.0,0.0014688316732645035,0.0014688316732645035,3.325708530610427e-05,0.0007181409746408463,4.1811981645878404e-05,10.0,1.0,10.0
997.0,0.0013420369941741228,0.0013420369941741228,2.0678158762166277e-05,0.0006887922063469887,4.464632729650475e-05,10.0,1.0,10.0
998.0,0.0012269204016774893,0.0012269204016774893,1.7561918866704218e-05,0.0006818155525252223,3.694857150549069e-05,10.0,1.0,10.0
999.0,0.0012930217199027538,0.0012930217199027538,2.2870826796861365e-05,0.0006922795437276363,3.7203397369012237e-05,10.0,1.0,10.0
1000.0,0.0013762387679889798,0.0013762387679889798,2.2251997506828047e-05,0.0006895179976709187,4.642008207156323e-05,10.0,1.0,10.0
1001.0,0.0013171611353754997,0.0013171611353754997,2.463456075929571e-05,0.0006940396851859987,3.76775860786438e-05,10.0,1.0,10.0
1002.0,0.001223746920004487,0.001223746920004487,1.707573392195627e-05,0.0006762066623196006,3.767829548451118e-05,10.0,1.0,10.0
1003.0,0.0012408321490511298,0.0012408321490511298,1.7354177543893456e-05,0.0006758786039426923,3.914117405656725e-05,10.0,1.0,10.0
1004.0,0.001305570243857801,0.001305570243857801,2.441946344333701e-05,0.0006896223640069366,3.717532672453672e-05,10.0,1.0,10.0
1005.0,0.0012906857300549746,0.0012906857300549746,1.933180283231195e-05,0.0006772568449378014,4.2011088225990534e-05,10.0,1.0,10.0
1006.0,0.001223333878442645,0.001223333878442645,1.9004548448720016e-05,0.000675462419167161,3.578260657377541e-05,10.0,1.0,10.0
1007.0,0.001210751011967659,0.001210751011967659,1.823159800551366e-05,0.0006720512174069881,3.563837526598945e-05,10.0,1.0,10.0
1008.0,0.0012524125631898642,0.0012524125631898642,1.8115360944648273e-05,0.0006706150597892702,4.0064398490358144e-05,10.0,1.0,10.0
1009.0,0.0012621008791029453,0.0012621008791029453,2.2256042939261533e-05,0.0006783059216104448,3.612345608416945e-05,10.0,1.0,10.0
1010.0,0.001221527811139822,0.001221527811139822,1.7366417523589917e-05,0.0006661367369815707,3.817269316641614e-05,10.0,1.0,10.0
1011.0,0.001195666496641934,0.001195666496641934,1.7095784642151557e-05,0.0006647598929703236,3.59948753612116e-05,10.0,1.0,10.0
1012.0,0.0012143348576501012,0.0012143348576501012,1.935466207214631e-05,0.0006682712119072676,3.525170177454129e-05,10.0,1.0,10.0
1013.0,0.001232600654475391,0.001232600654475391,1.777523721102625e-05,0.0006636349717155099,3.9121332520153373e-05,10.0,1.0,10.0
1014.0,0.001215247786603868,0.001215247786603868,1.9591090676840395e-05,0.0006668983842246234,3.5243851016275585e-05,10.0,1.0,10.0
1015.0,0.001189083093777299,0.001189083093777299,1.6882624549907632e-05,0.0006596095627173781,3.606472455430776e-05,10.0,1.0,10.0
1016.0,0.0011895215138792992,0.0011895215138792992,1.6716883692424744e-05,0.0006584875518456101,3.638650741777383e-05,10.0,1.0,10.0
1017.0,0.0012048990465700626,0.0012048990465700626,1.9260405679233372e-05,0.0006630090065300465,3.4928598324768245e-05,10.0,1.0,10.0
1018.0,0.0012034683022648096,0.0012034683022648096,1.7097272575483657e-05,0.0006569945253431797,3.7550100387306884e-05,10.0,1.0,10.0
1019.0,0.0011851328890770674,0.0011851328890770674,1.7907103028846905e-05,0.000658055127132684,3.480067607597448e-05,10.0,1.0,10.0
1020.0,0.0011752829886972904,0.0011752829886972904,1.7028889487846754e-05,0.0006547829834744334,3.502110484987497e-05,10.0,1.0,10.0
1021.0,0.0011819552164524794,0.0011819552164524794,1.6659101675031707e-05,0.0006528787198476493,3.624854070949368e-05,10.0,1.0,10.0
1022.0,0.0011873965850099921,0.0011873965850099921,1.8624961739988066e-05,0.0006561001646332443,3.450468284427188e-05,10.0,1.0,10.0
1023.0,0.0011792518198490143,0.0011792518198490143,1.6699159459676594e-05,0.0006504853372462094,3.617748006945476e-05,10.0,1.0,10.0
1024.0,0.0011675141286104918,0.0011675141286104918,1.7123464203905314e-05,0.0006504377815872431,3.458416904322803e-05,10.0,1.0,10.0
1025.0,0.0011655628914013505,0.0011655628914013505,1.7182550436700694e-05,0.0006492775864899158,3.4445976780261844e-05,10.0,1.0,10.0
1026.0,0.0011701957555487752,0.0011701957555487752,1.658119617786724e-05,0.0006467524217441678,3.5763136111199856e-05,10.0,1.0,10.0
1027.0,0.0011695132125169039,0.0011695132125169039,1.795320895325858e-05,0.000648711749818176,3.412694059079513e-05,10.0,1.0,10.0
1028.0,0.0011615760158747435,0.0011615760158747435,1.651541970204562e-05,0.0006443395395763218,3.5208224289817736e-05,10.0,1.0,10.0
1029.0,0.0011551519855856895,0.0011551519855856895,1.6747222616686486e-05,0.000643842329736799,3.4383745514787734e-05,10.0,1.0,10.0
1030.0,0.0011552509386092424,0.0011552509386092424,1.7125028534792364e-05,0.000643598148599267,3.404025483177975e-05,10.0,1.0,10.0
1031.0,0.0011568793561309576,0.0011568793561309576,1.6428828530479223e-05,0.0006409808993339539,3.516102151479572e-05,10.0,1.0,10.0
1032.0,0.0011539577972143888,0.0011539577972143888,1.7385516912327148e-05,0.0006421079160645604,3.379946429049596e-05,10.0,1.0,10.0
1033.0,0.0011479125823825598,0.0011479125823825598,1.638775211176835e-05,0.000638879369944334,3.4515574952820316e-05,10.0,1.0,10.0
1034.0,0.0011441982351243496,0.0011441982351243496,1.6503732695127837e-05,0.0006381025305017829,3.4105833037756383e-05,10.0,1.0,10.0
1035.0,0.001144099049270153,0.001144099049270153,1.6923577277339064e-05,0.0006380067206919193,3.368565739947371e-05,10.0,1.0,10.0
1036.0,0.0011438141809776425,0.0011438141809776425,1.6259367839666083e-05,0.0006354640354402363,3.457564889686182e-05,10.0,1.0,10.0
1037.0,0.0011405817931517959,0.0011405817931517959,1.6964913811534643e-05,0.0006359409890137613,3.3499167329864576e-05,10.0,1.0,10.0
1038.0,0.001136120641604066,0.001136120641604066,1.6273454093607143e-05,0.000633369549177587,3.400164860067889e-05,10.0,1.0,10.0
1039.0,0.0011334695154801011,0.0011334695154801011,1.6333027815562673e-05,0.0006323522538878024,3.377869870746508e-05,10.0,1.0,10.0
1040.0,0.0011327301617711782,0.0011327301617711782,1.6698668332537636e-05,0.0006320723332464695,3.336710506118834e-05,10.0,1.0,10.0
1041.0,0.00113153166603297,0.00113153166603297,1.6130194126162678e-05,0.0006297099753282964,3.40519763994962e-05,10.0,1.0,10.0
1042.0,0.0011285804212093353,0.0011285804212093353,1.6677731764502823e-05,0.0006297604413703084,3.3204269129782915e-05,10.0,1.0,10.0
1043.0,0.0011251065880060196,0.0011251065880060196,1.6174566553672776e-05,0.0006276139174588025,3.357470268383622e-05,10.0,1.0,10.0
1044.0,0.0011227820068597794,0.0011227820068597794,1.6208094166358933e-05,0.0006265435949899256,3.3415748475817963e-05,10.0,1.0,10.0
1045.0,0.0011215233244001865,0.0011215233244001865,1.6487263565068133e-05,0.0006260871305130422,3.305635982542299e-05,10.0,1.0,10.0
1046.0,0.0011199475266039371,0.0011199475266039371,1.601904477865901e-05,0.0006240262882784009,3.357308014528826e-05,10.0,1.0,10.0
1047.0,0.0011173536768183112,0.0011173536768183112,1.645126576477196e-05,0.0006238543428480625,3.289866799605079e-05,10.0,1.0,10.0
1048.0,0.001114451210014522,0.001114451210014522,1.6053363651735708e-05,0.0006220131181180477,3.319044117233716e-05,10.0,1.0,10.0
1049.0,0.0011121968273073435,0.0011121968273073435,1.6082134607131593e-05,0.0006210001301951706,3.30375405610539e-05,10.0,1.0,10.0
1050.0,0.001110590877942741,0.001110590877942741,1.626931771170348e-05,0.0006203681696206331,3.275294875493273e-05,10.0,1.0,10.0
1051.0,0.0011088679311797023,0.0011088679311797023,1.58961283887038e-05,0.0006185790989547968,3.3132753742393106e-05,10.0,1.0,10.0
1052.0,0.0011065633734688163,0.0011065633734688163,1.6240599507000297e-05,0.000618220423348248,3.259369623265229e-05,10.0,1.0,10.0
1053.0,0.00110400200355798,0.00110400200355798,1.5907618944766e-05,0.0006165347876958549,3.283910336904228e-05,10.0,1.0,10.0
1054.0,0.0011017626384273171,0.0011017626384273171,1.595134199305903e-05,0.0006155619630590081,3.2668722269590944e-05,10.0,1.0,10.0
1055.0,0.0010999394580721855,0.0010999394580721855,1.6054302250267938e-05,0.0006147296517156065,3.2466676202602684e-05,10.0,1.0,10.0
1056.0,0.0010981408413499594,0.0010981408413499594,1.577394868945703e-05,0.000613139767665416,3.2726162316976115e-05,10.0,1.0,10.0
1057.0,0.0010960351210087538,0.0010960351210087538,1.6047930330387317e-05,0.0006126132793724537,3.229425419704057e-05,10.0,1.0,10.0
1058.0,0.001093708910048008,0.001093708910048008,1.576359136379324e-05,0.000611018855124712,3.25054134009406e-05,10.0,1.0,10.0
1059.0,0.0010914936428889632,0.0010914936428889632,1.583273297001142e-05,0.0006100984755903482,3.230677975807339e-05,10.0,1.0,10.0
1060.0,0.001089536352083087,0.001089536352083087,1.5861836800468154e-05,0.0006091046379879117,3.218133497284725e-05,10.0,1.0,10.0
1061.0,0.0010876782471314073,0.0010876782471314073,1.566801620356273e-05,0.0006077010184526443,3.232970630051568e-05,10.0,1.0,10.0
1062.0,0.001085691968910396,0.001085691968910396,1.5876103134360164e-05,0.0006070509552955627,3.198799822712317e-05,10.0,1.0,10.0
1063.0,0.0010835404973477125,0.0010835404973477125,1.5633766452083364e-05,0.0006055548437871039,3.2164796721190214e-05,10.0,1.0,10.0
1064.0,0.0010813784319907427,0.0010813784319907427,1.572369728819467e-05,0.0006046943017281592,3.194470627931878e-05,10.0,1.0,10.0
1065.0,0.0010793505934998393,0.0010793505934998393,1.5687088307458907e-05,0.000603585853241384,3.188938717357814e-05,10.0,1.0,10.0
1066.0,0.0010774339316412807,0.0010774339316412807,1.5568333765259013e-05,0.0006023485912010074,3.1940195185597986e-05,10.0,1.0,10.0
1067.0,0.0010755034163594246,0.0010755034163594246,1.5706402336945757e-05,0.0006015768740326166,3.168624243699014e-05,10.0,1.0,10.0
1068.0,0.001073477673344314,0.001073477673344314,1.5505898772971705e-05,0.0006001786096021533,3.18240090564359e-05,10.0,1.0,10.0
1069.0,0.0010713974479585886,0.0010713974479585886,1.5604049622197635e-05,0.0005993490922264755,3.160078631481156e-05,10.0,1.0,10.0
1070.0,0.0010693526128306985,0.0010693526128306985,1.5517704014200717e-05,0.0005981576978228986,3.1601790396962315e-05,10.0,1.0,10.0
1071.0,0.001067388104274869,0.001067388104274869,1.5464347598026507e-05,0.0005970553611405194,3.156893217237666e-05,10.0,1.0,10.0
1072.0,0.0010654673678800464,0.0010654673678800464,1.5531906683463603e-05,0.0005961604765616357,3.139878754154779e-05,10.0,1.0,10.0
1073.0,0.0010635191574692726,0.0010635191574692726,1.538017750135623e-05,0.0005948681500740349,3.14849239657633e-05,10.0,1.0,10.0
1074.0,0.0010615206556394696,0.0010615206556394696,1.5471210645046085e-05,0.0005940350238233805,3.127734817098826e-05,10.0,1.0,10.0
1075.0,0.00105950771830976,0.00105950771830976,1.5358291420852765e-05,0.0005928069003857672,3.1311781640397385e-05,10.0,1.0,10.0
1076.0,0.0010575264459475875,0.0010575264459475875,1.535846786282491e-05,0.0005918117240071297,3.121300323982723e-05,10.0,1.0,10.0
1077.0,0.0010555873159319162,0.0010555873159319162,1.5360245015472174e-05,0.0005908051389269531,3.111797559540719e-05,10.0,1.0,10.0
1078.0,0.0010536673944443464,0.0010536673944443464,1.526463165646419e-05,0.0005896278889849782,3.113931597908959e-05,10.0,1.0,10.0
1079.0,0.0010517328046262264,0.0010517328046262264,1.532940223114565e-05,0.0005887503502890468,3.096885120612569e-05,10.0,1.0,10.0
1080.0,0.0010497795883566141,0.0010497795883566141,1.5216649444482755e-05,0.0005875371862202883,3.1007588404463604e-05,10.0,1.0,10.0
1081.0,0.00104781542904675,0.00104781542904675,1.5249193893396296e-05,0.000586604350246489,3.087190998485312e-05,10.0,1.0,10.0
1082.0,0.0010458744363859296,0.0010458744363859296,1.5200152120087296e-05,0.0005855131894350052,3.0835977668175474e-05,10.0,1.0,10.0
1083.0,0.0010439554462209344,0.0010439554462209344,1.5157575035118498e-05,0.0005844409461133182,3.0793875339441e-05,10.0,1.0,10.0
1084.0,0.0010420491453260183,0.0010420491453260183,1.518019416835159e-05,0.0005834904150106013,3.067567740799859e-05,10.0,1.0,10.0
1085.0,0.001040144357830286,0.001040144357830286,1.508983586973045e-05,0.0005823320825584233,3.0691386200487614e-05,10.0,1.0,10.0
1086.0,0.0010382235050201416,0.0010382235050201416,1.5127578080864623e-05,0.0005814129835925996,3.055347769986838e-05,10.0,1.0,10.0
1087.0,0.0010363025357946754,0.0010363025357946754,1.5051418813527562e-05,0.0005802850937470794,3.055032721022144e-05,10.0,1.0,10.0
1088.0,0.0010343898320570588,0.0010343898320570588,1.5048726709210314e-05,0.0005792974843643606,3.046051278943196e-05,10.0,1.0,10.0
1089.0,0.0010324923787266016,0.0010324923787266016,1.5026249457150698e-05,0.000578275416046381,3.039544026250951e-05,10.0,1.0,10.0
1090.0,0.0010306088952347636,0.0010306088952347636,1.4972149983805139e-05,0.000577199854888022,3.0368752049980685e-05,10.0,1.0,10.0
1091.0,0.0010287261102348566,0.0010287261102348566,1.4990435374784283e-05,0.0005762581713497639,3.0256354875746183e-05,10.0,1.0,10.0
1092.0,0.0010268411133438349,0.0010268411133438349,1.491491093474906e-05,0.000575148209463805,3.0254381272243336e-05,10.0,1.0,10.0
1093.0,0.001024956232868135,0.001024956232868135,1.4932093108654954e-05,0.0005742067005485296,3.014285903191194e-05,10.0,1.0,10.0
1094.0,0.001023074146360159,0.001023074146360159,1.487652934883954e-05,0.0005731401615776122,3.0116872949292883e-05,10.0,1.0,10.0
1095.0,0.0010212019551545382,0.0010212019551545382,1.4860786905046552e-05,0.0005721419584006071,3.0045204766793177e-05,10.0,1.0,10.0
1096.0,0.0010193400084972382,0.0010193400084972382,1.4844450561213307e-05,0.000571148470044136,2.9974704375490546e-05,10.0,1.0,10.0
1097.0,0.001017480855807662,0.001017480855807662,1.4793902664678171e-05,0.0005700956098735332,2.9944621928734705e-05,10.0,1.0,10.0
1098.0,0.001015624264255166,0.001015624264255166,1.4802723853790667e-05,0.0005691463593393564,2.9845075914636254e-05,10.0,1.0,10.0
1099.0,0.0010137716308236122,0.0010137716308236122,1.4740888218511827e-05,0.0005680814501829445,2.982812475238461e-05,10.0,1.0,10.0
1100.0,0.0010119210928678513,0.0010119210928678513,1.4746370652574115e-05,0.0005671269027516246,2.9733053452218883e-05,10.0,1.0,10.0
1101.0,0.0010100750951096416,0.0010100750951096416,1.470044026063988e-05,0.0005660947063006461,2.9697592253796756e-05,10.0,1.0,10.0
1102.0,0.0010082351509481668,0.0010082351509481668,1.4681907487101853e-05,0.0005651040701195598,2.963120277854614e-05,10.0,1.0,10.0
1103.0,0.0010064009111374617,0.0010064009111374617,1.4663088222732767e-05,0.0005641205934807658,2.9564944270532578e-05,10.0,1.0,10.0
1104.0,0.0010045705130323768,0.0010045705130323768,1.4620000001741573e-05,0.0005630973028019071,2.952732211269904e-05,10.0,1.0,10.0
1105.0,0.0010027457028627396,0.0010027457028627396,1.461937245039735e-05,0.0005621450836770236,2.944068910437636e-05,10.0,1.0,10.0
1106.0,0.001000923803076148,0.001000923803076148,1.4567194739356637e-05,0.0005611155647784472,2.941363345598802e-05,10.0,1.0,10.0
1107.0,0.000999106327071786,0.000999106327071786,1.4565946912625805e-05,0.0005601649172604084,2.9328193704714067e-05,10.0,1.0,10.0
1108.0,0.0009972922271117568,0.0009972922271117568,1.4523302525049075e-05,0.0005591560038737953,2.9290318707353435e-05,10.0,1.0,10.0
1109.0,0.0009954837150871754,0.0009954837150871754,1.4505906619888265e-05,0.0005581860896199942,2.9223854653537273e-05,10.0,1.0,10.0
1110.0,0.0009936795104295015,0.0009936795104295015,1.44825326060527e-05,0.0005572105292230844,2.9164370062062517e-05,10.0,1.0,10.0
1111.0,0.0009918813593685627,0.0009918813593685627,1.4447068679146469e-05,0.000556218670681119,2.911919727921486e-05,10.0,1.0,10.0
1112.0,0.0009900842560455203,0.0009900842560455203,1.443816381652141e-05,0.0005552659276872873,2.9043663744232617e-05,10.0,1.0,10.0
1113.0,0.0009882922749966383,0.0009882922749966383,1.4394140634976793e-05,0.0005542674334719777,2.9008344426983967e-05,10.0,1.0,10.0
1114.0,0.0009865086758509278,0.0009865086758509278,1.4387732335308101e-05,0.0005533229559659958,2.8930840926477686e-05,10.0,1.0,10.0
1115.0,0.0009847243782132864,0.0009847243782132864,1.4347503565659281e-05,0.0005523321451619267,2.8891714464407414e-05,10.0,1.0,10.0
1116.0,0.000982945435680449,0.000982945435680449,1.4333001672639512e-05,0.0005513809737749398,2.882344415411353e-05,10.0,1.0,10.0
1117.0,0.0009811704512685537,0.0009811704512685537,1.4303710486274213e-05,0.0005504093714989722,2.8772403311450034e-05,10.0,1.0,10.0
1118.0,0.0009793993085622787,0.0009793993085622787,1.427759798389161e-05,0.000549446907825768,2.8717646273435093e-05,10.0,1.0,10.0
1119.0,0.0009776356164366007,0.0009776356164366007,1.4259225281421095e-05,0.0005484951543621719,2.8654825655394234e-05,10.0,1.0,10.0
1120.0,0.00097587367054075,0.00097587367054075,1.4224577171262354e-05,0.0005475240177474916,2.8610389563255012e-05,10.0,1.0,10.0
1121.0,0.0009741187677718699,0.0009741187677718699,1.4212026144377887e-05,0.0005465865251608193,2.8541200663312338e-05,10.0,1.0,10.0
1122.0,0.000972365727648139,0.000972365727648139,1.4175288924889173e-05,0.0005456163780763745,2.8499647669377737e-05,10.0,1.0,10.0
1123.0,0.0009706125129014254,0.0009706125129014254,1.416111808794085e-05,0.0005446824943646789,2.8431884857127443e-05,10.0,1.0,10.0
1124.0,0.000968870532233268,0.000968870532233268,1.4128729162621312e-05,0.0005437217187136412,2.8386151825543493e-05,10.0,1.0,10.0
1125.0,0.0009671287843957543,0.0009671287843957543,1.4108783943811432e-05,0.0005427860305644572,2.832548852893524e-05,10.0,1.0,10.0
1126.0,0.0009653957094997168,0.0009653957094997168,1.4083124369790312e-05,0.0005418388172984123,2.8272570489207283e-05,10.0,1.0,10.0
1127.0,0.0009636618196964264,0.0009636618196964264,1.4057021871849429e-05,0.0005408970173448324,2.8219461455591954e-05,10.0,1.0,10.0
1128.0,0.0009619335178285837,0.0009619335178285837,1.403641545039136e-05,0.000539962318725884,2.816070627886802e-05,10.0,1.0,10.0
1129.0,0.0009602096397429705,0.0009602096397429705,1.4006767742102966e-05,0.0005390200531110168,2.8112190193496644e-05,10.0,1.0,10.0
1130.0,0.0009584898361936212,0.0009584898361936212,1.398830772814108e-05,0.000538094958756119,2.805117765092291e-05,10.0,1.0,10.0
1131.0,0.0009567750385031104,0.0009567750385031104,1.3958248928247485e-05,0.0005371531588025391,2.800394213409163e-05,10.0,1.0,10.0
1132.0,0.0009550636168569326,0.0009550636168569326,1.3939561540610157e-05,0.0005362337687984109,2.7943426175625063e-05,10.0,1.0,10.0
1133.0,0.0009533563861623406,0.0009533563861623406,1.3910494999436196e-05,0.0005352963926270604,2.7895499442820437e-05,10.0,1.0,10.0
1134.0,0.0009516527643427253,0.0009516527643427253,1.3890687114326283e-05,0.0005343787488527596,2.7836715162266046e-05,10.0,1.0,10.0
1135.0,0.0009499524021521211,0.0009499524021521211,1.3863038475392386e-05,0.0005334506276994944,2.7787134968093596e-05,10.0,1.0,10.0
1136.0,0.0009482591412961483,0.0009482591412961483,1.3841738109476864e-05,0.0005325340898707509,2.7730766305467114e-05,10.0,1.0,10.0
1137.0,0.0009465679759159684,0.0009465679759159684,1.3816477803629823e-05,0.0005316140013746917,2.7678917831508443e-05,10.0,1.0,10.0
1138.0,0.0009448789642192423,0.0009448789642192423,1.3792307072435506e-05,0.0005306965322233737,2.7625937946140766e-05,10.0,1.0,10.0
1139.0,0.0009431976359337568,0.0009431976359337568,1.37701945277513e-05,0.0005297863972373307,2.7570928068598732e-05,10.0,1.0,10.0
1140.0,0.0009415170061402023,0.0009415170061402023,1.3743196177529171e-05,0.0005288700922392309,2.7521497031557374e-05,10.0,1.0,10.0
1141.0,0.0009398448746651411,0.0009398448746651411,1.3723836673307233e-05,0.0005279665347188711,2.7463996957521886e-05,10.0,1.0,10.0
1142.0,0.0009381707641296089,0.0009381707641296089,1.3694773770112079e-05,0.0005270529654808342,2.741700882324949e-05,10.0,1.0,10.0
1143.0,0.0009365059086121619,0.0009365059086121619,1.3676977687282488e-05,0.0005261549958959222,2.735811358434148e-05,10.0,1.0,10.0
1144.0,0.0009348417515866458,0.0009348417515866458,1.364732816000469e-05,0.0005252453265711665,2.7312315069139004e-05,10.0,1.0,10.0
1145.0,0.0009331838227808475,0.0009331838227808475,1.3629499335365836e-05,0.0005243515479378402,2.7253730877419002e-05,10.0,1.0,10.0
1146.0,0.000931528105866164,0.000931528105866164,1.3600617421616334e-05,0.0005234472919255495,2.7207466700929217e-05,10.0,1.0,10.0
1147.0,0.0009298769291490316,0.0009298769291490316,1.3581524399342015e-05,0.0005225558998063207,2.7150581445312127e-05,10.0,1.0,10.0
1148.0,0.0009282287210226059,0.0009282287210226059,1.3554740689869504e-05,0.0005216588615439832,2.7102247258881107e-05,10.0,1.0,10.0
1149.0,0.0009265873814001679,0.0009265873814001679,1.3533534001908265e-05,0.00052076973952353,2.7048223273595795e-05,10.0,1.0,10.0
1150.0,0.0009249467984773219,0.0009249467984773219,1.350871298200218e-05,0.0005198781145736575,2.6998155590263195e-05,10.0,1.0,10.0
1151.0,0.0009233128512278199,0.0009233128512278199,1.3486220268532634e-05,0.0005189923685975373,2.6945826903101988e-05,10.0,1.0,10.0
1152.0,0.0009216817561537027,0.0009216817561537027,1.3462671631714329e-05,0.0005181079613976181,2.6894706024904735e-05,10.0,1.0,10.0
1153.0,0.0009200546192005277,0.0009200546192005277,1.3439306712825783e-05,0.0005172244273126125,2.684371793293394e-05,10.0,1.0,10.0
1154.0,0.0009184305090457201,0.0009184305090457201,1.3416510228125844e-05,0.0005163450259715319,2.6792040443979204e-05,10.0,1.0,10.0
1155.0,0.0009168116375803947,0.0009168116375803947,1.3392675100476481e-05,0.0005154647515155375,2.674201095942408e-05,10.0,1.0,10.0
1156.0,0.0009151960257440805,0.0009151960257440805,1.3370658962230664e-05,0.0005145904142409563,2.668989691301249e-05,10.0,1.0,10.0
1157.0,0.0009135851869359612,0.0009135851869359612,1.3346298146643676e-05,0.0005137140396982431,2.6640820578904822e-05,10.0,1.0,10.0
1158.0,0.0009119748137891293,0.0009119748137891293,1.3324938663572539e-05,0.0005128447664901614,2.6588066248223186e-05,10.0,1.0,10.0
1159.0,0.0009103704360313714,0.0009103704360313714,1.329948463535402e-05,0.0005119713605381548,2.6540423277765512e-05,10.0,1.0,10.0
1160.0,0.0009087700746022165,0.0009087700746022165,1.3279617633088492e-05,0.000511106860358268,2.6486704882699996e-05,10.0,1.0,10.0
1161.0,0.0009071745444089174,0.0009071745444089174,1.3253345969133079e-05,0.0005102380528114736,2.6440309738973156e-05,10.0,1.0,10.0
1162.0,0.000905582623090595,0.000905582623090595,1.3234201105660759e-05,0.0005093790241517127,2.6386156605440192e-05,10.0,1.0,10.0
1163.0,0.0009039920987561345,0.0009039920987561345,1.3207530173531268e-05,0.0005085132434032857,2.6340352633269504e-05,10.0,1.0,10.0
1164.0,0.0009024088503792882,0.0009024088503792882,1.3188748198444955e-05,0.0005076597444713116,2.6286161300959066e-05,10.0,1.0,10.0
1165.0,0.0009008276392705739,0.0009008276392705739,1.3161636161385104e-05,0.0005067975143902004,2.6241375962854363e-05,10.0,1.0,10.0
1166.0,0.0008992495713755488,0.0008992495713755488,1.314389010076411e-05,0.0005059491959400475,2.6186147806583904e-05,10.0,1.0,10.0
1167.0,0.0008976777317002416,0.0008976777317002416,1.311575761064887e-05,0.0005050904583185911,2.614296681713313e-05,10.0,1.0,10.0
1168.0,0.0008961068233475089,0.0008961068233475089,1.309948038397124e-05,0.0005042469128966331,2.6086505386047065e-05,10.0,1.0,10.0
1169.0,0.0008945415029302239,0.0008945415029302239,1.30699627334252e-05,0.0005033907946199179,2.604511428216938e-05,10.0,1.0,10.0
1170.0,0.0008929789182730019,0.0008929789182730019,1.3054956980340648e-05,0.0005025535938329995,2.5987574190367013e-05,10.0,1.0,10.0
1171.0,0.0008914216887205839,0.0008914216887205839,1.3024236977798864e-05,0.0005017000949010253,2.5947920221369714e-05,10.0,1.0,10.0
1172.0,0.0008898657979443669,0.0008898657979443669,1.301115844398737e-05,0.0005008677253499627,2.5888650270644575e-05,10.0,1.0,10.0
1173.0,0.0008883170667104423,0.0008883170667104423,1.2978642189409584e-05,0.0005000171950086951,2.585134279797785e-05,10.0,1.0,10.0
1174.0,0.000886769499629736,0.000886769499629736,1.2967474503966514e-05,0.0004991926834918559,2.5790212021092884e-05,10.0,1.0,10.0
1175.0,0.0008852251339703798,0.0008852251339703798,1.2932615391036961e-05,0.0004983420949429274,2.575569124019239e-05,10.0,1.0,10.0
1176.0,0.0008836883353069425,0.0008836883353069425,1.2925311239087023e-05,0.0004975274205207825,2.569077696534805e-05,10.0,1.0,10.0
1177.0,0.0008821545634418726,0.0008821545634418726,1.2885287105746102e-05,0.0004966742126271129,2.566274633863941e-05,10.0,1.0,10.0
1178.0,0.000880623294506222,0.000880623294506222,1.2885300748166628e-05,0.0004958707140758634,2.5589957658667117e-05,10.0,1.0,10.0
1179.0,0.0008790997671894729,0.0008790997671894729,1.2836014320782851e-05,0.0004950137226842344,2.5572586309863254e-05,10.0,1.0,10.0
1180.0,0.0008775770547799766,0.0008775770547799766,1.2848320693592541e-05,0.0004942259984090924,2.5486784579697996e-05,10.0,1.0,10.0
1181.0,0.0008760615019127727,0.0008760615019127727,1.2783702914020978e-05,0.0004933592863380909,2.548651536926627e-05,10.0,1.0,10.0
1182.0,0.0008745536906644702,0.0008745536906644702,1.2816395610570908e-05,0.0004925944376736879,2.5379531507496722e-05,10.0,1.0,10.0
1183.0,0.0008730567642487586,0.0008730567642487586,1.272680856345687e-05,0.0004917093319818377,2.540793502703309e-05,10.0,1.0,10.0
1184.0,0.0008715708972886205,0.0008715708972886205,1.2793057067028712e-05,0.0004909805138595402,2.526597927499097e-05,10.0,1.0,10.0
1185.0,0.0008701063925400376,0.0008701063925400376,1.2663319466810208e-05,0.0004900639178231359,2.534092709538527e-05,10.0,1.0,10.0
1186.0,0.0008686734363436699,0.0008686734363436699,1.2785021681338549e-05,0.0004893939476460218,2.5142930098809302e-05,10.0,1.0,10.0
1187.0,0.0008672909461893141,0.0008672909461893141,1.2590589903993532e-05,0.0004884261870756745,2.5295885279774666e-05,10.0,1.0,10.0
1188.0,0.0008659977465867996,0.0008659977465867996,1.2808914107154123e-05,0.00048785796388983727,2.5005061615956947e-05,10.0,1.0,10.0
1189.0,0.0008648473303765059,0.0008648473303765059,1.2507783139881212e-05,0.00048680976033210754,2.529596895328723e-05,10.0,1.0,10.0
1190.0,0.0008639533771201968,0.0008639533771201968,1.2902877642773092e-05,0.00048643240006640553,2.4849219698808156e-05,10.0,1.0,10.0
1191.0,0.0008635097183287144,0.0008635097183287144,1.2429729395080358e-05,0.00048527613398618996,2.53936268563848e-05,10.0,1.0,10.0
1192.0,0.0008638692088425159,0.0008638692088425159,1.3167396900826134e-05,0.0004852912970818579,2.4690398277016357e-05,10.0,1.0,10.0
1193.0,0.0008656803402118385,0.0008656803402118385,1.2436053111741785e-05,0.00048405450070276856,2.572652738308534e-05,10.0,1.0,10.0
1194.0,0.0008701394544914365,0.0008701394544914365,1.3889055480831303e-05,0.00048496935050934553,2.462794873281382e-05,10.0,1.0,10.0
1195.0,0.0008794754394330084,0.0008794754394330084,1.2859578419011086e-05,0.0004839678877033293,2.669117384357378e-05,10.0,1.0,10.0
1196.0,0.0008978736586868763,0.0008978736586868763,1.5961433746269904e-05,0.0004872284480370581,2.5103086954914033e-05,10.0,1.0,10.0
1197.0,0.0009332674089819193,0.0009332674089819193,1.4997911421232857e-05,0.0004880158230662346,2.9527242077165283e-05,10.0,1.0,10.0
1198.0,0.0010007995879277587,0.0010007995879277587,2.2375104890670627e-05,0.0004981808597221971,2.7886762836715207e-05,10.0,1.0,10.0
1199.0,0.0011295885778963566,0.0011295885778963566,2.380357909714803e-05,0.0005072592757642269,3.842934893327765e-05,10.0,1.0,10.0
1200.0,0.0013759068679064512,0.0013759068679064512,4.371246905066073e-05,0.0005398987559601665,3.9888331230031326e-05,10.0,1.0,10.0
1201.0,0.0018489412032067776,0.0018489412032067776,5.821079685119912e-05,0.0005832127062603831,6.836206011939794e-05,10.0,1.0,10.0
1202.0,0.0027602994814515114,0.0027602994814515114,0.00011877847282448784,0.0006942882318980992,8.782265649642795e-05,10.0,1.0,10.0
1203.0,0.004516259301453829,0.004516259301453829,0.00019025201618205756,0.0008723709615878761,0.00017413680325262249,10.0,1.0,10.0
1204.0,0.007875964045524597,0.007875964045524597,0.00038930459413677454,0.001262143487110734,0.0002720775082707405,10.0,1.0,10.0
1205.0,0.014171252958476543,0.014171252958476543,0.0006767929880879819,0.001930626342073083,0.0005472696502692997,10.0,1.0,10.0
1206.0,0.025403855368494987,0.025403855368494987,0.0013046495150774717,0.0031975675374269485,0.0009159792098216712,10.0,1.0,10.0
1207.0,0.0434492751955986,0.0434492751955986,0.002164664678275585,0.005156830418854952,0.001664579613134265,10.0,1.0,10.0
1208.0,0.06652286648750305,0.06652286648750305,0.003440507920458913,0.007709299214184284,0.0024408488534390926,10.0,1.0,10.0
1209.0,0.08267135173082352,0.08267135173082352,0.00416230084374547,0.009486038237810135,0.0031562307849526405,10.0,1.0,10.0
1210.0,0.07161964476108551,0.07161964476108551,0.003708397038280964,0.008226129226386547,0.002630955073982477,10.0,1.0,10.0
1211.0,0.032607078552246094,0.032607078552246094,0.001608487800695002,0.003964582923799753,0.0012557615991681814,10.0,1.0,10.0
1212.0,0.002529733581468463,0.002529733581468463,0.00010710264177760109,0.0006467218045145273,8.119853009702638e-05,10.0,1.0,10.0
1213.0,0.010508664883673191,0.010508664883673191,0.0005274554714560509,0.0015120337484404445,0.00037220760714262724,10.0,1.0,10.0
1214.0,0.03499283641576767,0.03499283641576767,0.0017359842313453555,0.004260377027094364,0.001337261637672782,10.0,1.0,10.0
1215.0,0.03547798469662666,0.03547798469662666,0.0018250367138534784,0.004221205599606037,0.0013006412191316485,10.0,1.0,10.0
1216.0,0.011480442248284817,0.011480442248284817,0.00053917255718261,0.0016732766525819898,0.0004415440489538014,10.0,1.0,10.0
1217.0,0.001338738133199513,0.001338738133199513,3.314345303806476e-05,0.0005399884539656341,4.673151488532312e-05,10.0,1.0,10.0
1218.0,0.015833592042326927,0.015833592042326927,0.0008024161797948182,0.0021083049941807985,0.00057011260651052,10.0,1.0,10.0
1219.0,0.023479416966438293,0.023479416966438293,0.0011492462363094091,0.003020486095920205,0.0008966468740254641,10.0,1.0,10.0
1220.0,0.009968256577849388,0.009968256577849388,0.0004931384464725852,0.00148600188549608,0.00035508698783814907,10.0,1.0,10.0
1221.0,0.0009363506105728447,0.0009363506105728447,1.3423348718788475e-05,0.0005080213886685669,2.9409571652649902e-05,10.0,1.0,10.0
1222.0,0.009854174219071865,0.009854174219071865,0.00046087882947176695,0.0014970151241868734,0.0003748370218090713,10.0,1.0,10.0
1223.0,0.015151375904679298,0.015151375904679298,0.0007601713296025991,0.00208149547688663,0.0005468166782520711,10.0,1.0,10.0
1224.0,0.006025881040841341,0.006025881040841341,0.00026468184660188854,0.0010598954977467656,0.00023191669606603682,10.0,1.0,10.0
1225.0,0.0011056996881961823,0.0011056996881961823,2.1504671167349443e-05,0.0005181393353268504,3.725136775756255e-05,10.0,1.0,10.0
1226.0,0.0077458154410123825,0.0077458154410123825,0.0003733355551958084,0.0012737103970721364,0.0002738749608397484,10.0,1.0,10.0
1227.0,0.00965714268386364,0.00965714268386364,0.0004519270150922239,0.001431954326108098,0.0003705917624756694,10.0,1.0,10.0
1228.0,0.0029406945686787367,0.0029406945686787367,0.000122492914670147,0.0007290866342373192,9.866787877399474e-05,10.0,1.0,10.0
1229.0,0.0016218649689108133,0.0016218649689108133,5.109136691316962e-05,0.0005828819121234119,5.28069467691239e-05,10.0,1.0,10.0
1230.0,0.006453359499573708,0.006453359499573708,0.00028942638891749084,0.0010705970926210284,0.00024884985759854317,10.0,1.0,10.0
1231.0,0.005787113681435585,0.005787113681435585,0.0002735571179073304,0.001055193948559463,0.00019963487284258008,10.0,1.0,10.0
1232.0,0.0013349540531635284,0.0013349540531635284,2.990257416968234e-05,0.0005312456050887704,5.046826845500618e-05,10.0,1.0,10.0
1233.0,0.0022559480275958776,0.0022559480275958776,7.769106014166027e-05,0.0006240917718969285,8.54945756145753e-05,10.0,1.0,10.0
1234.0,0.005096856504678726,0.005096856504678726,0.0002370646980125457,0.0009789380710572004,0.00017472717445343733,10.0,1.0,10.0
1235.0,0.0031810561195015907,0.0031810561195015907,0.00012207495456095785,0.0007303217425942421,0.0001229984627570957,10.0,1.0,10.0
1236.0,0.0008917783270590007,0.0008917783270590007,1.2294152838876471e-05,0.0004913317388854921,2.7750507797463797e-05,10.0,1.0,10.0
1237.0,0.0026004319079220295,0.0026004319079220295,0.00010452921560499817,0.0006950381211936474,8.601017907494679e-05,10.0,1.0,10.0
1238.0,0.0036719602067023516,0.0036719602067023516,0.00014698761515319347,0.0007890993729233742,0.0001412984711350873,10.0,1.0,10.0
1239.0,0.0016943702939897776,0.0016943702939897776,5.721555862692185e-05,0.000588548369705677,5.336663525667973e-05,10.0,1.0,10.0
1240.0,0.0010216593509539962,0.0010216593509539962,1.895674540719483e-05,0.0005116155371069908,3.2047635613707826e-05,10.0,1.0,10.0
1241.0,0.002529677003622055,0.002529677003622055,9.002149454317987e-05,0.0006661280640400946,9.633340960135683e-05,10.0,1.0,10.0
1242.0,0.002466343343257904,0.002466343343257904,9.824657900026068e-05,0.0006751599721610546,8.08717668405734e-05,10.0,1.0,10.0
1243.0,0.0010432448470965028,0.0010432448470965028,1.705085924186278e-05,0.0005060784751549363,3.666578049887903e-05,10.0,1.0,10.0
1244.0,0.0012493797112256289,0.0012493797112256289,2.7382086045690812e-05,0.0005261881742626429,4.49370636488311e-05,10.0,1.0,10.0
1245.0,0.0021796338260173798,0.0021796338260173798,8.311179408337921e-05,0.0006411059875972569,7.074098539305851e-05,10.0,1.0,10.0
1246.0,0.0016314939130097628,0.0016314939130097628,4.617804370354861e-05,0.0005646185018122196,6.050948650226928e-05,10.0,1.0,10.0
1247.0,0.0008648291695863008,0.0008648291695863008,1.08398917291197e-05,0.0004861730267293751,2.702572601265274e-05,10.0,1.0,10.0
1248.0,0.001360812340863049,0.001360812340863049,3.962995469919406e-05,0.0005458072409965098,4.187055310467258e-05,10.0,1.0,10.0
1249.0,0.0017532417550683022,0.0017532417550683022,5.266512744128704e-05,0.000574077945202589,6.525124626932666e-05,10.0,1.0,10.0
1250.0,0.0011588033521547914,0.0011588033521547914,2.8488428142736666e-05,0.0005216120043769479,3.523071063682437e-05,10.0,1.0,10.0
1251.0,0.0008798323106020689,0.0008798323106020689,1.2998923011764418e-05,0.00048591798986308277,2.6392503059469163e-05,10.0,1.0,10.0
1252.0,0.001338927773758769,0.001338927773758769,3.251020461902954e-05,0.0005284913349896669,4.853343853028491e-05,10.0,1.0,10.0
1253.0,0.001391087076626718,0.001391087076626718,4.1830593545455486e-05,0.0005474916542880237,4.2528947233222425e-05,10.0,1.0,10.0
1254.0,0.0009390399209223688,0.0009390399209223688,1.428281029802747e-05,0.00048672634875401855,3.094854764640331e-05,10.0,1.0,10.0
1255.0,0.0009268659050576389,0.0009268659050576389,1.3136981579009444e-05,0.0004857494495809078,3.0974664696259424e-05,10.0,1.0,10.0
1256.0,0.0012398797553032637,0.0012398797553032637,3.398524131625891e-05,0.0005276817246340215,3.723456393345259e-05,10.0,1.0,10.0
1257.0,0.0011387537233531475,0.0011387537233531475,2.33803984883707e-05,0.0005062022828496993,3.9874747017165646e-05,10.0,1.0,10.0
1258.0,0.0008579303976148367,0.0008579303976148367,1.1634229849732947e-05,0.00048065203009173274,2.6093610358657315e-05,10.0,1.0,10.0
1259.0,0.0009495356352999806,0.0009495356352999806,1.7911746908794157e-05,0.0004916253383271396,2.787927951430902e-05,10.0,1.0,10.0
1260.0,0.0011242806212976575,0.0011242806212976575,2.242229129478801e-05,0.0005046708974987268,3.9538681448902935e-05,10.0,1.0,10.0
1261.0,0.0009867413900792599,0.0009867413900792599,1.9981471268692985e-05,0.0004956379998475313,2.912886702688411e-05,10.0,1.0,10.0
1262.0,0.0008363613160327077,0.0008363613160327077,1.052291008818429e-05,0.0004757751594297588,2.5535702661727555e-05,10.0,1.0,10.0
1263.0,0.0009435095125809312,0.0009435095125809312,1.4210450899554417e-05,0.0004854657454416156,3.159392508678138e-05,10.0,1.0,10.0
1264.0,0.0010243637952953577,0.0010243637952953577,2.26250704145059e-05,0.000498421024531126,2.996920193254482e-05,10.0,1.0,10.0
1265.0,0.0009028316708281636,0.0009028316708281636,1.274515761906514e-05,0.000480309478007257,2.9507062208722346e-05,10.0,1.0,10.0
1266.0,0.00083268026355654,0.00083268026355654,1.0342402674723417e-05,0.00047314888797700405,2.5610734155634418e-05,10.0,1.0,10.0
1267.0,0.0009212957229465246,0.0009212957229465246,1.6922584109124728e-05,0.00048420403618365526,2.678658529475797e-05,10.0,1.0,10.0
1268.0,0.0009500248124822974,0.0009500248124822974,1.493132731411606e-05,0.0004829521058127284,3.177594771841541e-05,10.0,1.0,10.0
1269.0,0.0008589628268964589,0.0008589628268964589,1.3287855836097151e-05,0.00047505192924290895,2.5103236112045124e-05,10.0,1.0,10.0
1270.0,0.0008310930570587516,0.0008310930570587516,1.1213629477424547e-05,0.0004707497719209641,2.4820701582939364e-05,10.0,1.0,10.0
1271.0,0.0008945254958234727,0.0008945254958234727,1.2847789548686706e-05,0.0004749185172840953,2.911290357587859e-05,10.0,1.0,10.0
1272.0,0.000898848520591855,0.000898848520591855,1.5981035176082514e-05,0.0004780273884534836,2.6101080948137678e-05,10.0,1.0,10.0
1273.0,0.0008357872138731182,0.0008357872138731182,1.0541397386987228e-05,0.0004681542923208326,2.6221892767352983e-05,10.0,1.0,10.0
1274.0,0.0008271263795904815,0.0008271263795904815,1.0580805792415049e-05,0.00046676426427438855,2.5455403374508023e-05,10.0,1.0,10.0
1275.0,0.000869368202984333,0.000869368202984333,1.4192291928338818e-05,0.0004731102962978184,2.5433499104110524e-05,10.0,1.0,10.0
1276.0,0.0008646637434139848,0.0008646637434139848,1.1809150237240829e-05,0.00046936783473938704,2.7720445359591395e-05,10.0,1.0,10.0
1277.0,0.0008225160418078303,0.0008225160418078303,1.1318408724036999e-05,0.0004661499697249383,2.4318203941220418e-05,10.0,1.0,10.0
1278.0,0.0008210527012124658,0.0008210527012124658,1.1050728062400594e-05,0.00046572176506742835,2.448236227792222e-05,10.0,1.0,10.0
1279.0,0.0008482859702780843,0.0008482859702780843,1.1404383258195594e-05,0.00046648469287902117,2.6775742298923433e-05,10.0,1.0,10.0
1280.0,0.0008418166544288397,0.0008418166544288397,1.2765171959472355e-05,0.00046764162834733725,2.4652326828800142e-05,10.0,1.0,10.0
1281.0,0.0008137681288644671,0.0008137681288644671,1.0212866982328705e-05,0.0004625603323802352,2.4907914848881774e-05,10.0,1.0,10.0
1282.0,0.0008139772107824683,0.0008139772107824683,1.0377758371760137e-05,0.0004618982784450054,2.4830134861986153e-05,10.0,1.0,10.0
1283.0,0.0008313285652548075,0.0008313285652548075,1.2245761354279239e-05,0.00046471544192172587,2.4415556254098192e-05,10.0,1.0,10.0
1284.0,0.0008258677553385496,0.0008258677553385496,1.078093373507727e-05,0.0004616255755536258,2.5643286790000275e-05,10.0,1.0,10.0
1285.0,0.0008069869363680482,0.0008069869363680482,1.0705234672059305e-05,0.0004600617103278637,2.3987291569937952e-05,10.0,1.0,10.0
1286.0,0.0008068017777986825,0.0008068017777986825,1.0783536708913743e-05,0.0004594716301653534,2.3949476599227637e-05,10.0,1.0,10.0
1287.0,0.000817814317997545,0.000817814317997545,1.0640951586537994e-05,0.0004589582676999271,2.52446552622132e-05,10.0,1.0,10.0
1288.0,0.0008140738354995847,0.0008140738354995847,1.1506862392707262e-05,0.00045939668780192733,2.3960854377946816e-05,10.0,1.0,10.0
1289.0,0.0008011534227989614,0.0008011534227989614,1.0269278391206171e-05,0.00045646372018381953,2.4199691324611194e-05,10.0,1.0,10.0
1290.0,0.0008000503294169903,0.0008000503294169903,1.0188097803620622e-05,0.00045586295891553164,2.423063779133372e-05,10.0,1.0,10.0
1291.0,0.0008069174364209175,0.0008069174364209175,1.1273981726844795e-05,0.0004569258016999811,2.3725177015876397e-05,10.0,1.0,10.0
1292.0,0.0008047185256145895,0.0008047185256145895,1.0354653568356298e-05,0.00045516504906117916,2.4600694814580493e-05,10.0,1.0,10.0
1293.0,0.0007957440102472901,0.0007957440102472901,1.0471288987901062e-05,0.0004544859693851322,2.3654512915527448e-05,10.0,1.0,10.0
1294.0,0.0007938191993162036,0.0007938191993162036,1.0477245268702973e-05,0.0004537288914434612,2.3531787519459613e-05,10.0,1.0,10.0
1295.0,0.0007979113725014031,0.0007979113725014031,1.0156190910493024e-05,0.0004532265302259475,2.431229040666949e-05,10.0,1.0,10.0
1296.0,0.0007968335412442684,0.0007968335412442684,1.08977055788273e-05,0.0004534113686531782,2.3444508769898675e-05,10.0,1.0,10.0
1297.0,0.0007905685342848301,0.0007905685342848301,1.0114196811628062e-05,0.00045162474270910025,2.378018143645022e-05,10.0,1.0,10.0
1298.0,0.0007881108904257417,0.0007881108904257417,1.0052507604996208e-05,0.0004509759019128978,2.3660986698814668e-05,10.0,1.0,10.0
1299.0,0.0007902662036940455,0.0007902662036940455,1.0666364687494934e-05,0.00045100203715264797,2.3260048692463897e-05,10.0,1.0,10.0
1300.0,0.0007898694020695984,0.0007898694020695984,1.004619844025001e-05,0.0004498280177358538,2.3957940356922336e-05,10.0,1.0,10.0
1301.0,0.0007855197764001787,0.0007855197764001787,1.0382968866906594e-05,0.0004492682055570185,2.3242186216521077e-05,10.0,1.0,10.0
1302.0,0.0007828265661373734,0.0007828265661373734,1.0179179298575036e-05,0.0004482415970414877,2.327931724721566e-05,10.0,1.0,10.0
1303.0,0.0007835744763724506,0.0007835744763724506,9.977818990591913e-06,0.00044755524140782654,2.3624104869668372e-05,10.0,1.0,10.0
1304.0,0.0007834837306290865,0.0007834837306290865,1.0555436347203795e-05,0.0004474246525205672,2.305047382833436e-05,10.0,1.0,10.0
1305.0,0.0007805309141986072,0.0007805309141986072,9.972390216717031e-06,0.00044616518425755203,2.346418477827683e-05,10.0,1.0,10.0
1306.0,0.0007778730359859765,0.0007778730359859765,1.00981078503537e-05,0.00044551948667503893,2.3137246898841113e-05,10.0,1.0,10.0
1307.0,0.0007776034181006253,0.0007776034181006253,1.026866721076658e-05,0.0004451101121958345,2.298066465300508e-05,10.0,1.0,10.0
1308.0,0.0007775115082040429,0.0007775115082040429,9.93229969026288e-06,0.0004442949721124023,2.3389351554214954e-05,10.0,1.0,10.0
1309.0,0.0007755485130473971,0.0007755485130473971,1.0297949302184861e-05,0.0004439273907337338,2.2864158381707966e-05,10.0,1.0,10.0
1310.0,0.0007731361547484994,0.0007731361547484994,9.96213020698633e-06,0.00044302031164988875,2.304945701325778e-05,10.0,1.0,10.0
1311.0,0.0007721763104200363,0.0007721763104200363,9.954408596968278e-06,0.00044239344424568117,2.3023876565275714e-05,10.0,1.0,10.0
1312.0,0.0007718753768131137,0.0007718753768131137,1.0216223017778248e-05,0.0004421179764904082,2.275951555930078e-05,10.0,1.0,10.0
1313.0,0.0007705549942329526,0.0007705549942329526,9.871584552456625e-06,0.00044122993131168187,2.3060923922457732e-05,10.0,1.0,10.0
1314.0,0.0007685092277824879,0.0007685092277824879,1.0062130058940966e-05,0.0004406998632475734,2.271880475746002e-05,10.0,1.0,10.0
1315.0,0.0007671469356864691,0.0007671469356864691,9.966106517822482e-06,0.00044005471863783896,2.274311555083841e-05,10.0,1.0,10.0
1316.0,0.000766538898460567,0.000766538898460567,9.866117579804268e-06,0.00043935346184298396,2.2852424081065692e-05,10.0,1.0,10.0
1317.0,0.0007655665976926684,0.0007655665976926684,1.0086383554153144e-05,0.0004389692912809551,2.257335108879488e-05,10.0,1.0,10.0
1318.0,0.0007639123359695077,0.0007639123359695077,9.839211088547017e-06,0.00043811422074213624,2.27405962505145e-05,10.0,1.0,10.0
1319.0,0.0007623982382938266,0.0007623982382938266,9.909434083965607e-06,0.00043751904740929604,2.2578482457902282e-05,10.0,1.0,10.0
1320.0,0.0007614822825416923,0.0007614822825416923,9.955911082215607e-06,0.0004369936650618911,2.2492951757158153e-05,10.0,1.0,10.0
1321.0,0.0007606225553900003,0.0007606225553900003,9.811943527893163e-06,0.0004362583567854017,2.2624477423960343e-05,10.0,1.0,10.0
1322.0,0.0007593025802634656,0.0007593025802634656,9.962712283595465e-06,0.00043579403427429497,2.2388139768736437e-05,10.0,1.0,10.0
1323.0,0.0007578211952932179,0.0007578211952932179,9.829958798945881e-06,0.0004350500530563295,2.244715506094508e-05,10.0,1.0,10.0
1324.0,0.0007566778222098947,0.0007566778222098947,9.81764151219977e-06,0.00043444958282634616,2.2405180061468855e-05,10.0,1.0,10.0
1325.0,0.0007557653589174151,0.0007557653589174151,9.917614079313353e-06,0.00043396264663897455,2.2262654965743423e-05,10.0,1.0,10.0
1326.0,0.0007546644192188978,0.0007546644192188978,9.769585631147493e-06,0.00043324328726157546,2.23725255636964e-05,10.0,1.0,10.0
1327.0,0.0007533257594332099,0.0007533257594332099,9.857881195785012e-06,0.0004327329224906862,2.2201404135557823e-05,10.0,1.0,10.0
1328.0,0.0007520709768868983,0.0007520709768868983,9.80863296717871e-06,0.0004320783482398838,2.219063026132062e-05,10.0,1.0,10.0
1329.0,0.0007510439027100801,0.0007510439027100801,9.744807357492391e-06,0.0004314701654948294,2.2212563635548577e-05,10.0,1.0,10.0
1330.0,0.0007500318461097777,0.0007500318461097777,9.85240149020683e-06,0.00043096637818962336,2.205414421041496e-05,10.0,1.0,10.0
1331.0,0.0007488486589863896,0.0007488486589863896,9.721191418066155e-06,0.0004302828456275165,2.2135393010103144e-05,10.0,1.0,10.0
1332.0,0.0007476005121134222,0.0007476005121134222,9.76901446847478e-06,0.0004297396226320416,2.20170750253601e-05,10.0,1.0,10.0
1333.0,0.0007464734371751547,0.0007464734371751547,9.765376489667688e-06,0.00042913746437989175,2.1968226064927876e-05,10.0,1.0,10.0
1334.0,0.0007454496808350086,0.0007454496808350086,9.682552445156034e-06,0.00042852910701185465,2.2009500753483735e-05,10.0,1.0,10.0
1335.0,0.0007443714421242476,0.0007443714421242476,9.779478205018677e-06,0.0004280027933418751,2.18573804886546e-05,10.0,1.0,10.0
1336.0,0.0007431973936036229,0.0007431973936036229,9.672848136688117e-06,0.0004273584927432239,2.1911038857069798e-05,10.0,1.0,10.0
1337.0,0.0007420337060466409,0.0007420337060466409,9.699470865598414e-06,0.00042679658508859575,2.1824238501721993e-05,10.0,1.0,10.0
1338.0,0.00074095738818869,0.00074095738818869,9.712310202303343e-06,0.000426222977694124,2.1761132302344777e-05,10.0,1.0,10.0
1339.0,0.0007399148307740688,0.0007399148307740688,9.633306035539135e-06,0.0004256173560861498,2.1796438886667602e-05,10.0,1.0,10.0
1340.0,0.0007388176745735109,0.0007388176745735109,9.71022109297337e-06,0.0004250761412549764,2.1663930965587497e-05,10.0,1.0,10.0
1341.0,0.0007376777939498425,0.0007376777939498425,9.628489351598546e-06,0.00042446068255230784,2.16932239709422e-05,10.0,1.0,10.0
1342.0,0.0007365669007413089,0.0007365669007413089,9.642135410103947e-06,0.000423887453507632,2.1625810404657386e-05,10.0,1.0,10.0
1343.0,0.0007355112466029823,0.0007355112466029823,9.65537219599355e-06,0.0004233256622683257,2.156318623747211e-05,10.0,1.0,10.0
1344.0,0.0007344543701037765,0.0007344543701037765,9.589281944499817e-06,0.00042272330028936267,2.158382449124474e-05,10.0,1.0,10.0
1345.0,0.0007333672838285565,0.0007333672838285565,9.6428811957594e-06,0.00042217562440782785,2.1476287656696513e-05,10.0,1.0,10.0
1346.0,0.0007322639576159418,0.0007322639576159418,9.582246093486901e-06,0.0004215810331515968,2.1486046534846537e-05,10.0,1.0,10.0
1347.0,0.0007311851950362325,0.0007311851950362325,9.585995940142311e-06,0.0004210095212329179,2.1431571440189146e-05,10.0,1.0,10.0
1348.0,0.0007301369332708418,0.0007301369332708418,9.594777111487929e-06,0.00042045730515383184,2.1373183699324727e-05,10.0,1.0,10.0
1349.0,0.0007290834910236299,0.0007290834910236299,9.542797670292202e-06,0.00041986818541772664,2.137872979801614e-05,10.0,1.0,10.0
1350.0,0.000728011887986213,0.000728011887986213,9.576306183589622e-06,0.0004193237400613725,2.129250788129866e-05,10.0,1.0,10.0
1351.0,0.0007269367924891412,0.0007269367924891412,9.53309063334018e-06,0.0004187468730378896,2.1285901311784983e-05,10.0,1.0,10.0
1352.0,0.0007258766563609242,0.0007258766563609242,9.529480848868843e-06,0.00041818409226834774,2.1239779016468674e-05,10.0,1.0,10.0
1353.0,0.0007248350884765387,0.0007248350884765387,9.534993296256289e-06,0.00041763755143620074,2.1184761862969026e-05,10.0,1.0,10.0
1354.0,0.0007237924728542566,0.0007237924728542566,9.495010090176947e-06,0.00041706112097017467,2.117812073265668e-05,10.0,1.0,10.0
1355.0,0.0007227383903227746,0.0007227383903227746,9.514101293461863e-06,0.0004165197315160185,2.1107762222527526e-05,10.0,1.0,10.0
1356.0,0.0007216848898679018,0.0007216848898679018,9.484739166509826e-06,0.00041594909271225333,2.108883563778363e-05,10.0,1.0,10.0
1357.0,0.0007206425652839243,0.0007206425652839243,9.474510989093687e-06,0.0004153950430918485,2.10502421396086e-05,10.0,1.0,10.0
1358.0,0.0007196119986474514,0.0007196119986474514,9.480816515861079e-06,0.0004148449224885553,2.0995892555220053e-05,10.0,1.0,10.0
1359.0,0.0007185798604041338,0.0007185798604041338,9.444883289688732e-06,0.0004142792895436287,2.0985173250664957e-05,10.0,1.0,10.0
1360.0,0.0007175434730015695,0.0007175434730015695,9.459089596930426e-06,0.0004137370560783893,2.0921550458297133e-05,10.0,1.0,10.0
1361.0,0.0007165066199377179,0.0007165066199377179,9.433369086764287e-06,0.00041317619616165757,2.0899668015772477e-05,10.0,1.0,10.0
1362.0,0.0007154799532145262,0.0007154799532145262,9.423083611181937e-06,0.0004126281419303268,2.086209860863164e-05,10.0,1.0,10.0
1363.0,0.0007144574774429202,0.0007144574774429202,9.426335054740775e-06,0.0004120823577977717,2.0811176000279374e-05,10.0,1.0,10.0
1364.0,0.0007134389597922564,0.0007134389597922564,9.394153494213242e-06,0.00041152993799187243,2.0796749595319852e-05,10.0,1.0,10.0
1365.0,0.0007124189869500697,0.0007124189869500697,9.405287528352346e-06,0.00041099119698628783,2.073749237752054e-05,10.0,1.0,10.0
1366.0,0.0007113979663699865,0.0007113979663699865,9.379784387419932e-06,0.0004104428517166525,2.071573180728592e-05,10.0,1.0,10.0
1367.0,0.0007103843381628394,0.0007103843381628394,9.372210115543567e-06,0.00040990280103869736,2.0675946871051565e-05,10.0,1.0,10.0
1368.0,0.0007093744934536517,0.0007093744934536517,9.370178304379806e-06,0.00040936373989097774,2.0630895960493945e-05,10.0,1.0,10.0
1369.0,0.0007083674427121878,0.0007083674427121878,9.343331839772873e-06,0.0004088215355295688,2.061125633190386e-05,10.0,1.0,10.0
1370.0,0.0007073624292388558,0.0007073624292388558,9.350964319310151e-06,0.00040828780038282275,2.055650475085713e-05,10.0,1.0,10.0
1371.0,0.0007063567754812539,0.0007063567754812539,9.326233339379542e-06,0.0004077472840435803,2.053471325780265e-05,10.0,1.0,10.0
1372.0,0.0007053565350361168,0.0007053565350361168,9.321965080744121e-06,0.00040721127879805863,2.0492561816354282e-05,10.0,1.0,10.0
1373.0,0.0007043590885587037,0.0007043590885587037,9.314594535680953e-06,0.00040667643770575523,2.0453670003917068e-05,10.0,1.0,10.0
1374.0,0.0007033649599179626,0.0007033649599179626,9.294059054809622e-06,0.0004061400832142681,2.0428427887964062e-05,10.0,1.0,10.0
1375.0,0.0007023752550594509,0.0007023752550594509,9.297656106355134e-06,0.0004056087927892804,2.0378991393954493e-05,10.0,1.0,10.0
1376.0,0.0007013819995336235,0.0007013819995336235,9.274158401240129e-06,0.00040507421363145113,2.035662328125909e-05,10.0,1.0,10.0
1377.0,0.0007003932259976864,0.0007003932259976864,9.272431270801462e-06,0.00040454260306432843,2.0312636479502544e-05,10.0,1.0,10.0
1378.0,0.0006994096329435706,0.0006994096329435706,9.259985745302401e-06,0.00040401340811513364,2.0279636373743415e-05,10.0,1.0,10.0
1379.0,0.0006984284846112132,0.0006984284846112132,9.245843102689832e-06,0.00040348272887058556,2.024873174377717e-05,10.0,1.0,10.0
1380.0,0.0006974485004320741,0.0006974485004320741,9.243450222129468e-06,0.00040295906364917755,2.0205492546665482e-05,10.0,1.0,10.0
1381.0,0.0006964699132367969,0.0006964699132367969,9.224242603522725e-06,0.00040243190596811473,2.0179557395749725e-05,10.0,1.0,10.0
1382.0,0.0006954963319003582,0.0006954963319003582,9.220999345416203e-06,0.0004019095213152468,2.0137676983722486e-05,10.0,1.0,10.0
1383.0,0.0006945239729247987,0.0006945239729247987,9.207446055370383e-06,0.0004013868165202439,2.0106272131670266e-05,10.0,1.0,10.0
1384.0,0.0006935534765943885,0.0006935534765943885,9.195961865771096e-06,0.00040086472290568054,2.0072910047019832e-05,10.0,1.0,10.0
1385.0,0.0006925883353687823,0.0006925883353687823,9.190263881464489e-06,0.0004003470530733466,2.0033867258462124e-05,10.0,1.0,10.0
1386.0,0.0006916234269738197,0.0006916234269738197,9.17398756428156e-06,0.00039982679300010204,2.0005674741696566e-05,10.0,1.0,10.0
1387.0,0.0006906617200002074,0.0006906617200002074,9.169096301775426e-06,0.0003993117716163397,1.996589344344102e-05,10.0,1.0,10.0
1388.0,0.0006897005951032043,0.0006897005951032043,9.155745829048101e-06,0.00039879465475678444,1.99348487512907e-05,10.0,1.0,10.0
1389.0,0.0006887445924803615,0.0006887445924803615,9.145303920377046e-06,0.00039828065200708807,1.9901086488971487e-05,10.0,1.0,10.0
1390.0,0.0006877870764583349,0.0006877870764583349,9.13872918317793e-06,0.0003977650194428861,1.9863477064063773e-05,10.0,1.0,10.0
1391.0,0.0006868352647870779,0.0006868352647870779,9.122510164161213e-06,0.0003972533449996263,1.9835679267998785e-05,10.0,1.0,10.0
1392.0,0.0006858854321762919,0.0006858854321762919,9.119409696722869e-06,0.0003967411466874182,1.979501757887192e-05,10.0,1.0,10.0
1393.0,0.0006849361816421151,0.0006849361816421151,9.103016964218114e-06,0.00039623043267056346,1.976755629584659e-05,10.0,1.0,10.0
1394.0,0.000683992519043386,0.000683992519043386,9.097280781134032e-06,0.0003957210574299097,1.972986683540512e-05,10.0,1.0,10.0
1395.0,0.0006830485654063523,0.0006830485654063523,9.085823876375798e-06,0.00039521348662674427,1.9697683455888182e-05,10.0,1.0,10.0
1396.0,0.0006821086280979216,0.0006821086280979216,9.074258741748054e-06,0.0003947069635614753,1.9665905711008236e-05,10.0,1.0,10.0
1397.0,0.0006811698549427092,0.0006811698549427092,9.068292456504423e-06,0.0003942006442230195,1.9628630980150774e-05,10.0,1.0,10.0
1398.0,0.0006802332354709506,0.0006802332354709506,9.052893801708706e-06,0.00039369799196720123,1.960062945727259e-05,10.0,1.0,10.0
1399.0,0.0006792987696826458,0.0006792987696826458,9.048215360962786e-06,0.0003931935061700642,1.95623142644763e-05,10.0,1.0,10.0
1400.0,0.0006783657008782029,0.0006783657008782029,9.03402269614162e-06,0.00039269356057047844,1.9533195882104337e-05,10.0,1.0,10.0
1401.0,0.0006774396752007306,0.0006774396752007306,9.026690349855926e-06,0.0003921923926100135,1.9498038454912603e-05,10.0,1.0,10.0
1402.0,0.0006765121943317354,0.0006765121943317354,9.015987416205462e-06,0.00039169364026747644,1.946586780832149e-05,10.0,1.0,10.0
1403.0,0.0006755873910151422,0.0006755873910151422,9.005129868455697e-06,0.00039119599387049675,1.9434011846897192e-05,10.0,1.0,10.0
1404.0,0.0006746629951521754,0.0006746629951521754,8.99703627510462e-06,0.00039069910417310894,1.9399356460780837e-05,10.0,1.0,10.0
1405.0,0.000673742382787168,0.000673742382787168,8.98457074072212e-06,0.00039020305848680437,1.9369361325516365e-05,10.0,1.0,10.0
1406.0,0.0006728272419422865,0.0006728272419422865,8.977311154012568e-06,0.0003897087008226663,1.9334540411364287e-05,10.0,1.0,10.0
1407.0,0.0006719096563756466,0.0006719096563756466,8.965216693468392e-06,0.00038921652594581246,1.9304097804706544e-05,10.0,1.0,10.0
1408.0,0.0006709975423291326,0.0006709975423291326,8.957095815276261e-06,0.0003887228376697749,1.927037737914361e-05,10.0,1.0,10.0
1409.0,0.0006700868252664804,0.0006700868252664804,8.94646564120194e-06,0.0003882330493070185,1.923891613841988e-05,10.0,1.0,10.0
1410.0,0.0006691767484880984,0.0006691767484880984,8.936608537624124e-06,0.0003877420967910439,1.9206856450182386e-05,10.0,1.0,10.0
1411.0,0.0006682687671855092,0.0006682687671855092,8.927017915993929e-06,0.00038725408376194537,1.917444751597941e-05,10.0,1.0,10.0
1412.0,0.0006673667230643332,0.0006673667230643332,8.916985279938672e-06,0.0003867659834213555,1.9143086319672875e-05,10.0,1.0,10.0
1413.0,0.0006664626998826861,0.0006664626998826861,8.90722185431514e-06,0.00038628053152933717,1.9110992070636712e-05,10.0,1.0,10.0
1414.0,0.0006655635079368949,0.0006655635079368949,8.897989573597442e-06,0.00038579595275223255,1.9078768673352897e-05,10.0,1.0,10.0
1415.0,0.000664667459204793,0.000664667459204793,8.88739486981649e-06,0.0003853117523249239,1.904818054754287e-05,10.0,1.0,10.0
1416.0,0.0006637709448114038,0.0006637709448114038,8.87875103217084e-06,0.00038482932723127306,1.901541145343799e-05,10.0,1.0,10.0
1417.0,0.0006628759438171983,0.0006628759438171983,8.868149052432273e-06,0.0003843469894491136,1.8984745111083612e-05,10.0,1.0,10.0
1418.0,0.0006619846681132913,0.0006619846681132913,8.85847293830011e-06,0.0003838675911538303,1.8953238395624794e-05,10.0,1.0,10.0
1419.0,0.0006610964774154127,0.0006610964774154127,8.84991641214583e-06,0.0003833863593172282,1.892109685286414e-05,10.0,1.0,10.0
1420.0,0.0006602091598324478,0.0006602091598324478,8.837780114845373e-06,0.0003829105116892606,1.8892085790866986e-05,10.0,1.0,10.0
1421.0,0.0006593230064027011,0.0006593230064027011,8.83181746758055e-06,0.0003824313171207905,1.8857350369216874e-05,10.0,1.0,10.0
1422.0,0.0006584388902410865,0.0006584388902410865,8.817050002107862e-06,0.00038195785600692034,1.8831053239409812e-05,10.0,1.0,10.0
1423.0,0.000657561409752816,0.000657561409752816,8.814055945549626e-06,0.00038148032035678625,1.8794053175952286e-05,10.0,1.0,10.0
1424.0,0.0006566817173734307,0.0006566817173734307,8.796638212515973e-06,0.00038101026439107955,1.8770508177112788e-05,10.0,1.0,10.0
1425.0,0.0006558051100000739,0.0006558051100000739,8.795730536803603e-06,0.00038053313619457185,1.873146538855508e-05,10.0,1.0,10.0
1426.0,0.0006549303652718663,0.0006549303652718663,8.776665708865039e-06,0.0003800666600000113,1.8709706637309864e-05,10.0,1.0,10.0
1427.0,0.0006540593458339572,0.0006540593458339572,8.777493349043652e-06,0.00037959194742143154,1.866924503701739e-05,10.0,1.0,10.0
1428.0,0.0006531894323416054,0.0006531894323416054,8.756455827096943e-06,0.00037912922562099993,1.864956720964983e-05,10.0,1.0,10.0
1429.0,0.0006523207994177938,0.0006523207994177938,8.759849151829258e-06,0.00037865404738113284,1.8606828234624118e-05,10.0,1.0,10.0
1430.0,0.0006514544365927577,0.0006514544365927577,8.73557019076543e-06,0.00037819621502421796,1.8590253603179008e-05,10.0,1.0,10.0
1431.0,0.0006505907513201237,0.0006505907513201237,8.743154467083514e-06,0.0003777208039537072,1.8543836631579325e-05,10.0,1.0,10.0
1432.0,0.0006497284048236907,0.0006497284048236907,8.713579518371262e-06,0.00037726698792539537,1.853256435424555e-05,10.0,1.0,10.0
1433.0,0.000648869143333286,0.000648869143333286,8.727965905563906e-06,0.0003767905291169882,1.847989551606588e-05,10.0,1.0,10.0
1434.0,0.0006480124429799616,0.0006480124429799616,8.690013601153623e-06,0.000376344018150121,1.8476828699931502e-05,10.0,1.0,10.0
1435.0,0.0006471567903645337,0.0006471567903645337,8.714505383977666e-06,0.0003758638631552458,1.8414788428344764e-05,10.0,1.0,10.0
1436.0,0.0006463038735091686,0.0006463038735091686,8.66474238137016e-06,0.00037542651989497244,1.842299388954416e-05,10.0,1.0,10.0
1437.0,0.0006454508984461427,0.0006454508984461427,8.703468665771652e-06,0.0003749401366803795,1.83476058737142e-05,10.0,1.0,10.0
1438.0,0.0006446056067943573,0.0006446056067943573,8.636257916805334e-06,0.00037451405660249293,1.8372898921370506e-05,10.0,1.0,10.0
1439.0,0.00064375827787444,0.00064375827787444,8.696818440512288e-06,0.00037401897134259343,1.8277112758369185e-05,10.0,1.0,10.0
1440.0,0.0006429181667044759,0.0006429181667044759,8.603038622823078e-06,0.0003736099461093545,1.832777888921555e-05,10.0,1.0,10.0
1441.0,0.0006420781719498336,0.0006420781719498336,8.696592885826249e-06,0.0003730994649231434,1.8201280909124762e-05,10.0,1.0,10.0
1442.0,0.0006412443472072482,0.0006412443472072482,8.56184669828508e-06,0.0003727161674760282,1.8290975276613608e-05,10.0,1.0,10.0
1443.0,0.0006404169835150242,0.0006404169835150242,8.707185770617798e-06,0.0003721801040228456,1.8116501451004297e-05,10.0,1.0,10.0
1444.0,0.0006396007374860346,0.0006396007374860346,8.507939128321595e-06,0.00037183507811278105,1.8268627172801644e-05,10.0,1.0,10.0
1445.0,0.000638796656858176,0.000638796656858176,8.736276868148707e-06,0.00037125920061953366,1.8017466572928242e-05,10.0,1.0,10.0
1446.0,0.0006380139384418726,0.0006380139384418726,8.432962204096839e-06,0.0003709752927534282,1.8270904547534883e-05,10.0,1.0,10.0
1447.0,0.0006372645148076117,0.0006372645148076117,8.797500413493253e-06,0.00037033273838460445,1.789567613741383e-05,10.0,1.0,10.0
1448.0,0.000636571494396776,0.000636571494396776,8.323273505084217e-06,0.000370153778931126,1.831849840527866e-05,10.0,1.0,10.0
1449.0,0.0006359636317938566,0.0006359636317938566,8.916679689718876e-06,0.0003694032784551382,1.77393521880731e-05,10.0,1.0,10.0
1450.0,0.0006355105433613062,0.0006355105433613062,8.158108357747551e-06,0.00036940601421520114,1.845234328357037e-05,10.0,1.0,10.0
1451.0,0.0006353111821226776,0.0006353111821226776,9.144084287981968e-06,0.0003684904077090323,1.7537991880089976e-05,10.0,1.0,10.0
1452.0,0.0006355479126796126,0.0006355479126796126,7.908797670097556e-06,0.0003688272263389081,1.876327041827608e-05,10.0,1.0,10.0
1453.0,0.0006365431472659111,0.0006365431472659111,9.585535735823214e-06,0.0003676692140288651,1.730185977066867e-05,10.0,1.0,10.0
1454.0,0.0006388528854586184,0.0006388528854586184,7.550008376711048e-06,0.0003686660493258387,1.9468676327960566e-05,10.0,1.0,10.0
1455.0,0.0006434932583943009,0.0006434932583943009,1.0482634934305679e-05,0.00036722832010127604,1.7143862351076677e-05,10.0,1.0,10.0
1456.0,0.0006522515323013067,0.0006522515323013067,7.122220267774537e-06,0.0003696422791108489,2.1138705051271245e-05,10.0,1.0,10.0
1457.0,0.0006683849496766925,0.0006683849496766925,1.2438944395398721e-05,0.0003681701491586864,1.7582533473614603e-05,10.0,1.0,10.0
1458.0,0.0006977713201195002,0.0006977713201195002,6.986525932006771e-06,0.0003739562234841287,2.5394983822479844e-05,10.0,1.0,10.0
1459.0,0.0007512049633078277,0.0007512049633078277,1.7105034203268588e-05,0.00037394787068478763,2.062067505903542e-05,10.0,1.0,10.0
1460.0,0.0008482178091071546,0.0008482178091071546,8.79041454027174e-06,0.00038864059024490416,3.716730861924589e-05,10.0,1.0,10.0
1461.0,0.001024845172651112,0.001024845172651112,2.9334383725654334e-05,0.00039637411828152835,3.351272607687861e-05,10.0,1.0,10.0
1462.0,0.001344870077446103,0.001344870077446103,1.8870192434405908e-05,0.0004365587083157152,7.196093793027103e-05,10.0,1.0,10.0
1463.0,0.0019227464217692614,0.0019227464217692614,6.375189695972949e-05,0.0004745474143419415,8.106800669338554e-05,10.0,1.0,10.0
1464.0,0.0029409280978143215,0.0029409280978143215,5.8627490943763405e-05,0.0005883602425456047,0.00017662931350059807,10.0,1.0,10.0
1465.0,0.004677177406847477,0.004677177406847477,0.0001598197122802958,0.0007203295244835317,0.00023586505267303437,10.0,1.0,10.0
1466.0,0.007378638722002506,0.007378638722002506,0.000180234361323528,0.001006984617561102,0.0004569310403894633,10.0,1.0,10.0
1467.0,0.011023767292499542,0.011023767292499542,0.00036974274553358555,0.0012900162255391479,0.000603632302954793,10.0,1.0,10.0
1468.0,0.014422195963561535,0.014422195963561535,0.0003822979051619768,0.0016733875963836908,0.0008925828733481467,10.0,1.0,10.0
1469.0,0.015285089612007141,0.015285089612007141,0.0005064732395112514,0.0016579582588747144,0.0008562398725189269,10.0,1.0,10.0
1470.0,0.011400977149605751,0.011400977149605751,0.00029749656096100807,0.001404952141456306,0.0007021059282124043,10.0,1.0,10.0
1471.0,0.0048653860576450825,0.0048653860576450825,0.00016407501243520528,0.0007041183416731656,0.00025205177371390164,10.0,1.0,10.0
1472.0,0.0008009862503968179,0.0008009862503968179,8.9991299319081e-06,0.0003798305697273463,3.311644104542211e-05,10.0,1.0,10.0
1473.0,0.0020056271459907293,0.0020056271459907293,3.6894751247018576e-05,0.0005076657398603857,0.00011290139809716493,10.0,1.0,10.0
1474.0,0.005833372473716736,0.005833372473716736,0.0001969433214981109,0.0007883582729846239,0.0003075581043958664,10.0,1.0,10.0
1475.0,0.007431514095515013,0.007431514095515013,0.00018365414871368557,0.0010324486065655947,0.0004562523972708732,10.0,1.0,10.0
1476.0,0.004995434544980526,0.004995434544980526,0.00016982114175334573,0.0007231078343465924,0.0002574115351308137,10.0,1.0,10.0
1477.0,0.0014696427388116717,0.0014696427388116717,2.197430148953572e-05,0.0004498289490584284,8.000707748578861e-05,10.0,1.0,10.0
1478.0,0.0008161135483533144,0.0008161135483533144,8.19221622805344e-06,0.00038182048592716455,3.523709165165201e-05,10.0,1.0,10.0
1479.0,0.0029409490525722504,0.0029409490525722504,9.962236799765378e-05,0.0005525618325918913,0.00013921636855229735,10.0,1.0,10.0
1480.0,0.00445537269115448,0.00445537269115448,9.937667346093804e-05,0.0007348671788349748,0.0002726739039644599,10.0,1.0,10.0
1481.0,0.003335988149046898,0.003335988149046898,0.00011290101974736899,0.000589995994232595,0.00016169817536137998,10.0,1.0,10.0
1482.0,0.001188463531434536,0.001188463531434536,1.574002999404911e-05,0.0004184780700597912,6.125852087279782e-05,10.0,1.0,10.0
1483.0,0.0007251514471136034,0.0007251514471136034,6.930090421519708e-06,0.0003702376561705023,2.8561287763295695e-05,10.0,1.0,10.0
1484.0,0.002019245643168688,0.002019245643168688,6.591896089958027e-05,0.00047008658293634653,8.899693784769624e-05,10.0,1.0,10.0
1485.0,0.0028756563551723957,0.0028756563551723957,5.845763371326029e-05,0.0005822438979521394,0.00017088360618799925,10.0,1.0,10.0
1486.0,0.0020916308276355267,0.0020916308276355267,6.838094850536436e-05,0.00047413731226697564,9.336839866591617e-05,10.0,1.0,10.0
1487.0,0.0008450841996818781,0.0008450841996818781,9.294656592828687e-06,0.0003813552903011441,3.707823634613305e-05,10.0,1.0,10.0
1488.0,0.0007461264613084495,0.0007461264613084495,7.680317139602266e-06,0.000370407709851861,2.989155655086506e-05,10.0,1.0,10.0
1489.0,0.0015871183713898063,0.0015871183713898063,5.049058381700888e-05,0.0004300237924326211,6.521887553390115e-05,10.0,1.0,10.0
1490.0,0.0019565534312278032,0.0019565534312278032,3.4672913898248225e-05,0.0004913833690807223,0.00011184409959241748,10.0,1.0,10.0
1491.0,0.0013505856040865183,0.0013505856040865183,4.191255720797926e-05,0.000411390996305272,5.200690065976232e-05,10.0,1.0,10.0
1492.0,0.000671969901304692,0.000671969901304692,6.844158178864745e-06,0.00036177822039462626,2.4175007638405077e-05,10.0,1.0,10.0
1493.0,0.0007665037992410362,0.0007665037992410362,7.968015779624693e-06,0.0003717731451615691,3.150504926452413e-05,10.0,1.0,10.0
1494.0,0.0012884893221780658,0.0012884893221780658,3.955469946959056e-05,0.000409023865358904,4.83918483951129e-05,10.0,1.0,10.0
1495.0,0.0013913798611611128,0.0013913798611611128,2.0780720660695806e-05,0.0004325320478528738,7.51040643081069e-05,10.0,1.0,10.0
1496.0,0.0009581169579178095,0.0009581169579178095,2.6401106879347935e-05,0.00038115514325909317,3.129507240373641e-05,10.0,1.0,10.0
1497.0,0.0006144297076389194,0.0006144297076389194,7.0576852522208355e-06,0.0003541319747455418,1.897208858281374e-05,10.0,1.0,10.0
1498.0,0.0007546675624325871,0.0007546675624325871,7.710355930612423e-06,0.00036859902320429683,3.0896495445631444e-05,10.0,1.0,10.0
1499.0,0.0010577860521152616,0.0010577860521152616,3.0360542950802483e-05,0.00038958032382652164,3.646003460744396e-05,10.0,1.0,10.0
1500.0,0.0010514750611037016,0.0010514750611037016,1.3318476703716442e-05,0.00039693547296337783,5.2135492296656594e-05,10.0,1.0,10.0
