epoch,loss_total,objective_total,loss_data,loss_physics,loss_boundary,weight_data,weight_physics,weight_boundary
1.0,13.858159065246582,13.858159065246582,0.6322230100631714,0.0013735215179622173,0.7534555196762085,10.0,1.0,10.0
2.0,13.019242286682129,13.019242286682129,0.5999555587768555,0.004733854904770851,0.7014952898025513,10.0,1.0,10.0
3.0,12.209976196289062,12.209976196289062,0.5679632425308228,0.009414340369403362,0.6520929336547852,10.0,1.0,10.0
4.0,11.40629768371582,11.40629768371582,0.5353474020957947,0.01470341719686985,0.6038119792938232,10.0,1.0,10.0
5.0,10.597676277160645,10.597676277160645,0.501753032207489,0.020631758496165276,0.5559514164924622,10.0,1.0,10.0
6.0,9.781901359558105,9.781901359558105,0.4671829640865326,0.027469603344798088,0.508260190486908,10.0,1.0,10.0
7.0,8.961389541625977,8.961389541625977,0.431818425655365,0.035407375544309616,0.46077969670295715,10.0,1.0,10.0
8.0,8.141557693481445,8.141557693481445,0.39595162868499756,0.044381022453308105,0.4137660562992096,10.0,1.0,10.0
9.0,7.329700946807861,7.329700946807861,0.3599507808685303,0.05398585647344589,0.3676207363605499,10.0,1.0,10.0
10.0,6.534457206726074,6.534457206726074,0.3242280185222626,0.06347472220659256,0.3228702247142792,10.0,1.0,10.0
11.0,5.766258716583252,5.766258716583252,0.2892458438873291,0.07186023890972137,0.2801939845085144,10.0,1.0,10.0
12.0,5.0381059646606445,5.0381059646606445,0.25553926825523376,0.07808057963848114,0.2404632270336151,10.0,1.0,10.0
13.0,4.365445613861084,4.365445613861084,0.2236977219581604,0.08123733848333359,0.20472311973571777,10.0,1.0,10.0
14.0,3.764301061630249,3.764301061630249,0.19426700472831726,0.08098602294921875,0.1740644872188568,10.0,1.0,10.0
15.0,3.2482519149780273,3.2482519149780273,0.1676338016986847,0.07804834842681885,0.14938655495643616,10.0,1.0,10.0
16.0,2.826427698135376,2.826427698135376,0.1440245509147644,0.07453665882349014,0.13116455078125,10.0,1.0,10.0
17.0,2.502816915512085,2.502816915512085,0.1236046552658081,0.07376305013895035,0.1193007305264473,10.0,1.0,10.0
18.0,2.274690628051758,2.274690628051758,0.10652294754981995,0.07941491156816483,0.11300460994243622,10.0,1.0,10.0
19.0,2.1289453506469727,2.1289453506469727,0.09278611838817596,0.09392217546701431,0.11071620136499405,10.0,1.0,10.0
20.0,2.040651798248291,2.040651798248291,0.08209040760993958,0.11632368713617325,0.11034241318702698,10.0,1.0,10.0
21.0,1.9799778461456299,1.9799778461456299,0.0738821029663086,0.1417442113161087,0.1099412739276886,10.0,1.0,10.0
22.0,1.9226022958755493,1.9226022958755493,0.06756583601236343,0.1638847291469574,0.1083059161901474,10.0,1.0,10.0
23.0,1.854651689529419,1.854651689529419,0.06262261420488358,0.17822831869125366,0.10501972585916519,10.0,1.0,10.0
24.0,1.774348497390747,1.774348497390747,0.05881275609135628,0.18358957767486572,0.10026314109563828,10.0,1.0,10.0
25.0,1.6920051574707031,1.6920051574707031,0.056394435465335846,0.18154652416706085,0.09465142339468002,10.0,1.0,10.0
26.0,1.6226282119750977,1.6226282119750977,0.05587594211101532,0.17417915165424347,0.08896896988153458,10.0,1.0,10.0
27.0,1.5769846439361572,1.5769846439361572,0.05749909207224846,0.16292127966880798,0.08390723913908005,10.0,1.0,10.0
28.0,1.5600666999816895,1.5600666999816895,0.061030518263578415,0.14968739449977875,0.080007404088974,10.0,1.0,10.0
29.0,1.569854497909546,1.569854497909546,0.06580833345651627,0.13681766390800476,0.07749534398317337,10.0,1.0,10.0
30.0,1.5967319011688232,1.5967319011688232,0.07098069787025452,0.1256861388683319,0.07612388581037521,10.0,1.0,10.0
31.0,1.6288608312606812,1.6288608312606812,0.07589808851480484,0.11633613705635071,0.07535438239574432,10.0,1.0,10.0
32.0,1.6555736064910889,1.6555736064910889,0.0801561251282692,0.10813017189502716,0.07458821684122086,10.0,1.0,10.0
33.0,1.668431043624878,1.668431043624878,0.08343754708766937,0.10062606632709503,0.0733429491519928,10.0,1.0,10.0
34.0,1.663390040397644,1.663390040397644,0.0855158343911171,0.0939657986164093,0.07142659276723862,10.0,1.0,10.0
35.0,1.6407428979873657,1.6407428979873657,0.08629125356674194,0.08850688487291336,0.06893234699964523,10.0,1.0,10.0
36.0,1.6033384799957275,1.6033384799957275,0.08579419553279877,0.0843810886144638,0.0661015436053276,10.0,1.0,10.0
37.0,1.5558173656463623,1.5558173656463623,0.08421391248703003,0.08142709732055664,0.06322511285543442,10.0,1.0,10.0
38.0,1.5039894580841064,1.5039894580841064,0.08187953382730484,0.0793418437242508,0.060585230588912964,10.0,1.0,10.0
39.0,1.45353102684021,1.45353102684021,0.07916011661291122,0.07784327119588852,0.05840866267681122,10.0,1.0,10.0
40.0,1.409159779548645,1.409159779548645,0.07637255638837814,0.07679222524166107,0.05686419457197189,10.0,1.0,10.0
41.0,1.3745081424713135,1.3745081424713135,0.07374246418476105,0.07623771578073502,0.056084588170051575,10.0,1.0,10.0
42.0,1.3517513275146484,1.3517513275146484,0.07139379531145096,0.07634135335683823,0.05614721029996872,10.0,1.0,10.0
43.0,1.3411612510681152,1.3411612510681152,0.06937140971422195,0.07722268253564835,0.05702243745326996,10.0,1.0,10.0
44.0,1.34132719039917,1.34132719039917,0.06770128011703491,0.07883036136627197,0.058548398315906525,10.0,1.0,10.0
45.0,1.3496272563934326,1.3496272563934326,0.06642547249794006,0.0809011459350586,0.06044713035225868,10.0,1.0,10.0
46.0,1.362518072128296,1.362518072128296,0.0655730664730072,0.08301646262407303,0.06237708777189255,10.0,1.0,10.0
47.0,1.3761711120605469,1.3761711120605469,0.06511852145195007,0.08475285768508911,0.06402330845594406,10.0,1.0,10.0
48.0,1.3873724937438965,1.3873724937438965,0.06497546285390854,0.08583548665046692,0.06517824530601501,10.0,1.0,10.0
49.0,1.3939664363861084,1.3939664363861084,0.06502531468868256,0.08617030084133148,0.06575429439544678,10.0,1.0,10.0
50.0,1.3949980735778809,1.3949980735778809,0.06517347693443298,0.08578208088874817,0.06574811786413193,10.0,1.0,10.0
51.0,1.3908157348632812,1.3908157348632812,0.06539742648601532,0.08475994318723679,0.06520815193653107,10.0,1.0,10.0
52.0,1.3827474117279053,1.3827474117279053,0.06573361903429031,0.08323424309492111,0.0642177015542984,10.0,1.0,10.0
53.0,1.3725097179412842,1.3725097179412842,0.06621867418289185,0.08138057589530945,0.06289424002170563,10.0,1.0,10.0
54.0,1.3618204593658447,1.3618204593658447,0.06684505939483643,0.07942922413349152,0.06139405816793442,10.0,1.0,10.0
55.0,1.3521076440811157,1.3521076440811157,0.0675550252199173,0.07762854546308517,0.059892889112234116,10.0,1.0,10.0
56.0,1.3442240953445435,1.3442240953445435,0.06826504319906235,0.07616893947124481,0.0585404708981514,10.0,1.0,10.0
57.0,1.3384320735931396,1.3384320735931396,0.06890477985143661,0.07513315230607986,0.057425111532211304,10.0,1.0,10.0
58.0,1.3345746994018555,1.3345746994018555,0.06943816691637039,0.07450155168771744,0.05656915158033371,10.0,1.0,10.0
59.0,1.3321930170059204,1.3321930170059204,0.06984943151473999,0.07419850677251816,0.055950019508600235,10.0,1.0,10.0
60.0,1.3306875228881836,1.3306875228881836,0.07011783123016357,0.07415643334388733,0.05553527921438217,10.0,1.0,10.0
61.0,1.3295373916625977,1.3295373916625977,0.07020880281925201,0.07435962557792664,0.05530897155404091,10.0,1.0,10.0
62.0,1.3283870220184326,1.3283870220184326,0.07008524239063263,0.0748366042971611,0.05526980012655258,10.0,1.0,10.0
63.0,1.3270492553710938,1.3270492553710938,0.06973240524530411,0.07561473548412323,0.05541105568408966,10.0,1.0,10.0
64.0,1.325531005859375,1.325531005859375,0.06917860358953476,0.0766771137714386,0.05570678412914276,10.0,1.0,10.0
65.0,1.3239763975143433,1.3239763975143433,0.0684894323348999,0.07795124500989914,0.05611308291554451,10.0,1.0,10.0
66.0,1.3225502967834473,1.3225502967834473,0.067738838493824,0.07933709770441055,0.05658247694373131,10.0,1.0,10.0
67.0,1.3213839530944824,1.3213839530944824,0.06698274612426758,0.08075252920389175,0.05708038806915283,10.0,1.0,10.0
68.0,1.3205336332321167,1.3205336332321167,0.06625242531299591,0.08214826881885529,0.05758611485362053,10.0,1.0,10.0
69.0,1.3199291229248047,1.3199291229248047,0.06556803733110428,0.08347444236278534,0.058077435940504074,10.0,1.0,10.0
70.0,1.3194074630737305,1.3194074630737305,0.0649590790271759,0.08463941514492035,0.05851772800087929,10.0,1.0,10.0
71.0,1.3187779188156128,1.3187779188156128,0.06446802616119385,0.08551071584224701,0.05885869264602661,10.0,1.0,10.0
72.0,1.3178577423095703,1.3178577423095703,0.06413143873214722,0.08596840500831604,0.05905750393867493,10.0,1.0,10.0
73.0,1.3165371417999268,1.3165371417999268,0.06395995616912842,0.08596990257501602,0.059096772223711014,10.0,1.0,10.0
74.0,1.3148205280303955,1.3148205280303955,0.06393594294786453,0.08556521683931351,0.05898958444595337,10.0,1.0,10.0
75.0,1.312804937362671,1.312804937362671,0.06402965635061264,0.08485115319490433,0.058765724301338196,10.0,1.0,10.0
76.0,1.3106576204299927,1.3106576204299927,0.0642194151878357,0.08391659706830978,0.05845468491315842,10.0,1.0,10.0
77.0,1.3085756301879883,1.3085756301879883,0.06449568271636963,0.08282625675201416,0.05807925760746002,10.0,1.0,10.0
78.0,1.3067233562469482,1.3067233562469482,0.06484703719615936,0.08164171874523163,0.05766111984848976,10.0,1.0,10.0
79.0,1.3052008152008057,1.3052008152008057,0.06524617969989777,0.08044447004795074,0.05722946301102638,10.0,1.0,10.0
80.0,1.3040344715118408,1.3040344715118408,0.06565053015947342,0.07932855188846588,0.05682007223367691,10.0,1.0,10.0
81.0,1.3031710386276245,1.3031710386276245,0.06601657718420029,0.07836887985467911,0.056463636457920074,10.0,1.0,10.0
82.0,1.3025052547454834,1.3025052547454834,0.0663156807422638,0.07759787887334824,0.05617506802082062,10.0,1.0,10.0
83.0,1.301915168762207,1.301915168762207,0.06653720885515213,0.07701016962528229,0.05595330148935318,10.0,1.0,10.0
84.0,1.3012834787368774,1.3012834787368774,0.06667876988649368,0.07658759504556656,0.05579081550240517,10.0,1.0,10.0
85.0,1.300525426864624,1.300525426864624,0.06673599779605865,0.07632233202457428,0.05568430945277214,10.0,1.0,10.0
86.0,1.2996025085449219,1.2996025085449219,0.06670184433460236,0.0762193351984024,0.05563647672533989,10.0,1.0,10.0
87.0,1.2985177040100098,1.2985177040100098,0.06657504290342331,0.0762801468372345,0.05564870312809944,10.0,1.0,10.0
88.0,1.2973062992095947,1.2973062992095947,0.06636852025985718,0.0764869898557663,0.055713407695293427,10.0,1.0,10.0
89.0,1.2960238456726074,1.2960238456726074,0.06610812991857529,0.07680228352546692,0.05581402778625488,10.0,1.0,10.0
90.0,1.2947242259979248,1.2947242259979248,0.06582219898700714,0.07718317955732346,0.05593191087245941,10.0,1.0,10.0
91.0,1.2934494018554688,1.2934494018554688,0.06553144007921219,0.07759729027748108,0.0560537613928318,10.0,1.0,10.0
92.0,1.292222499847412,1.292222499847412,0.06524758040904999,0.0780244693160057,0.056172214448451996,10.0,1.0,10.0
93.0,1.2910451889038086,1.2910451889038086,0.06497979909181595,0.07844482362270355,0.0562802329659462,10.0,1.0,10.0
94.0,1.289903998374939,1.289903998374939,0.0647410973906517,0.07882790267467499,0.056366510689258575,10.0,1.0,10.0
95.0,1.2887792587280273,1.2887792587280273,0.06454693526029587,0.07913651317358017,0.05641733855009079,10.0,1.0,10.0
96.0,1.287650465965271,1.287650465965271,0.06440754234790802,0.07934261113405228,0.05642324686050415,10.0,1.0,10.0
97.0,1.2865052223205566,1.2865052223205566,0.06432235240936279,0.07944033294916153,0.0563841350376606,10.0,1.0,10.0
98.0,1.2853400707244873,1.2853400707244873,0.06428212672472,0.07944290339946747,0.0563075914978981,10.0,1.0,10.0
99.0,1.2841582298278809,1.2841582298278809,0.06427619606256485,0.07936835289001465,0.05620279535651207,10.0,1.0,10.0
100.0,1.2829679250717163,1.2829679250717163,0.06429770588874817,0.07922911643981934,0.05607617273926735,10.0,1.0,10.0
101.0,1.2817758321762085,1.2817758321762085,0.06434176117181778,0.07903444021940231,0.05593237653374672,10.0,1.0,10.0
102.0,1.2805845737457275,1.2805845737457275,0.06440024822950363,0.07879985123872757,0.05577822029590607,10.0,1.0,10.0
103.0,1.2793915271759033,1.2793915271759033,0.064459890127182,0.07855051755905151,0.055624209344387054,10.0,1.0,10.0
104.0,1.2781896591186523,1.2781896591186523,0.06450612843036652,0.07831347733736038,0.055481500923633575,10.0,1.0,10.0
105.0,1.2769687175750732,1.2769687175750732,0.06452908366918564,0.07810641080141068,0.05535715073347092,10.0,1.0,10.0
106.0,1.2757201194763184,1.2757201194763184,0.06452591717243195,0.07793421298265457,0.05525268241763115,10.0,1.0,10.0
107.0,1.2744388580322266,1.2744388580322266,0.06449765712022781,0.0777953490614891,0.05516669899225235,10.0,1.0,10.0
108.0,1.2731237411499023,1.2731237411499023,0.064444899559021,0.07768998295068741,0.055098481476306915,10.0,1.0,10.0
109.0,1.2717790603637695,1.2717790603637695,0.06436700373888016,0.0776214748620987,0.05504875257611275,10.0,1.0,10.0
110.0,1.2704111337661743,1.2704111337661743,0.06426497548818588,0.07759051769971848,0.05501708388328552,10.0,1.0,10.0
111.0,1.2690269947052002,1.2690269947052002,0.06414436548948288,0.07758953422307968,0.05499938875436783,10.0,1.0,10.0
112.0,1.2676331996917725,1.2676331996917725,0.06401440501213074,0.07760416716337204,0.05498849228024483,10.0,1.0,10.0
113.0,1.2662315368652344,1.2662315368652344,0.06388390809297562,0.07762019336223602,0.05497722700238228,10.0,1.0,10.0
114.0,1.2648215293884277,1.2648215293884277,0.0637582391500473,0.07762906700372696,0.05496100336313248,10.0,1.0,10.0
115.0,1.2633991241455078,1.2633991241455078,0.06363973021507263,0.0776270180940628,0.05493747815489769,10.0,1.0,10.0
116.0,1.261959195137024,1.261959195137024,0.06353045254945755,0.07761029899120331,0.05490443855524063,10.0,1.0,10.0
117.0,1.260495901107788,1.260495901107788,0.06343363225460052,0.07757280766963959,0.05485866963863373,10.0,1.0,10.0
118.0,1.2590047121047974,1.2590047121047974,0.06335224956274033,0.07750900089740753,0.05479732155799866,10.0,1.0,10.0
119.0,1.2574834823608398,1.2574834823608398,0.06328639388084412,0.07741864025592804,0.054720088839530945,10.0,1.0,10.0
120.0,1.2559313774108887,1.2559313774108887,0.06323257833719254,0.07730791717767715,0.054629772901535034,10.0,1.0,10.0
121.0,1.2543492317199707,1.2543492317199707,0.06318576633930206,0.0771857500076294,0.05453057959675789,10.0,1.0,10.0
122.0,1.2527382373809814,1.2527382373809814,0.06314191967248917,0.07705926150083542,0.054425980895757675,10.0,1.0,10.0
123.0,1.2510991096496582,1.2510991096496582,0.0630984827876091,0.07693268358707428,0.05431816726922989,10.0,1.0,10.0
124.0,1.2494325637817383,1.2494325637817383,0.06305304169654846,0.07680998742580414,0.054209209978580475,10.0,1.0,10.0
125.0,1.2477376461029053,1.2477376461029053,0.06300193071365356,0.0766969844698906,0.054102130234241486,10.0,1.0,10.0
126.0,1.2460126876831055,1.2460126876831055,0.06294091790914536,0.07660016417503357,0.05400032550096512,10.0,1.0,10.0
127.0,1.244255781173706,1.244255781173706,0.0628671795129776,0.07652353495359421,0.05390605330467224,10.0,1.0,10.0
128.0,1.242465615272522,1.242465615272522,0.06278046220541,0.07646665722131729,0.053819432854652405,10.0,1.0,10.0
129.0,1.2406402826309204,1.2406402826309204,0.06268228590488434,0.07642601430416107,0.053739145398139954,10.0,1.0,10.0
130.0,1.2387787103652954,1.2387787103652954,0.0625743567943573,0.07639788091182709,0.053663723170757294,10.0,1.0,10.0
131.0,1.2368800640106201,1.2368800640106201,0.06245782971382141,0.07637947797775269,0.05359222739934921,10.0,1.0,10.0
132.0,1.2349435091018677,1.2349435091018677,0.062334027141332626,0.07636772841215134,0.053523555397987366,10.0,1.0,10.0
133.0,1.2329678535461426,1.2329678535461426,0.06220538914203644,0.0763576328754425,0.053455643355846405,10.0,1.0,10.0
134.0,1.230952262878418,1.230952262878418,0.06207539141178131,0.07634257525205612,0.05338557809591293,10.0,1.0,10.0
135.0,1.2288944721221924,1.2288944721221924,0.061947137117385864,0.07631658762693405,0.053310658782720566,10.0,1.0,10.0
136.0,1.2267931699752808,1.2267931699752808,0.06182239577174187,0.07627610117197037,0.05322930961847305,10.0,1.0,10.0
137.0,1.2246458530426025,1.2246458530426025,0.06170155853033066,0.07622001320123672,0.05314101651310921,10.0,1.0,10.0
138.0,1.222450613975525,1.222450613975525,0.06158466264605522,0.07614803314208984,0.053045596927404404,10.0,1.0,10.0
139.0,1.2202060222625732,1.2202060222625732,0.061471886932849884,0.07605990767478943,0.052942726761102676,10.0,1.0,10.0
140.0,1.2179105281829834,1.2179105281829834,0.06136324256658554,0.07595590502023697,0.052832212299108505,10.0,1.0,10.0
141.0,1.2155625820159912,1.2155625820159912,0.06125769019126892,0.07583820074796677,0.0527147501707077,10.0,1.0,10.0
142.0,1.213160753250122,1.213160753250122,0.06115312874317169,0.07571081072092056,0.05259186029434204,10.0,1.0,10.0
143.0,1.2107033729553223,1.2107033729553223,0.061047133058309555,0.07557830214500427,0.05246538668870926,10.0,1.0,10.0
144.0,1.2081888914108276,1.2081888914108276,0.060937803238630295,0.0754443034529686,0.05233665555715561,10.0,1.0,10.0
145.0,1.2056148052215576,1.2056148052215576,0.06082392483949661,0.07531125843524933,0.05220642685890198,10.0,1.0,10.0
146.0,1.2029786109924316,1.2029786109924316,0.06070447713136673,0.07518114149570465,0.05207527428865433,10.0,1.0,10.0
147.0,1.2002779245376587,1.2002779245376587,0.060578301548957825,0.07505596429109573,0.05194389820098877,10.0,1.0,10.0
148.0,1.197510004043579,1.197510004043579,0.060444340109825134,0.07493740320205688,0.05181291326880455,10.0,1.0,10.0
149.0,1.1946723461151123,1.1946723461151123,0.06030222401022911,0.07482586801052094,0.05168243125081062,10.0,1.0,10.0
150.0,1.1917623281478882,1.1917623281478882,0.060152433812618256,0.07472021877765656,0.05155177786946297,10.0,1.0,10.0
151.0,1.188776969909668,1.188776969909668,0.059995971620082855,0.07461833953857422,0.05141989141702652,10.0,1.0,10.0
152.0,1.1857140064239502,1.1857140064239502,0.059833794832229614,0.0745181292295456,0.05128578469157219,10.0,1.0,10.0
153.0,1.182570219039917,1.182570219039917,0.05966657027602196,0.07441774010658264,0.0511486791074276,10.0,1.0,10.0
154.0,1.1793429851531982,1.1793429851531982,0.059494953602552414,0.07431532442569733,0.05100780725479126,10.0,1.0,10.0
155.0,1.1760289669036865,1.1760289669036865,0.05931980535387993,0.07420867681503296,0.05086222290992737,10.0,1.0,10.0
156.0,1.1726253032684326,1.1726253032684326,0.05914204195141792,0.07409557700157166,0.050710923969745636,10.0,1.0,10.0
157.0,1.1691280603408813,1.1691280603408813,0.058962222188711166,0.07397430390119553,0.050553157925605774,10.0,1.0,10.0
158.0,1.1655341386795044,1.1655341386795044,0.05878033488988876,0.07384420186281204,0.05038866028189659,10.0,1.0,10.0
159.0,1.1618398427963257,1.1618398427963257,0.05859588831663132,0.07370538264513016,0.05021755397319794,10.0,1.0,10.0
160.0,1.15804123878479,1.15804123878479,0.05840829014778137,0.07355821132659912,0.050040021538734436,10.0,1.0,10.0
161.0,1.154134750366211,1.154134750366211,0.05821698158979416,0.07340308278799057,0.04985618218779564,10.0,1.0,10.0
162.0,1.150115966796875,1.150115966796875,0.058021336793899536,0.07324051856994629,0.049666207283735275,10.0,1.0,10.0
163.0,1.145980715751648,1.145980715751648,0.057820502668619156,0.07307146489620209,0.04947042092680931,10.0,1.0,10.0
164.0,1.1417245864868164,1.1417245864868164,0.057613421231508255,0.07289712131023407,0.04926931858062744,10.0,1.0,10.0
165.0,1.1373428106307983,1.1373428106307983,0.05739915743470192,0.07271845638751984,0.04906328022480011,10.0,1.0,10.0
166.0,1.1328303813934326,1.1328303813934326,0.057177044451236725,0.07253595441579819,0.048852402716875076,10.0,1.0,10.0
167.0,1.1281825304031372,1.1281825304031372,0.05694679915904999,0.07234950363636017,0.04863649979233742,10.0,1.0,10.0
168.0,1.1233938932418823,1.1233938932418823,0.056708209216594696,0.07215876132249832,0.048415299504995346,10.0,1.0,10.0
169.0,1.1184589862823486,1.1184589862823486,0.05646108090877533,0.07196327298879623,0.04818849265575409,10.0,1.0,10.0
170.0,1.1133723258972168,1.1133723258972168,0.05620527267456055,0.07176240533590317,0.0479557141661644,10.0,1.0,10.0
171.0,1.1081281900405884,1.1081281900405884,0.05594085901975632,0.07155518978834152,0.04771643877029419,10.0,1.0,10.0
172.0,1.1027206182479858,1.1027206182479858,0.05566805228590965,0.07134035229682922,0.04746997356414795,10.0,1.0,10.0
173.0,1.0971436500549316,1.0971436500549316,0.05538712069392204,0.07111656665802002,0.04721558839082718,10.0,1.0,10.0
174.0,1.09139084815979,1.09139084815979,0.05509812757372856,0.07088275253772736,0.04695267602801323,10.0,1.0,10.0
175.0,1.0854556560516357,1.0854556560516357,0.05480094626545906,0.07063811272382736,0.04668080061674118,10.0,1.0,10.0
176.0,1.079331398010254,1.079331398010254,0.054495323449373245,0.07038210332393646,0.04639960452914238,10.0,1.0,10.0
177.0,1.0730113983154297,1.0730113983154297,0.054180972278118134,0.07011424005031586,0.04610874503850937,10.0,1.0,10.0
178.0,1.0664883852005005,1.0664883852005005,0.05385750159621239,0.06983417272567749,0.04580792039632797,10.0,1.0,10.0
179.0,1.0597549676895142,1.0597549676895142,0.05352440103888512,0.069541797041893,0.04549691826105118,10.0,1.0,10.0
180.0,1.0528039932250977,1.0528039932250977,0.05318098142743111,0.06923725455999374,0.045175701379776,10.0,1.0,10.0
181.0,1.0456279516220093,1.0456279516220093,0.05282645672559738,0.06892079859972,0.04484425485134125,10.0,1.0,10.0
182.0,1.0382187366485596,1.0382187366485596,0.05246009677648544,0.06859257817268372,0.04450252279639244,10.0,1.0,10.0
183.0,1.0305688381195068,1.0305688381195068,0.05208124965429306,0.06825254112482071,0.044150371104478836,10.0,1.0,10.0
184.0,1.022670030593872,1.022670030593872,0.051689378917217255,0.06790046393871307,0.04378756880760193,10.0,1.0,10.0
185.0,1.0145143270492554,1.0145143270492554,0.051283955574035645,0.06753600388765335,0.04341387376189232,10.0,1.0,10.0
186.0,1.0060938596725464,1.0060938596725464,0.05086451768875122,0.06715865433216095,0.04302900657057762,10.0,1.0,10.0
187.0,0.9974004030227661,0.9974004030227661,0.05043066293001175,0.06676771491765976,0.04263261333107948,10.0,1.0,10.0
188.0,0.9884262084960938,0.9884262084960938,0.04998214542865753,0.06636230647563934,0.04222424700856209,10.0,1.0,10.0
189.0,0.9791631102561951,0.9791631102561951,0.049518782645463943,0.06594134122133255,0.04180339723825455,10.0,1.0,10.0
190.0,0.9696035385131836,0.9696035385131836,0.04904042184352875,0.06550374627113342,0.04136955365538597,10.0,1.0,10.0
191.0,0.9597396850585938,0.9597396850585938,0.04854685813188553,0.0650484710931778,0.040922265499830246,10.0,1.0,10.0
192.0,0.9495644569396973,0.9495644569396973,0.0480378195643425,0.06457464396953583,0.04046115651726723,10.0,1.0,10.0
193.0,0.9390704035758972,0.9390704035758972,0.04751300811767578,0.06408146023750305,0.039985887706279755,10.0,1.0,10.0
194.0,0.9282509088516235,0.9282509088516235,0.04697209596633911,0.06356821954250336,0.03949617221951485,10.0,1.0,10.0
195.0,0.9170994162559509,0.9170994162559509,0.04641471430659294,0.06303436309099197,0.038991790264844894,10.0,1.0,10.0
196.0,0.9056101441383362,0.9056101441383362,0.045840442180633545,0.062479499727487564,0.03847262263298035,10.0,1.0,10.0
197.0,0.8937774896621704,0.8937774896621704,0.04524880647659302,0.06190335750579834,0.03793860971927643,10.0,1.0,10.0
198.0,0.881596565246582,0.881596565246582,0.04463931918144226,0.061305731534957886,0.03738977015018463,10.0,1.0,10.0
199.0,0.8690634369850159,0.8690634369850159,0.044011570513248444,0.06068640947341919,0.036826133728027344,10.0,1.0,10.0
200.0,0.8561745882034302,0.8561745882034302,0.043365225195884705,0.060045093297958374,0.036247722804546356,10.0,1.0,10.0
201.0,0.8429273366928101,0.8429273366928101,0.04270005598664284,0.059381406754255295,0.03565454110503197,10.0,1.0,10.0
202.0,0.8293204307556152,0.8293204307556152,0.042015910148620605,0.058694906532764435,0.035046640783548355,10.0,1.0,10.0
203.0,0.8153532147407532,0.8153532147407532,0.04131275787949562,0.057985033839941025,0.034424059092998505,10.0,1.0,10.0
204.0,0.8010263442993164,0.8010263442993164,0.04059065505862236,0.05725119262933731,0.03378685936331749,10.0,1.0,10.0
205.0,0.7863419055938721,0.7863419055938721,0.039849795401096344,0.05649273842573166,0.03313511982560158,10.0,1.0,10.0
206.0,0.7713029384613037,0.7713029384613037,0.039090465754270554,0.055708952248096466,0.03246893361210823,10.0,1.0,10.0
207.0,0.7559142708778381,0.7559142708778381,0.03831302747130394,0.054899267852306366,0.03178847208619118,10.0,1.0,10.0
208.0,0.7401820421218872,0.7401820421218872,0.03751787170767784,0.05406317487359047,0.031094012781977654,10.0,1.0,10.0
209.0,0.7241140604019165,0.7241140604019165,0.03670544922351837,0.053200364112854004,0.03038591891527176,10.0,1.0,10.0
210.0,0.7077198028564453,0.7077198028564453,0.035876236855983734,0.05231068283319473,0.029664672911167145,10.0,1.0,10.0
211.0,0.6910099983215332,0.6910099983215332,0.03503075987100601,0.051394157111644745,0.028930827975273132,10.0,1.0,10.0
212.0,0.6739980578422546,0.6739980578422546,0.03416964411735535,0.05045095458626747,0.02818506583571434,10.0,1.0,10.0
213.0,0.6566983461380005,0.6566983461380005,0.033293575048446655,0.04948141798377037,0.027428116649389267,10.0,1.0,10.0
214.0,0.6391276121139526,0.6391276121139526,0.03240334987640381,0.04848598688840866,0.02666081301867962,10.0,1.0,10.0
215.0,0.6213042736053467,0.6213042736053467,0.031499847769737244,0.04746522754430771,0.025884056463837624,10.0,1.0,10.0
216.0,0.6032487154006958,0.6032487154006958,0.03058410808444023,0.04641976207494736,0.025098789483308792,10.0,1.0,10.0
217.0,0.5849833488464355,0.5849833488464355,0.02965730056166649,0.045350249856710434,0.024306004866957664,10.0,1.0,10.0
218.0,0.5665322542190552,0.5665322542190552,0.02872074581682682,0.044257424771785736,0.023506736382842064,10.0,1.0,10.0
219.0,0.5479217171669006,0.5479217171669006,0.02777588553726673,0.043142106384038925,0.02270207554101944,10.0,1.0,10.0
220.0,0.5291796922683716,0.5291796922683716,0.026824265718460083,0.04200522601604462,0.021893179044127464,10.0,1.0,10.0
221.0,0.5103356242179871,0.5103356242179871,0.02586749568581581,0.040847860276699066,0.021081281825900078,10.0,1.0,10.0
222.0,0.4914211332798004,0.4914211332798004,0.024907274171710014,0.039671286940574646,0.020267710089683533,10.0,1.0,10.0
223.0,0.4724689722061157,0.4724689722061157,0.023945337161421776,0.03847696632146835,0.019453860819339752,10.0,1.0,10.0
224.0,0.45351338386535645,0.45351338386535645,0.02298346720635891,0.037266578525304794,0.018641212955117226,10.0,1.0,10.0
225.0,0.4345899820327759,0.4345899820327759,0.022023502737283707,0.03604200482368469,0.01783129759132862,10.0,1.0,10.0
226.0,0.41573530435562134,0.41573530435562134,0.0210672989487648,0.03480532020330429,0.017025699838995934,10.0,1.0,10.0
227.0,0.3969869613647461,0.3969869613647461,0.020116761326789856,0.03355880081653595,0.01622605323791504,10.0,1.0,10.0
228.0,0.37838298082351685,0.37838298082351685,0.019173815846443176,0.03230486437678337,0.015433993190526962,10.0,1.0,10.0
229.0,0.35996192693710327,0.35996192693710327,0.018240420147776604,0.031046058982610703,0.014651164412498474,10.0,1.0,10.0
230.0,0.34176263213157654,0.34176263213157654,0.01731857657432556,0.02978505752980709,0.013879180885851383,10.0,1.0,10.0
231.0,0.3238237500190735,0.3238237500190735,0.01641027256846428,0.02852463349699974,0.013119637966156006,10.0,1.0,10.0
232.0,0.3061836063861847,0.3061836063861847,0.015517473220825195,0.02726767398416996,0.012374119833111763,10.0,1.0,10.0
233.0,0.2888798117637634,0.2888798117637634,0.014642085880041122,0.026017170399427414,0.01164417713880539,10.0,1.0,10.0
234.0,0.27194908261299133,0.27194908261299133,0.013785944320261478,0.024776211008429527,0.010931341908872128,10.0,1.0,10.0
235.0,0.2554267346858978,0.2554267346858978,0.012950786389410496,0.023547958582639694,0.010237089358270168,10.0,1.0,10.0
236.0,0.23934650421142578,0.23934650421142578,0.012138242833316326,0.02233562245965004,0.009562846273183823,10.0,1.0,10.0
237.0,0.2237403839826584,0.2237403839826584,0.011349831707775593,0.021142413839697838,0.008909965865314007,10.0,1.0,10.0
238.0,0.20863798260688782,0.20863798260688782,0.010586954653263092,0.019971506670117378,0.008279692381620407,10.0,1.0,10.0
239.0,0.19406653940677643,0.19406653940677643,0.009850882925093174,0.01882600411772728,0.007673171348869801,10.0,1.0,10.0
240.0,0.1800505816936493,0.1800505816936493,0.009142757393419743,0.01770889014005661,0.007091412786394358,10.0,1.0,10.0
241.0,0.16661158204078674,0.16661158204078674,0.00846357923001051,0.016622992232441902,0.006535280495882034,10.0,1.0,10.0
242.0,0.15376794338226318,0.15376794338226318,0.007814213633537292,0.01557096280157566,0.006005485076457262,10.0,1.0,10.0
243.0,0.14153465628623962,0.14153465628623962,0.007195347920060158,0.014555270783603191,0.005502590909600258,10.0,1.0,10.0
244.0,0.12992314994335175,0.12992314994335175,0.006607493385672569,0.013578168116509914,0.0050270045176148415,10.0,1.0,10.0
245.0,0.11894123256206512,0.11894123256206512,0.006050970405340195,0.01264169905334711,0.004578983411192894,10.0,1.0,10.0
246.0,0.10859313607215881,0.10859313607215881,0.0055259172804653645,0.011747651733458042,0.004158630967140198,10.0,1.0,10.0
247.0,0.0988793596625328,0.0988793596625328,0.005032284650951624,0.0108975600451231,0.0037658950313925743,10.0,1.0,10.0
248.0,0.08979670703411102,0.08979670703411102,0.004569843877106905,0.01009264774620533,0.0034005616325885057,10.0,1.0,10.0
249.0,0.08133846521377563,0.08133846521377563,0.00413821917027235,0.009333804249763489,0.003062246832996607,10.0,1.0,10.0
250.0,0.07349447906017303,0.07349447906017303,0.0037368752527981997,0.0086215790361166,0.0027504144236445427,10.0,1.0,10.0
251.0,0.06625133752822876,0.06625133752822876,0.003365142270922661,0.00795615091919899,0.002464375924319029,10.0,1.0,10.0
252.0,0.059592608362436295,0.059592608362436295,0.003022217657417059,0.007337349932640791,0.0022033080458641052,10.0,1.0,10.0
253.0,0.053499117493629456,0.053499117493629456,0.0027071782387793064,0.006764659658074379,0.00196626759134233,10.0,1.0,10.0
254.0,0.04794912785291672,0.04794912785291672,0.0024189830292016268,0.006237257272005081,0.0017522040288895369,10.0,1.0,10.0
255.0,0.042918793857097626,0.042918793857097626,0.0021564941853284836,0.005754036828875542,0.0015599813777953386,10.0,1.0,10.0
256.0,0.03838242590427399,0.03838242590427399,0.0019184821285307407,0.005313659552484751,0.0013883947394788265,10.0,1.0,10.0
257.0,0.034312859177589417,0.034312859177589417,0.0017036495264619589,0.004914557561278343,0.0012361806584522128,10.0,1.0,10.0
258.0,0.03068181499838829,0.03068181499838829,0.0015106466598808765,0.004554963205009699,0.0011020384263247252,10.0,1.0,10.0
259.0,0.027460286393761635,0.027460286393761635,0.0013380924938246608,0.004232931416481733,0.0009846430039033294,10.0,1.0,10.0
260.0,0.024618826806545258,0.024618826806545258,0.0011845907429233193,0.003946335054934025,0.0008826584089547396,10.0,1.0,10.0
261.0,0.02212793566286564,0.02212793566286564,0.0010487487306818366,0.003692913567647338,0.0007947534322738647,10.0,1.0,10.0
262.0,0.01995839737355709,0.01995839737355709,0.0009291870519518852,0.0034703100100159645,0.000719621661119163,10.0,1.0,10.0
263.0,0.01808149740099907,0.01808149740099907,0.0008245449280366302,0.003276087576523423,0.0006559960311278701,10.0,1.0,10.0
264.0,0.016469288617372513,0.016469288617372513,0.0007334903348237276,0.003107795026153326,0.0006026591290719807,10.0,1.0,10.0
265.0,0.015094897709786892,0.015094897709786892,0.0006547386874444783,0.002963014878332615,0.0005584495957009494,10.0,1.0,10.0
266.0,0.013932621106505394,0.013932621106505394,0.0005870528402738273,0.002839385299012065,0.0005222706822678447,10.0,1.0,10.0
267.0,0.012958133593201637,0.012958133593201637,0.0005292592686600983,0.0027346445713192225,0.0004930896684527397,10.0,1.0,10.0
268.0,0.012148605659604073,0.012148605659604073,0.0004802526091225445,0.0026466185227036476,0.0004699460987467319,10.0,1.0,10.0
269.0,0.01148274540901184,0.01148274540901184,0.0004389979294501245,0.0025732447393238544,0.0004519521608017385,10.0,1.0,10.0
270.0,0.01094091683626175,0.01094091683626175,0.0004045317182317376,0.002512566978111863,0.0004383032792247832,10.0,1.0,10.0
271.0,0.01050509698688984,0.01050509698688984,0.0003759658429771662,0.0024627430830150843,0.00042826952994801104,10.0,1.0,10.0
272.0,0.01015892531722784,0.01015892531722784,0.00035248443600721657,0.002422051038593054,0.00042120303260162473,10.0,1.0,10.0
273.0,0.00988764688372612,0.00988764688372612,0.00033334456384181976,0.002388919238001108,0.0004165281425230205,10.0,1.0,10.0
274.0,0.00967809371650219,0.00967809371650219,0.0003178779734298587,0.002361931139603257,0.00041373822023160756,10.0,1.0,10.0
275.0,0.0095185786485672,0.0095185786485672,0.00030548576614819467,0.0023398357443511486,0.00041238853009417653,10.0,1.0,10.0
276.0,0.00939885899424553,0.00939885899424553,0.00029563537100329995,0.0023215296678245068,0.0004120975499972701,10.0,1.0,10.0
277.0,0.009310009889304638,0.009310009889304638,0.00028786069015040994,0.0023060759995132685,0.0004125327104702592,10.0,1.0,10.0
278.0,0.00924439076334238,0.00924439076334238,0.0002817577333189547,0.002292648423463106,0.0004134165355935693,10.0,1.0,10.0
279.0,0.009195489808917046,0.009195489808917046,0.00027697719633579254,0.002280561253428459,0.0004145156417507678,10.0,1.0,10.0
280.0,0.009157847613096237,0.009157847613096237,0.00027321995003148913,0.0022692123893648386,0.00041564356070011854,10.0,1.0,10.0
281.0,0.009126956574618816,0.009126956574618816,0.0002702353522181511,0.0022581086959689856,0.00041664938908070326,10.0,1.0,10.0
282.0,0.009099184535443783,0.009099184535443783,0.00026781135238707066,0.0022468501701951027,0.0004174220666754991,10.0,1.0,10.0
283.0,0.009071629494428635,0.009071629494428635,0.0002657733275555074,0.002235124120488763,0.000417877163272351,10.0,1.0,10.0
284.0,0.009042061865329742,0.009042061865329742,0.0002639790182001889,0.002222704002633691,0.0004179567622486502,10.0,1.0,10.0
285.0,0.009008866734802723,0.009008866734802723,0.00026232056552544236,0.0022094487212598324,0.0004176212241873145,10.0,1.0,10.0
286.0,0.008970879018306732,0.008970879018306732,0.0002607138594612479,0.0021952681709080935,0.00041684723692014813,10.0,1.0,10.0
287.0,0.008927394635975361,0.008927394635975361,0.00025909871328622103,0.0021801250986754894,0.0004156281938776374,10.0,1.0,10.0
288.0,0.008878033608198166,0.008878033608198166,0.00025743473088368773,0.0021640220656991005,0.0004139664233662188,10.0,1.0,10.0
289.0,0.008822739124298096,0.008822739124298096,0.0002556930994614959,0.0021469779312610626,0.000411883054766804,10.0,1.0,10.0
290.0,0.008761651813983917,0.008761651813983917,0.000253859005169943,0.0021290332078933716,0.00040940294275060296,10.0,1.0,10.0
291.0,0.008695139549672604,0.008695139549672604,0.0002519298577681184,0.0021102658938616514,0.000406557519454509,10.0,1.0,10.0
292.0,0.008623638190329075,0.008623638190329075,0.0002499063266441226,0.0020907495636492968,0.0004033825534861535,10.0,1.0,10.0
293.0,0.008547745645046234,0.008547745645046234,0.0002477978414390236,0.002070584101602435,0.00039991832454688847,10.0,1.0,10.0
294.0,0.00846809707581997,0.00846809707581997,0.00024561729514971375,0.002049876842647791,0.0003962047048844397,10.0,1.0,10.0
295.0,0.008385322988033295,0.008385322988033295,0.00024337750801350921,0.002028736285865307,0.0003922811592929065,10.0,1.0,10.0
296.0,0.008300116285681725,0.008300116285681725,0.00024109632067847997,0.0020072725601494312,0.00038818808388896286,10.0,1.0,10.0
297.0,0.008213117718696594,0.008213117718696594,0.00023879189393483102,0.0019855876453220844,0.0003839611017610878,10.0,1.0,10.0
298.0,0.008124956861138344,0.008124956861138344,0.00023648195201531053,0.00196376396343112,0.0003796373202931136,10.0,1.0,10.0
299.0,0.008036209270358086,0.008036209270358086,0.00023418325872626156,0.0019418929005041718,0.00037524840445257723,10.0,1.0,10.0
300.0,0.007947404868900776,0.007947404868900776,0.00023190905631054193,0.0019200436072424054,0.00037082709604874253,10.0,1.0,10.0
301.0,0.007859006524085999,0.007859006524085999,0.00022967206314206123,0.001898283720947802,0.0003664002288132906,10.0,1.0,10.0
302.0,0.0077714379876852036,0.0077714379876852036,0.00022748266928829253,0.001876677619293332,0.00036199335590936244,10.0,1.0,10.0
303.0,0.0076850345358252525,0.0076850345358252525,0.0002253491256851703,0.001855280133895576,0.00035762635525316,10.0,1.0,10.0
304.0,0.007600090466439724,0.007600090466439724,0.00022327825718093663,0.0018341409740969539,0.00035331668914295733,10.0,1.0,10.0
305.0,0.007516834884881973,0.007516834884881973,0.0002212740364484489,0.0018132985569536686,0.00034907960798591375,10.0,1.0,10.0
306.0,0.007435431703925133,0.007435431703925133,0.00021933959214948118,0.0017927787266671658,0.0003449257055763155,10.0,1.0,10.0
307.0,0.007356006186455488,0.007356006186455488,0.00021747281425632536,0.0017725977813825011,0.00034086802043020725,10.0,1.0,10.0
308.0,0.007278631441295147,0.007278631441295147,0.00021567425574176013,0.001752763637341559,0.0003369125188328326,10.0,1.0,10.0
309.0,0.007203343324363232,0.007203343324363232,0.0002139422867912799,0.0017332816496491432,0.000333063886500895,10.0,1.0,10.0
310.0,0.007130133919417858,0.007130133919417858,0.0002122742880601436,0.0017141590360552073,0.00032932322937995195,10.0,1.0,10.0
311.0,0.0070589701645076275,0.0070589701645076275,0.0002106664323946461,0.00169539509806782,0.00032569110044278204,10.0,1.0,10.0
312.0,0.006989794317632914,0.006989794317632914,0.0002091134083457291,0.001676991698332131,0.0003221668885089457,10.0,1.0,10.0
313.0,0.006922535598278046,0.006922535598278046,0.0002076088567264378,0.0016589350998401642,0.0003187512047588825,10.0,1.0,10.0
314.0,0.006857098080217838,0.006857098080217838,0.00020614854292944074,0.0016412199474871159,0.0003154392761643976,10.0,1.0,10.0
315.0,0.006793367676436901,0.006793367676436901,0.0002047255984507501,0.0016238304087892175,0.00031222813413478434,10.0,1.0,10.0
316.0,0.006731238216161728,0.006731238216161728,0.00020333324209786952,0.0016067518154159188,0.00030911542125977576,10.0,1.0,10.0
317.0,0.00667059700936079,0.00667059700936079,0.00020196763216517866,0.0015899683348834515,0.00030609522946178913,10.0,1.0,10.0
318.0,0.006611324846744537,0.006611324846744537,0.00020062210387550294,0.0015734669286757708,0.00030316371703520417,10.0,1.0,10.0
319.0,0.006553313694894314,0.006553313694894314,0.000199292873730883,0.0015572282718494534,0.00030031564529053867,10.0,1.0,10.0
320.0,0.006496447138488293,0.006496447138488293,0.00019797496497631073,0.0015412422362715006,0.0002975455136038363,10.0,1.0,10.0
321.0,0.006440616678446531,0.006440616678446531,0.0001966638519661501,0.001525496132671833,0.0002948481997009367,10.0,1.0,10.0
322.0,0.006385724060237408,0.006385724060237408,0.0001953562314156443,0.0015099758747965097,0.0002922185813076794,10.0,1.0,10.0
323.0,0.006331678479909897,0.006331678479909897,0.0001940489310072735,0.001494671916589141,0.00028965171077288687,10.0,1.0,10.0
324.0,0.0062783947214484215,0.0062783947214484215,0.0001927383418660611,0.0014795645838603377,0.0002871446486096829,10.0,1.0,10.0
325.0,0.006225795950740576,0.006225795950740576,0.0001914229360409081,0.0014646481722593307,0.00028469186509028077,10.0,1.0,10.0
326.0,0.006173808593302965,0.006173808593302965,0.00019009980314876884,0.0014499067328870296,0.00028229039162397385,10.0,1.0,10.0
327.0,0.006122368387877941,0.006122368387877941,0.00018876735703088343,0.0014353262959048152,0.0002799368230625987,10.0,1.0,10.0
328.0,0.006071435287594795,0.006071435287594795,0.00018742527754511684,0.0014209055807441473,0.00027762766694650054,10.0,1.0,10.0
329.0,0.006020944099873304,0.006020944099873304,0.00018607274978421628,0.0014066329458728433,0.0002753583830781281,10.0,1.0,10.0
330.0,0.0059708645567297935,0.0059708645567297935,0.000184708769666031,0.0013925036182627082,0.0002731273416429758,10.0,1.0,10.0
331.0,0.005921156145632267,0.005921156145632267,0.00018333511252421886,0.0013785136397928,0.00027092915843240917,10.0,1.0,10.0
332.0,0.005871796980500221,0.005871796980500221,0.00018195166194345802,0.0013646601000800729,0.0002687620581127703,10.0,1.0,10.0
333.0,0.005822754930704832,0.005822754930704832,0.00018055748660117388,0.0013509263517335057,0.00026662537129595876,10.0,1.0,10.0
334.0,0.005774020217359066,0.005774020217359066,0.00017915414355229586,0.0013373136753216386,0.00026451650774106383,10.0,1.0,10.0
335.0,0.005725571885704994,0.005725571885704994,0.0001777405122993514,0.001323808915913105,0.00026243581669405103,10.0,1.0,10.0
336.0,0.00567739550024271,0.00567739550024271,0.00017631985247135162,0.0013104175450280309,0.0002603779430501163,10.0,1.0,10.0
337.0,0.005629488732665777,0.005629488732665777,0.0001748921349644661,0.0012971344403922558,0.00025834329426288605,10.0,1.0,10.0
338.0,0.005581846926361322,0.005581846926361322,0.00017345891683362424,0.0012839575065299869,0.00025633000768721104,10.0,1.0,10.0
339.0,0.00553445890545845,0.00553445890545845,0.0001720219006529078,0.0012708896538242698,0.00025433499831706285,10.0,1.0,10.0
340.0,0.005487328860908747,0.005487328860908747,0.00017058152297977358,0.0012579230824485421,0.00025235905195586383,10.0,1.0,10.0
341.0,0.005440456792712212,0.005440456792712212,0.00016913855506572872,0.0012450562790036201,0.00025040149921551347,10.0,1.0,10.0
342.0,0.005393835715949535,0.005393835715949535,0.0001676935062278062,0.001232281792908907,0.0002484619035385549,10.0,1.0,10.0
343.0,0.0053474800661206245,0.0053474800661206245,0.0001662500435486436,0.001219604630023241,0.0002465375291649252,10.0,1.0,10.0
344.0,0.005301385186612606,0.005301385186612606,0.00016480791964568198,0.0012070208322256804,0.00024462855071760714,10.0,1.0,10.0
345.0,0.005255551543086767,0.005255551543086767,0.0001633681240491569,0.0011945299338549376,0.00024273403687402606,10.0,1.0,10.0
346.0,0.005209986586123705,0.005209986586123705,0.0001619313406990841,0.0011821293737739325,0.00024085438053589314,10.0,1.0,10.0
347.0,0.005164698231965303,0.005164698231965303,0.00016049867554102093,0.001169824623502791,0.00023898867948446423,10.0,1.0,10.0
348.0,0.0051196785643696785,0.0051196785643696785,0.000159071059897542,0.001157611608505249,0.00023713560949545354,10.0,1.0,10.0
349.0,0.005074937362223864,0.005074937362223864,0.00015764999261591583,0.001145487418398261,0.00023529501049779356,10.0,1.0,10.0
350.0,0.005030487198382616,0.005030487198382616,0.00015623609942849725,0.0011334532173350453,0.0002334673044970259,10.0,1.0,10.0
351.0,0.004986321087926626,0.004986321087926626,0.00015482892922591418,0.0011215056292712688,0.00023165260790847242,10.0,1.0,10.0
352.0,0.00494243623688817,0.00494243623688817,0.00015343009727075696,0.001109643024392426,0.0002298492327099666,10.0,1.0,10.0
353.0,0.004898847546428442,0.004898847546428442,0.00015204121882561594,0.0010978704085573554,0.00022805650951340795,10.0,1.0,10.0
354.0,0.004855558276176453,0.004855558276176453,0.00015066194464452565,0.0010861856862902641,0.00022627532598562539,10.0,1.0,10.0
355.0,0.004812558181583881,0.004812558181583881,0.00014929041208233684,0.001074585597962141,0.00022450683172792196,10.0,1.0,10.0
356.0,0.004769862629473209,0.004769862629473209,0.00014792893489357084,0.0010630734032019973,0.000222749964450486,10.0,1.0,10.0
357.0,0.004727463237941265,0.004727463237941265,0.0001465784152969718,0.0010516485199332237,0.0002210030797868967,10.0,1.0,10.0
358.0,0.00468536838889122,0.00468536838889122,0.00014523969730362296,0.0010403102496638894,0.00021926613408140838,10.0,1.0,10.0
359.0,0.004643581807613373,0.004643581807613373,0.00014391289732884616,0.0010290576610714197,0.0002175395202357322,10.0,1.0,10.0
360.0,0.0046020979061722755,0.0046020979061722755,0.00014259578892961144,0.0010178880766034126,0.00021582518820650876,10.0,1.0,10.0
361.0,0.004560915287584066,0.004560915287584066,0.0001412889250786975,0.0010068031260743737,0.0002141222939826548,10.0,1.0,10.0
362.0,0.004520047456026077,0.004520047456026077,0.00013999473594594747,0.0009958011796697974,0.00021242989168968052,10.0,1.0,10.0
363.0,0.004479480907320976,0.004479480907320976,0.0001387128431815654,0.0009848879417404532,0.00021074643882457167,10.0,1.0,10.0
364.0,0.004439221695065498,0.004439221695065498,0.0001374424755340442,0.0009740592213347554,0.0002090737543767318,10.0,1.0,10.0
365.0,0.004399274475872517,0.004399274475872517,0.00013618363300338387,0.0009633189765736461,0.00020741194020956755,10.0,1.0,10.0
366.0,0.0043596308678388596,0.0043596308678388596,0.00013493541337084025,0.0009526596404612064,0.00020576170936692506,10.0,1.0,10.0
367.0,0.004320297855883837,0.004320297855883837,0.0001336997956968844,0.0009420873248018324,0.00020412125741131604,10.0,1.0,10.0
368.0,0.004281281027942896,0.004281281027942896,0.00013247648894321173,0.000931599352043122,0.0002024916757363826,10.0,1.0,10.0
369.0,0.0042425598949193954,0.0042425598949193954,0.00013126333942636847,0.0009211935102939606,0.000200873299036175,10.0,1.0,10.0
370.0,0.004204154014587402,0.004204154014587402,0.00013006299559492618,0.0009108753874897957,0.00019926487584598362,10.0,1.0,10.0
371.0,0.004166056402027607,0.004166056402027607,0.0001288743078475818,0.0009006435284391046,0.00019766697369050235,10.0,1.0,10.0
372.0,0.0041282689198851585,0.0041282689198851585,0.00012769646127708256,0.0008904989808797836,0.00019608053844422102,10.0,1.0,10.0
373.0,0.00409078411757946,0.00409078411757946,0.00012652987788897008,0.0008804395911283791,0.0001945045660249889,10.0,1.0,10.0
374.0,0.004053616430610418,0.004053616430610418,0.0001253747323062271,0.0008704647189006209,0.0001929404097609222,10.0,1.0,10.0
375.0,0.004016751889139414,0.004016751889139414,0.0001242308790097013,0.0008605751791037619,0.00019138678908348083,10.0,1.0,10.0
376.0,0.003980194218456745,0.003980194218456745,0.0001230978814419359,0.0008507711463607848,0.00018984440248459578,10.0,1.0,10.0
377.0,0.003943948075175285,0.003943948075175285,0.00012197634350741282,0.0008410548325628042,0.00018831300258170813,10.0,1.0,10.0
378.0,0.003908009268343449,0.003908009268343449,0.00012086573406122625,0.0008314253645949066,0.00018679264758247882,10.0,1.0,10.0
379.0,0.003872376400977373,0.003872376400977373,0.00011976481619058177,0.000821884605102241,0.00018528437067288905,10.0,1.0,10.0
380.0,0.003837054828181863,0.003837054828181863,0.00011867570719914511,0.0008124301675707102,0.00018378676031716168,10.0,1.0,10.0
381.0,0.003802037797868252,0.003802037797868252,0.00011759733024518937,0.000803063390776515,0.00018230010755360126,10.0,1.0,10.0
382.0,0.003767328569665551,0.003767328569665551,0.00011652888497337699,0.0007937814225442708,0.00018082582391798496,10.0,1.0,10.0
383.0,0.003732924582436681,0.003732924582436681,0.0001154704368673265,0.000784586591180414,0.00017936337098944932,10.0,1.0,10.0
384.0,0.0036988314241170883,0.0036988314241170883,0.0001144220877904445,0.0007754786056466401,0.00017791319987736642,10.0,1.0,10.0
385.0,0.003665042342618108,0.003665042342618108,0.000113385081931483,0.0007664611912332475,0.0001764730259310454,10.0,1.0,10.0
386.0,0.0036315612960606813,0.0036315612960606813,0.0001123579713748768,0.0007575311465188861,0.00017504504648968577,10.0,1.0,10.0
387.0,0.0035983826965093613,0.0035983826965093613,0.00011134039959870279,0.0007486911490559578,0.0001736287522362545,10.0,1.0,10.0
388.0,0.0035655060783028603,0.0035655060783028603,0.00011033290502382442,0.0007399378810077906,0.00017222391034010798,10.0,1.0,10.0
389.0,0.0035329381935298443,0.0035329381935298443,0.00010933488374575973,0.0007312703528441489,0.00017083188868127763,10.0,1.0,10.0
390.0,0.003500673919916153,0.003500673919916153,0.00010834728163899854,0.0007226921734400094,0.00016945086827035993,10.0,1.0,10.0
391.0,0.003468707436695695,0.003468707436695695,0.00010736865078797564,0.000714199966751039,0.00016808210057206452,10.0,1.0,10.0
392.0,0.0034370478242635727,0.0034370478242635727,0.00010639965330483392,0.0007057941984385252,0.000166725687449798,10.0,1.0,10.0
393.0,0.0034056841395795345,0.0034056841395795345,0.00010544028918957338,0.0006974778953008354,0.0001653803192311898,10.0,1.0,10.0
394.0,0.0033746242988854647,0.0033746242988854647,0.00010449028923176229,0.0006892498931847513,0.00016404714551754296,10.0,1.0,10.0
395.0,0.0033438652753829956,0.0033438652753829956,0.0001035501918522641,0.0006811108905822039,0.00016272523498628289,10.0,1.0,10.0
396.0,0.003313401248306036,0.003313401248306036,0.00010261903662467375,0.0006730600725859404,0.0001614150678506121,10.0,1.0,10.0
397.0,0.0032832343131303787,0.0032832343131303787,0.00010169726010644808,0.0006650942377746105,0.00016011676052585244,10.0,1.0,10.0
398.0,0.003253367729485035,0.003253367729485035,0.00010078513150801882,0.0006572158308699727,0.00015883006562944502,10.0,1.0,10.0
399.0,0.0032237903214991093,0.0032237903214991093,9.988093370338902e-05,0.0006494229892268777,0.00015755579806864262,10.0,1.0,10.0
400.0,0.003194501856341958,0.003194501856341958,9.898564894683659e-05,0.0006417152471840382,0.0001562930119689554,10.0,1.0,10.0
401.0,0.003165515838190913,0.003165515838190913,9.809953917283565e-05,0.0006340941763482988,0.00015504262410104275,10.0,1.0,10.0
402.0,0.003136814571917057,0.003136814571917057,9.722277900436893e-05,0.0006265603005886078,0.0001538026554044336,10.0,1.0,10.0
403.0,0.003108404576778412,0.003108404576778412,9.635579772293568e-05,0.0006191138527356088,0.00015257328050211072,10.0,1.0,10.0
404.0,0.0030802851542830467,0.0030802851542830467,9.549698006594554e-05,0.0006117515731602907,0.00015135639114305377,10.0,1.0,10.0
405.0,0.0030524509493261576,0.0030524509493261576,9.464665345149115e-05,0.0006044729962013662,0.00015015114331617951,10.0,1.0,10.0
406.0,0.003024902194738388,0.003024902194738388,9.380474511999637e-05,0.0005972785875201225,0.0001489576097810641,10.0,1.0,10.0
407.0,0.002997634932398796,0.002997634932398796,9.297151700593531e-05,0.0005901686963625252,0.00014777510659769177,10.0,1.0,10.0
408.0,0.0029706486966460943,0.0029706486966460943,9.214697638526559e-05,0.000583142158575356,0.00014660367742180824,10.0,1.0,10.0
409.0,0.002943946048617363,0.002943946048617363,9.133141429629177e-05,0.0005761989741586149,0.00014544330770149827,10.0,1.0,10.0
410.0,0.0029175211675465107,0.0029175211675465107,9.052429959410802e-05,0.0005693376297131181,0.00014429405564442277,10.0,1.0,10.0
411.0,0.0028913707938045263,0.0028913707938045263,8.972578507382423e-05,0.0005625608609989285,0.00014315520820673555,10.0,1.0,10.0
412.0,0.0028654991183429956,0.0028654991183429956,8.893583435565233e-05,0.0005558651173487306,0.00014202756574377418,10.0,1.0,10.0
413.0,0.00283990241587162,0.00283990241587162,8.815406181383878e-05,0.0005492515629157424,0.00014091102639213204,10.0,1.0,10.0
414.0,0.0028145723044872284,0.0028145723044872284,8.73799726832658e-05,0.0005427163559943438,0.00013980563380755484,10.0,1.0,10.0
415.0,0.0027895155362784863,0.0027895155362784863,8.661446918267757e-05,0.0005362608935683966,0.0001387109950883314,10.0,1.0,10.0
416.0,0.0027647262904793024,0.0027647262904793024,8.585781324654818e-05,0.0005298862233757973,0.00013762619346380234,10.0,1.0,10.0
417.0,0.0027402034029364586,0.0027402034029364586,8.510914631187916e-05,0.0005235903663560748,0.00013655214570462704,10.0,1.0,10.0
418.0,0.002715948037803173,0.002715948037803173,8.436803909717128e-05,0.0005173736717551947,0.00013548939023166895,10.0,1.0,10.0
419.0,0.002691956702619791,0.002691956702619791,8.363575034309179e-05,0.0005112363724038005,0.0001344362972304225,10.0,1.0,10.0
420.0,0.0026682205498218536,0.0026682205498218536,8.291122503578663e-05,0.000505176663864404,0.00013339315773919225,10.0,1.0,10.0
421.0,0.0026447437703609467,0.0026447437703609467,8.219467417802662e-05,0.0004991929163224995,0.00013236039376351982,10.0,1.0,10.0
422.0,0.0026215282268822193,0.0026215282268822193,8.148609776981175e-05,0.0004932836745865643,0.0001313383545493707,10.0,1.0,10.0
423.0,0.0025985655374825,0.0025985655374825,8.078559767454863e-05,0.0004874497826676816,0.000130325963255018,10.0,1.0,10.0
424.0,0.0025758538395166397,0.0025758538395166397,8.009301382116973e-05,0.0004816923465114087,0.00012932313256897032,10.0,1.0,10.0
425.0,0.0025533996522426605,0.0025533996522426605,7.940780051285401e-05,0.00047601055121049285,0.0001283310994040221,10.0,1.0,10.0
426.0,0.0025311901699751616,0.0025311901699751616,7.872994319768623e-05,0.00047040253411978483,0.00012734881602227688,10.0,1.0,10.0
427.0,0.0025092335417866707,0.0025092335417866707,7.806130452081561e-05,0.00046486742212437093,0.00012637529289349914,10.0,1.0,10.0
428.0,0.002487515565007925,0.002487515565007925,7.739967259112746e-05,0.0004594034398905933,0.00012541153409983963,10.0,1.0,10.0
429.0,0.0024660443887114525,0.0024660443887114525,7.674466905882582e-05,0.0004540116642601788,0.0001244585873791948,10.0,1.0,10.0
430.0,0.0024448151234537363,0.0024448151234537363,7.609734166180715e-05,0.000448690407210961,0.00012351512850727886,10.0,1.0,10.0
431.0,0.0024238266050815582,0.0024238266050815582,7.5458490755409e-05,0.0004434413567651063,0.00012258003698661923,10.0,1.0,10.0
432.0,0.002403071615844965,0.002403071615844965,7.482685759896412e-05,0.0004382635233923793,0.00012165395310148597,10.0,1.0,10.0
433.0,0.0023825562093406916,0.0023825562093406916,7.420263136737049e-05,0.0004331547534093261,0.00012073751713614911,10.0,1.0,10.0
434.0,0.0023622724693268538,0.0023622724693268538,7.3584946221672e-05,0.00042811466846615076,0.00011983083095401525,10.0,1.0,10.0
435.0,0.002342218067497015,0.002342218067497015,7.297430420294404e-05,0.00042314239544793963,0.0001189332760986872,10.0,1.0,10.0
436.0,0.00232239649631083,0.00232239649631083,7.237154932226986e-05,0.00041823554784059525,0.00011804453970398754,10.0,1.0,10.0
437.0,0.0023028035648167133,0.0023028035648167133,7.177697261795402e-05,0.00041339825838804245,0.00011716355220414698,10.0,1.0,10.0
438.0,0.0022834334522485733,0.0022834334522485733,7.11882603354752e-05,0.0004086262488272041,0.0001162924527307041,10.0,1.0,10.0
439.0,0.002264285460114479,0.002264285460114479,7.060574716888368e-05,0.00040391995571553707,0.0001154307828983292,10.0,1.0,10.0
440.0,0.0022453637793660164,0.0022453637793660164,7.00306409271434e-05,0.0003992785350419581,0.00011457790242275223,10.0,1.0,10.0
441.0,0.0022266593296080828,0.0022266593296080828,6.946305074961856e-05,0.000394702103221789,0.00011373267625458539,10.0,1.0,10.0
442.0,0.0022081704810261726,0.0022081704810261726,6.890246004331857e-05,0.0003901908057741821,0.00011289551184745505,10.0,1.0,10.0
443.0,0.0021899002604186535,0.0021899002604186535,6.834833038737997e-05,0.0003857409465126693,0.00011206760245840997,10.0,1.0,10.0
444.0,0.0021718405187129974,0.0021718405187129974,6.780019612051547e-05,0.0003813529619947076,0.00011124856973765418,10.0,1.0,10.0
445.0,0.002153994282707572,0.002153994282707572,6.725883577018976e-05,0.0003770256298594177,0.00011043802805943415,10.0,1.0,10.0
446.0,0.002136354334652424,0.002136354334652424,6.672448216704652e-05,0.0003727615112438798,0.00010963479871861637,10.0,1.0,10.0
447.0,0.002118928823620081,0.002118928823620081,6.619680061703548e-05,0.00036855804501101375,0.00010884027869906276,10.0,1.0,10.0
448.0,0.0021016993559896946,0.0021016993559896946,6.567547825397924e-05,0.000364415580406785,0.00010805290366988629,10.0,1.0,10.0
449.0,0.0020846817642450333,0.0020846817642450333,6.51600566925481e-05,0.0003603316727094352,0.00010727494372986257,10.0,1.0,10.0
450.0,0.002067859750241041,0.002067859750241041,6.465087062679231e-05,0.0003563058562576771,0.00010650450713001192,10.0,1.0,10.0
451.0,0.0020512407645583153,0.0020512407645583153,6.414819654310122e-05,0.00035233714152127504,0.00010574216139502823,10.0,1.0,10.0
452.0,0.0020348159596323967,0.0020348159596323967,6.365193985402584e-05,0.0003484271001070738,0.00010498694609850645,10.0,1.0,10.0
453.0,0.0020185913890600204,0.0020185913890600204,6.31615548627451e-05,0.0003445733163971454,0.00010424024367239326,10.0,1.0,10.0
454.0,0.002002555411309004,0.002002555411309004,6.267726712394506e-05,0.0003407759650144726,0.00010350070078857243,10.0,1.0,10.0
455.0,0.0019867136143147945,0.0019867136143147945,6.219844362931326e-05,0.0003370345802977681,0.00010276945249643177,10.0,1.0,10.0
456.0,0.0019710620399564505,0.0019710620399564505,6.172624853206798e-05,0.0003333492495585233,0.00010204502905253321,10.0,1.0,10.0
457.0,0.0019555960316210985,0.0019555960316210985,6.12598960287869e-05,0.0003297182556707412,0.00010132788156624883,10.0,1.0,10.0
458.0,0.0019403190817683935,0.0019403190817683935,6.079898957978003e-05,0.0003261390666011721,0.00010061900684377179,10.0,1.0,10.0
459.0,0.001925222692079842,0.001925222692079842,6.0344002122292295e-05,0.00032261342857964337,9.991692058974877e-05,10.0,1.0,10.0
460.0,0.0019103075610473752,0.0019103075610473752,5.989450801280327e-05,0.00031914174905978143,9.922207391355187e-05,10.0,1.0,10.0
461.0,0.0018955729901790619,0.0018955729901790619,5.9450583648867905e-05,0.0003157218743581325,9.853453957475722e-05,10.0,1.0,10.0
462.0,0.0018810185138136148,0.0018810185138136148,5.901203257963061e-05,0.0003123533970210701,9.785448492038995e-05,10.0,1.0,10.0
463.0,0.001866640872322023,0.001866640872322023,5.857924043084495e-05,0.0003090355603490025,9.718128421809524e-05,10.0,1.0,10.0
464.0,0.0018524350598454475,0.0018524350598454475,5.8152298151981086e-05,0.00030576784047298133,9.65144281508401e-05,10.0,1.0,10.0
465.0,0.0018384018912911415,0.0018384018912911415,5.773060183855705e-05,0.00030254945158958435,9.585464431438595e-05,10.0,1.0,10.0
466.0,0.0018245415994897485,0.0018245415994897485,5.731394776375964e-05,0.0002993806847371161,9.52021437115036e-05,10.0,1.0,10.0
467.0,0.0018108473159372807,0.0018108473159372807,5.69020448892843e-05,0.0002962596481665969,9.455672989133745e-05,10.0,1.0,10.0
468.0,0.0017973216017708182,0.0017973216017708182,5.649540253216401e-05,0.00029318759334273636,9.391800267621875e-05,10.0,1.0,10.0
469.0,0.0017839614301919937,0.0017839614301919937,5.609421350527555e-05,0.00029016181360930204,9.328575833933428e-05,10.0,1.0,10.0
470.0,0.0017707636579871178,0.0017707636579871178,5.569910354097374e-05,0.0002871848701033741,9.265877451980487e-05,10.0,1.0,10.0
471.0,0.0017577267717570066,0.0017577267717570066,5.530824273591861e-05,0.00028425490017980337,9.20389429666102e-05,10.0,1.0,10.0
472.0,0.0017448493745177984,0.0017448493745177984,5.492172567755915e-05,0.00028136870241723955,9.14263364393264e-05,10.0,1.0,10.0
473.0,0.001732131466269493,0.001732131466269493,5.454014535644092e-05,0.00027852755738422275,9.082024189410731e-05,10.0,1.0,10.0
474.0,0.0017195697873830795,0.0017195697873830795,5.4163865570444614e-05,0.00027573114493861794,9.021999721881002e-05,10.0,1.0,10.0
475.0,0.0017071599140763283,0.0017071599140763283,5.3792457038071007e-05,0.00027297812630422413,8.962571882875636e-05,10.0,1.0,10.0
476.0,0.001694904756732285,0.001694904756732285,5.342583972378634e-05,0.0002702696365304291,8.903767593437806e-05,10.0,1.0,10.0
477.0,0.0016827975632622838,0.0016827975632622838,5.3063307859702036e-05,0.0002676026488188654,8.845618140185252e-05,10.0,1.0,10.0
478.0,0.0016708439216017723,0.0016708439216017723,5.270559267955832e-05,0.00026498071383684874,8.788073319010437e-05,10.0,1.0,10.0
479.0,0.0016590359155088663,0.0016590359155088663,5.2352508646436036e-05,0.00026240001898258924,8.731108391657472e-05,10.0,1.0,10.0
480.0,0.0016473697032779455,0.0016473697032779455,5.200389205128886e-05,0.00025986056425608695,8.674701530253515e-05,10.0,1.0,10.0
481.0,0.001635854016058147,0.001635854016058147,5.1660186727531254e-05,0.0002573614474385977,8.618907304480672e-05,10.0,1.0,10.0
482.0,0.0016244782600551844,0.0016244782600551844,5.132045043865219e-05,0.00025490220286883414,8.563716255594045e-05,10.0,1.0,10.0
483.0,0.0016132420860230923,0.0016132420860230923,5.098541805637069e-05,0.0002524838491808623,8.509040344506502e-05,10.0,1.0,10.0
484.0,0.0016021467745304108,0.0016021467745304108,5.065418008598499e-05,0.0002501035633031279,8.455014904029667e-05,10.0,1.0,10.0
485.0,0.001591186854057014,0.001591186854057014,5.032693297835067e-05,0.00024776143254712224,8.401561353821307e-05,10.0,1.0,10.0
486.0,0.001580361626110971,0.001580361626110971,5.00046880915761e-05,0.0002454598725307733,8.348548726644367e-05,10.0,1.0,10.0
487.0,0.0015696753980591893,0.0015696753980591893,4.968677967553958e-05,0.00024319675867445767,8.296108717331663e-05,10.0,1.0,10.0
488.0,0.0015591150149703026,0.0015591150149703026,4.9371574277756736e-05,0.00024096902052406222,8.244302443927154e-05,10.0,1.0,10.0
489.0,0.0015486895572394133,0.0015486895572394133,4.906067988486029e-05,0.00023877817147877067,8.193046232918277e-05,10.0,1.0,10.0
490.0,0.0015383921563625336,0.0015383921563625336,4.8754569434095174e-05,0.00023662288731429726,8.14223603811115e-05,10.0,1.0,10.0
491.0,0.0015282250242307782,0.0015282250242307782,4.845242801820859e-05,0.00023450444859918207,8.09196280897595e-05,10.0,1.0,10.0
492.0,0.0015181810595095158,0.0015181810595095158,4.815400825464167e-05,0.00023242185125127435,8.042191620916128e-05,10.0,1.0,10.0
493.0,0.0015082645695656538,0.0015082645695656538,4.78585425298661e-05,0.00023037275241222233,7.993064355105162e-05,10.0,1.0,10.0
494.0,0.0014984684530645609,0.0014984684530645609,4.756748239742592e-05,0.00022835974232293665,7.94433944975026e-05,10.0,1.0,10.0
495.0,0.0014887942234054208,0.0014887942234054208,4.728022395283915e-05,0.00022637960501015186,7.89612386142835e-05,10.0,1.0,10.0
496.0,0.0014792433939874172,0.0014792433939874172,4.699725832324475e-05,0.00022443357738666236,7.848373206797987e-05,10.0,1.0,10.0
497.0,0.0014698095619678497,0.0014698095619678497,4.6717112127225846e-05,0.00022251892369240522,7.801195897627622e-05,10.0,1.0,10.0
498.0,0.001460492960177362,0.001460492960177362,4.644025466404855e-05,0.0002206375647801906,7.75452790549025e-05,10.0,1.0,10.0
499.0,0.001451291493140161,0.001451291493140161,4.6167617256287485e-05,0.00021878888946957886,7.708264456596226e-05,10.0,1.0,10.0
500.0,0.0014422035310417414,0.0014422035310417414,4.589822128764354e-05,0.0002169707731809467,7.662505959160626e-05,10.0,1.0,10.0
501.0,0.0014332277933135629,0.0014332277933135629,4.563242691801861e-05,0.0002151850494556129,7.617184746777639e-05,10.0,1.0,10.0
502.0,0.0014243675395846367,0.0014243675395846367,4.5369819417828694e-05,0.00021342922991607338,7.57240122766234e-05,10.0,1.0,10.0
503.0,0.0014156138058751822,0.0014156138058751822,4.5110544306226075e-05,0.00021170414402149618,7.528041896875948e-05,10.0,1.0,10.0
504.0,0.0014069725293666124,0.0014069725293666124,4.4854721636511385e-05,0.0002100082056131214,7.484170782845467e-05,10.0,1.0,10.0
505.0,0.0013984345132485032,0.0013984345132485032,4.460214404389262e-05,0.0002083423314616084,7.440707122441381e-05,10.0,1.0,10.0
506.0,0.0013900017365813255,0.0013900017365813255,4.435294249560684e-05,0.00020670544472523034,7.397668377961963e-05,10.0,1.0,10.0
507.0,0.0013816773425787687,0.0013816773425787687,4.4107007852289826e-05,0.00020509646856226027,7.35510911908932e-05,10.0,1.0,10.0
508.0,0.0013734521344304085,0.0013734521344304085,4.38632232544478e-05,0.0002035150828305632,7.31304899090901e-05,10.0,1.0,10.0
509.0,0.0013653311179950833,0.0013653311179950833,4.36231930507347e-05,0.00020196312107145786,7.271360664162785e-05,10.0,1.0,10.0
510.0,0.0013573116157203913,0.0013573116157203913,4.338663347880356e-05,0.00020043815311510116,7.230071059893817e-05,10.0,1.0,10.0
511.0,0.0013493895530700684,0.0013493895530700684,4.315333717386238e-05,0.00019894022261723876,7.189159805420786e-05,10.0,1.0,10.0
512.0,0.0013415643479675055,0.0013415643479675055,4.292213634471409e-05,0.00019746736506931484,7.148756412789226e-05,10.0,1.0,10.0
513.0,0.0013338375138118863,0.0013338375138118863,4.269364944775589e-05,0.00019602070096880198,7.108803401933983e-05,10.0,1.0,10.0
514.0,0.001326206256635487,0.001326206256635487,4.246817115927115e-05,0.00019460002658888698,7.06924547557719e-05,10.0,1.0,10.0
515.0,0.0013186694122850895,0.0013186694122850895,4.22457633248996e-05,0.00019320540013723075,7.030063716229051e-05,10.0,1.0,10.0
516.0,0.0013112252345308661,0.0013112252345308661,4.202676427667029e-05,0.00019183648691978306,6.991210830165073e-05,10.0,1.0,10.0
517.0,0.0013038695324212313,0.0013038695324212313,4.1810842958511785e-05,0.00019049156981054693,6.952695548534393e-05,10.0,1.0,10.0
518.0,0.0012966091744601727,0.0012966091744601727,4.159698073635809e-05,0.00018917035777121782,6.914690311532468e-05,10.0,1.0,10.0
519.0,0.0012894344981759787,0.0012894344981759787,4.1384846554137766e-05,0.00018787203589454293,6.877139094285667e-05,10.0,1.0,10.0
520.0,0.0012823480647057295,0.0012823480647057295,4.117534990655258e-05,0.0001865957456175238,6.839988054707646e-05,10.0,1.0,10.0
521.0,0.0012753501068800688,0.0012753501068800688,4.0969436668092385e-05,0.00018534516857471317,6.80310622556135e-05,10.0,1.0,10.0
522.0,0.0012684366665780544,0.0012684366665780544,4.076701225130819e-05,0.0001841189805418253,6.766475416952744e-05,10.0,1.0,10.0
523.0,0.0012616063468158245,0.0012616063468158245,4.056655234307982e-05,0.0001829142274800688,6.730265886289999e-05,10.0,1.0,10.0
524.0,0.0012548642698675394,0.0012548642698675394,4.036766040371731e-05,0.0001817297306843102,6.694578769383952e-05,10.0,1.0,10.0
525.0,0.0012481999583542347,0.0012481999583542347,4.0170521970139816e-05,0.0001805655483622104,6.659291102550924e-05,10.0,1.0,10.0
526.0,0.0012416185345500708,0.0012416185345500708,3.997686872025952e-05,0.00017942381964530796,6.624259549425915e-05,10.0,1.0,10.0
527.0,0.0012351168552413583,0.0012351168552413583,3.978678796556778e-05,0.00017830451542977244,6.589444819837809e-05,10.0,1.0,10.0
528.0,0.001228691777214408,0.001228691777214408,3.9598988223588094e-05,0.00017720586038194597,6.554960418725386e-05,10.0,1.0,10.0
529.0,0.001222347840666771,0.001222347840666771,3.941168324672617e-05,0.0001761262828949839,6.521047180285677e-05,10.0,1.0,10.0
530.0,0.001216081902384758,0.001216081902384758,3.9226768421940506e-05,0.00017506755830254406,6.487467180704698e-05,10.0,1.0,10.0
531.0,0.0012098855804651976,0.0012098855804651976,3.904416735167615e-05,0.0001740274456096813,6.45416512270458e-05,10.0,1.0,10.0
532.0,0.0012037679553031921,0.0012037679553031921,3.886506237904541e-05,0.00017300677427556366,6.421105354093015e-05,10.0,1.0,10.0
533.0,0.0011977242538705468,0.0011977242538705468,3.868849671562202e-05,0.00017200535512529314,6.388339534169063e-05,10.0,1.0,10.0
534.0,0.001191751565784216,0.001191751565784216,3.851313886116259e-05,0.0001710221404209733,6.355980440275744e-05,10.0,1.0,10.0
535.0,0.001185850240290165,0.001185850240290165,3.833899972960353e-05,0.00017005784320645034,6.324022979242727e-05,10.0,1.0,10.0
536.0,0.001180020160973072,0.001180020160973072,3.816748358076438e-05,0.00016911147395148873,6.292338366620243e-05,10.0,1.0,10.0
537.0,0.0011742585338652134,0.0011742585338652134,3.799897967837751e-05,0.00016818383301142603,6.26084947725758e-05,10.0,1.0,10.0
538.0,0.0011685668723657727,0.0011685668723657727,3.7832389352843165e-05,0.00016727270849514753,6.229702557902783e-05,10.0,1.0,10.0
539.0,0.001162941800430417,0.001162941800430417,3.766727968468331e-05,0.0001663783477852121,6.198905612109229e-05,10.0,1.0,10.0
540.0,0.00115738227032125,0.00115738227032125,3.7503679777728394e-05,0.00016550044529139996,6.168450636323541e-05,10.0,1.0,10.0
541.0,0.0011518921237438917,0.0011518921237438917,3.7341975257731974e-05,0.00016463994688820094,6.138323806226254e-05,10.0,1.0,10.0
542.0,0.0011464646086096764,0.0011464646086096764,3.718300285981968e-05,0.00016379579028580338,6.108387606218457e-05,10.0,1.0,10.0
543.0,0.001141101005487144,0.001141101005487144,3.70260895579122e-05,0.00016296707326546311,6.078730439185165e-05,10.0,1.0,10.0
544.0,0.0011357993353158236,0.0011357993353158236,3.687077696667984e-05,0.0001621552073629573,6.04936431045644e-05,10.0,1.0,10.0
545.0,0.0011305613443255424,0.0011305613443255424,3.6716610338771716e-05,0.00016135734040290117,6.0203787143109366e-05,10.0,1.0,10.0
546.0,0.001125382725149393,0.001125382725149393,3.656410990515724e-05,0.00016057505854405463,5.9916656027780846e-05,10.0,1.0,10.0
547.0,0.0011202647583559155,0.0011202647583559155,3.641437433543615e-05,0.00015980849275365472,5.9631252952385694e-05,10.0,1.0,10.0
548.0,0.0011152049992233515,0.0011152049992233515,3.6266588722355664e-05,0.00015905604232102633,5.934831278864294e-05,10.0,1.0,10.0
549.0,0.0011102077551186085,0.0011102077551186085,3.61199417966418e-05,0.00015831805649213493,5.906902515562251e-05,10.0,1.0,10.0
550.0,0.0011052642948925495,0.0011052642948925495,3.5974466300103813e-05,0.0001575934438733384,5.879262607777491e-05,10.0,1.0,10.0
551.0,0.001100377645343542,0.001100377645343542,3.58306679117959e-05,0.00015688313578721136,5.8518788137007505e-05,10.0,1.0,10.0
552.0,0.0010955503676086664,0.0010955503676086664,3.568888132576831e-05,0.00015618633187841624,5.8247529523214325e-05,10.0,1.0,10.0
553.0,0.0010907769901677966,0.0010907769901677966,3.554933937266469e-05,0.00015550332318525761,5.797802805318497e-05,10.0,1.0,10.0
554.0,0.0010860562324523926,0.0010860562324523926,3.541065234458074e-05,0.0001548329892102629,5.771166615886614e-05,10.0,1.0,10.0
555.0,0.0010813884437084198,0.0010813884437084198,3.5273809771751985e-05,0.0001541762612760067,5.7447414292255417e-05,10.0,1.0,10.0
556.0,0.0010767760686576366,0.0010767760686576366,3.513816773192957e-05,0.0001535317860543728,5.718625834560953e-05,10.0,1.0,10.0
557.0,0.0010722128208726645,0.0010722128208726645,3.5004013625439256e-05,0.00015289972361642867,5.6927303376141936e-05,10.0,1.0,10.0
558.0,0.0010677031241357327,0.0010677031241357327,3.487159119686112e-05,0.00015227879339363426,5.6670844060136005e-05,10.0,1.0,10.0
559.0,0.0010632402263581753,0.0010632402263581753,3.4740674891509116e-05,0.00015167130914051086,5.641620737151243e-05,10.0,1.0,10.0
560.0,0.0010588294826447964,0.0010588294826447964,3.461136657278985e-05,0.00015107504441402853,5.616407725028694e-05,10.0,1.0,10.0
561.0,0.0010544698452576995,0.0010544698452576995,3.44834552379325e-05,0.0001504903193563223,5.591449735220522e-05,10.0,1.0,10.0
562.0,0.001050155027769506,0.001050155027769506,3.435627877479419e-05,0.00014991614443715662,5.566760592046194e-05,10.0,1.0,10.0
563.0,0.0010458892211318016,0.0010458892211318016,3.423035013838671e-05,0.0001493534364271909,5.5423221056116745e-05,10.0,1.0,10.0
564.0,0.001041668700054288,0.001041668700054288,3.410631325095892e-05,0.00014880165690556169,5.518038597074337e-05,10.0,1.0,10.0
565.0,0.0010374955600127578,0.0010374955600127578,3.398428816581145e-05,0.0001482612278778106,5.4939147958066314e-05,10.0,1.0,10.0
566.0,0.001033365959301591,0.001033365959301591,3.38630961778108e-05,0.00014773133443668485,5.470036558108404e-05,10.0,1.0,10.0
567.0,0.0010292830411344767,0.0010292830411344767,3.374210064066574e-05,0.0001472104777349159,5.446514842333272e-05,10.0,1.0,10.0
568.0,0.0010252438951283693,0.0010252438951283693,3.362303687026724e-05,0.0001467000402044505,5.423134280135855e-05,10.0,1.0,10.0
569.0,0.0010212482884526253,0.0010212482884526253,3.3505461033200845e-05,0.00014619930880144238,5.399943620432168e-05,10.0,1.0,10.0
570.0,0.0010172950569540262,0.0010172950569540262,3.338964233989827e-05,0.00014570933126378804,5.376892659114674e-05,10.0,1.0,10.0
571.0,0.0010133833857253194,0.0010133833857253194,3.327445301692933e-05,0.00014522793935611844,5.35410872544162e-05,10.0,1.0,10.0
572.0,0.0010095112957060337,0.0010095112957060337,3.315994399599731e-05,0.00014475511852651834,5.331567081157118e-05,10.0,1.0,10.0
573.0,0.0010056833270937204,0.0010056833270937204,3.3046693715732545e-05,0.00014429178554564714,5.3092455345904455e-05,10.0,1.0,10.0
574.0,0.0010018922621384263,0.0010018922621384263,3.293492773082107e-05,0.00014383799862116575,5.287049862090498e-05,10.0,1.0,10.0
575.0,0.0009981439216062427,0.0009981439216062427,3.282458055764437e-05,0.00014339272456709296,5.26505391462706e-05,10.0,1.0,10.0
576.0,0.0009944328339770436,0.0009944328339770436,3.271518289693631e-05,0.00014295606524683535,5.2432493248488754e-05,10.0,1.0,10.0
577.0,0.000990759814158082,0.000990759814158082,3.260679295635782e-05,0.00014252778782974929,5.221641549724154e-05,10.0,1.0,10.0
578.0,0.000987124745734036,0.000987124745734036,3.249925430282019e-05,0.00014210747031029314,5.200247323955409e-05,10.0,1.0,10.0
579.0,0.0009835268137976527,0.0009835268137976527,3.239278885303065e-05,0.00014169502537697554,5.179038998903707e-05,10.0,1.0,10.0
580.0,0.0009799660183489323,0.0009799660183489323,3.228721470804885e-05,0.0001412902056472376,5.158036219654605e-05,10.0,1.0,10.0
581.0,0.0009764397400431335,0.0009764397400431335,3.2182935683522373e-05,0.0001408935058861971,5.137168773217127e-05,10.0,1.0,10.0
582.0,0.0009729495504871011,0.0009729495504871011,3.20800427289214e-05,0.0001405049697495997,5.116441025165841e-05,10.0,1.0,10.0
583.0,0.0009694950422272086,0.0009694950422272086,3.197774640284479e-05,0.00014012298197485507,5.0959457439603284e-05,10.0,1.0,10.0
584.0,0.0009660744108259678,0.0009660744108259678,3.187599577358924e-05,0.00013974837202113122,5.075660737929866e-05,10.0,1.0,10.0
585.0,0.0009626860846765339,0.0009626860846765339,3.1775041861692443e-05,0.00013938015035819262,5.0555550842545927e-05,10.0,1.0,10.0
586.0,0.0009593342547304928,0.0009593342547304928,3.1675870559411123e-05,0.00013901949569117278,5.035560388932936e-05,10.0,1.0,10.0
587.0,0.0009560125763528049,0.0009560125763528049,3.1577710615238175e-05,0.00013866597146261483,5.01569447806105e-05,10.0,1.0,10.0
588.0,0.0009527236688882113,0.0009527236688882113,3.148015821352601e-05,0.00013831930118612945,4.9960275646299124e-05,10.0,1.0,10.0
589.0,0.0009494664845988154,0.0009494664845988154,3.138322790618986e-05,0.00013797871361020952,4.976554919267073e-05,10.0,1.0,10.0
590.0,0.0009462402667850256,0.0009462402667850256,3.128663229290396e-05,0.00013764339382760227,4.957305282005109e-05,10.0,1.0,10.0
591.0,0.0009430460631847382,0.0009430460631847382,3.119144821539521e-05,0.00013731482613366097,4.938167330692522e-05,10.0,1.0,10.0
592.0,0.0009398814290761948,0.0009398814290761948,3.1097475584829226e-05,0.0001369925303151831,4.919141429127194e-05,10.0,1.0,10.0
593.0,0.0009367461898364127,0.0009367461898364127,3.100456888205372e-05,0.00013667689927387983,4.9002359446603805e-05,10.0,1.0,10.0
594.0,0.0009336415678262711,0.0009336415678262711,3.0911956855561584e-05,0.00013636684161610901,4.881551649305038e-05,10.0,1.0,10.0
595.0,0.0009305640123784542,0.0009305640123784542,3.081995600950904e-05,0.00013606184802483767,4.863026333623566e-05,10.0,1.0,10.0
596.0,0.0009275150368921459,0.0009275150368921459,3.0728686397196725e-05,0.00013576234050560743,4.8446585424244404e-05,10.0,1.0,10.0
597.0,0.0009244960965588689,0.0009244960965588689,3.0638471798738465e-05,0.00013546881382353604,4.8264253564411774e-05,10.0,1.0,10.0
598.0,0.0009215021855197847,0.0009215021855197847,3.054872649954632e-05,0.00013517912884708494,4.808358062291518e-05,10.0,1.0,10.0
599.0,0.0009185374365188181,0.0009185374365188181,3.046002530027181e-05,0.00013489565753843635,4.7904155508149415e-05,10.0,1.0,10.0
600.0,0.0009155978914350271,0.0009155978914350271,3.0371968023246154e-05,0.0001346173812635243,4.772608008352108e-05,10.0,1.0,10.0
601.0,0.0009126842487603426,0.0009126842487603426,3.0284820240922272e-05,0.00013434482389129698,4.7549125156365335e-05,10.0,1.0,10.0
602.0,0.0009097954607568681,0.0009097954607568681,3.0198176318663172e-05,0.00013407610822468996,4.7373760025948286e-05,10.0,1.0,10.0
603.0,0.0009069347288459539,0.0009069347288459539,3.011218723258935e-05,0.00013381215103436261,4.7200072003761306e-05,10.0,1.0,10.0
604.0,0.0009040994336828589,0.0009040994336828589,3.0026934837223962e-05,0.000133551744511351,4.7027839173097163e-05,10.0,1.0,10.0
605.0,0.0009012859663926065,0.0009012859663926065,2.994250644405838e-05,0.0001332971587544307,4.685637395596132e-05,10.0,1.0,10.0
606.0,0.0008984986343421042,0.0008984986343421042,2.985845276270993e-05,0.00013304632739163935,4.6686778659932315e-05,10.0,1.0,10.0
607.0,0.0008957349928095937,0.0008957349928095937,2.9775077564409003e-05,0.00013280076382216066,4.651834751712158e-05,10.0,1.0,10.0
608.0,0.0008929948089644313,0.0008929948089644313,2.9692217140109278e-05,0.00013255883823148906,4.635138247977011e-05,10.0,1.0,10.0
609.0,0.0008902768022380769,0.0008902768022380769,2.961030804726761e-05,0.0001323205215157941,4.61853232991416e-05,10.0,1.0,10.0
610.0,0.0008875807980075479,0.0008875807980075479,2.9529352104873396e-05,0.0001320868614129722,4.602004264597781e-05,10.0,1.0,10.0
611.0,0.000884910230524838,0.000884910230524838,2.944844527519308e-05,0.00013185593707021326,4.5856981159886345e-05,10.0,1.0,10.0
612.0,0.0008822600357234478,0.0008822600357234478,2.9368186005740426e-05,0.00013162923278287053,4.5694891014136374e-05,10.0,1.0,10.0
613.0,0.0008796307956799865,0.0008796307956799865,2.9287964935065247e-05,0.0001314063265454024,4.553448161459528e-05,10.0,1.0,10.0
614.0,0.0008770248387008905,0.0008770248387008905,2.9209282729425468e-05,0.00013118718925397843,4.537448694463819e-05,10.0,1.0,10.0
615.0,0.0008744373335503042,0.0008744373335503042,2.9130736947990954e-05,0.00013097164628561586,4.521583468886092e-05,10.0,1.0,10.0
616.0,0.0008718710159882903,0.0008718710159882903,2.905317523982376e-05,0.00013075981405563653,4.505794640863314e-05,10.0,1.0,10.0
617.0,0.0008693266427144408,0.0008693266427144408,2.8975689929211512e-05,0.00013055095041636378,4.4901880755787715e-05,10.0,1.0,10.0
618.0,0.0008668000809848309,0.0008668000809848309,2.88983756036032e-05,0.00013034464791417122,4.474716479307972e-05,10.0,1.0,10.0
619.0,0.0008642959292046726,0.0008642959292046726,2.8822061722166836e-05,0.00013014176511205733,4.459335468709469e-05,10.0,1.0,10.0
620.0,0.0008618093561381102,0.0008618093561381102,2.8746559110004455e-05,0.00012994222925044596,4.444015212357044e-05,10.0,1.0,10.0
621.0,0.0008593410602770746,0.0008593410602770746,2.8671171094174497e-05,0.00012974507990293205,4.4288426579441875e-05,10.0,1.0,10.0
622.0,0.0008568931953050196,0.0008568931953050196,2.8595883122761734e-05,0.0001295516121899709,4.413827628013678e-05,10.0,1.0,10.0
623.0,0.0008544636075384915,0.0008544636075384915,2.8521233616629615e-05,0.0001293607783736661,4.3989050027448684e-05,10.0,1.0,10.0
624.0,0.0008520513656549156,0.0008520513656549156,2.8447953809518367e-05,0.00012917339336127043,4.383984560263343e-05,10.0,1.0,10.0
625.0,0.000849657051730901,0.000849657051730901,2.8375025067362003e-05,0.00012898817658424377,4.369186353869736e-05,10.0,1.0,10.0
626.0,0.0008472824702039361,0.0008472824702039361,2.830199446179904e-05,0.00012880488066002727,4.354576958576217e-05,10.0,1.0,10.0
627.0,0.000844923488330096,0.000844923488330096,2.8228814699104987e-05,0.00012862404400948435,4.3401127186371014e-05,10.0,1.0,10.0
628.0,0.0008425781852565706,0.0008425781852565706,2.815663356159348e-05,0.00012844629236496985,4.325655390857719e-05,10.0,1.0,10.0
629.0,0.0008402540115639567,0.0008402540115639567,2.8085418307455257e-05,0.0001282711891690269,4.311286465963349e-05,10.0,1.0,10.0
630.0,0.0008379470673389733,0.0008379470673389733,2.8014408599119633e-05,0.00012809775944333524,4.29705178248696e-05,10.0,1.0,10.0
631.0,0.000835652812384069,0.000835652812384069,2.7943420718656853e-05,0.00012792664347216487,4.282919690012932e-05,10.0,1.0,10.0
632.0,0.0008333780569955707,0.0008333780569955707,2.787307312246412e-05,0.00012775787035934627,4.268894190317951e-05,10.0,1.0,10.0
633.0,0.000831116340123117,0.000831116340123117,2.7803420380223542e-05,0.00012759253149852157,4.2548963392619044e-05,10.0,1.0,10.0
634.0,0.0008288719691336155,0.0008288719691336155,2.773363667074591e-05,0.00012742751277983189,4.2410811147419736e-05,10.0,1.0,10.0
635.0,0.0008266405202448368,0.0008266405202448368,2.7664320441544987e-05,0.00012726447312161326,4.227328463457525e-05,10.0,1.0,10.0
636.0,0.0008244275231845677,0.0008244275231845677,2.7595897336141206e-05,0.00012710386363323778,4.213646752759814e-05,10.0,1.0,10.0
637.0,0.0008222264004871249,0.0008222264004871249,2.75276142929215e-05,0.00012694562610704452,4.2000465327873826e-05,10.0,1.0,10.0
638.0,0.0008200429729185998,0.0008200429729185998,2.745971505646594e-05,0.000126788901980035,4.1865692764986306e-05,10.0,1.0,10.0
639.0,0.0008178710122592747,0.0008178710122592747,2.7391732146497816e-05,0.00012663388042710721,4.173197885393165e-05,10.0,1.0,10.0
640.0,0.000815714243799448,0.000815714243799448,2.732477332756389e-05,0.00012648061965592206,4.159858508501202e-05,10.0,1.0,10.0
641.0,0.0008135713287629187,0.0008135713287629187,2.7257834517513402e-05,0.00012632881407625973,4.146641731495038e-05,10.0,1.0,10.0
642.0,0.0008114412776194513,0.0008114412776194513,2.719134499784559e-05,0.00012617840548045933,4.133494076086208e-05,10.0,1.0,10.0
643.0,0.0008093270589597523,0.0008093270589597523,2.712531204451807e-05,0.00012603019422385842,4.120437733945437e-05,10.0,1.0,10.0
644.0,0.0008072220953181386,0.0008072220953181386,2.705892620724626e-05,0.00012588335084728897,4.1074948967434466e-05,10.0,1.0,10.0
645.0,0.0008051334880292416,0.0008051334880292416,2.6993593564839102e-05,0.0001257382391486317,4.094592804904096e-05,10.0,1.0,10.0
646.0,0.0008030567551031709,0.0008030567551031709,2.6928670195047744e-05,0.00012559405877254903,4.0817601984599605e-05,10.0,1.0,10.0
647.0,0.0008009945740923285,0.0008009945740923285,2.6863875973504037e-05,0.00012545121717266738,4.0690461901249364e-05,10.0,1.0,10.0
648.0,0.000798942637629807,0.000798942637629807,2.6799109036801383e-05,0.00012530951062217355,4.0564205846749246e-05,10.0,1.0,10.0
649.0,0.0007969034486450255,0.0007969034486450255,2.6734562197816558e-05,0.00012516982678789645,4.043880107928999e-05,10.0,1.0,10.0
650.0,0.0007948764250613749,0.0007948764250613749,2.6670741135603748e-05,0.00012503174366429448,4.0313727367902175e-05,10.0,1.0,10.0
651.0,0.0007928605191409588,0.0007928605191409588,2.660733116499614e-05,0.0001248941698577255,4.0189301216742024e-05,10.0,1.0,10.0
652.0,0.0007908563129603863,0.0007908563129603863,2.654423951753415e-05,0.00012475710536818951,4.0065686334855855e-05,10.0,1.0,10.0
653.0,0.0007888650870881975,0.0007888650870881975,2.6481062377570197e-05,0.00012462174345273525,3.9943271985976025e-05,10.0,1.0,10.0
654.0,0.0007868849206715822,0.0007868849206715822,2.6418198103783652e-05,0.00012448750203475356,3.982154157711193e-05,10.0,1.0,10.0
655.0,0.0007849161047488451,0.0007849161047488451,2.6355508452979848e-05,0.00012435468670446426,3.9700636989437044e-05,10.0,1.0,10.0
656.0,0.0007829573005437851,0.0007829573005437851,2.6293300834367983e-05,0.00012422236613929272,3.958019078709185e-05,10.0,1.0,10.0
657.0,0.0007810093811713159,0.0007810093811713159,2.623190994199831e-05,0.00012409187911543995,3.945983917219564e-05,10.0,1.0,10.0
658.0,0.0007790745003148913,0.0007790745003148913,2.617008431116119e-05,0.00012396111560519785,3.9341251977020875e-05,10.0,1.0,10.0
659.0,0.000777147535700351,0.000777147535700351,2.6108096790267155e-05,0.00012383097782731056,3.922355972463265e-05,10.0,1.0,10.0
660.0,0.0007752306410111487,0.0007752306410111487,2.6046949642477557e-05,0.00012370255717542022,3.9105856558308005e-05,10.0,1.0,10.0
661.0,0.0007733259117230773,0.0007733259117230773,2.598718856461346e-05,0.00012357579544186592,3.8987822335911915e-05,10.0,1.0,10.0
662.0,0.0007714319508522749,0.0007714319508522749,2.5926610760507174e-05,0.0001234495430253446,3.887163256877102e-05,10.0,1.0,10.0
663.0,0.0007695454987697303,0.0007695454987697303,2.5865530915325508e-05,0.00012332315964158624,3.8756705180276185e-05,10.0,1.0,10.0
664.0,0.000767669640481472,0.000767669640481472,2.5804725737543777e-05,0.0001231969363288954,3.864254540530965e-05,10.0,1.0,10.0
665.0,0.0007658037357032299,0.0007658037357032299,2.5745099264895543e-05,0.00012307142606005073,3.852813097182661e-05,10.0,1.0,10.0
666.0,0.0007639499963261187,0.0007639499963261187,2.568639683886431e-05,0.000122948651551269,3.841373836621642e-05,10.0,1.0,10.0
667.0,0.0007621014956384897,0.0007621014956384897,2.562695044616703e-05,0.00012282567331567407,3.830063360510394e-05,10.0,1.0,10.0
668.0,0.0007602640544064343,0.0007602640544064343,2.556732033553999e-05,0.00012270297156646848,3.818878758465871e-05,10.0,1.0,10.0
669.0,0.0007584355771541595,0.0007584355771541595,2.550836325099226e-05,0.00012258095375727862,3.807709799730219e-05,10.0,1.0,10.0
670.0,0.0007566154235973954,0.0007566154235973954,2.5449407985433936e-05,0.0001224586449097842,3.796627061092295e-05,10.0,1.0,10.0
671.0,0.0007548045250587165,0.0007548045250587165,2.5391173039679416e-05,0.00012233748566359282,3.7855530536035076e-05,10.0,1.0,10.0
672.0,0.0007530031143687665,0.0007530031143687665,2.5333165467600338e-05,0.0001222169812535867,3.774544893531129e-05,10.0,1.0,10.0
673.0,0.0007512092124670744,0.0007512092124670744,2.5274730433011428e-05,0.00012209707347210497,3.763648419408128e-05,10.0,1.0,10.0
674.0,0.0007494260789826512,0.0007494260789826512,2.5216777430614457e-05,0.00012197793694213033,3.752803968382068e-05,10.0,1.0,10.0
675.0,0.0007476491155102849,0.0007476491155102849,2.5159064534818754e-05,0.00012185875675641,3.741997352335602e-05,10.0,1.0,10.0
676.0,0.0007458798936568201,0.0007458798936568201,2.5101897335844114e-05,0.00012174069706816226,3.731202377821319e-05,10.0,1.0,10.0
677.0,0.000744120916351676,0.000744120916351676,2.5044926587725058e-05,0.00012162217171862721,3.720494714798406e-05,10.0,1.0,10.0
678.0,0.0007423681672662497,0.0007423681672662497,2.498735921108164e-05,0.00012150349357398227,3.7099111068528146e-05,10.0,1.0,10.0
679.0,0.0007406249642372131,0.0007406249642372131,2.4930512154242024e-05,0.00012138571764808148,3.69934132322669e-05,10.0,1.0,10.0
680.0,0.0007388882804661989,0.0007388882804661989,2.4873925212887116e-05,0.00012126954970881343,3.6887948226649314e-05,10.0,1.0,10.0
681.0,0.0007371604442596436,0.0007371604442596436,2.481746741977986e-05,0.00012115278514102101,3.678329449030571e-05,10.0,1.0,10.0
682.0,0.0007354388944804668,0.0007354388944804668,2.476119698258117e-05,0.00012103638437110931,3.667905548354611e-05,10.0,1.0,10.0
683.0,0.0007337259594351053,0.0007337259594351053,2.4705217583687045e-05,0.00012091953249182552,3.6575424019247293e-05,10.0,1.0,10.0
684.0,0.0007320214062929153,0.0007320214062929153,2.4649400074849837e-05,0.0001208032772410661,3.6472411011345685e-05,10.0,1.0,10.0
685.0,0.0007303220336325467,0.0007303220336325467,2.459334245941136e-05,0.00012068716750945896,3.637014378909953e-05,10.0,1.0,10.0
686.0,0.0007286305190064013,0.0007286305190064013,2.453759589116089e-05,0.00012057179264957085,3.6268276744522154e-05,10.0,1.0,10.0
687.0,0.0007269465713761747,0.0007269465713761747,2.448232044116594e-05,0.00012045704352203757,3.616663161665201e-05,10.0,1.0,10.0
688.0,0.0007252688519656658,0.0007252688519656658,2.4427668904536404e-05,0.00012034257815685123,3.606496102293022e-05,10.0,1.0,10.0
689.0,0.0007235987577587366,0.0007235987577587366,2.4372317056986503e-05,0.00012022731971228495,3.596482565626502e-05,10.0,1.0,10.0
690.0,0.0007219361723400652,0.0007219361723400652,2.4317099814652465e-05,0.0001201118211611174,3.5865334211848676e-05,10.0,1.0,10.0
691.0,0.0007202805136330426,0.0007202805136330426,2.4262626538984478e-05,0.00011999713751720265,3.576571180019528e-05,10.0,1.0,10.0
692.0,0.000718630151823163,0.000718630151823163,2.4208315153373405e-05,0.00011988264304818586,3.566643863450736e-05,10.0,1.0,10.0
693.0,0.000716986833140254,0.000716986833140254,2.415408380329609e-05,0.00011976854148088023,3.5567747545428574e-05,10.0,1.0,10.0
694.0,0.0007153494516387582,0.0007153494516387582,2.4099386791931465e-05,0.00011965446901740506,3.547011147020385e-05,10.0,1.0,10.0
695.0,0.0007137204520404339,0.0007137204520404339,2.4045175450737588e-05,0.00011954033107031137,3.537283919285983e-05,10.0,1.0,10.0
696.0,0.0007120959344319999,0.0007120959344319999,2.3991566195036285e-05,0.00011942646960960701,3.527537774061784e-05,10.0,1.0,10.0
697.0,0.0007104785181581974,0.0007104785181581974,2.3938186131999828e-05,0.00011931266635656357,3.51784001395572e-05,10.0,1.0,10.0
698.0,0.0007088669808581471,0.0007088669808581471,2.3884669644758105e-05,0.00011919838289031759,3.508219379000366e-05,10.0,1.0,10.0
699.0,0.0007072616135701537,0.0007072616135701537,2.3830443751649e-05,0.0001190840412164107,3.498731894069351e-05,10.0,1.0,10.0
700.0,0.0007056620670482516,0.0007056620670482516,2.3777158276061527e-05,0.00011897042713826522,3.489200753392652e-05,10.0,1.0,10.0
701.0,0.0007040694472379982,0.0007040694472379982,2.3724503989797086e-05,0.00011885720596183091,3.479672159301117e-05,10.0,1.0,10.0
702.0,0.0007024817168712616,0.0007024817168712616,2.3672000679653138e-05,0.00011874386109411716,3.47017812600825e-05,10.0,1.0,10.0
703.0,0.0007009000983089209,0.0007009000983089209,2.361834776820615e-05,0.00011862946121254936,3.4608718124218285e-05,10.0,1.0,10.0
704.0,0.0006993244169279933,0.0006993244169279933,2.3565311494166963e-05,0.00011851551244035363,3.4515574952820316e-05,10.0,1.0,10.0
705.0,0.0006977558368816972,0.0006977558368816972,2.351353941776324e-05,0.00011840203660540283,3.442183879087679e-05,10.0,1.0,10.0
706.0,0.0006961905164644122,0.0006961905164644122,2.3461529053747654e-05,0.00011828864080598578,3.432865923969075e-05,10.0,1.0,10.0
707.0,0.0006946322973817587,0.0006946322973817587,2.3408372726407833e-05,0.0001181744592031464,3.4237415093230084e-05,10.0,1.0,10.0
708.0,0.0006930793169885874,0.0006930793169885874,2.3355976736638695e-05,0.00011806043039541692,3.4145909012295306e-05,10.0,1.0,10.0
709.0,0.0006915312260389328,0.0006915312260389328,2.3304488422581926e-05,0.0001179471510113217,3.4053919080179185e-05,10.0,1.0,10.0
710.0,0.0006899890722706914,0.0006899890722706914,2.3253031031345017e-05,0.00011783350782934576,3.3962529414566234e-05,10.0,1.0,10.0
711.0,0.0006884526228532195,0.0006884526228532195,2.3200655050459318e-05,0.0001177191807073541,3.38726858899463e-05,10.0,1.0,10.0
712.0,0.000686920655425638,0.000686920655425638,2.314887569809798e-05,0.000117605144623667,3.3782675018301234e-05,10.0,1.0,10.0
713.0,0.0006853935192339122,0.0006853935192339122,2.3097700250218622e-05,0.00011749142868211493,3.3692507713567466e-05,10.0,1.0,10.0
714.0,0.0006838731933385134,0.0006838731933385134,2.3046884962241165e-05,0.00011737734894268215,3.3602704206714407e-05,10.0,1.0,10.0
715.0,0.0006823577568866313,0.0006823577568866313,2.2995451217866503e-05,0.00011726267985068262,3.3514057577122e-05,10.0,1.0,10.0
716.0,0.0006808445905335248,0.0006808445905335248,2.294375553901773e-05,0.00011714833090081811,3.34258729708381e-05,10.0,1.0,10.0
717.0,0.0006793406791985035,0.0006793406791985035,2.289320582349319e-05,0.0001170345421996899,3.3337404602207243e-05,10.0,1.0,10.0
718.0,0.0006778388051316142,0.0006778388051316142,2.2842821636004373e-05,0.00011692063708323985,3.324899807921611e-05,10.0,1.0,10.0
719.0,0.0006763429846614599,0.0006763429846614599,2.2791764422436245e-05,0.00011680590978357941,3.316194488434121e-05,10.0,1.0,10.0
720.0,0.0006748519372195005,0.0006748519372195005,2.2740880012861453e-05,0.0001166907895822078,3.307523365947418e-05,10.0,1.0,10.0
721.0,0.0006733656045980752,0.0006733656045980752,2.2690624973620288e-05,0.00011657606228254735,3.298832962173037e-05,10.0,1.0,10.0
722.0,0.0006718833465129137,0.0006718833465129137,2.264042450406123e-05,0.00011646126949926838,3.290178574388847e-05,10.0,1.0,10.0
723.0,0.00067040731664747,0.00067040731664747,2.259033681184519e-05,0.00011634642578428611,3.281575482105836e-05,10.0,1.0,10.0
724.0,0.0006689339061267674,0.0006689339061267674,2.2539792553288862e-05,0.00011623144382610917,3.2730451493989676e-05,10.0,1.0,10.0
725.0,0.0006674659671261907,0.0006674659671261907,2.2490079572889954e-05,0.00011611640366027132,3.2644878956489265e-05,10.0,1.0,10.0
726.0,0.0006660042563453317,0.0006660042563453317,2.2440613975049928e-05,0.0001160010215244256,3.255971023463644e-05,10.0,1.0,10.0
727.0,0.0006645461544394493,0.0006645461544394493,2.239066088804975e-05,0.0001158857048721984,3.247538552386686e-05,10.0,1.0,10.0
728.0,0.0006630904390476644,0.0006630904390476644,2.234039675386157e-05,0.00011576979159144685,3.239166835555807e-05,10.0,1.0,10.0
729.0,0.0006616407190449536,0.0006616407190449536,2.2290960259852e-05,0.00011565422755666077,3.230768925277516e-05,10.0,1.0,10.0
730.0,0.0006601955974474549,0.0006601955974474549,2.224219133495353e-05,0.00011553865624591708,3.222350278520025e-05,10.0,1.0,10.0
731.0,0.0006587558309547603,0.0006587558309547603,2.219304042228032e-05,0.00011542224820004776,3.2140316761797294e-05,10.0,1.0,10.0
732.0,0.0006573200225830078,0.0006573200225830078,2.2143694877740927e-05,0.00011530636402312666,3.2057669159257784e-05,10.0,1.0,10.0
733.0,0.0006558870081789792,0.0006558870081789792,2.2094065570854582e-05,0.00011518990504555404,3.197564365109429e-05,10.0,1.0,10.0
734.0,0.0006544603384099901,0.0006544603384099901,2.204510929004755e-05,0.0001150737953139469,3.189354174537584e-05,10.0,1.0,10.0
735.0,0.0006530354730784893,0.0006530354730784893,2.199688969994895e-05,0.0001149573945440352,3.181091960868798e-05,10.0,1.0,10.0
736.0,0.0006516167195513844,0.0006516167195513844,2.1948639187030494e-05,0.00011484091373858973,3.172893775627017e-05,10.0,1.0,10.0
737.0,0.0006502014584839344,0.0006502014584839344,2.1899180865148082e-05,0.0001147235234384425,3.1648611184209585e-05,10.0,1.0,10.0
738.0,0.0006487901555374265,0.0006487901555374265,2.185022458434105e-05,0.00011460614041425288,3.156817547278479e-05,10.0,1.0,10.0
739.0,0.0006473830435425043,0.0006473830435425043,2.1802217816002667e-05,0.00011448940495029092,3.1487143132835627e-05,10.0,1.0,10.0
740.0,0.0006459798896685243,0.0006459798896685243,2.1754482077085413e-05,0.00011437234934419394,3.140627086395398e-05,10.0,1.0,10.0
741.0,0.0006445813924074173,0.0006445813924074173,2.1706566258217208e-05,0.00011425497359596193,3.1326078897109255e-05,10.0,1.0,10.0
742.0,0.0006431860383599997,0.0006431860383599997,2.1657779143424705e-05,0.00011413771426305175,3.124705472146161e-05,10.0,1.0,10.0
743.0,0.0006417959812097251,0.0006417959812097251,2.1609332179650664e-05,0.00011401941446820274,3.116832522209734e-05,10.0,1.0,10.0
744.0,0.0006404077867045999,0.0006404077867045999,2.1561974790529348e-05,0.00011390144936740398,3.1088657124200836e-05,10.0,1.0,10.0
745.0,0.000639024714473635,0.000639024714473635,2.1515013941098005e-05,0.0001137835715780966,3.1009101803647354e-05,10.0,1.0,10.0
746.0,0.0006376456003636122,0.0006376456003636122,2.1466710677486844e-05,0.00011366531543899328,3.0931321816751733e-05,10.0,1.0,10.0
747.0,0.0006362698622979224,0.0006362698622979224,2.1418547476059757e-05,0.00011354675370967016,3.0853763746563345e-05,10.0,1.0,10.0
748.0,0.0006348984315991402,0.0006348984315991402,2.1371357433963567e-05,0.00011342874495312572,3.07756126858294e-05,10.0,1.0,10.0
749.0,0.0006335297366604209,0.0006335297366604209,2.132474946847651e-05,0.00011331006680848077,3.069722151849419e-05,10.0,1.0,10.0
750.0,0.0006321670953184366,0.0006321670953184366,2.1277519408613443e-05,0.00011319080658722669,3.062011091969907e-05,10.0,1.0,10.0
751.0,0.0006308059673756361,0.0006308059673756361,2.1229905541986227e-05,0.00011307212844258174,3.054348053410649e-05,10.0,1.0,10.0
752.0,0.0006294511258602142,0.0006294511258602142,2.1182397176744416e-05,0.00011295243893982843,3.046747406187933e-05,10.0,1.0,10.0
753.0,0.0006280953530222178,0.0006280953530222178,2.1135818315087818e-05,0.0001128336662077345,3.039034709217958e-05,10.0,1.0,10.0
754.0,0.0006267474964261055,0.0006267474964261055,2.1089692381792702e-05,0.00011271497351117432,3.0313563911477104e-05,10.0,1.0,10.0
755.0,0.0006254017353057861,0.0006254017353057861,2.1042544176452793e-05,0.00011259477469138801,3.0238155886763707e-05,10.0,1.0,10.0
756.0,0.0006240584189072251,0.0006240584189072251,2.0995468730689026e-05,0.00011247451766394079,3.016292248503305e-05,10.0,1.0,10.0
757.0,0.0006227206904441118,0.0006227206904441118,2.0948955352650955e-05,0.00011235446436330676,3.0087669074418955e-05,10.0,1.0,10.0
758.0,0.0006213866290636361,0.0006213866290636361,2.0903033146169037e-05,0.00011223497131140903,3.0012131901457906e-05,10.0,1.0,10.0
759.0,0.0006200544885359704,0.0006200544885359704,2.0856770788668655e-05,0.0001121147652156651,2.9937200451968238e-05,10.0,1.0,10.0
760.0,0.0006187265971675515,0.0006187265971675515,2.081032289424911e-05,0.00011199453729204834,2.9862882001907565e-05,10.0,1.0,10.0
761.0,0.0006174021400511265,0.0006174021400511265,2.0763724023709074e-05,0.00011187413474544883,2.978907650685869e-05,10.0,1.0,10.0
762.0,0.0006160818156786263,0.0006160818156786263,2.0718007363029756e-05,0.00011175337567692623,2.971483627334237e-05,10.0,1.0,10.0
763.0,0.0006147637031972408,0.0006147637031972408,2.0672272512456402e-05,0.00011163216549903154,2.9640881621162407e-05,10.0,1.0,10.0
764.0,0.0006134493742138147,0.0006134493742138147,2.0626603145501576e-05,0.00011151140643050894,2.9567188903456554e-05,10.0,1.0,10.0
765.0,0.0006121383048593998,0.0006121383048593998,2.058040990959853e-05,0.00011139015259686857,2.949440386146307e-05,10.0,1.0,10.0
766.0,0.0006108317174948752,0.0006108317174948752,2.053461503237486e-05,0.00011126918980153278,2.942163700936362e-05,10.0,1.0,10.0
767.0,0.0006095271673984826,0.0006095271673984826,2.0489445887506008e-05,0.00011114779044874012,2.9348491807468235e-05,10.0,1.0,10.0
768.0,0.0006082267500460148,0.0006082267500460148,2.0444615074666217e-05,0.00011102703138021752,2.9275359338498674e-05,10.0,1.0,10.0
769.0,0.0006069284863770008,0.0006069284863770008,2.0398638298502192e-05,0.00011090489715570584,2.9203722078818828e-05,10.0,1.0,10.0
770.0,0.000605633482336998,0.000605633482336998,2.0352772480691783e-05,0.00011078258830821142,2.913231946877204e-05,10.0,1.0,10.0
771.0,0.0006043449975550175,0.0006043449975550175,2.030770519922953e-05,0.00011066056322306395,2.9060740416753106e-05,10.0,1.0,10.0
772.0,0.0006030574440956116,0.0006030574440956116,2.0263400074327365e-05,0.00011053902562707663,2.898844104493037e-05,10.0,1.0,10.0
773.0,0.0006017741397954524,0.0006017741397954524,2.021864929702133e-05,0.00011041767720598727,2.8916994779137895e-05,10.0,1.0,10.0
774.0,0.0006004918832331896,0.0006004918832331896,2.017311089730356e-05,0.000110294931801036,2.884658897528425e-05,10.0,1.0,10.0
775.0,0.0005992139340378344,0.0005992139340378344,2.0127976313233376e-05,0.00011017190990969539,2.8776226827176288e-05,10.0,1.0,10.0
776.0,0.0005979398265480995,0.0005979398265480995,2.0083916751900688e-05,0.00011004917178070173,2.8705149816232733e-05,10.0,1.0,10.0
777.0,0.0005966690368950367,0.0005966690368950367,2.003956979024224e-05,0.00010992648458341137,2.8634685804718174e-05,10.0,1.0,10.0
778.0,0.0005954006337560713,0.0005954006337560713,1.9994633476017043e-05,0.00010980357183143497,2.8565073080244474e-05,10.0,1.0,10.0
779.0,0.0005941339768469334,0.0005941339768469334,1.994971535168588e-05,0.00010968096466967836,2.8495584047050215e-05,10.0,1.0,10.0
780.0,0.0005928736063651741,0.0005928736063651741,1.990597229450941e-05,0.000109558277472388,2.8425560230971314e-05,10.0,1.0,10.0
781.0,0.0005916138761676848,0.0005916138761676848,1.9862134649883956e-05,0.00010943564120680094,2.8355687391012907e-05,10.0,1.0,10.0
782.0,0.0005903576966375113,0.0005903576966375113,1.9817687643808313e-05,0.00010931176802841946,2.828690776368603e-05,10.0,1.0,10.0
783.0,0.0005891056498512626,0.0005891056498512626,1.9773273379541934e-05,0.0001091876911232248,2.8218522857059725e-05,10.0,1.0,10.0
784.0,0.0005878559313714504,0.0005878559313714504,1.9729228370124474e-05,0.00010906376701314002,2.8149983336334117e-05,10.0,1.0,10.0
785.0,0.0005866090068593621,0.0005866090068593621,1.968562719412148e-05,0.00010894034494413063,2.8081238269805908e-05,10.0,1.0,10.0
786.0,0.0005853660404682159,0.0005853660404682159,1.9642426195787266e-05,0.00010881738853640854,2.80124422715744e-05,10.0,1.0,10.0
787.0,0.0005841262172907591,0.0005841262172907591,1.9598437575041316e-05,0.00010869382822420448,2.7944803150603548e-05,10.0,1.0,10.0
788.0,0.0005828880821354687,0.0005828880821354687,1.9554314349079505e-05,0.00010856955486815423,2.787754056043923e-05,10.0,1.0,10.0
789.0,0.0005816533230245113,0.0005816533230245113,1.951123158505652e-05,0.00010844559437828138,2.780953946057707e-05,10.0,1.0,10.0
790.0,0.0005804232787340879,0.0005804232787340879,1.9468267055344768e-05,0.00010832119005499408,2.77419421763625e-05,10.0,1.0,10.0
791.0,0.0005791939911432564,0.0005791939911432564,1.9424564015935175e-05,0.00010819640010595322,2.7675194360199384e-05,10.0,1.0,10.0
792.0,0.0005779683124274015,0.0005779683124274015,1.9380860976525582e-05,0.00010807185026351362,2.760878487606533e-05,10.0,1.0,10.0
793.0,0.0005767465336248279,0.0005767465336248279,1.9338367565069348e-05,0.00010794808622449636,2.7541474992176518e-05,10.0,1.0,10.0
794.0,0.0005755265010520816,0.0005755265010520816,1.9295617676107213e-05,0.00010782388562802225,2.7474641683511436e-05,10.0,1.0,10.0
795.0,0.0005743098445236683,0.0005743098445236683,1.9252544007031247e-05,0.00010769951768452302,2.740848867688328e-05,10.0,1.0,10.0
796.0,0.000573095225263387,0.000573095225263387,1.920916110975668e-05,0.00010757435666164383,2.7342925022821873e-05,10.0,1.0,10.0
797.0,0.0005718846223317087,0.0005718846223317087,1.916605106089264e-05,0.00010744869359768927,2.727754326770082e-05,10.0,1.0,10.0
798.0,0.0005706765223294497,0.0005706765223294497,1.912430343509186e-05,0.00010732439841376618,2.7210911866859533e-05,10.0,1.0,10.0
799.0,0.0005694720894098282,0.0005694720894098282,1.908192461996805e-05,0.00010719959391281009,2.7145326384925283e-05,10.0,1.0,10.0
800.0,0.000568268122151494,0.000568268122151494,1.9039129256270826e-05,0.00010707503679441288,2.7080182917416096e-05,10.0,1.0,10.0
801.0,0.0005670702084898949,0.0005670702084898949,1.8996095604961738e-05,0.00010694919183151796,2.7016007152269594e-05,10.0,1.0,10.0
802.0,0.0005658728769049048,0.0005658728769049048,1.8954106053570285e-05,0.00010682409629225731,2.695077273529023e-05,10.0,1.0,10.0
803.0,0.0005646791541948915,0.0005646791541948915,1.891259671538137e-05,0.00010669913899619132,2.68854018941056e-05,10.0,1.0,10.0
804.0,0.0005634883418679237,0.0005634883418679237,1.8870210624299943e-05,0.00010657384700607508,2.682124249986373e-05,10.0,1.0,10.0
805.0,0.0005623006727546453,0.0005623006727546453,1.882757896964904e-05,0.00010644795838743448,2.6757692467072047e-05,10.0,1.0,10.0
806.0,0.000561114982701838,0.000561114982701838,1.8785576685331762e-05,0.00010632250632625073,2.669367313501425e-05,10.0,1.0,10.0
807.0,0.0005599314463324845,0.0005599314463324845,1.874446024885401e-05,0.00010619724343996495,2.66289589490043e-05,10.0,1.0,10.0
808.0,0.0005587526829913259,0.0005587526829913259,1.8703074601944536e-05,0.0001060717404470779,2.6565023290459067e-05,10.0,1.0,10.0
809.0,0.0005575747927650809,0.0005575747927650809,1.866067213995848e-05,0.00010594570630928501,2.6502231776248664e-05,10.0,1.0,10.0
810.0,0.0005564016755670309,0.0005564016755670309,1.8618722606333904e-05,0.00010582012328086421,2.6439432986080647e-05,10.0,1.0,10.0
811.0,0.0005552296061068773,0.0005552296061068773,1.857736788224429e-05,0.00010569434380158782,2.6376153982710093e-05,10.0,1.0,10.0
812.0,0.000554061378352344,0.000554061378352344,1.853649882832542e-05,0.00010556879715295509,2.6312754926038906e-05,10.0,1.0,10.0
813.0,0.0005528955953195691,0.0005528955953195691,1.8495349650038406e-05,0.00010544300312176347,2.6249908842146397e-05,10.0,1.0,10.0
814.0,0.0005517322570085526,0.0005517322570085526,1.8453643860993907e-05,0.00010531657608225942,2.618792677822057e-05,10.0,1.0,10.0
815.0,0.0005505717708729208,0.0005505717708729208,1.8412512872600928e-05,0.0001051908329827711,2.612558273540344e-05,10.0,1.0,10.0
816.0,0.0005494137294590473,0.0005494137294590473,1.8371778423897922e-05,0.00010506471153348684,2.6063124096253887e-05,10.0,1.0,10.0
817.0,0.0005482577253133059,0.0005482577253133059,1.8330880266148597e-05,0.00010493857553228736,2.600103289296385e-05,10.0,1.0,10.0
818.0,0.0005471056792885065,0.0005471056792885065,1.8289756553713232e-05,0.0001048124540830031,2.593956196506042e-05,10.0,1.0,10.0
819.0,0.000545956427231431,0.000545956427231431,1.824873652367387e-05,0.00010468649270478636,2.5878258384182118e-05,10.0,1.0,10.0
820.0,0.0005448089214041829,0.0005448089214041829,1.820818033593241e-05,0.00010456034215167165,2.581668013590388e-05,10.0,1.0,10.0
821.0,0.0005436645587906241,0.0005436645587906241,1.8167975213145837e-05,0.00010443472274346277,2.5755005481187254e-05,10.0,1.0,10.0
822.0,0.0005425212439149618,0.0005425212439149618,1.8127391740563326e-05,0.00010430807014927268,2.5693929273984395e-05,10.0,1.0,10.0
823.0,0.000541383633390069,0.000541383633390069,1.8086782802129164e-05,0.00010418133751954883,2.563344605732709e-05,10.0,1.0,10.0
824.0,0.0005402457900345325,0.0005402457900345325,1.8046159311779775e-05,0.00010405464854557067,2.557295374572277e-05,10.0,1.0,10.0
825.0,0.00053911202121526,0.00053911202121526,1.8006034224526957e-05,0.00010392846161266789,2.5512319552944973e-05,10.0,1.0,10.0
826.0,0.0005379815120249987,0.0005379815120249987,1.7966391169466078e-05,0.00010380297317169607,2.5451459805481136e-05,10.0,1.0,10.0
827.0,0.000536852516233921,0.000536852516233921,1.7926138752955012e-05,0.00010367687355028465,2.5391424060217105e-05,10.0,1.0,10.0
828.0,0.0005357265472412109,0.0005357265472412109,1.7885891793412156e-05,0.0001035501918522641,2.5331746655865572e-05,10.0,1.0,10.0
829.0,0.000534603837877512,0.000534603837877512,1.7846063201432116e-05,0.00010342313908040524,2.5272009224863723e-05,10.0,1.0,10.0
830.0,0.0005334831075742841,0.0005334831075742841,1.780647835403215e-05,0.0001032963627949357,2.521219357731752e-05,10.0,1.0,10.0
831.0,0.0005323648219928145,0.0005323648219928145,1.7766749806469306e-05,0.00010317002306692302,2.5152730813715607e-05,10.0,1.0,10.0
832.0,0.0005312481080181897,0.0005312481080181897,1.772718496795278e-05,0.00010304432362318039,2.509319529053755e-05,10.0,1.0,10.0
833.0,0.0005301351193338633,0.0005301351193338633,1.7687338186078705e-05,0.00010291783110005781,2.5034394639078528e-05,10.0,1.0,10.0
834.0,0.000529024051502347,0.000529024051502347,1.7648006178205833e-05,0.00010279128764523193,2.4975270207505673e-05,10.0,1.0,10.0
835.0,0.0005279169417917728,0.0005279169417917728,1.760882332746405e-05,0.00010266467870678753,2.4916404072428122e-05,10.0,1.0,10.0
836.0,0.0005268102395348251,0.0005268102395348251,1.7569493138580583e-05,0.0001025381643557921,2.4857714379322715e-05,10.0,1.0,10.0
837.0,0.0005257066804915667,0.0005257066804915667,1.7529908291180618e-05,0.00010241110430797562,2.4799654056550935e-05,10.0,1.0,10.0
838.0,0.0005246075452305377,0.0005246075452305377,1.749081457091961e-05,0.00010228463361272588,2.4741477318457328e-05,10.0,1.0,10.0
839.0,0.0005235096905380487,0.0005235096905380487,1.74524884641869e-05,0.00010215903603238985,2.468257662258111e-05,10.0,1.0,10.0
840.0,0.0005224138731136918,0.0005224138731136918,1.7413351088180207e-05,0.00010203254350926727,2.462478369125165e-05,10.0,1.0,10.0
841.0,0.0005213213735260069,0.0005213213735260069,1.7374060917063616e-05,0.0001019054907374084,2.4567527361796238e-05,10.0,1.0,10.0
842.0,0.0005202301545068622,0.0005202301545068622,1.7335438315058127e-05,0.000101778881798964,2.450968895573169e-05,10.0,1.0,10.0
843.0,0.0005191422533243895,0.0005191422533243895,1.729708310449496e-05,0.00010165268031414598,2.4451872377539985e-05,10.0,1.0,10.0
844.0,0.0005180580774322152,0.0005180580774322152,1.7258427760680206e-05,0.0001015262387227267,2.439475792925805e-05,10.0,1.0,10.0
845.0,0.0005169739597477019,0.0005169739597477019,1.7219692381331697e-05,0.00010139970254385844,2.4337736249435693e-05,10.0,1.0,10.0
846.0,0.0005158942076377571,0.0005158942076377571,1.7181351722683758e-05,0.00010127325367648154,2.428074185445439e-05,10.0,1.0,10.0
847.0,0.0005148159107193351,0.0005148159107193351,1.714341669867281e-05,0.00010114697215612978,2.4223480068030767e-05,10.0,1.0,10.0
848.0,0.0005137407570146024,0.0005137407570146024,1.710496871965006e-05,0.00010102019587066025,2.4167085939552635e-05,10.0,1.0,10.0
849.0,0.0005126671167090535,0.0005126671167090535,1.706662806100212e-05,0.00010089381248690188,2.4110704544000328e-05,10.0,1.0,10.0
850.0,0.0005115963285788894,0.0005115963285788894,1.702853296592366e-05,0.00010076760372612625,2.4054341338342056e-05,10.0,1.0,10.0
851.0,0.0005105282180011272,0.0005105282180011272,1.6990839867503382e-05,0.00010064170783152804,2.399780714767985e-05,10.0,1.0,10.0
852.0,0.0005094624357298017,0.0005094624357298017,1.695312857918907e-05,0.00010051541903521866,2.3941571271279827e-05,10.0,1.0,10.0
853.0,0.0005083989817649126,0.0005083989817649126,1.6915009837248363e-05,0.00010038883192464709,2.388600660196971e-05,10.0,1.0,10.0
854.0,0.0005073388456366956,0.0005073388456366956,1.687707845121622e-05,0.00010026224481407553,2.3830583813833073e-05,10.0,1.0,10.0
855.0,0.0005062795826233923,0.0005062795826233923,1.683949085418135e-05,0.00010013565770350397,2.3774900910211727e-05,10.0,1.0,10.0
856.0,0.0005052235792391002,0.0005052235792391002,1.680241257417947e-05,0.00010001002374337986,2.3718943339190446e-05,10.0,1.0,10.0
857.0,0.000504171010106802,0.000504171010106802,1.676517422311008e-05,9.98841569526121e-05,2.3663509637117386e-05,10.0,1.0,10.0
858.0,0.0005031184991821647,0.0005031184991821647,1.672714643063955e-05,9.975786815630272e-05,2.3608916308148764e-05,10.0,1.0,10.0
859.0,0.0005020698881708086,0.0005020698881708086,1.668973345658742e-05,9.963152842829004e-05,2.355410106247291e-05,10.0,1.0,10.0
860.0,0.0005010230233892798,0.0005010230233892798,1.6652904378133826e-05,9.950555249815807e-05,2.3498840164393187e-05,10.0,1.0,10.0
861.0,0.000499980291351676,0.000499980291351676,1.661599708313588e-05,9.937940922100097e-05,2.3444088583346456e-05,10.0,1.0,10.0
862.0,0.0004989377921447158,0.0004989377921447158,1.657886059547309e-05,9.925314225256443e-05,2.3389604393742047e-05,10.0,1.0,10.0
863.0,0.0004978989018127322,0.0004978989018127322,1.6541791410418227e-05,9.912761743180454e-05,2.3335340301855467e-05,10.0,1.0,10.0
864.0,0.0004968609428033233,0.0004968609428033233,1.6504773157066666e-05,9.900172153720632e-05,2.328114896954503e-05,10.0,1.0,10.0
865.0,0.0004958267090842128,0.0004958267090842128,1.646811688260641e-05,9.887570195132867e-05,2.3226984922075644e-05,10.0,1.0,10.0
866.0,0.0004947955021634698,0.0004947955021634698,1.6431686162832193e-05,9.874979878077284e-05,2.3172880901256576e-05,10.0,1.0,10.0
867.0,0.0004937638877891004,0.0004937638877891004,1.6394864360336214e-05,9.86239974736236e-05,2.311912612640299e-05,10.0,1.0,10.0
868.0,0.0004927372210659087,0.0004927372210659087,1.6358417269657366e-05,9.849837078945711e-05,2.306546775798779e-05,10.0,1.0,10.0
869.0,0.0004917118931189179,0.0004917118931189179,1.632173552934546e-05,9.837235120357946e-05,2.301221866218839e-05,10.0,1.0,10.0
870.0,0.0004906897665932775,0.0004906897665932775,1.6285724996123463e-05,9.824711014516652e-05,2.2958542103879154e-05,10.0,1.0,10.0
871.0,0.0004896690370514989,0.0004896690370514989,1.6249412510660477e-05,9.812146163312718e-05,2.290534757776186e-05,10.0,1.0,10.0
872.0,0.0004886511014774442,0.0004886511014774442,1.6213505659834482e-05,9.799607505556196e-05,2.2851998437545262e-05,10.0,1.0,10.0
873.0,0.00048763479571789503,0.00048763479571789503,1.6177071302081458e-05,9.787055751075968e-05,2.2799351427238435e-05,10.0,1.0,10.0
874.0,0.00048662134213373065,0.00048662134213373065,1.6140720617840998e-05,9.774447971722111e-05,2.2746964532416314e-05,10.0,1.0,10.0
875.0,0.00048561018775217235,0.00048561018775217235,1.6105046597658657e-05,9.761926776263863e-05,2.2694046492688358e-05,10.0,1.0,10.0
876.0,0.0004846008669119328,0.0004846008669119328,1.6069712728494778e-05,9.7494492365513e-05,2.2640926545136608e-05,10.0,1.0,10.0
877.0,0.00048359434003941715,0.00048359434003941715,1.603365490154829e-05,9.736943320604041e-05,2.2588836145587265e-05,10.0,1.0,10.0
878.0,0.0004825892683584243,0.0004825892683584243,1.599766983417794e-05,9.72436901065521e-05,2.2536889446200803e-05,10.0,1.0,10.0
879.0,0.00048158742720261216,0.00048158742720261216,1.5962321413098834e-05,9.711835446069017e-05,2.248458804388065e-05,10.0,1.0,10.0
880.0,0.0004805882053915411,0.0004805882053915411,1.5927053027553484e-05,9.699341171653941e-05,2.2432426703744568e-05,10.0,1.0,10.0
881.0,0.0004795897984877229,0.0004795897984877229,1.5891240764176473e-05,9.686849807621911e-05,2.2380889276973903e-05,10.0,1.0,10.0
882.0,0.0004785957862623036,0.0004785957862623036,1.5856036043260247e-05,9.674388275016099e-05,2.2329155399347655e-05,10.0,1.0,10.0
883.0,0.00047760221059434116,0.00047760221059434116,1.582096956553869e-05,9.661922376835719e-05,2.2277328753261827e-05,10.0,1.0,10.0
884.0,0.0004766114288941026,0.0004766114288941026,1.5785746654728428e-05,9.649417188484222e-05,2.2225976863410324e-05,10.0,1.0,10.0
885.0,0.00047562335385009646,0.00047562335385009646,1.5750409147585742e-05,9.636887989472598e-05,2.2175037884153426e-05,10.0,1.0,10.0
886.0,0.00047463702503591776,0.00047463702503591776,1.571564280311577e-05,9.62442863965407e-05,2.212363324360922e-05,10.0,1.0,10.0
887.0,0.00047365290811285377,0.00047365290811285377,1.568075458635576e-05,9.611984569346532e-05,2.2072552383178845e-05,10.0,1.0,10.0
888.0,0.00047267094487324357,0.00047267094487324357,1.5645833627786487e-05,9.599556506145746e-05,2.202170253440272e-05,10.0,1.0,10.0
889.0,0.00047169256140477955,0.00047169256140477955,1.5611134585924447e-05,9.587136446498334e-05,2.1970985471853055e-05,10.0,1.0,10.0
890.0,0.000470714527182281,0.000470714527182281,1.557637551741209e-05,9.574675641488284e-05,2.1920399376540445e-05,10.0,1.0,10.0
891.0,0.00046973925782367587,0.00046973925782367587,1.554205664433539e-05,9.56226940616034e-05,2.186960045946762e-05,10.0,1.0,10.0
892.0,0.0004687662876676768,0.0004687662876676768,1.5507499483646825e-05,9.549831156618893e-05,2.1819298126501963e-05,10.0,1.0,10.0
893.0,0.000467795820441097,0.000467795820441097,1.547274769109208e-05,9.537378355162218e-05,2.1769455997855403e-05,10.0,1.0,10.0
894.0,0.0004668284091167152,0.0004668284091167152,1.5438552509294823e-05,9.524972847430035e-05,2.171931555494666e-05,10.0,1.0,10.0
895.0,0.0004658616380766034,0.0004658616380766034,1.5404495570692234e-05,9.512605174677446e-05,2.1669060515705496e-05,10.0,1.0,10.0
896.0,0.00046489754458889365,0.00046489754458889365,1.5370536857517436e-05,9.500242595095187e-05,2.1618978280457668e-05,10.0,1.0,10.0
897.0,0.00046393639058806,0.00046393639058806,1.5336054275394417e-05,9.487810166319832e-05,2.1569774617091753e-05,10.0,1.0,10.0
898.0,0.0004629770992323756,0.0004629770992323756,1.530195186205674e-05,9.475441765971482e-05,2.152031629520934e-05,10.0,1.0,10.0
899.0,0.00046201952500268817,0.00046201952500268817,1.526820233266335e-05,9.463091555517167e-05,2.1470659703481942e-05,10.0,1.0,10.0
900.0,0.0004610643663909286,0.0004610643663909286,1.52345246533514e-05,9.450763900531456e-05,2.1421146811917424e-05,10.0,1.0,10.0
901.0,0.0004601114778779447,0.0004601114778779447,1.5200689631456044e-05,9.438401320949197e-05,2.1372057744883932e-05,10.0,1.0,10.0
902.0,0.00045915914233773947,0.00045915914233773947,1.5166858247539494e-05,9.426028555026278e-05,2.132302506652195e-05,10.0,1.0,10.0
903.0,0.00045821178355254233,0.00045821178355254233,1.5133266060729511e-05,9.413673978997394e-05,2.127423977071885e-05,10.0,1.0,10.0
904.0,0.00045726666576229036,0.00045726666576229036,1.5099785741767846e-05,9.401361603522673e-05,2.1225519958534278e-05,10.0,1.0,10.0
905.0,0.0004563212860375643,0.0004563212860375643,1.5066511878103483e-05,9.389103070134297e-05,2.1176516384002753e-05,10.0,1.0,10.0
906.0,0.00045538018457591534,0.00045538018457591534,1.503330895502586e-05,9.376805974170566e-05,2.1127902073203586e-05,10.0,1.0,10.0
907.0,0.00045443957787938416,0.00045443957787938416,1.4999721315689385e-05,9.36449141590856e-05,2.107974432874471e-05,10.0,1.0,10.0
908.0,0.00045350196887739,0.00045350196887739,1.496663571742829e-05,9.3521797680296e-05,2.1031381038483232e-05,10.0,1.0,10.0
909.0,0.00045256619341671467,0.00045256619341671467,1.4933648344594985e-05,9.339897951576859e-05,2.098307231790386e-05,10.0,1.0,10.0
910.0,0.00045163260074332356,0.00045163260074332356,1.4900500900694169e-05,9.327621955890208e-05,2.093513830914162e-05,10.0,1.0,10.0
911.0,0.00045070121996104717,0.00045070121996104717,1.4867719073663466e-05,9.315391071140766e-05,2.0887013306492008e-05,10.0,1.0,10.0
912.0,0.000449772400315851,0.000449772400315851,1.4834634384897072e-05,9.303148544859141e-05,2.0839457647525705e-05,10.0,1.0,10.0
913.0,0.0004488447157200426,0.0004488447157200426,1.4801988072576933e-05,9.290909656556323e-05,2.079157275147736e-05,10.0,1.0,10.0
914.0,0.0004479195922613144,0.0004479195922613144,1.4769353583687916e-05,9.278689685743302e-05,2.074391522910446e-05,10.0,1.0,10.0
915.0,0.0004469968844205141,0.0004469968844205141,1.4736712728335988e-05,9.266457345802337e-05,2.069651964120567e-05,10.0,1.0,10.0
916.0,0.0004460762138478458,0.0004460762138478458,1.4704084605909884e-05,9.254214819520712e-05,2.0649322323151864e-05,10.0,1.0,10.0
917.0,0.0004451577551662922,0.0004451577551662922,1.4671673852717504e-05,9.2420305009e-05,2.0602070435415953e-05,10.0,1.0,10.0
918.0,0.0004442407807800919,0.0004442407807800919,1.463923581468407e-05,9.229841089108959e-05,2.05550022656098e-05,10.0,1.0,10.0
919.0,0.0004433264257386327,0.0004433264257386327,1.4607208868255839e-05,9.21769387787208e-05,2.0507737644948065e-05,10.0,1.0,10.0
920.0,0.00044241404975764453,0.00044241404975764453,1.4574734450434335e-05,9.205507376464084e-05,2.0461162421270274e-05,10.0,1.0,10.0
921.0,0.00044150426401756704,0.00044150426401756704,1.4542443750542589e-05,9.193314326694235e-05,2.041466905211564e-05,10.0,1.0,10.0
922.0,0.0004405967192724347,0.0004405967192724347,1.4510709661408328e-05,9.181178029393777e-05,2.0367782781249844e-05,10.0,1.0,10.0
923.0,0.0004396899603307247,0.0004396899603307247,1.4479113815468736e-05,9.169074473902583e-05,2.0320807379903272e-05,10.0,1.0,10.0
924.0,0.00043878640281036496,0.00043878640281036496,1.4446686691371724e-05,9.156926535069942e-05,2.027502705459483e-05,10.0,1.0,10.0
925.0,0.00043788430048152804,0.00043788430048152804,1.4414665201911703e-05,9.144798968918622e-05,2.0228968423907645e-05,10.0,1.0,10.0
926.0,0.00043698493391275406,0.00043698493391275406,1.4383110283233691e-05,9.132690320257097e-05,2.018269333348144e-05,10.0,1.0,10.0
927.0,0.00043608673149719834,0.00043608673149719834,1.4351785466715228e-05,9.120619506575167e-05,2.013626908592414e-05,10.0,1.0,10.0
928.0,0.0004351910320110619,0.0004351910320110619,1.432008866686374e-05,9.108528320211917e-05,2.0090486941626295e-05,10.0,1.0,10.0
929.0,0.0004342979227658361,0.0004342979227658361,1.4288304555520881e-05,9.096400026464835e-05,2.0045088604092598e-05,10.0,1.0,10.0
930.0,0.0004334049008321017,0.0004334049008321017,1.4257118891691789e-05,9.084345947485417e-05,1.9999024516437203e-05,10.0,1.0,10.0
931.0,0.000432516768341884,0.000432516768341884,1.4225890481611714e-05,9.072290413314477e-05,1.995349521166645e-05,10.0,1.0,10.0
932.0,0.0004316286649554968,0.0004316286649554968,1.4194523828336969e-05,9.060278534889221e-05,1.990806413232349e-05,10.0,1.0,10.0
933.0,0.00043074454879388213,0.00043074454879388213,1.4163168088998646e-05,9.04823318705894e-05,1.9863051420543343e-05,10.0,1.0,10.0
934.0,0.00042986092739738524,0.00042986092739738524,1.413204699929338e-05,9.036208939505741e-05,1.9817836800939403e-05,10.0,1.0,10.0
935.0,0.00042897864477708936,0.00042897864477708936,1.4101393389864825e-05,9.024196333484724e-05,1.9772274754359387e-05,10.0,1.0,10.0
936.0,0.00042810075683519244,0.00042810075683519244,1.4070484212425072e-05,9.012156806420535e-05,1.9727433027583174e-05,10.0,1.0,10.0
937.0,0.0004272214137017727,0.0004272214137017727,1.4039283996680751e-05,9.000171849038452e-05,1.9682684069266543e-05,10.0,1.0,10.0
938.0,0.00042634777491912246,0.00042634777491912246,1.4008366633788683e-05,8.988180343294516e-05,1.963823160622269e-05,10.0,1.0,10.0
939.0,0.0004254734958522022,0.0004254734958522022,1.3977627531858161e-05,8.97623976925388e-05,1.9593480828916654e-05,10.0,1.0,10.0
940.0,0.0004246027092449367,0.0004246027092449367,1.3947390471003018e-05,8.964305743575096e-05,1.9548573618521914e-05,10.0,1.0,10.0
941.0,0.0004237323300912976,0.0004237323300912976,1.3916732314100955e-05,8.952374628279358e-05,1.9504124793456867e-05,10.0,1.0,10.0
942.0,0.0004228657344356179,0.0004228657344356179,1.3886083252145909e-05,8.940399857237935e-05,1.946009069797583e-05,10.0,1.0,10.0
943.0,0.0004220007103867829,0.0004220007103867829,1.385554514854448e-05,8.928440365707502e-05,1.9416085706325248e-05,10.0,1.0,10.0
944.0,0.0004211370542179793,0.0004211370542179793,1.382536083838204e-05,8.916505612432957e-05,1.9371838789083995e-05,10.0,1.0,10.0
945.0,0.0004202771815471351,0.0004202771815471351,1.3795495760859922e-05,8.904666901798919e-05,1.9327557311044075e-05,10.0,1.0,10.0
946.0,0.0004194167267996818,0.0004194167267996818,1.3764922186965123e-05,8.892780897440389e-05,1.928397068695631e-05,10.0,1.0,10.0
947.0,0.000418559939134866,0.000418559939134866,1.3734719686908647e-05,8.880904351826757e-05,1.9240369510953315e-05,10.0,1.0,10.0
948.0,0.0004177049268037081,0.0004177049268037081,1.3704872799280565e-05,8.869007433531806e-05,1.919661372085102e-05,10.0,1.0,10.0
949.0,0.00041685241740196943,0.00041685241740196943,1.3675366062670946e-05,8.857189823174849e-05,1.915268694574479e-05,10.0,1.0,10.0
950.0,0.0004160005191806704,0.0004160005191806704,1.3645249055116437e-05,8.845332922646776e-05,1.9109469576505944e-05,10.0,1.0,10.0
951.0,0.0004151513858232647,0.0004151513858232647,1.3614915587822907e-05,8.833458559820428e-05,1.9066763343289495e-05,10.0,1.0,10.0
952.0,0.00041430367855355144,0.00041430367855355144,1.358557437924901e-05,8.821669325698167e-05,1.9023122149519622e-05,10.0,1.0,10.0
953.0,0.0004134585615247488,0.0004134585615247488,1.3556298654293641e-05,8.809880091575906e-05,1.8979677406605333e-05,10.0,1.0,10.0
954.0,0.00041261472506448627,0.00041261472506448627,1.3526388102036435e-05,8.798066119197756e-05,1.8937018467113376e-05,10.0,1.0,10.0
955.0,0.00041177280945703387,0.00041177280945703387,1.349661124550039e-05,8.786265243543312e-05,1.8894405002356507e-05,10.0,1.0,10.0
956.0,0.00041093354229815304,0.00041093354229815304,1.3467497410601936e-05,8.774498564889655e-05,1.885135679913219e-05,10.0,1.0,10.0
957.0,0.000410096428822726,0.000410096428822726,1.3438636415230576e-05,8.762779179960489e-05,1.8808226741384715e-05,10.0,1.0,10.0
958.0,0.00040926082874648273,0.00040926082874648273,1.3408974155026954e-05,8.750995766604319e-05,1.8766111679724418e-05,10.0,1.0,10.0
959.0,0.00040842645103111863,0.00040842645103111863,1.3379352822084911e-05,8.739241457078606e-05,1.872405300673563e-05,10.0,1.0,10.0
960.0,0.00040759510011412203,0.00040759510011412203,1.335055276285857e-05,8.727519889362156e-05,1.8681437722989358e-05,10.0,1.0,10.0
961.0,0.00040676555363461375,0.00040676555363461375,1.3321787264430895e-05,8.71584124979563e-05,1.8638929759617895e-05,10.0,1.0,10.0
962.0,0.00040593708399683237,0.00040593708399683237,1.3292685252963565e-05,8.704136416781694e-05,1.8596885638544336e-05,10.0,1.0,10.0
963.0,0.0004051105061080307,0.0004051105061080307,1.3263579603517428e-05,8.692390110809356e-05,1.8555081624072045e-05,10.0,1.0,10.0
964.0,0.0004042869550175965,0.0004042869550175965,1.3235007827461231e-05,8.680707833264023e-05,1.8512979295337573e-05,10.0,1.0,10.0
965.0,0.00040346471359953284,0.00040346471359953284,1.3206380572228227e-05,8.669096860103309e-05,1.847099520091433e-05,10.0,1.0,10.0
966.0,0.0004026447713840753,0.0004026447713840753,1.3177499567973427e-05,8.657445141579956e-05,1.8429531337460503e-05,10.0,1.0,10.0
967.0,0.00040182628436014056,0.00040182628436014056,1.3148646758054383e-05,8.645788329886273e-05,1.8388194803264923e-05,10.0,1.0,10.0
968.0,0.00040101067861542106,0.00040101067861542106,1.3120628864271566e-05,8.634151163278148e-05,1.834628710639663e-05,10.0,1.0,10.0
969.0,0.0004001965862698853,0.0004001965862698853,1.3092264453007374e-05,8.622516907053068e-05,1.8304875993635505e-05,10.0,1.0,10.0
970.0,0.00039938281406648457,0.00039938281406648457,1.3063438927929383e-05,8.610895019955933e-05,1.826394691306632e-05,10.0,1.0,10.0
971.0,0.0003985732328146696,0.0003985732328146696,1.3035396477789618e-05,8.599348075222224e-05,1.8222577637061477e-05,10.0,1.0,10.0
972.0,0.0003977632150053978,0.0003977632150053978,1.3007286725041922e-05,8.587783668190241e-05,1.8181253835791722e-05,10.0,1.0,10.0
973.0,0.0003969570389017463,0.0003969570389017463,1.2979180610273033e-05,8.576210530009121e-05,1.8140313841286115e-05,10.0,1.0,10.0
974.0,0.00039615266723558307,0.00039615266723558307,1.2950772543263156e-05,8.564598101656884e-05,1.8099895896739326e-05,10.0,1.0,10.0
975.0,0.0003953488194383681,0.0003953488194383681,1.29227855723002e-05,8.553058432880789e-05,1.805903775675688e-05,10.0,1.0,10.0
976.0,0.00039454741636291146,0.00039454741636291146,1.2895166946691461e-05,8.54155223350972e-05,1.8018021364696324e-05,10.0,1.0,10.0
977.0,0.000393747235648334,0.000393747235648334,1.2867352779721841e-05,8.530042396159843e-05,1.7977326933760196e-05,10.0,1.0,10.0
978.0,0.00039295025635510683,0.00039295025635510683,1.283958408748731e-05,8.5185602074489e-05,1.793687988538295e-05,10.0,1.0,10.0
979.0,0.00039215473225340247,0.00039215473225340247,1.2811607120966073e-05,8.50703872856684e-05,1.7896827557706274e-05,10.0,1.0,10.0
980.0,0.0003913606924470514,0.0003913606924470514,1.2784084901795723e-05,8.495549991494045e-05,1.785643326002173e-05,10.0,1.0,10.0
981.0,0.0003905690391547978,0.0003905690391547978,1.2756479009112809e-05,8.48406198201701e-05,1.7816364561440423e-05,10.0,1.0,10.0
982.0,0.0003897780261468142,0.0003897780261468142,1.2728864021482877e-05,8.472610352328047e-05,1.777632860466838e-05,10.0,1.0,10.0
983.0,0.0003889906802214682,0.0003889906802214682,1.2701662853942253e-05,8.46119291963987e-05,1.773621261236258e-05,10.0,1.0,10.0
984.0,0.0003882035380229354,0.0003882035380229354,1.2674398931267206e-05,8.44977330416441e-05,1.769618029356934e-05,10.0,1.0,10.0
985.0,0.00038741924799978733,0.00038741924799978733,1.2647215044125915e-05,8.438358054263517e-05,1.76563517015893e-05,10.0,1.0,10.0
986.0,0.00038663658779114485,0.00038663658779114485,1.2619855624507181e-05,8.426912972936407e-05,1.7616888726479374e-05,10.0,1.0,10.0
987.0,0.00038585514994338155,0.00038585514994338155,1.259243072126992e-05,8.415459160460159e-05,1.7577624021214433e-05,10.0,1.0,10.0
988.0,0.0003850761568173766,0.0003850761568173766,1.2565399629238527e-05,8.404123218497261e-05,1.753809192450717e-05,10.0,1.0,10.0
989.0,0.0003842982405330986,0.0003842982405330986,1.2538825103547424e-05,8.392818563152105e-05,1.7498179659014568e-05,10.0,1.0,10.0
990.0,0.0003835239331237972,0.0003835239331237972,1.2512031389633194e-05,8.381474617635831e-05,1.7458887668908574e-05,10.0,1.0,10.0
991.0,0.000382750469725579,0.000382750469725579,1.2484945727919694e-05,8.370081195607781e-05,1.742002132232301e-05,10.0,1.0,10.0
992.0,0.00038197700632736087,0.00038197700632736087,1.2457658158382401e-05,8.35868195281364e-05,1.7381360521540046e-05,10.0,1.0,10.0
993.0,0.0003812081413343549,0.0003812081413343549,1.243154110852629e-05,8.347399125341326e-05,1.7341873899567872e-05,10.0,1.0,10.0
994.0,0.0003804400912486017,0.0003804400912486017,1.240497840626631e-05,8.336133760167286e-05,1.7302898413618095e-05,10.0,1.0,10.0
995.0,0.00037967407843098044,0.00037967407843098044,1.2378162864479236e-05,8.324847294716164e-05,1.7264399502892047e-05,10.0,1.0,10.0
996.0,0.0003789087350014597,0.0003789087350014597,1.2351518307696097e-05,8.313555736094713e-05,1.72257987287594e-05,10.0,1.0,10.0
997.0,0.00037814589450135827,0.00037814589450135827,1.2325498573773075e-05,8.302269270643592e-05,1.7186823242809623e-05,10.0,1.0,10.0
998.0,0.0003773850039578974,0.0003773850039578974,1.2298962246859446e-05,8.291000267490745e-05,1.7148538972833194e-05,10.0,1.0,10.0
999.0,0.0003766260342672467,0.0003766260342672467,1.2272425010451116e-05,8.279774920083582e-05,1.7110403859987855e-05,10.0,1.0,10.0
1000.0,0.0003758678794838488,0.0003758678794838488,1.224638799612876e-05,8.268535748356953e-05,1.707186493149493e-05,10.0,1.0,10.0
1001.0,0.00037511257687583566,0.00037511257687583566,1.222061564476462e-05,8.257321314886212e-05,1.7033322365023196e-05,10.0,1.0,10.0
1002.0,0.0003743589040823281,0.0003743589040823281,1.2194491318950895e-05,8.246143988799304e-05,1.6995254554785788e-05,10.0,1.0,10.0
1003.0,0.000373606919310987,0.000373606919310987,1.2167898603365757e-05,8.234921551775187e-05,1.695787432254292e-05,10.0,1.0,10.0
1004.0,0.0003728568844962865,0.0003728568844962865,1.2142192645114847e-05,8.223744225688279e-05,1.6919751942623407e-05,10.0,1.0,10.0
1005.0,0.0003721085377037525,0.0003721085377037525,1.211678591062082e-05,8.212565444409847e-05,1.688150041445624e-05,10.0,1.0,10.0
1006.0,0.00037136091850697994,0.00037136091850697994,1.209077709063422e-05,8.201432501664385e-05,1.684388189460151e-05,10.0,1.0,10.0
1007.0,0.0003706164425238967,0.0003706164425238967,1.2064760085195303e-05,8.190290100174025e-05,1.6806594430818222e-05,10.0,1.0,10.0
1008.0,0.00036987249040976167,0.00036987249040976167,1.2039150533382781e-05,8.179163705790415e-05,1.6768935893196613e-05,10.0,1.0,10.0
1009.0,0.000369130983017385,0.000369130983017385,1.201385475724237e-05,8.168048952938989e-05,1.6731197320041247e-05,10.0,1.0,10.0
1010.0,0.0003683919785544276,0.0003683919785544276,1.1988391634076834e-05,8.156942203640938e-05,1.669386438152287e-05,10.0,1.0,10.0
1011.0,0.0003676544292829931,0.0003676544292829931,1.1962694770772941e-05,8.145849278662354e-05,1.6656898878864013e-05,10.0,1.0,10.0
1012.0,0.0003669168218038976,0.0003669168218038976,1.1937167073483579e-05,8.134784002322704e-05,1.661973146838136e-05,10.0,1.0,10.0
1013.0,0.00036618238664232194,0.00036618238664232194,1.1912229638255667e-05,8.123728912323713e-05,1.6582280295551755e-05,10.0,1.0,10.0
1014.0,0.00036544958129525185,0.00036544958129525185,1.1886939319083467e-05,8.11267746030353e-05,1.654534207773395e-05,10.0,1.0,10.0
1015.0,0.0003647189005278051,0.0003647189005278051,1.1861448911076877e-05,8.101615821942687e-05,1.6508825865457766e-05,10.0,1.0,10.0
1016.0,0.0003639896458480507,0.0003639896458480507,1.1836356861749664e-05,8.090570190688595e-05,1.647203680477105e-05,10.0,1.0,10.0
1017.0,0.0003632615553215146,0.0003632615553215146,1.1811732292699162e-05,8.079607505351305e-05,1.64348184625851e-05,10.0,1.0,10.0
1018.0,0.00036253471625968814,0.00036253471625968814,1.1786451977968682e-05,8.068588067544624e-05,1.6398429579567164e-05,10.0,1.0,10.0
1019.0,0.0003618118353188038,0.0003618118353188038,1.1761530913645402e-05,8.057621744228527e-05,1.6362029782612808e-05,10.0,1.0,10.0
1020.0,0.0003610891872085631,0.0003610891872085631,1.1736831766029354e-05,8.046636503422633e-05,1.6325451724696904e-05,10.0,1.0,10.0
1021.0,0.0003603684308473021,0.0003603684308473021,1.1711940715031233e-05,8.035648352233693e-05,1.6289253835566342e-05,10.0,1.0,10.0
1022.0,0.0003596491878852248,0.0003596491878852248,1.1687123333103955e-05,8.024682756513357e-05,1.6253114154096693e-05,10.0,1.0,10.0
1023.0,0.00035893323365598917,0.00035893323365598917,1.1662746146612335e-05,8.013786282390356e-05,1.621679257368669e-05,10.0,1.0,10.0
1024.0,0.0003582171048037708,0.0003582171048037708,1.1638210708042607e-05,8.002868707990274e-05,1.6180629245354794e-05,10.0,1.0,10.0
1025.0,0.0003575030423235148,0.0003575030423235148,1.1613653441600036e-05,7.991943857632577e-05,1.6144706023624167e-05,10.0,1.0,10.0
1026.0,0.00035678994026966393,0.00035678994026966393,1.1589089808694553e-05,7.981029193615541e-05,1.6108873751363717e-05,10.0,1.0,10.0
1027.0,0.0003560793702490628,0.0003560793702490628,1.1564575288502965e-05,7.970149454195052e-05,1.60732124641072e-05,10.0,1.0,10.0
1028.0,0.00035537025541998446,0.00035537025541998446,1.1540388186404016e-05,7.959314825711772e-05,1.6037321984185837e-05,10.0,1.0,10.0
1029.0,0.0003546640800777823,0.0003546640800777823,1.1516246559040155e-05,7.948458369355649e-05,1.6001702533685602e-05,10.0,1.0,10.0
1030.0,0.00035395732265897095,0.00035395732265897095,1.1491959412524011e-05,7.937585178297013e-05,1.596618676558137e-05,10.0,1.0,10.0
1031.0,0.000353254028595984,0.000353254028595984,1.146802242146805e-05,7.926774560473859e-05,1.5930607332848012e-05,10.0,1.0,10.0
1032.0,0.0003525521024130285,0.0003525521024130285,1.1443855328252539e-05,7.91592028690502e-05,1.5895437172730453e-05,10.0,1.0,10.0
1033.0,0.00035185174783691764,0.00035185174783691764,1.1419599104556255e-05,7.90511112427339e-05,1.5860463463468477e-05,10.0,1.0,10.0
1034.0,0.00035115238279104233,0.00035115238279104233,1.139599407906644e-05,7.894352893345058e-05,1.582488948770333e-05,10.0,1.0,10.0
1035.0,0.00035045528784394264,0.00035045528784394264,1.137225262937136e-05,7.883595390012488e-05,1.5789681128808297e-05,10.0,1.0,10.0
1036.0,0.00034976069582626224,0.00034976069582626224,1.1348313819325995e-05,7.872795686125755e-05,1.575495844008401e-05,10.0,1.0,10.0
1037.0,0.0003490668605081737,0.0003490668605081737,1.132448778662365e-05,7.862033089622855e-05,1.572016662976239e-05,10.0,1.0,10.0
1038.0,0.00034837410203181207,0.00034837410203181207,1.1300984624540433e-05,7.851290865801275e-05,1.56851347128395e-05,10.0,1.0,10.0
1039.0,0.0003476841957308352,0.0003476841957308352,1.1277439625700936e-05,7.840570469852537e-05,1.5650412024115212e-05,10.0,1.0,10.0
1040.0,0.00034699548268690705,0.00034699548268690705,1.1253923730691895e-05,7.829874812159687e-05,1.5615751181030646e-05,10.0,1.0,10.0
1041.0,0.0003463077882770449,0.0003463077882770449,1.1230257769057062e-05,7.819173333700746e-05,1.558134681545198e-05,10.0,1.0,10.0
1042.0,0.00034562189830467105,0.00034562189830467105,1.1206935596419498e-05,7.808476220816374e-05,1.554677692183759e-05,10.0,1.0,10.0
1043.0,0.0003449382202234119,0.0003449382202234119,1.1183748028997798e-05,7.797774742357433e-05,1.5512299796682782e-05,10.0,1.0,10.0
1044.0,0.00034425477497279644,0.00034425477497279644,1.1160142094013281e-05,7.787073991494253e-05,1.5478259228984825e-05,10.0,1.0,10.0
1045.0,0.0003435750841163099,0.0003435750841163099,1.1137060027976986e-05,7.776441634632647e-05,1.544400402053725e-05,10.0,1.0,10.0
1046.0,0.00034289545146748424,0.00034289545146748424,1.11141362140188e-05,7.765846385154873e-05,1.540956145618111e-05,10.0,1.0,10.0
1047.0,0.00034221867099404335,0.00034221867099404335,1.1091020496678539e-05,7.75523076299578e-05,1.5375615475932136e-05,10.0,1.0,10.0
1048.0,0.00034154250170104206,0.00034154250170104206,1.1067815648857504e-05,7.744598406134173e-05,1.534183684270829e-05,10.0,1.0,10.0
1049.0,0.00034086836967617273,0.00034086836967617273,1.1044860002584755e-05,7.733963866485283e-05,1.530801091575995e-05,10.0,1.0,10.0
1050.0,0.0003401954018045217,0.0003401954018045217,1.1022011676686816e-05,7.72339481045492e-05,1.527413223811891e-05,10.0,1.0,10.0
1051.0,0.00033952470403164625,0.00033952470403164625,1.0999235200870316e-05,7.712835940765217e-05,1.5240399989124853e-05,10.0,1.0,10.0
1052.0,0.0003388549666851759,0.0003388549666851759,1.0976456906064413e-05,7.702291622990742e-05,1.5206747775664553e-05,10.0,1.0,10.0
1053.0,0.00033818738302215934,0.00033818738302215934,1.0953689525194932e-05,7.69173275330104e-05,1.5173318388406187e-05,10.0,1.0,10.0
1054.0,0.00033752096351236105,0.00033752096351236105,1.093119408324128e-05,7.681166607653722e-05,1.513973438704852e-05,10.0,1.0,10.0
1055.0,0.00033685725065879524,0.00033685725065879524,1.090855585061945e-05,7.670647028135136e-05,1.5106522369023878e-05,10.0,1.0,10.0
1056.0,0.00033619333407841623,0.00033619333407841623,1.088562021323014e-05,7.660133996978402e-05,1.5073579561430961e-05,10.0,1.0,10.0
1057.0,0.00033553235698491335,0.00033553235698491335,1.0863358511414845e-05,7.649631152162328e-05,1.5040245671116281e-05,10.0,1.0,10.0
1058.0,0.00033487341715954244,0.00033487341715954244,1.0841422408702783e-05,7.639195246156305e-05,1.5006724424893036e-05,10.0,1.0,10.0
1059.0,0.00033421520492993295,0.00033421520492993295,1.081912614608882e-05,7.628723687957972e-05,1.4973669749451801e-05,10.0,1.0,10.0
1060.0,0.0003335574874654412,0.0003335574874654412,1.0796193237183616e-05,7.618200470460579e-05,1.4941354493203107e-05,10.0,1.0,10.0
1061.0,0.0003329021856188774,0.0003329021856188774,1.0774001566460356e-05,7.60776674724184e-05,1.4908451703377068e-05,10.0,1.0,10.0
1062.0,0.0003322489792481065,0.0003322489792481065,1.075228828995023e-05,7.597374496981502e-05,1.4875235137878917e-05,10.0,1.0,10.0
1063.0,0.000331596820615232,0.000331596820615232,1.0730285794124939e-05,7.586982974316925e-05,1.4842413293081336e-05,10.0,1.0,10.0
1064.0,0.00033094664104282856,0.00033094664104282856,1.0707888577599078e-05,7.576543430332094e-05,1.4810231732553802e-05,10.0,1.0,10.0
1065.0,0.0003302976838313043,0.0003302976838313043,1.06858924482367e-05,7.566119893454015e-05,1.4777753676753491e-05,10.0,1.0,10.0
1066.0,0.00032965000718832016,0.00032965000718832016,1.0664275578164961e-05,7.555745105491951e-05,1.4744979125680402e-05,10.0,1.0,10.0
1067.0,0.00032900460064411163,0.00032900460064411163,1.0642244888003916e-05,7.545368862338364e-05,1.4712845768372063e-05,10.0,1.0,10.0
1068.0,0.0003283608239144087,0.0003283608239144087,1.062039336829912e-05,7.535028271377087e-05,1.4680661479360424e-05,10.0,1.0,10.0
1069.0,0.0003277178038842976,0.0003277178038842976,1.0598903827485628e-05,7.524726970586926e-05,1.4648147953266744e-05,10.0,1.0,10.0
1070.0,0.000327076471876353,0.000327076471876353,1.0577214197837748e-05,7.514386379625648e-05,1.4616045518778265e-05,10.0,1.0,10.0
1071.0,0.0003264378756284714,0.0003264378756284714,1.0555397238931619e-05,7.50402978155762e-05,1.4584358723368496e-05,10.0,1.0,10.0
1072.0,0.00032579904654994607,0.00032579904654994607,1.0533753084018826e-05,7.493708108086139e-05,1.4552444554283284e-05,10.0,1.0,10.0
1073.0,0.00032516292412765324,0.00032516292412765324,1.051246545102913e-05,7.483424997190014e-05,1.4520402146445122e-05,10.0,1.0,10.0
1074.0,0.0003245291009079665,0.0003245291009079665,1.04913660834427e-05,7.473223377019167e-05,1.4488319720840082e-05,10.0,1.0,10.0
1075.0,0.0003238953649997711,0.0003238953649997711,1.046972374751931e-05,7.462971552740782e-05,1.4456841199717019e-05,10.0,1.0,10.0
1076.0,0.0003232629969716072,0.0003232629969716072,1.0448135981278028e-05,7.452647696482018e-05,1.442551365471445e-05,10.0,1.0,10.0
1077.0,0.00032263307366520166,0.00032263307366520166,1.0427152119518723e-05,7.442400965373963e-05,1.4393753190233838e-05,10.0,1.0,10.0
1078.0,0.00032200419809669256,0.00032200419809669256,1.0406049113953486e-05,7.432192069245502e-05,1.4362177353177685e-05,10.0,1.0,10.0
1079.0,0.00032137634116224945,0.00032137634116224945,1.0384793313278351e-05,7.421991176670417e-05,1.4330849808175117e-05,10.0,1.0,10.0
1080.0,0.0003207507252227515,0.0003207507252227515,1.0363593901274726e-05,7.411791739286855e-05,1.429968688171357e-05,10.0,1.0,10.0
1081.0,0.0003201263607479632,0.0003201263607479632,1.0342834684706759e-05,7.401603943435475e-05,1.4268198356148787e-05,10.0,1.0,10.0
1082.0,0.00031950397533364594,0.00031950397533364594,1.0321813533664681e-05,7.391411054413766e-05,1.4237173672881909e-05,10.0,1.0,10.0
1083.0,0.0003188824048265815,0.0003188824048265815,1.0300756912329234e-05,7.381223258562386e-05,1.4206259947968647e-05,10.0,1.0,10.0
1084.0,0.00031826342456042767,0.00031826342456042767,1.0280069545842707e-05,7.371092942776158e-05,1.4175178876030259e-05,10.0,1.0,10.0
1085.0,0.0003176448226440698,0.0003176448226440698,1.025934579956811e-05,7.360969902947545e-05,1.4144166016194504e-05,10.0,1.0,10.0
1086.0,0.0003170276468154043,0.0003170276468154043,1.0238519280392211e-05,7.35084613552317e-05,1.4113399629422929e-05,10.0,1.0,10.0
1087.0,0.000316413032123819,0.000316413032123819,1.0217810086032841e-05,7.34072964405641e-05,1.4082765119383112e-05,10.0,1.0,10.0
1088.0,0.0003157989995088428,0.0003157989995088428,1.0197185474680737e-05,7.33060878701508e-05,1.4052106962481048e-05,10.0,1.0,10.0
1089.0,0.00031518717878498137,0.00031518717878498137,1.017675458570011e-05,7.320550503209233e-05,1.4021414244780317e-05,10.0,1.0,10.0
1090.0,0.00031457614386454225,0.00031457614386454225,1.0156092685065232e-05,7.310458749998361e-05,1.3991063497087453e-05,10.0,1.0,10.0
1091.0,0.00031396743725053966,0.00031396743725053966,1.013595192489447e-05,7.300418656086549e-05,1.3960373507870827e-05,10.0,1.0,10.0
1092.0,0.00031335928360931575,0.00031335928360931575,1.0115418263012543e-05,7.290348730748519e-05,1.3930161003372632e-05,10.0,1.0,10.0
1093.0,0.00031275174114853144,0.00031275174114853144,1.0094854587805457e-05,7.280297722900286e-05,1.3900020348955877e-05,10.0,1.0,10.0
1094.0,0.00031214801128953695,0.00031214801128953695,1.0074759302369785e-05,7.270285277627409e-05,1.386975509376498e-05,10.0,1.0,10.0
1095.0,0.0003115441359113902,0.0003115441359113902,1.0054611266241409e-05,7.260299025801942e-05,1.3839502571499906e-05,10.0,1.0,10.0
1096.0,0.00031094226869754493,0.00031094226869754493,1.0034366823674645e-05,7.250303315231577e-05,1.3809556548949331e-05,10.0,1.0,10.0
1097.0,0.00031034188577905297,0.00031034188577905297,1.0014407962444238e-05,7.240298873512074e-05,1.3779482287645806e-05,10.0,1.0,10.0
1098.0,0.0003097429289482534,0.0003097429289482534,9.994293577619828e-06,7.23032426321879e-05,1.3749676327279303e-05,10.0,1.0,10.0
1099.0,0.00030914624221622944,0.00030914624221622944,9.974256499845069e-06,7.220360566861928e-05,1.3720004972128663e-05,10.0,1.0,10.0
1100.0,0.0003085490025114268,0.0003085490025114268,9.95460413832916e-06,7.210414332803339e-05,1.3689881598111242e-05,10.0,1.0,10.0
1101.0,0.00030795508064329624,0.00030795508064329624,9.934721674653701e-06,7.200509571703151e-05,1.366027572657913e-05,10.0,1.0,10.0
1102.0,0.00030736130429431796,0.00030736130429431796,9.914385373122059e-06,7.190563337644562e-05,1.3631181900564115e-05,10.0,1.0,10.0
1103.0,0.0003067704092245549,0.0003067704092245549,9.894942195387557e-06,7.180673856055364e-05,1.3601425052911509e-05,10.0,1.0,10.0
1104.0,0.00030618003802374005,0.00030618003802374005,9.875478099274915e-06,7.17079165042378e-05,1.3571734598372132e-05,10.0,1.0,10.0
1105.0,0.00030559112201444805,0.00030559112201444805,9.85558199317893e-06,7.16086506145075e-05,1.3542664419219363e-05,10.0,1.0,10.0
1106.0,0.00030500319553539157,0.00030500319553539157,9.835966920945793e-06,7.151009049266577e-05,1.3513341400539503e-05,10.0,1.0,10.0
1107.0,0.00030441838316619396,0.00030441838316619396,9.816695637709927e-06,7.141167588997632e-05,1.3483975635608658e-05,10.0,1.0,10.0
1108.0,0.0003038329305127263,0.0003038329305127263,9.796944141271524e-06,7.131315214792266e-05,1.345503369520884e-05,10.0,1.0,10.0
1109.0,0.0003032504173461348,0.0003032504173461348,9.77750460151583e-06,7.121469388948753e-05,1.3426068107946776e-05,10.0,1.0,10.0
1110.0,0.00030266825342550874,0.00030266825342550874,9.75827242655214e-06,7.111657032510266e-05,1.3396895155892707e-05,10.0,1.0,10.0
1111.0,0.0003020886506419629,0.0003020886506419629,9.739007509779185e-06,7.101843948476017e-05,1.3368013242143206e-05,10.0,1.0,10.0
1112.0,0.00030150875682011247,0.00030150875682011247,9.719524314277805e-06,7.092049054335803e-05,1.3339302313397638e-05,10.0,1.0,10.0
1113.0,0.0003009313950315118,0.0003009313950315118,9.700365808384959e-06,7.082283264026046e-05,1.331049315922428e-05,10.0,1.0,10.0
1114.0,0.00030035548843443394,0.00030035548843443394,9.681330993771553e-06,7.072516746120527e-05,1.3281702194944955e-05,10.0,1.0,10.0
1115.0,0.0002997814444825053,0.0002997814444825053,9.662173397373408e-06,7.062726945150644e-05,1.325324410572648e-05,10.0,1.0,10.0
1116.0,0.00029920751694589853,0.00029920751694589853,9.642953955335543e-06,7.052990258671343e-05,1.3224806025391445e-05,10.0,1.0,10.0
1117.0,0.00029863527743145823,0.00029863527743145823,9.624060112400912e-06,7.043260120553896e-05,1.3196205145504791e-05,10.0,1.0,10.0
1118.0,0.0002980651333928108,0.0002980651333928108,9.605289960745722e-06,7.033565634628758e-05,1.316765701631084e-05,10.0,1.0,10.0
1119.0,0.0002974961535073817,0.0002974961535073817,9.586302439856809e-06,7.023852231213823e-05,1.3139458133082371e-05,10.0,1.0,10.0
1120.0,0.00029692865791730583,0.00029692865791730583,9.567354936734773e-06,7.014133734628558e-05,1.3111377484165132e-05,10.0,1.0,10.0
1121.0,0.00029636238468810916,0.00029636238468810916,9.548573871143162e-06,7.004439976299182e-05,1.3083224985166453e-05,10.0,1.0,10.0
1122.0,0.0002957974502351135,0.0002957974502351135,9.529857379675377e-06,6.994770228629932e-05,1.3055116141913459e-05,10.0,1.0,10.0
1123.0,0.0002952339709736407,0.0002952339709736407,9.511423741059843e-06,6.985175423324108e-05,1.302679993386846e-05,10.0,1.0,10.0
1124.0,0.00029467183048836887,0.00029467183048836887,9.492498975305352e-06,6.975505675654858e-05,1.2999179489270318e-05,10.0,1.0,10.0
1125.0,0.00029411172727122903,0.00029411172727122903,9.474058970226906e-06,6.965849024709314e-05,1.2971266187378205e-05,10.0,1.0,10.0
1126.0,0.00029355179867707193,0.00029355179867707193,9.455734470975585e-06,6.956241122679785e-05,1.2943204637849703e-05,10.0,1.0,10.0
1127.0,0.00029299460584297776,0.00029299460584297776,9.436865184397902e-06,6.946623034309596e-05,1.2915972547489218e-05,10.0,1.0,10.0
1128.0,0.0002924376167356968,0.0002924376167356968,9.418431545782369e-06,6.937020225450397e-05,1.2888308447145391e-05,10.0,1.0,10.0
1129.0,0.00029188243206590414,0.00029188243206590414,9.400640919920988e-06,6.927478534635156e-05,1.2860125025326852e-05,10.0,1.0,10.0
1130.0,0.0002913288481067866,0.0002913288481067866,9.382200914842542e-06,6.917901919223368e-05,1.2832781067118049e-05,10.0,1.0,10.0
1131.0,0.0002907766029238701,0.0002907766029238701,9.363518984173425e-06,6.90831002430059e-05,1.2805830920115113e-05,10.0,1.0,10.0
1132.0,0.0002902252890635282,0.0002902252890635282,9.345269063487649e-06,6.898755964357406e-05,1.2778503332810942e-05,10.0,1.0,10.0
1133.0,0.00028967519756406546,0.00028967519756406546,9.327780389867257e-06,6.889265205245465e-05,1.2750471796607599e-05,10.0,1.0,10.0
1134.0,0.0002891269978135824,0.0002891269978135824,9.309458619100042e-06,6.879738066345453e-05,1.2723505278700031e-05,10.0,1.0,10.0
1135.0,0.00028857990400865674,0.00028857990400865674,9.29094949242426e-06,6.870212382636964e-05,1.2696829799097031e-05,10.0,1.0,10.0
1136.0,0.00028803435270674527,0.00028803435270674527,9.273270734411199e-06,6.860723078716546e-05,1.2669441275647841e-05,10.0,1.0,10.0
1137.0,0.00028749016928486526,0.00028749016928486526,9.255601071345154e-06,6.85124978190288e-05,1.2642165529541671e-05,10.0,1.0,10.0
1138.0,0.0002869462186936289,0.0002869462186936289,9.237340236722957e-06,6.841777940280735e-05,1.2615503692359198e-05,10.0,1.0,10.0
1139.0,0.00028640523669309914,0.00028640523669309914,9.21921218832722e-06,6.832303188275546e-05,1.2589007383212447e-05,10.0,1.0,10.0
1140.0,0.00028586547705344856,0.00028586547705344856,9.202030923916027e-06,6.822883733548224e-05,1.2561632502183784e-05,10.0,1.0,10.0
1141.0,0.0002853259793482721,0.0002853259793482721,9.184251211991068e-06,6.813448999309912e-05,1.2534897905425169e-05,10.0,1.0,10.0
1142.0,0.0002847871801350266,0.0002847871801350266,9.166106792690698e-06,6.804012809880078e-05,1.2508598956628703e-05,10.0,1.0,10.0
1143.0,0.00028425228083506227,0.00028425228083506227,9.14862539502792e-06,6.794599903514609e-05,1.2482000784075353e-05,10.0,1.0,10.0
1144.0,0.0002837174106389284,0.0002837174106389284,9.131402293860447e-06,6.785234290873632e-05,1.2455105206754524e-05,10.0,1.0,10.0
1145.0,0.0002831832389347255,0.0002831832389347255,9.113404303207062e-06,6.775812653359026e-05,1.2429106391209643e-05,10.0,1.0,10.0
1146.0,0.0002826510462909937,0.0002826510462909937,9.095932909986004e-06,6.76645286148414e-05,1.2402718311932404e-05,10.0,1.0,10.0
1147.0,0.0002821199595928192,0.0002821199595928192,9.07888443180127e-06,6.757117807865143e-05,1.237599462911021e-05,10.0,1.0,10.0
1148.0,0.00028159021167084575,0.00028159021167084575,9.061338460014667e-06,6.747750012436882e-05,1.2349933058430906e-05,10.0,1.0,10.0
1149.0,0.00028106156969442964,0.00028106156969442964,9.043873433256522e-06,6.73842296237126e-05,1.2323861483309884e-05,10.0,1.0,10.0
1150.0,0.00028053464484401047,0.00028053464484401047,9.0266257757321e-06,6.729111191816628e-05,1.2297727153054439e-05,10.0,1.0,10.0
1151.0,0.0002800087968353182,0.0002800087968353182,9.009424502437469e-06,6.719789234921336e-05,1.2271664672880433e-05,10.0,1.0,10.0
1152.0,0.0002794850734062493,0.0002794850734062493,8.992314178613015e-06,6.710491288686171e-05,1.224570041813422e-05,10.0,1.0,10.0
1153.0,0.000278961262665689,0.000278961262665689,8.974922820925713e-06,6.70120061840862e-05,1.2220001735840924e-05,10.0,1.0,10.0
1154.0,0.0002784391399472952,0.0002784391399472952,8.95791072252905e-06,6.691935413982719e-05,1.219406840391457e-05,10.0,1.0,10.0
1155.0,0.0002779180940706283,0.0002779180940706283,8.941019586927723e-06,6.682689127046615e-05,1.216810051118955e-05,10.0,1.0,10.0
1156.0,0.0002773992018774152,0.0002773992018774152,8.923972927732393e-06,6.673428288195282e-05,1.2142520063207485e-05,10.0,1.0,10.0
1157.0,0.00027688147383742034,0.00027688147383742034,8.906899893190712e-06,6.664186366833746e-05,1.2117061487515457e-05,10.0,1.0,10.0
1158.0,0.0002763640368357301,0.0002763640368357301,8.890058779797982e-06,6.654977914877236e-05,1.209136735269567e-05,10.0,1.0,10.0
1159.0,0.00027584959752857685,0.00027584959752857685,8.873323167790659e-06,6.645757093792781e-05,1.2065880582667887e-05,10.0,1.0,10.0
1160.0,0.0002753347216639668,0.0002753347216639668,8.856306521920487e-06,6.636549369432032e-05,1.2040614819852635e-05,10.0,1.0,10.0
1161.0,0.00027482237783260643,0.00027482237783260643,8.839626389089972e-06,6.62737584207207e-05,1.2015235370199662e-05,10.0,1.0,10.0
1162.0,0.0002743102959357202,0.0002743102959357202,8.823062671581283e-06,6.618197221541777e-05,1.1989770428044721e-05,10.0,1.0,10.0
1163.0,0.0002737997565418482,0.0002737997565418482,8.806298865238205e-06,6.609022238990292e-05,1.1964655641349964e-05,10.0,1.0,10.0
1164.0,0.0002732910215854645,0.0002732910215854645,8.789653293206356e-06,6.599882908631116e-05,1.1939566320506856e-05,10.0,1.0,10.0
1165.0,0.0002727832179516554,0.0002727832179516554,8.773176887189038e-06,6.590763223357499e-05,1.1914382412214763e-05,10.0,1.0,10.0
1166.0,0.00027227745158597827,0.00027227745158597827,8.756574061408173e-06,6.58161225146614e-05,1.188955684483517e-05,10.0,1.0,10.0
1167.0,0.0002717719180509448,0.0002717719180509448,8.74004854267696e-06,6.572489655809477e-05,1.1864652151416522e-05,10.0,1.0,10.0
1168.0,0.00027126679196953773,0.00027126679196953773,8.723868631932419e-06,6.563443457707763e-05,1.1839365470223129e-05,10.0,1.0,10.0
1169.0,0.00027076457627117634,0.00027076457627117634,8.707394044904504e-06,6.554350693477318e-05,1.1814714525826275e-05,10.0,1.0,10.0
1170.0,0.00027026329189538956,0.00027026329189538956,8.691095899848733e-06,6.545244104927406e-05,1.178999082185328e-05,10.0,1.0,10.0
1171.0,0.00026976261870004237,0.00026976261870004237,8.674754099047277e-06,6.53616152703762e-05,1.1765345334424637e-05,10.0,1.0,10.0
1172.0,0.00026926412829197943,0.00026926412829197943,8.658556907903403e-06,6.527102959807962e-05,1.1740752597688697e-05,10.0,1.0,10.0
1173.0,0.00026876648189499974,0.00026876648189499974,8.6424988694489e-06,6.518115696962923e-05,1.1716034350683913e-05,10.0,1.0,10.0
1174.0,0.0002682697377167642,0.0002682697377167642,8.626195267424919e-06,6.509111699415371e-05,1.1691665349644609e-05,10.0,1.0,10.0
1175.0,0.00026777462335303426,0.00026777462335303426,8.610219992988277e-06,6.500053132185712e-05,1.1667191756714601e-05,10.0,1.0,10.0
1176.0,0.00026728108059614897,0.00026728108059614897,8.59421106724767e-06,6.491026579169556e-05,1.164287004939979e-05,10.0,1.0,10.0
1177.0,0.00026678701397031546,0.00026678701397031546,8.578073902754113e-06,6.482032040366903e-05,1.1618593816820066e-05,10.0,1.0,10.0
1178.0,0.00026629603235051036,0.00026629603235051036,8.562189577787649e-06,6.473086250480264e-05,1.1594326679187361e-05,10.0,1.0,10.0
1179.0,0.00026580633129924536,0.00026580633129924536,8.546353456040379e-06,6.464141915785149e-05,1.157013866759371e-05,10.0,1.0,10.0
1180.0,0.0002653168048709631,0.0002653168048709631,8.53049277793616e-06,6.455183029174805e-05,1.1546006135176867e-05,10.0,1.0,10.0
1181.0,0.00026482893736101687,0.00026482893736101687,8.514523869962431e-06,6.446206680266187e-05,1.1522161912580486e-05,10.0,1.0,10.0
1182.0,0.00026434255414642394,0.00026434255414642394,8.498771421727724e-06,6.437262345571071e-05,1.1498221283545718e-05,10.0,1.0,10.0
1183.0,0.0002638564328663051,0.0002638564328663051,8.483144483761862e-06,6.428345659514889e-05,1.1474152415757999e-05,10.0,1.0,10.0
1184.0,0.00026337296003475785,0.00026337296003475785,8.467653970001265e-06,6.419466808438301e-05,1.1450174497440457e-05,10.0,1.0,10.0
1185.0,0.00026289012748748064,0.00026289012748748064,8.451983376289718e-06,6.410587229765952e-05,1.1426440323702991e-05,10.0,1.0,10.0
1186.0,0.0002624081098474562,0.0002624081098474562,8.436075404461008e-06,6.401679274858907e-05,1.1403053576941602e-05,10.0,1.0,10.0
1187.0,0.00026192719815298915,0.00026192719815298915,8.420531230513006e-06,6.392789509845898e-05,1.1379399438737892e-05,10.0,1.0,10.0
1188.0,0.00026144873118028045,0.00026144873118028045,8.405352673435118e-06,6.38395213172771e-05,1.1355567039572634e-05,10.0,1.0,10.0
1189.0,0.0002609701768960804,0.0002609701768960804,8.38977939565666e-06,6.375105294864625e-05,1.1332132999086753e-05,10.0,1.0,10.0
1190.0,0.0002604933688417077,0.0002604933688417077,8.374290700885467e-06,6.366281013470143e-05,1.1308764442219399e-05,10.0,1.0,10.0
1191.0,0.00026001728838309646,0.00026001728838309646,8.359078492503613e-06,6.357451638905331e-05,1.1285197615507059e-05,10.0,1.0,10.0
1192.0,0.00025954318698495626,0.00025954318698495626,8.343680747202598e-06,6.348614988382906e-05,1.1262023690505885e-05,10.0,1.0,10.0
1193.0,0.00025906937662512064,0.00025906937662512064,8.328337571583688e-06,6.339814717648551e-05,1.1238786100875586e-05,10.0,1.0,10.0
1194.0,0.00025859742891043425,0.00025859742891043425,8.313023499795236e-06,6.331039185170084e-05,1.1215680387977045e-05,10.0,1.0,10.0
1195.0,0.0002581257140263915,0.0002581257140263915,8.29793862067163e-06,6.322286935755983e-05,1.119234730140306e-05,10.0,1.0,10.0
1196.0,0.00025765696773305535,0.00025765696773305535,8.283026545541361e-06,6.31352377240546e-05,1.1169145182066131e-05,10.0,1.0,10.0
1197.0,0.0002571881050243974,0.0002571881050243974,8.267699740827084e-06,6.304753333097324e-05,1.114635779231321e-05,10.0,1.0,10.0
1198.0,0.00025672122137621045,0.00025672122137621045,8.252612133219372e-06,6.296020728768781e-05,1.1123489457531832e-05,10.0,1.0,10.0
1199.0,0.0002562540175858885,0.0002562540175858885,8.237674592237454e-06,6.287293945206329e-05,1.1100433766841888e-05,10.0,1.0,10.0
1200.0,0.00025578984059393406,0.00025578984059393406,8.223023542086594e-06,6.278603541431949e-05,1.1077358067268506e-05,10.0,1.0,10.0
1201.0,0.0002553254889789969,0.0002553254889789969,8.207663995563053e-06,6.269874575082213e-05,1.1055009963456541e-05,10.0,1.0,10.0
1202.0,0.00025486276717856526,0.00025486276717856526,8.192870154744014e-06,6.261203088797629e-05,1.1032203474314883e-05,10.0,1.0,10.0
1203.0,0.00025440173340030015,0.00025440173340030015,8.178249117918313e-06,6.252526509342715e-05,1.1009396985173225e-05,10.0,1.0,10.0
1204.0,0.0002539413108024746,0.0002539413108024746,8.16334522824036e-06,6.243848474696279e-05,1.0986937923007645e-05,10.0,1.0,10.0
1205.0,0.00025348158669658005,0.00025348158669658005,8.148577762767673e-06,6.235185719560832e-05,1.0964394277834799e-05,10.0,1.0,10.0
1206.0,0.00025302404537796974,0.00025302404537796974,8.133915798680391e-06,6.226547702681273e-05,1.0941940672637429e-05,10.0,1.0,10.0
1207.0,0.0002525669406168163,0.0002525669406168163,8.119343874568585e-06,6.217946065589786e-05,1.0919403393927496e-05,10.0,1.0,10.0
1208.0,0.00025211076717823744,0.00025211076717823744,8.104581866064109e-06,6.209316052263603e-05,1.0897178071900271e-05,10.0,1.0,10.0
1209.0,0.0002516562817618251,0.0002516562817618251,8.090089977486059e-06,6.200704956427217e-05,1.0874833606067114e-05,10.0,1.0,10.0
1210.0,0.00025120345526374876,0.00025120345526374876,8.075488949543796e-06,6.192090950207785e-05,1.0852765626623295e-05,10.0,1.0,10.0
1211.0,0.0002507499884814024,0.0002507499884814024,8.06098341854522e-06,6.183515506563708e-05,1.0830501196323894e-05,10.0,1.0,10.0
1212.0,0.00025029951939359307,0.00025029951939359307,8.046521543292329e-06,6.17496480117552e-05,1.0808466868184041e-05,10.0,1.0,10.0
1213.0,0.0002498498070053756,0.0002498498070053756,8.032357982301619e-06,6.166415550978854e-05,1.078620789485285e-05,10.0,1.0,10.0
1214.0,0.0002494006766937673,0.0002494006766937673,8.017819709493779e-06,6.15785174886696e-05,1.0764396392914932e-05,10.0,1.0,10.0
1215.0,0.00024895317619666457,0.00024895317619666457,8.003505172382575e-06,6.149298133095726e-05,1.0742514859884977e-05,10.0,1.0,10.0
1216.0,0.0002485068398527801,0.0002485068398527801,7.989187906787265e-06,6.140787445474416e-05,1.0720709724409971e-05,10.0,1.0,10.0
1217.0,0.0002480616676621139,0.0002480616676621139,7.974972504598554e-06,6.132305861683562e-05,1.0698889127525035e-05,10.0,1.0,10.0
1218.0,0.0002476173685863614,0.0002476173685863614,7.960816219565459e-06,6.123792991274968e-05,1.0677127647795714e-05,10.0,1.0,10.0
1219.0,0.0002471735351718962,0.0002471735351718962,7.946680852910504e-06,6.115283031249419e-05,1.0655388905433938e-05,10.0,1.0,10.0
1220.0,0.00024673182633705437,0.00024673182633705437,7.932472726679407e-06,6.106797081883997e-05,1.0633912097546272e-05,10.0,1.0,10.0
1221.0,0.0002462903503328562,0.0002462903503328562,7.918371011328418e-06,6.0983413277426735e-05,1.0612322512315586e-05,10.0,1.0,10.0
1222.0,0.0002458511444274336,0.0002458511444274336,7.904631274868734e-06,6.089905582484789e-05,1.05905792224803e-05,10.0,1.0,10.0
1223.0,0.0002454126952216029,0.0002454126952216029,7.890517736086622e-06,6.0814603784820065e-05,1.0569293408480007e-05,10.0,1.0,10.0
1224.0,0.00024497456615790725,0.00024497456615790725,7.876315976318438e-06,6.073006079532206e-05,1.0548133104748558e-05,10.0,1.0,10.0
1225.0,0.00024453861988149583,0.00024453861988149583,7.862519851187244e-06,6.064604167477228e-05,1.0526738151384052e-05,10.0,1.0,10.0
1226.0,0.0002441030810587108,0.0002441030810587108,7.84888288762886e-06,6.0562120779650286e-05,1.0505213140277192e-05,10.0,1.0,10.0
1227.0,0.00024366893921978772,0.00024366893921978772,7.834934876882471e-06,6.047802889952436e-05,1.0484157428436447e-05,10.0,1.0,10.0
1228.0,0.00024323633988387883,0.00024323633988387883,7.821207873348612e-06,6.039433355908841e-05,1.0462992577231489e-05,10.0,1.0,10.0
1229.0,0.00024280365323647857,0.00024280365323647857,7.807283509464469e-06,6.031047450960614e-05,1.0442034181323834e-05,10.0,1.0,10.0
1230.0,0.00024237282923422754,0.00024237282923422754,7.793724762450438e-06,6.0226804635021836e-05,1.042087660607649e-05,10.0,1.0,10.0
1231.0,0.00024194286379497498,0.00024194286379497498,7.779945917718578e-06,6.014356767991558e-05,1.0399984603282064e-05,10.0,1.0,10.0
1232.0,0.00024151368415914476,0.00024151368415914476,7.766025191813242e-06,6.0059923271182925e-05,1.0379351806477644e-05,10.0,1.0,10.0
1233.0,0.00024108655634336174,0.00024108655634336174,7.752895726298448e-06,5.99771155975759e-05,1.0358047802583314e-05,10.0,1.0,10.0
1234.0,0.00024066082551144063,0.00024066082551144063,7.739337888779119e-06,5.989363125991076e-05,1.0337380444980226e-05,10.0,1.0,10.0
1235.0,0.00024023473088163882,0.00024023473088163882,7.725622708676383e-06,5.981053982395679e-05,1.0316796760889702e-05,10.0,1.0,10.0
1236.0,0.00023981054255273193,0.00023981054255273193,7.712148544669617e-06,5.9727793995989487e-05,1.0296125765307806e-05,10.0,1.0,10.0
1237.0,0.00023938714002724737,0.00023938714002724737,7.698852641624399e-06,5.9645200963132083e-05,1.0275341992382891e-05,10.0,1.0,10.0
1238.0,0.00023896578932181,0.00023896578932181,7.685677701374516e-06,5.956262975814752e-05,1.0254639164486434e-05,10.0,1.0,10.0
1239.0,0.00023854378378018737,0.00023854378378018737,7.671780622331426e-06,5.947969475528225e-05,1.0234627552563325e-05,10.0,1.0,10.0
1240.0,0.0002381239173701033,0.0002381239173701033,7.65856839279877e-06,5.939727270742878e-05,1.02140957096708e-05,10.0,1.0,10.0
1241.0,0.00023770585539750755,0.00023770585539750755,7.646029189345427e-06,5.9315399994375184e-05,1.019301635096781e-05,10.0,1.0,10.0
1242.0,0.00023728694941382855,0.00023728694941382855,7.632319466210902e-06,5.923311982769519e-05,1.0173063856200315e-05,10.0,1.0,10.0
1243.0,0.00023687040084041655,0.00023687040084041655,7.618788458785275e-06,5.915088695473969e-05,1.0153163202630822e-05,10.0,1.0,10.0
1244.0,0.0002364550600759685,0.0002364550600759685,7.606102826684946e-06,5.906914884690195e-05,1.0132487659575418e-05,10.0,1.0,10.0
1245.0,0.00023604017042089254,0.00023604017042089254,7.593065220135031e-06,5.898727249586955e-05,1.0112225027114619e-05,10.0,1.0,10.0
1246.0,0.0002356266340939328,0.0002356266340939328,7.5796342571265996e-06,5.890546890441328e-05,1.0092482625623234e-05,10.0,1.0,10.0
1247.0,0.00023521450930275023,0.00023521450930275023,7.5667612691177055e-06,5.882405093871057e-05,1.007228456728626e-05,10.0,1.0,10.0
1248.0,0.00023480372328776866,0.00023480372328776866,7.554047442681622e-06,5.874248017789796e-05,1.005207741400227e-05,10.0,1.0,10.0
1249.0,0.0002343929372727871,0.0002343929372727871,7.540810202044668e-06,5.866104766028002e-05,1.003237866825657e-05,10.0,1.0,10.0
1250.0,0.00023398312623612583,0.00023398312623612583,7.527798516093753e-06,5.8579942560754716e-05,1.0012519851443358e-05,10.0,1.0,10.0
1251.0,0.00023357471218332648,0.00023357471218332648,7.515203378716251e-06,5.849910303368233e-05,9.992358172894455e-06,10.0,1.0,10.0
1252.0,0.00023316733131650835,0.00023316733131650835,7.502196240238845e-06,5.841780512128025e-05,9.972756743081845e-06,10.0,1.0,10.0
1253.0,0.00023276191495824605,0.00023276191495824605,7.48936872696504e-06,5.833688919665292e-05,9.953133485396393e-06,10.0,1.0,10.0
1254.0,0.00023235692060552537,0.00023235692060552537,7.476825430785539e-06,5.825636981171556e-05,9.93322828435339e-06,10.0,1.0,10.0
1255.0,0.00023195199901238084,0.00023195199901238084,7.464035206794506e-06,5.8175603044219315e-05,9.913604117173236e-06,10.0,1.0,10.0
1256.0,0.00023154926020652056,0.00023154926020652056,7.451346846210072e-06,5.8094930864172056e-05,9.894086360873189e-06,10.0,1.0,10.0
1257.0,0.0002311472489964217,0.0002311472489964217,7.438616648869356e-06,5.801452061859891e-05,9.874656825559214e-06,10.0,1.0,10.0
1258.0,0.00023074651835486293,0.00023074651835486293,7.425960120599484e-06,5.7934277720050886e-05,9.855264579528011e-06,10.0,1.0,10.0
1259.0,0.0002303464279975742,0.0002303464279975742,7.413700132019585e-06,5.785454050055705e-05,9.83548852673266e-06,10.0,1.0,10.0
1260.0,0.00022994718165136874,0.00022994718165136874,7.400843060167972e-06,5.777415935881436e-05,9.816460078582168e-06,10.0,1.0,10.0
1261.0,0.00022954927408136427,0.00022954927408136427,7.388291123788804e-06,5.7693767303135246e-05,9.797260645427741e-06,10.0,1.0,10.0
1262.0,0.0002291528508067131,0.0002291528508067131,7.376102075795643e-06,5.761401916970499e-05,9.777781087905169e-06,10.0,1.0,10.0
1263.0,0.00022875636932440102,0.00022875636932440102,7.363472832366824e-06,5.75344092794694e-05,9.75872444541892e-06,10.0,1.0,10.0
1264.0,0.00022836256539449096,0.00022836256539449096,7.351178282988258e-06,5.745512680732645e-05,9.739565939526074e-06,10.0,1.0,10.0
1265.0,0.0002279685577377677,0.0002279685577377677,7.338941941270605e-06,5.737560422858223e-05,9.720353773445822e-06,10.0,1.0,10.0
1266.0,0.00022757587430533022,0.00022757587430533022,7.326213562919293e-06,5.7295605074614286e-05,9.70181281445548e-06,10.0,1.0,10.0
1267.0,0.00022718326363246888,0.00022718326363246888,7.313952664844692e-06,5.7216224377043545e-05,9.682751624495722e-06,10.0,1.0,10.0
1268.0,0.0002267936652060598,0.0002267936652060598,7.302279755094787e-06,5.713763675885275e-05,9.663322998676449e-06,10.0,1.0,10.0
1269.0,0.00022640325187239796,0.00022640325187239796,7.289668246812653e-06,5.7058598031289876e-05,9.644796591601335e-06,10.0,1.0,10.0
1270.0,0.00022601484670303762,0.00022601484670303762,7.27735005057184e-06,5.6979253713507205e-05,9.6262083388865e-06,10.0,1.0,10.0
1271.0,0.00022562748927157372,0.00022562748927157372,7.265558906510705e-06,5.690036778105423e-05,9.607152605894953e-06,10.0,1.0,10.0
1272.0,0.00022524101950693876,0.00022524101950693876,7.253337571455631e-06,5.682178016286343e-05,9.588587090547662e-06,10.0,1.0,10.0
1273.0,0.00022485456429421902,0.00022485456429421902,7.240982085932046e-06,5.674328713212162e-05,9.570146175974514e-06,10.0,1.0,10.0
1274.0,0.00022446965158451349,0.00022446965158451349,7.229386028484441e-06,5.666515062330291e-05,9.551064067636617e-06,10.0,1.0,10.0
1275.0,0.0002240856410935521,0.0002240856410935521,7.2173734224634245e-06,5.6586508435430005e-05,9.532541298540309e-06,10.0,1.0,10.0
1276.0,0.00022370327496901155,0.00022370327496901155,7.204921530501451e-06,5.6507789850002155e-05,9.51462789089419e-06,10.0,1.0,10.0
1277.0,0.0002233218401670456,0.0002233218401670456,7.193224064394599e-06,5.642986798193306e-05,9.495972335571423e-06,10.0,1.0,10.0
1278.0,0.00022294159862212837,0.00022294159862212837,7.181755790952593e-06,5.635249544866383e-05,9.47715398069704e-06,10.0,1.0,10.0
1279.0,0.00022256170632317662,0.00022256170632317662,7.1696217673888896e-06,5.6274384405696765e-05,9.459110515308566e-06,10.0,1.0,10.0
1280.0,0.00022218209051061422,0.00022218209051061422,7.157509116950678e-06,5.6196189689217135e-05,9.44108069234062e-06,10.0,1.0,10.0
1281.0,0.00022180557425599545,0.00022180557425599545,7.146140433178516e-06,5.6118595239240676e-05,9.42255701374961e-06,10.0,1.0,10.0
1282.0,0.00022142799571156502,0.00022142799571156502,7.134354746085592e-06,5.604117177426815e-05,9.404328920936678e-06,10.0,1.0,10.0
1283.0,0.00022105230891611427,0.00022105230891611427,7.122352599253645e-06,5.596360642812215e-05,9.386518286191858e-06,10.0,1.0,10.0
1284.0,0.00022067793179303408,0.00022067793179303408,7.11103348294273e-06,5.588658677879721e-05,9.368101018480957e-06,10.0,1.0,10.0
1285.0,0.00022030332183931023,0.00022030332183931023,7.099238700902788e-06,5.580930519499816e-05,9.350163054477889e-06,10.0,1.0,10.0
1286.0,0.00021993115660734475,0.00021993115660734475,7.0873970798857044e-06,5.5731794418534264e-05,9.332538866146933e-06,10.0,1.0,10.0
1287.0,0.00021955904958304018,0.00021955904958304018,7.075938356138067e-06,5.565489118453115e-05,9.314477210864425e-06,10.0,1.0,10.0
1288.0,0.00021918833954259753,0.00021918833954259753,7.064779765642015e-06,5.5578482715645805e-05,9.296205462305807e-06,10.0,1.0,10.0
1289.0,0.00021881909924559295,0.00021881909924559295,7.052982255117968e-06,5.550149580813013e-05,9.278778634325135e-06,10.0,1.0,10.0
1290.0,0.00021845022274646908,0.00021845022274646908,7.041405751806451e-06,5.5424708989448845e-05,9.261146260541864e-06,10.0,1.0,10.0
1291.0,0.00021808201563544571,0.00021808201563544571,7.030253982520662e-06,5.534827505471185e-05,9.243120985047426e-06,10.0,1.0,10.0
1292.0,0.00021771523461211473,0.00021771523461211473,7.018831183813745e-06,5.5271761084441096e-05,9.22551680559991e-06,10.0,1.0,10.0
1293.0,0.00021734842448495328,0.00021734842448495328,7.007207841525087e-06,5.519547266885638e-05,9.208087249135133e-06,10.0,1.0,10.0
1294.0,0.00021698330237995833,0.00021698330237995833,6.996006050030701e-06,5.511939525604248e-05,9.190383934765123e-06,10.0,1.0,10.0
1295.0,0.00021661915525328368,0.00021661915525328368,6.984749234106857e-06,5.5043223255779594e-05,9.172845238936134e-06,10.0,1.0,10.0
1296.0,0.00021625604131259024,0.00021625604131259024,6.973502422624733e-06,5.496732774190605e-05,9.155370207736269e-06,10.0,1.0,10.0
1297.0,0.00021589327661786228,0.00021589327661786228,6.962031420698622e-06,5.489128307090141e-05,9.138168024946935e-06,10.0,1.0,10.0
1298.0,0.00021553310216404498,0.00021553310216404498,6.951112482056487e-06,5.481562402565032e-05,9.120634786086157e-06,10.0,1.0,10.0
1299.0,0.00021517238928936422,0.00021517238928936422,6.940047569514718e-06,5.474008503369987e-05,9.103183401748538e-06,10.0,1.0,10.0
1300.0,0.00021481234580278397,0.00021481234580278397,6.928627044544555e-06,5.466452785185538e-05,9.086154022952542e-06,10.0,1.0,10.0
1301.0,0.00021445429592859,0.00021445429592859,6.917481641721679e-06,5.4589145292993635e-05,9.06903460418107e-06,10.0,1.0,10.0
1302.0,0.00021409671171568334,0.00021409671171568334,6.9066209107404575e-06,5.451393735711463e-05,9.051656888914295e-06,10.0,1.0,10.0
1303.0,0.00021374068455770612,0.00021374068455770612,6.8957424446125515e-06,5.443869667942636e-05,9.034455615619663e-06,10.0,1.0,10.0
1304.0,0.00021338452643249184,0.00021338452643249184,6.884343747515231e-06,5.43633614142891e-05,9.017772754305042e-06,10.0,1.0,10.0
1305.0,0.0002130307984771207,0.0002130307984771207,6.873687198094558e-06,5.4288553656078875e-05,9.000536920211744e-06,10.0,1.0,10.0
1306.0,0.0002126763283740729,0.0002126763283740729,6.86287421558518e-06,5.4213825933402404e-05,8.983376574178692e-06,10.0,1.0,10.0
1307.0,0.00021232283324934542,0.00021232283324934542,6.851612852187827e-06,5.413904000306502e-05,8.966766472440213e-06,10.0,1.0,10.0
1308.0,0.00021197079331614077,0.00021197079331614077,6.840576133981813e-06,5.4064294090494514e-05,8.950073606683873e-06,10.0,1.0,10.0
1309.0,0.00021162032498978078,0.00021162032498978078,6.8302997533464804e-06,5.399002839112654e-05,8.932730452215765e-06,10.0,1.0,10.0
1310.0,0.000211270060390234,0.000211270060390234,6.819409463787451e-06,5.391559534473345e-05,8.916037586459424e-06,10.0,1.0,10.0
1311.0,0.00021092072711326182,0.00021092072711326182,6.8081703830102924e-06,5.384101677918807e-05,8.899801287043374e-06,10.0,1.0,10.0
1312.0,0.0002105729654431343,0.0002105729654431343,6.797758487664396e-06,5.376718036131933e-05,8.882820111466572e-06,10.0,1.0,10.0
1313.0,0.0002102256694342941,0.0002102256694342941,6.7873024818254635e-06,5.369328209781088e-05,8.865936251822859e-06,10.0,1.0,10.0
1314.0,0.0002098789846058935,0.0002098789846058935,6.776165719202254e-06,5.361903095035814e-05,8.849830919643864e-06,10.0,1.0,10.0
1315.0,0.00020953358034603298,0.00020953358034603298,6.765752004866954e-06,5.354542736313306e-05,8.833063475321978e-06,10.0,1.0,10.0
1316.0,0.00020918858353979886,0.00020918858353979886,6.755248705303529e-06,5.347186015569605e-05,8.816424269753043e-06,10.0,1.0,10.0
1317.0,0.0002088453620672226,0.0002088453620672226,6.7445098466123454e-06,5.339784547686577e-05,8.800241630524397e-06,10.0,1.0,10.0
1318.0,0.00020850260625593364,0.00020850260625593364,6.734042926836992e-06,5.3324434702517465e-05,8.783775228948798e-06,10.0,1.0,10.0
1319.0,0.00020816100004594773,0.00020816100004594773,6.723648311890429e-06,5.325127858668566e-05,8.767323379288428e-06,10.0,1.0,10.0
1320.0,0.00020782013598363847,0.00020782013598363847,6.713083166687284e-06,5.3178093367023394e-05,8.751121640671045e-06,10.0,1.0,10.0
1321.0,0.0002074804506264627,0.0002074804506264627,6.702604423480807e-06,5.310487176757306e-05,8.734953553357627e-06,10.0,1.0,10.0
1322.0,0.00020714016864076257,0.00020714016864076257,6.692175702482928e-06,5.303178841131739e-05,8.718661774764769e-06,10.0,1.0,10.0
1323.0,0.00020680276793427765,0.00020680276793427765,6.68193752062507e-06,5.2958883316023275e-05,8.702450941200368e-06,10.0,1.0,10.0
1324.0,0.00020646520715672523,0.00020646520715672523,6.6714846980175935e-06,5.288608372211456e-05,8.686427463544533e-06,10.0,1.0,10.0
1325.0,0.00020612830121535808,0.00020612830121535808,6.661061888735276e-06,5.281321136862971e-05,8.670447641634382e-06,10.0,1.0,10.0
1326.0,0.000205792865017429,0.000205792865017429,6.651031526416773e-06,5.274081195238978e-05,8.654173143440858e-06,10.0,1.0,10.0
1327.0,0.00020545872393995523,0.00020545872393995523,6.640593255724525e-06,5.266835796646774e-05,8.638442523078993e-06,10.0,1.0,10.0
1328.0,0.00020512432092800736,0.00020512432092800736,6.630255938944174e-06,5.259590034256689e-05,8.622586392448284e-06,10.0,1.0,10.0
1329.0,0.00020479154773056507,0.00020479154773056507,6.62023012409918e-06,5.252365372143686e-05,8.606560186308343e-06,10.0,1.0,10.0
1330.0,0.0002044595603365451,0.0002044595603365451,6.6101029005949385e-06,5.245143984211609e-05,8.590708603151143e-06,10.0,1.0,10.0
1331.0,0.00020412875164765865,0.00020412875164765865,6.59992610962945e-06,5.2379342378117144e-05,8.57501527207205e-06,10.0,1.0,10.0
1332.0,0.00020379864145070314,0.00020379864145070314,6.589825716218911e-06,5.230754322838038e-05,8.559284651710186e-06,10.0,1.0,10.0
1333.0,0.00020346924429759383,0.00020346924429759383,6.579760793101741e-06,5.223570769885555e-05,8.543593139620498e-06,10.0,1.0,10.0
1334.0,0.00020314005087129772,0.00020314005087129772,6.569647212018026e-06,5.216393037699163e-05,8.527964382665232e-06,10.0,1.0,10.0
1335.0,0.00020281298202462494,0.00020281298202462494,6.559536814165767e-06,5.2092196710873395e-05,8.512541171512567e-06,10.0,1.0,10.0
1336.0,0.0002024858258664608,0.0002024858258664608,6.549761110363761e-06,5.202092870604247e-05,8.49672778713284e-06,10.0,1.0,10.0
1337.0,0.00020215983386151493,0.00020215983386151493,6.53965980745852e-06,5.1949507906101644e-05,8.481372788082808e-06,10.0,1.0,10.0
1338.0,0.00020183490414638072,0.00020183490414638072,6.529803158628056e-06,5.187819624552503e-05,8.465867722406983e-06,10.0,1.0,10.0
1339.0,0.00020151067292317748,0.00020151067292317748,6.5198482843698e-06,5.1806979172397405e-05,8.450521818303969e-06,10.0,1.0,10.0
1340.0,0.0002011870383284986,0.0002011870383284986,6.509941613330739e-06,5.173590761842206e-05,8.435172276222147e-06,10.0,1.0,10.0
1341.0,0.00020086448057554662,0.00020086448057554662,6.5001772782125045e-06,5.16650325153023e-05,8.419768164458219e-06,10.0,1.0,10.0
1342.0,0.00020054334891028702,0.00020054334891028702,6.490407031378709e-06,5.159421561984345e-05,8.404505933867767e-06,10.0,1.0,10.0
1343.0,0.000200222508283332,0.000200222508283332,6.480494448624086e-06,5.1523464208003134e-05,8.38941014080774e-06,10.0,1.0,10.0
1344.0,0.00019990248256362975,0.00019990248256362975,6.470806965808151e-06,5.14528073836118e-05,8.374159733648412e-06,10.0,1.0,10.0
1345.0,0.00019958382472395897,0.00019958382472395897,6.461243174271658e-06,5.138235428603366e-05,8.358903869520873e-06,10.0,1.0,10.0
1346.0,0.00019926493405364454,0.00019926493405364454,6.4513201323279645e-06,5.131198849994689e-05,8.34397451399127e-06,10.0,1.0,10.0
1347.0,0.00019894800789188594,0.00019894800789188594,6.441690402425593e-06,5.1241662731627e-05,8.32894420454977e-06,10.0,1.0,10.0
1348.0,0.0001986311108339578,0.0001986311108339578,6.432333520933753e-06,5.117152613820508e-05,8.313623766298406e-06,10.0,1.0,10.0
1349.0,0.00019831600366160274,0.00019831600366160274,6.422589194698958e-06,5.110146594233811e-05,8.298864486278035e-06,10.0,1.0,10.0
1350.0,0.00019800066365860403,0.00019800066365860403,6.412686161638703e-06,5.103144212625921e-05,8.284236173494719e-06,10.0,1.0,10.0
1351.0,0.00019768686615861952,0.00019768686615861952,6.403585757652763e-06,5.096181121189147e-05,8.268920282716863e-06,10.0,1.0,10.0
1352.0,0.00019737414550036192,0.00019737414550036192,6.3940965446818154e-06,5.089202750241384e-05,8.254116437456105e-06,10.0,1.0,10.0
1353.0,0.00019706158491317183,0.00019706158491317183,6.384178504958982e-06,5.082209099782631e-05,8.23977097752504e-06,10.0,1.0,10.0
1354.0,0.0001967498828889802,0.0001967498828889802,6.374951226462144e-06,5.0752692914102226e-05,8.224767952924594e-06,10.0,1.0,10.0
1355.0,0.00019643924315460026,0.00019643924315460026,6.365708486555377e-06,5.068341124569997e-05,8.20987406768836e-06,10.0,1.0,10.0
1356.0,0.00019613001495599747,0.00019613001495599747,6.3560214584867936e-06,5.06141223013401e-05,8.195568625524174e-06,10.0,1.0,10.0
1357.0,0.0001958206412382424,0.0001958206412382424,6.346571808535373e-06,5.054472421761602e-05,8.181019438779913e-06,10.0,1.0,10.0
1358.0,0.0001955123880179599,0.0001955123880179599,6.337614195217611e-06,5.047573722549714e-05,8.166050065483432e-06,10.0,1.0,10.0
1359.0,0.0001952053135028109,0.0001952053135028109,6.32806177236489e-06,5.040676478529349e-05,8.15179282653844e-06,10.0,1.0,10.0
1360.0,0.00019489912665449083,0.00019489912665449083,6.318685791484313e-06,5.0337919674348086e-05,8.137433724186849e-06,10.0,1.0,10.0
1361.0,0.00019459309987723827,0.00019459309987723827,6.309597665676847e-06,5.026925646234304e-05,8.122786312014796e-06,10.0,1.0,10.0
1362.0,0.00019428835366852582,0.00019428835366852582,6.30030899628764e-06,5.02004950249102e-05,8.108477231871802e-06,10.0,1.0,10.0
1363.0,0.00019398430595174432,0.00019398430595174432,6.291006684477907e-06,5.0131820898968726e-05,8.09424091130495e-06,10.0,1.0,10.0
1364.0,0.00019368066568858922,0.00019368066568858922,6.281883997871773e-06,5.0063361413776875e-05,8.079845429165289e-06,10.0,1.0,10.0
1365.0,0.00019337872799951583,0.00019337872799951583,6.272775863180868e-06,4.999519296688959e-05,8.065577276283875e-06,10.0,1.0,10.0
1366.0,0.00019307697948534042,0.00019307697948534042,6.263620889512822e-06,4.99270718137268e-05,8.051369150052778e-06,10.0,1.0,10.0
1367.0,0.00019277674437034875,0.00019277674437034875,6.254633262869902e-06,4.9858877900987864e-05,8.037153747864068e-06,10.0,1.0,10.0
1368.0,0.00019247662567067891,0.00019247662567067891,6.245509666769067e-06,4.979088407708332e-05,8.023064765438903e-06,10.0,1.0,10.0
1369.0,0.00019217717635910958,0.00019217717635910958,6.2363747019844595e-06,4.972291935700923e-05,8.009051271073986e-06,10.0,1.0,10.0
1370.0,0.0001918796479003504,0.0001918796479003504,6.22741299594054e-06,4.965520201949403e-05,7.995031410246156e-06,10.0,1.0,10.0
1371.0,0.00019158126087859273,0.00019158126087859273,6.2185108617995866e-06,4.958763747708872e-05,7.980851478350814e-06,10.0,1.0,10.0
1372.0,0.00019128411076962948,0.00019128411076962948,6.209515959199052e-06,4.9520145694259554e-05,7.96688073023688e-06,10.0,1.0,10.0
1373.0,0.0001909888378577307,0.0001909888378577307,6.200494681252167e-06,4.945242835674435e-05,7.953146450745407e-06,10.0,1.0,10.0
1374.0,0.0001906939287437126,0.0001906939287437126,6.191700322233373e-06,4.938506754115224e-05,7.939185707073193e-06,10.0,1.0,10.0
1375.0,0.00019039935432374477,0.00019039935432374477,6.182870947668562e-06,4.9318059609504417e-05,7.925257705210242e-06,10.0,1.0,10.0
1376.0,0.00019010534742847085,0.00019010534742847085,6.1739597185805906e-06,4.925104076392017e-05,7.911469765531365e-06,10.0,1.0,10.0
1377.0,0.0001898131158668548,0.0001898131158668548,6.165137165226042e-06,4.918390914099291e-05,7.897784598753788e-06,10.0,1.0,10.0
1378.0,0.00018952033133246005,0.00018952033133246005,6.15641010881518e-06,4.911708310828544e-05,7.883915714046452e-06,10.0,1.0,10.0
1379.0,0.00018922935123555362,0.00018922935123555362,6.147547082946403e-06,4.9050104280468076e-05,7.870377885410562e-06,10.0,1.0,10.0
1380.0,0.00018893892411142588,0.00018893892411142588,6.138854132586857e-06,4.898357292404398e-05,7.856681804696564e-06,10.0,1.0,10.0
1381.0,0.00018864932644646615,0.00018864932644646615,6.130168912932277e-06,4.891709249932319e-05,7.8430548455799e-06,10.0,1.0,10.0
1382.0,0.00018836098024621606,0.00018836098024621606,6.121643309597857e-06,4.885079761152156e-05,7.829375135770533e-06,10.0,1.0,10.0
1383.0,0.00018807267770171165,0.00018807267770171165,6.112734354246641e-06,4.878419713350013e-05,7.816114703018684e-06,10.0,1.0,10.0
1384.0,0.00018778516096062958,0.00018778516096062958,6.104145541030448e-06,4.87179022456985e-05,7.8025796028669e-06,10.0,1.0,10.0
1385.0,0.00018749860464595258,0.00018749860464595258,6.095760454627452e-06,4.8651880206307396e-05,7.788912625983357e-06,10.0,1.0,10.0
1386.0,0.00018721300875768065,0.00018721300875768065,6.087053407100029e-06,4.858594184042886e-05,7.77565310272621e-06,10.0,1.0,10.0
1387.0,0.00018692779121920466,0.00018692779121920466,6.078419119148748e-06,4.852005440625362e-05,7.762353561702184e-06,10.0,1.0,10.0
1388.0,0.00018664434901438653,0.00018664434901438653,6.070055860618595e-06,4.845409421250224e-05,7.748969437670894e-06,10.0,1.0,10.0
1389.0,0.00018636038294062018,0.00018636038294062018,6.061452495487174e-06,4.8388268623966724e-05,7.735759027127642e-06,10.0,1.0,10.0
1390.0,0.0001860778866102919,0.0001860778866102919,6.052882781659719e-06,4.8322708607884124e-05,7.722634109086357e-06,10.0,1.0,10.0
1391.0,0.00018579550669528544,0.00018579550669528544,6.044534075044794e-06,4.8257323214784265e-05,7.709284545853734e-06,10.0,1.0,10.0
1392.0,0.00018551450921222568,0.00018551450921222568,6.0363008742569946e-06,4.819194145966321e-05,7.695956810493954e-06,10.0,1.0,10.0
1393.0,0.0001852337154559791,0.0001852337154559791,6.0274896895862184e-06,4.812633778783493e-05,7.68324844102608e-06,10.0,1.0,10.0
1394.0,0.00018495472613722086,0.00018495472613722086,6.019281499902718e-06,4.806118522537872e-05,7.670072591281496e-06,10.0,1.0,10.0
1395.0,0.00018467532936483622,0.00018467532936483622,6.010978722770233e-06,4.799600719707087e-05,7.656954039703123e-06,10.0,1.0,10.0
1396.0,0.00018439741688780487,0.00018439741688780487,6.002539066685131e-06,4.79310801893007e-05,7.644095603609458e-06,10.0,1.0,10.0
1397.0,0.00018412055214866996,0.00018412055214866996,5.994292678224156e-06,4.7866265958873555e-05,7.631137123098597e-06,10.0,1.0,10.0
1398.0,0.00018384387658443302,0.00018384387658443302,5.98617407376878e-06,4.780149174621329e-05,7.618064046255313e-06,10.0,1.0,10.0
1399.0,0.00018356795771978796,0.00018356795771978796,5.977749424346257e-06,4.773671753355302e-05,7.605375230923528e-06,10.0,1.0,10.0
1400.0,0.00018329238810110837,0.00018329238810110837,5.9693720686482266e-06,4.7672012442490086e-05,7.592665497213602e-06,10.0,1.0,10.0
1401.0,0.00018301860836800188,0.00018301860836800188,5.961277111055097e-06,4.760761294164695e-05,7.579821613035165e-06,10.0,1.0,10.0
1402.0,0.00018274527974426746,0.00018274527974426746,5.953410436632112e-06,4.754359179059975e-05,7.566758995380951e-06,10.0,1.0,10.0
1403.0,0.00018247196567244828,0.00018247196567244828,5.945013072050642e-06,4.747920320369303e-05,7.554263447673293e-06,10.0,1.0,10.0
1404.0,0.0001821995247155428,0.0001821995247155428,5.936611159995664e-06,4.741477096104063e-05,7.541865215898724e-06,10.0,1.0,10.0
1405.0,0.00018192848074249923,0.00018192848074249923,5.928956852585543e-06,4.7350968088721856e-05,7.528793958044844e-06,10.0,1.0,10.0
1406.0,0.0001816584262996912,0.0001816584262996912,5.920797775615938e-06,4.7287099732784554e-05,7.516335699619958e-06,10.0,1.0,10.0
1407.0,0.0001813881826819852,0.0001813881826819852,5.912558663112577e-06,4.722327139461413e-05,7.50393246562453e-06,10.0,1.0,10.0
1408.0,0.00018111892859451473,0.00018111892859451473,5.904777026444208e-06,4.7159617679426447e-05,7.491154974559322e-06,10.0,1.0,10.0
1409.0,0.0001808502565836534,0.0001808502565836534,5.896665243199095e-06,4.709578206529841e-05,7.478782208636403e-06,10.0,1.0,10.0
1410.0,0.00018058292334899306,0.00018058292334899306,5.88844977755798e-06,4.703224840341136e-05,7.466616807505488e-06,10.0,1.0,10.0
1411.0,0.0001803156192181632,0.0001803156192181632,5.880771823285613e-06,4.696916221291758e-05,7.453873877238948e-06,10.0,1.0,10.0
1412.0,0.00018004910089075565,0.00018004910089075565,5.872994734090753e-06,4.69060214527417e-05,7.441313755407464e-06,10.0,1.0,10.0
1413.0,0.00017978367395699024,0.00017978367395699024,5.864684226253303e-06,4.68424113932997e-05,7.429442121065222e-06,10.0,1.0,10.0
1414.0,0.0001795189455151558,0.0001795189455151558,5.856865300302161e-06,4.6779347030678764e-05,7.4170934567519e-06,10.0,1.0,10.0
1415.0,0.00017925487190950662,0.00017925487190950662,5.849373337696306e-06,4.671665737987496e-05,7.4044482971658e-06,10.0,1.0,10.0
1416.0,0.00017899111844599247,0.00017899111844599247,5.841048277943628e-06,4.6653542085550725e-05,7.392708539555315e-06,10.0,1.0,10.0
1417.0,0.0001787290966603905,0.0001787290966603905,5.833383056597086e-06,4.6590848796768114e-05,7.3804421845125034e-06,10.0,1.0,10.0
1418.0,0.0001784671621862799,0.0001784671621862799,5.825927473779302e-06,4.652838470065035e-05,7.367951184278354e-06,10.0,1.0,10.0
1419.0,0.00017820556240621954,0.00017820556240621954,5.817893907078542e-06,4.646564048016444e-05,7.356098194577498e-06,10.0,1.0,10.0
1420.0,0.00017794553423300385,0.00017794553423300385,5.810009952256223e-06,4.640303086489439e-05,7.344239293161081e-06,10.0,1.0,10.0
1421.0,0.00017768554971553385,0.00017768554971553385,5.802581654279493e-06,4.634081415133551e-05,7.331892902584514e-06,10.0,1.0,10.0
1422.0,0.00017742672935128212,0.00017742672935128212,5.794807293568738e-06,4.627877569873817e-05,7.319987162190955e-06,10.0,1.0,10.0
1423.0,0.00017716814181767404,0.00017716814181767404,5.786898782389471e-06,4.621643165592104e-05,7.308273325179471e-06,10.0,1.0,10.0
1424.0,0.0001769104419508949,0.0001769104419508949,5.779661478300113e-06,4.61545423604548e-05,7.295928298844956e-06,10.0,1.0,10.0
1425.0,0.0001766533823683858,0.0001766533823683858,5.771935775555903e-06,4.609253301168792e-05,7.284148523467593e-06,10.0,1.0,10.0
1426.0,0.00017639773432165384,0.00017639773432165384,5.764081379311392e-06,4.603064735420048e-05,7.272627499332884e-06,10.0,1.0,10.0
1427.0,0.00017614135867916048,0.00017614135867916048,5.756655355071416e-06,4.5969161874381825e-05,7.260565325850621e-06,10.0,1.0,10.0
1428.0,0.00017588712216820568,0.00017588712216820568,5.7494562497595325e-06,4.5907654566690326e-05,7.2484908741898835e-06,10.0,1.0,10.0
1429.0,0.00017563311848789454,0.00017563311848789454,5.7414094953855965e-06,4.584581620292738e-05,7.23732136975741e-06,10.0,1.0,10.0
1430.0,0.0001753790711518377,0.0001753790711518377,5.734055321227061e-06,4.578455991577357e-05,7.225394710985711e-06,10.0,1.0,10.0
1431.0,0.00017512655176687986,0.00017512655176687986,5.726889867219143e-06,4.572341640596278e-05,7.213423486973625e-06,10.0,1.0,10.0
1432.0,0.0001748741779010743,0.0001748741779010743,5.719057298847474e-06,4.5662040065508336e-05,7.202156666608062e-06,10.0,1.0,10.0
1433.0,0.00017462273535784334,0.00017462273535784334,5.711660378437955e-06,4.560091838357039e-05,7.1905215008882806e-06,10.0,1.0,10.0
1434.0,0.00017437199130654335,0.00017437199130654335,5.704484010493616e-06,4.554006955004297e-05,7.178708528954303e-06,10.0,1.0,10.0
1435.0,0.00017412225133739412,0.00017412225133739412,5.696849257219583e-06,4.547912976704538e-05,7.16746217221953e-06,10.0,1.0,10.0
1436.0,0.00017387274419888854,0.00017387274419888854,5.689422778232256e-06,4.541833186522126e-05,7.156019364629174e-06,10.0,1.0,10.0
1437.0,0.00017362376092933118,0.00017362376092933118,5.682346454705112e-06,4.535760672297329e-05,7.144269147829618e-06,10.0,1.0,10.0
1438.0,0.000173376000020653,0.000173376000020653,5.674856311088661e-06,4.529700890998356e-05,7.133042799978284e-06,10.0,1.0,10.0
1439.0,0.00017312898125965148,0.00017312898125965148,5.667343884852016e-06,4.523637471720576e-05,7.121916496544145e-06,10.0,1.0,10.0
1440.0,0.00017288253002334386,0.00017288253002334386,5.6604458222864196e-06,4.517624984146096e-05,7.110182195901871e-06,10.0,1.0,10.0
1441.0,0.00017263727204408497,0.00017263727204408497,5.653076641465304e-06,4.511597944656387e-05,7.099052709236275e-06,10.0,1.0,10.0
1442.0,0.00017239154840353876,0.00017239154840353876,5.645567853207467e-06,4.5055618102196604e-05,7.088025085977279e-06,10.0,1.0,10.0
1443.0,0.00017214652325492352,0.00017214652325492352,5.638572474708781e-06,4.499560236581601e-05,7.0765195232525e-06,10.0,1.0,10.0
1444.0,0.00017190322978422046,0.00017190322978422046,5.631630301650148e-06,4.493584856390953e-05,7.065107638482004e-06,10.0,1.0,10.0
1445.0,0.00017166000907309353,0.00017166000907309353,5.6239978221128695e-06,4.487577825784683e-05,7.054424258967629e-06,10.0,1.0,10.0
1446.0,0.00017141726857516915,0.00017141726857516915,5.616959242615849e-06,4.4816046283813193e-05,7.043163350317627e-06,10.0,1.0,10.0
1447.0,0.00017117550305556506,0.00017117550305556506,5.610153493762482e-06,4.475651803659275e-05,7.031745099084219e-06,10.0,1.0,10.0
1448.0,0.0001709339121589437,0.0001709339121589437,5.6026974561973475e-06,4.469693885766901e-05,7.020998964435421e-06,10.0,1.0,10.0
1449.0,0.00017069322348106652,0.00017069322348106652,5.595651145995362e-06,4.463754885364324e-05,7.009916771494318e-06,10.0,1.0,10.0
1450.0,0.00017045301501639187,0.00017045301501639187,5.588765361608239e-06,4.457826798898168e-05,6.99870906828437e-06,10.0,1.0,10.0
1451.0,0.0001702140289125964,0.0001702140289125964,5.581532150245039e-06,4.4518681534100324e-05,6.988002496655099e-06,10.0,1.0,10.0
1452.0,0.00016997571219690144,0.00016997571219690144,5.574554052145686e-06,4.445966624189168e-05,6.9770508162037e-06,10.0,1.0,10.0
1453.0,0.00016973793390206993,0.00016973793390206993,5.567705557041336e-06,4.440084740053862e-05,6.9660036388086155e-06,10.0,1.0,10.0
1454.0,0.00016950021381489933,0.00016950021381489933,5.560702447837684e-06,4.434198490343988e-05,6.955120625207201e-06,10.0,1.0,10.0
1455.0,0.0001692634541541338,0.0001692634541541338,5.5534774219268e-06,4.4282845919951797e-05,6.944584129087161e-06,10.0,1.0,10.0
1456.0,0.00016902803326956928,0.00016902803326956928,5.5468112805101555e-06,4.4224230805411935e-05,6.9335683292592876e-06,10.0,1.0,10.0
1457.0,0.0001687927870079875,0.0001687927870079875,5.539840458368417e-06,4.416561932885088e-05,6.922876309545245e-06,10.0,1.0,10.0
1458.0,0.00016855786088854074,0.00016855786088854074,5.532846898859134e-06,4.410720430314541e-05,6.912219760124572e-06,10.0,1.0,10.0
1459.0,0.00016832364781294018,0.00016832364781294018,5.526179393200437e-06,4.404886931297369e-05,6.901298092998331e-06,10.0,1.0,10.0
1460.0,0.00016809048247523606,0.00016809048247523606,5.51917901248089e-06,4.399033059598878e-05,6.890836630191188e-06,10.0,1.0,10.0
1461.0,0.00016785823390819132,0.00016785823390819132,5.512219104275573e-06,4.393197741592303e-05,6.880405635456555e-06,10.0,1.0,10.0
1462.0,0.00016762613086029887,0.00016762613086029887,5.505653462023474e-06,4.387411900097504e-05,6.869547178212088e-06,10.0,1.0,10.0
1463.0,0.00016739439161028713,0.00016739439161028713,5.49890046386281e-06,4.3816260586027056e-05,6.858912911411608e-06,10.0,1.0,10.0
1464.0,0.0001671629142947495,0.0001671629142947495,5.491880983754527e-06,4.375806383905001e-05,6.848605153209064e-06,10.0,1.0,10.0
1465.0,0.00016693296493031085,0.00016693296493031085,5.485318524733884e-06,4.37002454418689e-05,6.8379531512619e-06,10.0,1.0,10.0
1466.0,0.00016670390323270112,0.00016670390323270112,5.478557795868255e-06,4.3642663513310254e-05,6.827566721767653e-06,10.0,1.0,10.0
1467.0,0.0001664751034695655,0.0001664751034695655,5.471586518979166e-06,4.358492878964171e-05,6.817431312811095e-06,10.0,1.0,10.0
1468.0,0.00016624647832941264,0.00016624647832941264,5.465250069391914e-06,4.352761243353598e-05,6.806636520195752e-06,10.0,1.0,10.0
1469.0,0.0001660188427194953,0.0001660188427194953,5.458472969621653e-06,4.3469975935295224e-05,6.796412890253123e-06,10.0,1.0,10.0
1470.0,0.0001657921529840678,0.0001657921529840678,5.451635388453724e-06,4.341258681961335e-05,6.786322046536952e-06,10.0,1.0,10.0
1471.0,0.00016556595801375806,0.00016556595801375806,5.445327133202227e-06,4.335553603596054e-05,6.775714609830175e-06,10.0,1.0,10.0
1472.0,0.00016533937014173716,0.00016533937014173716,5.438586413220037e-06,4.3298503442201763e-05,6.765500529581914e-06,10.0,1.0,10.0
1473.0,0.00016511455760337412,0.00016511455760337412,5.4316465138981584e-06,4.32411179644987e-05,6.755698450433556e-06,10.0,1.0,10.0
1474.0,0.00016489028348587453,0.00016489028348587453,5.425587460194947e-06,4.318462379160337e-05,6.7449782363837585e-06,10.0,1.0,10.0
1475.0,0.0001646658347453922,0.0001646658347453922,5.418894943431951e-06,4.312765668146312e-05,6.734923772455659e-06,10.0,1.0,10.0
1476.0,0.0001644432923058048,0.0001644432923058048,5.412156042439165e-06,4.3070798710687086e-05,6.725093498971546e-06,10.0,1.0,10.0
1477.0,0.00016422069165855646,0.00016422069165855646,5.405918727774406e-06,4.301440276321955e-05,6.7147102527087554e-06,10.0,1.0,10.0
1478.0,0.0001639989495743066,0.0001639989495743066,5.399409474193817e-06,4.295791586628184e-05,6.704693078063428e-06,10.0,1.0,10.0
1479.0,0.0001637776877032593,0.0001637776877032593,5.3926223699818365e-06,4.2901341657852754e-05,6.695011506963056e-06,10.0,1.0,10.0
1480.0,0.00016355585830751806,0.00016355585830751806,5.386521934269695e-06,4.2845174903050065e-05,6.6845459514297545e-06,10.0,1.0,10.0
1481.0,0.00016333634266629815,0.00016333634266629815,5.3800458772457205e-06,4.2788982682395726e-05,6.674690666841343e-06,10.0,1.0,10.0
1482.0,0.00016311692888848484,0.00016311692888848484,5.373456588131376e-06,4.273267404641956e-05,6.664969077974092e-06,10.0,1.0,10.0
1483.0,0.00016289738414343446,0.00016289738414343446,5.367299309000373e-06,4.267691110726446e-05,6.654748176515568e-06,10.0,1.0,10.0
1484.0,0.0001626796438358724,0.0001626796438358724,5.360858267522417e-06,4.262097354512662e-05,6.645008397754282e-06,10.0,1.0,10.0
1485.0,0.00016246148152276874,0.00016246148152276874,5.354352651920635e-06,4.256511601852253e-05,6.635284989897627e-06,10.0,1.0,10.0
1486.0,0.00016224401770159602,0.00016224401770159602,5.3481553550227545e-06,4.250940037309192e-05,6.6253073782718275e-06,10.0,1.0,10.0
1487.0,0.00016202847473323345,0.00016202847473323345,5.341879841580521e-06,4.245381569489837e-05,6.6155862441519275e-06,10.0,1.0,10.0
1488.0,0.00016181223327293992,0.00016181223327293992,5.3355429372459184e-06,4.2398402001708746e-05,6.6058414631697815e-06,10.0,1.0,10.0
1489.0,0.00016159650112967938,0.00016159650112967938,5.329275609256001e-06,4.2342951928731054e-05,6.596079401788302e-06,10.0,1.0,10.0
1490.0,0.0001613823842490092,0.0001613823842490092,5.323071036400506e-06,4.2287574615329504e-05,6.586410108866403e-06,10.0,1.0,10.0
1491.0,0.00016116794722620398,0.00016116794722620398,5.316707301972201e-06,4.223240102874115e-05,6.5768472268246114e-06,10.0,1.0,10.0
1492.0,0.00016095431055873632,0.00016095431055873632,5.310532742441865e-06,4.217730020172894e-05,6.567167929460993e-06,10.0,1.0,10.0
1493.0,0.00016074097948148847,0.00016074097948148847,5.30444094692939e-06,4.212227213429287e-05,6.55742996968911e-06,10.0,1.0,10.0
1494.0,0.0001605292345630005,0.0001605292345630005,5.298103587847436e-06,4.206730955047533e-05,6.5480890043545514e-06,10.0,1.0,10.0
1495.0,0.00016031703853514045,0.00016031703853514045,5.291813977237325e-06,4.201236879453063e-05,6.538652996823657e-06,10.0,1.0,10.0
1496.0,0.00016010629769880325,0.00016010629769880325,5.2859968491247855e-06,4.1957860958063975e-05,6.52884591545444e-06,10.0,1.0,10.0
1497.0,0.00015989522216841578,0.00015989522216841578,5.27981774212094e-06,4.1903294913936406e-05,6.51937625661958e-06,10.0,1.0,10.0
1498.0,0.000159685718244873,0.000159685718244873,5.2734444579982664e-06,4.1848630644381046e-05,6.510264483949868e-06,10.0,1.0,10.0
1499.0,0.00015947635984048247,0.00015947635984048247,5.267573669698322e-06,4.179422103334218e-05,6.500639756268356e-06,10.0,1.0,10.0
1500.0,0.00015926695778034627,0.00015926695778034627,5.261587830318604e-06,4.17400078731589e-05,6.491106432804372e-06,10.0,1.0,10.0
