epoch,loss_total,objective_total,loss_data,loss_physics,loss_boundary,weight_data,weight_physics,weight_boundary
1.0,107.08406829833984,107.08406829833984,0.4167617857456207,102.43560791015625,0.04808424413204193,10.0,1.0,10.0
2.0,104.7303466796875,104.7303466796875,0.31050118803977966,101.47250366210938,0.015283364802598953,10.0,1.0,10.0
3.0,102.83196258544922,102.83196258544922,0.22728563845157623,100.54540252685547,0.001370132784359157,10.0,1.0,10.0
4.0,101.33244323730469,101.33244323730469,0.16438251733779907,99.64534759521484,0.0043276636861264706,10.0,1.0,10.0
5.0,100.18917846679688,100.18917846679688,0.11995431780815125,98.76351928710938,0.022611407563090324,10.0,1.0,10.0
6.0,99.36432647705078,99.36432647705078,0.09266668558120728,97.89390563964844,0.05437544733285904,10.0,1.0,10.0
7.0,98.80896759033203,98.80896759033203,0.08074378222227097,97.03604125976562,0.09654929488897324,10.0,1.0,10.0
8.0,98.4527587890625,98.4527587890625,0.08121566474437714,96.1961669921875,0.1444436013698578,10.0,1.0,10.0
9.0,98.20659637451172,98.20659637451172,0.08986197412014008,95.38634490966797,0.1921631395816803,10.0,1.0,10.0
10.0,97.97941589355469,97.97941589355469,0.10194596648216248,94.62115478515625,0.2338799387216568,10.0,1.0,10.0
11.0,97.69810485839844,97.69810485839844,0.11333385854959488,93.91259002685547,0.2652178108692169,10.0,1.0,10.0
12.0,97.3191146850586,97.3191146850586,0.12130123376846313,93.266357421875,0.28397446870803833,10.0,1.0,10.0
13.0,96.82904815673828,96.82904815673828,0.12472424656152725,92.68110656738281,0.2900693416595459,10.0,1.0,10.0
14.0,96.23744201660156,96.23744201660156,0.12379774451255798,92.14921569824219,0.28502511978149414,10.0,1.0,10.0
15.0,95.5667495727539,95.5667495727539,0.11955589056015015,91.65795135498047,0.27132415771484375,10.0,1.0,10.0
16.0,94.8427734375,94.8427734375,0.11339789628982544,91.19035339355469,0.25184381008148193,10.0,1.0,10.0
17.0,94.08714294433594,94.08714294433594,0.10671038180589676,90.72563934326172,0.2294401228427887,10.0,1.0,10.0
18.0,93.31227111816406,93.31227111816406,0.10060843080282211,90.2394790649414,0.20667117834091187,10.0,1.0,10.0
19.0,92.51895141601562,92.51895141601562,0.09579141438007355,89.70474243164062,0.18562951683998108,10.0,1.0,10.0
20.0,91.69664764404297,91.69664764404297,0.0925149992108345,89.09280395507812,0.16786931455135345,10.0,1.0,10.0
21.0,90.8260726928711,90.8260726928711,0.09067343175411224,88.3751220703125,0.15442168712615967,10.0,1.0,10.0
22.0,89.88363647460938,89.88363647460938,0.08996337652206421,87.52519226074219,0.14588120579719543,10.0,1.0,10.0
23.0,88.84637451171875,88.84637451171875,0.09008000791072845,86.52023315429688,0.14253368973731995,10.0,1.0,10.0
24.0,87.69615936279297,87.69615936279297,0.09088703989982605,85.34246826171875,0.14448225498199463,10.0,1.0,10.0
25.0,86.42236328125,86.42236328125,0.09250766038894653,83.98005676269531,0.1517227739095688,10.0,1.0,10.0
26.0,85.02193450927734,85.02193450927734,0.09530691802501678,82.42753601074219,0.16413259506225586,10.0,1.0,10.0
27.0,83.49754333496094,83.49754333496094,0.09976239502429962,80.6862564086914,0.18136578798294067,10.0,1.0,10.0
28.0,81.85377502441406,81.85377502441406,0.10624700039625168,78.76448059082031,0.2026827037334442,10.0,1.0,10.0
29.0,80.09272766113281,80.09272766113281,0.11477787047624588,76.67715454101562,0.22677919268608093,10.0,1.0,10.0
30.0,78.21016693115234,78.21016693115234,0.12482099235057831,74.44479370117188,0.2517167329788208,10.0,1.0,10.0
31.0,76.19454193115234,76.19454193115234,0.1352619081735611,72.09130859375,0.2750619947910309,10.0,1.0,10.0
32.0,74.02928161621094,74.02928161621094,0.14460992813110352,69.64044952392578,0.2942732870578766,10.0,1.0,10.0
33.0,71.69829559326172,71.69829559326172,0.15139472484588623,67.11192321777344,0.30724260210990906,10.0,1.0,10.0
34.0,69.19176483154297,69.19176483154297,0.15460899472236633,64.51752471923828,0.3128148913383484,10.0,1.0,10.0
35.0,66.50981140136719,66.50981140136719,0.15402445197105408,61.85846710205078,0.31111031770706177,10.0,1.0,10.0
36.0,63.661865234375,63.661865234375,0.15026701986789703,59.123661041259766,0.3035532832145691,10.0,1.0,10.0
37.0,60.66203689575195,60.66203689575195,0.1446286290884018,56.28974914550781,0.29260027408599854,10.0,1.0,10.0
38.0,57.522804260253906,57.522804260253906,0.1386767476797104,53.323944091796875,0.2812091112136841,10.0,1.0,10.0
39.0,54.251094818115234,54.251094818115234,0.13380290567874908,50.191593170166016,0.2721472680568695,10.0,1.0,10.0
40.0,50.85118103027344,50.85118103027344,0.13089869916439056,46.86893844604492,0.267325758934021,10.0,1.0,10.0
41.0,47.33374786376953,47.33374786376953,0.13027407228946686,43.357147216796875,0.2673860192298889,10.0,1.0,10.0
42.0,43.72468566894531,43.72468566894531,0.13170945644378662,39.691532135009766,0.2716059684753418,10.0,1.0,10.0
43.0,40.06593322753906,40.06593322753906,0.1344105750322342,35.941978454589844,0.2779851257801056,10.0,1.0,10.0
44.0,36.40695571899414,36.40695571899414,0.1368451863527298,32.20391845703125,0.2834588289260864,10.0,1.0,10.0
45.0,32.79458236694336,32.79458236694336,0.13682866096496582,28.581247329711914,0.2845049202442169,10.0,1.0,10.0
46.0,29.27217674255371,29.27217674255371,0.13229936361312866,25.165172576904297,0.2784009873867035,10.0,1.0,10.0
47.0,25.890546798706055,25.890546798706055,0.12258536368608475,22.017736434936523,0.2646957337856293,10.0,1.0,10.0
48.0,22.717023849487305,22.717023849487305,0.1091388612985611,19.16795539855957,0.24576793611049652,10.0,1.0,10.0
49.0,19.82710075378418,19.82710075378418,0.09485986083745956,16.621191024780273,0.22573114931583405,10.0,1.0,10.0
50.0,17.283241271972656,17.283241271972656,0.08233018964529037,14.378191947937012,0.2081746757030487,10.0,1.0,10.0
51.0,15.12468147277832,15.12468147277832,0.07244578003883362,12.456907272338867,0.19433161616325378,10.0,1.0,10.0
52.0,13.376350402832031,13.376350402832031,0.06462153792381287,10.899168014526367,0.18309666216373444,10.0,1.0,10.0
53.0,12.046774864196777,12.046774864196777,0.05782366544008255,9.743844032287598,0.17246943712234497,10.0,1.0,10.0
54.0,11.098989486694336,11.098989486694336,0.05118747055530548,8.976996421813965,0.16101185977458954,10.0,1.0,10.0
55.0,10.438207626342773,10.438207626342773,0.044605836272239685,8.503362655639648,0.14887867867946625,10.0,1.0,10.0
56.0,9.94575309753418,9.94575309753418,0.0392044335603714,8.175914764404297,0.13777945935726166,10.0,1.0,10.0
57.0,9.507715225219727,9.507715225219727,0.03599034994840622,7.859097480773926,0.12887144088745117,10.0,1.0,10.0
58.0,9.015984535217285,9.015984535217285,0.033912621438503265,7.469620227813721,0.12072384357452393,10.0,1.0,10.0
59.0,8.392013549804688,8.392013549804688,0.030959149822592735,6.974246501922607,0.11081753671169281,10.0,1.0,10.0
60.0,7.619685173034668,7.619685173034668,0.026798229664564133,6.365018844604492,0.09866839647293091,10.0,1.0,10.0
61.0,6.732616901397705,6.732616901397705,0.022665999829769135,5.645556449890137,0.08604004979133606,10.0,1.0,10.0
62.0,5.787215232849121,5.787215232849121,0.019523633643984795,4.843523979187012,0.07484553009271622,10.0,1.0,10.0
63.0,4.859378814697266,4.859378814697266,0.01749359257519245,4.026183128356934,0.06582598388195038,10.0,1.0,10.0
64.0,4.0310211181640625,4.0310211181640625,0.01619819924235344,3.283296823501587,0.05857422202825546,10.0,1.0,10.0
65.0,3.359246015548706,3.359246015548706,0.015143267810344696,2.683821678161621,0.052399154752492905,10.0,1.0,10.0
66.0,2.8709795475006104,2.8709795475006104,0.014508461579680443,2.24941086769104,0.04764839634299278,10.0,1.0,10.0
67.0,2.573937177658081,2.573937177658081,0.015183111652731895,1.964293360710144,0.045781269669532776,10.0,1.0,10.0
68.0,2.4518353939056396,2.4518353939056396,0.0174644086509943,1.8005168437957764,0.04766743630170822,10.0,1.0,10.0
69.0,2.467336654663086,2.467336654663086,0.02062811516225338,1.7361623048782349,0.052489329129457474,10.0,1.0,10.0
70.0,2.5770907402038574,2.5770907402038574,0.023810332641005516,1.7559547424316406,0.05830327421426773,10.0,1.0,10.0
71.0,2.7314157485961914,2.7314157485961914,0.026342596858739853,1.8384175300598145,0.06295721977949142,10.0,1.0,10.0
72.0,2.8796181678771973,2.8796181678771973,0.027771104127168655,1.9518336057662964,0.06500734388828278,10.0,1.0,10.0
73.0,2.9873390197753906,2.9873390197753906,0.028048472478985786,2.0638270378112793,0.0643027275800705,10.0,1.0,10.0
74.0,3.0351083278656006,3.0351083278656006,0.02727900631725788,2.14692759513855,0.06153906136751175,10.0,1.0,10.0
75.0,3.011834144592285,3.011834144592285,0.025632908567786217,2.1793856620788574,0.057611946016550064,10.0,1.0,10.0
76.0,2.9181907176971436,2.9181907176971436,0.0235919039696455,2.1486833095550537,0.05335884913802147,10.0,1.0,10.0
77.0,2.763730049133301,2.763730049133301,0.021673135459423065,2.0541586875915527,0.049284011125564575,10.0,1.0,10.0
78.0,2.563201904296875,2.563201904296875,0.020069537684321404,1.9073981046676636,0.045510850846767426,10.0,1.0,10.0
79.0,2.338184118270874,2.338184118270874,0.018754351884126663,1.7296637296676636,0.042097680270671844,10.0,1.0,10.0
80.0,2.1116585731506348,2.1116585731506348,0.017576143145561218,1.5445388555526733,0.03913583606481552,10.0,1.0,10.0
81.0,1.9018120765686035,1.9018120765686035,0.016336696222424507,1.37216317653656,0.036628201603889465,10.0,1.0,10.0
82.0,1.7234678268432617,1.7234678268432617,0.015000212006270885,1.2286908626556396,0.034477490931749344,10.0,1.0,10.0
83.0,1.5865681171417236,1.5865681171417236,0.01365012489259243,1.1250561475753784,0.03250107541680336,10.0,1.0,10.0
84.0,1.4929141998291016,1.4929141998291016,0.012325359508395195,1.064244031906128,0.030541660264134407,10.0,1.0,10.0
85.0,1.4389187097549438,1.4389187097549438,0.011061307974159718,1.0414403676986694,0.02868652530014515,10.0,1.0,10.0
86.0,1.4174542427062988,1.4174542427062988,0.009890933521091938,1.0464164018630981,0.027212852612137794,10.0,1.0,10.0
87.0,1.4180405139923096,1.4180405139923096,0.008810479193925858,1.0669164657592773,0.026301922276616096,10.0,1.0,10.0
88.0,1.429992914199829,1.429992914199829,0.007872023619711399,1.0923644304275513,0.025890829041600227,10.0,1.0,10.0
89.0,1.4435585737228394,1.4435585737228394,0.007161317393183708,1.114931583404541,0.025701381266117096,10.0,1.0,10.0
90.0,1.4501867294311523,1.4501867294311523,0.00669371522963047,1.128922700881958,0.025432687252759933,10.0,1.0,10.0
91.0,1.4453436136245728,1.4453436136245728,0.00642743892967701,1.1310991048812866,0.024997010827064514,10.0,1.0,10.0
92.0,1.4283250570297241,1.4283250570297241,0.006270517595112324,1.1206858158111572,0.024493413046002388,10.0,1.0,10.0
93.0,1.4000275135040283,1.4000275135040283,0.006112763658165932,1.0988175868988037,0.02400823123753071,10.0,1.0,10.0
94.0,1.3629828691482544,1.3629828691482544,0.005941571202129126,1.0682419538497925,0.023532520979642868,10.0,1.0,10.0
95.0,1.3208152055740356,1.3208152055740356,0.005837427452206612,1.0324832201004028,0.02299576811492443,10.0,1.0,10.0
96.0,1.2771884202957153,1.2771884202957153,0.005863136611878872,0.9950579404830933,0.022349903360009193,10.0,1.0,10.0
97.0,1.2357145547866821,1.2357145547866821,0.006006771698594093,0.9592739343643188,0.021637288853526115,10.0,1.0,10.0
98.0,1.1988211870193481,1.1988211870193481,0.00618209270760417,0.9275222420692444,0.020947806537151337,10.0,1.0,10.0
99.0,1.1671934127807617,1.1671934127807617,0.006310635711997747,0.9006209373474121,0.020346611738204956,10.0,1.0,10.0
100.0,1.1408902406692505,1.1408902406692505,0.006420863326638937,0.8780340552330017,0.019864752888679504,10.0,1.0,10.0
101.0,1.1194825172424316,1.1194825172424316,0.006605024449527264,0.8583734631538391,0.019505884498357773,10.0,1.0,10.0
102.0,1.1018697023391724,1.1018697023391724,0.006903309840708971,0.8402236700057983,0.01926129311323166,10.0,1.0,10.0
103.0,1.0868420600891113,1.0868420600891113,0.007259556092321873,0.8229504823684692,0.01912960782647133,10.0,1.0,10.0
104.0,1.073167085647583,1.073167085647583,0.007563235238194466,0.8064627051353455,0.01910720206797123,10.0,1.0,10.0
105.0,1.0598541498184204,1.0598541498184204,0.007752285338938236,0.7905159592628479,0.01918153651058674,10.0,1.0,10.0
106.0,1.0465410947799683,1.0465410947799683,0.00786880124360323,0.774515688419342,0.0193337332457304,10.0,1.0,10.0
107.0,1.0330199003219604,1.0330199003219604,0.007988009601831436,0.7578402757644653,0.019529955461621284,10.0,1.0,10.0
108.0,1.0191081762313843,1.0191081762313843,0.008130733855068684,0.7404224872589111,0.019737837836146355,10.0,1.0,10.0
109.0,1.0049110651016235,1.0049110651016235,0.00825425423681736,0.7228380441665649,0.019953051581978798,10.0,1.0,10.0
110.0,0.9906188249588013,0.9906188249588013,0.008302995935082436,0.7057238817214966,0.020186498761177063,10.0,1.0,10.0
111.0,0.9764895439147949,0.9764895439147949,0.008268897421658039,0.6894904375076294,0.02043101377785206,10.0,1.0,10.0
112.0,0.9628322124481201,0.9628322124481201,0.008189535699784756,0.6745091080665588,0.020642776042222977,10.0,1.0,10.0
113.0,0.9497920274734497,0.9497920274734497,0.008092661388218403,0.6612284183502197,0.02076370269060135,10.0,1.0,10.0
114.0,0.9374916553497314,0.9374916553497314,0.007971948012709618,0.6500098705291748,0.020776230841875076,10.0,1.0,10.0
115.0,0.9260308742523193,0.9260308742523193,0.00780684407800436,0.6407775282859802,0.020718492567539215,10.0,1.0,10.0
116.0,0.9153280258178711,0.9153280258178711,0.007593726739287376,0.6330154538154602,0.020637527108192444,10.0,1.0,10.0
117.0,0.9052542448043823,0.9052542448043823,0.007360713556408882,0.6262332201004028,0.020541386678814888,10.0,1.0,10.0
118.0,0.8956499695777893,0.8956499695777893,0.007146546151489019,0.6201704144477844,0.02040141075849533,10.0,1.0,10.0
119.0,0.8863135576248169,0.8863135576248169,0.0069735413417220116,0.6145762205123901,0.020200194790959358,10.0,1.0,10.0
120.0,0.8771156072616577,0.8771156072616577,0.006841237656772137,0.6090705990791321,0.01996326632797718,10.0,1.0,10.0
121.0,0.8679618239402771,0.8679618239402771,0.006733535788953304,0.6033217906951904,0.019730467349290848,10.0,1.0,10.0
122.0,0.8588248491287231,0.8588248491287231,0.0066379643976688385,0.5973250865936279,0.019512008875608444,10.0,1.0,10.0
123.0,0.8497843146324158,0.8497843146324158,0.006559446919709444,0.5913402438163757,0.01928495615720749,10.0,1.0,10.0
124.0,0.8409136533737183,0.8409136533737183,0.006510756444185972,0.5855311155319214,0.019027497619390488,10.0,1.0,10.0
125.0,0.8322777152061462,0.8322777152061462,0.006494577974081039,0.5798379778862,0.01874939724802971,10.0,1.0,10.0
126.0,0.823946475982666,0.823946475982666,0.006496121641248465,0.5741550326347351,0.018483027815818787,10.0,1.0,10.0
127.0,0.8159436583518982,0.8159436583518982,0.006496804300695658,0.5684643983840942,0.018251121044158936,10.0,1.0,10.0
128.0,0.8082587718963623,0.8082587718963623,0.006496364250779152,0.562768280506134,0.018052684143185616,10.0,1.0,10.0
129.0,0.8008320331573486,0.8008320331573486,0.006511714309453964,0.5569627285003662,0.017875220626592636,10.0,1.0,10.0
130.0,0.7935698628425598,0.7935698628425598,0.006552526727318764,0.5509079098701477,0.017713673412799835,10.0,1.0,10.0
131.0,0.7864127159118652,0.7864127159118652,0.006605084985494614,0.5446043610572815,0.01757575199007988,10.0,1.0,10.0
132.0,0.779315710067749,0.779315710067749,0.006642961874604225,0.5381790399551392,0.0174707043915987,10.0,1.0,10.0
133.0,0.7722401022911072,0.7722401022911072,0.006653629709035158,0.5317215323448181,0.017398227006196976,10.0,1.0,10.0
134.0,0.7651757001876831,0.7651757001876831,0.006648355163633823,0.5252060890197754,0.017348602414131165,10.0,1.0,10.0
135.0,0.7581303715705872,0.7581303715705872,0.006644183304160833,0.5185726881027222,0.017311586067080498,10.0,1.0,10.0
136.0,0.7511346340179443,0.7511346340179443,0.006643920671194792,0.511839747428894,0.01728556677699089,10.0,1.0,10.0
137.0,0.7442184686660767,0.7442184686660767,0.006636857055127621,0.5050821900367737,0.017276771366596222,10.0,1.0,10.0
138.0,0.7373939156532288,0.7373939156532288,0.006616292521357536,0.4983370900154114,0.017289387062191963,10.0,1.0,10.0
139.0,0.7306743264198303,0.7306743264198303,0.006590409204363823,0.49158957600593567,0.017318064346909523,10.0,1.0,10.0
140.0,0.724072277545929,0.724072277545929,0.006573068909347057,0.4848361313343048,0.01735054887831211,10.0,1.0,10.0
141.0,0.7175885438919067,0.7175885438919067,0.006567719858139753,0.4781321585178375,0.01737792044878006,10.0,1.0,10.0
142.0,0.7112212181091309,0.7112212181091309,0.006564662326127291,0.4715694785118103,0.017400506883859634,10.0,1.0,10.0
143.0,0.7049617767333984,0.7049617767333984,0.006552678532898426,0.4652153253555298,0.017421970143914223,10.0,1.0,10.0
144.0,0.6988037824630737,0.6988037824630737,0.006531399674713612,0.4590878188610077,0.017440199851989746,10.0,1.0,10.0
145.0,0.6927408576011658,0.6927408576011658,0.006510229781270027,0.45317167043685913,0.017446689307689667,10.0,1.0,10.0
146.0,0.686758816242218,0.686758816242218,0.006496727932244539,0.4474411904811859,0.01743503287434578,10.0,1.0,10.0
147.0,0.6808460354804993,0.6808460354804993,0.006489172112196684,0.44187721610069275,0.01740770787000656,10.0,1.0,10.0
148.0,0.6749914288520813,0.6749914288520813,0.006480218842625618,0.4364672899246216,0.017372196540236473,10.0,1.0,10.0
149.0,0.6691843271255493,0.6691843271255493,0.006466315593570471,0.4312027096748352,0.017331847921013832,10.0,1.0,10.0
150.0,0.6634193062782288,0.6634193062782288,0.006451242603361607,0.42607787251472473,0.01728290133178234,10.0,1.0,10.0
151.0,0.6576950550079346,0.6576950550079346,0.006440110504627228,0.4210875332355499,0.017220640555024147,10.0,1.0,10.0
152.0,0.6520152688026428,0.6520152688026428,0.006432449445128441,0.4162268042564392,0.01714639738202095,10.0,1.0,10.0
153.0,0.6463873386383057,0.6463873386383057,0.0064228978008031845,0.41148898005485535,0.017066936939954758,10.0,1.0,10.0
154.0,0.6408190727233887,0.6408190727233887,0.006408383138477802,0.40685901045799255,0.016987618058919907,10.0,1.0,10.0
155.0,0.6353192329406738,0.6353192329406738,0.006392570212483406,0.40230947732925415,0.01690840534865856,10.0,1.0,10.0
156.0,0.6298935413360596,0.6298935413360596,0.006381911691278219,0.39780712127685547,0.016826733946800232,10.0,1.0,10.0
157.0,0.6245417594909668,0.6245417594909668,0.006378385238349438,0.3933278024196625,0.0167430080473423,10.0,1.0,10.0
158.0,0.6192612648010254,0.6192612648010254,0.006377965211868286,0.3888664245605469,0.016661517322063446,10.0,1.0,10.0
159.0,0.6140456199645996,0.6140456199645996,0.0063758548349142075,0.38442644476890564,0.01658606342971325,10.0,1.0,10.0
160.0,0.608888566493988,0.608888566493988,0.006372053641825914,0.3800053000450134,0.016516275703907013,10.0,1.0,10.0
161.0,0.6037836670875549,0.6037836670875549,0.006370273884385824,0.37559038400650024,0.016449056565761566,10.0,1.0,10.0
162.0,0.5987255573272705,0.5987255573272705,0.006372333504259586,0.3711722195148468,0.01638300158083439,10.0,1.0,10.0
163.0,0.5937137007713318,0.5937137007713318,0.006375554017722607,0.36675652861595154,0.016320161521434784,10.0,1.0,10.0
164.0,0.5887489318847656,0.5887489318847656,0.006376056000590324,0.36235561966896057,0.01626327447593212,10.0,1.0,10.0
165.0,0.5838332772254944,0.5838332772254944,0.00637343293055892,0.35797542333602905,0.016212351620197296,10.0,1.0,10.0
166.0,0.5789690613746643,0.5789690613746643,0.006370753049850464,0.35361403226852417,0.0161647517234087,10.0,1.0,10.0
167.0,0.5741583108901978,0.5741583108901978,0.006370024289935827,0.3492755591869354,0.016118254512548447,10.0,1.0,10.0
168.0,0.569401741027832,0.569401741027832,0.006369379349052906,0.34497761726379395,0.01607302948832512,10.0,1.0,10.0
169.0,0.5646989941596985,0.5646989941596985,0.006365268025547266,0.3407430946826935,0.0160303246229887,10.0,1.0,10.0
170.0,0.5600482225418091,0.5600482225418091,0.0063566784374415874,0.33658334612846375,0.015989812090992928,10.0,1.0,10.0
171.0,0.5554476976394653,0.5554476976394653,0.006346012465655804,0.33249470591545105,0.01594928838312626,10.0,1.0,10.0
172.0,0.550896406173706,0.550896406173706,0.006335871759802103,0.3284687399864197,0.015906890854239464,10.0,1.0,10.0
173.0,0.5463923215866089,0.5463923215866089,0.0063261957839131355,0.3245021402835846,0.015862826257944107,10.0,1.0,10.0
174.0,0.541935384273529,0.541935384273529,0.006315308623015881,0.3205968141555786,0.015818549320101738,10.0,1.0,10.0
175.0,0.537525475025177,0.537525475025177,0.006302910856902599,0.31675219535827637,0.01577441580593586,10.0,1.0,10.0
176.0,0.5331630110740662,0.5331630110740662,0.006290873978286982,0.31296366453170776,0.015729060396552086,10.0,1.0,10.0
177.0,0.5288479924201965,0.5288479924201965,0.006281014997512102,0.30922797322273254,0.015680987387895584,10.0,1.0,10.0
178.0,0.5245805978775024,0.5245805978775024,0.006272965110838413,0.30554693937301636,0.01563040167093277,10.0,1.0,10.0
179.0,0.5203602313995361,0.5203602313995361,0.006264820229262114,0.30192384123802185,0.015578814782202244,10.0,1.0,10.0
180.0,0.516185998916626,0.516185998916626,0.00625576451420784,0.2983560264110565,0.015527229756116867,10.0,1.0,10.0
181.0,0.5120569467544556,0.5120569467544556,0.0062470948323607445,0.29483330249786377,0.015475272201001644,10.0,1.0,10.0
182.0,0.5079715251922607,0.5079715251922607,0.006240463815629482,0.29134419560432434,0.015422269701957703,10.0,1.0,10.0
183.0,0.5039284229278564,0.5039284229278564,0.006235874257981777,0.2878835201263428,0.015368616208434105,10.0,1.0,10.0
184.0,0.49992626905441284,0.49992626905441284,0.006231765262782574,0.2844529151916504,0.015315567143261433,10.0,1.0,10.0
185.0,0.4959638714790344,0.4959638714790344,0.006226994097232819,0.2810553014278412,0.015263862907886505,10.0,1.0,10.0
186.0,0.4920409917831421,0.4920409917831421,0.006221944931894541,0.2776903808116913,0.015213118866086006,10.0,1.0,10.0
187.0,0.4881572723388672,0.4881572723388672,0.006217464804649353,0.2743561863899231,0.015162643045186996,10.0,1.0,10.0
188.0,0.484312504529953,0.484312504529953,0.0062133874744176865,0.2710530459880829,0.015112558379769325,10.0,1.0,10.0
189.0,0.4805070757865906,0.4805070757865906,0.006208700127899647,0.2677832841873169,0.015063679777085781,10.0,1.0,10.0
190.0,0.4767407774925232,0.4767407774925232,0.006202970631420612,0.26454704999923706,0.015016400255262852,10.0,1.0,10.0
191.0,0.4730137586593628,0.4730137586593628,0.006197015754878521,0.26134100556373596,0.014970261603593826,10.0,1.0,10.0
192.0,0.4693251848220825,0.4693251848220825,0.006191846914589405,0.2581615746021271,0.01492451224476099,10.0,1.0,10.0
193.0,0.46567463874816895,0.46567463874816895,0.0061874534003436565,0.2550097405910492,0.014879036694765091,10.0,1.0,10.0
194.0,0.46206116676330566,0.46206116676330566,0.006182873621582985,0.2518896758556366,0.014834277331829071,10.0,1.0,10.0
195.0,0.4584839344024658,0.4584839344024658,0.006177500821650028,0.2488042116165161,0.014790472574532032,10.0,1.0,10.0
196.0,0.45494216680526733,0.45494216680526733,0.006171783432364464,0.24575208127498627,0.014747226610779762,10.0,1.0,10.0
197.0,0.45143580436706543,0.45143580436706543,0.0061665670946240425,0.2427300214767456,0.014704013243317604,10.0,1.0,10.0
198.0,0.44796401262283325,0.44796401262283325,0.006161941215395927,0.23973627388477325,0.014660832472145557,10.0,1.0,10.0
199.0,0.4445269703865051,0.4445269703865051,0.006157320458441973,0.2367720752954483,0.01461817231029272,10.0,1.0,10.0
200.0,0.44112464785575867,0.44112464785575867,0.006152305752038956,0.23383815586566925,0.014576341956853867,10.0,1.0,10.0
201.0,0.43775680661201477,0.43775680661201477,0.006147156935185194,0.2309335470199585,0.014535167254507542,10.0,1.0,10.0
202.0,0.4344233572483063,0.4344233572483063,0.006142260506749153,0.22805719077587128,0.014494355767965317,10.0,1.0,10.0
203.0,0.43112438917160034,0.43112438917160034,0.006137467455118895,0.22521010041236877,0.01445396151393652,10.0,1.0,10.0
204.0,0.4278593063354492,0.4278593063354492,0.006132169626653194,0.2223941683769226,0.014414341188967228,10.0,1.0,10.0
205.0,0.4246278405189514,0.4246278405189514,0.006126162130385637,0.21960969269275665,0.014375652186572552,10.0,1.0,10.0
206.0,0.42142969369888306,0.42142969369888306,0.006119881756603718,0.2168542444705963,0.014337664470076561,10.0,1.0,10.0
207.0,0.41826459765434265,0.41826459765434265,0.006113823037594557,0.21412555873394012,0.014300081878900528,10.0,1.0,10.0
208.0,0.4151325225830078,0.4151325225830078,0.006108020432293415,0.21142345666885376,0.014262884855270386,10.0,1.0,10.0
209.0,0.41203296184539795,0.41203296184539795,0.006102073006331921,0.20874980092048645,0.014226243831217289,10.0,1.0,10.0
210.0,0.408966064453125,0.408966064453125,0.006095848046243191,0.20610615611076355,0.01419014297425747,10.0,1.0,10.0
211.0,0.4059318006038666,0.4059318006038666,0.006089657079428434,0.20349283516407013,0.014154240489006042,10.0,1.0,10.0
212.0,0.4029298424720764,0.4029298424720764,0.006083832588046789,0.20090952515602112,0.014118202030658722,10.0,1.0,10.0
213.0,0.39996033906936646,0.39996033906936646,0.006078352686017752,0.19835691154003143,0.014081992208957672,10.0,1.0,10.0
214.0,0.39702296257019043,0.39702296257019043,0.006072939373552799,0.19583603739738464,0.014045752584934235,10.0,1.0,10.0
215.0,0.39411795139312744,0.39411795139312744,0.006067552138119936,0.19334712624549866,0.014009527862071991,10.0,1.0,10.0
216.0,0.3912447690963745,0.3912447690963745,0.00606239540502429,0.19088910520076752,0.013973170891404152,10.0,1.0,10.0
217.0,0.38840368390083313,0.38840368390083313,0.006057641003280878,0.18846145272254944,0.013936582952737808,10.0,1.0,10.0
218.0,0.3855946660041809,0.3855946660041809,0.006053104065358639,0.18606477975845337,0.01389988325536251,10.0,1.0,10.0
219.0,0.38281723856925964,0.38281723856925964,0.006048431620001793,0.18369999527931213,0.013863291591405869,10.0,1.0,10.0
220.0,0.38007187843322754,0.38007187843322754,0.006043546367436647,0.18136703968048096,0.013826937414705753,10.0,1.0,10.0
221.0,0.37735825777053833,0.37735825777053833,0.006038579624146223,0.17906440794467926,0.013790803961455822,10.0,1.0,10.0
222.0,0.37467652559280396,0.37467652559280396,0.006033671088516712,0.17679060995578766,0.013754921033978462,10.0,1.0,10.0
223.0,0.3720265030860901,0.3720265030860901,0.006028680596500635,0.1745450347661972,0.013719465583562851,10.0,1.0,10.0
224.0,0.3694082200527191,0.3694082200527191,0.006023433059453964,0.1723276972770691,0.013684618286788464,10.0,1.0,10.0
225.0,0.3668215870857239,0.3668215870857239,0.006017935927957296,0.1701381802558899,0.013650407083332539,10.0,1.0,10.0
226.0,0.3642667531967163,0.3642667531967163,0.006012346595525742,0.16797587275505066,0.013616738840937614,10.0,1.0,10.0
227.0,0.3617434501647949,0.3617434501647949,0.006006759591400623,0.16584044694900513,0.013583539985120296,10.0,1.0,10.0
228.0,0.35925188660621643,0.35925188660621643,0.006001095287501812,0.16373232007026672,0.013550861738622189,10.0,1.0,10.0
229.0,0.3567918539047241,0.3567918539047241,0.0059952219016849995,0.1616521030664444,0.01351875439286232,10.0,1.0,10.0
230.0,0.35436350107192993,0.35436350107192993,0.0059892768040299416,0.15959933400154114,0.013487138785421848,10.0,1.0,10.0
231.0,0.3519667387008667,0.3519667387008667,0.005983454640954733,0.15757355093955994,0.01345586497336626,10.0,1.0,10.0
232.0,0.3496015667915344,0.3496015667915344,0.005977821536362171,0.15557485818862915,0.01342485100030899,10.0,1.0,10.0
233.0,0.3472680449485779,0.3472680449485779,0.005972289014607668,0.15360403060913086,0.013394110836088657,10.0,1.0,10.0
234.0,0.3449660539627075,0.3449660539627075,0.005966757424175739,0.15166184306144714,0.013363662175834179,10.0,1.0,10.0
235.0,0.34269553422927856,0.34269553422927856,0.005961294285953045,0.14974834024906158,0.013333426788449287,10.0,1.0,10.0
236.0,0.3404565155506134,0.3404565155506134,0.005955972243100405,0.1478632688522339,0.013303352519869804,10.0,1.0,10.0
237.0,0.3382490873336792,0.3382490873336792,0.0059508029371500015,0.14600665867328644,0.013273441232740879,10.0,1.0,10.0
238.0,0.3360729515552521,0.3360729515552521,0.005945676937699318,0.14417864382266998,0.013243754394352436,10.0,1.0,10.0
239.0,0.33392828702926636,0.33392828702926636,0.00594057934358716,0.14237922430038452,0.013214325532317162,10.0,1.0,10.0
240.0,0.33181479573249817,0.33181479573249817,0.005935521796345711,0.14060813188552856,0.013185144402086735,10.0,1.0,10.0
241.0,0.3297325372695923,0.3297325372695923,0.00593055784702301,0.138865128159523,0.013156183063983917,10.0,1.0,10.0
242.0,0.32768136262893677,0.32768136262893677,0.005925598554313183,0.13715031743049622,0.013127503916621208,10.0,1.0,10.0
243.0,0.32566121220588684,0.32566121220588684,0.005920568946748972,0.1354638785123825,0.01309916377067566,10.0,1.0,10.0
244.0,0.32367199659347534,0.32367199659347534,0.005915451794862747,0.13380560278892517,0.013071189634501934,10.0,1.0,10.0
245.0,0.3217136859893799,0.3217136859893799,0.005910311825573444,0.13217492401599884,0.01304356288164854,10.0,1.0,10.0
246.0,0.3197859525680542,0.3197859525680542,0.0059051914140582085,0.13057133555412292,0.013016272336244583,10.0,1.0,10.0
247.0,0.3178887367248535,0.3178887367248535,0.005900068208575249,0.12899470329284668,0.012989332899451256,10.0,1.0,10.0
248.0,0.31602174043655396,0.31602174043655396,0.00589489471167326,0.12744487822055817,0.012962792068719864,10.0,1.0,10.0
249.0,0.31418487429618835,0.31418487429618835,0.005889674182981253,0.12592165172100067,0.012936647981405258,10.0,1.0,10.0
250.0,0.3123781085014343,0.3123781085014343,0.005884472280740738,0.12442470341920853,0.012910868041217327,10.0,1.0,10.0
251.0,0.31060105562210083,0.31060105562210083,0.005879318807274103,0.12295350432395935,0.012885438278317451,10.0,1.0,10.0
252.0,0.30885350704193115,0.30885350704193115,0.005874186288565397,0.121507927775383,0.012860369868576527,10.0,1.0,10.0
253.0,0.3071352243423462,0.3071352243423462,0.005869068205356598,0.12008772790431976,0.01283568050712347,10.0,1.0,10.0
254.0,0.3054461181163788,0.3054461181163788,0.005863992031663656,0.11869260668754578,0.012811359018087387,10.0,1.0,10.0
255.0,0.30378568172454834,0.30378568172454834,0.00585899967700243,0.11732205748558044,0.012787364423274994,10.0,1.0,10.0
256.0,0.3021537661552429,0.3021537661552429,0.0058540767058730125,0.11597595363855362,0.012763703241944313,10.0,1.0,10.0
257.0,0.30055004358291626,0.30055004358291626,0.005849185399711132,0.11465424299240112,0.012740394100546837,10.0,1.0,10.0
258.0,0.2989742159843445,0.2989742159843445,0.005844303406774998,0.11335676908493042,0.012717441655695438,10.0,1.0,10.0
259.0,0.29742610454559326,0.29742610454559326,0.00583946006372571,0.11208315938711166,0.012694831937551498,10.0,1.0,10.0
260.0,0.29590508341789246,0.29590508341789246,0.005834657698869705,0.11083304136991501,0.012672546319663525,10.0,1.0,10.0
261.0,0.2944110631942749,0.2944110631942749,0.005829880945384502,0.10960617661476135,0.012650605291128159,10.0,1.0,10.0
262.0,0.29294353723526,0.29294353723526,0.005825106054544449,0.108402319252491,0.012629017233848572,10.0,1.0,10.0
263.0,0.29150229692459106,0.29150229692459106,0.005820335354655981,0.10722114890813828,0.01260777935385704,10.0,1.0,10.0
264.0,0.2900870442390442,0.2900870442390442,0.005815580021589994,0.10606232285499573,0.012586893513798714,10.0,1.0,10.0
265.0,0.2886970639228821,0.2886970639228821,0.005810808856040239,0.1049254983663559,0.012566346675157547,10.0,1.0,10.0
266.0,0.28733208775520325,0.28733208775520325,0.005806032568216324,0.10381034016609192,0.012546143494546413,10.0,1.0,10.0
267.0,0.2859918773174286,0.2859918773174286,0.005801264196634293,0.10271644592285156,0.012526280246675014,10.0,1.0,10.0
268.0,0.2846759557723999,0.2846759557723999,0.005796507466584444,0.101643405854702,0.012506748549640179,10.0,1.0,10.0
269.0,0.28338393568992615,0.28338393568992615,0.005791758187115192,0.10059089213609695,0.012487545609474182,10.0,1.0,10.0
270.0,0.28211528062820435,0.28211528062820435,0.005787027534097433,0.09955837577581406,0.012468663975596428,10.0,1.0,10.0
271.0,0.280869722366333,0.280869722366333,0.005782322958111763,0.09854558855295181,0.012450088746845722,10.0,1.0,10.0
272.0,0.279646635055542,0.279646635055542,0.005777630023658276,0.0975521057844162,0.01243182085454464,10.0,1.0,10.0
273.0,0.2784458100795746,0.2784458100795746,0.005772972013801336,0.09657753258943558,0.012413855642080307,10.0,1.0,10.0
274.0,0.2772666811943054,0.2772666811943054,0.005768331699073315,0.09562145918607712,0.012396189384162426,10.0,1.0,10.0
275.0,0.27610892057418823,0.27610892057418823,0.005763721652328968,0.09468342363834381,0.01237882673740387,10.0,1.0,10.0
276.0,0.27497202157974243,0.27497202157974243,0.00575913256034255,0.09376303851604462,0.012361766770482063,10.0,1.0,10.0
277.0,0.27385544776916504,0.27385544776916504,0.005754569545388222,0.09285978227853775,0.012344998307526112,10.0,1.0,10.0
278.0,0.27275902032852173,0.27275902032852173,0.005750025622546673,0.09197329729795456,0.012328545562922955,10.0,1.0,10.0
279.0,0.2716820538043976,0.2716820538043976,0.005745487287640572,0.091103196144104,0.012312399223446846,10.0,1.0,10.0
280.0,0.2706242501735687,0.2706242501735687,0.005740935914218426,0.09024917334318161,0.012296573258936405,10.0,1.0,10.0
281.0,0.2695852816104889,0.2695852816104889,0.005736418999731541,0.08941065520048141,0.012281043455004692,10.0,1.0,10.0
282.0,0.2685644328594208,0.2685644328594208,0.005731886252760887,0.08858731389045715,0.012265825644135475,10.0,1.0,10.0
283.0,0.267561674118042,0.267561674118042,0.005727375391870737,0.08777880668640137,0.012250910513103008,10.0,1.0,10.0
284.0,0.26657623052597046,0.26657623052597046,0.005722840782254934,0.08698481321334839,0.012236298993229866,10.0,1.0,10.0
285.0,0.2656078636646271,0.2656078636646271,0.0057183075696229935,0.08620495349168777,0.012221983633935452,10.0,1.0,10.0
286.0,0.26465603709220886,0.26465603709220886,0.005713772960007191,0.08543887734413147,0.012207943946123123,10.0,1.0,10.0
287.0,0.26372039318084717,0.26372039318084717,0.00570924486964941,0.08468620479106903,0.012194174341857433,10.0,1.0,10.0
288.0,0.26280081272125244,0.26280081272125244,0.005704722832888365,0.08394676446914673,0.01218068040907383,10.0,1.0,10.0
289.0,0.2618964910507202,0.2618964910507202,0.0057001868262887,0.08322014659643173,0.012167448177933693,10.0,1.0,10.0
290.0,0.2610072195529938,0.2610072195529938,0.005695660598576069,0.08250600099563599,0.012154461815953255,10.0,1.0,10.0
291.0,0.2601325213909149,0.2601325213909149,0.005691142752766609,0.08180399984121323,0.012141709215939045,10.0,1.0,10.0
292.0,0.25927233695983887,0.25927233695983887,0.005686634685844183,0.08111386746168137,0.01212920993566513,10.0,1.0,10.0
293.0,0.2584259510040283,0.2584259510040283,0.0056821200996637344,0.08043529838323593,0.012116944417357445,10.0,1.0,10.0
294.0,0.25759318470954895,0.25759318470954895,0.005677609704434872,0.07976798713207245,0.012104909867048264,10.0,1.0,10.0
295.0,0.2567734122276306,0.2567734122276306,0.0056731002405285835,0.07911153137683868,0.012093089520931244,10.0,1.0,10.0
296.0,0.25596678256988525,0.25596678256988525,0.005668610334396362,0.07846573740243912,0.01208149641752243,10.0,1.0,10.0
297.0,0.2551725208759308,0.2551725208759308,0.005664093419909477,0.07783038169145584,0.012070120312273502,10.0,1.0,10.0
298.0,0.2543904483318329,0.2543904483318329,0.005659582559019327,0.07720506191253662,0.012058955617249012,10.0,1.0,10.0
299.0,0.2536202669143677,0.2536202669143677,0.00565507635474205,0.07658954709768295,0.012047996744513512,10.0,1.0,10.0
300.0,0.2528616786003113,0.2528616786003113,0.005650572013109922,0.07598359882831573,0.012037234380841255,10.0,1.0,10.0
301.0,0.25211429595947266,0.25211429595947266,0.005646065343171358,0.07538703083992004,0.012026662938296795,10.0,1.0,10.0
302.0,0.25137776136398315,0.25137776136398315,0.00564153166487813,0.07479960471391678,0.012016285210847855,10.0,1.0,10.0
303.0,0.2506519556045532,0.2506519556045532,0.005637012422084808,0.07422102987766266,0.012006081640720367,10.0,1.0,10.0
304.0,0.24993658065795898,0.24993658065795898,0.005632499698549509,0.07365108281373978,0.011996050365269184,10.0,1.0,10.0
305.0,0.24923118948936462,0.24923118948936462,0.005627978593111038,0.0730895847082138,0.011986182071268559,10.0,1.0,10.0
306.0,0.24853560328483582,0.24853560328483582,0.005623450968414545,0.07253632694482803,0.01197647675871849,10.0,1.0,10.0
307.0,0.24784955382347107,0.24784955382347107,0.005618914496153593,0.07199118286371231,0.011966923251748085,10.0,1.0,10.0
308.0,0.2471727430820465,0.2471727430820465,0.005614373367279768,0.07145383208990097,0.011957516893744469,10.0,1.0,10.0
309.0,0.24650505185127258,0.24650505185127258,0.005609852261841297,0.07092414051294327,0.011948239989578724,10.0,1.0,10.0
310.0,0.2458462119102478,0.2458462119102478,0.005605325102806091,0.07040195912122726,0.011939099058508873,10.0,1.0,10.0
311.0,0.24519571661949158,0.24519571661949158,0.005600769072771072,0.06988714635372162,0.011930086649954319,10.0,1.0,10.0
312.0,0.2445535957813263,0.2445535957813263,0.005596216768026352,0.06937948614358902,0.011921193450689316,10.0,1.0,10.0
313.0,0.2439194917678833,0.2439194917678833,0.005591674707829952,0.06887876242399216,0.011912397108972073,10.0,1.0,10.0
314.0,0.24329334497451782,0.24329334497451782,0.005587132181972265,0.06838489323854446,0.011903712525963783,10.0,1.0,10.0
315.0,0.24267476797103882,0.24267476797103882,0.005582571029663086,0.06789784133434296,0.01189512200653553,10.0,1.0,10.0
316.0,0.2420637011528015,0.2420637011528015,0.0055780126713216305,0.06741731613874435,0.011886624619364738,10.0,1.0,10.0
317.0,0.24145977199077606,0.24145977199077606,0.0055734566412866116,0.0669431984424591,0.011878200806677341,10.0,1.0,10.0
318.0,0.2408628612756729,0.2408628612756729,0.005568904336541891,0.06647532433271408,0.011869849637150764,10.0,1.0,10.0
319.0,0.24027293920516968,0.24027293920516968,0.005564361810684204,0.0660136342048645,0.011861568316817284,10.0,1.0,10.0
320.0,0.2396896481513977,0.2396896481513977,0.005559808574616909,0.065558061003685,0.011853350326418877,10.0,1.0,10.0
321.0,0.2391129434108734,0.2391129434108734,0.005555269308388233,0.06510835886001587,0.011845190078020096,10.0,1.0,10.0
322.0,0.2385423183441162,0.2385423183441162,0.005550720263272524,0.06466441601514816,0.011837069876492023,10.0,1.0,10.0
323.0,0.23797789216041565,0.23797789216041565,0.005546176340430975,0.06422615796327591,0.011828997172415257,10.0,1.0,10.0
324.0,0.23741936683654785,0.23741936683654785,0.005541621707379818,0.06379351019859314,0.011820963583886623,10.0,1.0,10.0
325.0,0.2368667721748352,0.2368667721748352,0.005537092685699463,0.06336630135774612,0.011812955141067505,10.0,1.0,10.0
326.0,0.2363198697566986,0.2363198697566986,0.005532562732696533,0.0629444420337677,0.011804980225861073,10.0,1.0,10.0
327.0,0.23577842116355896,0.23577842116355896,0.005528034642338753,0.06252782046794891,0.011797025799751282,10.0,1.0,10.0
328.0,0.2352423220872879,0.2352423220872879,0.005523509345948696,0.06211638078093529,0.01178908534348011,10.0,1.0,10.0
329.0,0.23471134901046753,0.23471134901046753,0.005518972873687744,0.06171002984046936,0.011781158857047558,10.0,1.0,10.0
330.0,0.23418548703193665,0.23418548703193665,0.005514456424862146,0.0613085962831974,0.011773232370615005,10.0,1.0,10.0
331.0,0.2336645871400833,0.2336645871400833,0.005509946960955858,0.06091205030679703,0.011765306815505028,10.0,1.0,10.0
332.0,0.23314844071865082,0.23314844071865082,0.005505437962710857,0.06052026152610779,0.0117573793977499,10.0,1.0,10.0
333.0,0.2326369285583496,0.2326369285583496,0.005500925239175558,0.0601331852376461,0.011749450117349625,10.0,1.0,10.0
334.0,0.2321300506591797,0.2321300506591797,0.005496439523994923,0.05975072830915451,0.011741493828594685,10.0,1.0,10.0
335.0,0.2316274791955948,0.2316274791955948,0.005491947755217552,0.059372805058956146,0.011733519844710827,10.0,1.0,10.0
336.0,0.23112931847572327,0.23112931847572327,0.005487470887601376,0.05899934098124504,0.011725526303052902,10.0,1.0,10.0
337.0,0.2306353896856308,0.2306353896856308,0.005483008921146393,0.05863028019666672,0.011717502027750015,10.0,1.0,10.0
338.0,0.2301454395055771,0.2301454395055771,0.00547854183241725,0.058265529572963715,0.011709448881447315,10.0,1.0,10.0
339.0,0.22965934872627258,0.22965934872627258,0.005474100820720196,0.05790494382381439,0.011701339855790138,10.0,1.0,10.0
340.0,0.22917728126049042,0.22917728126049042,0.00546966353431344,0.05754859372973442,0.011693204753100872,10.0,1.0,10.0
341.0,0.2286989390850067,0.2286989390850067,0.005465234164148569,0.057196374982595444,0.011685023084282875,10.0,1.0,10.0
342.0,0.22822409868240356,0.22822409868240356,0.005460797343403101,0.0568481907248497,0.011676793918013573,10.0,1.0,10.0
343.0,0.22775296866893768,0.22775296866893768,0.005456405226141214,0.05650390312075615,0.011668501421809196,10.0,1.0,10.0
344.0,0.22728531062602997,0.22728531062602997,0.005452021956443787,0.05616350099444389,0.011660158634185791,10.0,1.0,10.0
345.0,0.22682082653045654,0.22682082653045654,0.005447627976536751,0.05582699924707413,0.011651753447949886,10.0,1.0,10.0
346.0,0.2263597548007965,0.2263597548007965,0.005443249363452196,0.0554942823946476,0.011643297970294952,10.0,1.0,10.0
347.0,0.22590187191963196,0.22590187191963196,0.005438891239464283,0.05516522377729416,0.011634774506092072,10.0,1.0,10.0
348.0,0.22544698417186737,0.22544698417186737,0.005434547550976276,0.054839786142110825,0.011626171879470348,10.0,1.0,10.0
349.0,0.22499524056911469,0.22499524056911469,0.005430214107036591,0.05451798439025879,0.011617511510848999,10.0,1.0,10.0
350.0,0.22454634308815002,0.22454634308815002,0.005425885319709778,0.054199714213609695,0.01160877849906683,10.0,1.0,10.0
351.0,0.2241002768278122,0.2241002768278122,0.005421566776931286,0.05388493463397026,0.011599967256188393,10.0,1.0,10.0
352.0,0.22365710139274597,0.22365710139274597,0.005417284090071917,0.053573474287986755,0.011591077782213688,10.0,1.0,10.0
353.0,0.22321653366088867,0.22321653366088867,0.005413008853793144,0.05326537787914276,0.011582106351852417,10.0,1.0,10.0
354.0,0.22277849912643433,0.22277849912643433,0.005408719182014465,0.052960678935050964,0.011573062278330326,10.0,1.0,10.0
355.0,0.2223430871963501,0.2223430871963501,0.005404457449913025,0.05265916511416435,0.011563935317099094,10.0,1.0,10.0
356.0,0.2219102680683136,0.2219102680683136,0.005400238558650017,0.05236079543828964,0.011554708704352379,10.0,1.0,10.0
357.0,0.22147971391677856,0.22147971391677856,0.005396009422838688,0.05206558108329773,0.011545402929186821,10.0,1.0,10.0
358.0,0.22105160355567932,0.22105160355567932,0.0053917886689305305,0.051773492246866226,0.011536022648215294,10.0,1.0,10.0
359.0,0.22062566876411438,0.22062566876411438,0.005387572571635246,0.05148449167609215,0.011526544578373432,10.0,1.0,10.0
360.0,0.2202020287513733,0.2202020287513733,0.00538339838385582,0.0511983223259449,0.01151697151362896,10.0,1.0,10.0
361.0,0.21978050470352173,0.21978050470352173,0.005379233043640852,0.05091511458158493,0.0115073062479496,10.0,1.0,10.0
362.0,0.2193610966205597,0.2193610966205597,0.005375061649829149,0.05063484236598015,0.011497562751173973,10.0,1.0,10.0
363.0,0.21894367039203644,0.21894367039203644,0.005370902828872204,0.05035742372274399,0.011487721465528011,10.0,1.0,10.0
364.0,0.21852831542491913,0.21852831542491913,0.005366770084947348,0.05008276179432869,0.011477785184979439,10.0,1.0,10.0
365.0,0.21811485290527344,0.21811485290527344,0.005362663883715868,0.0498107448220253,0.011467747390270233,10.0,1.0,10.0
366.0,0.21770334243774414,0.21770334243774414,0.005358561407774687,0.04954151064157486,0.011457622051239014,10.0,1.0,10.0
367.0,0.21729335188865662,0.21729335188865662,0.005354441236704588,0.049274928867816925,0.011447400785982609,10.0,1.0,10.0
368.0,0.21688546240329742,0.21688546240329742,0.005350373685359955,0.049010902643203735,0.011437082663178444,10.0,1.0,10.0
369.0,0.21647922694683075,0.21647922694683075,0.005346321500837803,0.04874937981367111,0.011426663026213646,10.0,1.0,10.0
370.0,0.21607454121112823,0.21607454121112823,0.005342255346477032,0.04849044606089592,0.011416153982281685,10.0,1.0,10.0
371.0,0.21567153930664062,0.21567153930664062,0.005338198505342007,0.04823398217558861,0.011405556462705135,10.0,1.0,10.0
372.0,0.21527017652988434,0.21527017652988434,0.005334183573722839,0.04797982797026634,0.01139485090970993,10.0,1.0,10.0
373.0,0.21487022936344147,0.21487022936344147,0.0053301709704101086,0.0477280430495739,0.011384047567844391,10.0,1.0,10.0
374.0,0.21447181701660156,0.21447181701660156,0.005326159298419952,0.04747868701815605,0.011373152956366539,10.0,1.0,10.0
375.0,0.21407486498355865,0.21407486498355865,0.005322151817381382,0.04723163694143295,0.011362170800566673,10.0,1.0,10.0
376.0,0.21367931365966797,0.21367931365966797,0.005318176466971636,0.04698673263192177,0.011351082473993301,10.0,1.0,10.0
377.0,0.2132851630449295,0.2132851630449295,0.005314220674335957,0.04674404114484787,0.011339891701936722,10.0,1.0,10.0
378.0,0.21289238333702087,0.21289238333702087,0.005310263484716415,0.046503566205501556,0.011328618042171001,10.0,1.0,10.0
379.0,0.21250079572200775,0.21250079572200775,0.005306306295096874,0.046265214681625366,0.01131725125014782,10.0,1.0,10.0
380.0,0.21211060881614685,0.21211060881614685,0.005302386358380318,0.04602894186973572,0.01130578014999628,10.0,1.0,10.0
381.0,0.21172139048576355,0.21172139048576355,0.0052984608337283134,0.045794643461704254,0.011294213123619556,10.0,1.0,10.0
382.0,0.21133360266685486,0.21133360266685486,0.005294552072882652,0.045562464743852615,0.011282561346888542,10.0,1.0,10.0
383.0,0.21094687283039093,0.21094687283039093,0.005290639586746693,0.04533226042985916,0.011270822025835514,10.0,1.0,10.0
384.0,0.21056124567985535,0.21056124567985535,0.005286754574626684,0.04510390758514404,0.011258978396654129,10.0,1.0,10.0
385.0,0.2101767510175705,0.2101767510175705,0.005282890051603317,0.04487745091319084,0.011247040703892708,10.0,1.0,10.0
386.0,0.20979323983192444,0.20979323983192444,0.00527901342138648,0.04465291649103165,0.011235019192099571,10.0,1.0,10.0
387.0,0.2094108611345291,0.2094108611345291,0.005275147967040539,0.04443027079105377,0.011222911067306995,10.0,1.0,10.0
388.0,0.2090294510126114,0.2090294510126114,0.005271296016871929,0.04420937970280647,0.011210711672902107,10.0,1.0,10.0
389.0,0.20864906907081604,0.20864906907081604,0.0052674696780741215,0.04399023577570915,0.011198412626981735,10.0,1.0,10.0
390.0,0.2082696557044983,0.2082696557044983,0.0052636489272117615,0.04377283155918121,0.011186032555997372,10.0,1.0,10.0
391.0,0.20789095759391785,0.20789095759391785,0.005259808152914047,0.043557193130254745,0.011173567734658718,10.0,1.0,10.0
392.0,0.20751333236694336,0.20751333236694336,0.005256006494164467,0.043343156576156616,0.011161010712385178,10.0,1.0,10.0
393.0,0.20713651180267334,0.20713651180267334,0.005252205766737461,0.04313075914978981,0.011148369871079922,10.0,1.0,10.0
394.0,0.2067607045173645,0.2067607045173645,0.005248424597084522,0.04292000085115433,0.011135646142065525,10.0,1.0,10.0
395.0,0.20638549327850342,0.20638549327850342,0.005244623403996229,0.04271087795495987,0.011122838594019413,10.0,1.0,10.0
396.0,0.2060113102197647,0.2060113102197647,0.005240852944552898,0.04250328615307808,0.01110995002090931,10.0,1.0,10.0
397.0,0.20563773810863495,0.20563773810863495,0.005237092729657888,0.0422971285879612,0.01109696738421917,10.0,1.0,10.0
398.0,0.20526501536369324,0.20526501536369324,0.005233334377408028,0.042092543095350266,0.01108391210436821,10.0,1.0,10.0
399.0,0.2048931121826172,0.2048931121826172,0.005229580216109753,0.041889484971761703,0.011070781387388706,10.0,1.0,10.0
400.0,0.20452184975147247,0.20452184975147247,0.005225838162004948,0.04168782755732536,0.011057564988732338,10.0,1.0,10.0
401.0,0.20415136218070984,0.20415136218070984,0.005222105421125889,0.04148757457733154,0.011044273152947426,10.0,1.0,10.0
402.0,0.2037816047668457,0.2037816047668457,0.005218388047069311,0.04128874093294144,0.011030898429453373,10.0,1.0,10.0
403.0,0.2034124881029129,0.2034124881029129,0.005214669741690159,0.04109128564596176,0.0110174510627985,10.0,1.0,10.0
404.0,0.20304393768310547,0.20304393768310547,0.005210940260440111,0.040895216166973114,0.011003931984305382,10.0,1.0,10.0
405.0,0.20267611742019653,0.20267611742019653,0.005207237787544727,0.04070042446255684,0.010990331880748272,10.0,1.0,10.0
406.0,0.20230910181999207,0.20230910181999207,0.0052035534754395485,0.04050694406032562,0.010976661927998066,10.0,1.0,10.0
407.0,0.2019425481557846,0.2019425481557846,0.005199860315769911,0.04031474515795708,0.010962920263409615,10.0,1.0,10.0
408.0,0.2015766203403473,0.2015766203403473,0.005196165293455124,0.040123842656612396,0.01094911154359579,10.0,1.0,10.0
409.0,0.2012113332748413,0.2012113332748413,0.005192484240978956,0.0399341881275177,0.010935230180621147,10.0,1.0,10.0
410.0,0.2008465826511383,0.2008465826511383,0.005188815761357546,0.039745695888996124,0.01092127338051796,10.0,1.0,10.0
411.0,0.20048251748085022,0.20048251748085022,0.00518515519797802,0.03955846279859543,0.010907251387834549,10.0,1.0,10.0
412.0,0.2001190185546875,0.2001190185546875,0.005181501619517803,0.039372384548187256,0.010893162339925766,10.0,1.0,10.0
413.0,0.19975601136684418,0.19975601136684418,0.0051778387278318405,0.039187513291835785,0.010879011824727058,10.0,1.0,10.0
414.0,0.19939354062080383,0.19939354062080383,0.005174186546355486,0.03900374099612236,0.010864793322980404,10.0,1.0,10.0
415.0,0.19903165102005005,0.19903165102005005,0.0051705501973629,0.03882109001278877,0.010850504972040653,10.0,1.0,10.0
416.0,0.1986703723669052,0.1986703723669052,0.0051669226959347725,0.03863959759473801,0.010836155153810978,10.0,1.0,10.0
417.0,0.1983094960451126,0.1983094960451126,0.005163268651813269,0.03845924511551857,0.010821756906807423,10.0,1.0,10.0
418.0,0.1979493349790573,0.1979493349790573,0.005159659311175346,0.03827986493706703,0.010807287879288197,10.0,1.0,10.0
419.0,0.19758951663970947,0.19758951663970947,0.005156044848263264,0.038101524114608765,0.010792753659188747,10.0,1.0,10.0
420.0,0.19723021984100342,0.19723021984100342,0.0051524159498512745,0.03792433813214302,0.010778172872960567,10.0,1.0,10.0
421.0,0.19687150418758392,0.19687150418758392,0.005148794036358595,0.037748225033283234,0.010763533413410187,10.0,1.0,10.0
422.0,0.19651329517364502,0.19651329517364502,0.005145191214978695,0.037573039531707764,0.010748833417892456,10.0,1.0,10.0
423.0,0.19615553319454193,0.19615553319454193,0.005141609348356724,0.03739878162741661,0.010734066367149353,10.0,1.0,10.0
424.0,0.19579824805259705,0.19579824805259705,0.0051380037330091,0.0372256338596344,0.010719257406890392,10.0,1.0,10.0
425.0,0.19544151425361633,0.19544151425361633,0.0051343925297260284,0.03705354779958725,0.010704404674470425,10.0,1.0,10.0
426.0,0.19508519768714905,0.19508519768714905,0.00513080507516861,0.03688231110572815,0.01068948395550251,10.0,1.0,10.0
427.0,0.1947295069694519,0.1947295069694519,0.00512724369764328,0.03671196103096008,0.010674510151147842,10.0,1.0,10.0
428.0,0.19437414407730103,0.19437414407730103,0.005123646464198828,0.03654269129037857,0.01065949909389019,10.0,1.0,10.0
429.0,0.19401930272579193,0.19401930272579193,0.005120056215673685,0.03637438639998436,0.01064443588256836,10.0,1.0,10.0
430.0,0.19366496801376343,0.19366496801376343,0.005116487853229046,0.036206893622875214,0.010629318654537201,10.0,1.0,10.0
431.0,0.1933111548423767,0.1933111548423767,0.005112931132316589,0.03604030981659889,0.010614152997732162,10.0,1.0,10.0
432.0,0.19295784831047058,0.19295784831047058,0.005109365563839674,0.03587472066283226,0.010598946362733841,10.0,1.0,10.0
433.0,0.19260486960411072,0.19260486960411072,0.005105785094201565,0.035710033029317856,0.010583698749542236,10.0,1.0,10.0
434.0,0.19225245714187622,0.19225245714187622,0.005102227441966534,0.03554617241024971,0.010568400844931602,10.0,1.0,10.0
435.0,0.19190040230751038,0.19190040230751038,0.0050986758433282375,0.035383135080337524,0.010553051717579365,10.0,1.0,10.0
436.0,0.19154904782772064,0.19154904782772064,0.005095124244689941,0.03522108495235443,0.010537671856582165,10.0,1.0,10.0
437.0,0.19119811058044434,0.19119811058044434,0.005091569852083921,0.035059910267591476,0.010522250086069107,10.0,1.0,10.0
438.0,0.19084742665290833,0.19084742665290833,0.0050880080088973045,0.0348995178937912,0.010506782680749893,10.0,1.0,10.0
439.0,0.190497487783432,0.190497487783432,0.005084481090307236,0.034739959985017776,0.010491270571947098,10.0,1.0,10.0
440.0,0.1901479959487915,0.1901479959487915,0.00508093973621726,0.034581322222948074,0.01047572772949934,10.0,1.0,10.0
441.0,0.18979883193969727,0.18979883193969727,0.005077383015304804,0.03442353010177612,0.010460147634148598,10.0,1.0,10.0
442.0,0.18945029377937317,0.18945029377937317,0.005073857959359884,0.03426649048924446,0.010444522835314274,10.0,1.0,10.0
443.0,0.18910223245620728,0.18910223245620728,0.005070326384156942,0.03411031514406204,0.010428864508867264,10.0,1.0,10.0
444.0,0.18875452876091003,0.18875452876091003,0.005066778510808945,0.033955007791519165,0.010413174517452717,10.0,1.0,10.0
445.0,0.18840749561786652,0.18840749561786652,0.005063250660896301,0.033800479024648666,0.010397450998425484,10.0,1.0,10.0
446.0,0.1880609095096588,0.1880609095096588,0.0050597297959029675,0.033646732568740845,0.010381687432527542,10.0,1.0,10.0
447.0,0.18771472573280334,0.18771472573280334,0.005056195892393589,0.033493831753730774,0.010365894064307213,10.0,1.0,10.0
448.0,0.18736915290355682,0.18736915290355682,0.005052667576819658,0.03334178403019905,0.010350069031119347,10.0,1.0,10.0
449.0,0.1870240569114685,0.1870240569114685,0.005049143452197313,0.033190496265888214,0.010334213264286518,10.0,1.0,10.0
450.0,0.18667954206466675,0.18667954206466675,0.005045632366091013,0.033039987087249756,0.010318323038518429,10.0,1.0,10.0
451.0,0.18633544445037842,0.18633544445037842,0.005042114295065403,0.03289030119776726,0.010302401147782803,10.0,1.0,10.0
452.0,0.18599195778369904,0.18599195778369904,0.0050385938957333565,0.03274144232273102,0.01028645783662796,10.0,1.0,10.0
453.0,0.18564891815185547,0.18564891815185547,0.005035075359046459,0.032593343406915665,0.010270481929183006,10.0,1.0,10.0
454.0,0.18530645966529846,0.18530645966529846,0.005031570792198181,0.03244602307677269,0.010254472494125366,10.0,1.0,10.0
455.0,0.18496452271938324,0.18496452271938324,0.0050280471332371235,0.032299548387527466,0.010238450951874256,10.0,1.0,10.0
456.0,0.1846230924129486,0.1846230924129486,0.005024528596550226,0.032153863459825516,0.010222394950687885,10.0,1.0,10.0
457.0,0.1842823028564453,0.1842823028564453,0.00502103753387928,0.032008882611989975,0.010206305421888828,10.0,1.0,10.0
458.0,0.1839420199394226,0.1839420199394226,0.005017528310418129,0.03186473622918129,0.010190199129283428,10.0,1.0,10.0
459.0,0.1836022287607193,0.1836022287607193,0.00501400139182806,0.03172147646546364,0.010174073278903961,10.0,1.0,10.0
460.0,0.1832631230354309,0.1832631230354309,0.005010496359318495,0.031578950583934784,0.01015792042016983,10.0,1.0,10.0
461.0,0.18292447924613953,0.18292447924613953,0.005007007624953985,0.03143707290291786,0.010141734033823013,10.0,1.0,10.0
462.0,0.1825864464044571,0.1825864464044571,0.00500350771471858,0.03129606693983078,0.010125529952347279,10.0,1.0,10.0
463.0,0.1822490692138672,0.1822490692138672,0.004999988712370396,0.031155968084931374,0.01010932121425867,10.0,1.0,10.0
464.0,0.18191218376159668,0.18191218376159668,0.004996483214199543,0.031016582623124123,0.010093078017234802,10.0,1.0,10.0
465.0,0.1815759241580963,0.1815759241580963,0.004992993548512459,0.0308778565376997,0.010076813399791718,10.0,1.0,10.0
466.0,0.1812402755022049,0.1812402755022049,0.004989496432244778,0.03074001893401146,0.010060529224574566,10.0,1.0,10.0
467.0,0.180905282497406,0.180905282497406,0.004985983949154615,0.03060307912528515,0.010044236667454243,10.0,1.0,10.0
468.0,0.1805708408355713,0.1805708408355713,0.004982485435903072,0.03046680986881256,0.01002791803330183,10.0,1.0,10.0
469.0,0.18023699522018433,0.18023699522018433,0.004978992976248264,0.030331293120980263,0.010011577047407627,10.0,1.0,10.0
470.0,0.17990386486053467,0.17990386486053467,0.004975501447916031,0.030196618288755417,0.009995223954319954,10.0,1.0,10.0
471.0,0.17957136034965515,0.17957136034965515,0.0049719903618097305,0.030062828212976456,0.00997886247932911,10.0,1.0,10.0
472.0,0.17923948168754578,0.17923948168754578,0.004968505818396807,0.02992970496416092,0.009962472133338451,10.0,1.0,10.0
473.0,0.17890821397304535,0.17890821397304535,0.0049650161527097225,0.029797373339533806,0.009946067817509174,10.0,1.0,10.0
474.0,0.17857769131660461,0.17857769131660461,0.0049615236930549145,0.029665911570191383,0.009929653257131577,10.0,1.0,10.0
475.0,0.17824773490428925,0.17824773490428925,0.004958017263561487,0.029535269364714622,0.009913229383528233,10.0,1.0,10.0
476.0,0.17791853845119476,0.17791853845119476,0.004954531788825989,0.029405370354652405,0.009896785020828247,10.0,1.0,10.0
477.0,0.17758989334106445,0.17758989334106445,0.004951035603880882,0.029276276007294655,0.009880324825644493,10.0,1.0,10.0
478.0,0.1772621124982834,0.1772621124982834,0.004947551526129246,0.029148006811738014,0.009863859042525291,10.0,1.0,10.0
479.0,0.17693492770195007,0.17693492770195007,0.0049440572038292885,0.02902054227888584,0.009847382083535194,10.0,1.0,10.0
480.0,0.17660847306251526,0.17660847306251526,0.004940572194755077,0.028893854469060898,0.009830889292061329,10.0,1.0,10.0
481.0,0.17628267407417297,0.17628267407417297,0.004937082529067993,0.028767967596650124,0.009814388118684292,10.0,1.0,10.0
482.0,0.17595770955085754,0.17595770955085754,0.004933590535074472,0.028642937541007996,0.00979788601398468,10.0,1.0,10.0
483.0,0.17563334107398987,0.17563334107398987,0.004930093418806791,0.028518732637166977,0.00978136621415615,10.0,1.0,10.0
484.0,0.17530980706214905,0.17530980706214905,0.004926616791635752,0.028395283967256546,0.009764835238456726,10.0,1.0,10.0
485.0,0.1749868392944336,0.1749868392944336,0.004923131782561541,0.028272613883018494,0.009748290292918682,10.0,1.0,10.0
486.0,0.17466485500335693,0.17466485500335693,0.0049196407198905945,0.028150899335741997,0.00973175372928381,10.0,1.0,10.0
487.0,0.17434342205524445,0.17434342205524445,0.004916145466268063,0.028029924258589745,0.009715204127132893,10.0,1.0,10.0
488.0,0.17402271926403046,0.17402271926403046,0.004912655800580978,0.027909718453884125,0.009698644280433655,10.0,1.0,10.0
489.0,0.17370305955410004,0.17370305955410004,0.004909192677587271,0.027790354564785957,0.009682077914476395,10.0,1.0,10.0
490.0,0.17338404059410095,0.17338404059410095,0.004905699286609888,0.027671892195940018,0.009665515273809433,10.0,1.0,10.0
491.0,0.17306570708751678,0.17306570708751678,0.004902208689600229,0.027554234489798546,0.009648938663303852,10.0,1.0,10.0
492.0,0.17274823784828186,0.17274823784828186,0.00489873718470335,0.027437279000878334,0.009632358327507973,10.0,1.0,10.0
493.0,0.1724315583705902,0.1724315583705902,0.004895255900919437,0.02732122875750065,0.009615777991712093,10.0,1.0,10.0
494.0,0.17211569845676422,0.17211569845676422,0.004891754128038883,0.027206115424633026,0.009599204175174236,10.0,1.0,10.0
495.0,0.17180070281028748,0.17180070281028748,0.0048882863484323025,0.027091678231954575,0.009582615457475185,10.0,1.0,10.0
496.0,0.17148643732070923,0.17148643732070923,0.004884826019406319,0.026978038251399994,0.00956601370126009,10.0,1.0,10.0
497.0,0.17117303609848022,0.17117303609848022,0.004881339147686958,0.02686535380780697,0.009549429640173912,10.0,1.0,10.0
498.0,0.17086046934127808,0.17086046934127808,0.004877840168774128,0.026753563433885574,0.009532850235700607,10.0,1.0,10.0
499.0,0.1705486923456192,0.1705486923456192,0.004874373786151409,0.026642439886927605,0.009516251273453236,10.0,1.0,10.0
500.0,0.17023777961730957,0.17023777961730957,0.00487092137336731,0.026532096788287163,0.009499647654592991,10.0,1.0,10.0
501.0,0.16992774605751038,0.16992774605751038,0.0048674289137125015,0.02642277255654335,0.009483067318797112,10.0,1.0,10.0
502.0,0.1696186065673828,0.1696186065673828,0.004863935522735119,0.026314331218600273,0.00946649070829153,10.0,1.0,10.0
503.0,0.16931024193763733,0.16931024193763733,0.004860484041273594,0.026206497102975845,0.00944988988339901,10.0,1.0,10.0
504.0,0.16900280117988586,0.16900280117988586,0.004857022315263748,0.026099542155861855,0.009433303959667683,10.0,1.0,10.0
505.0,0.16869613528251648,0.16869613528251648,0.0048535228706896305,0.025993602350354195,0.009416730143129826,10.0,1.0,10.0
506.0,0.16839054226875305,0.16839054226875305,0.004850052762776613,0.02588842436671257,0.009400159120559692,10.0,1.0,10.0
507.0,0.16808566451072693,0.16808566451072693,0.004846611991524696,0.02578386850655079,0.009383568540215492,10.0,1.0,10.0
508.0,0.1677817404270172,0.1677817404270172,0.004843136761337519,0.02568032033741474,0.009367004968225956,10.0,1.0,10.0
509.0,0.16747881472110748,0.16747881472110748,0.004839654546231031,0.025577746331691742,0.00935045164078474,10.0,1.0,10.0
510.0,0.16717664897441864,0.16717664897441864,0.00483619375154376,0.025475837290287018,0.009333888068795204,10.0,1.0,10.0
511.0,0.166875422000885,0.166875422000885,0.004832753911614418,0.025374636054039,0.009317325428128242,10.0,1.0,10.0
512.0,0.16657522320747375,0.16657522320747375,0.004829283803701401,0.025274498388171196,0.00930078886449337,10.0,1.0,10.0
513.0,0.16627582907676697,0.16627582907676697,0.0048258062452077866,0.025175178423523903,0.009284257888793945,10.0,1.0,10.0
514.0,0.16597740352153778,0.16597740352153778,0.004822360351681709,0.025076566264033318,0.009267723187804222,10.0,1.0,10.0
515.0,0.165679931640625,0.165679931640625,0.004818921443074942,0.02497878484427929,0.009251193143427372,10.0,1.0,10.0
516.0,0.1653832495212555,0.1653832495212555,0.004815441556274891,0.024881934747099876,0.00923469103872776,10.0,1.0,10.0
517.0,0.16508767008781433,0.16508767008781433,0.0048119849525392056,0.024785928428173065,0.009218188934028149,10.0,1.0,10.0
518.0,0.16479289531707764,0.16479289531707764,0.004808546043932438,0.024690598249435425,0.009201684035360813,10.0,1.0,10.0
519.0,0.16449928283691406,0.16449928283691406,0.004805108066648245,0.0245961956679821,0.009185200557112694,10.0,1.0,10.0
520.0,0.16420646011829376,0.16420646011829376,0.004801640752702951,0.024502694606781006,0.009168735705316067,10.0,1.0,10.0
521.0,0.16391466557979584,0.16391466557979584,0.004798202775418758,0.02440992183983326,0.009152271784842014,10.0,1.0,10.0
522.0,0.16362375020980835,0.16362375020980835,0.004794771317392588,0.024317899718880653,0.009135814383625984,10.0,1.0,10.0
523.0,0.16333387792110443,0.16333387792110443,0.004791320767253637,0.024226834997534752,0.009119383059442043,10.0,1.0,10.0
524.0,0.16304489970207214,0.16304489970207214,0.00478787487372756,0.02413657121360302,0.00910295732319355,10.0,1.0,10.0
525.0,0.16275691986083984,0.16275691986083984,0.0047844452783465385,0.02404705062508583,0.009086541831493378,10.0,1.0,10.0
526.0,0.1624699831008911,0.1624699831008911,0.0047810194082558155,0.023958362638950348,0.009070144034922123,10.0,1.0,10.0
527.0,0.1621839702129364,0.1621839702129364,0.0047775749117136,0.023870578035712242,0.009053763933479786,10.0,1.0,10.0
528.0,0.16189898550510406,0.16189898550510406,0.004774156492203474,0.02378351241350174,0.009037390351295471,10.0,1.0,10.0
529.0,0.1616150438785553,0.1616150438785553,0.004770742729306221,0.023697249591350555,0.009021036326885223,10.0,1.0,10.0
530.0,0.1613319218158722,0.1613319218158722,0.004767310805618763,0.02361186593770981,0.009004694409668446,10.0,1.0,10.0
531.0,0.16104981303215027,0.16104981303215027,0.004763883072882891,0.023527273908257484,0.008988370187580585,10.0,1.0,10.0
532.0,0.1607688069343567,0.1607688069343567,0.004760480485856533,0.023443421348929405,0.00897205714136362,10.0,1.0,10.0
533.0,0.16048863530158997,0.16048863530158997,0.004757056012749672,0.023360436782240868,0.008955764584243298,10.0,1.0,10.0
534.0,0.16020962595939636,0.16020962595939636,0.0047536431811749935,0.02327824756503105,0.00893949344754219,10.0,1.0,10.0
535.0,0.15993154048919678,0.15993154048919678,0.004750241059809923,0.02319682575762272,0.008923230692744255,10.0,1.0,10.0
536.0,0.15965449810028076,0.15965449810028076,0.004746836610138416,0.02311624214053154,0.008906988427042961,10.0,1.0,10.0
537.0,0.15937846899032593,0.15937846899032593,0.004743441008031368,0.023036401718854904,0.008890765719115734,10.0,1.0,10.0
538.0,0.1591034233570099,0.1591034233570099,0.004740051459521055,0.02295736037194729,0.008874555118381977,10.0,1.0,10.0
539.0,0.15882928669452667,0.15882928669452667,0.004736640490591526,0.02287914790213108,0.008858373388648033,10.0,1.0,10.0
540.0,0.15855634212493896,0.15855634212493896,0.004733258858323097,0.022801673039793968,0.008842208422720432,10.0,1.0,10.0
541.0,0.1582842469215393,0.1582842469215393,0.00472987350076437,0.022724954411387444,0.008826056495308876,10.0,1.0,10.0
542.0,0.15801334381103516,0.15801334381103516,0.00472649559378624,0.02264907769858837,0.008809929713606834,10.0,1.0,10.0
543.0,0.15774323046207428,0.15774323046207428,0.004723105579614639,0.02257397584617138,0.008793819695711136,10.0,1.0,10.0
544.0,0.15747420489788055,0.15747420489788055,0.004719731863588095,0.02249958924949169,0.008777729235589504,10.0,1.0,10.0
545.0,0.1572064310312271,0.1572064310312271,0.004716372583061457,0.022426052019000053,0.008761664852499962,10.0,1.0,10.0
546.0,0.15693944692611694,0.15693944692611694,0.004713001661002636,0.02235325239598751,0.008745618164539337,10.0,1.0,10.0
547.0,0.15667355060577393,0.15667355060577393,0.004709645640105009,0.022281169891357422,0.008729591965675354,10.0,1.0,10.0
548.0,0.15640860795974731,0.15640860795974731,0.004706288687884808,0.022209875285625458,0.008713585324585438,10.0,1.0,10.0
549.0,0.15614467859268188,0.15614467859268188,0.004702921956777573,0.022139396518468857,0.00869760662317276,10.0,1.0,10.0
550.0,0.1558818370103836,0.1558818370103836,0.004699577111750841,0.02206963486969471,0.008681642822921276,10.0,1.0,10.0
551.0,0.1556200087070465,0.1556200087070465,0.004696243442595005,0.022000547498464584,0.008665704168379307,10.0,1.0,10.0
552.0,0.155359148979187,0.155359148979187,0.004692899063229561,0.021932300180196762,0.008649785071611404,10.0,1.0,10.0
553.0,0.15509939193725586,0.15509939193725586,0.004689557012170553,0.021864844486117363,0.008633896708488464,10.0,1.0,10.0
554.0,0.1548406183719635,0.1548406183719635,0.004686231724917889,0.021798033267259598,0.008618026040494442,10.0,1.0,10.0
555.0,0.15458287298679352,0.15458287298679352,0.004682911094278097,0.021731993183493614,0.008602176792919636,10.0,1.0,10.0
556.0,0.1543261557817459,0.1543261557817459,0.004679584410041571,0.021666716784238815,0.008586359210312366,10.0,1.0,10.0
557.0,0.15407036244869232,0.15407036244869232,0.0046762628480792046,0.021602138876914978,0.008570559322834015,10.0,1.0,10.0
558.0,0.15381565690040588,0.15381565690040588,0.004672957584261894,0.02153828553855419,0.008554779924452305,10.0,1.0,10.0
559.0,0.15356209874153137,0.15356209874153137,0.004669659771025181,0.021475201472640038,0.008539029397070408,10.0,1.0,10.0
560.0,0.15330934524536133,0.15330934524536133,0.004666341468691826,0.02141287550330162,0.008523305878043175,10.0,1.0,10.0
561.0,0.15305779874324799,0.15305779874324799,0.004663059953600168,0.021351195871829987,0.00850760005414486,10.0,1.0,10.0
562.0,0.15280717611312866,0.15280717611312866,0.004659777507185936,0.02129022404551506,0.008491916581988335,10.0,1.0,10.0
563.0,0.1525576412677765,0.1525576412677765,0.004656488075852394,0.021230056881904602,0.008476270362734795,10.0,1.0,10.0
564.0,0.15230907499790192,0.15230907499790192,0.004653204698115587,0.021170562133193016,0.008460646495223045,10.0,1.0,10.0
565.0,0.1520615965127945,0.1520615965127945,0.004649944603443146,0.02111174538731575,0.008445041254162788,10.0,1.0,10.0
566.0,0.15181508660316467,0.15181508660316467,0.0046466803178191185,0.02105363830924034,0.00842946395277977,10.0,1.0,10.0
567.0,0.15156957507133484,0.15156957507133484,0.004643412306904793,0.020996278151869774,0.008413918316364288,10.0,1.0,10.0
568.0,0.1513250172138214,0.1513250172138214,0.004640154540538788,0.020939545705914497,0.008398392237722874,10.0,1.0,10.0
569.0,0.15108159184455872,0.15108159184455872,0.004636913072317839,0.02088352106511593,0.008382893167436123,10.0,1.0,10.0
570.0,0.15083909034729004,0.15083909034729004,0.004633657168596983,0.020828239619731903,0.008367428556084633,10.0,1.0,10.0
571.0,0.1505977064371109,0.1505977064371109,0.004630424082279205,0.020773645490407944,0.00835198163986206,10.0,1.0,10.0
572.0,0.15035726130008698,0.15035726130008698,0.00462720450013876,0.020719652995467186,0.008336556144058704,10.0,1.0,10.0
573.0,0.15011784434318542,0.15011784434318542,0.004623980261385441,0.020666390657424927,0.008321165107190609,10.0,1.0,10.0
574.0,0.14987939596176147,0.14987939596176147,0.004620749969035387,0.020613832399249077,0.008305806666612625,10.0,1.0,10.0
575.0,0.14964206516742706,0.14964206516742706,0.004617544822394848,0.02056189253926277,0.008290472440421581,10.0,1.0,10.0
576.0,0.14940568804740906,0.14940568804740906,0.00461434293538332,0.020510628819465637,0.008275162428617477,10.0,1.0,10.0
577.0,0.14917026460170746,0.14917026460170746,0.004611141514033079,0.020460065454244614,0.008259878493845463,10.0,1.0,10.0
578.0,0.14893591403961182,0.14893591403961182,0.004607958719134331,0.020410114899277687,0.008244621567428112,10.0,1.0,10.0
579.0,0.14870256185531616,0.14870256185531616,0.00460477452725172,0.020360836759209633,0.008229399099946022,10.0,1.0,10.0
580.0,0.14847007393836975,0.14847007393836975,0.004601585678756237,0.020312214270234108,0.008214200846850872,10.0,1.0,10.0
581.0,0.14823868870735168,0.14823868870735168,0.004598414525389671,0.020264238119125366,0.008199029602110386,10.0,1.0,10.0
582.0,0.14800822734832764,0.14800822734832764,0.004595251753926277,0.020216867327690125,0.008183885365724564,10.0,1.0,10.0
583.0,0.14777885377407074,0.14777885377407074,0.004592094104737043,0.020170189440250397,0.008168771862983704,10.0,1.0,10.0
584.0,0.14755041897296906,0.14755041897296906,0.0045889439061284065,0.020124107599258423,0.008153687231242657,10.0,1.0,10.0
585.0,0.14732296764850616,0.14732296764850616,0.004585798364132643,0.020078688859939575,0.008138629607856274,10.0,1.0,10.0
586.0,0.14709658920764923,0.14709658920764923,0.004582666791975498,0.02003387361764908,0.008123604580760002,10.0,1.0,10.0
587.0,0.14687101542949677,0.14687101542949677,0.004579532891511917,0.019989673048257828,0.008108600974082947,10.0,1.0,10.0
588.0,0.14664646983146667,0.14664646983146667,0.004576407372951508,0.01994607225060463,0.008093633688986301,10.0,1.0,10.0
589.0,0.14642292261123657,0.14642292261123657,0.004573293030261993,0.01990308240056038,0.00807869154959917,10.0,1.0,10.0
590.0,0.14620043337345123,0.14620043337345123,0.004570186138153076,0.019860723987221718,0.008063784800469875,10.0,1.0,10.0
591.0,0.14597883820533752,0.14597883820533752,0.004567093215882778,0.019818909466266632,0.008048899471759796,10.0,1.0,10.0
592.0,0.14575828611850739,0.14575828611850739,0.004564008675515652,0.019777735695242882,0.008034045808017254,10.0,1.0,10.0
593.0,0.14553862810134888,0.14553862810134888,0.004560919478535652,0.019737159833312035,0.008019227534532547,10.0,1.0,10.0
594.0,0.1453198492527008,0.1453198492527008,0.004557840060442686,0.01969713158905506,0.008004430681467056,10.0,1.0,10.0
595.0,0.1451021432876587,0.1451021432876587,0.0045547764748334885,0.0196576826274395,0.007989670149981976,10.0,1.0,10.0
596.0,0.1448853462934494,0.1448853462934494,0.00455170962959528,0.019618842750787735,0.007974940352141857,10.0,1.0,10.0
597.0,0.14466947317123413,0.14466947317123413,0.004548658616840839,0.019580531865358353,0.007960235700011253,10.0,1.0,10.0
598.0,0.14445455372333527,0.14445455372333527,0.0045456173829734325,0.019542749971151352,0.007945562712848186,10.0,1.0,10.0
599.0,0.14424064755439758,0.14424064755439758,0.004542580805718899,0.019505620002746582,0.007930921390652657,10.0,1.0,10.0
600.0,0.14402762055397034,0.14402762055397034,0.004539556335657835,0.019468985497951508,0.007916308008134365,10.0,1.0,10.0
601.0,0.14381542801856995,0.14381542801856995,0.004536531865596771,0.01943286508321762,0.007901725359261036,10.0,1.0,10.0
602.0,0.14360427856445312,0.14360427856445312,0.004533520434051752,0.01939728856086731,0.007887178100645542,10.0,1.0,10.0
603.0,0.14339399337768555,0.14339399337768555,0.004530513193458319,0.019362274557352066,0.007872659713029861,10.0,1.0,10.0
604.0,0.14318467676639557,0.14318467676639557,0.0045275199227035046,0.019327767193317413,0.007858170196413994,10.0,1.0,10.0
605.0,0.14297617971897125,0.14297617971897125,0.004524528048932552,0.01929379627108574,0.007843710482120514,10.0,1.0,10.0
606.0,0.14276862144470215,0.14276862144470215,0.0045215473510324955,0.019260309636592865,0.00782928429543972,10.0,1.0,10.0
607.0,0.14256206154823303,0.14256206154823303,0.004518589004874229,0.019227316603064537,0.007814886048436165,10.0,1.0,10.0
608.0,0.14235639572143555,0.14235639572143555,0.004515618551522493,0.019194887951016426,0.007800532039254904,10.0,1.0,10.0
609.0,0.14215150475502014,0.14215150475502014,0.0045126634649932384,0.01916290633380413,0.007786196190863848,10.0,1.0,10.0
610.0,0.14194756746292114,0.14194756746292114,0.004509727470576763,0.019131368026137352,0.007771892473101616,10.0,1.0,10.0
611.0,0.14174450933933258,0.14174450933933258,0.004506791941821575,0.019100364297628403,0.007757621817290783,10.0,1.0,10.0
612.0,0.14154231548309326,0.14154231548309326,0.004503852687776089,0.01906988024711609,0.007743391674011946,10.0,1.0,10.0
613.0,0.14134100079536438,0.14134100079536438,0.00450094835832715,0.01903974637389183,0.007729177828878164,10.0,1.0,10.0
614.0,0.14114058017730713,0.14114058017730713,0.004498044494539499,0.019010106101632118,0.007715002167969942,10.0,1.0,10.0
615.0,0.14094094932079315,0.14094094932079315,0.004495131317526102,0.018981020897626877,0.007700862362980843,10.0,1.0,10.0
616.0,0.1407422125339508,0.1407422125339508,0.0044922372326254845,0.01895230822265148,0.007686753757297993,10.0,1.0,10.0
617.0,0.1405443549156189,0.1405443549156189,0.004489373881369829,0.018923941999673843,0.007672668434679508,10.0,1.0,10.0
618.0,0.14034727215766907,0.14034727215766907,0.004486492369323969,0.018896112218499184,0.007658623158931732,10.0,1.0,10.0
619.0,0.14015118777751923,0.14015118777751923,0.0044836243614554405,0.01886875554919243,0.007644618861377239,10.0,1.0,10.0
620.0,0.13995572924613953,0.13995572924613953,0.0044807735830545425,0.018841687589883804,0.007630630861967802,10.0,1.0,10.0
621.0,0.13976125419139862,0.13976125419139862,0.004477934446185827,0.018815089017152786,0.007616681978106499,10.0,1.0,10.0
622.0,0.13956758379936218,0.13956758379936218,0.004475097171962261,0.01878892071545124,0.007602768484503031,10.0,1.0,10.0
623.0,0.13937455415725708,0.13937455415725708,0.0044722650200128555,0.0187631044536829,0.007588880602270365,10.0,1.0,10.0
624.0,0.13918232917785645,0.13918232917785645,0.0044694445095956326,0.01873764954507351,0.007575023919343948,10.0,1.0,10.0
625.0,0.1389910876750946,0.1389910876750946,0.004466640297323465,0.01871264912188053,0.007561203557997942,10.0,1.0,10.0
626.0,0.13880065083503723,0.13880065083503723,0.004463837947696447,0.018688037991523743,0.007547424174845219,10.0,1.0,10.0
627.0,0.13861092925071716,0.13861092925071716,0.004461062140762806,0.018663685768842697,0.007533661089837551,10.0,1.0,10.0
628.0,0.1384219229221344,0.1384219229221344,0.004458283539861441,0.018639730289578438,0.007519935257732868,10.0,1.0,10.0
629.0,0.1382337212562561,0.1382337212562561,0.004455494228750467,0.01861622743308544,0.007506255991756916,10.0,1.0,10.0
630.0,0.13804636895656586,0.13804636895656586,0.004452747758477926,0.01859295181930065,0.007492593489587307,10.0,1.0,10.0
631.0,0.13785970211029053,0.13785970211029053,0.004450005479156971,0.01856999471783638,0.007478965446352959,10.0,1.0,10.0
632.0,0.13767382502555847,0.13767382502555847,0.004447256214916706,0.018547475337982178,0.007465379778295755,10.0,1.0,10.0
633.0,0.13748863339424133,0.13748863339424133,0.004444515332579613,0.018525250256061554,0.007451824378222227,10.0,1.0,10.0
634.0,0.13730424642562866,0.13730424642562866,0.004441812634468079,0.018503226339817047,0.007438289001584053,10.0,1.0,10.0
635.0,0.1371205598115921,0.1371205598115921,0.0044390978291630745,0.018481630831956863,0.007424796000123024,10.0,1.0,10.0
636.0,0.13693758845329285,0.13693758845329285,0.004436382092535496,0.01846037432551384,0.0074113402515649796,10.0,1.0,10.0
637.0,0.13675537705421448,0.13675537705421448,0.004433707799762487,0.018439244478940964,0.007397905923426151,10.0,1.0,10.0
638.0,0.13657386600971222,0.13657386600971222,0.004431023262441158,0.01841850019991398,0.007384513039141893,10.0,1.0,10.0
639.0,0.13639305531978607,0.13639305531978607,0.004428341053426266,0.018398098647594452,0.007371154148131609,10.0,1.0,10.0
640.0,0.13621290028095245,0.13621290028095245,0.004425680264830589,0.018377862870693207,0.007357824128121138,10.0,1.0,10.0
641.0,0.13603343069553375,0.13603343069553375,0.004423030652105808,0.01835789531469345,0.007344523444771767,10.0,1.0,10.0
642.0,0.13585469126701355,0.13585469126701355,0.004420383833348751,0.018338235095143318,0.007331261411309242,10.0,1.0,10.0
643.0,0.13567669689655304,0.13567669689655304,0.00441775843501091,0.01831880770623684,0.0073180305771529675,10.0,1.0,10.0
644.0,0.1354992538690567,0.1354992538690567,0.004415135830640793,0.018299607560038567,0.007304828613996506,10.0,1.0,10.0
645.0,0.13532257080078125,0.13532257080078125,0.00441252626478672,0.018280643969774246,0.0072916666977107525,10.0,1.0,10.0
646.0,0.13514640927314758,0.13514640927314758,0.0044099148362874985,0.018261924386024475,0.007278533186763525,10.0,1.0,10.0
647.0,0.13497094810009003,0.13497094810009003,0.004407322499901056,0.018243398517370224,0.007265432272106409,10.0,1.0,10.0
648.0,0.1347961723804474,0.1347961723804474,0.004404742736369371,0.01822510175406933,0.007252363953739405,10.0,1.0,10.0
649.0,0.1346220225095749,0.1346220225095749,0.00440216576680541,0.018207047134637833,0.00723933195695281,10.0,1.0,10.0
650.0,0.13444846868515015,0.13444846868515015,0.004399607423692942,0.018189148977398872,0.007226324174553156,10.0,1.0,10.0
651.0,0.13427552580833435,0.13427552580833435,0.004397054668515921,0.018171455711126328,0.007213352248072624,10.0,1.0,10.0
652.0,0.1341032087802887,0.1341032087802887,0.004394508898258209,0.018153948709368706,0.007200416177511215,10.0,1.0,10.0
653.0,0.1339314579963684,0.1339314579963684,0.004391968250274658,0.018136631697416306,0.007187514565885067,10.0,1.0,10.0
654.0,0.13376036286354065,0.13376036286354065,0.004389453213661909,0.018119458109140396,0.007174638099968433,10.0,1.0,10.0
655.0,0.13358989357948303,0.13358989357948303,0.004386940971016884,0.018102481961250305,0.007161799818277359,10.0,1.0,10.0
656.0,0.13341990113258362,0.13341990113258362,0.004384425934404135,0.018085693940520287,0.007148993667215109,10.0,1.0,10.0
657.0,0.13325046002864838,0.13325046002864838,0.004381943494081497,0.018068930134177208,0.007136209402233362,10.0,1.0,10.0
658.0,0.13308174908161163,0.13308174908161163,0.004379458725452423,0.018052440136671066,0.007123472634702921,10.0,1.0,10.0
659.0,0.13291354477405548,0.13291354477405548,0.00437697721645236,0.01803610660135746,0.007110766600817442,10.0,1.0,10.0
660.0,0.13274583220481873,0.13274583220481873,0.004374528769403696,0.018019776791334152,0.007098076865077019,10.0,1.0,10.0
661.0,0.13257864117622375,0.13257864117622375,0.004372069146484137,0.018003657460212708,0.0070854295045137405,10.0,1.0,10.0
662.0,0.13241201639175415,0.13241201639175415,0.0043696071952581406,0.017987743020057678,0.007072820328176022,10.0,1.0,10.0
663.0,0.1322459578514099,0.1322459578514099,0.0043671829625964165,0.01797180436551571,0.007060232572257519,10.0,1.0,10.0
664.0,0.13208048045635223,0.13208048045635223,0.004364772234112024,0.01795598864555359,0.00704767694696784,10.0,1.0,10.0
665.0,0.13191545009613037,0.13191545009613037,0.004362341016530991,0.017940402030944824,0.007035162765532732,10.0,1.0,10.0
666.0,0.1317509263753891,0.1317509263753891,0.0043599363416433334,0.01792481727898121,0.007022674195468426,10.0,1.0,10.0
667.0,0.13158690929412842,0.13158690929412842,0.004357554018497467,0.017909279093146324,0.007010209374129772,10.0,1.0,10.0
668.0,0.1314234733581543,0.1314234733581543,0.00435516145080328,0.017893925309181213,0.006997792050242424,10.0,1.0,10.0
669.0,0.13126039505004883,0.13126039505004883,0.004352781921625137,0.017878644168376923,0.0069853924214839935,10.0,1.0,10.0
670.0,0.13109785318374634,0.13109785318374634,0.004350417759269476,0.01786339282989502,0.006973029114305973,10.0,1.0,10.0
671.0,0.13093584775924683,0.13093584775924683,0.0043480610474944115,0.01784825511276722,0.006960698869079351,10.0,1.0,10.0
672.0,0.13077422976493835,0.13077422976493835,0.004345709457993507,0.01783316768705845,0.006948397029191256,10.0,1.0,10.0
673.0,0.13061313331127167,0.13061313331127167,0.004343374632298946,0.017818119376897812,0.006936126388609409,10.0,1.0,10.0
674.0,0.13045239448547363,0.13045239448547363,0.0043410384096205235,0.017803167924284935,0.0069238850846886635,10.0,1.0,10.0
675.0,0.13029226660728455,0.13029226660728455,0.004338726866990328,0.017788222059607506,0.0069116768427193165,10.0,1.0,10.0
676.0,0.13013245165348053,0.13013245165348053,0.004336410667747259,0.017773356288671494,0.006899499334394932,10.0,1.0,10.0
677.0,0.12997311353683472,0.12997311353683472,0.00433410843834281,0.017758525907993317,0.0068873511627316475,10.0,1.0,10.0
678.0,0.12981432676315308,0.12981432676315308,0.004331829492002726,0.01774371601641178,0.006875232793390751,10.0,1.0,10.0
679.0,0.1296558380126953,0.1296558380126953,0.004329540766775608,0.017728962004184723,0.006863147486001253,10.0,1.0,10.0
680.0,0.12949782609939575,0.12949782609939575,0.004327273927628994,0.01771419681608677,0.006851088721305132,10.0,1.0,10.0
681.0,0.12934017181396484,0.12934017181396484,0.004325002431869507,0.01769951917231083,0.006839063949882984,10.0,1.0,10.0
682.0,0.1291830837726593,0.1291830837726593,0.004322759807109833,0.01768481731414795,0.006827067583799362,10.0,1.0,10.0
683.0,0.12902618944644928,0.12902618944644928,0.004320508800446987,0.017670106142759323,0.006815099157392979,10.0,1.0,10.0
684.0,0.12886960804462433,0.12886960804462433,0.004318253602832556,0.01765546202659607,0.00680316099897027,10.0,1.0,10.0
685.0,0.1287136971950531,0.1287136971950531,0.004316034726798534,0.017640817910432816,0.006791253574192524,10.0,1.0,10.0
686.0,0.12855814397335052,0.12855814397335052,0.004313829354941845,0.01762612909078598,0.006779372226446867,10.0,1.0,10.0
687.0,0.12840281426906586,0.12840281426906586,0.004311606287956238,0.017611470073461533,0.006767528597265482,10.0,1.0,10.0
688.0,0.12824803590774536,0.12824803590774536,0.004309411160647869,0.017596835270524025,0.006755709182471037,10.0,1.0,10.0
689.0,0.12809351086616516,0.12809351086616516,0.004307226277887821,0.0175821203738451,0.00674391258507967,10.0,1.0,10.0
690.0,0.1279393583536148,0.1279393583536148,0.004305039998143911,0.01756744459271431,0.006732151377946138,10.0,1.0,10.0
691.0,0.12778565287590027,0.12778565287590027,0.004302870016545057,0.01755276508629322,0.006720418110489845,10.0,1.0,10.0
692.0,0.12763221561908722,0.12763221561908722,0.004300708416849375,0.01753801479935646,0.006708712317049503,10.0,1.0,10.0
693.0,0.1274791657924652,0.1274791657924652,0.004298549145460129,0.01752328872680664,0.006697039119899273,10.0,1.0,10.0
694.0,0.12732639908790588,0.12732639908790588,0.004296393599361181,0.017508532851934433,0.006685392931103706,10.0,1.0,10.0
695.0,0.12717396020889282,0.12717396020889282,0.004294257145375013,0.017493702471256256,0.006673768162727356,10.0,1.0,10.0
696.0,0.12702184915542603,0.12702184915542603,0.004292118828743696,0.017478885129094124,0.006662177853286266,10.0,1.0,10.0
697.0,0.12687014043331146,0.12687014043331146,0.004289996810257435,0.017464039847254753,0.006650613620877266,10.0,1.0,10.0
698.0,0.12671878933906555,0.12671878933906555,0.004287886433303356,0.01744915172457695,0.006639076862484217,10.0,1.0,10.0
699.0,0.12656761705875397,0.12656761705875397,0.004285774193704128,0.017434213310480118,0.006627566646784544,10.0,1.0,10.0
700.0,0.12641696631908417,0.12641696631908417,0.0042836894281208515,0.017419205978512764,0.006616086233407259,10.0,1.0,10.0
701.0,0.12626641988754272,0.12626641988754272,0.004281585104763508,0.01740422658622265,0.006604634691029787,10.0,1.0,10.0
702.0,0.12611626088619232,0.12611626088619232,0.00427950918674469,0.01738912984728813,0.006593203637748957,10.0,1.0,10.0
703.0,0.1259663999080658,0.1259663999080658,0.004277436062693596,0.017374005168676376,0.006581802852451801,10.0,1.0,10.0
704.0,0.12581679224967957,0.12581679224967957,0.004275363404303789,0.01735886000096798,0.006570430472493172,10.0,1.0,10.0
705.0,0.12566760182380676,0.12566760182380676,0.004273317288607359,0.01734360121190548,0.006559083238244057,10.0,1.0,10.0
706.0,0.1255185753107071,0.1255185753107071,0.004271259065717459,0.01732834242284298,0.00654776394367218,10.0,1.0,10.0
707.0,0.1253698617219925,0.1253698617219925,0.004269215743988752,0.017312999814748764,0.006536470260471106,10.0,1.0,10.0
708.0,0.12522143125534058,0.12522143125534058,0.004267183598130941,0.017297592014074326,0.006525200791656971,10.0,1.0,10.0
709.0,0.12507328391075134,0.12507328391075134,0.004265157040208578,0.01728212833404541,0.006513959262520075,10.0,1.0,10.0
710.0,0.12492538243532181,0.12492538243532181,0.004263128153979778,0.017266632989048958,0.006502746604382992,10.0,1.0,10.0
711.0,0.12477771937847137,0.12477771937847137,0.004261117894202471,0.017251022160053253,0.006491552107036114,10.0,1.0,10.0
712.0,0.1246303915977478,0.1246303915977478,0.004259116947650909,0.017235364764928818,0.006480385549366474,10.0,1.0,10.0
713.0,0.12448325753211975,0.12448325753211975,0.004257115535438061,0.017219649627804756,0.006469245068728924,10.0,1.0,10.0
714.0,0.12433645129203796,0.12433645129203796,0.004255129490047693,0.01720384880900383,0.006458130199462175,10.0,1.0,10.0
715.0,0.12418985366821289,0.12418985366821289,0.004253153223544359,0.017187945544719696,0.006447037681937218,10.0,1.0,10.0
716.0,0.12404347956180573,0.12404347956180573,0.004251167178153992,0.017172042280435562,0.006435976829379797,10.0,1.0,10.0
717.0,0.12389735877513885,0.12389735877513885,0.004249196033924818,0.017156019806861877,0.006424938328564167,10.0,1.0,10.0
718.0,0.12375150620937347,0.12375150620937347,0.004247242584824562,0.01713988371193409,0.006413919385522604,10.0,1.0,10.0
719.0,0.12360590696334839,0.12360590696334839,0.004245280753821135,0.017123771831393242,0.0064029330387711525,10.0,1.0,10.0
720.0,0.1234605461359024,0.1234605461359024,0.004243336617946625,0.017107516527175903,0.006391966715455055,10.0,1.0,10.0
721.0,0.12331535667181015,0.12331535667181015,0.004241400398313999,0.01709115318953991,0.006381019949913025,10.0,1.0,10.0
722.0,0.12317035347223282,0.12317035347223282,0.004239456262439489,0.01707475632429123,0.006370102986693382,10.0,1.0,10.0
723.0,0.12302559614181519,0.12302559614181519,0.0042375242337584496,0.017058277502655983,0.006359207909554243,10.0,1.0,10.0
724.0,0.12288116663694382,0.12288116663694382,0.004235613159835339,0.01704169623553753,0.0063483333215117455,10.0,1.0,10.0
725.0,0.12273681908845901,0.12273681908845901,0.004233696963638067,0.017025016248226166,0.006337483413517475,10.0,1.0,10.0
726.0,0.12259285897016525,0.12259285897016525,0.004231787286698818,0.017008332535624504,0.006326664704829454,10.0,1.0,10.0
727.0,0.12244892120361328,0.12244892120361328,0.004229887388646603,0.01699148118495941,0.0063158562406897545,10.0,1.0,10.0
728.0,0.12230528146028519,0.12230528146028519,0.00422799913212657,0.016974564641714096,0.006305072456598282,10.0,1.0,10.0
729.0,0.12216182053089142,0.12216182053089142,0.004226102493703365,0.0169576033949852,0.0062943194061517715,10.0,1.0,10.0
730.0,0.12201863527297974,0.12201863527297974,0.004224227275699377,0.0169405248016119,0.006283583585172892,10.0,1.0,10.0
731.0,0.12187553197145462,0.12187553197145462,0.004222354386001825,0.01692330650985241,0.006272868253290653,10.0,1.0,10.0
732.0,0.1217326819896698,0.1217326819896698,0.004220474977046251,0.016906097531318665,0.00626218318939209,10.0,1.0,10.0
733.0,0.12159005552530289,0.12159005552530289,0.004218613728880882,0.01688876561820507,0.006251515820622444,10.0,1.0,10.0
734.0,0.1214476227760315,0.1214476227760315,0.0042167711071670055,0.01687128096818924,0.006240862421691418,10.0,1.0,10.0
735.0,0.12130533158779144,0.12130533158779144,0.004214908462017775,0.016853809356689453,0.006230243947356939,10.0,1.0,10.0
736.0,0.12116322666406631,0.12116322666406631,0.0042130593210458755,0.01683621108531952,0.006219642236828804,10.0,1.0,10.0
737.0,0.1210213229060173,0.1210213229060173,0.004211231600493193,0.0168184544891119,0.0062090554274618626,10.0,1.0,10.0
738.0,0.12087953090667725,0.12087953090667725,0.004209382925182581,0.016800712794065475,0.006198499351739883,10.0,1.0,10.0
739.0,0.12073810398578644,0.12073810398578644,0.004207566846162081,0.016782838851213455,0.006187960039824247,10.0,1.0,10.0
740.0,0.12059670686721802,0.12059670686721802,0.004205743782222271,0.01676485501229763,0.006177441217005253,10.0,1.0,10.0
741.0,0.12045544385910034,0.12045544385910034,0.004203923977911472,0.016746804118156433,0.006166940554976463,10.0,1.0,10.0
742.0,0.12031441926956177,0.12031441926956177,0.004202108830213547,0.01672867313027382,0.006156465504318476,10.0,1.0,10.0
743.0,0.12017366290092468,0.12017366290092468,0.00420031463727355,0.016710452735424042,0.006146005820482969,10.0,1.0,10.0
744.0,0.12003284692764282,0.12003284692764282,0.004198500420898199,0.016692135483026505,0.00613557081669569,10.0,1.0,10.0
745.0,0.1198924332857132,0.1198924332857132,0.004196720197796822,0.016673708334565163,0.006125152111053467,10.0,1.0,10.0
746.0,0.11975198239088058,0.11975198239088058,0.004194917157292366,0.016655249521136284,0.0061147562228143215,10.0,1.0,10.0
747.0,0.11961175501346588,0.11961175501346588,0.004193141590803862,0.01663660816848278,0.006104373373091221,10.0,1.0,10.0
748.0,0.11947175860404968,0.11947175860404968,0.004191364161670208,0.01661793328821659,0.006094017997384071,10.0,1.0,10.0
749.0,0.11933188140392303,0.11933188140392303,0.004189581610262394,0.01659921556711197,0.006083684973418713,10.0,1.0,10.0
750.0,0.11919215321540833,0.11919215321540833,0.004187827464193106,0.01658027619123459,0.006073359865695238,10.0,1.0,10.0
751.0,0.11905257403850555,0.11905257403850555,0.00418606074526906,0.016561338678002357,0.006063062697649002,10.0,1.0,10.0
752.0,0.11891312152147293,0.11891312152147293,0.004184287041425705,0.01654236391186714,0.006052788812667131,10.0,1.0,10.0
753.0,0.11877385526895523,0.11877385526895523,0.004182550124824047,0.01652315817773342,0.0060425191186368465,10.0,1.0,10.0
754.0,0.1186346635222435,0.1186346635222435,0.004180796444416046,0.01650395058095455,0.006032274570316076,10.0,1.0,10.0
755.0,0.11849565804004669,0.11849565804004669,0.004179038573056459,0.0164847020059824,0.0060220565646886826,10.0,1.0,10.0
756.0,0.1183568686246872,0.1183568686246872,0.004177320282906294,0.016465237364172935,0.006011843215674162,10.0,1.0,10.0
757.0,0.11821820586919785,0.11821820586919785,0.004175586625933647,0.01644577458500862,0.006001656409353018,10.0,1.0,10.0
758.0,0.11807960271835327,0.11807960271835327,0.0041738408617675304,0.01642628386616707,0.00599149102345109,10.0,1.0,10.0
759.0,0.11794111132621765,0.11794111132621765,0.0041721286252141,0.016406528651714325,0.00598132936283946,10.0,1.0,10.0
760.0,0.11780278384685516,0.11780278384685516,0.004170398693531752,0.01638682931661606,0.005971196573227644,10.0,1.0,10.0
761.0,0.11766473948955536,0.11766473948955536,0.004168687388300896,0.01636703498661518,0.0059610833413898945,10.0,1.0,10.0
762.0,0.11752664297819138,0.11752664297819138,0.004166977014392614,0.01634707674384117,0.005950979422777891,10.0,1.0,10.0
763.0,0.1173887699842453,0.1173887699842453,0.004165267571806908,0.016327114775776863,0.005940897390246391,10.0,1.0,10.0
764.0,0.11725097894668579,0.11725097894668579,0.004163566045463085,0.016307028010487556,0.005930829327553511,10.0,1.0,10.0
765.0,0.1171133741736412,0.1171133741736412,0.004161867778748274,0.016286876052618027,0.005920781753957272,10.0,1.0,10.0
766.0,0.11697586625814438,0.11697586625814438,0.004160178359597921,0.016266612336039543,0.00591074675321579,10.0,1.0,10.0
767.0,0.11683844029903412,0.11683844029903412,0.004158478695899248,0.016246303915977478,0.005900735501199961,10.0,1.0,10.0
768.0,0.11670121550559998,0.11670121550559998,0.004156796727329493,0.01622588373720646,0.005890736356377602,10.0,1.0,10.0
769.0,0.1165640726685524,0.1165640726685524,0.0041551184840500355,0.016205349937081337,0.005880753509700298,10.0,1.0,10.0
770.0,0.11642704159021378,0.11642704159021378,0.00415343651548028,0.01618480682373047,0.005870786961168051,10.0,1.0,10.0
771.0,0.11629021912813187,0.11629021912813187,0.004151768051087856,0.0161641463637352,0.0058608390390872955,10.0,1.0,10.0
772.0,0.11615343391895294,0.11615343391895294,0.004150099121034145,0.016143381595611572,0.005850906018167734,10.0,1.0,10.0
773.0,0.1160166934132576,0.1160166934132576,0.004148424603044987,0.016122573986649513,0.005840987898409367,10.0,1.0,10.0
774.0,0.11588023602962494,0.11588023602962494,0.00414677569642663,0.0161016546189785,0.005831082817167044,10.0,1.0,10.0
775.0,0.11574377119541168,0.11574377119541168,0.0041451118886470795,0.016080688685178757,0.0058211968280375,10.0,1.0,10.0
776.0,0.11560741066932678,0.11560741066932678,0.004143449943512678,0.01605963706970215,0.005811327137053013,10.0,1.0,10.0
777.0,0.1154712438583374,0.1154712438583374,0.004141811281442642,0.016038455069065094,0.005801467690616846,10.0,1.0,10.0
778.0,0.11533517390489578,0.11533517390489578,0.004140154924243689,0.01601729355752468,0.005791632924228907,10.0,1.0,10.0
779.0,0.11519918590784073,0.11519918590784073,0.004138517659157515,0.01599598117172718,0.005781802348792553,10.0,1.0,10.0
780.0,0.1150633692741394,0.1150633692741394,0.004136885516345501,0.015974583104252815,0.005771992728114128,10.0,1.0,10.0
781.0,0.11492753773927689,0.11492753773927689,0.00413523567840457,0.0159531868994236,0.005762199405580759,10.0,1.0,10.0
782.0,0.1147918775677681,0.1147918775677681,0.004133606795221567,0.015931658446788788,0.005752415396273136,10.0,1.0,10.0
783.0,0.11465627700090408,0.11465627700090408,0.004131985828280449,0.01591002754867077,0.0057426393032073975,10.0,1.0,10.0
784.0,0.11452087759971619,0.11452087759971619,0.004130353219807148,0.01588841900229454,0.005732892546802759,10.0,1.0,10.0
785.0,0.11438551545143127,0.11438551545143127,0.004128727596253157,0.01586669683456421,0.00572315463796258,10.0,1.0,10.0
786.0,0.11425032466650009,0.11425032466650009,0.004127128049731255,0.015844812616705894,0.005713423248380423,10.0,1.0,10.0
787.0,0.11411510407924652,0.11411510407924652,0.004125494975596666,0.015822989866137505,0.00570371700450778,10.0,1.0,10.0
788.0,0.11398006975650787,0.11398006975650787,0.0041238851845264435,0.015801038593053818,0.0056940182112157345,10.0,1.0,10.0
789.0,0.113845095038414,0.113845095038414,0.004122281447052956,0.015778956934809685,0.005684332922101021,10.0,1.0,10.0
790.0,0.11371028423309326,0.11371028423309326,0.004120666533708572,0.01575692743062973,0.005674669053405523,10.0,1.0,10.0
791.0,0.11357560753822327,0.11357560753822327,0.0041190749034285545,0.015734737738966942,0.005665011238306761,10.0,1.0,10.0
792.0,0.11344093084335327,0.11344093084335327,0.0041174800135195255,0.015712475404143333,0.005655365064740181,10.0,1.0,10.0
793.0,0.11330634355545044,0.11330634355545044,0.004115873482078314,0.015690205618739128,0.00564573984593153,10.0,1.0,10.0
794.0,0.11317186057567596,0.11317186057567596,0.004114280920475721,0.015667833387851715,0.005636121146380901,10.0,1.0,10.0
795.0,0.11303752660751343,0.11303752660751343,0.004112696275115013,0.015645381063222885,0.005626517813652754,10.0,1.0,10.0
796.0,0.11290328204631805,0.11290328204631805,0.00411111069843173,0.01562291570007801,0.005616925656795502,10.0,1.0,10.0
797.0,0.11276915669441223,0.11276915669441223,0.004109533503651619,0.015600343234837055,0.0056073484010994434,10.0,1.0,10.0
798.0,0.11263491213321686,0.11263491213321686,0.004107945133000612,0.015577679499983788,0.005597778595983982,10.0,1.0,10.0
799.0,0.11250092089176178,0.11250092089176178,0.004106360487639904,0.015555035322904587,0.005588228348642588,10.0,1.0,10.0
800.0,0.11236701905727386,0.11236701905727386,0.004104793071746826,0.015532256104052067,0.005578683689236641,10.0,1.0,10.0
801.0,0.11223316192626953,0.11223316192626953,0.004103217273950577,0.01550944335758686,0.005569154862314463,10.0,1.0,10.0
802.0,0.11209948360919952,0.11209948360919952,0.00410165311768651,0.01548657938838005,0.005559637676924467,10.0,1.0,10.0
803.0,0.11196586489677429,0.11196586489677429,0.004100089427083731,0.015463639982044697,0.005550133064389229,10.0,1.0,10.0
804.0,0.11183232069015503,0.11183232069015503,0.004098532721400261,0.015440614894032478,0.005540637299418449,10.0,1.0,10.0
805.0,0.11169880628585815,0.11169880628585815,0.0040969629772007465,0.015417595393955708,0.0055311587639153,10.0,1.0,10.0
806.0,0.11156539618968964,0.11156539618968964,0.004095407202839851,0.015394454821944237,0.005521686747670174,10.0,1.0,10.0
807.0,0.11143212020397186,0.11143212020397186,0.0040938579477369785,0.015371253713965416,0.005512228701263666,10.0,1.0,10.0
808.0,0.11129876226186752,0.11129876226186752,0.004092289600521326,0.015348071232438087,0.005502779968082905,10.0,1.0,10.0
809.0,0.11116567254066467,0.11116567254066467,0.004090748727321625,0.01532476581633091,0.005493342410773039,10.0,1.0,10.0
810.0,0.11103257536888123,0.11103257536888123,0.00408920319750905,0.015301398932933807,0.005483915098011494,10.0,1.0,10.0
811.0,0.1108996719121933,0.1108996719121933,0.004087653011083603,0.015278058126568794,0.005474508740007877,10.0,1.0,10.0
812.0,0.11076672375202179,0.11076672375202179,0.0040861135348677635,0.015254582278430462,0.0054651000536978245,10.0,1.0,10.0
813.0,0.11063385009765625,0.11063385009765625,0.004084575921297073,0.015231037512421608,0.005455705337226391,10.0,1.0,10.0
814.0,0.11050112545490265,0.11050112545490265,0.004083023406565189,0.015207573771476746,0.005446331575512886,10.0,1.0,10.0
815.0,0.11036844551563263,0.11036844551563263,0.004081502556800842,0.01518390141427517,0.005436951760202646,10.0,1.0,10.0
816.0,0.11023593693971634,0.11023593693971634,0.004079981707036495,0.015160225331783295,0.005427589174360037,10.0,1.0,10.0
817.0,0.11010339111089706,0.11010339111089706,0.004078426398336887,0.01513662375509739,0.0054182508029043674,10.0,1.0,10.0
818.0,0.10997094213962555,0.10997094213962555,0.004076921846717596,0.015112761408090591,0.005408895667642355,10.0,1.0,10.0
819.0,0.10983860492706299,0.10983860492706299,0.004075390752404928,0.015088986605405807,0.005399571266025305,10.0,1.0,10.0
820.0,0.10970628261566162,0.10970628261566162,0.0040738522075116634,0.015065215528011322,0.0053902543149888515,10.0,1.0,10.0
821.0,0.10957405716180801,0.10957405716180801,0.004072352312505245,0.015041203238070011,0.0053809331730008125,10.0,1.0,10.0
822.0,0.10944195836782455,0.10944195836782455,0.0040708277374506,0.015017305500805378,0.0053716376423835754,10.0,1.0,10.0
823.0,0.1093098372220993,0.1093098372220993,0.004069295711815357,0.014993376098573208,0.00536235049366951,10.0,1.0,10.0
824.0,0.1091778576374054,0.1091778576374054,0.004067809320986271,0.014969205483794212,0.00535305542871356,10.0,1.0,10.0
825.0,0.10904595255851746,0.10904595255851746,0.004066273104399443,0.014945254661142826,0.005343797150999308,10.0,1.0,10.0
826.0,0.10891412943601608,0.10891412943601608,0.004064769484102726,0.014921126887202263,0.005334530957043171,10.0,1.0,10.0
827.0,0.10878236591815948,0.10878236591815948,0.004063281696289778,0.014896878041327,0.005325267091393471,10.0,1.0,10.0
828.0,0.10865071415901184,0.10865071415901184,0.004061754792928696,0.01487281359732151,0.005316035356372595,10.0,1.0,10.0
829.0,0.10851898789405823,0.10851898789405823,0.004060257226228714,0.014848493039608002,0.0053067924454808235,10.0,1.0,10.0
830.0,0.1083875223994255,0.1083875223994255,0.004058771301060915,0.01482417806982994,0.005297563038766384,10.0,1.0,10.0
831.0,0.10825596749782562,0.10825596749782562,0.004057247657328844,0.01479998417198658,0.005288350861519575,10.0,1.0,10.0
832.0,0.10812464356422424,0.10812464356422424,0.004055777098983526,0.014775526709854603,0.005279134958982468,10.0,1.0,10.0
833.0,0.1079932153224945,0.1079932153224945,0.004054269753396511,0.014751178212463856,0.005269933957606554,10.0,1.0,10.0
834.0,0.1078619658946991,0.1078619658946991,0.004052768927067518,0.014726819470524788,0.005260745529085398,10.0,1.0,10.0
835.0,0.10773073136806488,0.10773073136806488,0.004051306284964085,0.014702222310006618,0.005251544527709484,10.0,1.0,10.0
836.0,0.10759960860013962,0.10759960860013962,0.004049794282764196,0.014677874743938446,0.005242378916591406,10.0,1.0,10.0
837.0,0.10746850073337555,0.10746850073337555,0.0040483055636286736,0.014653349295258522,0.005233209580183029,10.0,1.0,10.0
838.0,0.10733756422996521,0.10733756422996521,0.004046852234750986,0.014628667384386063,0.005224037449806929,10.0,1.0,10.0
839.0,0.1072065532207489,0.1072065532207489,0.004045333247631788,0.014604241587221622,0.005214898381382227,10.0,1.0,10.0
840.0,0.10707569867372513,0.10707569867372513,0.0040438673458993435,0.014579551294445992,0.0052057476714253426,10.0,1.0,10.0
841.0,0.10694490373134613,0.10694490373134613,0.004042394459247589,0.014554896391928196,0.005196606740355492,10.0,1.0,10.0
842.0,0.10681423544883728,0.10681423544883728,0.004040897358208895,0.0145303625613451,0.005187489558011293,10.0,1.0,10.0
843.0,0.10668352246284485,0.10668352246284485,0.00403944868594408,0.014505507424473763,0.005178352817893028,10.0,1.0,10.0
844.0,0.10655300319194794,0.10655300319194794,0.004037972539663315,0.014480851590633392,0.00516924262046814,10.0,1.0,10.0
845.0,0.10642232745885849,0.10642232745885849,0.00403647031635046,0.014456202276051044,0.0051601422019302845,10.0,1.0,10.0
846.0,0.10629197210073471,0.10629197210073471,0.004035045392811298,0.014431274496018887,0.005151024553924799,10.0,1.0,10.0
847.0,0.10616157948970795,0.10616157948970795,0.00403355248272419,0.01440662145614624,0.005141942761838436,10.0,1.0,10.0
848.0,0.10603120923042297,0.10603120923042297,0.004032086115330458,0.01438180636614561,0.005132853984832764,10.0,1.0,10.0
849.0,0.10590091347694397,0.10590091347694397,0.004030638840049505,0.014356869272887707,0.0051237656734883785,10.0,1.0,10.0
850.0,0.10577067732810974,0.10577067732810974,0.004029145929962397,0.014332171529531479,0.005114705301821232,10.0,1.0,10.0
851.0,0.10564056038856506,0.10564056038856506,0.004027701448649168,0.014307236298918724,0.005105630960315466,10.0,1.0,10.0
852.0,0.10551052540540695,0.10551052540540695,0.004026256501674652,0.014282298274338245,0.0050965663976967335,10.0,1.0,10.0
853.0,0.10538051277399063,0.10538051277399063,0.004024771507829428,0.014257537201046944,0.005087526049464941,10.0,1.0,10.0
854.0,0.10525059700012207,0.10525059700012207,0.004023337736725807,0.014232536777853966,0.005078468006104231,10.0,1.0,10.0
855.0,0.1051207035779953,0.1051207035779953,0.004021886736154556,0.014207602478563786,0.005069423466920853,10.0,1.0,10.0
856.0,0.10499094426631927,0.10499094426631927,0.004020418040454388,0.01418277807533741,0.005060398951172829,10.0,1.0,10.0
857.0,0.10486112534999847,0.10486112534999847,0.004018986131995916,0.014157691039144993,0.005051357205957174,10.0,1.0,10.0
858.0,0.10473146289587021,0.10473146289587021,0.00401752395555377,0.014132803305983543,0.0050423420034348965,10.0,1.0,10.0
859.0,0.10460182279348373,0.10460182279348373,0.0040160673670470715,0.014107879251241684,0.005033326800912619,10.0,1.0,10.0
860.0,0.10447223484516144,0.10447223484516144,0.004014643840491772,0.014082773588597775,0.005024302285164595,10.0,1.0,10.0
861.0,0.10434281826019287,0.10434281826019287,0.004013181664049625,0.014057916589081287,0.005015308503061533,10.0,1.0,10.0
862.0,0.10421343147754669,0.10421343147754669,0.004011745564639568,0.014032896608114243,0.005006307736039162,10.0,1.0,10.0
863.0,0.10408399254083633,0.10408399254083633,0.004010313656181097,0.014007833786308765,0.004997302312403917,10.0,1.0,10.0
864.0,0.10395476222038269,0.10395476222038269,0.004008859395980835,0.013982938602566719,0.004988322965800762,10.0,1.0,10.0
865.0,0.10382562130689621,0.10382562130689621,0.00400743680074811,0.013957886025309563,0.004979337099939585,10.0,1.0,10.0
866.0,0.10369636118412018,0.10369636118412018,0.004005991853773594,0.013932881876826286,0.004970356356352568,10.0,1.0,10.0
867.0,0.10356723517179489,0.10356723517179489,0.004004544112831354,0.013907918706536293,0.004961387719959021,10.0,1.0,10.0
868.0,0.10343822836875916,0.10343822836875916,0.004003121983259916,0.013882888481020927,0.004952412564307451,10.0,1.0,10.0
869.0,0.10330930352210999,0.10330930352210999,0.0040016938000917435,0.013857901096343994,0.004943446256220341,10.0,1.0,10.0
870.0,0.10318043828010559,0.10318043828010559,0.004000253044068813,0.01383296400308609,0.004934494383633137,10.0,1.0,10.0
871.0,0.1030515730381012,0.1030515730381012,0.003998836502432823,0.0138078723102808,0.004925533663481474,10.0,1.0,10.0
872.0,0.10292284935712814,0.10292284935712814,0.003997404593974352,0.013782928697764874,0.004916587378829718,10.0,1.0,10.0
873.0,0.10279405862092972,0.10279405862092972,0.003995952662080526,0.013758023269474506,0.004907650873064995,10.0,1.0,10.0
874.0,0.10266543924808502,0.10266543924808502,0.003994553815573454,0.01373290829360485,0.004898699000477791,10.0,1.0,10.0
875.0,0.10253690183162689,0.10253690183162689,0.00399311538785696,0.013708051294088364,0.004889769479632378,10.0,1.0,10.0
876.0,0.10240839421749115,0.10240839421749115,0.003991696517914534,0.013683076947927475,0.004880834836512804,10.0,1.0,10.0
877.0,0.10227996110916138,0.10227996110916138,0.003990283235907555,0.013658077456057072,0.004871905315667391,10.0,1.0,10.0
878.0,0.10215162485837936,0.10215162485837936,0.003988843876868486,0.013633248396217823,0.004862993955612183,10.0,1.0,10.0
879.0,0.10202330350875854,0.10202330350875854,0.003987438976764679,0.01360824704170227,0.004854066297411919,10.0,1.0,10.0
880.0,0.10189507901668549,0.10189507901668549,0.003986019641160965,0.013583365827798843,0.004845152143388987,10.0,1.0,10.0
881.0,0.1017669141292572,0.1017669141292572,0.003984595183283091,0.013558519072830677,0.004836244508624077,10.0,1.0,10.0
882.0,0.1016388088464737,0.1016388088464737,0.00398318562656641,0.01353359967470169,0.0048273359425365925,10.0,1.0,10.0
883.0,0.10151083022356033,0.10151083022356033,0.003981769550591707,0.013508772477507591,0.004818436689674854,10.0,1.0,10.0
884.0,0.10138280689716339,0.10138280689716339,0.003980349749326706,0.01348395086824894,0.004809536039829254,10.0,1.0,10.0
885.0,0.10125502943992615,0.10125502943992615,0.003978954162448645,0.013459093868732452,0.0048006391152739525,10.0,1.0,10.0
886.0,0.10112714022397995,0.10112714022397995,0.003977523650974035,0.01343435887247324,0.004791754297912121,10.0,1.0,10.0
887.0,0.10099945962429047,0.10099945962429047,0.003976128064095974,0.013409558683633804,0.004782861564308405,10.0,1.0,10.0
888.0,0.10087179392576218,0.10087179392576218,0.003974718973040581,0.013384830206632614,0.0047739772126078606,10.0,1.0,10.0
889.0,0.10074414312839508,0.10074414312839508,0.003973301500082016,0.013360120356082916,0.004765100311487913,10.0,1.0,10.0
890.0,0.10061660408973694,0.10061660408973694,0.00397189985960722,0.01333540491759777,0.0047562201507389545,10.0,1.0,10.0
891.0,0.10048909485340118,0.10048909485340118,0.00397049356251955,0.013310725800693035,0.004747343249619007,10.0,1.0,10.0
892.0,0.10036173462867737,0.10036173462867737,0.0039690835401415825,0.013286121189594269,0.004738477990031242,10.0,1.0,10.0
893.0,0.10023447871208191,0.10023447871208191,0.003967694006860256,0.013261464424431324,0.004729607608169317,10.0,1.0,10.0
894.0,0.10010713338851929,0.10010713338851929,0.003966271411627531,0.013236934319138527,0.004720747936517,10.0,1.0,10.0
895.0,0.09998007118701935,0.09998007118701935,0.00396488793194294,0.013212362304329872,0.004711883142590523,10.0,1.0,10.0
896.0,0.09985284507274628,0.09985284507274628,0.003963474649935961,0.013187841512262821,0.004703025799244642,10.0,1.0,10.0
897.0,0.09972596168518066,0.09972596168518066,0.00396208930760622,0.013163362629711628,0.004694171249866486,10.0,1.0,10.0
898.0,0.0995989739894867,0.0995989739894867,0.003960683010518551,0.013138922862708569,0.004685321822762489,10.0,1.0,10.0
899.0,0.09947213530540466,0.09947213530540466,0.003959295339882374,0.013114501722157001,0.00467646773904562,10.0,1.0,10.0
900.0,0.09934525191783905,0.09934525191783905,0.003957890439778566,0.013090135529637337,0.0046676211059093475,10.0,1.0,10.0
901.0,0.09921852499246597,0.09921852499246597,0.0039564864709973335,0.013065817765891552,0.0046587842516601086,10.0,1.0,10.0
902.0,0.09909190982580185,0.09909190982580185,0.003955103922635317,0.013041475787758827,0.004649939481168985,10.0,1.0,10.0
903.0,0.09896533191204071,0.09896533191204071,0.00395369715988636,0.01301728468388319,0.004641107749193907,10.0,1.0,10.0
904.0,0.09883878380060196,0.09883878380060196,0.00395230995491147,0.012992998585104942,0.004632269032299519,10.0,1.0,10.0
905.0,0.09871245920658112,0.09871245920658112,0.003950920887291431,0.012968848459422588,0.004623440094292164,10.0,1.0,10.0
906.0,0.09858612716197968,0.09858612716197968,0.003949522506445646,0.012944769114255905,0.004614613018929958,10.0,1.0,10.0
907.0,0.09845982491970062,0.09845982491970062,0.003948145546019077,0.012920600362122059,0.004605777561664581,10.0,1.0,10.0
908.0,0.09833373874425888,0.09833373874425888,0.003946754615753889,0.012896593660116196,0.004596959799528122,10.0,1.0,10.0
909.0,0.09820756316184998,0.09820756316184998,0.0039453525096178055,0.01287262886762619,0.004588141106069088,10.0,1.0,10.0
910.0,0.09808161109685898,0.09808161109685898,0.003943982999771833,0.012848633341491222,0.00457931449636817,10.0,1.0,10.0
911.0,0.09795567393302917,0.09795567393302917,0.003942585550248623,0.01282478217035532,0.00457050371915102,10.0,1.0,10.0
912.0,0.09782978892326355,0.09782978892326355,0.003941197879612446,0.012800907716155052,0.0045616901479661465,10.0,1.0,10.0
913.0,0.09770404547452927,0.09770404547452927,0.003939823713153601,0.012777077034115791,0.004552873317152262,10.0,1.0,10.0
914.0,0.09757834672927856,0.09757834672927856,0.003938423935323954,0.012753410264849663,0.004544069524854422,10.0,1.0,10.0
915.0,0.09745275229215622,0.09745275229215622,0.003937059082090855,0.012729603797197342,0.004535255953669548,10.0,1.0,10.0
916.0,0.09732727706432343,0.09732727706432343,0.003935661632567644,0.012706048786640167,0.004526461008936167,10.0,1.0,10.0
917.0,0.097201868891716,0.097201868891716,0.003934288397431374,0.012682432308793068,0.00451765488833189,10.0,1.0,10.0
918.0,0.09707654267549515,0.09707654267549515,0.003932917024940252,0.012658844701945782,0.004508852493017912,10.0,1.0,10.0
919.0,0.09695130586624146,0.09695130586624146,0.0039315177127718925,0.012635471299290657,0.004500065464526415,10.0,1.0,10.0
920.0,0.09682605415582657,0.09682605415582657,0.003930147271603346,0.012611949816346169,0.004491263069212437,10.0,1.0,10.0
921.0,0.09670093655586243,0.09670093655586243,0.003928759600967169,0.012588614597916603,0.004482472315430641,10.0,1.0,10.0
922.0,0.09657600522041321,0.09657600522041321,0.003927378449589014,0.012565354816615582,0.004473687149584293,10.0,1.0,10.0
923.0,0.09645110368728638,0.09645110368728638,0.003926018252968788,0.01254202239215374,0.0044648898765444756,10.0,1.0,10.0
924.0,0.0963263213634491,0.0963263213634491,0.003924624528735876,0.012518936768174171,0.004456114489585161,10.0,1.0,10.0
925.0,0.09620159864425659,0.09620159864425659,0.003923263866454363,0.012495733797550201,0.004447323270142078,10.0,1.0,10.0
926.0,0.09607699513435364,0.09607699513435364,0.003921882249414921,0.01247270405292511,0.004438547417521477,10.0,1.0,10.0
927.0,0.09595248103141785,0.09595248103141785,0.003920509945601225,0.012449711561203003,0.004429766442626715,10.0,1.0,10.0
928.0,0.09582802653312683,0.09582802653312683,0.003919138107448816,0.012426765635609627,0.004420987796038389,10.0,1.0,10.0
929.0,0.09570367634296417,0.09570367634296417,0.0039177569560706615,0.01240391656756401,0.004412218928337097,10.0,1.0,10.0
930.0,0.09557940810918808,0.09557940810918808,0.003916390240192413,0.012381062842905521,0.0044034444727003574,10.0,1.0,10.0
931.0,0.09545531868934631,0.09545531868934631,0.003915013745427132,0.012358360923826694,0.004394682124257088,10.0,1.0,10.0
932.0,0.09533125907182693,0.09533125907182693,0.003913647495210171,0.012335672043263912,0.004385910928249359,10.0,1.0,10.0
933.0,0.09520727396011353,0.09520727396011353,0.003912279848009348,0.01231304556131363,0.004377143457531929,10.0,1.0,10.0
934.0,0.09508342295885086,0.09508342295885086,0.003910900559276342,0.012290560640394688,0.004368385765701532,10.0,1.0,10.0
935.0,0.09495974332094193,0.09495974332094193,0.003909550607204437,0.012268034741282463,0.0043596201576292515,10.0,1.0,10.0
936.0,0.09483602643013,0.09483602643013,0.003908164799213409,0.012245693244040012,0.004350868985056877,10.0,1.0,10.0
937.0,0.09471257030963898,0.09471257030963898,0.003906811587512493,0.012223330326378345,0.004342112690210342,10.0,1.0,10.0
938.0,0.09458912163972855,0.09458912163972855,0.003905443474650383,0.012201088480651379,0.004333359654992819,10.0,1.0,10.0
939.0,0.09446568787097931,0.09446568787097931,0.003904068609699607,0.012178925797343254,0.004324608016759157,10.0,1.0,10.0
940.0,0.09434248507022858,0.09434248507022858,0.00390270771458745,0.012156793847680092,0.004315861500799656,10.0,1.0,10.0
941.0,0.09421943128108978,0.09421943128108978,0.003901352174580097,0.012134737335145473,0.004307117313146591,10.0,1.0,10.0
942.0,0.09409637004137039,0.09409637004137039,0.003899975214153528,0.01211283914744854,0.0042983777821063995,10.0,1.0,10.0
943.0,0.09397345036268234,0.09397345036268234,0.003898625262081623,0.0120908934623003,0.004289630800485611,10.0,1.0,10.0
944.0,0.09385061264038086,0.09385061264038086,0.003897253889590502,0.012069097720086575,0.004280897788703442,10.0,1.0,10.0
945.0,0.0937279686331749,0.0937279686331749,0.003895895089954138,0.012047366239130497,0.00427216524258256,10.0,1.0,10.0
946.0,0.0936054140329361,0.0936054140329361,0.003894542343914509,0.012025708332657814,0.004263428971171379,10.0,1.0,10.0
947.0,0.09348290413618088,0.09348290413618088,0.0038931805174797773,0.012004108168184757,0.004254699219018221,10.0,1.0,10.0
948.0,0.0933605432510376,0.0933605432510376,0.0038918161299079657,0.0119826290756464,0.004245975986123085,10.0,1.0,10.0
949.0,0.09323833137750626,0.09323833137750626,0.0038904640823602676,0.011961197480559349,0.004237249493598938,10.0,1.0,10.0
950.0,0.09311618655920029,0.09311618655920029,0.0038891020230948925,0.011939876712858677,0.004228529054671526,10.0,1.0,10.0
951.0,0.09299410879611969,0.09299410879611969,0.003887744853273034,0.011918575502932072,0.004219808615744114,10.0,1.0,10.0
952.0,0.09287230670452118,0.09287230670452118,0.003886392805725336,0.011897414922714233,0.004211096558719873,10.0,1.0,10.0
953.0,0.09275056421756744,0.09275056421756744,0.0038850384298712015,0.011876341886818409,0.004202384036034346,10.0,1.0,10.0
954.0,0.0926288515329361,0.0926288515329361,0.003883686847984791,0.011855274438858032,0.004193671513348818,10.0,1.0,10.0
955.0,0.09250731766223907,0.09250731766223907,0.003882330609485507,0.01183434296399355,0.004184966906905174,10.0,1.0,10.0
956.0,0.0923859030008316,0.0923859030008316,0.003880973905324936,0.01181351114064455,0.004176265560090542,10.0,1.0,10.0
957.0,0.09226459264755249,0.09226459264755249,0.003879629075527191,0.011792696081101894,0.004167560022324324,10.0,1.0,10.0
958.0,0.0921434536576271,0.0921434536576271,0.0038782735355198383,0.011772062629461288,0.004158865660429001,10.0,1.0,10.0
959.0,0.09202246367931366,0.09202246367931366,0.003876935224980116,0.011751411482691765,0.0041501703672111034,10.0,1.0,10.0
960.0,0.09190148115158081,0.09190148115158081,0.0038755694404244423,0.011730948463082314,0.004141483921557665,10.0,1.0,10.0
961.0,0.0917806327342987,0.0917806327342987,0.0038742232136428356,0.011710483580827713,0.004132791887968779,10.0,1.0,10.0
962.0,0.09165999293327332,0.09165999293327332,0.003872878849506378,0.011690154671669006,0.00412410544231534,10.0,1.0,10.0
963.0,0.09153945744037628,0.09153945744037628,0.0038715312257409096,0.011669900268316269,0.0041154250502586365,10.0,1.0,10.0
964.0,0.09141910076141357,0.09141910076141357,0.003870194312185049,0.01164970826357603,0.00410674512386322,10.0,1.0,10.0
965.0,0.09129880368709564,0.09129880368709564,0.0038688399363309145,0.011629661545157433,0.00409807451069355,10.0,1.0,10.0
966.0,0.09117864072322845,0.09117864072322845,0.003867499530315399,0.01160962600260973,0.0040894015692174435,10.0,1.0,10.0
967.0,0.0910586416721344,0.0910586416721344,0.0038661593571305275,0.011589709669351578,0.0040807342156767845,10.0,1.0,10.0
968.0,0.09093882143497467,0.09093882143497467,0.0038648084737360477,0.011569960042834282,0.004072077572345734,10.0,1.0,10.0
969.0,0.09081901609897614,0.09081901609897614,0.0038634799420833588,0.011550123803317547,0.004063408821821213,10.0,1.0,10.0
970.0,0.09069943428039551,0.09069943428039551,0.003862124402076006,0.011530566960573196,0.004054761957377195,10.0,1.0,10.0
971.0,0.09058000147342682,0.09058000147342682,0.0038608007598668337,0.011510957963764668,0.0040461039170622826,10.0,1.0,10.0
972.0,0.0904606431722641,0.0904606431722641,0.003859453834593296,0.011491521261632442,0.00403745798394084,10.0,1.0,10.0
973.0,0.09034141153097153,0.09034141153097153,0.003858105977997184,0.01147217396646738,0.004028818104416132,10.0,1.0,10.0
974.0,0.09022236615419388,0.09022236615419388,0.003856783267110586,0.011452844366431236,0.004020168446004391,10.0,1.0,10.0
975.0,0.09010358154773712,0.09010358154773712,0.003855441464111209,0.011433757841587067,0.004011540673673153,10.0,1.0,10.0
976.0,0.08998478949069977,0.08998478949069977,0.0038541166577488184,0.011414589360356331,0.004002903122454882,10.0,1.0,10.0
977.0,0.08986619114875793,0.08986619114875793,0.003852777648717165,0.01139562577009201,0.003994279075413942,10.0,1.0,10.0
978.0,0.08974769711494446,0.08974769711494446,0.0038514414336532354,0.011376709677278996,0.0039856573566794395,10.0,1.0,10.0
979.0,0.0896294042468071,0.0896294042468071,0.0038501154631376266,0.011357879266142845,0.003977037034928799,10.0,1.0,10.0
980.0,0.08951125293970108,0.08951125293970108,0.003848784603178501,0.011339165270328522,0.003968424163758755,10.0,1.0,10.0
981.0,0.08939328789710999,0.08939328789710999,0.0038474583998322487,0.011320555582642555,0.003959815017879009,10.0,1.0,10.0
982.0,0.08927545696496964,0.08927545696496964,0.003846135688945651,0.011302011087536812,0.003951209131628275,10.0,1.0,10.0
983.0,0.08915776759386063,0.08915776759386063,0.0038448076229542494,0.011283569037914276,0.0039426120929419994,10.0,1.0,10.0
984.0,0.0890401154756546,0.0890401154756546,0.0038434742018580437,0.011265229433774948,0.003934014122933149,10.0,1.0,10.0
985.0,0.08892276883125305,0.08892276883125305,0.003842152189463377,0.011246985755860806,0.003925425931811333,10.0,1.0,10.0
986.0,0.08880550414323807,0.08880550414323807,0.0038408273831009865,0.011228838935494423,0.003916839603334665,10.0,1.0,10.0
987.0,0.08868848532438278,0.08868848532438278,0.0038395156152546406,0.01121074240654707,0.003908258862793446,10.0,1.0,10.0
988.0,0.08857156336307526,0.08857156336307526,0.0038381891790777445,0.011192820966243744,0.0038996851071715355,10.0,1.0,10.0
989.0,0.08845478296279907,0.08845478296279907,0.0038368701934814453,0.011174922809004784,0.003891115542501211,10.0,1.0,10.0
990.0,0.08833815157413483,0.08833815157413483,0.003835545387119055,0.01115716528147459,0.003882552497088909,10.0,1.0,10.0
991.0,0.08822175115346909,0.08822175115346909,0.003834233619272709,0.011139484122395515,0.0038739934097975492,10.0,1.0,10.0
992.0,0.0881054624915123,0.0881054624915123,0.00383291719481349,0.011121898889541626,0.003865439211949706,10.0,1.0,10.0
993.0,0.08798938989639282,0.08798938989639282,0.003831595415249467,0.011104470118880272,0.0038568961899727583,10.0,1.0,10.0
994.0,0.08787347376346588,0.08787347376346588,0.003830302506685257,0.011086998507380486,0.0038483452517539263,10.0,1.0,10.0
995.0,0.0877576395869255,0.0877576395869255,0.0038289595395326614,0.011069846339523792,0.003839819924905896,10.0,1.0,10.0
996.0,0.08764202147722244,0.08764202147722244,0.0038276747800409794,0.011052513495087624,0.0038312762044370174,10.0,1.0,10.0
997.0,0.08752661943435669,0.08752661943435669,0.0038263422902673483,0.011035553179681301,0.003822763916105032,10.0,1.0,10.0
998.0,0.08741135895252228,0.08741135895252228,0.003825052175670862,0.011018481105566025,0.0038142362609505653,10.0,1.0,10.0
999.0,0.0872962549328804,0.0872962549328804,0.0038237357512116432,0.011001634411513805,0.00380572653375566,10.0,1.0,10.0
1000.0,0.08718137443065643,0.08718137443065643,0.003822430968284607,0.010984835214912891,0.0037972228601574898,10.0,1.0,10.0
1001.0,0.08706670254468918,0.08706670254468918,0.0038211396895349026,0.010968112386763096,0.003788719419389963,10.0,1.0,10.0
1002.0,0.08695203065872192,0.08695203065872192,0.0038198158144950867,0.010951574891805649,0.003780229715630412,10.0,1.0,10.0
1003.0,0.08683772385120392,0.08683772385120392,0.0038185357116162777,0.01093499269336462,0.003771737217903137,10.0,1.0,10.0
1004.0,0.08672352880239487,0.08672352880239487,0.003817222313955426,0.010918673127889633,0.0037632633466273546,10.0,1.0,10.0
1005.0,0.08660943806171417,0.08660943806171417,0.0038159277755767107,0.010902331210672855,0.003754782723262906,10.0,1.0,10.0
1006.0,0.08649563789367676,0.08649563789367676,0.0038146269507706165,0.01088617742061615,0.003746318630874157,10.0,1.0,10.0
1007.0,0.08638203144073486,0.08638203144073486,0.003813344519585371,0.01087002269923687,0.0037378561682999134,10.0,1.0,10.0
1008.0,0.08626851439476013,0.08626851439476013,0.00381203624419868,0.01085408590734005,0.0037294067442417145,10.0,1.0,10.0
1009.0,0.08615520596504211,0.08615520596504211,0.0038107531145215034,0.010838134214282036,0.0037209545262157917,10.0,1.0,10.0
1010.0,0.086042121052742,0.086042121052742,0.0038094555493444204,0.010822359472513199,0.003712520468980074,10.0,1.0,10.0
1011.0,0.08592913299798965,0.08592913299798965,0.0038081647362560034,0.010806632228195667,0.003704085713252425,10.0,1.0,10.0
1012.0,0.08581650257110596,0.08581650257110596,0.0038068853318691254,0.010791048407554626,0.0036956602707505226,10.0,1.0,10.0
1013.0,0.08570397645235062,0.08570397645235062,0.003805597312748432,0.010775558650493622,0.0036872446071356535,10.0,1.0,10.0
1014.0,0.085591621696949,0.085591621696949,0.0038043134845793247,0.010760133154690266,0.0036788354627788067,10.0,1.0,10.0
1015.0,0.08547947555780411,0.08547947555780411,0.0038030287250876427,0.010744861327111721,0.003670432372018695,10.0,1.0,10.0
1016.0,0.08536745607852936,0.08536745607852936,0.0038017411716282368,0.010729650966823101,0.003662039525806904,10.0,1.0,10.0
1017.0,0.08525577187538147,0.08525577187538147,0.003800472477450967,0.010714533738791943,0.003653651336207986,10.0,1.0,10.0
1018.0,0.08514416217803955,0.08514416217803955,0.0037991900462657213,0.010699541307985783,0.003645272459834814,10.0,1.0,10.0
1019.0,0.08503282070159912,0.08503282070159912,0.0037979097105562687,0.010684668086469173,0.0036369056906551123,10.0,1.0,10.0
1020.0,0.0849217027425766,0.0849217027425766,0.0037966531235724688,0.010669803246855736,0.003628536593168974,10.0,1.0,10.0
1021.0,0.08481064438819885,0.08481064438819885,0.0037953522987663746,0.010655196383595467,0.003620192175731063,10.0,1.0,10.0
1022.0,0.08469989895820618,0.08469989895820618,0.0037941038608551025,0.010640496388077736,0.0036118370480835438,10.0,1.0,10.0
1023.0,0.08458937704563141,0.08458937704563141,0.0037928284145891666,0.010626034811139107,0.0036035056691616774,10.0,1.0,10.0
1024.0,0.08447900414466858,0.08447900414466858,0.003791554132476449,0.01061166636645794,0.003595178946852684,10.0,1.0,10.0
1025.0,0.0843687504529953,0.0843687504529953,0.0037902984768152237,0.010597285814583302,0.0035868478007614613,10.0,1.0,10.0
1026.0,0.08425881713628769,0.08425881713628769,0.003789015579968691,0.010583203285932541,0.003578545991331339,10.0,1.0,10.0
1027.0,0.08414912223815918,0.08414912223815918,0.003787779249250889,0.01056896522641182,0.0035702362656593323,10.0,1.0,10.0
1028.0,0.08403952419757843,0.08403952419757843,0.0037864951882511377,0.01055507455021143,0.003561949823051691,10.0,1.0,10.0
1029.0,0.08393023908138275,0.08393023908138275,0.00378525466658175,0.010541103780269623,0.0035536587238311768,10.0,1.0,10.0
1030.0,0.08382110297679901,0.08382110297679901,0.0037839943543076515,0.010527314618229866,0.0035453850869089365,10.0,1.0,10.0
1031.0,0.08371216058731079,0.08371216058731079,0.0037827342748641968,0.010513623245060444,0.0035371198318898678,10.0,1.0,10.0
1032.0,0.08360345661640167,0.08360345661640167,0.0037814900279045105,0.010499970056116581,0.003528858534991741,10.0,1.0,10.0
1033.0,0.08349495381116867,0.08349495381116867,0.00378022575750947,0.01048651710152626,0.0035206179600208998,10.0,1.0,10.0
1034.0,0.08338668197393417,0.08338668197393417,0.0037789924535900354,0.010473030619323254,0.0035123724956065416,10.0,1.0,10.0
1035.0,0.08327862620353699,0.08327862620353699,0.0037777256220579147,0.010459836572408676,0.0035041538067162037,10.0,1.0,10.0
1036.0,0.0831708312034607,0.0831708312034607,0.003776517231017351,0.0104464590549469,0.0034959199838340282,10.0,1.0,10.0
1037.0,0.08306308090686798,0.08306308090686798,0.003775223856791854,0.010433551855385303,0.0034877292346209288,10.0,1.0,10.0
1038.0,0.08295580744743347,0.08295580744743347,0.0037740461993962526,0.010420266538858414,0.0034795075189322233,10.0,1.0,10.0
1039.0,0.08284851908683777,0.08284851908683777,0.003772744908928871,0.010407622903585434,0.003471344942227006,10.0,1.0,10.0
1040.0,0.08274158835411072,0.08274158835411072,0.003771561197936535,0.010394548997282982,0.00346314231865108,10.0,1.0,10.0
1041.0,0.08263467252254486,0.08263467252254486,0.00377027434296906,0.010382014326751232,0.0034549918491393328,10.0,1.0,10.0
1042.0,0.08252821862697601,0.08252821862697601,0.0037690773606300354,0.01036925334483385,0.0034468192607164383,10.0,1.0,10.0
1043.0,0.08242197334766388,0.08242197334766388,0.0037678407970815897,0.010356774553656578,0.003438679501414299,10.0,1.0,10.0
1044.0,0.08231581747531891,0.08231581747531891,0.0037666033022105694,0.010344338603317738,0.0034305446315556765,10.0,1.0,10.0
1045.0,0.08220990002155304,0.08220990002155304,0.0037653902545571327,0.010331914760172367,0.003422409063205123,10.0,1.0,10.0
1046.0,0.08210425078868866,0.08210425078868866,0.003764139721170068,0.010319792665541172,0.0034143063239753246,10.0,1.0,10.0
1047.0,0.08199889212846756,0.08199889212846756,0.003762956243008375,0.010307462885975838,0.003406186355277896,10.0,1.0,10.0
1048.0,0.08189363032579422,0.08189363032579422,0.0037616908084601164,0.010295608080923557,0.0033981113228946924,10.0,1.0,10.0
1049.0,0.08178865909576416,0.08178865909576416,0.003760517342016101,0.010283409617841244,0.0033900076523423195,10.0,1.0,10.0
1050.0,0.08168388903141022,0.08168388903141022,0.0037592551670968533,0.010271748527884483,0.003381958696991205,10.0,1.0,10.0
1051.0,0.08157932758331299,0.08157932758331299,0.003758074948564172,0.010259770788252354,0.0033738804049789906,10.0,1.0,10.0
1052.0,0.08147509396076202,0.08147509396076202,0.003756839083507657,0.010248249396681786,0.003365844953805208,10.0,1.0,10.0
1053.0,0.08137106895446777,0.08137106895446777,0.00375565979629755,0.010236508212983608,0.003357795998454094,10.0,1.0,10.0
1054.0,0.08126721531152725,0.08126721531152725,0.003754430916160345,0.010225092060863972,0.0033497812692075968,10.0,1.0,10.0
1055.0,0.08116358518600464,0.08116358518600464,0.0037532332353293896,0.010213633067905903,0.00334176211617887,10.0,1.0,10.0
1056.0,0.08106020092964172,0.08106020092964172,0.003752028336748481,0.01020232867449522,0.0033337592612951994,10.0,1.0,10.0
1057.0,0.08095705509185791,0.08095705509185791,0.003750826697796583,0.010191097855567932,0.0033257692120969296,10.0,1.0,10.0
1058.0,0.0808541476726532,0.0808541476726532,0.0037496285513043404,0.010179944336414337,0.0033177915029227734,10.0,1.0,10.0
1059.0,0.0807514488697052,0.0807514488697052,0.0037484297063201666,0.01016890350729227,0.0033098249696195126,10.0,1.0,10.0
1060.0,0.08064910024404526,0.08064910024404526,0.003747251583263278,0.010157897137105465,0.0033018686808645725,10.0,1.0,10.0
1061.0,0.08054691553115845,0.08054691553115845,0.0037460525054484606,0.01014705840498209,0.003293933579698205,10.0,1.0,10.0
1062.0,0.0804448276758194,0.0804448276758194,0.003744859015569091,0.010136233642697334,0.0032860003411769867,10.0,1.0,10.0
1063.0,0.08034315705299377,0.08034315705299377,0.0037436774000525475,0.010125542059540749,0.0032780845649540424,10.0,1.0,10.0
1064.0,0.0802416205406189,0.0802416205406189,0.0037424899637699127,0.010114911943674088,0.0032701806630939245,10.0,1.0,10.0
1065.0,0.08014039695262909,0.08014039695262909,0.0037413151003420353,0.010104373097419739,0.0032622877042740583,10.0,1.0,10.0
1066.0,0.08003935217857361,0.08003935217857361,0.0037401297595351934,0.01009395346045494,0.0032544108107686043,10.0,1.0,10.0
1067.0,0.079938605427742,0.079938605427742,0.0037389653734862804,0.010083537548780441,0.003246541367843747,10.0,1.0,10.0
1068.0,0.07983797788619995,0.07983797788619995,0.0037377765402197838,0.010073306038975716,0.0032386910170316696,10.0,1.0,10.0
1069.0,0.07973769307136536,0.07973769307136536,0.0037366151809692383,0.010063056834042072,0.0032308485824614763,10.0,1.0,10.0
1070.0,0.07963761687278748,0.07963761687278748,0.003735433565452695,0.010052996687591076,0.00322302826680243,10.0,1.0,10.0
1071.0,0.0795377790927887,0.0795377790927887,0.0037342829164117575,0.010042887181043625,0.0032152060884982347,10.0,1.0,10.0
1072.0,0.07943813502788544,0.07943813502788544,0.0037330975756049156,0.010033013299107552,0.003207415109500289,10.0,1.0,10.0
1073.0,0.07933878153562546,0.07933878153562546,0.0037319520488381386,0.010023065842688084,0.0031996197067201138,10.0,1.0,10.0
1074.0,0.07923968136310577,0.07923968136310577,0.003730782074853778,0.010013338178396225,0.0031918520107865334,10.0,1.0,10.0
1075.0,0.07914082705974579,0.07914082705974579,0.0037296414375305176,0.010003545321524143,0.0031840866431593895,10.0,1.0,10.0
1076.0,0.07904210686683655,0.07904210686683655,0.003728463314473629,0.009993983432650566,0.0031763489823788404,10.0,1.0,10.0
1077.0,0.07894374430179596,0.07894374430179596,0.0037273315247148275,0.009984341450035572,0.0031686085276305676,10.0,1.0,10.0
1078.0,0.07884551584720612,0.07884551584720612,0.0037261582911014557,0.009974940679967403,0.003160898806527257,10.0,1.0,10.0
1079.0,0.07874764502048492,0.07874764502048492,0.003725040704011917,0.009965406730771065,0.0031531837303191423,10.0,1.0,10.0
1080.0,0.07864999771118164,0.07864999771118164,0.003723865607753396,0.009956258349120617,0.003145507536828518,10.0,1.0,10.0
1081.0,0.07855243980884552,0.07855243980884552,0.003722754307091236,0.009946784935891628,0.0031378113199025393,10.0,1.0,10.0
1082.0,0.07845534384250641,0.07845534384250641,0.003721577348187566,0.009937821887433529,0.0031301751732826233,10.0,1.0,10.0
1083.0,0.07835838198661804,0.07835838198661804,0.003720497712492943,0.009928417392075062,0.003122498746961355,10.0,1.0,10.0
1084.0,0.07826163619756699,0.07826163619756699,0.003719290951266885,0.00991973839700222,0.003114898456260562,10.0,1.0,10.0
1085.0,0.07816515117883682,0.07816515117883682,0.0037182499654591084,0.009910295717418194,0.0031072357669472694,10.0,1.0,10.0
1086.0,0.07806888222694397,0.07806888222694397,0.0037170047871768475,0.009901969693601131,0.0030996862333267927,10.0,1.0,10.0
1087.0,0.07797285169363022,0.07797285169363022,0.0037160178180783987,0.009892391972243786,0.0030920279677957296,10.0,1.0,10.0
1088.0,0.07787713408470154,0.07787713408470154,0.003714717924594879,0.009884546510875225,0.003084540832787752,10.0,1.0,10.0
1089.0,0.07778161764144897,0.07778161764144897,0.0037138292100280523,0.009874637238681316,0.003076869295910001,10.0,1.0,10.0
1090.0,0.07768630236387253,0.07768630236387253,0.003712406614795327,0.009867550805211067,0.0030694687739014626,10.0,1.0,10.0
1091.0,0.07759134471416473,0.07759134471416473,0.0037116864696145058,0.009856974706053734,0.0030617504380643368,10.0,1.0,10.0
1092.0,0.0774964839220047,0.0774964839220047,0.003710072487592697,0.00985101331025362,0.003054474713280797,10.0,1.0,10.0
1093.0,0.07740199565887451,0.07740199565887451,0.0037096012383699417,0.00983930379152298,0.003046667668968439,10.0,1.0,10.0
1094.0,0.07730760425329208,0.07730760425329208,0.0037076675798743963,0.00983512680977583,0.0030395803041756153,10.0,1.0,10.0
1095.0,0.07721350342035294,0.07721350342035294,0.0037076259031891823,0.00982130877673626,0.0030315937474370003,10.0,1.0,10.0
1096.0,0.07711969316005707,0.07711969316005707,0.003705129027366638,0.00982024148106575,0.003024816047400236,10.0,1.0,10.0
1097.0,0.07702615857124329,0.07702615857124329,0.0037058775778859854,0.009802567772567272,0.0030164814088493586,10.0,1.0,10.0
1098.0,0.07693279534578323,0.07693279534578323,0.0037023238837718964,0.009807050228118896,0.0030102506279945374,10.0,1.0,10.0
1099.0,0.07683977484703064,0.07683977484703064,0.0037045148201286793,0.009782135486602783,0.0030012493953108788,10.0,1.0,10.0
1100.0,0.07674703001976013,0.07674703001976013,0.0036990162916481495,0.009796849451959133,0.0029960020910948515,10.0,1.0,10.0
1101.0,0.07665465027093887,0.07665465027093887,0.00370389549061656,0.009758376516401768,0.0029857319314032793,10.0,1.0,10.0
1102.0,0.07656271755695343,0.07656271755695343,0.0036947198677808046,0.00979236513376236,0.0029823151417076588,10.0,1.0,10.0
1103.0,0.07647144794464111,0.07647144794464111,0.003704708069562912,0.009728248231112957,0.0029696119017899036,10.0,1.0,10.0
1104.0,0.07638141512870789,0.07638141512870789,0.0036885167937725782,0.0097994115203619,0.002969683613628149,10.0,1.0,10.0
1105.0,0.07629319280385971,0.07629319280385971,0.0037084196228533983,0.009686378762125969,0.0029522620607167482,10.0,1.0,10.0
1106.0,0.07620861381292343,0.07620861381292343,0.003678578184917569,0.00983143039047718,0.0029591405764222145,10.0,1.0,10.0
1107.0,0.07613091170787811,0.07613091170787811,0.003718094201758504,0.009625027887523174,0.00293249380774796,10.0,1.0,10.0
1108.0,0.07606673985719681,0.07606673985719681,0.0036614160053431988,0.009922484867274761,0.0029530092142522335,10.0,1.0,10.0
1109.0,0.07602958381175995,0.07602958381175995,0.003740655956789851,0.009541291743516922,0.002908173017203808,10.0,1.0,10.0
1110.0,0.07604716718196869,0.07604716718196869,0.003630860010161996,0.01017061062157154,0.0029567955061793327,10.0,1.0,10.0
1111.0,0.07617639005184174,0.07617639005184174,0.0037928542587906122,0.009484943933784962,0.0028762901201844215,10.0,1.0,10.0
1112.0,0.07653357088565826,0.07653357088565826,0.003578781383112073,0.010895900428295135,0.002984986174851656,10.0,1.0,10.0
1113.0,0.07735741138458252,0.07735741138458252,0.003919011913239956,0.009798445738852024,0.002836884232237935,10.0,1.0,10.0
1114.0,0.07911284267902374,0.07911284267902374,0.003509202506393194,0.013228127732872963,0.0030792690813541412,10.0,1.0,10.0
1115.0,0.08267617225646973,0.08267617225646973,0.0042416611686348915,0.012099732644855976,0.002815983258187771,10.0,1.0,10.0
1116.0,0.08935968577861786,0.08935968577861786,0.0035065722186118364,0.020764537155628204,0.003352942643687129,10.0,1.0,10.0
1117.0,0.10046813637018204,0.10046813637018204,0.005010285414755344,0.021100249141454697,0.002926503773778677,10.0,1.0,10.0
1118.0,0.11434610188007355,0.11434610188007355,0.003780558705329895,0.03743073716759682,0.0039109778590500355,10.0,1.0,10.0
1119.0,0.1232004165649414,0.1232004165649414,0.005866797640919685,0.032991673797369,0.0031540771014988422,10.0,1.0,10.0
1120.0,0.11481566727161407,0.11481566727161407,0.0038058352656662464,0.03743031993508339,0.003932700026780367,10.0,1.0,10.0
1121.0,0.09176966547966003,0.09176966547966003,0.004691476933658123,0.0164443701505661,0.0028410525992512703,10.0,1.0,10.0
1122.0,0.07549285888671875,0.07549285888671875,0.0035783681087195873,0.010562692768871784,0.0029146489687263966,10.0,1.0,10.0
1123.0,0.08042465150356293,0.08042465150356293,0.003488000947982073,0.01455048006027937,0.003099416382610798,10.0,1.0,10.0
1124.0,0.09474442899227142,0.09474442899227142,0.004819321446120739,0.018052371218800545,0.0028498840983957052,10.0,1.0,10.0
1125.0,0.09711907804012299,0.09711907804012299,0.0035851034335792065,0.026146940886974335,0.0035121100954711437,10.0,1.0,10.0
1126.0,0.08436671644449234,0.08436671644449234,0.004373808857053518,0.013034049421548843,0.0027594577986747026,10.0,1.0,10.0
1127.0,0.0745522528886795,0.0745522528886795,0.0036248653195798397,0.00993233174085617,0.002837127074599266,10.0,1.0,10.0
1128.0,0.07932775467634201,0.07932775467634201,0.003490553703159094,0.01406953576952219,0.003035268047824502,10.0,1.0,10.0
1129.0,0.08766575157642365,0.08766575157642365,0.004532219376415014,0.014709236100316048,0.002763432217761874,10.0,1.0,10.0
1130.0,0.08533434569835663,0.08533434569835663,0.0034912980627268553,0.018377069383859634,0.0032044299878180027,10.0,1.0,10.0
1131.0,0.0764758288860321,0.0764758288860321,0.003951952792704105,0.009752861224114895,0.002720343880355358,10.0,1.0,10.0
1132.0,0.0746035948395729,0.0746035948395729,0.0037969418335705996,0.009278916753828526,0.0027355263009667397,10.0,1.0,10.0
1133.0,0.08024689555168152,0.08024689555168152,0.003482977394014597,0.014900450594723225,0.003051667008548975,10.0,1.0,10.0
1134.0,0.08231841027736664,0.08231841027736664,0.004293440841138363,0.012307649478316307,0.0027076350525021553,10.0,1.0,10.0
1135.0,0.07733799517154694,0.07733799517154694,0.003498960053548217,0.012884359806776047,0.002946403343230486,10.0,1.0,10.0
1136.0,0.0736890584230423,0.0736890584230423,0.0036810869351029396,0.00941900908946991,0.0027459177654236555,10.0,1.0,10.0
1137.0,0.07617931813001633,0.07617931813001633,0.003959221765398979,0.009792719036340714,0.002679438330233097,10.0,1.0,10.0
1138.0,0.07901067286729813,0.07901067286729813,0.0034824549220502377,0.014304684475064278,0.0029881438240408897,10.0,1.0,10.0
1139.0,0.07697905600070953,0.07697905600070953,0.004019557498395443,0.010161912068724632,0.002662156242877245,10.0,1.0,10.0
1140.0,0.07367447763681412,0.07367447763681412,0.003597085364162922,0.010009854100644588,0.002769376849755645,10.0,1.0,10.0
1141.0,0.07413522154092789,0.07413522154092789,0.0035591486375778913,0.010574494488537312,0.0027969239745289087,10.0,1.0,10.0
1142.0,0.07642406225204468,0.07642406225204468,0.003997029270976782,0.010011324658989906,0.0026442445814609528,10.0,1.0,10.0
1143.0,0.07605993747711182,0.07605993747711182,0.003503041574731469,0.012322827242314816,0.00287066912278533,10.0,1.0,10.0
1144.0,0.0737125501036644,0.0737125501036644,0.003789586015045643,0.00922925304621458,0.002658743876963854,10.0,1.0,10.0
1145.0,0.07315109670162201,0.07315109670162201,0.003720642765983939,0.009233261458575726,0.0026711407117545605,10.0,1.0,10.0
1146.0,0.07458493858575821,0.07458493858575821,0.0035255849361419678,0.011297831311821938,0.002803125884383917,10.0,1.0,10.0
1147.0,0.07499873638153076,0.07499873638153076,0.003918888512998819,0.009623021818697453,0.0026186828035861254,10.0,1.0,10.0
1148.0,0.07360540330410004,0.07360540330410004,0.003553912043571472,0.010554131120443344,0.0027512151282280684,10.0,1.0,10.0
1149.0,0.07268574833869934,0.07268574833869934,0.003656265325844288,0.009429128840565681,0.0026693972758948803,10.0,1.0,10.0
1150.0,0.07334490120410919,0.07334490120410919,0.0037949802353978157,0.00922718457877636,0.0026167910546064377,10.0,1.0,10.0
1151.0,0.0739746168255806,0.0739746168255806,0.003527803113684058,0.011080302298069,0.0027616284787654877,10.0,1.0,10.0
1152.0,0.07333464175462723,0.07333464175462723,0.003806452499702573,0.009249070659279823,0.0026021047960966825,10.0,1.0,10.0
1153.0,0.07244683802127838,0.07244683802127838,0.0036216536536812782,0.009608208201825619,0.0026622097939252853,10.0,1.0,10.0
1154.0,0.07254135608673096,0.07254135608673096,0.003592665772885084,0.00986018031835556,0.002675452036783099,10.0,1.0,10.0
1155.0,0.07307521998882294,0.07307521998882294,0.003798993304371834,0.0092290248721838,0.0025856264401227236,10.0,1.0,10.0
1156.0,0.0729290172457695,0.0729290172457695,0.003551240311935544,0.010431639850139618,0.0026984973810613155,10.0,1.0,10.0
1157.0,0.07226967811584473,0.07226967811584473,0.003714319784194231,0.009176194667816162,0.002595028607174754,10.0,1.0,10.0
1158.0,0.07203800976276398,0.07203800976276398,0.003673538798466325,0.00926527101546526,0.0026037348434329033,10.0,1.0,10.0
1159.0,0.07233789563179016,0.07233789563179016,0.0035723820328712463,0.010043270885944366,0.002657080302014947,10.0,1.0,10.0
1160.0,0.07243853062391281,0.07243853062391281,0.003766351845115423,0.009165508672595024,0.002560949884355068,10.0,1.0,10.0
1161.0,0.0720614492893219,0.0720614492893219,0.0035818389151245356,0.009882942773401737,0.0026360112242400646,10.0,1.0,10.0
1162.0,0.07171741127967834,0.07171741127967834,0.003655332140624523,0.009308332577347755,0.0025855754502117634,10.0,1.0,10.0
1163.0,0.0717725157737732,0.0717725157737732,0.003697932232171297,0.009174042381346226,0.0025619149673730135,10.0,1.0,10.0
1164.0,0.07192189991474152,0.07192189991474152,0.003571729641407728,0.009967886842787266,0.002623671665787697,10.0,1.0,10.0
1165.0,0.07178081572055817,0.07178081572055817,0.0037229922600090504,0.009136999025940895,0.0025413890834897757,10.0,1.0,10.0
1166.0,0.07147775590419769,0.07147775590419769,0.003609810024499893,0.009541520848870277,0.002583813387900591,10.0,1.0,10.0
1167.0,0.07136089354753494,0.07136089354753494,0.003623610595241189,0.009428799152374268,0.0025695988442748785,10.0,1.0,10.0
1168.0,0.0714372918009758,0.0714372918009758,0.0036988272331655025,0.009143020957708359,0.002530599944293499,10.0,1.0,10.0
1169.0,0.07143011689186096,0.07143011689186096,0.0035798093304038048,0.009789022617042065,0.002584300236776471,10.0,1.0,10.0
1170.0,0.07124052941799164,0.07124052941799164,0.003686655778437853,0.009152611717581749,0.002522136550396681,10.0,1.0,10.0
1171.0,0.0710575059056282,0.0710575059056282,0.0036287116818130016,0.009361525066196918,0.0025408866349607706,10.0,1.0,10.0
1172.0,0.0710252970457077,0.0710252970457077,0.0036091103684157133,0.009481449611485004,0.0025452743284404278,10.0,1.0,10.0
1173.0,0.07104441523551941,0.07104441523551941,0.0036883768625557423,0.009133009240031242,0.0025027638766914606,10.0,1.0,10.0
1174.0,0.07096244394779205,0.07096244394779205,0.0035902424715459347,0.009617751464247704,0.0025442265905439854,10.0,1.0,10.0
1175.0,0.07080213725566864,0.07080213725566864,0.00366074382327497,0.009186597540974617,0.0025008106604218483,10.0,1.0,10.0
1176.0,0.0706939548254013,0.0706939548254013,0.003637158777564764,0.009269997477531433,0.0025052372366189957,10.0,1.0,10.0
1177.0,0.07067088782787323,0.07067088782787323,0.003603291232138872,0.009465128183364868,0.002517285058274865,10.0,1.0,10.0
1178.0,0.07064115256071091,0.07064115256071091,0.0036738079506903887,0.00912649929523468,0.0024776572827249765,10.0,1.0,10.0
1179.0,0.07054115831851959,0.07054115831851959,0.0035982956178486347,0.009480965323746204,0.0025077234022319317,10.0,1.0,10.0
1180.0,0.07041767984628677,0.07041767984628677,0.0036431660410016775,0.00920546893030405,0.002478055190294981,10.0,1.0,10.0
1181.0,0.07034138590097427,0.07034138590097427,0.0036383774131536484,0.009217469021677971,0.002474014414474368,10.0,1.0,10.0
1182.0,0.07030552625656128,0.07030552625656128,0.003602032084017992,0.009418201632797718,0.002486700424924493,10.0,1.0,10.0
1183.0,0.07025060802698135,0.07025060802698135,0.0036597363650798798,0.009125015698373318,0.00245282263495028,10.0,1.0,10.0
1184.0,0.07015479356050491,0.07015479356050491,0.003603485180065036,0.009384356439113617,0.002473558532074094,10.0,1.0,10.0
1185.0,0.07005608826875687,0.07005608826875687,0.0036324772518128157,0.00920804962515831,0.002452326472848654,10.0,1.0,10.0
1186.0,0.06998926401138306,0.06998926401138306,0.003635197877883911,0.009185870178043842,0.0024451417848467827,10.0,1.0,10.0
1187.0,0.06994082778692245,0.06994082778692245,0.0036021838895976543,0.009358322247862816,0.0024560666643083096,10.0,1.0,10.0
1188.0,0.06987615674734116,0.06987615674734116,0.0036479339469224215,0.009119560942053795,0.002427725587040186,10.0,1.0,10.0
1189.0,0.06978900730609894,0.06978900730609894,0.0036055678501725197,0.009312246926128864,0.0024421087000519037,10.0,1.0,10.0
1190.0,0.06970388442277908,0.06970388442277908,0.003625093260779977,0.009191298857331276,0.0024261653888970613,10.0,1.0,10.0
1191.0,0.0696382001042366,0.0696382001042366,0.003629774320870638,0.009161017835140228,0.002417944138869643,10.0,1.0,10.0
1192.0,0.0695815235376358,0.0695815235376358,0.0036026951856911182,0.009298085235059261,0.0024256485048681498,10.0,1.0,10.0
1193.0,0.06951455771923065,0.06951455771923065,0.003638044698163867,0.009109335020184517,0.0024024781305342913,10.0,1.0,10.0
1194.0,0.06943484395742416,0.06943484395742416,0.0036055229138582945,0.009257633239030838,0.002412198344245553,10.0,1.0,10.0
1195.0,0.06935665011405945,0.06935665011405945,0.003620526986196637,0.009165476076304913,0.0023985907901078463,10.0,1.0,10.0
1196.0,0.06928987056016922,0.06928987056016922,0.0036236289888620377,0.009140551090240479,0.0023913029581308365,10.0,1.0,10.0
1197.0,0.06922870874404907,0.06922870874404907,0.003602777374908328,0.009241384454071522,0.0023959551472216845,10.0,1.0,10.0
1198.0,0.0691618099808693,0.0691618099808693,0.00362995732575655,0.009094109758734703,0.0023768125101923943,10.0,1.0,10.0
1199.0,0.06908740848302841,0.06908740848302841,0.0036040416453033686,0.009210476651787758,0.002383651677519083,10.0,1.0,10.0
1200.0,0.06901323050260544,0.06901323050260544,0.0036167583893984556,0.009130659513175488,0.002371498616412282,10.0,1.0,10.0
1201.0,0.06894540786743164,0.06894540786743164,0.0036172387190163136,0.009118303656578064,0.0023654717952013016,10.0,1.0,10.0
1202.0,0.06888166069984436,0.06888166069984436,0.00360251241363585,0.009185672737658024,0.002367086010053754,10.0,1.0,10.0
1203.0,0.06881546974182129,0.06881546974182129,0.003622792661190033,0.009073013439774513,0.0023514535278081894,10.0,1.0,10.0
1204.0,0.06874474883079529,0.06874474883079529,0.003601815551519394,0.00916706770658493,0.0023559529799968004,10.0,1.0,10.0
1205.0,0.06867314875125885,0.06867314875125885,0.0036137434653937817,0.009093077853322029,0.002344263717532158,10.0,1.0,10.0
1206.0,0.06860478222370148,0.06860478222370148,0.0036111571826040745,0.009094667620956898,0.0023398546036332846,10.0,1.0,10.0
1207.0,0.06853954493999481,0.06853954493999481,0.003601896809414029,0.009132475592195988,0.0023388098925352097,10.0,1.0,10.0
1208.0,0.06847390532493591,0.06847390532493591,0.0036163663025945425,0.009049215354025364,0.0023261033929884434,10.0,1.0,10.0
1209.0,0.06840577721595764,0.06840577721595764,0.003599334042519331,0.009123614989221096,0.0023288819938898087,10.0,1.0,10.0
1210.0,0.06833627820014954,0.06833627820014954,0.0036105886101722717,0.009053472429513931,0.0023176921531558037,10.0,1.0,10.0
1211.0,0.06826797127723694,0.06826797127723694,0.0036052821669727564,0.0090683838352561,0.0023146765306591988,10.0,1.0,10.0
1212.0,0.06820186972618103,0.06820186972618103,0.003600947791710496,0.009079722687602043,0.0023112669587135315,10.0,1.0,10.0
1213.0,0.06813649088144302,0.06813649088144302,0.003610157174989581,0.00902281329035759,0.0023012105375528336,10.0,1.0,10.0
1214.0,0.06806999444961548,0.06806999444961548,0.0035969289019703865,0.009078927338123322,0.002302178181707859,10.0,1.0,10.0
1215.0,0.06800220161676407,0.06800220161676407,0.003607254708185792,0.00901431031525135,0.0022915343288332224,10.0,1.0,10.0
1216.0,0.06793461740016937,0.06793461740016937,0.0036000246182084084,0.009038991294801235,0.0022895378060638905,10.0,1.0,10.0
1217.0,0.06786809861660004,0.06786809861660004,0.003599762450903654,0.009029100649058819,0.0022841368336230516,10.0,1.0,10.0
1218.0,0.06780261546373367,0.06780261546373367,0.003604191355407238,0.00899575650691986,0.002276494400575757,10.0,1.0,10.0
1219.0,0.06773706525564194,0.06773706525564194,0.0035948515869677067,0.009032044559717178,0.0022756506223231554,10.0,1.0,10.0
1220.0,0.06767076253890991,0.06767076253890991,0.003603483084589243,0.008976581506431103,0.0022659352980554104,10.0,1.0,10.0
1221.0,0.06760421395301819,0.06760421395301819,0.003595410380512476,0.009005407802760601,0.002264469861984253,10.0,1.0,10.0
1222.0,0.06753800064325333,0.06753800064325333,0.00359818316064775,0.008979538455605507,0.002257663058117032,10.0,1.0,10.0
1223.0,0.06747230887413025,0.06747230887413025,0.003598458832129836,0.00896679237484932,0.002252092817798257,10.0,1.0,10.0
1224.0,0.06740725040435791,0.06740725040435791,0.0035930760204792023,0.008982843719422817,0.002249364508315921,10.0,1.0,10.0
1225.0,0.06734204292297363,0.06734204292297363,0.0035991680342704058,0.00894051231443882,0.0022409847006201744,10.0,1.0,10.0
1226.0,0.06727644801139832,0.06727644801139832,0.0035916611086577177,0.008966960944235325,0.0022392880637198687,10.0,1.0,10.0
1227.0,0.06721077859401703,0.06721077859401703,0.003596038091927767,0.008932924829423428,0.002231747144833207,10.0,1.0,10.0
1228.0,0.06714537739753723,0.06714537739753723,0.0035931733436882496,0.008935583755373955,0.002227806719020009,10.0,1.0,10.0
1229.0,0.0670805275440216,0.0670805275440216,0.0035915113985538483,0.00893251784145832,0.0022232893388718367,10.0,1.0,10.0
1230.0,0.06701579689979553,0.06701579689979553,0.0035944341216236353,0.00890612043440342,0.0022165337577462196,10.0,1.0,10.0
1231.0,0.06695112586021423,0.06695112586021423,0.0035887130070477724,0.008923321962356567,0.0022140678483992815,10.0,1.0,10.0
1232.0,0.06688627600669861,0.06688627600669861,0.003593108616769314,0.008889218792319298,0.002206596313044429,10.0,1.0,10.0
1233.0,0.06682141125202179,0.06682141125202179,0.0035885837860405445,0.008900218643248081,0.0022035359870642424,10.0,1.0,10.0
1234.0,0.06675675511360168,0.06675675511360168,0.0035897218622267246,0.008882383815944195,0.0021977154538035393,10.0,1.0,10.0
1235.0,0.06669241189956665,0.06669241189956665,0.0035894925240427256,0.008871692232787609,0.002192579209804535,10.0,1.0,10.0
1236.0,0.06662823259830475,0.06662823259830475,0.0035864682868123055,0.008875243365764618,0.0021888308692723513,10.0,1.0,10.0
1237.0,0.06656409800052643,0.06656409800052643,0.0035893458407372236,0.008848730474710464,0.0021821907721459866,10.0,1.0,10.0
1238.0,0.06649990379810333,0.06649990379810333,0.0035848733969032764,0.008859340101480484,0.0021791826002299786,10.0,1.0,10.0
1239.0,0.0664357990026474,0.0664357990026474,0.0035873891320079565,0.00883458647876978,0.0021727324929088354,10.0,1.0,10.0
1240.0,0.06637182831764221,0.06637182831764221,0.0035848398692905903,0.008835317566990852,0.002168811159208417,10.0,1.0,10.0
1241.0,0.06630803644657135,0.06630803644657135,0.00358449830673635,0.008824910968542099,0.002163814613595605,10.0,1.0,10.0
1242.0,0.06624431908130646,0.06624431908130646,0.003585000056773424,0.008810272440314293,0.002158405026420951,10.0,1.0,10.0
1243.0,0.0661807730793953,0.0661807730793953,0.00358211318962276,0.008812736719846725,0.002154690446332097,10.0,1.0,10.0
1244.0,0.06611724942922592,0.06611724942922592,0.003584185615181923,0.008789986371994019,0.0021485404577106237,10.0,1.0,10.0
1245.0,0.06605374068021774,0.06605374068021774,0.0035809206310659647,0.00879424437880516,0.002145028905943036,10.0,1.0,10.0
1246.0,0.0659903883934021,0.0659903883934021,0.0035822384525090456,0.008775264956057072,0.002139274263754487,10.0,1.0,10.0
1247.0,0.06592710316181183,0.06592710316181183,0.003580600954592228,0.008771175518631935,0.0021349922753870487,10.0,1.0,10.0
1248.0,0.06586401164531708,0.06586401164531708,0.003579874988645315,0.0087625402957201,0.00213027186691761,10.0,1.0,10.0
1249.0,0.0658009797334671,0.0658009797334671,0.0035802754573524,0.008748159743845463,0.0021250066347420216,10.0,1.0,10.0
1250.0,0.0657380148768425,0.0657380148768425,0.003577941097319126,0.008747544139623642,0.002121106255799532,10.0,1.0,10.0
1251.0,0.0656752735376358,0.0656752735376358,0.0035792645066976547,0.008728433400392532,0.002115419367328286,10.0,1.0,10.0
1252.0,0.06561236828565598,0.06561236828565598,0.003576783463358879,0.0087283905595541,0.0021116146817803383,10.0,1.0,10.0
1253.0,0.06554964184761047,0.06554964184761047,0.00357753480784595,0.00871201604604721,0.002106228144839406,10.0,1.0,10.0
1254.0,0.06548704206943512,0.06548704206943512,0.0035761643666774035,0.00870637595653534,0.0021019026171416044,10.0,1.0,10.0
1255.0,0.06542456150054932,0.06542456150054932,0.0035755601711571217,0.008696844801306725,0.0020972120109945536,10.0,1.0,10.0
1256.0,0.06536221504211426,0.06536221504211426,0.003575559938326478,0.008684227243065834,0.002092238049954176,10.0,1.0,10.0
1257.0,0.0652998611330986,0.0652998611330986,0.003573825815692544,0.008680304512381554,0.0020881295204162598,10.0,1.0,10.0
1258.0,0.06523759663105011,0.06523759663105011,0.0035745459608733654,0.008663950487971306,0.002082818653434515,10.0,1.0,10.0
1259.0,0.06517544388771057,0.06517544388771057,0.003572572721168399,0.008661174215376377,0.002078854013234377,10.0,1.0,10.0
1260.0,0.06511339545249939,0.06511339545249939,0.003573088441044092,0.008645817637443542,0.00207366980612278,10.0,1.0,10.0
1261.0,0.06505138427019119,0.06505138427019119,0.0035717044956982136,0.00863993912935257,0.0020694402046501637,10.0,1.0,10.0
1262.0,0.06498945504426956,0.06498945504426956,0.0035713878460228443,0.00862865149974823,0.0020646925549954176,10.0,1.0,10.0
1263.0,0.06492763757705688,0.06492763757705688,0.003570921253412962,0.0086181266233325,0.0020600296556949615,10.0,1.0,10.0
1264.0,0.06486593186855316,0.06486593186855316,0.0035697745624929667,0.008610988967120647,0.002055719029158354,10.0,1.0,10.0
1265.0,0.06480430066585541,0.06480430066585541,0.003569959197193384,0.008597089909017086,0.0020507622975856066,10.0,1.0,10.0
1266.0,0.06474277377128601,0.06474277377128601,0.003568431595340371,0.008591821417212486,0.0020466630812734365,10.0,1.0,10.0
1267.0,0.06468132138252258,0.06468132138252258,0.0035687314812093973,0.008577266708016396,0.002041673520579934,10.0,1.0,10.0
1268.0,0.06461985409259796,0.06461985409259796,0.0035673456732183695,0.008571128360927105,0.0020375268068164587,10.0,1.0,10.0
1269.0,0.06455861032009125,0.06455861032009125,0.0035672930534929037,0.008558329194784164,0.002032735152170062,10.0,1.0,10.0
1270.0,0.06449739634990692,0.06449739634990692,0.0035664273891597986,0.00854954868555069,0.0020283577032387257,10.0,1.0,10.0
1271.0,0.06443627178668976,0.06443627178668976,0.0035658073611557484,0.008539486676454544,0.002023871522396803,10.0,1.0,10.0
1272.0,0.0643751323223114,0.0643751323223114,0.0035654741805046797,0.008527902886271477,0.0020192484371364117,10.0,1.0,10.0
1273.0,0.06431421637535095,0.06431421637535095,0.003564418526366353,0.008520010858774185,0.0020150020718574524,10.0,1.0,10.0
1274.0,0.0642533227801323,0.0642533227801323,0.0035644033923745155,0.008506769314408302,0.0020102523267269135,10.0,1.0,10.0
1275.0,0.0641925036907196,0.0641925036907196,0.0035631880164146423,0.0084995711222291,0.0020061051473021507,10.0,1.0,10.0
1276.0,0.0641317069530487,0.0641317069530487,0.0035631840582937002,0.008486200124025345,0.002001366810873151,10.0,1.0,10.0
1277.0,0.06407105922698975,0.06407105922698975,0.003562097903341055,0.008478270843625069,0.001997181214392185,10.0,1.0,10.0
1278.0,0.06401049345731735,0.06401049345731735,0.0035618706606328487,0.00846597645431757,0.001992580946534872,10.0,1.0,10.0
1279.0,0.06394998729228973,0.06394998729228973,0.003561090212315321,0.008456465788185596,0.0019882621709257364,10.0,1.0,10.0
1280.0,0.06388957798480988,0.06388957798480988,0.0035605416633188725,0.008445692248642445,0.0019838472362607718,10.0,1.0,10.0
1281.0,0.06382922828197479,0.06382922828197479,0.0035600708797574043,0.00843451265245676,0.00197940063662827,10.0,1.0,10.0
1282.0,0.06376899033784866,0.06376899033784866,0.0035592576023191214,0.008425041101872921,0.001975137274712324,10.0,1.0,10.0
1283.0,0.06370878964662552,0.06370878964662552,0.003559005679562688,0.008412687107920647,0.001970604993402958,10.0,1.0,10.0
1284.0,0.06364873051643372,0.06364873051643372,0.003558053635060787,0.008403826504945755,0.001966436393558979,10.0,1.0,10.0
1285.0,0.06358863413333893,0.06358863413333893,0.003557865507900715,0.008391049690544605,0.0019618929363787174,10.0,1.0,10.0
1286.0,0.06352867931127548,0.06352867931127548,0.003556919749826193,0.008382085710763931,0.001957739470526576,10.0,1.0,10.0
1287.0,0.06346878409385681,0.06346878409385681,0.0035566771402955055,0.008369551971554756,0.001953246770426631,10.0,1.0,10.0
1288.0,0.0634090006351471,0.0634090006351471,0.0035558464005589485,0.00835992768406868,0.001949061406776309,10.0,1.0,10.0
1289.0,0.06334923207759857,0.06334923207759857,0.003555458039045334,0.008348025381565094,0.0019446623045951128,10.0,1.0,10.0
1290.0,0.0632895901799202,0.0632895901799202,0.0035547995939850807,0.00833747535943985,0.0019404119811952114,10.0,1.0,10.0
1291.0,0.06323004513978958,0.06323004513978958,0.003554249880835414,0.00832633301615715,0.0019361211452633142,10.0,1.0,10.0
1292.0,0.06317055970430374,0.06317055970430374,0.0035537490621209145,0.008314915001392365,0.0019318156410008669,10.0,1.0,10.0
1293.0,0.0631110891699791,0.0631110891699791,0.0035530654713511467,0.008304341696202755,0.0019276090897619724,10.0,1.0,10.0
1294.0,0.06305183470249176,0.06305183470249176,0.0035526789724826813,0.008292315527796745,0.0019232728518545628,10.0,1.0,10.0
1295.0,0.06299249827861786,0.06299249827861786,0.0035519215743988752,0.008282049559056759,0.0019191233441233635,10.0,1.0,10.0
1296.0,0.06293322890996933,0.06293322890996933,0.0035515748895704746,0.008269676938652992,0.0019147808197885752,10.0,1.0,10.0
1297.0,0.06287413835525513,0.06287413835525513,0.0035508053842931986,0.00825943797826767,0.0019106643740087748,10.0,1.0,10.0
1298.0,0.0628150925040245,0.0628150925040245,0.0035504705738276243,0.008246969431638718,0.0019063415238633752,10.0,1.0,10.0
1299.0,0.06275610625743866,0.06275610625743866,0.00354971457272768,0.00823658611625433,0.0019022371852770448,10.0,1.0,10.0
1300.0,0.06269720196723938,0.06269720196723938,0.0035493578761816025,0.00822417251765728,0.0018979449523612857,10.0,1.0,10.0
1301.0,0.06263834983110428,0.06263834983110428,0.0035486388951539993,0.008213497698307037,0.001893846201710403,10.0,1.0,10.0
1302.0,0.06257955729961395,0.06257955729961395,0.0035482384264469147,0.008201204240322113,0.0018895966932177544,10.0,1.0,10.0
1303.0,0.0625208169221878,0.0625208169221878,0.0035475720651447773,0.008190209046006203,0.0018854890950024128,10.0,1.0,10.0
1304.0,0.06246224418282509,0.06246224418282509,0.003547124331817031,0.008178122341632843,0.0018812880152836442,10.0,1.0,10.0
1305.0,0.062403690069913864,0.062403690069913864,0.003546516876667738,0.00816675927489996,0.0018771759932860732,10.0,1.0,10.0
1306.0,0.062345243990421295,0.062345243990421295,0.003546026535332203,0.00815481599420309,0.0018730161245912313,10.0,1.0,10.0
1307.0,0.06228688359260559,0.06228688359260559,0.0035454663448035717,0.008143194019794464,0.0018689025891944766,10.0,1.0,10.0
1308.0,0.062228478491306305,0.062228478491306305,0.0035449392162263393,0.008131314069032669,0.0018647769466042519,10.0,1.0,10.0
1309.0,0.06217021122574806,0.06217021122574806,0.003544401843100786,0.008119498379528522,0.001860669581219554,10.0,1.0,10.0
1310.0,0.06211203709244728,0.06211203709244728,0.003543863305822015,0.008107637986540794,0.001856576302088797,10.0,1.0,10.0
1311.0,0.06205396726727486,0.06205396726727486,0.0035433524753898382,0.008095622062683105,0.0018524820916354656,10.0,1.0,10.0
1312.0,0.06199600547552109,0.06199600547552109,0.0035428074188530445,0.008083801716566086,0.001848412910476327,10.0,1.0,10.0
1313.0,0.06193798780441284,0.06193798780441284,0.003542305203154683,0.008071627467870712,0.0018443308072164655,10.0,1.0,10.0
1314.0,0.061880048364400864,0.061880048364400864,0.0035417387261986732,0.008059759624302387,0.001840290380641818,10.0,1.0,10.0
1315.0,0.06182227283716202,0.06182227283716202,0.0035412642173469067,0.00804747361689806,0.0018362159607931972,10.0,1.0,10.0
1316.0,0.06176448613405228,0.06176448613405228,0.0035406858660280704,0.008035598322749138,0.0018322027754038572,10.0,1.0,10.0
1317.0,0.0617067925632,0.0617067925632,0.003540224162861705,0.008023148402571678,0.0018281404627487063,10.0,1.0,10.0
1318.0,0.06164924055337906,0.06164924055337906,0.003539641387760639,0.00801131036132574,0.0018241519574075937,10.0,1.0,10.0
1319.0,0.061591777950525284,0.061591777950525284,0.0035392139106988907,0.007998643442988396,0.00182009965647012,10.0,1.0,10.0
1320.0,0.061534300446510315,0.061534300446510315,0.003538592718541622,0.007986892014741898,0.0018161480547860265,10.0,1.0,10.0
1321.0,0.06147689372301102,0.06147689372301102,0.003538197837769985,0.007973980158567429,0.0018120930762961507,10.0,1.0,10.0
1322.0,0.06141957640647888,0.06141957640647888,0.003537542186677456,0.007962340489029884,0.0018081815214827657,10.0,1.0,10.0
1323.0,0.0613623782992363,0.0613623782992363,0.0035372008569538593,0.007949125953018665,0.0018041243311017752,10.0,1.0,10.0
1324.0,0.06130516529083252,0.06130516529083252,0.003536489326506853,0.007937714457511902,0.0018002560827881098,10.0,1.0,10.0
1325.0,0.061248090118169785,0.061248090118169785,0.003536226926371455,0.00792404543608427,0.0017961774719879031,10.0,1.0,10.0
1326.0,0.061191022396087646,0.061191022396087646,0.003535415278747678,0.007913049310445786,0.001792382332496345,10.0,1.0,10.0
1327.0,0.06113412603735924,0.06113412603735924,0.0035352781414985657,0.007898720912635326,0.001788262277841568,10.0,1.0,10.0
1328.0,0.06107725948095322,0.06107725948095322,0.0035343372728675604,0.007888369262218475,0.001784551772288978,10.0,1.0,10.0
1329.0,0.06102041155099869,0.06102041155099869,0.0035343612544238567,0.007873115129768848,0.0017803686205297709,10.0,1.0,10.0
1330.0,0.06096374988555908,0.06096374988555908,0.0035332185216248035,0.007863754406571388,0.0017767810495570302,10.0,1.0,10.0
1331.0,0.06090714782476425,0.06090714782476425,0.0035335198044776917,0.007847101427614689,0.0017724849749356508,10.0,1.0,10.0
1332.0,0.06085053086280823,0.06085053086280823,0.003532029688358307,0.007839375175535679,0.0017690861131995916,10.0,1.0,10.0
1333.0,0.060794077813625336,0.060794077813625336,0.0035327665973454714,0.00782050658017397,0.0017645906191319227,10.0,1.0,10.0
1334.0,0.060737721621990204,0.060737721621990204,0.003530738642439246,0.007815484888851643,0.0017614854732528329,10.0,1.0,10.0
1335.0,0.06068137288093567,0.06068137288093567,0.0035321800969541073,0.007793025113642216,0.0017566544702276587,10.0,1.0,10.0
1336.0,0.0606251135468483,0.0606251135468483,0.0035292361862957478,0.007792531978338957,0.00175402220338583,10.0,1.0,10.0
1337.0,0.06056903675198555,0.06056903675198555,0.0035318774171173573,0.007764079608023167,0.001748618553392589,10.0,1.0,10.0
1338.0,0.06051304563879967,0.06051304563879967,0.003527378663420677,0.0077714091166853905,0.001746784895658493,10.0,1.0,10.0
1339.0,0.060457222163677216,0.060457222163677216,0.00353207066655159,0.007732725236564875,0.001740379142574966,10.0,1.0,10.0
1340.0,0.06040176749229431,0.06040176749229431,0.0035248869098722935,0.007753722369670868,0.0017399175558239222,10.0,1.0,10.0
1341.0,0.06034667044878006,0.06034667044878006,0.003533182665705681,0.007697352673858404,0.0017317491583526134,10.0,1.0,10.0
1342.0,0.060292236506938934,0.060292236506938934,0.0035212505608797073,0.007742713205516338,0.0017337016761302948,10.0,1.0,10.0
1343.0,0.06023901328444481,0.06023901328444481,0.003535979427397251,0.007655276916921139,0.0017223943723365664,10.0,1.0,10.0
1344.0,0.06018770858645439,0.06018770858645439,0.0035155359655618668,0.007745350245386362,0.0017286997754126787,10.0,1.0,10.0
1345.0,0.06014014780521393,0.06014014780521393,0.00354200042784214,0.007603006437420845,0.0017117134993895888,10.0,1.0,10.0
1346.0,0.06009921431541443,0.06009921431541443,0.003506107721477747,0.0077776373364031315,0.0017260501626878977,10.0,1.0,10.0
1347.0,0.06007074937224388,0.06007074937224388,0.0035544708371162415,0.007539048790931702,0.0016986991977319121,10.0,1.0,10.0
1348.0,0.06006544828414917,0.06006544828414917,0.003490202594548464,0.007880762219429016,0.0017282660119235516,10.0,1.0,10.0
1349.0,0.06010415405035019,0.06010415405035019,0.0035805348306894302,0.007479510270059109,0.0016819292213767767,10.0,1.0,10.0
1350.0,0.060226503759622574,0.060226503759622574,0.0034640461672097445,0.008172783069312572,0.0017413259483873844,10.0,1.0,10.0
1351.0,0.06050964444875717,0.06050964444875717,0.0036374591290950775,0.007528623566031456,0.0016606426797807217,10.0,1.0,10.0
1352.0,0.061101846396923065,0.061101846396923065,0.0034264903515577316,0.009027021005749702,0.0017809917917475104,10.0,1.0,10.0
1353.0,0.062289562076330185,0.062289562076330185,0.003771178424358368,0.008165935054421425,0.0016411845572292805,10.0,1.0,10.0
1354.0,0.0646078810095787,0.0646078810095787,0.00339934672228992,0.011689811944961548,0.0018924603937193751,10.0,1.0,10.0
1355.0,0.06902550160884857,0.06902550160884857,0.004109939094632864,0.011282174848020077,0.0016643934650346637,10.0,1.0,10.0
1356.0,0.07706557959318161,0.07706557959318161,0.0035031093284487724,0.02002090960741043,0.0022013576235622168,10.0,1.0,10.0
1357.0,0.0905776247382164,0.0905776247382164,0.004948963411152363,0.022348053753376007,0.0018739940132945776,10.0,1.0,10.0
1358.0,0.10960543900728226,0.10960543900728226,0.004025842063128948,0.040353696793317795,0.0028993317391723394,10.0,1.0,10.0
1359.0,0.12802648544311523,0.12802648544311523,0.006234548520296812,0.042250774800777435,0.0023430227302014828,10.0,1.0,10.0
1360.0,0.13017278909683228,0.13017278909683228,0.004435638431459665,0.05245882272720337,0.0033357583452016115,10.0,1.0,10.0
1361.0,0.1055474728345871,0.1055474728345871,0.005496326833963394,0.030014093965291977,0.0020570112392306328,10.0,1.0,10.0
1362.0,0.07122038304805756,0.07122038304805756,0.0034528342075645924,0.01594366505742073,0.0020748372189700603,10.0,1.0,10.0
1363.0,0.05956835299730301,0.05956835299730301,0.003457062877714634,0.007915860041975975,0.00170818658079952,10.0,1.0,10.0
1364.0,0.07594922930002213,0.07594922930002213,0.004420375917106867,0.014670116826891899,0.0017075350042432547,10.0,1.0,10.0
1365.0,0.0933355838060379,0.0933355838060379,0.0037691425532102585,0.030021488666534424,0.002562266541644931,10.0,1.0,10.0
1366.0,0.08723238855600357,0.08723238855600357,0.0048704384826123714,0.020213274285197258,0.0018314728513360023,10.0,1.0,10.0
1367.0,0.06649114936590195,0.06649114936590195,0.0034108529798686504,0.013142375275492668,0.001924024662002921,10.0,1.0,10.0
1368.0,0.0594266802072525,0.0594266802072525,0.003455518279224634,0.007943571545183659,0.0016927928663790226,10.0,1.0,10.0
1369.0,0.0711459070444107,0.0711459070444107,0.004229333717375994,0.01231289841234684,0.001653966843150556,10.0,1.0,10.0
1370.0,0.0794462263584137,0.0794462263584137,0.0035544419661164284,0.021389558911323547,0.002251225057989359,10.0,1.0,10.0
1371.0,0.07095421850681305,0.07095421850681305,0.004231046419590712,0.01216256432235241,0.0016481191851198673,10.0,1.0,10.0
1372.0,0.059684447944164276,0.059684447944164276,0.0034332030918449163,0.008290166035294533,0.0017062253318727016,10.0,1.0,10.0
1373.0,0.06176772713661194,0.06176772713661194,0.003402985166758299,0.00992161501199007,0.00178162578959018,10.0,1.0,10.0
1374.0,0.07012408971786499,0.07012408971786499,0.004204262048006058,0.01178907323628664,0.0016292399959638715,10.0,1.0,10.0
1375.0,0.06936610490083694,0.06936610490083694,0.003436421975493431,0.015109422616660595,0.0019892463460564613,10.0,1.0,10.0
1376.0,0.06121697276830673,0.06121697276830673,0.0037712431512773037,0.00776204839348793,0.0015742492396384478,10.0,1.0,10.0
1377.0,0.05893131345510483,0.05893131345510483,0.0036002565175294876,0.007055663038045168,0.0015873085940256715,10.0,1.0,10.0
1378.0,0.06410717219114304,0.06410717219114304,0.0034019467420876026,0.011609122157096863,0.001847858540713787,10.0,1.0,10.0
1379.0,0.0662122294306755,0.0662122294306755,0.004027767106890678,0.010058657266199589,0.001587590086273849,10.0,1.0,10.0
1380.0,0.06164896488189697,0.06164896488189697,0.003402542322874069,0.009960443712770939,0.0017663099570199847,10.0,1.0,10.0
1381.0,0.05833493918180466,0.05833493918180466,0.0035211159847676754,0.00711637269705534,0.0016007405938580632,10.0,1.0,10.0
1382.0,0.060760386288166046,0.060760386288166046,0.0037567815743386745,0.007649969309568405,0.0015542597975581884,10.0,1.0,10.0
1383.0,0.06332068145275116,0.06332068145275116,0.0034003756009042263,0.01123375166207552,0.001808317843824625,10.0,1.0,10.0
1384.0,0.06129670515656471,0.06129670515656471,0.003793938085436821,0.007892841473221779,0.0015464479802176356,10.0,1.0,10.0
1385.0,0.058349039405584335,0.058349039405584335,0.003468864131718874,0.007478870917111635,0.0016181528335437179,10.0,1.0,10.0
1386.0,0.05900171026587486,0.05900171026587486,0.0034323041327297688,0.008144155144691467,0.0016534514725208282,10.0,1.0,10.0
1387.0,0.06110269948840141,0.06110269948840141,0.003789236769080162,0.00783721636980772,0.0015373114729300141,10.0,1.0,10.0
1388.0,0.060587190091609955,0.060587190091609955,0.0034025516360998154,0.00941156130284071,0.0017150110797956586,10.0,1.0,10.0
1389.0,0.058437932282686234,0.058437932282686234,0.0035995147190988064,0.006963660940527916,0.001547912135720253,10.0,1.0,10.0
1390.0,0.05813012644648552,0.05813012644648552,0.003568038810044527,0.006926931906491518,0.0015522808535024524,10.0,1.0,10.0
1391.0,0.05952012166380882,0.05952012166380882,0.003412300255149603,0.008685190230607986,0.0016711928183212876,10.0,1.0,10.0
1392.0,0.05976990610361099,0.05976990610361099,0.0037162555381655693,0.007379562593996525,0.001522778649814427,10.0,1.0,10.0
1393.0,0.05843879282474518,0.05843879282474518,0.0034383763559162617,0.00785513874143362,0.0016199889359995723,10.0,1.0,10.0
1394.0,0.057732753455638885,0.057732753455638885,0.003499356098473072,0.007083010859787464,0.0015656184405088425,10.0,1.0,10.0
1395.0,0.05844801664352417,0.05844801664352417,0.0036265046801418066,0.006973096169531345,0.0015209877165034413,10.0,1.0,10.0
1396.0,0.05896982550621033,0.05896982550621033,0.0034176185727119446,0.008388640359044075,0.0016405002679675817,10.0,1.0,10.0
1397.0,0.058312855660915375,0.058312855660915375,0.0036211314145475626,0.006942545995116234,0.0015158996684476733,10.0,1.0,10.0
1398.0,0.05756581202149391,0.05756581202149391,0.0034885210916399956,0.007097597233951092,0.001558300107717514,10.0,1.0,10.0
1399.0,0.05776243656873703,0.05776243656873703,0.0034560656640678644,0.0074111586436629295,0.001579062081873417,10.0,1.0,10.0
1400.0,0.05825674533843994,0.05825674533843994,0.00362553633749485,0.006941027939319611,0.001506035216152668,10.0,1.0,10.0
1401.0,0.05806754529476166,0.05806754529476166,0.0034336198586970568,0.007783063221722841,0.0015948283253237605,10.0,1.0,10.0
1402.0,0.057480089366436005,0.057480089366436005,0.0035475813783705235,0.006831225007772446,0.0015173053834587336,10.0,1.0,10.0
1403.0,0.05735284090042114,0.05735284090042114,0.0035293991677463055,0.006850655656307936,0.001520819030702114,10.0,1.0,10.0
1404.0,0.05767034739255905,0.05767034739255905,0.0034445656929165125,0.007508987560868263,0.0015715702902525663,10.0,1.0,10.0
1405.0,0.05773686245083809,0.05773686245083809,0.0035956252831965685,0.006831048056483269,0.001494956319220364,10.0,1.0,10.0
1406.0,0.05738246068358421,0.05738246068358421,0.003457911778241396,0.007281339727342129,0.00155220041051507,10.0,1.0,10.0
1407.0,0.057120032608509064,0.057120032608509064,0.003504847874864936,0.006889492738991976,0.001518206438049674,10.0,1.0,10.0
1408.0,0.057227037847042084,0.057227037847042084,0.003548859851434827,0.006766260601580143,0.0014972180360928178,10.0,1.0,10.0
1409.0,0.0573694109916687,0.0573694109916687,0.0034475112333893776,0.007378747686743736,0.0015515548875555396,10.0,1.0,10.0
1410.0,0.05722728371620178,0.05722728371620178,0.003561327001079917,0.006741411052644253,0.0014872601022943854,10.0,1.0,10.0
1411.0,0.056973740458488464,0.056973740458488464,0.0034812805242836475,0.0069799344055354595,0.0015181002672761679,10.0,1.0,10.0
1412.0,0.05691806226968765,0.05691806226968765,0.00348333059810102,0.006949361879378557,0.0015135396970435977,10.0,1.0,10.0
1413.0,0.05701698362827301,0.05701698362827301,0.0035491937305778265,0.006712555419653654,0.0014812492299824953,10.0,1.0,10.0
1414.0,0.05700850859284401,0.05700850859284401,0.0034559830091893673,0.007184380665421486,0.001526429783552885,10.0,1.0,10.0
1415.0,0.056841522455215454,0.056841522455215454,0.003532846923917532,0.006707294844090939,0.0014805758837610483,10.0,1.0,10.0
1416.0,0.056709662079811096,0.056709662079811096,0.0034961451310664415,0.006815115921199322,0.0014933095080778003,10.0,1.0,10.0
1417.0,0.0567190945148468,0.0567190945148468,0.0034744697622954845,0.006948835216462612,0.0015025557950139046,10.0,1.0,10.0
1418.0,0.05675160884857178,0.05675160884857178,0.0035402029752731323,0.006664353422820568,0.0014685224741697311,10.0,1.0,10.0
1419.0,0.05667981505393982,0.05667981505393982,0.003465051297098398,0.007001337129622698,0.0015027965418994427,10.0,1.0,10.0
1420.0,0.056552041321992874,0.056552041321992874,0.0035139310639351606,0.006692043971270323,0.0014720684848725796,10.0,1.0,10.0
1421.0,0.05648844316601753,0.05648844316601753,0.003503949148580432,0.00671487906947732,0.0014734070282429457,10.0,1.0,10.0
1422.0,0.0564955472946167,0.0564955472946167,0.0034722427371889353,0.006893328856676817,0.001487978734076023,10.0,1.0,10.0
1423.0,0.056479569524526596,0.056479569524526596,0.003529289737343788,0.006620040629059076,0.0014566630125045776,10.0,1.0,10.0
1424.0,0.05639796704053879,0.05639796704053879,0.003473261371254921,0.006854918785393238,0.001481043640524149,10.0,1.0,10.0
1425.0,0.05630931630730629,0.05630931630730629,0.003501954022794962,0.006669339258223772,0.0014620437286794186,10.0,1.0,10.0
1426.0,0.05627083405852318,0.05627083405852318,0.003505842760205269,0.0066422224044799805,0.0014570184284821153,10.0,1.0,10.0
1427.0,0.05626021325588226,0.05626021325588226,0.0034732576459646225,0.006812546867877245,0.0014715091092512012,10.0,1.0,10.0
1428.0,0.056221604347229004,0.056221604347229004,0.00351896183565259,0.006577339023351669,0.0014454646734520793,10.0,1.0,10.0
1429.0,0.056148726493120193,0.056148726493120193,0.003478651400655508,0.0067415726371109486,0.0014620638685300946,10.0,1.0,10.0
1430.0,0.05608370155096054,0.05608370155096054,0.003495065728202462,0.006632799748331308,0.001450024195946753,10.0,1.0,10.0
1431.0,0.056050144135951996,0.056050144135951996,0.0035041095688939095,0.006582217290997505,0.0014426836278289557,10.0,1.0,10.0
1432.0,0.056025322526693344,0.056025322526693344,0.00347495055757463,0.006725767161697149,0.001455005374737084,10.0,1.0,10.0
1433.0,0.05597955361008644,0.05597955361008644,0.003510688664391637,0.006535161752253771,0.0014337506145238876,10.0,1.0,10.0
1434.0,0.05591713637113571,0.05591713637113571,0.0034816311672329903,0.006650832481682301,0.0014449994778260589,10.0,1.0,10.0
1435.0,0.0558636412024498,0.0558636412024498,0.0034911439288407564,0.006583645008504391,0.0014368555275723338,10.0,1.0,10.0
1436.0,0.05582839995622635,0.05582839995622635,0.0035009682178497314,0.006527682300657034,0.0014291036641225219,10.0,1.0,10.0
1437.0,0.05579550564289093,0.05579550564289093,0.0034766891039907932,0.006640702486038208,0.001438791397958994,10.0,1.0,10.0
1438.0,0.05574914067983627,0.05574914067983627,0.003504224354401231,0.006489851512014866,0.0014217045390978456,10.0,1.0,10.0
1439.0,0.05569439381361008,0.05569439381361008,0.0034827033523470163,0.006573498249053955,0.0014293858548626304,10.0,1.0,10.0
1440.0,0.055646151304244995,0.055646151304244995,0.0034889308735728264,0.0065261186100542545,0.0014230721862986684,10.0,1.0,10.0
1441.0,0.055608317255973816,0.055608317255973816,0.0034972589928656816,0.006475802976638079,0.0014159923885017633,10.0,1.0,10.0
1442.0,0.055571213364601135,0.055571213364601135,0.003477976191788912,0.006560858339071274,0.0014230592641979456,10.0,1.0,10.0
1443.0,0.0555262491106987,0.0555262491106987,0.003499233163893223,0.006441737059503794,0.001409218180924654,10.0,1.0,10.0
1444.0,0.055476538836956024,0.055476538836956024,0.0034825881011784077,0.006505032069981098,0.0014145629247650504,10.0,1.0,10.0
1445.0,0.05543052405118942,0.05543052405118942,0.0034875425044447184,0.0064647202380001545,0.0014090376207605004,10.0,1.0,10.0
1446.0,0.05539080500602722,0.05539080500602722,0.0034935218282043934,0.006424241233617067,0.0014031347818672657,10.0,1.0,10.0
1447.0,0.055351778864860535,0.055351778864860535,0.0034789142664521933,0.006485074292868376,0.001407756470143795,10.0,1.0,10.0
1448.0,0.05530844256281853,0.05530844256281853,0.0034952922724187374,0.006390347611159086,0.0013965171528980136,10.0,1.0,10.0
1449.0,0.05526195093989372,0.05526195093989372,0.003481771796941757,0.00644035916775465,0.0014003872638568282,10.0,1.0,10.0
1450.0,0.055217206478118896,0.055217206478118896,0.0034866922069340944,0.006401508115231991,0.0013948776759207249,10.0,1.0,10.0
1451.0,0.05517616122961044,0.05517616122961044,0.0034899981692433357,0.00637288112193346,0.0013903301442041993,10.0,1.0,10.0
1452.0,0.05513620376586914,0.05513620376586914,0.0034794555976986885,0.006412995047867298,0.0013928654370829463,10.0,1.0,10.0
1453.0,0.05509407818317413,0.05509407818317413,0.003492084564641118,0.006337934173643589,0.0013835299760103226,10.0,1.0,10.0
1454.0,0.05504976212978363,0.05504976212978363,0.0034807005431503057,0.006378374993801117,0.001386438263580203,10.0,1.0,10.0
1455.0,0.055005960166454315,0.055005960166454315,0.0034858447033911943,0.006338477600365877,0.0013809038791805506,10.0,1.0,10.0
1456.0,0.05496431887149811,0.05496431887149811,0.003486697794869542,0.006321398075670004,0.0013775945408269763,10.0,1.0,10.0
1457.0,0.05492384359240532,0.05492384359240532,0.003479624632745981,0.006343650631606579,0.001378394546918571,10.0,1.0,10.0
1458.0,0.05488251894712448,0.05488251894712448,0.0034889867529273033,0.006285006646066904,0.0013707642210647464,10.0,1.0,10.0
1459.0,0.0548398457467556,0.0548398457467556,0.0034795328974723816,0.006317668128758669,0.0013726848410442472,10.0,1.0,10.0
1460.0,0.054796937853097916,0.054796937853097916,0.003484996035695076,0.0062769511714577675,0.0013670026091858745,10.0,1.0,10.0
1461.0,0.05475510656833649,0.05475510656833649,0.003483734792098403,0.0062699043191969395,0.0013647853629663587,10.0,1.0,10.0
1462.0,0.05471430718898773,0.05471430718898773,0.0034797629341483116,0.006276834290474653,0.001363983959890902,10.0,1.0,10.0
1463.0,0.05467349663376808,0.05467349663376808,0.0034862132743000984,0.006232382729649544,0.0013578985817730427,10.0,1.0,10.0
1464.0,0.054631903767585754,0.054631903767585754,0.0034784520976245403,0.006256874650716782,0.0013590507442131639,10.0,1.0,10.0
1465.0,0.05458999052643776,0.05458999052643776,0.003483937354758382,0.006216430105268955,0.0013534189201891422,10.0,1.0,10.0
1466.0,0.05454840511083603,0.05454840511083603,0.0034810600336641073,0.0062170326709747314,0.0013520772336050868,10.0,1.0,10.0
1467.0,0.05450740456581116,0.05450740456581116,0.003479656530544162,0.006210848689079285,0.0013499991036951542,10.0,1.0,10.0
1468.0,0.05446677654981613,0.05446677654981613,0.0034834297839552164,0.006179592572152615,0.0013452883576974273,10.0,1.0,10.0
1469.0,0.05442609265446663,0.05442609265446663,0.003477590624243021,0.006195157766342163,0.0013455030275508761,10.0,1.0,10.0
1470.0,0.054384976625442505,0.054384976625442505,0.003482576459646225,0.006157584022730589,0.0013401629403233528,10.0,1.0,10.0
1471.0,0.05434383451938629,0.05434383451938629,0.0034787694457918406,0.0061629293486475945,0.0013393210247159004,10.0,1.0,10.0
1472.0,0.05430299788713455,0.05430299788713455,0.003479398088529706,0.006146686151623726,0.0013362332247197628,10.0,1.0,10.0
1473.0,0.05426260828971863,0.05426260828971863,0.003480764338746667,0.006127040833234787,0.0013327921042218804,10.0,1.0,10.0
1474.0,0.054222337901592255,0.054222337901592255,0.003476934041827917,0.00613278616219759,0.0013320212019607425,10.0,1.0,10.0
1475.0,0.05418197810649872,0.05418197810649872,0.0034808795899152756,0.006100512109696865,0.0013272668002173305,10.0,1.0,10.0
1476.0,0.05414131283760071,0.05414131283760071,0.003476862795650959,0.006107032299041748,0.0013265652814880013,10.0,1.0,10.0
1477.0,0.05410086736083031,0.05410086736083031,0.0034788164775818586,0.006084401626139879,0.001322830212302506,10.0,1.0,10.0
1478.0,0.0540606863796711,0.0540606863796711,0.0034782104194164276,0.006074409931898117,0.0013204171555116773,10.0,1.0,10.0
1479.0,0.05402069166302681,0.05402069166302681,0.0034764325246214867,0.006070241332054138,0.0013186122523620725,10.0,1.0,10.0
1480.0,0.053980790078639984,0.053980790078639984,0.0034788839984685183,0.0060453638434410095,0.001314658555202186,10.0,1.0,10.0
1481.0,0.053940922021865845,0.053940922021865845,0.003475453006103635,0.00604921393096447,0.0013137178029865026,10.0,1.0,10.0
1482.0,0.05390090495347977,0.05390090495347977,0.0034778716508299112,0.006024403031915426,0.0013097787741571665,10.0,1.0,10.0
1483.0,0.053860969841480255,0.053860969841480255,0.0034759514965116978,0.006020685192197561,0.0013080771313980222,10.0,1.0,10.0
1484.0,0.05382128804922104,0.05382128804922104,0.0034759044647216797,0.006008007097989321,0.001305423560552299,10.0,1.0,10.0
1485.0,0.05378170311450958,0.05378170311450958,0.003476705402135849,0.0059913406148552895,0.0013023308711126447,10.0,1.0,10.0
1486.0,0.05374222248792648,0.05374222248792648,0.003474446013569832,0.00598956597968936,0.0013008196838200092,10.0,1.0,10.0
1487.0,0.05370277911424637,0.05370277911424637,0.003476481419056654,0.005966822616755962,0.0012971139512956142,10.0,1.0,10.0
1488.0,0.05366338789463043,0.05366338789463043,0.003474160796031356,0.005965328309684992,0.0012956451391801238,10.0,1.0,10.0
1489.0,0.05362400412559509,0.05362400412559509,0.003475204110145569,0.0059473346918821335,0.001292462577112019,10.0,1.0,10.0
1490.0,0.05358478054404259,0.05358478054404259,0.003474552882835269,0.005937720183283091,0.0012901530135422945,10.0,1.0,10.0
1491.0,0.05354578047990799,0.05354578047990799,0.003473724704235792,0.005929073318839073,0.0012879462447017431,10.0,1.0,10.0
1492.0,0.05350674316287041,0.05350674316287041,0.0034747268073260784,0.005911378655582666,0.0012848094338551164,10.0,1.0,10.0
1493.0,0.05346782132983208,0.05346782132983208,0.0034728161990642548,0.005907965358346701,0.0012831694912165403,10.0,1.0,10.0
1494.0,0.053428880870342255,0.053428880870342255,0.0034741417039185762,0.005888777319341898,0.0012798684183508158,10.0,1.0,10.0
1495.0,0.05338998883962631,0.05338998883962631,0.0034726657904684544,0.005883239675313234,0.0012780094984918833,10.0,1.0,10.0
1496.0,0.05335124209523201,0.05335124209523201,0.0034729917533695698,0.005868985317647457,0.0012752339243888855,10.0,1.0,10.0
1497.0,0.05331266298890114,0.05331266298890114,0.003472826210781932,0.005857145879417658,0.0012727254070341587,10.0,1.0,10.0
1498.0,0.053274087607860565,0.053274087607860565,0.003471867647022009,0.005849106702953577,0.0012706303969025612,10.0,1.0,10.0
1499.0,0.05323563888669014,0.05323563888669014,0.0034726758021861315,0.005832512862980366,0.0012676368933171034,10.0,1.0,10.0
1500.0,0.05319724977016449,0.05319724977016449,0.0034712147898972034,0.005826997105032206,0.0012658104533329606,10.0,1.0,10.0
