epoch,loss_total,objective_total,loss_data,loss_physics,loss_boundary,weight_data,weight_physics,weight_boundary
1.0,100.13628387451172,100.13628387451172,0.3212553560733795,96.89839172363281,0.002533878665417433,10.0,1.0,10.0
2.0,98.31367492675781,98.31367492675781,0.2346305549144745,95.82963562011719,0.013773052021861076,10.0,1.0,10.0
3.0,96.93831634521484,96.93831634521484,0.17031756043434143,94.7706069946289,0.04645315557718277,10.0,1.0,10.0
4.0,95.98597717285156,95.98597717285156,0.12848146259784698,93.7210693359375,0.0980096235871315,10.0,1.0,10.0
5.0,95.38150787353516,95.38150787353516,0.10741639882326126,92.69020080566406,0.16171453893184662,10.0,1.0,10.0
6.0,94.98960876464844,94.98960876464844,0.10197436064481735,91.69921875,0.227064847946167,10.0,1.0,10.0
7.0,94.65950012207031,94.65950012207031,0.10497528314590454,90.77346801757812,0.28362807631492615,10.0,1.0,10.0
8.0,94.27610778808594,94.27610778808594,0.11007563769817352,89.93080139160156,0.32445505261421204,10.0,1.0,10.0
9.0,93.781005859375,93.781005859375,0.1134292483329773,89.1748046875,0.3471904993057251,10.0,1.0,10.0
10.0,93.1651840209961,93.1651840209961,0.1137237399816513,88.4959716796875,0.35319748520851135,10.0,1.0,10.0
11.0,92.4488754272461,92.4488754272461,0.11134201288223267,87.87590789794922,0.34595462679862976,10.0,1.0,10.0
12.0,91.66226196289062,91.66226196289062,0.10743503272533417,87.2907943725586,0.3297121524810791,10.0,1.0,10.0
13.0,90.83192443847656,90.83192443847656,0.1032382994890213,86.71322631835938,0.3086317479610443,10.0,1.0,10.0
14.0,89.97332763671875,89.97332763671875,0.09967174381017685,86.11347961425781,0.2863124907016754,10.0,1.0,10.0
15.0,89.08853912353516,89.08853912353516,0.09717807173728943,85.4609146118164,0.26558470726013184,10.0,1.0,10.0
16.0,88.16773223876953,88.16773223876953,0.09574286639690399,84.72543334960938,0.24848708510398865,10.0,1.0,10.0
17.0,87.19283294677734,87.19283294677734,0.09503615647554398,83.8787612915039,0.23637065291404724,10.0,1.0,10.0
18.0,86.14219665527344,86.14219665527344,0.09460927546024323,82.8956069946289,0.23004955053329468,10.0,1.0,10.0
19.0,84.99540710449219,84.99540710449219,0.09409259259700775,81.75503540039062,0.22994469106197357,10.0,1.0,10.0
20.0,83.73688507080078,83.73688507080078,0.09334251284599304,80.44144439697266,0.23620137572288513,10.0,1.0,10.0
21.0,82.35770416259766,82.35770416259766,0.09249993413686752,78.94524383544922,0.24874582886695862,10.0,1.0,10.0
22.0,80.8553237915039,80.8553237915039,0.0919482484459877,77.26331329345703,0.26725295186042786,10.0,1.0,10.0
23.0,79.23150634765625,79.23150634765625,0.09217902272939682,75.3993911743164,0.2910326421260834,10.0,1.0,10.0
24.0,77.4890365600586,77.4890365600586,0.09359482675790787,73.36429595947266,0.31887879967689514,10.0,1.0,10.0
25.0,75.62812042236328,75.62812042236328,0.09630237519741058,71.17550659179688,0.34895962476730347,10.0,1.0,10.0
26.0,73.6439437866211,73.6439437866211,0.09997478127479553,68.85562133789062,0.37885722517967224,10.0,1.0,10.0
27.0,71.52664947509766,71.52664947509766,0.10386888682842255,66.4294662475586,0.4058496057987213,10.0,1.0,10.0
28.0,69.2645263671875,69.2645263671875,0.10702560842037201,63.92024230957031,0.4274027347564697,10.0,1.0,10.0
29.0,66.84867858886719,66.84867858886719,0.10857921838760376,61.345760345458984,0.4417122006416321,10.0,1.0,10.0
30.0,64.277099609375,64.277099609375,0.10804138332605362,58.71556854248047,0.44811153411865234,10.0,1.0,10.0
31.0,61.5561408996582,61.5561408996582,0.10544580966234207,56.029319763183594,0.44723615050315857,10.0,1.0,10.0
32.0,58.69878387451172,58.69878387451172,0.1013055071234703,53.27659606933594,0.44091343879699707,10.0,1.0,10.0
33.0,55.72086715698242,55.72086715698242,0.09640870243310928,50.43878936767578,0.4317988157272339,10.0,1.0,10.0
34.0,52.637855529785156,52.637855529785156,0.09154103696346283,47.494361877441406,0.42280861735343933,10.0,1.0,10.0
35.0,49.46512985229492,49.46512985229492,0.08726085722446442,44.42798614501953,0.41645359992980957,10.0,1.0,10.0
36.0,46.222923278808594,46.222923278808594,0.08382518589496613,41.24225997924805,0.41424107551574707,10.0,1.0,10.0
37.0,42.9432487487793,42.9432487487793,0.0812458023428917,37.967872619628906,0.41629189252853394,10.0,1.0,10.0
38.0,39.67362594604492,39.67362594604492,0.0793423280119896,34.668113708496094,0.4212089478969574,10.0,1.0,10.0
39.0,36.47406005859375,36.47406005859375,0.07769553363323212,31.43521499633789,0.4261890649795532,10.0,1.0,10.0
40.0,33.40916442871094,33.40916442871094,0.07559502869844437,28.37821388244629,0.42749977111816406,10.0,1.0,10.0
41.0,30.54153060913086,30.54153060913086,0.07222618907690048,25.604087829589844,0.4215182363986969,10.0,1.0,10.0
42.0,27.93111801147461,27.93111801147461,0.06720016896724701,23.197023391723633,0.40620940923690796,10.0,1.0,10.0
43.0,25.636533737182617,25.636533737182617,0.0610942579805851,21.202394485473633,0.3823195993900299,10.0,1.0,10.0
44.0,23.707544326782227,23.707544326782227,0.0554070882499218,19.619470596313477,0.35340017080307007,10.0,1.0,10.0
45.0,22.164215087890625,22.164215087890625,0.051691923290491104,18.40387535095215,0.32434189319610596,10.0,1.0,10.0
46.0,20.975305557250977,20.975305557250977,0.05045623332262039,17.48006820678711,0.29906749725341797,10.0,1.0,10.0
47.0,20.05755615234375,20.05755615234375,0.050909388810396194,16.759824752807617,0.27886366844177246,10.0,1.0,10.0
48.0,19.298751831054688,19.298751831054688,0.0518462210893631,16.154748916625977,0.26255425810813904,10.0,1.0,10.0
49.0,18.584178924560547,18.584178924560547,0.05262009799480438,15.577718734741211,0.24802596867084503,10.0,1.0,10.0
50.0,17.814971923828125,17.814971923828125,0.053313981741666794,14.944841384887695,0.23369905352592468,10.0,1.0,10.0
51.0,16.922412872314453,16.922412872314453,0.05429183319211006,14.187634468078613,0.2191859483718872,10.0,1.0,10.0
52.0,15.875934600830078,15.875934600830078,0.05563054978847504,13.269153594970703,0.20504756271839142,10.0,1.0,10.0
53.0,14.678204536437988,14.678204536437988,0.05675772204995155,12.191000938415527,0.1919625848531723,10.0,1.0,10.0
54.0,13.353907585144043,13.353907585144043,0.05663469806313515,10.987133979797363,0.18004265427589417,10.0,1.0,10.0
55.0,11.94486141204834,11.94486141204834,0.05451655015349388,9.711089134216309,0.16886070370674133,10.0,1.0,10.0
56.0,10.509903907775879,10.509903907775879,0.050596125423908234,8.424985885620117,0.15789563953876495,10.0,1.0,10.0
57.0,9.118517875671387,9.118517875671387,0.04581376165151596,7.193423271179199,0.14669574797153473,10.0,1.0,10.0
58.0,7.835661888122559,7.835661888122559,0.04103107005357742,6.078734397888184,0.13466164469718933,10.0,1.0,10.0
59.0,6.7060394287109375,6.7060394287109375,0.03643166273832321,5.131880283355713,0.12098424136638641,10.0,1.0,10.0
60.0,5.745901584625244,5.745901584625244,0.03165057301521301,4.378623962402344,0.10507717728614807,10.0,1.0,10.0
61.0,4.94615364074707,4.94615364074707,0.026340056210756302,3.8108766078948975,0.08718767762184143,10.0,1.0,10.0
62.0,4.2885355949401855,4.2885355949401855,0.02061544917523861,3.3958399295806885,0.0686541199684143,10.0,1.0,10.0
63.0,3.7663683891296387,3.7663683891296387,0.01509777456521988,3.0991814136505127,0.05162091925740242,10.0,1.0,10.0
64.0,3.388838291168213,3.388838291168213,0.01058001909404993,2.8993427753448486,0.03836953639984131,10.0,1.0,10.0
65.0,3.1611030101776123,3.1611030101776123,0.007610085885971785,2.77929949760437,0.030570268630981445,10.0,1.0,10.0
66.0,3.060929298400879,3.060929298400879,0.006305874325335026,2.710705041885376,0.028716541826725006,10.0,1.0,10.0
67.0,3.039159059524536,3.039159059524536,0.006413797382265329,2.655709743499756,0.03193114325404167,10.0,1.0,10.0
68.0,3.0475058555603027,3.0475058555603027,0.0074666086584329605,2.5891964435577393,0.03836434707045555,10.0,1.0,10.0
69.0,3.0639753341674805,3.0639753341674805,0.008942690677940845,2.5137932300567627,0.04607550799846649,10.0,1.0,10.0
70.0,3.0868802070617676,3.0868802070617676,0.01036851666867733,2.445482015609741,0.05377129837870598,10.0,1.0,10.0
71.0,3.109706163406372,3.109706163406372,0.0114589249715209,2.3850951194763184,0.06100219115614891,10.0,1.0,10.0
72.0,3.112818717956543,3.112818717956543,0.01229402981698513,2.3109092712402344,0.06789691001176834,10.0,1.0,10.0
73.0,3.079303741455078,3.079303741455078,0.013178205117583275,2.2018043994903564,0.07457172870635986,10.0,1.0,10.0
74.0,3.008416175842285,3.008416175842285,0.014198732562363148,2.0607619285583496,0.08056668937206268,10.0,1.0,10.0
75.0,2.911808490753174,2.911808490753174,0.015081726014614105,1.9123141765594482,0.0848677009344101,10.0,1.0,10.0
76.0,2.8014414310455322,2.8014414310455322,0.01545421127229929,1.7820022106170654,0.0864897072315216,10.0,1.0,10.0
77.0,2.682948589324951,2.682948589324951,0.015124411322176456,1.681467890739441,0.0850236639380455,10.0,1.0,10.0
78.0,2.559419870376587,2.559419870376587,0.014194338582456112,1.6099998950958252,0.08074766397476196,10.0,1.0,10.0
79.0,2.436063051223755,2.436063051223755,0.012940757907927036,1.5630348920822144,0.07436206191778183,10.0,1.0,10.0
80.0,2.318795919418335,2.318795919418335,0.011588532477617264,1.5356180667877197,0.06672924757003784,10.0,1.0,10.0
81.0,2.212061882019043,2.212061882019043,0.010280010290443897,1.5209896564483643,0.05882721021771431,10.0,1.0,10.0
82.0,2.117664098739624,2.117664098739624,0.009165646508336067,1.5098164081573486,0.051619116216897964,10.0,1.0,10.0
83.0,2.0337588787078857,2.0337588787078857,0.008370199240744114,1.4930686950683594,0.04569881409406662,10.0,1.0,10.0
84.0,1.9572874307632446,1.9572874307632446,0.007908359169960022,1.4672508239746094,0.0410953015089035,10.0,1.0,10.0
85.0,1.8876419067382812,1.8876419067382812,0.007683122530579567,1.4363150596618652,0.03744955733418465,10.0,1.0,10.0
86.0,1.82664155960083,1.82664155960083,0.007573818322271109,1.4073408842086792,0.0343562476336956,10.0,1.0,10.0
87.0,1.7756972312927246,1.7756972312927246,0.0075232600793242455,1.3845088481903076,0.03159557655453682,10.0,1.0,10.0
88.0,1.7335643768310547,1.7335643768310547,0.007502703927457333,1.3673219680786133,0.029121536761522293,10.0,1.0,10.0
89.0,1.6974376440048218,1.6974376440048218,0.007444451563060284,1.3536961078643799,0.02692970260977745,10.0,1.0,10.0
90.0,1.6661665439605713,1.6661665439605713,0.007289831060916185,1.3431330919265747,0.02501351200044155,10.0,1.0,10.0
91.0,1.6405125856399536,1.6405125856399536,0.0070578535087406635,1.3359466791152954,0.023398730903863907,10.0,1.0,10.0
92.0,1.620138168334961,1.620138168334961,0.006821725983172655,1.330587387084961,0.022133352234959602,10.0,1.0,10.0
93.0,1.6021193265914917,1.6021193265914917,0.006642587948590517,1.3234834671020508,0.021220989525318146,10.0,1.0,10.0
94.0,1.5827808380126953,1.5827808380126953,0.006527486257255077,1.3116766214370728,0.02058294042944908,10.0,1.0,10.0
95.0,1.5603694915771484,1.5603694915771484,0.006442121230065823,1.2948317527770996,0.020111655816435814,10.0,1.0,10.0
96.0,1.5354875326156616,1.5354875326156616,0.006359754130244255,1.2743589878082275,0.019753094762563705,10.0,1.0,10.0
97.0,1.5089657306671143,1.5089657306671143,0.006278335582464933,1.2510782480239868,0.019510410726070404,10.0,1.0,10.0
98.0,1.4804362058639526,1.4804362058639526,0.006196369417011738,1.2245681285858154,0.019390443339943886,10.0,1.0,10.0
99.0,1.449586033821106,1.449586033821106,0.006096988450735807,1.194828987121582,0.019378719851374626,10.0,1.0,10.0
100.0,1.4177062511444092,1.4177062511444092,0.005960510112345219,1.1635901927947998,0.019451092928647995,10.0,1.0,10.0
101.0,1.3871912956237793,1.3871912956237793,0.00579086784273386,1.1333895921707153,0.019589310511946678,10.0,1.0,10.0
102.0,1.3597666025161743,1.3597666025161743,0.00562149565666914,1.1056984663009644,0.019785316661000252,10.0,1.0,10.0
103.0,1.3356338739395142,1.3356338739395142,0.005487953312695026,1.0803875923156738,0.02003667503595352,10.0,1.0,10.0
104.0,1.3144419193267822,1.3144419193267822,0.005405812058597803,1.056906819343567,0.020347706973552704,10.0,1.0,10.0
105.0,1.2963714599609375,1.2963714599609375,0.005369875114411116,1.035374641418457,0.020729806274175644,10.0,1.0,10.0
106.0,1.2816362380981445,1.2816362380981445,0.005357657093554735,1.016255259513855,0.021180443465709686,10.0,1.0,10.0
107.0,1.269535779953003,1.269535779953003,0.005342524033039808,0.9995478987693787,0.02165626920759678,10.0,1.0,10.0
108.0,1.2586462497711182,1.2586462497711182,0.00531216524541378,0.9847791790962219,0.022074541077017784,10.0,1.0,10.0
109.0,1.247775912284851,1.247775912284851,0.005270781926810741,0.9715407490730286,0.022352732717990875,10.0,1.0,10.0
110.0,1.2364267110824585,1.2364267110824585,0.005228456575423479,0.9595782160758972,0.022456390783190727,10.0,1.0,10.0
111.0,1.2243709564208984,1.2243709564208984,0.00519269285723567,0.9483380913734436,0.022410593926906586,10.0,1.0,10.0
112.0,1.2112690210342407,1.2112690210342407,0.005168881267309189,0.9368691444396973,0.022271107882261276,10.0,1.0,10.0
113.0,1.1969659328460693,1.1969659328460693,0.005163566675037146,0.9244542121887207,0.02208760753273964,10.0,1.0,10.0
114.0,1.1817867755889893,1.1817867755889893,0.005178382620215416,0.9111946225166321,0.021880831569433212,10.0,1.0,10.0
115.0,1.16635000705719,1.16635000705719,0.005201570224016905,0.897904098033905,0.02164301835000515,10.0,1.0,10.0
116.0,1.1512258052825928,1.1512258052825928,0.005212144460529089,0.8855336904525757,0.021357068791985512,10.0,1.0,10.0
117.0,1.1367757320404053,1.1367757320404053,0.0051962449215352535,0.8746668100357056,0.021014651283621788,10.0,1.0,10.0
118.0,1.1232129335403442,1.1232129335403442,0.00516138831153512,0.8653724193572998,0.02062266878783703,10.0,1.0,10.0
119.0,1.1106724739074707,1.1106724739074707,0.0051312753930687904,0.8573426008224487,0.020201709121465683,10.0,1.0,10.0
120.0,1.0991700887680054,1.0991700887680054,0.005124701652675867,0.8500977158546448,0.01978253573179245,10.0,1.0,10.0
121.0,1.0885682106018066,1.0885682106018066,0.0051419055089354515,0.8431395888328552,0.01940094865858555,10.0,1.0,10.0
122.0,1.0785781145095825,1.0785781145095825,0.005168044473975897,0.8360273241996765,0.019087031483650208,10.0,1.0,10.0
123.0,1.0688422918319702,1.0688422918319702,0.005186684895306826,0.8284406661987305,0.018853476271033287,10.0,1.0,10.0
124.0,1.0590877532958984,1.0590877532958984,0.005191708914935589,0.8202497959136963,0.018692094832658768,10.0,1.0,10.0
125.0,1.0491721630096436,1.0491721630096436,0.005187683738768101,0.8114917278289795,0.01858036406338215,10.0,1.0,10.0
126.0,1.0390052795410156,1.0390052795410156,0.0051817563362419605,0.8022511005401611,0.018493670970201492,10.0,1.0,10.0
127.0,1.0285124778747559,1.0285124778747559,0.005177224520593882,0.7925810813903809,0.018415922299027443,10.0,1.0,10.0
128.0,1.0177029371261597,1.0177029371261597,0.005173798184841871,0.7825371026992798,0.01834278553724289,10.0,1.0,10.0
129.0,1.0067238807678223,1.0067238807678223,0.005171064753085375,0.772223949432373,0.018278930336236954,10.0,1.0,10.0
130.0,0.9957632422447205,0.9957632422447205,0.005168944131582975,0.7617433667182922,0.0182330422103405,10.0,1.0,10.0
131.0,0.9849221110343933,0.9849221110343933,0.0051653762347996235,0.7511332631111145,0.018213512375950813,10.0,1.0,10.0
132.0,0.9742462635040283,0.9742462635040283,0.005156456492841244,0.7404299974441528,0.01822516694664955,10.0,1.0,10.0
133.0,0.9638071656227112,0.9638071656227112,0.005139837507158518,0.7297607660293579,0.01826479844748974,10.0,1.0,10.0
134.0,0.9536717534065247,0.9536717534065247,0.005118160508573055,0.7193110585212708,0.01831790804862976,10.0,1.0,10.0
135.0,0.9438191652297974,0.9438191652297974,0.005098436027765274,0.7092080116271973,0.018362674862146378,10.0,1.0,10.0
136.0,0.9341568946838379,0.9341568946838379,0.005086851306259632,0.6994760036468506,0.018381234258413315,10.0,1.0,10.0
137.0,0.9246179461479187,0.9246179461479187,0.005083898082375526,0.6900812983512878,0.0183697622269392,10.0,1.0,10.0
138.0,0.9151797294616699,0.9151797294616699,0.005084337666630745,0.6809597611427307,0.018337661400437355,10.0,1.0,10.0
139.0,0.9058030843734741,0.9058030843734741,0.005082245916128159,0.6720043420791626,0.018297633156180382,10.0,1.0,10.0
140.0,0.8964313864707947,0.8964313864707947,0.005076257046312094,0.6631022691726685,0.018256651237607002,10.0,1.0,10.0
141.0,0.8870420455932617,0.8870420455932617,0.00506944814696908,0.6542110443115234,0.018213655799627304,10.0,1.0,10.0
142.0,0.8776623010635376,0.8776623010635376,0.005064932629466057,0.6453896164894104,0.018162334337830544,10.0,1.0,10.0
143.0,0.8683196306228638,0.8683196306228638,0.005062868352979422,0.636742353439331,0.018094858154654503,10.0,1.0,10.0
144.0,0.8590193390846252,0.8590193390846252,0.005061855539679527,0.6283464431762695,0.018005438148975372,10.0,1.0,10.0
145.0,0.8497707843780518,0.8497707843780518,0.005061601288616657,0.6202173829078674,0.01789374090731144,10.0,1.0,10.0
146.0,0.8405982851982117,0.8405982851982117,0.0050625987350940704,0.6123047471046448,0.01776675507426262,10.0,1.0,10.0
147.0,0.8315163254737854,0.8315163254737854,0.005063808057457209,0.6045082211494446,0.01763700321316719,10.0,1.0,10.0
148.0,0.8225176334381104,0.8225176334381104,0.005062632262706757,0.5967206954956055,0.017517060041427612,10.0,1.0,10.0
149.0,0.8135888576507568,0.8135888576507568,0.005057763308286667,0.588874876499176,0.017413636669516563,10.0,1.0,10.0
150.0,0.804725706577301,0.804725706577301,0.005051107611507177,0.5809615254402161,0.01732531003654003,10.0,1.0,10.0
151.0,0.7959248423576355,0.7959248423576355,0.00504599092528224,0.573009729385376,0.017245518043637276,10.0,1.0,10.0
152.0,0.7871776819229126,0.7871776819229126,0.005043805111199617,0.565056562423706,0.017168307676911354,10.0,1.0,10.0
153.0,0.7784779071807861,0.7784779071807861,0.00504289148375392,0.557125985622406,0.017092298716306686,10.0,1.0,10.0
154.0,0.7698253393173218,0.7698253393173218,0.005040552467107773,0.5492169857025146,0.017020288854837418,10.0,1.0,10.0
155.0,0.7612253427505493,0.7612253427505493,0.00503578269854188,0.541307806968689,0.016955967992544174,10.0,1.0,10.0
156.0,0.7526801824569702,0.7526801824569702,0.005029499065130949,0.5333728194236755,0.01690123975276947,10.0,1.0,10.0
157.0,0.7441898584365845,0.7441898584365845,0.0050229704938828945,0.5254035592079163,0.016855653375387192,10.0,1.0,10.0
158.0,0.7357540130615234,0.7357540130615234,0.005016638431698084,0.5174179077148438,0.016816969960927963,10.0,1.0,10.0
159.0,0.7273756861686707,0.7273756861686707,0.005010577384382486,0.5094544887542725,0.01678154617547989,10.0,1.0,10.0
160.0,0.7190563678741455,0.7190563678741455,0.005005075596272945,0.5015572905540466,0.016744831576943398,10.0,1.0,10.0
161.0,0.7107955813407898,0.7107955813407898,0.005000512581318617,0.4937603771686554,0.016703011468052864,10.0,1.0,10.0
162.0,0.7025926113128662,0.7025926113128662,0.004996479023247957,0.48607826232910156,0.016654953360557556,10.0,1.0,10.0
163.0,0.6944500803947449,0.6944500803947449,0.004991828929632902,0.4785063862800598,0.016602540388703346,10.0,1.0,10.0
164.0,0.6863704919815063,0.6863704919815063,0.004985856357961893,0.4710257351398468,0.01654861867427826,10.0,1.0,10.0
165.0,0.6783530712127686,0.6783530712127686,0.0049791643396019936,0.4636169970035553,0.01649443991482258,10.0,1.0,10.0
166.0,0.6703963875770569,0.6703963875770569,0.004973218776285648,0.4562738239765167,0.016439037397503853,10.0,1.0,10.0
167.0,0.6625009179115295,0.6625009179115295,0.004968711175024509,0.44900915026664734,0.016380464658141136,10.0,1.0,10.0
168.0,0.6546667814254761,0.6546667814254761,0.004964896477758884,0.4418438971042633,0.016317391768097878,10.0,1.0,10.0
169.0,0.6468915939331055,0.6468915939331055,0.00496049365028739,0.43479084968566895,0.016249580308794975,10.0,1.0,10.0
170.0,0.6391736268997192,0.6391736268997192,0.004955172073096037,0.4278452396392822,0.016177665442228317,10.0,1.0,10.0
171.0,0.6315144300460815,0.6315144300460815,0.004949768539518118,0.42098695039749146,0.016102977097034454,10.0,1.0,10.0
172.0,0.62391597032547,0.62391597032547,0.004945123102515936,0.4141920208930969,0.01602727361023426,10.0,1.0,10.0
173.0,0.6163796782493591,0.6163796782493591,0.004941348917782307,0.40744391083717346,0.015952231362462044,10.0,1.0,10.0
174.0,0.6089078187942505,0.6089078187942505,0.004938048310577869,0.4007411003112793,0.015878625214099884,10.0,1.0,10.0
175.0,0.601504385471344,0.601504385471344,0.004935100208967924,0.3940933048725128,0.015806006267666817,10.0,1.0,10.0
176.0,0.5941718816757202,0.5941718816757202,0.004932638257741928,0.3875117003917694,0.015733378008008003,10.0,1.0,10.0
177.0,0.5869109630584717,0.5869109630584717,0.004930657334625721,0.38100117444992065,0.015660321339964867,10.0,1.0,10.0
178.0,0.5797222256660461,0.5797222256660461,0.004928784444928169,0.3745592534542084,0.015587513335049152,10.0,1.0,10.0
179.0,0.5726065635681152,0.5726065635681152,0.004926743917167187,0.36817649006843567,0.015516259707510471,10.0,1.0,10.0
180.0,0.5655634999275208,0.5655634999275208,0.0049246568232774734,0.36184096336364746,0.01544759701937437,10.0,1.0,10.0
181.0,0.5585927963256836,0.5585927963256836,0.004922792315483093,0.3555453419685364,0.015381952747702599,10.0,1.0,10.0
182.0,0.5516952276229858,0.5516952276229858,0.0049209981225430965,0.34929215908050537,0.015319310128688812,10.0,1.0,10.0
183.0,0.544872522354126,0.544872522354126,0.004918662365525961,0.3430923521518707,0.015259351581335068,10.0,1.0,10.0
184.0,0.5381261110305786,0.5381261110305786,0.0049152979627251625,0.33695828914642334,0.015201483853161335,10.0,1.0,10.0
185.0,0.531457781791687,0.531457781791687,0.004911065101623535,0.33089733123779297,0.01514497958123684,10.0,1.0,10.0
186.0,0.5248695611953735,0.5248695611953735,0.004906489513814449,0.3249107301235199,0.015089393593370914,10.0,1.0,10.0
187.0,0.5183629989624023,0.5183629989624023,0.004901877138763666,0.3189958930015564,0.01503483485430479,10.0,1.0,10.0
188.0,0.511939525604248,0.511939525604248,0.004897112026810646,0.31315094232559204,0.01498174387961626,10.0,1.0,10.0
189.0,0.505599856376648,0.505599856376648,0.004891941789537668,0.30737820267677307,0.01493022684007883,10.0,1.0,10.0
190.0,0.4993455708026886,0.4993455708026886,0.004886459559202194,0.30168411135673523,0.014879684895277023,10.0,1.0,10.0
191.0,0.493177592754364,0.493177592754364,0.004880990367382765,0.29607680439949036,0.014829086139798164,10.0,1.0,10.0
192.0,0.48709648847579956,0.48709648847579956,0.004875803366303444,0.2905629277229309,0.01477755419909954,10.0,1.0,10.0
193.0,0.48110365867614746,0.48110365867614746,0.00487107876688242,0.2851455807685852,0.014724727720022202,10.0,1.0,10.0
194.0,0.475199818611145,0.475199818611145,0.004866918548941612,0.2798234224319458,0.0146707221865654,10.0,1.0,10.0
195.0,0.4693865180015564,0.4693865180015564,0.004863505717366934,0.2745929956436157,0.014615844003856182,10.0,1.0,10.0
196.0,0.46366414427757263,0.46366414427757263,0.00486082723364234,0.2694518566131592,0.014560401439666748,10.0,1.0,10.0
197.0,0.4580337405204773,0.4580337405204773,0.0048586586490273476,0.2644009590148926,0.014504619874060154,10.0,1.0,10.0
198.0,0.4524965286254883,0.4524965286254883,0.004856751300394535,0.2594437003135681,0.014448530972003937,10.0,1.0,10.0
199.0,0.4470532238483429,0.4470532238483429,0.004855045583099127,0.2545829713344574,0.014391979202628136,10.0,1.0,10.0
200.0,0.4417048394680023,0.4417048394680023,0.004853733815252781,0.24981890618801117,0.014334860257804394,10.0,1.0,10.0
201.0,0.43645179271698,0.43645179271698,0.004852870479226112,0.24514852464199066,0.01427745632827282,10.0,1.0,10.0
202.0,0.43129488825798035,0.43129488825798035,0.00485222740098834,0.24056805670261383,0.014220455661416054,10.0,1.0,10.0
203.0,0.4262343943119049,0.4262343943119049,0.004851382691413164,0.23607423901557922,0.014164632186293602,10.0,1.0,10.0
204.0,0.4212704598903656,0.4212704598903656,0.0048500727862119675,0.23166567087173462,0.014110407792031765,10.0,1.0,10.0
205.0,0.4164036512374878,0.4164036512374878,0.00484830467030406,0.22734296321868896,0.0140577657148242,10.0,1.0,10.0
206.0,0.41163352131843567,0.41163352131843567,0.0048462082631886005,0.22310727834701538,0.014006414450705051,10.0,1.0,10.0
207.0,0.4069604277610779,0.4069604277610779,0.0048439051024615765,0.21895989775657654,0.013956146314740181,10.0,1.0,10.0
208.0,0.40238454937934875,0.40238454937934875,0.004841428715735674,0.2149008959531784,0.013906938023865223,10.0,1.0,10.0
209.0,0.39790570735931396,0.39790570735931396,0.004838794004172087,0.21092911064624786,0.01385886874049902,10.0,1.0,10.0
210.0,0.39352405071258545,0.39352405071258545,0.004836058244109154,0.20704354345798492,0.013811995275318623,10.0,1.0,10.0
211.0,0.38923943042755127,0.38923943042755127,0.004833253100514412,0.20324468612670898,0.013766219839453697,10.0,1.0,10.0
212.0,0.3850514590740204,0.3850514590740204,0.004830432590097189,0.19953452050685883,0.01372126117348671,10.0,1.0,10.0
213.0,0.3809598982334137,0.3809598982334137,0.004827764350920916,0.19591525197029114,0.013676699250936508,10.0,1.0,10.0
214.0,0.3769640028476715,0.3769640028476715,0.004825476557016373,0.19238796830177307,0.013632127083837986,10.0,1.0,10.0
215.0,0.3730629086494446,0.3730629086494446,0.004823713563382626,0.18895192444324493,0.01358738448470831,10.0,1.0,10.0
216.0,0.36925584077835083,0.36925584077835083,0.004822451621294022,0.18560534715652466,0.0135425990447402,10.0,1.0,10.0
217.0,0.36554187536239624,0.36554187536239624,0.004821511916816235,0.1823461800813675,0.01349805947393179,10.0,1.0,10.0
218.0,0.3619201183319092,0.3619201183319092,0.004820762202143669,0.17917276918888092,0.013453970663249493,10.0,1.0,10.0
219.0,0.35838910937309265,0.35838910937309265,0.0048202029429376125,0.17608371376991272,0.013410336337983608,10.0,1.0,10.0
220.0,0.3549479842185974,0.3549479842185974,0.004819919355213642,0.17307808995246887,0.013367071747779846,10.0,1.0,10.0
221.0,0.3515954911708832,0.3515954911708832,0.004819907248020172,0.17015448212623596,0.01332419365644455,10.0,1.0,10.0
222.0,0.348330020904541,0.348330020904541,0.004820068366825581,0.16731078922748566,0.013281852938234806,10.0,1.0,10.0
223.0,0.3451501131057739,0.3451501131057739,0.004820258356630802,0.16454438865184784,0.013240312226116657,10.0,1.0,10.0
224.0,0.34205442667007446,0.34205442667007446,0.004820423666387796,0.1618526428937912,0.013199755921959877,10.0,1.0,10.0
225.0,0.33904126286506653,0.33904126286506653,0.004820517264306545,0.1592336893081665,0.013160239905118942,10.0,1.0,10.0
226.0,0.33610910177230835,0.33610910177230835,0.00482055451720953,0.1566867083311081,0.01312168501317501,10.0,1.0,10.0
227.0,0.33325624465942383,0.33325624465942383,0.0048205736093223095,0.1542111486196518,0.013083934783935547,10.0,1.0,10.0
228.0,0.33048108220100403,0.33048108220100403,0.004820660687983036,0.1518060564994812,0.013046842999756336,10.0,1.0,10.0
229.0,0.3277820348739624,0.3277820348739624,0.004820857662707567,0.14946985244750977,0.013010361231863499,10.0,1.0,10.0
230.0,0.3251572847366333,0.3251572847366333,0.00482112355530262,0.14720052480697632,0.012974554672837257,10.0,1.0,10.0
231.0,0.3226052522659302,0.3226052522659302,0.004821386653929949,0.1449965238571167,0.01293948758393526,10.0,1.0,10.0
232.0,0.32012420892715454,0.32012420892715454,0.004821627866476774,0.14285659790039062,0.012905134819447994,10.0,1.0,10.0
233.0,0.3177124261856079,0.3177124261856079,0.004821933340281248,0.14077934622764587,0.012871376238763332,10.0,1.0,10.0
234.0,0.315368115901947,0.315368115901947,0.004822364076972008,0.1387636959552765,0.01283807959407568,10.0,1.0,10.0
235.0,0.31308960914611816,0.31308960914611816,0.0048229144886136055,0.13680817186832428,0.012805229984223843,10.0,1.0,10.0
236.0,0.3108752369880676,0.3108752369880676,0.004823522642254829,0.13491114974021912,0.012772886082530022,10.0,1.0,10.0
237.0,0.30872321128845215,0.30872321128845215,0.004824128467589617,0.13307063281536102,0.012741129845380783,10.0,1.0,10.0
238.0,0.306631863117218,0.306631863117218,0.004824717529118061,0.13128463923931122,0.012710003182291985,10.0,1.0,10.0
239.0,0.30459943413734436,0.30459943413734436,0.004825294949114323,0.12955178320407867,0.012679468840360641,10.0,1.0,10.0
240.0,0.3026244342327118,0.3026244342327118,0.004825891926884651,0.12787091732025146,0.012649460695683956,10.0,1.0,10.0
241.0,0.3007050156593323,0.3007050156593323,0.004826502408832312,0.12624073028564453,0.01261992659419775,10.0,1.0,10.0
242.0,0.29883986711502075,0.29883986711502075,0.004827145021408796,0.12465975433588028,0.012590864673256874,10.0,1.0,10.0
243.0,0.29702693223953247,0.29702693223953247,0.004827786237001419,0.12312602996826172,0.01256230566650629,10.0,1.0,10.0
244.0,0.29526486992836,0.29526486992836,0.004828395321965218,0.12163784354925156,0.012534307315945625,10.0,1.0,10.0
245.0,0.29355213046073914,0.29355213046073914,0.004828958306461573,0.12019368261098862,0.012506887316703796,10.0,1.0,10.0
246.0,0.2918870449066162,0.2918870449066162,0.0048294877633452415,0.11879216134548187,0.012480000965297222,10.0,1.0,10.0
247.0,0.2902681231498718,0.2902681231498718,0.004830033518373966,0.11743196099996567,0.01245358306914568,10.0,1.0,10.0
248.0,0.2886938452720642,0.2886938452720642,0.004830621182918549,0.11611157655715942,0.012427604757249355,10.0,1.0,10.0
249.0,0.28716275095939636,0.28716275095939636,0.004831220954656601,0.11482957750558853,0.012402095831930637,10.0,1.0,10.0
250.0,0.28567326068878174,0.28567326068878174,0.00483179884031415,0.1135844886302948,0.012377077713608742,10.0,1.0,10.0
251.0,0.2842240631580353,0.2842240631580353,0.004832357633858919,0.11237495392560959,0.012352553196251392,10.0,1.0,10.0
252.0,0.28281351923942566,0.28281351923942566,0.0048329196870327,0.11119949817657471,0.012328481301665306,10.0,1.0,10.0
253.0,0.2814403772354126,0.2814403772354126,0.004833531565964222,0.11005716770887375,0.012304787524044514,10.0,1.0,10.0
254.0,0.28010356426239014,0.28010356426239014,0.004834212362766266,0.10894711315631866,0.012281430885195732,10.0,1.0,10.0
255.0,0.2788011431694031,0.2788011431694031,0.004834919236600399,0.10786814242601395,0.012258379720151424,10.0,1.0,10.0
256.0,0.2775323688983917,0.2775323688983917,0.004835677798837423,0.10681907832622528,0.012235650792717934,10.0,1.0,10.0
257.0,0.2762957811355591,0.2762957811355591,0.00483648432418704,0.10579859465360641,0.012213233858346939,10.0,1.0,10.0
258.0,0.2750900983810425,0.2750900983810425,0.00483733182772994,0.10480562597513199,0.012191114947199821,10.0,1.0,10.0
259.0,0.27391406893730164,0.27391406893730164,0.004838219843804836,0.1038392186164856,0.012169265188276768,10.0,1.0,10.0
260.0,0.27276670932769775,0.27276670932769775,0.004839147441089153,0.10289846360683441,0.012147675268352032,10.0,1.0,10.0
261.0,0.2716468572616577,0.2716468572616577,0.004840129520744085,0.10198218375444412,0.012126339599490166,10.0,1.0,10.0
262.0,0.2705534100532532,0.2705534100532532,0.004841140005737543,0.101089246571064,0.012105276808142662,10.0,1.0,10.0
263.0,0.2694852948188782,0.2694852948188782,0.004842154681682587,0.1002185195684433,0.012084521353244781,10.0,1.0,10.0
264.0,0.2684413492679596,0.2684413492679596,0.004843138158321381,0.09936902672052383,0.012064092792570591,10.0,1.0,10.0
265.0,0.2674207389354706,0.2674207389354706,0.004844119772315025,0.0985397920012474,0.012043974362313747,10.0,1.0,10.0
266.0,0.26642245054244995,0.26642245054244995,0.004845104180276394,0.09772997349500656,0.012024144642055035,10.0,1.0,10.0
267.0,0.2654455900192261,0.2654455900192261,0.004846081603318453,0.09693881869316101,0.012004595249891281,10.0,1.0,10.0
268.0,0.26448938250541687,0.26448938250541687,0.004847055301070213,0.0961655005812645,0.011985333636403084,10.0,1.0,10.0
269.0,0.2635526955127716,0.2635526955127716,0.004848002456128597,0.09540919959545135,0.011966348625719547,10.0,1.0,10.0
270.0,0.26263508200645447,0.26263508200645447,0.0048489440232515335,0.09466925263404846,0.011947640217840672,10.0,1.0,10.0
271.0,0.2617352604866028,0.2617352604866028,0.004849855788052082,0.09394492208957672,0.011929178610444069,10.0,1.0,10.0
272.0,0.2608531415462494,0.2608531415462494,0.00485078664496541,0.09323578327894211,0.01191094983369112,10.0,1.0,10.0
273.0,0.259987473487854,0.259987473487854,0.004851695615798235,0.09254119545221329,0.011892934329807758,10.0,1.0,10.0
274.0,0.25913766026496887,0.25913766026496887,0.004852586425840855,0.09186064451932907,0.011875116266310215,10.0,1.0,10.0
275.0,0.2583032250404358,0.2583032250404358,0.004853464663028717,0.09119348227977753,0.011857508681714535,10.0,1.0,10.0
276.0,0.2574833631515503,0.2574833631515503,0.004854312166571617,0.09053915739059448,0.011840106919407845,10.0,1.0,10.0
277.0,0.2566773593425751,0.2566773593425751,0.004855101462453604,0.08989724516868591,0.01182291004806757,10.0,1.0,10.0
278.0,0.25588488578796387,0.25588488578796387,0.004855866078287363,0.08926723152399063,0.011805897578597069,10.0,1.0,10.0
279.0,0.2551053762435913,0.2551053762435913,0.0048565915785729885,0.08864878118038177,0.011789066717028618,10.0,1.0,10.0
280.0,0.2543381154537201,0.2543381154537201,0.004857284482568502,0.08804136514663696,0.011772390455007553,10.0,1.0,10.0
281.0,0.2535826563835144,0.2535826563835144,0.004857919178903103,0.08744463324546814,0.011755881831049919,10.0,1.0,10.0
282.0,0.252838671207428,0.252838671207428,0.004858513828366995,0.08685821294784546,0.011739532463252544,10.0,1.0,10.0
283.0,0.2521055340766907,0.2521055340766907,0.004859060049057007,0.08628161996603012,0.011723330244421959,10.0,1.0,10.0
284.0,0.25138282775878906,0.25138282775878906,0.00485956808552146,0.08571462333202362,0.011707252822816372,10.0,1.0,10.0
285.0,0.2506701648235321,0.2506701648235321,0.00486003840342164,0.08515679836273193,0.011691298335790634,10.0,1.0,10.0
286.0,0.24996723234653473,0.24996723234653473,0.004860473331063986,0.08460798114538193,0.011675451882183552,10.0,1.0,10.0
287.0,0.24927359819412231,0.24927359819412231,0.004860864020884037,0.08406776934862137,0.011659719049930573,10.0,1.0,10.0
288.0,0.24858883023262024,0.24858883023262024,0.0048612141981720924,0.08353577554225922,0.011644091457128525,10.0,1.0,10.0
289.0,0.24791263043880463,0.24791263043880463,0.004861518274992704,0.08301181346178055,0.011628563515841961,10.0,1.0,10.0
290.0,0.24724474549293518,0.24724474549293518,0.00486178882420063,0.0824955552816391,0.011613130569458008,10.0,1.0,10.0
291.0,0.24658483266830444,0.24658483266830444,0.004862014204263687,0.08198686689138412,0.011597782373428345,10.0,1.0,10.0
292.0,0.2459324300289154,0.2459324300289154,0.004862190689891577,0.08148543536663055,0.011582509614527225,10.0,1.0,10.0
293.0,0.2452876716852188,0.2452876716852188,0.004862346686422825,0.08099104464054108,0.011567316949367523,10.0,1.0,10.0
294.0,0.24464985728263855,0.24464985728263855,0.004862436559051275,0.08050350099802017,0.011552199721336365,10.0,1.0,10.0
295.0,0.2440190613269806,0.2440190613269806,0.0048625050112605095,0.08002252131700516,0.011537149548530579,10.0,1.0,10.0
296.0,0.24339476227760315,0.24339476227760315,0.004862522706389427,0.0795479416847229,0.011522158049046993,10.0,1.0,10.0
297.0,0.24277693033218384,0.24277693033218384,0.004862504079937935,0.07907964289188385,0.011507225222885609,10.0,1.0,10.0
298.0,0.24216550588607788,0.24216550588607788,0.004862470552325249,0.07861729711294174,0.01149235013872385,10.0,1.0,10.0
299.0,0.2415599822998047,0.2415599822998047,0.0048623885959386826,0.07816077768802643,0.011477531865239143,10.0,1.0,10.0
300.0,0.24096029996871948,0.24096029996871948,0.004862271714955568,0.07770989835262299,0.011462768539786339,10.0,1.0,10.0
301.0,0.24036623537540436,0.24036623537540436,0.004862111993134022,0.0772644504904747,0.011448065750300884,10.0,1.0,10.0
302.0,0.23977772891521454,0.23977772891521454,0.004861927591264248,0.07682426273822784,0.011433417908847332,10.0,1.0,10.0
303.0,0.23919449746608734,0.23919449746608734,0.004861699882894754,0.07638915628194809,0.011418834328651428,10.0,1.0,10.0
304.0,0.238616481423378,0.238616481423378,0.0048614442348480225,0.07595894485712051,0.011404309421777725,10.0,1.0,10.0
305.0,0.2380433976650238,0.2380433976650238,0.004861149471253157,0.07553353160619736,0.0113898366689682,10.0,1.0,10.0
306.0,0.23747515678405762,0.23747515678405762,0.004860818386077881,0.0751127228140831,0.0113754253834486,10.0,1.0,10.0
307.0,0.23691177368164062,0.23691177368164062,0.004860460292547941,0.07469641417264938,0.0113610764965415,10.0,1.0,10.0
308.0,0.23635299503803253,0.23635299503803253,0.004860068671405315,0.07428447157144547,0.011346783488988876,10.0,1.0,10.0
309.0,0.23579862713813782,0.23579862713813782,0.004859643988311291,0.0738767609000206,0.011332543566823006,10.0,1.0,10.0
310.0,0.23524868488311768,0.23524868488311768,0.004859201144427061,0.07347316294908524,0.011318352073431015,10.0,1.0,10.0
311.0,0.23470303416252136,0.23470303416252136,0.004858725238591433,0.0730736032128334,0.01130421832203865,10.0,1.0,10.0
312.0,0.23416146636009216,0.23416146636009216,0.004858225584030151,0.07267796248197556,0.011290125548839569,10.0,1.0,10.0
313.0,0.23362401127815247,0.23362401127815247,0.00485769659280777,0.07228612899780273,0.011276091448962688,10.0,1.0,10.0
314.0,0.23309051990509033,0.23309051990509033,0.004857146646827459,0.07189801335334778,0.011262104846537113,10.0,1.0,10.0
315.0,0.23256084322929382,0.23256084322929382,0.004856572952121496,0.07151346653699875,0.011248164810240269,10.0,1.0,10.0
316.0,0.23203487694263458,0.23203487694263458,0.004855973646044731,0.07113244384527206,0.01123427040874958,10.0,1.0,10.0
317.0,0.23151272535324097,0.23151272535324097,0.004855356644839048,0.07075493782758713,0.011220422573387623,10.0,1.0,10.0
318.0,0.2309940904378891,0.2309940904378891,0.004854714032262564,0.07038071751594543,0.011206623166799545,10.0,1.0,10.0
319.0,0.23047906160354614,0.23047906160354614,0.004854068625718355,0.07000980526208878,0.01119285635650158,10.0,1.0,10.0
320.0,0.22996732592582703,0.22996732592582703,0.004853389225900173,0.06964204460382462,0.011179137974977493,10.0,1.0,10.0
321.0,0.22945907711982727,0.22945907711982727,0.004852704703807831,0.06927742063999176,0.011165461502969265,10.0,1.0,10.0
322.0,0.22895386815071106,0.22895386815071106,0.004851983394473791,0.06891583651304245,0.011151819489896297,10.0,1.0,10.0
323.0,0.2284521609544754,0.2284521609544754,0.004851278383284807,0.06855721771717072,0.01113821566104889,10.0,1.0,10.0
324.0,0.22795334458351135,0.22795334458351135,0.004850544035434723,0.06820148974657059,0.011124640703201294,10.0,1.0,10.0
325.0,0.22745780646800995,0.22745780646800995,0.004849809687584639,0.06784864515066147,0.011111105792224407,10.0,1.0,10.0
326.0,0.22696515917778015,0.22696515917778015,0.004849053919315338,0.06749855726957321,0.01109760720282793,10.0,1.0,10.0
327.0,0.22647541761398315,0.22647541761398315,0.0048482781276106834,0.06715118139982224,0.011084145866334438,10.0,1.0,10.0
328.0,0.22598859667778015,0.22598859667778015,0.004847502801567316,0.06680646538734436,0.01107070967555046,10.0,1.0,10.0
329.0,0.2255045771598816,0.2255045771598816,0.004846722818911076,0.06646429002285004,0.011057306081056595,10.0,1.0,10.0
330.0,0.22502337396144867,0.22502337396144867,0.004845927469432354,0.06612476706504822,0.011043933220207691,10.0,1.0,10.0
331.0,0.22454479336738586,0.22454479336738586,0.004845115821808577,0.06578773260116577,0.011030590161681175,10.0,1.0,10.0
332.0,0.22406890988349915,0.22406890988349915,0.00484430231153965,0.06545308232307434,0.011017280630767345,10.0,1.0,10.0
333.0,0.2235954999923706,0.2235954999923706,0.004843474831432104,0.06512077897787094,0.01100399624556303,10.0,1.0,10.0
334.0,0.2231246680021286,0.2231246680021286,0.004842644091695547,0.06479086726903915,0.010990736074745655,10.0,1.0,10.0
335.0,0.22265642881393433,0.22265642881393433,0.00484180822968483,0.06446327269077301,0.010977506637573242,10.0,1.0,10.0
336.0,0.22219052910804749,0.22219052910804749,0.004840963054448366,0.06413789093494415,0.01096430141478777,10.0,1.0,10.0
337.0,0.22172696888446808,0.22172696888446808,0.004840113688260317,0.0638146698474884,0.010951116681098938,10.0,1.0,10.0
338.0,0.22126585245132446,0.22126585245132446,0.0048392582684755325,0.06349360197782516,0.010937966406345367,10.0,1.0,10.0
339.0,0.22080689668655396,0.22080689668655396,0.004838387481868267,0.06317466497421265,0.010924835689365864,10.0,1.0,10.0
340.0,0.2203502655029297,0.2203502655029297,0.004837522283196449,0.0628577321767807,0.01091173104941845,10.0,1.0,10.0
341.0,0.21989579498767853,0.21989579498767853,0.004836650565266609,0.06254279613494873,0.0108986496925354,10.0,1.0,10.0
342.0,0.21944350004196167,0.21944350004196167,0.004835767205804586,0.06222986802458763,0.01088559627532959,10.0,1.0,10.0
343.0,0.21899324655532837,0.21899324655532837,0.004834876861423254,0.061918847262859344,0.010872562415897846,10.0,1.0,10.0
344.0,0.2185450792312622,0.2185450792312622,0.004833977669477463,0.06160977482795715,0.010859551839530468,10.0,1.0,10.0
345.0,0.2180989384651184,0.2180989384651184,0.004833083599805832,0.06130247563123703,0.01084656361490488,10.0,1.0,10.0
346.0,0.21765464544296265,0.21765464544296265,0.004832172766327858,0.060997024178504944,0.010833590291440487,10.0,1.0,10.0
347.0,0.21721255779266357,0.21721255779266357,0.004831276834011078,0.060693372040987015,0.010820642113685608,10.0,1.0,10.0
348.0,0.21677222847938538,0.21677222847938538,0.00483035808429122,0.06039152294397354,0.010807712562382221,10.0,1.0,10.0
349.0,0.21633374691009521,0.21633374691009521,0.004829440265893936,0.06009134277701378,0.010794799774885178,10.0,1.0,10.0
350.0,0.21589717268943787,0.21589717268943787,0.004828532692044973,0.05979280173778534,0.010781904682517052,10.0,1.0,10.0
351.0,0.21546222269535065,0.21546222269535065,0.004827600438147783,0.059495966881513596,0.010769025422632694,10.0,1.0,10.0
352.0,0.21502913534641266,0.21502913534641266,0.0048266686499118805,0.05920078605413437,0.010756166651844978,10.0,1.0,10.0
353.0,0.2145978808403015,0.2145978808403015,0.0048257457092404366,0.05890718847513199,0.010743323713541031,10.0,1.0,10.0
354.0,0.21416810154914856,0.21416810154914856,0.0048248060047626495,0.05861511081457138,0.010730492882430553,10.0,1.0,10.0
355.0,0.2137400507926941,0.2137400507926941,0.0048238663002848625,0.058324601501226425,0.010717678815126419,10.0,1.0,10.0
356.0,0.21331366896629333,0.21331366896629333,0.00482292240485549,0.05803562328219414,0.010704882442951202,10.0,1.0,10.0
357.0,0.21288874745368958,0.21288874745368958,0.0048219747841358185,0.057748083025217056,0.010692091658711433,10.0,1.0,10.0
358.0,0.21246546506881714,0.21246546506881714,0.004821029491722584,0.05746200680732727,0.010679316706955433,10.0,1.0,10.0
359.0,0.2120436429977417,0.2120436429977417,0.004820074420422316,0.057177379727363586,0.010666551999747753,10.0,1.0,10.0
360.0,0.21162335574626923,0.21162335574626923,0.0048191137611866,0.05689416825771332,0.010653804987668991,10.0,1.0,10.0
361.0,0.21120454370975494,0.21120454370975494,0.004818159155547619,0.05661231279373169,0.010641063563525677,10.0,1.0,10.0
362.0,0.21078720688819885,0.21078720688819885,0.004817209206521511,0.0563318096101284,0.010628331452608109,10.0,1.0,10.0
363.0,0.21037113666534424,0.21037113666534424,0.004816237837076187,0.05605265498161316,0.01061561144888401,10.0,1.0,10.0
364.0,0.2099565863609314,0.2099565863609314,0.00481527391821146,0.055774785578250885,0.010602905414998531,10.0,1.0,10.0
365.0,0.20954331755638123,0.20954331755638123,0.00481430534273386,0.055498238652944565,0.010590202175080776,10.0,1.0,10.0
366.0,0.2091313898563385,0.2091313898563385,0.004813333507627249,0.05522295460104942,0.010577510111033916,10.0,1.0,10.0
367.0,0.20872071385383606,0.20872071385383606,0.004812354221940041,0.05494893342256546,0.01056482270359993,10.0,1.0,10.0
368.0,0.2083113044500351,0.2083113044500351,0.004811373073607683,0.05467613786458969,0.010552143678069115,10.0,1.0,10.0
369.0,0.2079031765460968,0.2079031765460968,0.004810392390936613,0.05440453439950943,0.010539471171796322,10.0,1.0,10.0
370.0,0.2074962556362152,0.2074962556362152,0.004809408448636532,0.05413411185145378,0.0105268070474267,10.0,1.0,10.0
371.0,0.20709045231342316,0.20709045231342316,0.004808404948562384,0.05386492609977722,0.010514147579669952,10.0,1.0,10.0
372.0,0.20668599009513855,0.20668599009513855,0.004807415883988142,0.053596872836351395,0.010501494631171227,10.0,1.0,10.0
373.0,0.20628252625465393,0.20628252625465393,0.004806416109204292,0.05332993343472481,0.01048884354531765,10.0,1.0,10.0
374.0,0.2058802992105484,0.2058802992105484,0.0048054177314043045,0.05306416004896164,0.010476196184754372,10.0,1.0,10.0
375.0,0.2054792046546936,0.2054792046546936,0.0048044100403785706,0.052799515426158905,0.01046355813741684,10.0,1.0,10.0
376.0,0.2050791233778,0.2050791233778,0.004803394433110952,0.05253592133522034,0.010450925678014755,10.0,1.0,10.0
377.0,0.20468011498451233,0.20468011498451233,0.00480238301679492,0.05227341875433922,0.010438286699354649,10.0,1.0,10.0
378.0,0.20428209006786346,0.20428209006786346,0.00480135902762413,0.05201200023293495,0.010425649583339691,10.0,1.0,10.0
379.0,0.20388513803482056,0.20388513803482056,0.004800331778824329,0.051751650869846344,0.010413017123937607,10.0,1.0,10.0
380.0,0.20348933339118958,0.20348933339118958,0.004799306858330965,0.0514923557639122,0.01040039025247097,10.0,1.0,10.0
381.0,0.20309430360794067,0.20309430360794067,0.00479825958609581,0.05123409256339073,0.010387762449681759,10.0,1.0,10.0
382.0,0.20270037651062012,0.20270037651062012,0.004797221627086401,0.05097685009241104,0.010375131852924824,10.0,1.0,10.0
383.0,0.2023073136806488,0.2023073136806488,0.004796168766915798,0.05072063207626343,0.01036249939352274,10.0,1.0,10.0
384.0,0.20191527903079987,0.20191527903079987,0.004795110318809748,0.05046546831727028,0.010349871590733528,10.0,1.0,10.0
385.0,0.20152409374713898,0.20152409374713898,0.004794044885784388,0.05021125450730324,0.010337239131331444,10.0,1.0,10.0
386.0,0.20113393664360046,0.20113393664360046,0.004792981315404177,0.049958039075136185,0.010324607603251934,10.0,1.0,10.0
387.0,0.20074452459812164,0.20074452459812164,0.004791899584233761,0.04970580339431763,0.010311972349882126,10.0,1.0,10.0
388.0,0.2003561109304428,0.2003561109304428,0.004790816456079483,0.04945460706949234,0.010299334302544594,10.0,1.0,10.0
389.0,0.19996847212314606,0.19996847212314606,0.004789725877344608,0.049204301089048386,0.010286691598594189,10.0,1.0,10.0
390.0,0.19958168268203735,0.19958168268203735,0.004788622260093689,0.048954956233501434,0.010274049825966358,10.0,1.0,10.0
391.0,0.19919580221176147,0.19919580221176147,0.00478751165792346,0.04870663210749626,0.01026140432804823,10.0,1.0,10.0
392.0,0.19881075620651245,0.19881075620651245,0.004786395933479071,0.04845926910638809,0.010248752310872078,10.0,1.0,10.0
393.0,0.1984264850616455,0.1984264850616455,0.0047852713614702225,0.04821283370256424,0.01023609284311533,10.0,1.0,10.0
394.0,0.19804301857948303,0.19804301857948303,0.004784140270203352,0.04796730726957321,0.010223429650068283,10.0,1.0,10.0
395.0,0.19766035676002502,0.19766035676002502,0.004782991949468851,0.04772280156612396,0.010210762731730938,10.0,1.0,10.0
396.0,0.19727839529514313,0.19727839529514313,0.004781831055879593,0.04747921973466873,0.010198086500167847,10.0,1.0,10.0
397.0,0.19689741730690002,0.19689741730690002,0.004780680872499943,0.04723655432462692,0.010185405611991882,10.0,1.0,10.0
398.0,0.19651705026626587,0.19651705026626587,0.004779502749443054,0.046994827687740326,0.01017271913588047,10.0,1.0,10.0
399.0,0.19613736867904663,0.19613736867904663,0.00477830832824111,0.046754077076911926,0.010160019621253014,10.0,1.0,10.0
400.0,0.19575855135917664,0.19575855135917664,0.004777112975716591,0.04651425778865814,0.010147317312657833,10.0,1.0,10.0
401.0,0.1953805387020111,0.1953805387020111,0.004775912966579199,0.04627532511949539,0.01013460848480463,10.0,1.0,10.0
402.0,0.19500312209129333,0.19500312209129333,0.004774689674377441,0.046037327498197556,0.010121889412403107,10.0,1.0,10.0
403.0,0.1946265995502472,0.1946265995502472,0.0047734640538692474,0.04580032452940941,0.010109162889420986,10.0,1.0,10.0
404.0,0.19425064325332642,0.19425064325332642,0.004772210959345102,0.04556426778435707,0.01009642705321312,10.0,1.0,10.0
405.0,0.19387558102607727,0.19387558102607727,0.00477096252143383,0.04532913118600845,0.010083681903779507,10.0,1.0,10.0
406.0,0.1935010850429535,0.1935010850429535,0.004769693128764629,0.045094896107912064,0.010070926509797573,10.0,1.0,10.0
407.0,0.19312754273414612,0.19312754273414612,0.004768423270434141,0.04486168175935745,0.010058163665235043,10.0,1.0,10.0
408.0,0.19275446236133575,0.19275446236133575,0.004767116159200668,0.04462942108511925,0.010045388713479042,10.0,1.0,10.0
409.0,0.19238227605819702,0.19238227605819702,0.0047658225521445274,0.044398024678230286,0.010032602585852146,10.0,1.0,10.0
410.0,0.1920107752084732,0.1920107752084732,0.004764503799378872,0.044167660176754,0.010019807144999504,10.0,1.0,10.0
411.0,0.1916399449110031,0.1916399449110031,0.004763167351484299,0.04393821954727173,0.01000700518488884,10.0,1.0,10.0
412.0,0.1912698596715927,0.1912698596715927,0.004761817865073681,0.04370978847146034,0.009994189254939556,10.0,1.0,10.0
413.0,0.19090047478675842,0.19090047478675842,0.004760458134114742,0.043482258915901184,0.009981363080441952,10.0,1.0,10.0
414.0,0.19053173065185547,0.19053173065185547,0.0047590765170753,0.043255750089883804,0.009968521073460579,10.0,1.0,10.0
415.0,0.19016385078430176,0.19016385078430176,0.004757690709084272,0.0430302694439888,0.009955666959285736,10.0,1.0,10.0
416.0,0.18979671597480774,0.18979671597480774,0.004756292328238487,0.04280571639537811,0.009942806325852871,10.0,1.0,10.0
417.0,0.18943020701408386,0.18943020701408386,0.004754870664328337,0.04258216544985771,0.009929932653903961,10.0,1.0,10.0
418.0,0.1890643835067749,0.1890643835067749,0.004753428511321545,0.042359597980976105,0.00991705060005188,10.0,1.0,10.0
419.0,0.18869934976100922,0.18869934976100922,0.004751971922814846,0.04213808476924896,0.00990415457636118,10.0,1.0,10.0
420.0,0.18833507597446442,0.18833507597446442,0.004750515334308147,0.04191753268241882,0.009891238994896412,10.0,1.0,10.0
421.0,0.1879715621471405,0.1879715621471405,0.004749038256704807,0.041698016226291656,0.009878315962851048,10.0,1.0,10.0
422.0,0.18760885298252106,0.18760885298252106,0.0047475416213274,0.041479550302028656,0.00986538827419281,10.0,1.0,10.0
423.0,0.18724676966667175,0.18724676966667175,0.004746023565530777,0.04126209765672684,0.009852442890405655,10.0,1.0,10.0
424.0,0.1868855208158493,0.1868855208158493,0.004744496662169695,0.041045695543289185,0.00983948539942503,10.0,1.0,10.0
425.0,0.1865251064300537,0.1865251064300537,0.004742961376905441,0.04083036631345749,0.009826512075960636,10.0,1.0,10.0
426.0,0.18616542220115662,0.18616542220115662,0.00474140327423811,0.04061608389019966,0.009813530370593071,10.0,1.0,10.0
427.0,0.1858065277338028,0.1858065277338028,0.004739823751151562,0.04040290042757988,0.009800538420677185,10.0,1.0,10.0
428.0,0.18544843792915344,0.18544843792915344,0.00473824143409729,0.04019072279334068,0.009787528775632381,10.0,1.0,10.0
429.0,0.1850910633802414,0.1850910633802414,0.0047366260550916195,0.03997967764735222,0.009774511680006981,10.0,1.0,10.0
430.0,0.18473458290100098,0.18473458290100098,0.004734999965876341,0.03976977616548538,0.009761480614542961,10.0,1.0,10.0
431.0,0.18437887728214264,0.18437887728214264,0.004733358044177294,0.03956092149019241,0.009748438373208046,10.0,1.0,10.0
432.0,0.18402411043643951,0.18402411043643951,0.00473171379417181,0.03935318440198898,0.009735378436744213,10.0,1.0,10.0
433.0,0.18367016315460205,0.18367016315460205,0.004730043467134237,0.03914658725261688,0.009722313843667507,10.0,1.0,10.0
434.0,0.18331700563430786,0.18331700563430786,0.004728354047983885,0.03894113749265671,0.009709233418107033,10.0,1.0,10.0
435.0,0.18296471238136292,0.18296471238136292,0.004726646933704615,0.03873678296804428,0.009696145541965961,10.0,1.0,10.0
436.0,0.1826133131980896,0.1826133131980896,0.004724930971860886,0.03853360563516617,0.009683039039373398,10.0,1.0,10.0
437.0,0.18226280808448792,0.18226280808448792,0.0047231921926140785,0.03833162039518356,0.009669926948845387,10.0,1.0,10.0
438.0,0.18191322684288025,0.18191322684288025,0.004721448756754398,0.03813076391816139,0.009656798094511032,10.0,1.0,10.0
439.0,0.1815645694732666,0.1815645694732666,0.0047196876257658005,0.03793111443519592,0.009643657132983208,10.0,1.0,10.0
440.0,0.1812167763710022,0.1812167763710022,0.004717898555099964,0.03773265331983566,0.009630514308810234,10.0,1.0,10.0
441.0,0.1808699518442154,0.1808699518442154,0.004716106224805117,0.03753536194562912,0.009617352858185768,10.0,1.0,10.0
442.0,0.18052400648593903,0.18052400648593903,0.004714292474091053,0.037339288741350174,0.009604180231690407,10.0,1.0,10.0
443.0,0.1801791787147522,0.1801791787147522,0.0047124759294092655,0.037144456058740616,0.00959099642932415,10.0,1.0,10.0
444.0,0.17983515560626984,0.17983515560626984,0.004710628651082516,0.03695082291960716,0.009577805176377296,10.0,1.0,10.0
445.0,0.17949211597442627,0.17949211597442627,0.0047087701968848705,0.03675839304924011,0.009564602747559547,10.0,1.0,10.0
446.0,0.17915025353431702,0.17915025353431702,0.00470690568909049,0.036567237228155136,0.00955139473080635,10.0,1.0,10.0
447.0,0.17880922555923462,0.17880922555923462,0.0047050174325704575,0.03637733682990074,0.00953817181289196,10.0,1.0,10.0
448.0,0.17846927046775818,0.17846927046775818,0.004703119862824678,0.03618869557976723,0.009524937719106674,10.0,1.0,10.0
449.0,0.17813029885292053,0.17813029885292053,0.004701206926256418,0.0360012948513031,0.009511692449450493,10.0,1.0,10.0
450.0,0.17779240012168884,0.17779240012168884,0.004699279088526964,0.03581516817212105,0.009498444385826588,10.0,1.0,10.0
451.0,0.1774556040763855,0.1774556040763855,0.00469733914360404,0.03563034161925316,0.009485187008976936,10.0,1.0,10.0
452.0,0.17711973190307617,0.17711973190307617,0.0046953801065683365,0.03544675186276436,0.009471917524933815,10.0,1.0,10.0
453.0,0.17678508162498474,0.17678508162498474,0.004693424329161644,0.03526445850729942,0.009458636865019798,10.0,1.0,10.0
454.0,0.1764514446258545,0.1764514446258545,0.0046914443373680115,0.035083506256341934,0.009445350617170334,10.0,1.0,10.0
455.0,0.1761188805103302,0.1761188805103302,0.004689442925155163,0.034903861582279205,0.009432057850062847,10.0,1.0,10.0
456.0,0.1757875680923462,0.1757875680923462,0.0046874540857970715,0.03472546488046646,0.009418756701052189,10.0,1.0,10.0
457.0,0.17545732855796814,0.17545732855796814,0.004685443360358477,0.03454841673374176,0.009405447170138359,10.0,1.0,10.0
458.0,0.17512807250022888,0.17512807250022888,0.0046834093518555164,0.034372664988040924,0.009392131119966507,10.0,1.0,10.0
459.0,0.17480003833770752,0.17480003833770752,0.004681373480707407,0.03419824317097664,0.009378804825246334,10.0,1.0,10.0
460.0,0.17447319626808167,0.17447319626808167,0.004679327830672264,0.0340251699090004,0.009365474805235863,10.0,1.0,10.0
461.0,0.17414745688438416,0.17414745688438416,0.004677264951169491,0.03385339677333832,0.009352141059935093,10.0,1.0,10.0
462.0,0.17382289469242096,0.17382289469242096,0.004675198346376419,0.03368294984102249,0.009338796138763428,10.0,1.0,10.0
463.0,0.17349953949451447,0.17349953949451447,0.004673118703067303,0.0335138700902462,0.009325447492301464,10.0,1.0,10.0
464.0,0.17317728698253632,0.17317728698253632,0.0046710302121937275,0.033346086740493774,0.009312090463936329,10.0,1.0,10.0
465.0,0.17285624146461487,0.17285624146461487,0.004668932408094406,0.03317965194582939,0.009298726916313171,10.0,1.0,10.0
466.0,0.1725364625453949,0.1725364625453949,0.0046668266877532005,0.03301459550857544,0.009285359643399715,10.0,1.0,10.0
467.0,0.17221781611442566,0.17221781611442566,0.004664704669266939,0.03285084664821625,0.009271993301808834,10.0,1.0,10.0
468.0,0.1719004511833191,0.1719004511833191,0.004662584979087114,0.03268842771649361,0.009258617646992207,10.0,1.0,10.0
469.0,0.1715843230485916,0.1715843230485916,0.004660460632294416,0.03252735733985901,0.009245236404240131,10.0,1.0,10.0
470.0,0.17126932740211487,0.17126932740211487,0.004658310674130917,0.03236766532063484,0.009231855161488056,10.0,1.0,10.0
471.0,0.17095547914505005,0.17095547914505005,0.004656156525015831,0.032209258526563644,0.00921846553683281,10.0,1.0,10.0
472.0,0.17064307630062103,0.17064307630062103,0.004654018674045801,0.032052189111709595,0.009205070324242115,10.0,1.0,10.0
473.0,0.17033173143863678,0.17033173143863678,0.004651847295463085,0.03189650550484657,0.00919167511165142,10.0,1.0,10.0
474.0,0.17002171277999878,0.17002171277999878,0.004649678245186806,0.0317421592772007,0.009178277105093002,10.0,1.0,10.0
475.0,0.16971291601657867,0.16971291601657867,0.004647504538297653,0.0315890833735466,0.009164879098534584,10.0,1.0,10.0
476.0,0.16940531134605408,0.16940531134605408,0.004645321052521467,0.03143737092614174,0.009151473641395569,10.0,1.0,10.0
477.0,0.16909906268119812,0.16909906268119812,0.004643135704100132,0.031287021934986115,0.009138068184256554,10.0,1.0,10.0
478.0,0.16879408061504364,0.16879408061504364,0.004640950821340084,0.031137971207499504,0.009124659933149815,10.0,1.0,10.0
479.0,0.16849035024642944,0.16849035024642944,0.004638766869902611,0.030990200117230415,0.009111247956752777,10.0,1.0,10.0
480.0,0.16818776726722717,0.16818776726722717,0.004636559169739485,0.03084380365908146,0.009097837843000889,10.0,1.0,10.0
481.0,0.16788655519485474,0.16788655519485474,0.004634357988834381,0.03069869428873062,0.009084427729249,10.0,1.0,10.0
482.0,0.1675865650177002,0.1675865650177002,0.004632148891687393,0.03055490553379059,0.009071016684174538,10.0,1.0,10.0
483.0,0.16728782653808594,0.16728782653808594,0.00462994584813714,0.03041239082813263,0.009057597257196903,10.0,1.0,10.0
484.0,0.1669902503490448,0.1669902503490448,0.004627719521522522,0.030271193012595177,0.00904418621212244,10.0,1.0,10.0
485.0,0.16669400036334991,0.16669400036334991,0.004625503905117512,0.03013126738369465,0.00903076957911253,10.0,1.0,10.0
486.0,0.1663990020751953,0.1663990020751953,0.0046232836320996284,0.029992632567882538,0.009017353877425194,10.0,1.0,10.0
487.0,0.16610534489154816,0.16610534489154816,0.0046210684813559055,0.02985527366399765,0.009003939107060432,10.0,1.0,10.0
488.0,0.1658128798007965,0.1658128798007965,0.00461884681135416,0.029719196259975433,0.008990522474050522,10.0,1.0,10.0
489.0,0.16552162170410156,0.16552162170410156,0.004616614896804094,0.029584398493170738,0.00897710770368576,10.0,1.0,10.0
490.0,0.16523173451423645,0.16523173451423645,0.004614395089447498,0.029450837522745132,0.008963694795966148,10.0,1.0,10.0
491.0,0.16494300961494446,0.16494300961494446,0.004612164571881294,0.02931850589811802,0.008950285613536835,10.0,1.0,10.0
492.0,0.16465550661087036,0.16465550661087036,0.004609933588653803,0.029187427833676338,0.008936875499784946,10.0,1.0,10.0
493.0,0.16436928510665894,0.16436928510665894,0.004607700277119875,0.029057612642645836,0.008923467248678207,10.0,1.0,10.0
494.0,0.164084330201149,0.164084330201149,0.004605479538440704,0.028928998857736588,0.008910054340958595,10.0,1.0,10.0
495.0,0.16380056738853455,0.16380056738853455,0.0046032490208745,0.0288015715777874,0.00889665074646473,10.0,1.0,10.0
496.0,0.1635180562734604,0.1635180562734604,0.0046010189689695835,0.028675399720668793,0.008883247151970863,10.0,1.0,10.0
497.0,0.16323672235012054,0.16323672235012054,0.004598785191774368,0.028550418093800545,0.008869845420122147,10.0,1.0,10.0
498.0,0.16295668482780457,0.16295668482780457,0.004596562124788761,0.028426604345440865,0.008856445550918579,10.0,1.0,10.0
499.0,0.16267776489257812,0.16267776489257812,0.004594332538545132,0.028303952887654305,0.008843048475682735,10.0,1.0,10.0
500.0,0.1624002307653427,0.1624002307653427,0.004592114593833685,0.028182510286569595,0.008829657919704914,10.0,1.0,10.0
501.0,0.1621236950159073,0.1621236950159073,0.004589881282299757,0.02806221880018711,0.008816266432404518,10.0,1.0,10.0
502.0,0.1618485450744629,0.1618485450744629,0.0045876652002334595,0.0279430840164423,0.008802881464362144,10.0,1.0,10.0
503.0,0.1615745574235916,0.1615745574235916,0.004585449583828449,0.02782507799565792,0.00878949835896492,10.0,1.0,10.0
504.0,0.1613016128540039,0.1613016128540039,0.0045832255855202675,0.027708211913704872,0.008776115253567696,10.0,1.0,10.0
505.0,0.16102997958660126,0.16102997958660126,0.004581007640808821,0.02759247086942196,0.008762743324041367,10.0,1.0,10.0
506.0,0.16075947880744934,0.16075947880744934,0.004578790161758661,0.027477841824293137,0.008749372325837612,10.0,1.0,10.0
507.0,0.1604902446269989,0.1604902446269989,0.004576590843498707,0.027364306151866913,0.008736003190279007,10.0,1.0,10.0
508.0,0.16022199392318726,0.16022199392318726,0.004574370104819536,0.027251893654465675,0.008722640573978424,10.0,1.0,10.0
509.0,0.15995514392852783,0.15995514392852783,0.0045721749775111675,0.027140531688928604,0.008709286339581013,10.0,1.0,10.0
510.0,0.15968932211399078,0.15968932211399078,0.004569973796606064,0.0270302202552557,0.0086959358304739,10.0,1.0,10.0
511.0,0.1594245433807373,0.1594245433807373,0.004567766562104225,0.02692101150751114,0.008682587184011936,10.0,1.0,10.0
512.0,0.1591610610485077,0.1591610610485077,0.00456557422876358,0.026812870055437088,0.008669245056807995,10.0,1.0,10.0
513.0,0.1588987112045288,0.1588987112045288,0.004563383758068085,0.02670573815703392,0.0086559122428298,10.0,1.0,10.0
514.0,0.15863746404647827,0.15863746404647827,0.004561198875308037,0.026599643751978874,0.008642582222819328,10.0,1.0,10.0
515.0,0.15837723016738892,0.15837723016738892,0.004559010732918978,0.026494577527046204,0.008629255928099155,10.0,1.0,10.0
516.0,0.15811829268932343,0.15811829268932343,0.0045568388886749744,0.02639055624604225,0.00861593522131443,10.0,1.0,10.0
517.0,0.15786033868789673,0.15786033868789673,0.004554660990834236,0.026287509128451347,0.008602622896432877,10.0,1.0,10.0
518.0,0.1576036512851715,0.1576036512851715,0.004552506376057863,0.026185428723692894,0.008589315228164196,10.0,1.0,10.0
519.0,0.15734794735908508,0.15734794735908508,0.004550334997475147,0.026084385812282562,0.008576021529734135,10.0,1.0,10.0
520.0,0.15709325671195984,0.15709325671195984,0.004548165947198868,0.025984276086091995,0.008562731556594372,10.0,1.0,10.0
521.0,0.1568397581577301,0.1568397581577301,0.0045460183173418045,0.025885168462991714,0.008549440652132034,10.0,1.0,10.0
522.0,0.15658728778362274,0.15658728778362274,0.0045438650995492935,0.025786975398659706,0.008536165580153465,10.0,1.0,10.0
523.0,0.15633593499660492,0.15633593499660492,0.004541721194982529,0.02568977139890194,0.00852289516478777,10.0,1.0,10.0
524.0,0.15608572959899902,0.15608572959899902,0.004539588000625372,0.025593485683202744,0.008509635925292969,10.0,1.0,10.0
525.0,0.15583643317222595,0.15583643317222595,0.004537451080977917,0.02549811825156212,0.008496380411088467,10.0,1.0,10.0
526.0,0.15558825433254242,0.15558825433254242,0.0045353262685239315,0.025403661653399467,0.008483132347464561,10.0,1.0,10.0
527.0,0.15534111857414246,0.15534111857414246,0.004533202853053808,0.025310134515166283,0.008469894528388977,10.0,1.0,10.0
528.0,0.15509498119354248,0.15509498119354248,0.004531087353825569,0.025217480957508087,0.008456663228571415,10.0,1.0,10.0
529.0,0.15484991669654846,0.15484991669654846,0.0045289709232747555,0.025125756859779358,0.008443445898592472,10.0,1.0,10.0
530.0,0.154605895280838,0.154605895280838,0.004526866599917412,0.02503487840294838,0.008430234156548977,10.0,1.0,10.0
531.0,0.15436287224292755,0.15436287224292755,0.004524772055447102,0.024944864213466644,0.008417028933763504,10.0,1.0,10.0
532.0,0.15412086248397827,0.15412086248397827,0.004522676579654217,0.024855732917785645,0.008403835818171501,10.0,1.0,10.0
533.0,0.15387986600399017,0.15387986600399017,0.004520588554441929,0.02476746216416359,0.008390652015805244,10.0,1.0,10.0
534.0,0.15363989770412445,0.15363989770412445,0.004518507979810238,0.024680009111762047,0.008377480320632458,10.0,1.0,10.0
535.0,0.15340089797973633,0.15340089797973633,0.00451643206179142,0.02459338679909706,0.008364318870007992,10.0,1.0,10.0
536.0,0.1531628519296646,0.1531628519296646,0.004514358937740326,0.02450762689113617,0.008351163938641548,10.0,1.0,10.0
537.0,0.15292592346668243,0.15292592346668243,0.004512300714850426,0.02442268654704094,0.008338022977113724,10.0,1.0,10.0
538.0,0.1526898443698883,0.1526898443698883,0.0045102424919605255,0.02433851733803749,0.008324889466166496,10.0,1.0,10.0
539.0,0.15245476365089417,0.15245476365089417,0.004508194979280233,0.02425515279173851,0.008311767131090164,10.0,1.0,10.0
540.0,0.1522206813097,0.1522206813097,0.004506147000938654,0.024172624573111534,0.008298658765852451,10.0,1.0,10.0
541.0,0.15198756754398346,0.15198756754398346,0.004504112992435694,0.02409084141254425,0.008285559713840485,10.0,1.0,10.0
542.0,0.1517554074525833,0.1517554074525833,0.004502084571868181,0.024009840562939644,0.008272471837699413,10.0,1.0,10.0
543.0,0.15152424573898315,0.15152424573898315,0.004500062204897404,0.02392962947487831,0.00825939979404211,10.0,1.0,10.0
544.0,0.15129394829273224,0.15129394829273224,0.004498043097555637,0.023850152269005775,0.008246337063610554,10.0,1.0,10.0
545.0,0.15106457471847534,0.15106457471847534,0.004496024921536446,0.02377142943441868,0.008233289234340191,10.0,1.0,10.0
546.0,0.15083619952201843,0.15083619952201843,0.00449402304366231,0.02369345910847187,0.008220251649618149,10.0,1.0,10.0
547.0,0.15060873329639435,0.15060873329639435,0.004492027685046196,0.023616217076778412,0.008207224309444427,10.0,1.0,10.0
548.0,0.15038228034973145,0.15038228034973145,0.004490041173994541,0.023539740592241287,0.0081942118704319,10.0,1.0,10.0
549.0,0.15015649795532227,0.15015649795532227,0.004488042090088129,0.023463934659957886,0.008181215263903141,10.0,1.0,10.0
550.0,0.1499318927526474,0.1499318927526474,0.004486070480197668,0.02338886819779873,0.008168231695890427,10.0,1.0,10.0
551.0,0.1497080773115158,0.1497080773115158,0.004484097473323345,0.023314477875828743,0.008155262097716331,10.0,1.0,10.0
552.0,0.14948523044586182,0.14948523044586182,0.004482140764594078,0.023240812122821808,0.008142300881445408,10.0,1.0,10.0
553.0,0.14926323294639587,0.14926323294639587,0.0044801789335906506,0.023167844861745834,0.008129359222948551,10.0,1.0,10.0
554.0,0.1490420401096344,0.1490420401096344,0.0044782222248613834,0.02309550531208515,0.008116432465612888,10.0,1.0,10.0
555.0,0.1488218605518341,0.1488218605518341,0.004476277157664299,0.023023858666419983,0.008103523403406143,10.0,1.0,10.0
556.0,0.14860251545906067,0.14860251545906067,0.0044743395410478115,0.022952884435653687,0.008090623654425144,10.0,1.0,10.0
557.0,0.14838407933712006,0.14838407933712006,0.004472408443689346,0.022882575169205666,0.008077742531895638,10.0,1.0,10.0
558.0,0.1481664776802063,0.1481664776802063,0.004470480140298605,0.02281290292739868,0.0080648772418499,10.0,1.0,10.0
559.0,0.1479496955871582,0.1479496955871582,0.004468553699553013,0.022743871435523033,0.00805202778428793,10.0,1.0,10.0
560.0,0.14773383736610413,0.14773383736610413,0.00446664122864604,0.02267548255622387,0.008039195090532303,10.0,1.0,10.0
561.0,0.1475187987089157,0.1475187987089157,0.0044647324830293655,0.022607700899243355,0.00802637729793787,10.0,1.0,10.0
562.0,0.14730457961559296,0.14730457961559296,0.004462826531380415,0.022540559992194176,0.008013575337827206,10.0,1.0,10.0
563.0,0.14709129929542542,0.14709129929542542,0.004460938274860382,0.0224740132689476,0.008000790141522884,10.0,1.0,10.0
564.0,0.14687880873680115,0.14687880873680115,0.004459052346646786,0.022408055141568184,0.007988023571670055,10.0,1.0,10.0
565.0,0.14666718244552612,0.14666718244552612,0.004457170609384775,0.022342724725604057,0.007975275628268719,10.0,1.0,10.0
566.0,0.1464563012123108,0.1464563012123108,0.004455287009477615,0.022277969866991043,0.0079625453799963,10.0,1.0,10.0
567.0,0.1462462842464447,0.1462462842464447,0.0044534164480865,0.02221379242837429,0.007949833758175373,10.0,1.0,10.0
568.0,0.14603708684444427,0.14603708684444427,0.004451556131243706,0.022150186821818352,0.007937134243547916,10.0,1.0,10.0
569.0,0.14582869410514832,0.14582869410514832,0.004449694883078337,0.02208716608583927,0.007924458011984825,10.0,1.0,10.0
570.0,0.14562109112739563,0.14562109112739563,0.00444784015417099,0.022024694830179214,0.007911799475550652,10.0,1.0,10.0
571.0,0.14541424810886383,0.14541424810886383,0.004445992410182953,0.021962741389870644,0.007899158634245396,10.0,1.0,10.0
572.0,0.14520831406116486,0.14520831406116486,0.004444152116775513,0.021901385858654976,0.007886541076004505,10.0,1.0,10.0
573.0,0.145003080368042,0.145003080368042,0.004442313686013222,0.021840529516339302,0.007873942144215107,10.0,1.0,10.0
574.0,0.14479875564575195,0.14479875564575195,0.004440495744347572,0.021780209615826607,0.007861359044909477,10.0,1.0,10.0
575.0,0.14459499716758728,0.14459499716758728,0.004438664764165878,0.021720409393310547,0.00784879457205534,10.0,1.0,10.0
576.0,0.14439216256141663,0.14439216256141663,0.004436849150806665,0.02166113816201687,0.007836252450942993,10.0,1.0,10.0
577.0,0.1441900134086609,0.1441900134086609,0.004435035865753889,0.021602360531687737,0.007823729887604713,10.0,1.0,10.0
578.0,0.14398863911628723,0.14398863911628723,0.004433223977684975,0.021544087678194046,0.007811232004314661,10.0,1.0,10.0
579.0,0.14378806948661804,0.14378806948661804,0.004431420937180519,0.021486319601535797,0.007798754144459963,10.0,1.0,10.0
580.0,0.14358825981616974,0.14358825981616974,0.004429629072546959,0.021429019048810005,0.00778629444539547,10.0,1.0,10.0
581.0,0.14338916540145874,0.14338916540145874,0.00442784046754241,0.02137218974530697,0.00777385663241148,10.0,1.0,10.0
582.0,0.14319074153900146,0.14319074153900146,0.004426050931215286,0.021315837278962135,0.007761440239846706,10.0,1.0,10.0
583.0,0.14299309253692627,0.14299309253692627,0.004424268379807472,0.02125997096300125,0.007749044336378574,10.0,1.0,10.0
584.0,0.14279620349407196,0.14279620349407196,0.004422492813318968,0.02120453305542469,0.007736673578619957,10.0,1.0,10.0
585.0,0.14259999990463257,0.14259999990463257,0.004420725628733635,0.021149534732103348,0.007724320515990257,10.0,1.0,10.0
586.0,0.14240458607673645,0.14240458607673645,0.004418962635099888,0.02109500765800476,0.007711994461715221,10.0,1.0,10.0
587.0,0.14220982789993286,0.14220982789993286,0.004417196847498417,0.02104092948138714,0.007699693087488413,10.0,1.0,10.0
588.0,0.1420157551765442,0.1420157551765442,0.004415446426719427,0.02098722569644451,0.0076874070800840855,10.0,1.0,10.0
589.0,0.14182236790657043,0.14182236790657043,0.004413691349327564,0.020933980122208595,0.007675147615373135,10.0,1.0,10.0
590.0,0.14162959158420563,0.14162959158420563,0.004411936737596989,0.020881138741970062,0.007662909105420113,10.0,1.0,10.0
591.0,0.14143770933151245,0.14143770933151245,0.004410204477608204,0.02082870900630951,0.00765069667249918,10.0,1.0,10.0
592.0,0.14124637842178345,0.14124637842178345,0.004408464301377535,0.020776676014065742,0.007638505194336176,10.0,1.0,10.0
593.0,0.14105571806430817,0.14105571806430817,0.004406728781759739,0.02072504349052906,0.007626339327543974,10.0,1.0,10.0
594.0,0.14086568355560303,0.14086568355560303,0.004404989071190357,0.02067381702363491,0.0076141986064612865,10.0,1.0,10.0
595.0,0.14067646861076355,0.14067646861076355,0.00440327450633049,0.02062292769551277,0.007602079305797815,10.0,1.0,10.0
596.0,0.14048779010772705,0.14048779010772705,0.004401550628244877,0.020572450011968613,0.007589984219521284,10.0,1.0,10.0
597.0,0.14029979705810547,0.14029979705810547,0.004399833269417286,0.020522335544228554,0.0075779142789542675,10.0,1.0,10.0
598.0,0.1401124894618988,0.1401124894618988,0.00439812708646059,0.020472541451454163,0.007565868087112904,10.0,1.0,10.0
599.0,0.13992571830749512,0.13992571830749512,0.004396416246891022,0.020423132926225662,0.007553842384368181,10.0,1.0,10.0
600.0,0.1397397220134735,0.1397397220134735,0.004394717514514923,0.02037409320473671,0.007541845086961985,10.0,1.0,10.0
601.0,0.1395542174577713,0.1395542174577713,0.004393009003251791,0.020325371995568275,0.007529875263571739,10.0,1.0,10.0
602.0,0.139369398355484,0.139369398355484,0.0043913135305047035,0.02027696743607521,0.007517929654568434,10.0,1.0,10.0
603.0,0.13918522000312805,0.13918522000312805,0.004389624111354351,0.020228911191225052,0.007506006397306919,10.0,1.0,10.0
604.0,0.13900154829025269,0.13900154829025269,0.004387924447655678,0.02018120512366295,0.007494109682738781,10.0,1.0,10.0
605.0,0.13881853222846985,0.13881853222846985,0.004386237356811762,0.020133765414357185,0.007482238579541445,10.0,1.0,10.0
606.0,0.13863614201545715,0.13863614201545715,0.0043845572508871555,0.02008664608001709,0.0074703930877149105,10.0,1.0,10.0
607.0,0.1384543776512146,0.1384543776512146,0.004382879473268986,0.020039858296513557,0.007458573207259178,10.0,1.0,10.0
608.0,0.13827309012413025,0.13827309012413025,0.004381197039037943,0.01999335177242756,0.007446777541190386,10.0,1.0,10.0
609.0,0.13809248805046082,0.13809248805046082,0.004379527643322945,0.01994713582098484,0.007435007952153683,10.0,1.0,10.0
610.0,0.13791245222091675,0.13791245222091675,0.004377860110253096,0.019901202991604805,0.0074232653714716434,10.0,1.0,10.0
611.0,0.13773292303085327,0.13773292303085327,0.004376188386231661,0.01985558122396469,0.007411546539515257,10.0,1.0,10.0
612.0,0.1375540792942047,0.1375540792942047,0.004374535754323006,0.01981019601225853,0.007399853318929672,10.0,1.0,10.0
613.0,0.13737565279006958,0.13737565279006958,0.0043728649616241455,0.01976509392261505,0.007388189900666475,10.0,1.0,10.0
614.0,0.13719788193702698,0.13719788193702698,0.004371210932731628,0.01972026750445366,0.007376550231128931,10.0,1.0,10.0
615.0,0.1370205581188202,0.1370205581188202,0.00436954852193594,0.019675711169838905,0.007364935241639614,10.0,1.0,10.0
616.0,0.13684386014938354,0.13684386014938354,0.004367899149656296,0.01963137648999691,0.007353348657488823,10.0,1.0,10.0
617.0,0.13666777312755585,0.13666777312755585,0.004366258624941111,0.01958729699254036,0.007341789081692696,10.0,1.0,10.0
618.0,0.1364920735359192,0.1364920735359192,0.004364603199064732,0.019543481990695,0.0073302569799125195,10.0,1.0,10.0
619.0,0.1363169401884079,0.1363169401884079,0.004362958949059248,0.01949990540742874,0.00731874443590641,10.0,1.0,10.0
620.0,0.136142298579216,0.136142298579216,0.004361318424344063,0.01945650577545166,0.007307261228561401,10.0,1.0,10.0
621.0,0.13596823811531067,0.13596823811531067,0.004359675105661154,0.019413398578763008,0.00729580782353878,10.0,1.0,10.0
622.0,0.13579465448856354,0.13579465448856354,0.004358035046607256,0.019370492547750473,0.007284380961209536,10.0,1.0,10.0
623.0,0.135621577501297,0.135621577501297,0.004356399178504944,0.019327815622091293,0.007272976916283369,10.0,1.0,10.0
624.0,0.13544903695583344,0.13544903695583344,0.004354770760983229,0.019285328686237335,0.007261599414050579,10.0,1.0,10.0
625.0,0.13527700304985046,0.13527700304985046,0.00435314467176795,0.019243083894252777,0.007250247988849878,10.0,1.0,10.0
626.0,0.13510531187057495,0.13510531187057495,0.004351506009697914,0.0192010086029768,0.007238925434648991,10.0,1.0,10.0
627.0,0.13493433594703674,0.13493433594703674,0.004349888768047094,0.019159160554409027,0.007227628491818905,10.0,1.0,10.0
628.0,0.1347637176513672,0.1347637176513672,0.004348263144493103,0.019117508083581924,0.007216357626020908,10.0,1.0,10.0
629.0,0.13459357619285583,0.13459357619285583,0.004346643574535847,0.019076023250818253,0.0072051119059324265,10.0,1.0,10.0
630.0,0.1344238966703415,0.1344238966703415,0.004345018416643143,0.01903476193547249,0.00719389459118247,10.0,1.0,10.0
631.0,0.13425469398498535,0.13425469398498535,0.004343400709331036,0.01899365708231926,0.007182702422142029,10.0,1.0,10.0
632.0,0.13408596813678741,0.13408596813678741,0.004341787192970514,0.018952751532197,0.007171534933149815,10.0,1.0,10.0
633.0,0.1339176744222641,0.1339176744222641,0.0043401699513196945,0.018912019208073616,0.007160395383834839,10.0,1.0,10.0
634.0,0.1337498128414154,0.1337498128414154,0.004338555037975311,0.018871432170271873,0.007149283774197102,10.0,1.0,10.0
635.0,0.13358250260353088,0.13358250260353088,0.004336944781243801,0.01883106492459774,0.007138197775930166,10.0,1.0,10.0
636.0,0.13341543078422546,0.13341543078422546,0.004335326608270407,0.018790818750858307,0.007127134129405022,10.0,1.0,10.0
637.0,0.13324898481369019,0.13324898481369019,0.004333724267780781,0.0187507476657629,0.007116100285202265,10.0,1.0,10.0
638.0,0.13308286666870117,0.13308286666870117,0.004332112148404121,0.01871085725724697,0.007105087861418724,10.0,1.0,10.0
639.0,0.13291719555854797,0.13291719555854797,0.0043305084109306335,0.01867106556892395,0.007094104308634996,10.0,1.0,10.0
640.0,0.1327519714832306,0.1327519714832306,0.004328900948166847,0.018631482496857643,0.007083147298544645,10.0,1.0,10.0
641.0,0.13258717954158783,0.13258717954158783,0.0043273004703223705,0.018592029809951782,0.007072214037179947,10.0,1.0,10.0
642.0,0.13242268562316895,0.13242268562316895,0.004325689282268286,0.01855270378291607,0.007061307784169912,10.0,1.0,10.0
643.0,0.13225874304771423,0.13225874304771423,0.004324094392359257,0.018513556569814682,0.007050424348562956,10.0,1.0,10.0
644.0,0.13209518790245056,0.13209518790245056,0.004322498105466366,0.0184745155274868,0.007039569318294525,10.0,1.0,10.0
645.0,0.13193199038505554,0.13193199038505554,0.0043209008872509,0.018435636535286903,0.007028735242784023,10.0,1.0,10.0
646.0,0.13176913559436798,0.13176913559436798,0.0043192976154387,0.018396887928247452,0.007017927709966898,10.0,1.0,10.0
647.0,0.13160675764083862,0.13160675764083862,0.0043177008628845215,0.018358277156949043,0.007007147651165724,10.0,1.0,10.0
648.0,0.1314447820186615,0.1314447820186615,0.004316108301281929,0.018319781869649887,0.006996390875428915,10.0,1.0,10.0
649.0,0.13128307461738586,0.13128307461738586,0.004314512014389038,0.018281398341059685,0.006985655520111322,10.0,1.0,10.0
650.0,0.13112182915210724,0.13112182915210724,0.004312918055802584,0.018243178725242615,0.006974946707487106,10.0,1.0,10.0
651.0,0.13096097111701965,0.13096097111701965,0.004311325494199991,0.01820506900548935,0.0069642639718949795,10.0,1.0,10.0
652.0,0.1308005005121231,0.1308005005121231,0.004309738054871559,0.01816706173121929,0.006953606382012367,10.0,1.0,10.0
653.0,0.13064026832580566,0.13064026832580566,0.004308141767978668,0.01812916435301304,0.006942969746887684,10.0,1.0,10.0
654.0,0.13048055768013,0.13048055768013,0.004306555725634098,0.018091395497322083,0.006932361051440239,10.0,1.0,10.0
655.0,0.13032111525535583,0.13032111525535583,0.004304961301386356,0.01805376447737217,0.00692177377641201,10.0,1.0,10.0
656.0,0.1301620602607727,0.1301620602607727,0.004303376656025648,0.01801619492471218,0.006911208853125572,10.0,1.0,10.0
657.0,0.13000333309173584,0.13000333309173584,0.0043017868883907795,0.01797877438366413,0.006900669075548649,10.0,1.0,10.0
658.0,0.12984496355056763,0.12984496355056763,0.004300195258110762,0.017941463738679886,0.0068901535123586655,10.0,1.0,10.0
659.0,0.12968696653842926,0.12968696653842926,0.0042986152693629265,0.01790422573685646,0.006879658903926611,10.0,1.0,10.0
660.0,0.12952925264835358,0.12952925264835358,0.004297021776437759,0.017867127433419228,0.006869190838187933,10.0,1.0,10.0
661.0,0.12937186658382416,0.12937186658382416,0.004295434802770615,0.01783011481165886,0.00685874093323946,10.0,1.0,10.0
662.0,0.1292148232460022,0.1292148232460022,0.004293844103813171,0.0177932009100914,0.006848318502306938,10.0,1.0,10.0
663.0,0.12905818223953247,0.12905818223953247,0.004292262252420187,0.017756402492523193,0.006837915163487196,10.0,1.0,10.0
664.0,0.12890179455280304,0.12890179455280304,0.004290676675736904,0.017719691619277,0.00682753324508667,10.0,1.0,10.0
665.0,0.12874570488929749,0.12874570488929749,0.004289089236408472,0.017683077603578568,0.006817174144089222,10.0,1.0,10.0
666.0,0.12859000265598297,0.12859000265598297,0.004287504591047764,0.017646554857492447,0.006806839723140001,10.0,1.0,10.0
667.0,0.12843459844589233,0.12843459844589233,0.004285923205316067,0.017610128968954086,0.006796522997319698,10.0,1.0,10.0
668.0,0.12827952206134796,0.12827952206134796,0.004284343216568232,0.017573803663253784,0.0067862290889024734,10.0,1.0,10.0
669.0,0.1281246393918991,0.1281246393918991,0.004282750654965639,0.017537562176585197,0.006775957532227039,10.0,1.0,10.0
670.0,0.12797021865844727,0.12797021865844727,0.004281172528862953,0.01750139892101288,0.006765708792954683,10.0,1.0,10.0
671.0,0.12781599164009094,0.12781599164009094,0.00427958695217967,0.01746535487473011,0.006755477283149958,10.0,1.0,10.0
672.0,0.12766212224960327,0.12766212224960327,0.0042780060321092606,0.0174294151365757,0.006745265331119299,10.0,1.0,10.0
673.0,0.1275085210800171,0.1275085210800171,0.004276425577700138,0.01739351451396942,0.006735075730830431,10.0,1.0,10.0
674.0,0.1273551881313324,0.1273551881313324,0.004274836275726557,0.017357733100652695,0.006724909879267216,10.0,1.0,10.0
675.0,0.1272021234035492,0.1272021234035492,0.004273248370736837,0.017322033643722534,0.006714761257171631,10.0,1.0,10.0
676.0,0.12704938650131226,0.12704938650131226,0.004271667450666428,0.017286401242017746,0.006704631261527538,10.0,1.0,10.0
677.0,0.1268969178199768,0.1268969178199768,0.004270082805305719,0.017250850796699524,0.0066945236176252365,10.0,1.0,10.0
678.0,0.12674471735954285,0.12674471735954285,0.004268490709364414,0.017215436324477196,0.006684436928480864,10.0,1.0,10.0
679.0,0.12659278512001038,0.12659278512001038,0.0042669097892940044,0.01718004420399666,0.0066743651404976845,10.0,1.0,10.0
680.0,0.12644127011299133,0.12644127011299133,0.004265338182449341,0.017144745215773582,0.006664313841611147,10.0,1.0,10.0
681.0,0.12628984451293945,0.12628984451293945,0.004263744689524174,0.01710956171154976,0.0066542839631438255,10.0,1.0,10.0
682.0,0.12613874673843384,0.12613874673843384,0.004262155387550592,0.017074448987841606,0.006644274108111858,10.0,1.0,10.0
683.0,0.12598790228366852,0.12598790228366852,0.004260572139173746,0.01703937165439129,0.006634281016886234,10.0,1.0,10.0
684.0,0.12583738565444946,0.12583738565444946,0.004258997738361359,0.017004402354359627,0.0066243004985153675,10.0,1.0,10.0
685.0,0.12568703293800354,0.12568703293800354,0.004257401917129755,0.016969576478004456,0.006614344660192728,10.0,1.0,10.0
686.0,0.12553684413433075,0.12553684413433075,0.0042558093555271626,0.016934722661972046,0.006604402791708708,10.0,1.0,10.0
687.0,0.12538711726665497,0.12538711726665497,0.004254230763763189,0.01689998432993889,0.006594481877982616,10.0,1.0,10.0
688.0,0.1252375841140747,0.1252375841140747,0.00425264285877347,0.01686539128422737,0.006584575399756432,10.0,1.0,10.0
689.0,0.12508827447891235,0.12508827447891235,0.004251061473041773,0.016830816864967346,0.006574684288352728,10.0,1.0,10.0
690.0,0.12493916600942612,0.12493916600942612,0.004249474499374628,0.01679627038538456,0.006564815063029528,10.0,1.0,10.0
691.0,0.12479032576084137,0.12479032576084137,0.004247882403433323,0.016761906445026398,0.006554959341883659,10.0,1.0,10.0
692.0,0.12464168667793274,0.12464168667793274,0.0042462898418307304,0.016727562993764877,0.006545122712850571,10.0,1.0,10.0
693.0,0.12449342012405396,0.12449342012405396,0.004244709853082895,0.016693275421857834,0.006535304710268974,10.0,1.0,10.0
694.0,0.12434525042772293,0.12434525042772293,0.00424311775714159,0.016659101471304893,0.006525497417896986,10.0,1.0,10.0
695.0,0.1241973489522934,0.1241973489522934,0.004241526126861572,0.016625013202428818,0.006515707820653915,10.0,1.0,10.0
696.0,0.12404967099428177,0.12404967099428177,0.004239934496581554,0.016590967774391174,0.006505935452878475,10.0,1.0,10.0
697.0,0.12390229851007462,0.12390229851007462,0.004238352179527283,0.0165570005774498,0.0064961775206029415,10.0,1.0,10.0
698.0,0.12375501543283463,0.12375501543283463,0.004236755892634392,0.016523147001862526,0.006486430764198303,10.0,1.0,10.0
699.0,0.12360809743404388,0.12360809743404388,0.004235166124999523,0.016489358618855476,0.006476707756519318,10.0,1.0,10.0
700.0,0.12346126139163971,0.12346126139163971,0.004233573563396931,0.016455600038170815,0.006466993130743504,10.0,1.0,10.0
701.0,0.12331473082304001,0.12331473082304001,0.004231977742165327,0.0164219718426466,0.0064572980627417564,10.0,1.0,10.0
702.0,0.12316834926605225,0.12316834926605225,0.004230383317917585,0.016388393938541412,0.006447612773627043,10.0,1.0,10.0
703.0,0.12302223592996597,0.12302223592996597,0.0042287930846214294,0.016354868188500404,0.006437944248318672,10.0,1.0,10.0
704.0,0.12287627905607224,0.12287627905607224,0.004227194003760815,0.01632142998278141,0.0064282906241714954,10.0,1.0,10.0
705.0,0.12273059040307999,0.12273059040307999,0.004225600976496935,0.01628808118402958,0.006418649572879076,10.0,1.0,10.0
706.0,0.12258502095937729,0.12258502095937729,0.004224002361297607,0.016254810616374016,0.006409018766134977,10.0,1.0,10.0
707.0,0.12243974208831787,0.12243974208831787,0.004222409334033728,0.016221579164266586,0.006399406585842371,10.0,1.0,10.0
708.0,0.12229467183351517,0.12229467183351517,0.004220808856189251,0.016188472509384155,0.006389811169356108,10.0,1.0,10.0
709.0,0.12214978784322739,0.12214978784322739,0.004219213966280222,0.0161554217338562,0.006380222737789154,10.0,1.0,10.0
710.0,0.12200501561164856,0.12200501561164856,0.004217616282403469,0.016122393310070038,0.006370645947754383,10.0,1.0,10.0
711.0,0.12186051905155182,0.12186051905155182,0.00421601627022028,0.016089506447315216,0.006361085455864668,10.0,1.0,10.0
712.0,0.12171617150306702,0.12171617150306702,0.004214408807456493,0.016056690365076065,0.006351538933813572,10.0,1.0,10.0
713.0,0.12157202512025833,0.12157202512025833,0.004212815314531326,0.01602388359606266,0.006341998931020498,10.0,1.0,10.0
714.0,0.12142804265022278,0.12142804265022278,0.004211205989122391,0.015991222113370895,0.006332476623356342,10.0,1.0,10.0
715.0,0.12128426134586334,0.12128426134586334,0.004209598992019892,0.015958650037646294,0.006322961766272783,10.0,1.0,10.0
716.0,0.12114067375659943,0.12114067375659943,0.004207998048514128,0.0159260556101799,0.006313463672995567,10.0,1.0,10.0
717.0,0.12099733203649521,0.12099733203649521,0.004206396639347076,0.015893615782260895,0.006303975358605385,10.0,1.0,10.0
718.0,0.12085407227277756,0.12085407227277756,0.004204783588647842,0.015861259773373604,0.006294498220086098,10.0,1.0,10.0
719.0,0.12071102857589722,0.12071102857589722,0.004203185439109802,0.015828896313905716,0.00628502806648612,10.0,1.0,10.0
720.0,0.12056813389062881,0.12056813389062881,0.004201573319733143,0.01579664647579193,0.00627557560801506,10.0,1.0,10.0
721.0,0.12042546272277832,0.12042546272277832,0.004199961666017771,0.015764517709612846,0.006266132928431034,10.0,1.0,10.0
722.0,0.12028288841247559,0.12028288841247559,0.004198352340608835,0.01573238894343376,0.006256698165088892,10.0,1.0,10.0
723.0,0.12014062702655792,0.12014062702655792,0.0041967518627643585,0.015700366348028183,0.006247274111956358,10.0,1.0,10.0
724.0,0.11999835073947906,0.11999835073947906,0.004195129964500666,0.015668440610170364,0.006237861700356007,10.0,1.0,10.0
725.0,0.11985637247562408,0.11985637247562408,0.004193520173430443,0.01563655585050583,0.006228461861610413,10.0,1.0,10.0
726.0,0.11971459537744522,0.11971459537744522,0.004191913641989231,0.015604740008711815,0.006219071801751852,10.0,1.0,10.0
727.0,0.11957286298274994,0.11957286298274994,0.004190294072031975,0.015573039650917053,0.0062096877954900265,10.0,1.0,10.0
728.0,0.11943139880895615,0.11943139880895615,0.004188684746623039,0.01554139144718647,0.006200315896421671,10.0,1.0,10.0
729.0,0.11929003894329071,0.11929003894329071,0.004187066573649645,0.015509793534874916,0.006190957501530647,10.0,1.0,10.0
730.0,0.11914882808923721,0.11914882808923721,0.0041854470036923885,0.01547832228243351,0.006181603763252497,10.0,1.0,10.0
731.0,0.11900777369737625,0.11900777369737625,0.0041838292963802814,0.015446892008185387,0.006172259338200092,10.0,1.0,10.0
732.0,0.11886697262525558,0.11886697262525558,0.004182221367955208,0.01541551761329174,0.006162924226373434,10.0,1.0,10.0
733.0,0.11872614920139313,0.11872614920139313,0.004180592019110918,0.015384254977107048,0.006153597496449947,10.0,1.0,10.0
734.0,0.11858551949262619,0.11858551949262619,0.004178969655185938,0.015353038907051086,0.006144278682768345,10.0,1.0,10.0
735.0,0.11844517290592194,0.11844517290592194,0.004177354276180267,0.015321898274123669,0.006134972907602787,10.0,1.0,10.0
736.0,0.11830490827560425,0.11830490827560425,0.004175728652626276,0.015290861949324608,0.006125675514340401,10.0,1.0,10.0
737.0,0.11816471815109253,0.11816471815109253,0.004174101632088423,0.015259876847267151,0.0061163823120296,10.0,1.0,10.0
738.0,0.11802477389574051,0.11802477389574051,0.0041724820621311665,0.015228967182338238,0.006107098422944546,10.0,1.0,10.0
739.0,0.11788492649793625,0.11788492649793625,0.0041708555072546005,0.015198134817183018,0.0060978238470852375,10.0,1.0,10.0
740.0,0.11774522811174393,0.11774522811174393,0.00416922802105546,0.015167377889156342,0.0060885571874678135,10.0,1.0,10.0
741.0,0.11760570108890533,0.11760570108890533,0.004167598206549883,0.01513670850545168,0.0060793012380599976,10.0,1.0,10.0
742.0,0.11746636033058167,0.11746636033058167,0.004165975376963615,0.015106077305972576,0.0060700527392327785,10.0,1.0,10.0
743.0,0.11732711642980576,0.11732711642980576,0.0041643488220870495,0.01507553830742836,0.006060808897018433,10.0,1.0,10.0
744.0,0.11718793213367462,0.11718793213367462,0.004162715747952461,0.015045072883367538,0.006051570177078247,10.0,1.0,10.0
745.0,0.1170489490032196,0.1170489490032196,0.004161084070801735,0.015014678239822388,0.006042343098670244,10.0,1.0,10.0
746.0,0.11691007018089294,0.11691007018089294,0.004159446340054274,0.014984373934566975,0.006033123470842838,10.0,1.0,10.0
747.0,0.11677134037017822,0.11677134037017822,0.004157812800258398,0.01495413389056921,0.006023907568305731,10.0,1.0,10.0
748.0,0.11663278937339783,0.11663278937339783,0.004156184382736683,0.01492396742105484,0.006014698185026646,10.0,1.0,10.0
749.0,0.1164943277835846,0.1164943277835846,0.0041545419953763485,0.014893912710249424,0.006005499046295881,10.0,1.0,10.0
750.0,0.1163560226559639,0.1163560226559639,0.0041529093869030476,0.014863881282508373,0.00599630456417799,10.0,1.0,10.0
751.0,0.11621782183647156,0.11621782183647156,0.004151276778429747,0.014833909459412098,0.005987114273011684,10.0,1.0,10.0
752.0,0.11607980728149414,0.11607980728149414,0.0041496348567306995,0.014804095029830933,0.0059779370203614235,10.0,1.0,10.0
753.0,0.1159418374300003,0.1159418374300003,0.004147993866354227,0.014774301089346409,0.005968759767711163,10.0,1.0,10.0
754.0,0.11580400168895721,0.11580400168895721,0.0041463542729616165,0.01474455650895834,0.005959590431302786,10.0,1.0,10.0
755.0,0.11566634476184845,0.11566634476184845,0.004144712351262569,0.014714943245053291,0.0059504276141524315,10.0,1.0,10.0
756.0,0.11552883684635162,0.11552883684635162,0.004143068101257086,0.014685398899018764,0.005941275507211685,10.0,1.0,10.0
757.0,0.11539139598608017,0.11539139598608017,0.00414142943918705,0.01465587317943573,0.0059321229346096516,10.0,1.0,10.0
758.0,0.1152539849281311,0.1152539849281311,0.004139774478971958,0.014626460149884224,0.005922978278249502,10.0,1.0,10.0
759.0,0.11511687934398651,0.11511687934398651,0.0041381302289664745,0.014597159810364246,0.005913841538131237,10.0,1.0,10.0
760.0,0.1149798184633255,0.1149798184633255,0.004136490635573864,0.014567848294973373,0.0059047057293355465,10.0,1.0,10.0
761.0,0.11484283208847046,0.11484283208847046,0.004134835675358772,0.014538675546646118,0.005895580165088177,10.0,1.0,10.0
762.0,0.11470605432987213,0.11470605432987213,0.004133189097046852,0.014509574510157108,0.005886458791792393,10.0,1.0,10.0
763.0,0.11456930637359619,0.11456930637359619,0.004131539259105921,0.014480502344667912,0.0058773416094481945,10.0,1.0,10.0
764.0,0.11443270742893219,0.11443270742893219,0.004129888489842415,0.014451522380113602,0.005868229549378157,10.0,1.0,10.0
765.0,0.11429624259471893,0.11429624259471893,0.004128231666982174,0.01442266721278429,0.005859125405550003,10.0,1.0,10.0
766.0,0.11415982991456985,0.11415982991456985,0.0041265771724283695,0.014393817633390427,0.005850024055689573,10.0,1.0,10.0
767.0,0.11402355134487152,0.11402355134487152,0.0041249287314713,0.014365030452609062,0.0058409241028130054,10.0,1.0,10.0
768.0,0.11388750374317169,0.11388750374317169,0.004123272839933634,0.014336436986923218,0.005831834394484758,10.0,1.0,10.0
769.0,0.11375141888856888,0.11375141888856888,0.00412161136046052,0.014307846315205097,0.005822746083140373,10.0,1.0,10.0
770.0,0.11361546814441681,0.11361546814441681,0.00411995779722929,0.014279268682003021,0.005813662428408861,10.0,1.0,10.0
771.0,0.11347971111536026,0.11347971111536026,0.004118295386433601,0.014250890351831913,0.005804586689919233,10.0,1.0,10.0
772.0,0.11334399878978729,0.11334399878978729,0.004116635303944349,0.0142225231975317,0.005795512814074755,10.0,1.0,10.0
773.0,0.11320847272872925,0.11320847272872925,0.004114984534680843,0.014194175601005554,0.005786444526165724,10.0,1.0,10.0
774.0,0.11307292431592941,0.11307292431592941,0.004113313741981983,0.014165994711220264,0.005777379497885704,10.0,1.0,10.0
775.0,0.11293761432170868,0.11293761432170868,0.004111654125154018,0.014137894846498966,0.005768317263573408,10.0,1.0,10.0
776.0,0.11280236393213272,0.11280236393213272,0.004109998233616352,0.01410975493490696,0.0057592629455029964,10.0,1.0,10.0
777.0,0.11266722530126572,0.11266722530126572,0.00410833302885294,0.01408177800476551,0.005750211887061596,10.0,1.0,10.0
778.0,0.11253206431865692,0.11253206431865692,0.004106655716896057,0.01405390165746212,0.005741160828620195,10.0,1.0,10.0
779.0,0.11239717900753021,0.11239717900753021,0.004105000756680965,0.014025989919900894,0.005732117686420679,10.0,1.0,10.0
780.0,0.11226236820220947,0.11226236820220947,0.004103333223611116,0.013998251408338547,0.005723078269511461,10.0,1.0,10.0
781.0,0.11212753504514694,0.11212753504514694,0.004101654980331659,0.01397058553993702,0.005714040249586105,10.0,1.0,10.0
782.0,0.11199291050434113,0.11199291050434113,0.00409998744726181,0.013942950405180454,0.0057050082832574844,10.0,1.0,10.0
783.0,0.11185835301876068,0.11185835301876068,0.004098314791917801,0.01391539815813303,0.005695980973541737,10.0,1.0,10.0
784.0,0.11172403395175934,0.11172403395175934,0.004096652381122112,0.013887971639633179,0.005686953663825989,10.0,1.0,10.0
785.0,0.11158955842256546,0.11158955842256546,0.0040949671529233456,0.013860570266842842,0.005677931942045689,10.0,1.0,10.0
786.0,0.11145536601543427,0.11145536601543427,0.004093298688530922,0.013833241537213326,0.0056689134798944,10.0,1.0,10.0
787.0,0.11132119596004486,0.11132119596004486,0.004091623704880476,0.013806001283228397,0.005659895949065685,10.0,1.0,10.0
788.0,0.11118718981742859,0.11118718981742859,0.004089950583875179,0.013778858818113804,0.005650882143527269,10.0,1.0,10.0
789.0,0.1110532358288765,0.1110532358288765,0.004088274203240871,0.013751738704741001,0.005641875322908163,10.0,1.0,10.0
790.0,0.11091938614845276,0.11091938614845276,0.004086592234671116,0.013724759221076965,0.005632870364934206,10.0,1.0,10.0
791.0,0.1107855960726738,0.1107855960726738,0.004084908869117498,0.01369782630354166,0.005623868200927973,10.0,1.0,10.0
792.0,0.11065195500850677,0.11065195500850677,0.004083233419805765,0.01367095299065113,0.0056148674339056015,10.0,1.0,10.0
793.0,0.1105184406042099,0.1105184406042099,0.004081557504832745,0.01364416629076004,0.005605869460850954,10.0,1.0,10.0
794.0,0.1103849858045578,0.1103849858045578,0.004079871810972691,0.013617490418255329,0.005596878472715616,10.0,1.0,10.0
795.0,0.11025150120258331,0.11025150120258331,0.004078177735209465,0.01359084527939558,0.005587887950241566,10.0,1.0,10.0
796.0,0.1101183146238327,0.1101183146238327,0.004076504148542881,0.01356427650898695,0.005578899756073952,10.0,1.0,10.0
797.0,0.10998517274856567,0.10998517274856567,0.004074818920344114,0.013537838123738766,0.005569914821535349,10.0,1.0,10.0
798.0,0.10985206067562103,0.10985206067562103,0.0040731304325163364,0.013511431403458118,0.005560932215303183,10.0,1.0,10.0
799.0,0.10971900075674057,0.10971900075674057,0.004071439150720835,0.013485079631209373,0.0055519528687000275,10.0,1.0,10.0
800.0,0.10958617925643921,0.10958617925643921,0.004069759510457516,0.013458858244121075,0.005542972590774298,10.0,1.0,10.0
801.0,0.10945330560207367,0.10945330560207367,0.004068062640726566,0.013432683423161507,0.005534000229090452,10.0,1.0,10.0
802.0,0.10932058095932007,0.10932058095932007,0.00406637042760849,0.013406583108007908,0.005525029730051756,10.0,1.0,10.0
803.0,0.1091880202293396,0.1091880202293396,0.0040646884590387344,0.01338055357336998,0.005516058299690485,10.0,1.0,10.0
804.0,0.10905547440052032,0.10905547440052032,0.00406299065798521,0.013354653492569923,0.005507091525942087,10.0,1.0,10.0
805.0,0.10892309248447418,0.10892309248447418,0.004061304498463869,0.013328765518963337,0.0054981280118227005,10.0,1.0,10.0
806.0,0.10879071056842804,0.10879071056842804,0.004059605300426483,0.013302985578775406,0.005489167291671038,10.0,1.0,10.0
807.0,0.10865844786167145,0.10865844786167145,0.004057909362018108,0.013277280144393444,0.0054802075028419495,10.0,1.0,10.0
808.0,0.10852629691362381,0.10852629691362381,0.004056218545883894,0.013251645490527153,0.005471246782690287,10.0,1.0,10.0
809.0,0.10839428007602692,0.10839428007602692,0.004054525401443243,0.013226102106273174,0.005462292581796646,10.0,1.0,10.0
810.0,0.10826227813959122,0.10826227813959122,0.004052822012454271,0.013200650922954082,0.005453340709209442,10.0,1.0,10.0
811.0,0.10813040286302567,0.10813040286302567,0.0040511274710297585,0.013175228610634804,0.0054443902336061,10.0,1.0,10.0
812.0,0.10799853503704071,0.10799853503704071,0.004049423150718212,0.013149915263056755,0.005435438361018896,10.0,1.0,10.0
813.0,0.10786685347557068,0.10786685347557068,0.004047721158713102,0.013124714605510235,0.00542649207636714,10.0,1.0,10.0
814.0,0.107735276222229,0.107735276222229,0.004046023823320866,0.013099521398544312,0.0054175518453121185,10.0,1.0,10.0
815.0,0.10760369896888733,0.10760369896888733,0.004044317174702883,0.013074444606900215,0.005408608354628086,10.0,1.0,10.0
816.0,0.10747222602367401,0.10747222602367401,0.004042607266455889,0.013049480505287647,0.00539966719225049,10.0,1.0,10.0
817.0,0.10734088718891144,0.10734088718891144,0.004040904808789492,0.013024536892771721,0.00539073022082448,10.0,1.0,10.0
818.0,0.10720968246459961,0.10720968246459961,0.004039205610752106,0.012999709695577621,0.005381791386753321,10.0,1.0,10.0
819.0,0.1070784404873848,0.1070784404873848,0.004037488717585802,0.012974961660802364,0.005372859071940184,10.0,1.0,10.0
820.0,0.10694745182991028,0.10694745182991028,0.004035796504467726,0.012950247153639793,0.00536392442882061,10.0,1.0,10.0
821.0,0.1068163812160492,0.1068163812160492,0.0040340786799788475,0.012925657443702221,0.005354993045330048,10.0,1.0,10.0
822.0,0.10668554902076721,0.10668554902076721,0.004032371565699577,0.012901167385280132,0.005346066318452358,10.0,1.0,10.0
823.0,0.10655470192432404,0.10655470192432404,0.0040306635200977325,0.012876694090664387,0.005337136797606945,10.0,1.0,10.0
824.0,0.1064239889383316,0.1064239889383316,0.004028951283544302,0.01285235583782196,0.005328211467713118,10.0,1.0,10.0
825.0,0.10629329830408096,0.10629329830408096,0.004027232062071562,0.012828092090785503,0.005319288466125727,10.0,1.0,10.0
826.0,0.10616286844015121,0.10616286844015121,0.004025529604405165,0.012803901918232441,0.005310366861522198,10.0,1.0,10.0
827.0,0.10603232681751251,0.10603232681751251,0.00402381457388401,0.012779760174453259,0.005301441997289658,10.0,1.0,10.0
828.0,0.10590198636054993,0.10590198636054993,0.004022098146378994,0.012755748815834522,0.005292525049299002,10.0,1.0,10.0
829.0,0.10577169060707092,0.10577169060707092,0.004020382184535265,0.012731799855828285,0.005283607169985771,10.0,1.0,10.0
830.0,0.10564148426055908,0.10564148426055908,0.004018664360046387,0.012707913294434547,0.005274693015962839,10.0,1.0,10.0
831.0,0.10551141202449799,0.10551141202449799,0.004016948863863945,0.012684136629104614,0.00526577839627862,10.0,1.0,10.0
832.0,0.10538135468959808,0.10538135468959808,0.004015226848423481,0.012660444714128971,0.005256864242255688,10.0,1.0,10.0
833.0,0.10525145381689072,0.10525145381689072,0.004013510420918465,0.012636799365282059,0.005247955210506916,10.0,1.0,10.0
834.0,0.1051216647028923,0.1051216647028923,0.0040117898024618626,0.012613293714821339,0.005239047575742006,10.0,1.0,10.0
835.0,0.1049918532371521,0.1049918532371521,0.004010063596069813,0.012589839287102222,0.005230138543993235,10.0,1.0,10.0
836.0,0.10486231744289398,0.10486231744289398,0.00400834996253252,0.012566467747092247,0.005221234634518623,10.0,1.0,10.0
837.0,0.10473273694515228,0.10473273694515228,0.00400662561878562,0.012543171644210815,0.005212330725044012,10.0,1.0,10.0
838.0,0.10460329055786133,0.10460329055786133,0.0040049017407000065,0.01251999568194151,0.005203427281230688,10.0,1.0,10.0
839.0,0.10447385907173157,0.10447385907173157,0.004003171343356371,0.01249687559902668,0.005194527097046375,10.0,1.0,10.0
840.0,0.10434463620185852,0.10434463620185852,0.0040014516562223434,0.012473833747208118,0.005185628775507212,10.0,1.0,10.0
841.0,0.10421545058488846,0.10421545058488846,0.003999719861894846,0.012450934387743473,0.00517673185095191,10.0,1.0,10.0
842.0,0.10408636927604675,0.10408636927604675,0.0039979987777769566,0.012428040616214275,0.005167834460735321,10.0,1.0,10.0
843.0,0.10395734757184982,0.10395734757184982,0.0039962721057236195,0.012405245564877987,0.005158938001841307,10.0,1.0,10.0
844.0,0.10382841527462006,0.10382841527462006,0.003994539845734835,0.012382589280605316,0.0051500434055924416,10.0,1.0,10.0
845.0,0.1036996990442276,0.1036996990442276,0.003992817830294371,0.012359977699816227,0.005141154397279024,10.0,1.0,10.0
846.0,0.10357087850570679,0.10357087850570679,0.0039910804480314255,0.012337449938058853,0.0051322621293365955,10.0,1.0,10.0
847.0,0.10344233363866806,0.10344233363866806,0.003989349585026503,0.012315066531300545,0.0051233768463134766,10.0,1.0,10.0
848.0,0.10331372916698456,0.10331372916698456,0.003987614065408707,0.012292709201574326,0.0051144883036613464,10.0,1.0,10.0
849.0,0.10318537056446075,0.10318537056446075,0.003985890652984381,0.012270466424524784,0.005105599761009216,10.0,1.0,10.0
850.0,0.1030569076538086,0.1030569076538086,0.003984147682785988,0.012248304672539234,0.005096713081002235,10.0,1.0,10.0
851.0,0.10292880237102509,0.10292880237102509,0.003982423804700375,0.012226235121488571,0.005087832920253277,10.0,1.0,10.0
852.0,0.10280059278011322,0.10280059278011322,0.0039806850254535675,0.012204250320792198,0.005078949499875307,10.0,1.0,10.0
853.0,0.10267255455255508,0.10267255455255508,0.0039789495058357716,0.012182362377643585,0.005070069804787636,10.0,1.0,10.0
854.0,0.10254453122615814,0.10254453122615814,0.003977208398282528,0.012160547077655792,0.005061189644038677,10.0,1.0,10.0
855.0,0.10241670161485672,0.10241670161485672,0.003975472413003445,0.012138862162828445,0.005052311345934868,10.0,1.0,10.0
856.0,0.10228893160820007,0.10228893160820007,0.003973735496401787,0.01211719959974289,0.005043437238782644,10.0,1.0,10.0
857.0,0.10216125845909119,0.10216125845909119,0.0039719948545098305,0.012095686048269272,0.005034562200307846,10.0,1.0,10.0
858.0,0.10203367471694946,0.10203367471694946,0.003970250021666288,0.012074251659214497,0.005025691818445921,10.0,1.0,10.0
859.0,0.10190622508525848,0.10190622508525848,0.003968514502048492,0.012052884325385094,0.005016819108277559,10.0,1.0,10.0
860.0,0.10177891701459885,0.10177891701459885,0.003966775722801685,0.012031651102006435,0.005007951054722071,10.0,1.0,10.0
861.0,0.1016516238451004,0.1016516238451004,0.0039650313556194305,0.012010467238724232,0.004999084398150444,10.0,1.0,10.0
862.0,0.10152440518140793,0.10152440518140793,0.003963284194469452,0.011989383958280087,0.004990217741578817,10.0,1.0,10.0
863.0,0.1013973131775856,0.1013973131775856,0.003961535636335611,0.011968431994318962,0.004981352481991053,10.0,1.0,10.0
864.0,0.10127043724060059,0.10127043724060059,0.003959805704653263,0.01194749679416418,0.0049724881537258625,10.0,1.0,10.0
865.0,0.10114353895187378,0.10114353895187378,0.0039580585435032845,0.011926713399589062,0.00496362429112196,10.0,1.0,10.0
866.0,0.1010168269276619,0.1010168269276619,0.003956309519708157,0.011906043626368046,0.004954768810421228,10.0,1.0,10.0
867.0,0.1008901298046112,0.1008901298046112,0.003954562824219465,0.011885395273566246,0.004945911001414061,10.0,1.0,10.0
868.0,0.10076352208852768,0.10076352208852768,0.003952815197408199,0.011864883825182915,0.004937048070132732,10.0,1.0,10.0
869.0,0.10063713788986206,0.10063713788986206,0.003951068501919508,0.011844508349895477,0.004928194917738438,10.0,1.0,10.0
870.0,0.10051076114177704,0.10051076114177704,0.003949315287172794,0.011824171990156174,0.0049193440936505795,10.0,1.0,10.0
871.0,0.10038456320762634,0.10038456320762634,0.0039475723169744015,0.011803918518126011,0.004910492338240147,10.0,1.0,10.0
872.0,0.10025840252637863,0.10025840252637863,0.003945817239582539,0.011783836409449577,0.004901639185845852,10.0,1.0,10.0
873.0,0.10013236105442047,0.10013236105442047,0.003944069612771273,0.011763766407966614,0.004892790224403143,10.0,1.0,10.0
874.0,0.10000647604465485,0.10000647604465485,0.0039423201233148575,0.011743818409740925,0.00488394545391202,10.0,1.0,10.0
875.0,0.09988070279359818,0.09988070279359818,0.003940568305552006,0.011724013835191727,0.0048751006834208965,10.0,1.0,10.0
876.0,0.09975497424602509,0.09975497424602509,0.003938816022127867,0.011704234406352043,0.0048662577755749226,10.0,1.0,10.0
877.0,0.09962943196296692,0.09962943196296692,0.003937068395316601,0.011684576980769634,0.0048574162647128105,10.0,1.0,10.0
878.0,0.09950391948223114,0.09950391948223114,0.003935305867344141,0.01166507974267006,0.00484857801347971,10.0,1.0,10.0
879.0,0.09937857836484909,0.09937857836484909,0.003933555446565151,0.011645613238215446,0.004839740693569183,10.0,1.0,10.0
880.0,0.09925331175327301,0.09925331175327301,0.003931803163141012,0.011626250110566616,0.0048309024423360825,10.0,1.0,10.0
881.0,0.09912815690040588,0.09912815690040588,0.003930043429136276,0.011607024818658829,0.004822069313377142,10.0,1.0,10.0
882.0,0.09900306910276413,0.09900306910276413,0.0039282855577766895,0.011587854474782944,0.0048132361844182014,10.0,1.0,10.0
883.0,0.09887818992137909,0.09887818992137909,0.003926531411707401,0.011568795889616013,0.004804407712072134,10.0,1.0,10.0
884.0,0.09875334799289703,0.09875334799289703,0.003924769349396229,0.011549856513738632,0.004795580171048641,10.0,1.0,10.0
885.0,0.09862872213125229,0.09862872213125229,0.003923020325601101,0.011530990712344646,0.004786752630025148,10.0,1.0,10.0
886.0,0.09850414842367172,0.09850414842367172,0.003921259194612503,0.011512255296111107,0.004777929745614529,10.0,1.0,10.0
887.0,0.09837968647480011,0.09837968647480011,0.00391949899494648,0.011493613012135029,0.004769108258187771,10.0,1.0,10.0
888.0,0.09825539588928223,0.09825539588928223,0.003917745780199766,0.011475063860416412,0.004760287702083588,10.0,1.0,10.0
889.0,0.09813111275434494,0.09813111275434494,0.003915979992598295,0.01145661249756813,0.004751469939947128,10.0,1.0,10.0
890.0,0.09800703078508377,0.09800703078508377,0.003914219792932272,0.011438277550041676,0.00474265543743968,10.0,1.0,10.0
891.0,0.09788301587104797,0.09788301587104797,0.0039124563336372375,0.011420031078159809,0.004733842797577381,10.0,1.0,10.0
892.0,0.09775923937559128,0.09775923937559128,0.0039107054471969604,0.011401889845728874,0.0047250292263925076,10.0,1.0,10.0
893.0,0.09763550013303757,0.09763550013303757,0.003908941522240639,0.01138385385274887,0.004716223105788231,10.0,1.0,10.0
894.0,0.09751182794570923,0.09751182794570923,0.003907175734639168,0.011365924030542374,0.004707415122538805,10.0,1.0,10.0
895.0,0.09738834202289581,0.09738834202289581,0.0039054127410054207,0.011348102241754532,0.004698611330240965,10.0,1.0,10.0
896.0,0.09726501256227493,0.09726501256227493,0.003903656965121627,0.011330374516546726,0.0046898070722818375,10.0,1.0,10.0
897.0,0.09714171290397644,0.09714171290397644,0.003901886288076639,0.011312744580209255,0.004681010264903307,10.0,1.0,10.0
898.0,0.09701858460903168,0.09701858460903168,0.0039001191034913063,0.011295247822999954,0.004672214388847351,10.0,1.0,10.0
899.0,0.09689563512802124,0.09689563512802124,0.0038983612321317196,0.011277817189693451,0.004663420375436544,10.0,1.0,10.0
900.0,0.09677278250455856,0.09677278250455856,0.0038965956773608923,0.011260529980063438,0.004654629621654749,10.0,1.0,10.0
901.0,0.09665001928806305,0.09665001928806305,0.003894828725606203,0.011243332177400589,0.004645840264856815,10.0,1.0,10.0
902.0,0.09652742743492126,0.09652742743492126,0.003893067128956318,0.011226227506995201,0.004637053236365318,10.0,1.0,10.0
903.0,0.09640489518642426,0.09640489518642426,0.0038912948220968246,0.011209238320589066,0.004628271330147982,10.0,1.0,10.0
904.0,0.09628255665302277,0.09628255665302277,0.0038895290344953537,0.011192377656698227,0.00461948849260807,10.0,1.0,10.0
905.0,0.09616032987833023,0.09616032987833023,0.0038877655752003193,0.011175553314387798,0.004610712174326181,10.0,1.0,10.0
906.0,0.09603819251060486,0.09603819251060486,0.0038859897758811712,0.01115893293172121,0.004601936787366867,10.0,1.0,10.0
907.0,0.0959162786602974,0.0959162786602974,0.003884226083755493,0.011142373085021973,0.004593164660036564,10.0,1.0,10.0
908.0,0.09579446166753769,0.09579446166753769,0.0038824668154120445,0.01112588681280613,0.0045843906700611115,10.0,1.0,10.0
909.0,0.09567274153232574,0.09567274153232574,0.0038806924130767584,0.011109569109976292,0.004575625527650118,10.0,1.0,10.0
910.0,0.09555124491453171,0.09555124491453171,0.003878931514918804,0.011093316599726677,0.004566860850900412,10.0,1.0,10.0
911.0,0.09542979300022125,0.09542979300022125,0.003877165261656046,0.011077165603637695,0.004558098036795855,10.0,1.0,10.0
912.0,0.09530849754810333,0.09530849754810333,0.0038753869011998177,0.011061190627515316,0.004549344070255756,10.0,1.0,10.0
913.0,0.09518735855817795,0.09518735855817795,0.003873619716614485,0.011045269668102264,0.004540589172393084,10.0,1.0,10.0
914.0,0.0950663760304451,0.0950663760304451,0.003871859982609749,0.011029425077140331,0.004531835205852985,10.0,1.0,10.0
915.0,0.0949454978108406,0.0949454978108406,0.003870081389322877,0.011013769544661045,0.004523091483861208,10.0,1.0,10.0
916.0,0.09482467919588089,0.09482467919588089,0.0038683018647134304,0.010998178273439407,0.004514348227530718,10.0,1.0,10.0
917.0,0.09470416605472565,0.09470416605472565,0.0038665502797812223,0.010982654988765717,0.004505600314587355,10.0,1.0,10.0
918.0,0.0945836752653122,0.0945836752653122,0.0038647716864943504,0.010967332869768143,0.004496862180531025,10.0,1.0,10.0
919.0,0.09446333348751068,0.09446333348751068,0.003862997516989708,0.010952063836157322,0.00448813010007143,10.0,1.0,10.0
920.0,0.0943431705236435,0.0943431705236435,0.0038612335920333862,0.010936867445707321,0.004479397088289261,10.0,1.0,10.0
921.0,0.09422318637371063,0.09422318637371063,0.003859461285173893,0.010921883396804333,0.004470669198781252,10.0,1.0,10.0
922.0,0.09410328418016434,0.09410328418016434,0.003857688046991825,0.010906929150223732,0.004461947828531265,10.0,1.0,10.0
923.0,0.09398354589939117,0.09398354589939117,0.003855923656374216,0.010892074555158615,0.004453224129974842,10.0,1.0,10.0
924.0,0.09386394917964935,0.09386394917964935,0.003854148555546999,0.010877403430640697,0.004444505553692579,10.0,1.0,10.0
925.0,0.09374455362558365,0.09374455362558365,0.003852381370961666,0.010862782597541809,0.004435795359313488,10.0,1.0,10.0
926.0,0.0936252698302269,0.0936252698302269,0.0038506111595779657,0.01084828283637762,0.004427087493240833,10.0,1.0,10.0
927.0,0.09350604563951492,0.09350604563951492,0.0038488321006298065,0.010833925567567348,0.0044183796271681786,10.0,1.0,10.0
928.0,0.09338712692260742,0.09338712692260742,0.0038470705039799213,0.010819637216627598,0.0044096787460148335,10.0,1.0,10.0
929.0,0.09326820075511932,0.09326820075511932,0.003845292143523693,0.010805472731590271,0.004400980658829212,10.0,1.0,10.0
930.0,0.09314951300621033,0.09314951300621033,0.003843521699309349,0.010791445150971413,0.004392285365611315,10.0,1.0,10.0
931.0,0.09303096681833267,0.09303096681833267,0.0038417521864175797,0.010777482762932777,0.004383596125990152,10.0,1.0,10.0
932.0,0.09291261434555054,0.09291261434555054,0.003839984303340316,0.010763654485344887,0.004374911542981863,10.0,1.0,10.0
933.0,0.09279431402683258,0.09279431402683258,0.003838207572698593,0.010749945417046547,0.00436622928828001,10.0,1.0,10.0
934.0,0.09267622232437134,0.09267622232437134,0.0038364396896213293,0.010736310854554176,0.0043575516901910305,10.0,1.0,10.0
935.0,0.09255830943584442,0.09255830943584442,0.0038346690125763416,0.010722818784415722,0.004348880145698786,10.0,1.0,10.0
936.0,0.09244053065776825,0.09244053065776825,0.0038328971713781357,0.010709450580179691,0.00434021046385169,10.0,1.0,10.0
937.0,0.09232288599014282,0.09232288599014282,0.003831126494333148,0.010696141049265862,0.004331547766923904,10.0,1.0,10.0
938.0,0.09220537543296814,0.09220537543296814,0.003829348599538207,0.010683000087738037,0.004322889260947704,10.0,1.0,10.0
939.0,0.09208807349205017,0.09208807349205017,0.0038275797851383686,0.010669945739209652,0.0043142326176166534,10.0,1.0,10.0
940.0,0.09197099506855011,0.09197099506855011,0.0038258200511336327,0.010656976141035557,0.004305582027882338,10.0,1.0,10.0
941.0,0.09185396134853363,0.09185396134853363,0.0038240402936935425,0.010644149035215378,0.004296941217035055,10.0,1.0,10.0
942.0,0.09173708409070969,0.09173708409070969,0.003822264727205038,0.010631432756781578,0.0042882999405264854,10.0,1.0,10.0
943.0,0.09162048995494843,0.09162048995494843,0.00382051058113575,0.010618764907121658,0.004279661923646927,10.0,1.0,10.0
944.0,0.09150393307209015,0.09150393307209015,0.0038187303580343723,0.010606303811073303,0.00427103228867054,10.0,1.0,10.0
945.0,0.09138751029968262,0.09138751029968262,0.003816954791545868,0.010593891143798828,0.004262407310307026,10.0,1.0,10.0
946.0,0.09127134084701538,0.09127134084701538,0.003815192263573408,0.010581576265394688,0.004253784194588661,10.0,1.0,10.0
947.0,0.09115531295537949,0.09115531295537949,0.003813421819359064,0.010569415986537933,0.004245168063789606,10.0,1.0,10.0
948.0,0.09103953838348389,0.09103953838348389,0.0038116606883704662,0.010557365603744984,0.004236557055264711,10.0,1.0,10.0
949.0,0.0909237265586853,0.0909237265586853,0.00380988628603518,0.01054534874856472,0.00422795070335269,10.0,1.0,10.0
950.0,0.0908082127571106,0.0908082127571106,0.0038081177044659853,0.010533547960221767,0.004219349008053541,10.0,1.0,10.0
951.0,0.09069280326366425,0.09069280326366425,0.00380634400062263,0.010521786287426949,0.004210757557302713,10.0,1.0,10.0
952.0,0.09057760238647461,0.09057760238647461,0.0038045826368033886,0.010510125197470188,0.004202165640890598,10.0,1.0,10.0
953.0,0.0904625952243805,0.0904625952243805,0.003802814520895481,0.010498633608222008,0.00419358117505908,10.0,1.0,10.0
954.0,0.09034775197505951,0.09034775197505951,0.0038010503631085157,0.010487210936844349,0.004185004159808159,10.0,1.0,10.0
955.0,0.0902329832315445,0.0902329832315445,0.003799277590587735,0.010475879535079002,0.004176432266831398,10.0,1.0,10.0
956.0,0.0901184231042862,0.0901184231042862,0.0037975118029862642,0.01046468410640955,0.004167862702161074,10.0,1.0,10.0
957.0,0.09000405669212341,0.09000405669212341,0.003795746946707368,0.010453589260578156,0.004159300122410059,10.0,1.0,10.0
958.0,0.08988985419273376,0.08988985419273376,0.0037939816247671843,0.010442591272294521,0.004150744527578354,10.0,1.0,10.0
959.0,0.08977584540843964,0.08977584540843964,0.0037922170013189316,0.010431705974042416,0.00414219731464982,10.0,1.0,10.0
960.0,0.08966200053691864,0.08966200053691864,0.0037904540076851845,0.010420948266983032,0.004133651498705149,10.0,1.0,10.0
961.0,0.08954820036888123,0.08954820036888123,0.003788683330640197,0.010410256683826447,0.004125111736357212,10.0,1.0,10.0
962.0,0.08943472802639008,0.08943472802639008,0.0037869219668209553,0.010399701073765755,0.004116580821573734,10.0,1.0,10.0
963.0,0.08932135999202728,0.08932135999202728,0.003785154316574335,0.010389257222414017,0.004108055494725704,10.0,1.0,10.0
964.0,0.08920814096927643,0.08920814096927643,0.0037833924870938063,0.0103788822889328,0.0040995338931679726,10.0,1.0,10.0
965.0,0.08909521996974945,0.08909521996974945,0.0037816374097019434,0.010368650779128075,0.0040910192765295506,10.0,1.0,10.0
966.0,0.08898233622312546,0.08898233622312546,0.0037798702251166105,0.010358507744967937,0.004082512576133013,10.0,1.0,10.0
967.0,0.08886969089508057,0.08886969089508057,0.0037781090941280127,0.010348452255129814,0.0040740142576396465,10.0,1.0,10.0
968.0,0.08875719457864761,0.08875719457864761,0.0037763495929539204,0.01033850759267807,0.0040655191987752914,10.0,1.0,10.0
969.0,0.08864479511976242,0.08864479511976242,0.0037745812442153692,0.010328682139515877,0.004057030193507671,10.0,1.0,10.0
970.0,0.08853276073932648,0.08853276073932648,0.0037728319875895977,0.010318937711417675,0.00404855003580451,10.0,1.0,10.0
971.0,0.08842073380947113,0.08842073380947113,0.0037710661999881268,0.010309329256415367,0.004040074069052935,10.0,1.0,10.0
972.0,0.08830903470516205,0.08830903470516205,0.003769318573176861,0.010299785993993282,0.004031606018543243,10.0,1.0,10.0
973.0,0.08819733560085297,0.08819733560085297,0.003767554648220539,0.010290353558957577,0.004023144021630287,10.0,1.0,10.0
974.0,0.08808594942092896,0.08808594942092896,0.0037657953798770905,0.010281062684953213,0.004014692734926939,10.0,1.0,10.0
975.0,0.0879746526479721,0.0879746526479721,0.0037640384398400784,0.010271791368722916,0.004006247501820326,10.0,1.0,10.0
976.0,0.08786363899707794,0.08786363899707794,0.003762290347367525,0.010262691415846348,0.003997804131358862,10.0,1.0,10.0
977.0,0.08775268495082855,0.08775268495082855,0.003760527353733778,0.010253679007291794,0.003989373333752155,10.0,1.0,10.0
978.0,0.08764193952083588,0.08764193952083588,0.0037587746046483517,0.010244709439575672,0.003980948124080896,10.0,1.0,10.0
979.0,0.0875314399600029,0.0875314399600029,0.003757023485377431,0.0102359214797616,0.003972528502345085,10.0,1.0,10.0
980.0,0.08742107450962067,0.08742107450962067,0.0037552728317677975,0.010227177292108536,0.003964116796851158,10.0,1.0,10.0
981.0,0.08731085062026978,0.08731085062026978,0.0037535149604082108,0.01021853368729353,0.0039557162672281265,10.0,1.0,10.0
982.0,0.0872008204460144,0.0872008204460144,0.0037517626769840717,0.010210023261606693,0.003947317600250244,10.0,1.0,10.0
983.0,0.08709102869033813,0.08709102869033813,0.003750018309801817,0.010201561264693737,0.003938927780836821,10.0,1.0,10.0
984.0,0.08698137104511261,0.08698137104511261,0.003748266724869609,0.010193218477070332,0.003930548205971718,10.0,1.0,10.0
985.0,0.08687187731266022,0.08687187731266022,0.0037465172354131937,0.010184966027736664,0.003922173287719488,10.0,1.0,10.0
986.0,0.08676263689994812,0.08676263689994812,0.003744774032384157,0.010176805779337883,0.003913809545338154,10.0,1.0,10.0
987.0,0.08665348589420319,0.08665348589420319,0.003743023844435811,0.01016874611377716,0.0039054504595696926,10.0,1.0,10.0
988.0,0.08654457330703735,0.08654457330703735,0.003741277614608407,0.01016078982502222,0.0038971006870269775,10.0,1.0,10.0
989.0,0.08643576502799988,0.08643576502799988,0.003739528823643923,0.010152886621654034,0.003888758597895503,10.0,1.0,10.0
990.0,0.08632723987102509,0.08632723987102509,0.003737787250429392,0.01014512125402689,0.0038804244250059128,10.0,1.0,10.0
991.0,0.08621881902217865,0.08621881902217865,0.003736045677214861,0.010137403383851051,0.00387209584005177,10.0,1.0,10.0
992.0,0.08611062169075012,0.08611062169075012,0.003734300844371319,0.01012981217354536,0.003863779827952385,10.0,1.0,10.0
993.0,0.08600258827209473,0.08600258827209473,0.0037325609009712934,0.01012229174375534,0.00385546893812716,10.0,1.0,10.0
994.0,0.08589476346969604,0.08589476346969604,0.003730823751538992,0.01011485606431961,0.0038471673615276814,10.0,1.0,10.0
995.0,0.08578711748123169,0.08578711748123169,0.0037290826439857483,0.010107544250786304,0.0038388753309845924,10.0,1.0,10.0
996.0,0.08567965030670166,0.08567965030670166,0.003727348055690527,0.01010026317089796,0.0038305907510221004,10.0,1.0,10.0
997.0,0.08557233214378357,0.08557233214378357,0.003725611139088869,0.01009309384971857,0.003822313155978918,10.0,1.0,10.0
998.0,0.08546526730060577,0.08546526730060577,0.0037238765507936478,0.010086026974022388,0.0038140479009598494,10.0,1.0,10.0
999.0,0.08535829186439514,0.08535829186439514,0.003722140798345208,0.010079015046358109,0.0038057868368923664,10.0,1.0,10.0
1000.0,0.08525161445140839,0.08525161445140839,0.0037204143591225147,0.01007212232798338,0.0037975343875586987,10.0,1.0,10.0
1001.0,0.08514504134654999,0.08514504134654999,0.003718681400641799,0.010065263137221336,0.0037892963737249374,10.0,1.0,10.0
1002.0,0.08503862470388412,0.08503862470388412,0.003716943087056279,0.010058537125587463,0.0037810655776411295,10.0,1.0,10.0
1003.0,0.0849323719739914,0.0849323719739914,0.0037152115255594254,0.010051855817437172,0.003772839903831482,10.0,1.0,10.0
1004.0,0.08482638001441956,0.08482638001441956,0.0037134827580302954,0.010045287199318409,0.003764627268537879,10.0,1.0,10.0
1005.0,0.08472049236297607,0.08472049236297607,0.0037117497995495796,0.010038763284683228,0.0037564230151474476,10.0,1.0,10.0
1006.0,0.08461479842662811,0.08461479842662811,0.0037100205663591623,0.010032347403466702,0.0037482241168618202,10.0,1.0,10.0
1007.0,0.08450941741466522,0.08450941741466522,0.0037083053030073643,0.010025990195572376,0.003740037092939019,10.0,1.0,10.0
1008.0,0.08440406620502472,0.08440406620502472,0.0037065758369863033,0.01001972146332264,0.003731858916580677,10.0,1.0,10.0
1009.0,0.0842989981174469,0.0842989981174469,0.003704855451360345,0.010013526305556297,0.0037236909847706556,10.0,1.0,10.0
1010.0,0.08419401943683624,0.08419401943683624,0.0037031308747828007,0.0100074028596282,0.003715530503541231,10.0,1.0,10.0
1011.0,0.08408930152654648,0.08408930152654648,0.003701413981616497,0.010001352988183498,0.0037073807325214148,10.0,1.0,10.0
1012.0,0.08398477733135223,0.08398477733135223,0.0036996975541114807,0.00999537855386734,0.003699242603033781,10.0,1.0,10.0
1013.0,0.08388032019138336,0.08388032019138336,0.0036979741416871548,0.009989466518163681,0.003691110759973526,10.0,1.0,10.0
1014.0,0.08377617597579956,0.08377617597579956,0.0036962665617465973,0.009983643889427185,0.003682987065985799,10.0,1.0,10.0
1015.0,0.08367207646369934,0.08367207646369934,0.003694538027048111,0.00997789017856121,0.0036748801358044147,10.0,1.0,10.0
1016.0,0.08356821537017822,0.08356821537017822,0.0036928278859704733,0.009972172789275646,0.003666776930913329,10.0,1.0,10.0
1017.0,0.08346458524465561,0.08346458524465561,0.0036911177448928356,0.009966559708118439,0.0036586846690624952,10.0,1.0,10.0
1018.0,0.08336112648248672,0.08336112648248672,0.0036894064396619797,0.009961018338799477,0.003650604048743844,10.0,1.0,10.0
1019.0,0.08325783908367157,0.08325783908367157,0.0036877011880278587,0.009955497458577156,0.00364253344014287,10.0,1.0,10.0
1020.0,0.08315469324588776,0.08315469324588776,0.0036859861575067043,0.009950119070708752,0.00363447074778378,10.0,1.0,10.0
1021.0,0.08305178582668304,0.08305178582668304,0.0036842860281467438,0.0099447350949049,0.0036264185328036547,10.0,1.0,10.0
1022.0,0.0829489678144455,0.0829489678144455,0.0036825742572546005,0.009939426556229591,0.003618379822000861,10.0,1.0,10.0
1023.0,0.08284638822078705,0.08284638822078705,0.003680869471281767,0.009934205561876297,0.003610349027439952,10.0,1.0,10.0
1024.0,0.08274395763874054,0.08274395763874054,0.0036791677121073008,0.00992901436984539,0.003602326847612858,10.0,1.0,10.0
1025.0,0.08264178037643433,0.08264178037643433,0.003677468281239271,0.009923919104039669,0.003594317240640521,10.0,1.0,10.0
1026.0,0.08253970742225647,0.08253970742225647,0.003675763960927725,0.009918860159814358,0.0035863202065229416,10.0,1.0,10.0
1027.0,0.08243785798549652,0.08243785798549652,0.003674070117995143,0.009913832880556583,0.003578332019969821,10.0,1.0,10.0
1028.0,0.08233621716499329,0.08233621716499329,0.0036723765078932047,0.009908934123814106,0.0035703517496585846,10.0,1.0,10.0
1029.0,0.08223462849855423,0.08223462849855423,0.0036706761457026005,0.009904022328555584,0.003562384517863393,10.0,1.0,10.0
1030.0,0.08213330805301666,0.08213330805301666,0.0036689869593828917,0.009899165481328964,0.003554427530616522,10.0,1.0,10.0
1031.0,0.08203215897083282,0.08203215897083282,0.0036672926507890224,0.00989443063735962,0.003546479856595397,10.0,1.0,10.0
1032.0,0.08193114399909973,0.08193114399909973,0.0036656023003160954,0.009889653883874416,0.0035385466180741787,10.0,1.0,10.0
1033.0,0.08183030784130096,0.08183030784130096,0.00366391078568995,0.009884987957775593,0.0035306205973029137,10.0,1.0,10.0
1034.0,0.0817297101020813,0.0817297101020813,0.0036622239276766777,0.009880384430289268,0.0035227080807089806,10.0,1.0,10.0
1035.0,0.08162927627563477,0.08162927627563477,0.0036605452187359333,0.009875771589577198,0.0035148058086633682,10.0,1.0,10.0
1036.0,0.08152896165847778,0.08152896165847778,0.0036588546354323626,0.009871285408735275,0.0035069133155047894,10.0,1.0,10.0
1037.0,0.08142879605293274,0.08142879605293274,0.0036571677774190903,0.009866785258054733,0.003499033395200968,10.0,1.0,10.0
1038.0,0.08132888376712799,0.08132888376712799,0.0036554927937686443,0.009862321428954601,0.0034911632537841797,10.0,1.0,10.0
1039.0,0.081229068338871,0.081229068338871,0.003653806634247303,0.009857943281531334,0.003483305685222149,10.0,1.0,10.0
1040.0,0.08112959563732147,0.08112959563732147,0.0036521388683468103,0.009853587485849857,0.00347546162083745,10.0,1.0,10.0
1041.0,0.08103012293577194,0.08103012293577194,0.003650459460914135,0.00984925590455532,0.0034676268696784973,10.0,1.0,10.0
1042.0,0.08093088865280151,0.08093088865280151,0.0036487856414169073,0.009845003485679626,0.0034598035272210836,10.0,1.0,10.0
1043.0,0.08083176612854004,0.08083176612854004,0.0036471104249358177,0.009840757586061954,0.0034519899636507034,10.0,1.0,10.0
1044.0,0.08073283731937408,0.08073283731937408,0.0036454410292208195,0.009836552664637566,0.0034441871102899313,10.0,1.0,10.0
1045.0,0.08063413202762604,0.08063413202762604,0.0036437720991671085,0.009832395240664482,0.0034364010207355022,10.0,1.0,10.0
1046.0,0.08053557574748993,0.08053557574748993,0.003642108989879489,0.009828256443142891,0.0034286226145923138,10.0,1.0,10.0
1047.0,0.08043721318244934,0.08043721318244934,0.003640443552285433,0.009824173524975777,0.0034208600409328938,10.0,1.0,10.0
1048.0,0.0803389698266983,0.0803389698266983,0.0036387804429978132,0.009820092469453812,0.003413107478991151,10.0,1.0,10.0
1049.0,0.0802408903837204,0.0802408903837204,0.00363711966201663,0.009816077537834644,0.0034053614363074303,10.0,1.0,10.0
1050.0,0.08014293760061264,0.08014293760061264,0.0036354525946080685,0.009812092408537865,0.0033976316917687654,10.0,1.0,10.0
1051.0,0.08004525303840637,0.08004525303840637,0.0036338013596832752,0.009808093309402466,0.003389914520084858,10.0,1.0,10.0
1052.0,0.07994763553142548,0.07994763553142548,0.0036321382503956556,0.00980416126549244,0.003382208989933133,10.0,1.0,10.0
1053.0,0.0798502042889595,0.0798502042889595,0.0036304823588579893,0.009800233878195286,0.0033745148684829473,10.0,1.0,10.0
1054.0,0.07975297421216965,0.07975297421216965,0.0036288322880864143,0.009796315804123878,0.00336683401837945,10.0,1.0,10.0
1055.0,0.07965588569641113,0.07965588569641113,0.003627174533903599,0.009792469441890717,0.003359167603775859,10.0,1.0,10.0
1056.0,0.07955898344516754,0.07955898344516754,0.003625530283898115,0.009788594208657742,0.0033515081740915775,10.0,1.0,10.0
1057.0,0.07946217060089111,0.07946217060089111,0.00362388021312654,0.009784759022295475,0.00334386108443141,10.0,1.0,10.0
1058.0,0.07936558127403259,0.07936558127403259,0.0036222285125404596,0.009780975058674812,0.0033362326212227345,10.0,1.0,10.0
1059.0,0.07926918566226959,0.07926918566226959,0.003620593575760722,0.009777146391570568,0.0033286099787801504,10.0,1.0,10.0
1060.0,0.07917290925979614,0.07917290925979614,0.003618947695940733,0.009773421101272106,0.0033210013061761856,10.0,1.0,10.0
1061.0,0.07907679677009583,0.07907679677009583,0.0036173113621771336,0.009769630618393421,0.003313405904918909,10.0,1.0,10.0
1062.0,0.07898079603910446,0.07898079603910446,0.003615668974816799,0.009765895083546638,0.003305820981040597,10.0,1.0,10.0
1063.0,0.07888498902320862,0.07888498902320862,0.003614033106714487,0.00976215023547411,0.0032982511911541224,10.0,1.0,10.0
1064.0,0.07878938317298889,0.07878938317298889,0.0036123995669186115,0.009758436121046543,0.0032906956039369106,10.0,1.0,10.0
1065.0,0.07869385182857513,0.07869385182857513,0.003610766027122736,0.009754707105457783,0.0032831490971148014,10.0,1.0,10.0
1066.0,0.07859855890274048,0.07859855890274048,0.003609134815633297,0.009751011617481709,0.0032756198197603226,10.0,1.0,10.0
1067.0,0.07850334048271179,0.07850334048271179,0.0036075066309422255,0.009747300297021866,0.0032680975273251534,10.0,1.0,10.0
1068.0,0.07840833067893982,0.07840833067893982,0.0036058821715414524,0.009743600152432919,0.0032605906017124653,10.0,1.0,10.0
1069.0,0.0783134251832962,0.0783134251832962,0.0036042530555278063,0.00973992794752121,0.003253096481785178,10.0,1.0,10.0
1070.0,0.07821861654520035,0.07821861654520035,0.003602624638006091,0.009736219421029091,0.0032456154003739357,10.0,1.0,10.0
1071.0,0.07812407612800598,0.07812407612800598,0.003601003671064973,0.009732562117278576,0.0032381475903093815,10.0,1.0,10.0
1072.0,0.07802963256835938,0.07802963256835938,0.003599386429414153,0.009728856384754181,0.0032306909561157227,10.0,1.0,10.0
1073.0,0.07793537527322769,0.07793537527322769,0.0035977705847471952,0.009725186042487621,0.0032232480589300394,10.0,1.0,10.0
1074.0,0.07784122973680496,0.07784122973680496,0.003596154972910881,0.009721500799059868,0.0032158182002604008,10.0,1.0,10.0
1075.0,0.07774724066257477,0.07774724066257477,0.0035945414565503597,0.009717789478600025,0.0032084037084132433,10.0,1.0,10.0
1076.0,0.07765334844589233,0.07765334844589233,0.003592924913391471,0.009714112617075443,0.0032009989954531193,10.0,1.0,10.0
1077.0,0.07755960524082184,0.07755960524082184,0.0035913148894906044,0.009710370562970638,0.0031936089508235455,10.0,1.0,10.0
1078.0,0.07746610045433044,0.07746610045433044,0.003589707426726818,0.009706692770123482,0.0031862338073551655,10.0,1.0,10.0
1079.0,0.07737268507480621,0.07737268507480621,0.0035881013609468937,0.009702960029244423,0.0031788714695721865,10.0,1.0,10.0
1080.0,0.07727937400341034,0.07727937400341034,0.003586497623473406,0.009699204005300999,0.003171519609168172,10.0,1.0,10.0
1081.0,0.07718625664710999,0.07718625664710999,0.003584891324862838,0.009695515036582947,0.003164182882755995,10.0,1.0,10.0
1082.0,0.07709329575300217,0.07709329575300217,0.0035832992289215326,0.009691698476672173,0.003156860126182437,10.0,1.0,10.0
1083.0,0.07700043171644211,0.07700043171644211,0.0035816971212625504,0.009687972255051136,0.0031495490111410618,10.0,1.0,10.0
1084.0,0.07690766453742981,0.07690766453742981,0.003580097109079361,0.009684167802333832,0.003142252331599593,10.0,1.0,10.0
1085.0,0.07681508362293243,0.07681508362293243,0.0035785078071057796,0.009680356830358505,0.0031349649652838707,10.0,1.0,10.0
1086.0,0.0767226591706276,0.0767226591706276,0.003576913382858038,0.009676544927060604,0.003127697855234146,10.0,1.0,10.0
1087.0,0.07663029432296753,0.07663029432296753,0.003575317794457078,0.00967270415276289,0.0031204414553940296,10.0,1.0,10.0
1088.0,0.07653814554214478,0.07653814554214478,0.0035737338475883007,0.009668839164078236,0.003113197162747383,10.0,1.0,10.0
1089.0,0.07644607126712799,0.07644607126712799,0.0035721471067517996,0.009664937853813171,0.003105966839939356,10.0,1.0,10.0
1090.0,0.07635418325662613,0.07635418325662613,0.003570559434592724,0.009661050513386726,0.003098753746598959,10.0,1.0,10.0
1091.0,0.07626240700483322,0.07626240700483322,0.0035689829383045435,0.009657100774347782,0.003091547405347228,10.0,1.0,10.0
1092.0,0.07617072761058807,0.07617072761058807,0.00356740178540349,0.009653128683567047,0.003084358060732484,10.0,1.0,10.0
1093.0,0.07607917487621307,0.07607917487621307,0.003565819002687931,0.009649161249399185,0.0030771829187870026,10.0,1.0,10.0
1094.0,0.07598777860403061,0.07598777860403061,0.0035642466973513365,0.00964510627090931,0.003070020815357566,10.0,1.0,10.0
1095.0,0.07589645683765411,0.07589645683765411,0.003562659490853548,0.009641086682677269,0.003062877571210265,10.0,1.0,10.0
1096.0,0.07580532878637314,0.07580532878637314,0.003561097662895918,0.009636971168220043,0.0030557378195226192,10.0,1.0,10.0
1097.0,0.07571430504322052,0.07571430504322052,0.0035595251247286797,0.009632877074182034,0.003048617858439684,10.0,1.0,10.0
1098.0,0.07562339305877686,0.07562339305877686,0.003557951422408223,0.009628751315176487,0.0030415132641792297,10.0,1.0,10.0
1099.0,0.07553259283304214,0.07553259283304214,0.003556391689926386,0.009624521248042583,0.003034415654838085,10.0,1.0,10.0
1100.0,0.07544193416833878,0.07544193416833878,0.003554816357791424,0.0096203638240695,0.0030273403972387314,10.0,1.0,10.0
1101.0,0.07535137236118317,0.07535137236118317,0.0035532615147531033,0.009616033174097538,0.003020272823050618,10.0,1.0,10.0
1102.0,0.07526090741157532,0.07526090741157532,0.003551691770553589,0.009611780755221844,0.003013220615684986,10.0,1.0,10.0
1103.0,0.07517059892416,0.07517059892416,0.003550132503733039,0.00960744172334671,0.0030061835423111916,10.0,1.0,10.0
1104.0,0.07508037984371185,0.07508037984371185,0.003548580687493086,0.009603023529052734,0.0029991548508405685,10.0,1.0,10.0
1105.0,0.07499025762081146,0.07499025762081146,0.003547016531229019,0.009598642587661743,0.002992144785821438,10.0,1.0,10.0
1106.0,0.07490032911300659,0.07490032911300659,0.0035454686731100082,0.009594145230948925,0.002985149621963501,10.0,1.0,10.0
1107.0,0.07481051236391068,0.07481051236391068,0.0035439198836684227,0.009589653462171555,0.002978165866807103,10.0,1.0,10.0
1108.0,0.07472066581249237,0.07472066581249237,0.003542358987033367,0.009585107676684856,0.002971197012811899,10.0,1.0,10.0
1109.0,0.07463108003139496,0.07463108003139496,0.0035408209078013897,0.009580476209521294,0.0029642395675182343,10.0,1.0,10.0
1110.0,0.07454149425029755,0.07454149425029755,0.003539266763255,0.009575851261615753,0.002957297954708338,10.0,1.0,10.0
1111.0,0.07445210218429565,0.07445210218429565,0.0035377242602407932,0.009571130387485027,0.0029503731057047844,10.0,1.0,10.0
1112.0,0.07436279952526093,0.07436279952526093,0.0035361878108233213,0.009566351771354675,0.002943456871435046,10.0,1.0,10.0
1113.0,0.07427361607551575,0.07427361607551575,0.0035346464719623327,0.009561593644320965,0.0029365557711571455,10.0,1.0,10.0
1114.0,0.07418448477983475,0.07418448477983475,0.0035331074614077806,0.009556703269481659,0.002929670736193657,10.0,1.0,10.0
1115.0,0.07409550249576569,0.07409550249576569,0.0035315724089741707,0.00955180823802948,0.0029227975755929947,10.0,1.0,10.0
1116.0,0.07400661706924438,0.07400661706924438,0.0035300394520163536,0.009546846151351929,0.0029159379191696644,10.0,1.0,10.0
1117.0,0.07391777634620667,0.07391777634620667,0.0035285011399537325,0.009541820734739304,0.00290909456089139,10.0,1.0,10.0
1118.0,0.07382911443710327,0.07382911443710327,0.003526974469423294,0.009536728262901306,0.0029022644739598036,10.0,1.0,10.0
1119.0,0.07374053448438644,0.07374053448438644,0.0035254466347396374,0.009531596675515175,0.0028954469598829746,10.0,1.0,10.0
1120.0,0.07365202903747559,0.07365202903747559,0.003523922525346279,0.009526372887194157,0.0028886429499834776,10.0,1.0,10.0
1121.0,0.07356362044811249,0.07356362044811249,0.003522390965372324,0.009521150030195713,0.002881856169551611,10.0,1.0,10.0
1122.0,0.07347527146339417,0.07347527146339417,0.0035208663903176785,0.00951581820845604,0.0028750787023454905,10.0,1.0,10.0
1123.0,0.07338706403970718,0.07338706403970718,0.003519346471875906,0.009510437026619911,0.002868316136300564,10.0,1.0,10.0
1124.0,0.07329897582530975,0.07329897582530975,0.0035178265534341335,0.009505009278655052,0.0028615694027394056,10.0,1.0,10.0
1125.0,0.07321089506149292,0.07321089506149292,0.0035163098946213722,0.009499471634626389,0.0028548329137265682,10.0,1.0,10.0
1126.0,0.07312295585870743,0.07312295585870743,0.003514787880703807,0.009493930265307426,0.0028481148183345795,10.0,1.0,10.0
1127.0,0.07303512096405029,0.07303512096405029,0.0035132814664393663,0.009488239884376526,0.0028414069674909115,10.0,1.0,10.0
1128.0,0.07294735312461853,0.07294735312461853,0.0035117631778120995,0.00948258675634861,0.0028347133193165064,10.0,1.0,10.0
1129.0,0.07285962998867035,0.07285962998867035,0.003510246751829982,0.009476788341999054,0.0028280369006097317,10.0,1.0,10.0
1130.0,0.0727720782160759,0.0727720782160759,0.003508744528517127,0.009470931254327297,0.0028213702607899904,10.0,1.0,10.0
1131.0,0.07268451899290085,0.07268451899290085,0.0035072281025350094,0.009465050883591175,0.0028147187549620867,10.0,1.0,10.0
1132.0,0.0725972056388855,0.0725972056388855,0.0035057375207543373,0.009459031745791435,0.002808080054819584,10.0,1.0,10.0
1133.0,0.07250984013080597,0.07250984013080597,0.0035042257513850927,0.009453019127249718,0.002801456255838275,10.0,1.0,10.0
1134.0,0.07242263853549957,0.07242263853549957,0.003502731677144766,0.009446862153708935,0.0027948457282036543,10.0,1.0,10.0
1135.0,0.07233549654483795,0.07233549654483795,0.0035012345761060715,0.009440688416361809,0.002788246376439929,10.0,1.0,10.0
1136.0,0.07224833965301514,0.07224833965301514,0.003499723272398114,0.009434415027499199,0.0027816693764179945,10.0,1.0,10.0
1137.0,0.07216133177280426,0.07216133177280426,0.0034982359502464533,0.009428015910089016,0.0027750954031944275,10.0,1.0,10.0
1138.0,0.07207437604665756,0.07207437604665756,0.0034967311657965183,0.00942166242748499,0.00276854052208364,10.0,1.0,10.0
1139.0,0.07198751717805862,0.07198751717805862,0.0034952391870319843,0.00941513106226921,0.0027619993779808283,10.0,1.0,10.0
1140.0,0.07190074026584625,0.07190074026584625,0.003493752097710967,0.009408535435795784,0.002755468711256981,10.0,1.0,10.0
1141.0,0.07181406021118164,0.07181406021118164,0.003492254763841629,0.009401954710483551,0.002748955972492695,10.0,1.0,10.0
1142.0,0.07172742486000061,0.07172742486000061,0.0034907751251012087,0.009395130909979343,0.002742454409599304,10.0,1.0,10.0
1143.0,0.07164092361927032,0.07164092361927032,0.0034892866387963295,0.009388401173055172,0.002735965885221958,10.0,1.0,10.0
1144.0,0.07155437022447586,0.07155437022447586,0.003487799083814025,0.009381484240293503,0.0027294897008687258,10.0,1.0,10.0
1145.0,0.07146798074245453,0.07146798074245453,0.0034863208420574665,0.009374497458338737,0.0027230274863541126,10.0,1.0,10.0
1146.0,0.07138167321681976,0.07138167321681976,0.0034848349168896675,0.00936751440167427,0.0027165815699845552,10.0,1.0,10.0
1147.0,0.07129538059234619,0.07129538059234619,0.003483364824205637,0.009360303170979023,0.002710143569856882,10.0,1.0,10.0
1148.0,0.07120919227600098,0.07120919227600098,0.0034818772692233324,0.009353174827992916,0.0027037246618419886,10.0,1.0,10.0
1149.0,0.07112304866313934,0.07112304866313934,0.0034804062452167273,0.00934583693742752,0.0026973155327141285,10.0,1.0,10.0
1150.0,0.07103699445724487,0.07103699445724487,0.0034789294004440308,0.009338509291410446,0.0026909189764410257,10.0,1.0,10.0
1151.0,0.07095102220773697,0.07095102220773697,0.0034774597734212875,0.009331035427749157,0.0026845389511436224,10.0,1.0,10.0
1152.0,0.07086499035358429,0.07086499035358429,0.003475980134680867,0.00932347122579813,0.0026781714987009764,10.0,1.0,10.0
1153.0,0.07077911496162415,0.07077911496162415,0.0034745060838758945,0.009315880946815014,0.002671817084774375,10.0,1.0,10.0
1154.0,0.07069340348243713,0.07069340348243713,0.0034730490297079086,0.009308145381510258,0.0026654768735170364,10.0,1.0,10.0
1155.0,0.07060757279396057,0.07060757279396057,0.003471572883427143,0.009300371631979942,0.0026591476052999496,10.0,1.0,10.0
1156.0,0.07052192091941833,0.07052192091941833,0.003470108611509204,0.009292489849030972,0.0026528341695666313,10.0,1.0,10.0
1157.0,0.0704362764954567,0.0704362764954567,0.0034686485305428505,0.009284527972340584,0.0026465265545994043,10.0,1.0,10.0
1158.0,0.07035069912672043,0.07035069912672043,0.0034671835601329803,0.00927645992487669,0.00264024012722075,10.0,1.0,10.0
1159.0,0.0702652856707573,0.0702652856707573,0.0034657283686101437,0.009268335998058319,0.00263396673835814,10.0,1.0,10.0
1160.0,0.07017975300550461,0.07017975300550461,0.0034642652608454227,0.009260093793272972,0.0026277005672454834,10.0,1.0,10.0
1161.0,0.07009432464838028,0.07009432464838028,0.00346280075609684,0.009251791052520275,0.002621452324092388,10.0,1.0,10.0
1162.0,0.07000898569822311,0.07000898569822311,0.0034613478928804398,0.009243395179510117,0.0026152110658586025,10.0,1.0,10.0
1163.0,0.06992372125387192,0.06992372125387192,0.0034598971251398325,0.009234901517629623,0.0026089849416166544,10.0,1.0,10.0
1164.0,0.0698384940624237,0.0698384940624237,0.003458439838141203,0.009226338006556034,0.0026027753483504057,10.0,1.0,10.0
1165.0,0.06975331902503967,0.06975331902503967,0.003456989536061883,0.009217670187354088,0.0025965748354792595,10.0,1.0,10.0
1166.0,0.0696682259440422,0.0696682259440422,0.003455543424934149,0.00920889899134636,0.002590389223769307,10.0,1.0,10.0
1167.0,0.06958305835723877,0.06958305835723877,0.003454087069258094,0.00920006725937128,0.0025842119939625263,10.0,1.0,10.0
1168.0,0.06949803233146667,0.06949803233146667,0.003452637232840061,0.009191110730171204,0.002578055253252387,10.0,1.0,10.0
1169.0,0.06941311061382294,0.06941311061382294,0.0034511960111558437,0.009182109497487545,0.0025719041004776955,10.0,1.0,10.0
1170.0,0.06932815909385681,0.06932815909385681,0.0034497478045523167,0.009172972291707993,0.0025657713413238525,10.0,1.0,10.0
1171.0,0.06924337148666382,0.06924337148666382,0.003448310773819685,0.009163779206573963,0.0025596485938876867,10.0,1.0,10.0
1172.0,0.06915848702192307,0.06915848702192307,0.0034468667581677437,0.009154482744634151,0.002553533762693405,10.0,1.0,10.0
1173.0,0.06907366961240768,0.06907366961240768,0.0034454213455319405,0.009145085699856281,0.0025474373251199722,10.0,1.0,10.0
1174.0,0.06898895651102066,0.06898895651102066,0.003443982219323516,0.009135614149272442,0.0025413520634174347,10.0,1.0,10.0
1175.0,0.06890422850847244,0.06890422850847244,0.003442541928961873,0.009126035496592522,0.002535277744755149,10.0,1.0,10.0
1176.0,0.06881961971521378,0.06881961971521378,0.0034411074593663216,0.00911637768149376,0.0025292166974395514,10.0,1.0,10.0
1177.0,0.06873505562543869,0.06873505562543869,0.0034396727569401264,0.00910663977265358,0.002523168921470642,10.0,1.0,10.0
1178.0,0.0686505138874054,0.0686505138874054,0.0034382413141429424,0.009096774272620678,0.0025171320885419846,10.0,1.0,10.0
1179.0,0.0685659795999527,0.0685659795999527,0.0034368066117167473,0.00908686127513647,0.0025111050345003605,10.0,1.0,10.0
1180.0,0.06848156452178955,0.06848156452178955,0.003435374703258276,0.009076841175556183,0.0025050975382328033,10.0,1.0,10.0
1181.0,0.06839710474014282,0.06839710474014282,0.0034339474514126778,0.009066708385944366,0.0024990923702716827,10.0,1.0,10.0
1182.0,0.06831272691488266,0.06831272691488266,0.003432513913139701,0.009056522510945797,0.0024931065272539854,10.0,1.0,10.0
1183.0,0.06822840124368668,0.06822840124368668,0.0034310929477214813,0.009046196937561035,0.002487127436324954,10.0,1.0,10.0
1184.0,0.06814407557249069,0.06814407557249069,0.003429658245295286,0.009035838767886162,0.0024811653420329094,10.0,1.0,10.0
1185.0,0.06805979460477829,0.06805979460477829,0.0034282354172319174,0.009025325067341328,0.0024752116296440363,10.0,1.0,10.0
1186.0,0.06797561049461365,0.06797561049461365,0.0034268125891685486,0.009014771319925785,0.0024692711886018515,10.0,1.0,10.0
1187.0,0.0678914487361908,0.0678914487361908,0.0034253913909196854,0.009004081599414349,0.002463345415890217,10.0,1.0,10.0
1188.0,0.06780727207660675,0.06780727207660675,0.0034239720553159714,0.00899331085383892,0.0024574240669608116,10.0,1.0,10.0
1189.0,0.06772314757108688,0.06772314757108688,0.0034225434064865112,0.008982480503618717,0.002451523207128048,10.0,1.0,10.0
1190.0,0.06763917207717896,0.06763917207717896,0.0034211354795843363,0.008971517905592918,0.002445630030706525,10.0,1.0,10.0
1191.0,0.06755506992340088,0.06755506992340088,0.003419707529246807,0.008960509672760963,0.002439748262986541,10.0,1.0,10.0
1192.0,0.06747119128704071,0.06747119128704071,0.003418306354433298,0.008949357084929943,0.0024338767398148775,10.0,1.0,10.0
1193.0,0.06738713383674622,0.06738713383674622,0.0034168791025877,0.00893816165626049,0.002428018022328615,10.0,1.0,10.0
1194.0,0.06730321049690247,0.06730321049690247,0.00341546768322587,0.008926832117140293,0.0024221702478826046,10.0,1.0,10.0
1195.0,0.06721936911344528,0.06721936911344528,0.0034140569623559713,0.008915454149246216,0.002416334580630064,10.0,1.0,10.0
1196.0,0.0671355202794075,0.0671355202794075,0.0034126455429941416,0.008903928101062775,0.00241051334887743,10.0,1.0,10.0
1197.0,0.06705170124769211,0.06705170124769211,0.0034112310968339443,0.008892394602298737,0.002404699334874749,10.0,1.0,10.0
1198.0,0.06696787476539612,0.06696787476539612,0.0034098196774721146,0.008880685083568096,0.0023988988250494003,10.0,1.0,10.0
1199.0,0.06688420474529266,0.06688420474529266,0.003408416174352169,0.0088689299300313,0.002393111353740096,10.0,1.0,10.0
1200.0,0.06680040061473846,0.06680040061473846,0.0034069980029016733,0.008857105858623981,0.002387331798672676,10.0,1.0,10.0
1201.0,0.06671682000160217,0.06671682000160217,0.003405602416023612,0.0088451337069273,0.002381566446274519,10.0,1.0,10.0
1202.0,0.06663308292627335,0.06663308292627335,0.003404190531000495,0.008833121508359909,0.002375805750489235,10.0,1.0,10.0
1203.0,0.06654950976371765,0.06654950976371765,0.0034027891233563423,0.008820980787277222,0.0023700641468167305,10.0,1.0,10.0
1204.0,0.06646593660116196,0.06646593660116196,0.003401386784389615,0.00880876462906599,0.0023643302265554667,10.0,1.0,10.0
1205.0,0.06638228893280029,0.06638228893280029,0.0033999751321971416,0.008796491660177708,0.0023586046881973743,10.0,1.0,10.0
1206.0,0.06629880517721176,0.06629880517721176,0.0033985786139965057,0.008784067817032337,0.002352895447984338,10.0,1.0,10.0
1207.0,0.06621528416872025,0.06621528416872025,0.0033971741795539856,0.0087716244161129,0.002347191795706749,10.0,1.0,10.0
1208.0,0.06613189727067947,0.06613189727067947,0.0033957792911678553,0.008759050630033016,0.002341505140066147,10.0,1.0,10.0
1209.0,0.06604845821857452,0.06604845821857452,0.003394386963918805,0.008746367879211903,0.0023358226753771305,10.0,1.0,10.0
1210.0,0.06596510112285614,0.06596510112285614,0.003392986487597227,0.008733675815165043,0.0023301562760025263,10.0,1.0,10.0
1211.0,0.06588170677423477,0.06588170677423477,0.003391592763364315,0.008720786310732365,0.0023244989570230246,10.0,1.0,10.0
1212.0,0.06579838693141937,0.06579838693141937,0.003390193684026599,0.00870792381465435,0.002318852348253131,10.0,1.0,10.0
1213.0,0.0657150000333786,0.0657150000333786,0.0033887987956404686,0.008694877848029137,0.0023132129572331905,10.0,1.0,10.0
1214.0,0.06563176214694977,0.06563176214694977,0.0033874046057462692,0.00868181698024273,0.0023075903300195932,10.0,1.0,10.0
1215.0,0.06554852426052094,0.06554852426052094,0.0033860155381262302,0.008668641559779644,0.0023019730579108,10.0,1.0,10.0
1216.0,0.06546533107757568,0.06546533107757568,0.0033846248406916857,0.008655357174575329,0.0022963720839470625,10.0,1.0,10.0
1217.0,0.06538212299346924,0.06538212299346924,0.003383233677595854,0.008642040193080902,0.00229077460244298,10.0,1.0,10.0
1218.0,0.06529900431632996,0.06529900431632996,0.0033818460069596767,0.008628582581877708,0.002285195514559746,10.0,1.0,10.0
1219.0,0.06521585583686829,0.06521585583686829,0.0033804606646299362,0.008615080267190933,0.0022796173579990864,10.0,1.0,10.0
1220.0,0.0651327446103096,0.0651327446103096,0.003379066940397024,0.00860148947685957,0.0022740585263818502,10.0,1.0,10.0
1221.0,0.06504970788955688,0.06504970788955688,0.00337769091129303,0.008587763644754887,0.0022685036528855562,10.0,1.0,10.0
1222.0,0.06496664881706238,0.06496664881706238,0.003376296954229474,0.008574052713811398,0.002262962982058525,10.0,1.0,10.0
1223.0,0.06488367170095444,0.06488367170095444,0.0033749211579561234,0.00856016855686903,0.00225742906332016,10.0,1.0,10.0
1224.0,0.06480064988136292,0.06480064988136292,0.0033735265024006367,0.00854626763612032,0.002251911908388138,10.0,1.0,10.0
1225.0,0.06471773982048035,0.06471773982048035,0.0033721544314175844,0.008532232604920864,0.0022463961504399776,10.0,1.0,10.0
1226.0,0.06463480740785599,0.06463480740785599,0.0033707658294588327,0.008518146350979805,0.0022408997174352407,10.0,1.0,10.0
1227.0,0.06455189734697342,0.06455189734697342,0.0033693870063871145,0.008503968827426434,0.002235405845567584,10.0,1.0,10.0
1228.0,0.06446908414363861,0.06446908414363861,0.0033680060878396034,0.008489727973937988,0.002229929668828845,10.0,1.0,10.0
1229.0,0.06438618898391724,0.06438618898391724,0.003366626799106598,0.00847538374364376,0.0022244539577513933,10.0,1.0,10.0
1230.0,0.0643034279346466,0.0643034279346466,0.003365249838680029,0.00846096407622099,0.002218996174633503,10.0,1.0,10.0
1231.0,0.06422056257724762,0.06422056257724762,0.003363868687301874,0.0084464643150568,0.0022135416511446238,10.0,1.0,10.0
1232.0,0.06413792073726654,0.06413792073726654,0.0033625003416091204,0.00843191146850586,0.002208100399002433,10.0,1.0,10.0
1233.0,0.06405514478683472,0.06405514478683472,0.00336111756041646,0.008417254313826561,0.002202671952545643,10.0,1.0,10.0
1234.0,0.06397251039743423,0.06397251039743423,0.0033597522415220737,0.008402529172599316,0.0021972458343952894,10.0,1.0,10.0
1235.0,0.06388981640338898,0.06388981640338898,0.0033583673648536205,0.00838775746524334,0.002191838575527072,10.0,1.0,10.0
1236.0,0.06380727142095566,0.06380727142095566,0.0033570141531527042,0.008372821845114231,0.002186431083828211,10.0,1.0,10.0
1237.0,0.06372465193271637,0.06372465193271637,0.0033556241542100906,0.008357943035662174,0.002181046875193715,10.0,1.0,10.0
1238.0,0.06364203244447708,0.06364203244447708,0.003354269079864025,0.008342812769114971,0.0021756524220108986,10.0,1.0,10.0
1239.0,0.06355953216552734,0.06355953216552734,0.0033528758212924004,0.008327856659889221,0.0021702914964407682,10.0,1.0,10.0
1240.0,0.06347700208425522,0.06347700208425522,0.003351532854139805,0.0083125289529562,0.002164914272725582,10.0,1.0,10.0
1241.0,0.06339457631111145,0.06339457631111145,0.0033501358702778816,0.008297454565763474,0.002159576630219817,10.0,1.0,10.0
1242.0,0.06331215798854828,0.06331215798854828,0.0033488087356090546,0.008281946182250977,0.0021542124450206757,10.0,1.0,10.0
1243.0,0.06322970986366272,0.06322970986366272,0.0033473949879407883,0.00826674047857523,0.002148902043700218,10.0,1.0,10.0
1244.0,0.06314735114574432,0.06314735114574432,0.003346078097820282,0.008251100778579712,0.0021435474045574665,10.0,1.0,10.0
1245.0,0.06306503713130951,0.06306503713130951,0.003344660857692361,0.008235775865614414,0.002138265175744891,10.0,1.0,10.0
1246.0,0.06298262625932693,0.06298262625932693,0.003343349788337946,0.008219941519200802,0.002132918918505311,10.0,1.0,10.0
1247.0,0.06290039420127869,0.06290039420127869,0.0033419206738471985,0.008204516023397446,0.002127666724845767,10.0,1.0,10.0
1248.0,0.06281823664903641,0.06281823664903641,0.0033406515140086412,0.00818847306072712,0.0021223246585577726,10.0,1.0,10.0
1249.0,0.06273597478866577,0.06273597478866577,0.0033391809556633234,0.00817306898534298,0.0021171090193092823,10.0,1.0,10.0
1250.0,0.06265374273061752,0.06265374273061752,0.0033379464875906706,0.008156685158610344,0.0021117590367794037,10.0,1.0,10.0
1251.0,0.06257158517837524,0.06257158517837524,0.0033364230766892433,0.008141408674418926,0.002106594853103161,10.0,1.0,10.0
1252.0,0.06248949468135834,0.06248949468135834,0.003335263580083847,0.00812460295855999,0.002101225545629859,10.0,1.0,10.0
1253.0,0.06240743026137352,0.06240743026137352,0.003333660075441003,0.008109532296657562,0.0020961295813322067,10.0,1.0,10.0
1254.0,0.06232539564371109,0.06232539564371109,0.003332612570375204,0.008092177100479603,0.0020907092839479446,10.0,1.0,10.0
1255.0,0.06224340945482254,0.06224340945482254,0.0033308654092252254,0.008077551610767841,0.002085720421746373,10.0,1.0,10.0
1256.0,0.06216149404644966,0.06216149404644966,0.00333000672981143,0.008059344254434109,0.002080208156257868,10.0,1.0,10.0
1257.0,0.06207955628633499,0.06207955628633499,0.003328019753098488,0.00804555881768465,0.002075380180031061,10.0,1.0,10.0
1258.0,0.06199769675731659,0.06199769675731659,0.0033274695742875338,0.008026055060327053,0.0020696944557130337,10.0,1.0,10.0
1259.0,0.06191591918468475,0.06191591918468475,0.0033250655978918076,0.00801383052021265,0.002065143547952175,10.0,1.0,10.0
1260.0,0.06183433532714844,0.06183433532714844,0.0033250893466174603,0.007992120459675789,0.002059132093563676,10.0,1.0,10.0
1261.0,0.061752885580062866,0.061752885580062866,0.0033219410106539726,0.007982923649251461,0.002055054996162653,10.0,1.0,10.0
1262.0,0.06167161464691162,0.06167161464691162,0.003322962671518326,0.007957469671964645,0.0020484516862779856,10.0,1.0,10.0
1263.0,0.06159092113375664,0.06159092113375664,0.003318452276289463,0.007954227738082409,0.002045217202976346,10.0,1.0,10.0
1264.0,0.06151102855801582,0.06151102855801582,0.0033213389106094837,0.007922538556158543,0.0020375102758407593,10.0,1.0,10.0
1265.0,0.06143280118703842,0.06143280118703842,0.0033143041655421257,0.007931379601359367,0.00203583762049675,10.0,1.0,10.0
1266.0,0.06135747581720352,0.06135747581720352,0.0033206716179847717,0.007890240289270878,0.0020260519813746214,10.0,1.0,10.0
1267.0,0.06128765642642975,0.06128765642642975,0.0033088719937950373,0.00792565569281578,0.0020273278933018446,10.0,1.0,10.0
1268.0,0.06122857704758644,0.06122857704758644,0.003321884199976921,0.00787397287786007,0.0020135764498263597,10.0,1.0,10.0
1269.0,0.06118989735841751,0.06118989735841751,0.003300956916064024,0.007974797859787941,0.0020205529872328043,10.0,1.0,10.0
1270.0,0.06119184195995331,0.06119184195995331,0.0033269154373556376,0.007930973544716835,0.001999170985072851,10.0,1.0,10.0
1271.0,0.06127096340060234,0.06127096340060234,0.0032882976811379194,0.008213691413402557,0.0020174295641481876,10.0,1.0,10.0
1272.0,0.06150555610656738,0.06150555610656738,0.0033398440573364496,0.00829345639795065,0.001981365494430065,10.0,1.0,10.0
1273.0,0.06202227994799614,0.06202227994799614,0.0032670809887349606,0.00912877544760704,0.0020222694147378206,10.0,1.0,10.0
1274.0,0.06309761852025986,0.06309761852025986,0.0033688496332615614,0.009821069426834583,0.0019588053692132235,10.0,1.0,10.0
1275.0,0.065019391477108,0.065019391477108,0.003233926370739937,0.012240023352205753,0.0020440106745809317,10.0,1.0,10.0
1276.0,0.06838590651750565,0.06838590651750565,0.0034259820822626352,0.014786649495363235,0.0019339433638378978,10.0,1.0,10.0
1277.0,0.07275992631912231,0.07275992631912231,0.003198385238647461,0.019860759377479553,0.00209153164178133,10.0,1.0,10.0
1278.0,0.0777096301317215,0.0777096301317215,0.003502847859635949,0.02352011576294899,0.0019161032978445292,10.0,1.0,10.0
1279.0,0.07917257398366928,0.07917257398366928,0.0032017440535128117,0.025843026116490364,0.0021312108729034662,10.0,1.0,10.0
1280.0,0.07595472782850266,0.07595472782850266,0.0035022199153900146,0.021832086145877838,0.0019100443460047245,10.0,1.0,10.0
1281.0,0.06822409480810165,0.06822409480810165,0.0032683212775737047,0.014847728423774242,0.002069315407425165,10.0,1.0,10.0
1282.0,0.061926327645778656,0.061926327645778656,0.0033429665490984917,0.009094753302633762,0.0019401910249143839,10.0,1.0,10.0
1283.0,0.060900308191776276,0.060900308191776276,0.0033532739616930485,0.007851987145841122,0.0019515582825988531,10.0,1.0,10.0
1284.0,0.06411963701248169,0.06411963701248169,0.003211528994143009,0.011917604133486748,0.002008674666285515,10.0,1.0,10.0
1285.0,0.0674649327993393,0.0674649327993393,0.003418894484639168,0.01435154490172863,0.0018924446776509285,10.0,1.0,10.0
1286.0,0.0673251524567604,0.0673251524567604,0.0032568303868174553,0.014370591379702091,0.0020386255346238613,10.0,1.0,10.0
1287.0,0.06429414451122284,0.06429414451122284,0.003387764096260071,0.011375433765351772,0.0019041066989302635,10.0,1.0,10.0
1288.0,0.061239711940288544,0.061239711940288544,0.0033365313429385424,0.00812297873198986,0.0019751423969864845,10.0,1.0,10.0
1289.0,0.060531362891197205,0.060531362891197205,0.0032529770396649837,0.008603177964687347,0.001939841196872294,10.0,1.0,10.0
1290.0,0.06182565540075302,0.06182565540075302,0.0033619841560721397,0.00936797820031643,0.0018837832612916827,10.0,1.0,10.0
1291.0,0.06306975334882736,0.06306975334882736,0.003247216809540987,0.010928072035312653,0.0019669514149427414,10.0,1.0,10.0
1292.0,0.06291548907756805,0.06291548907756805,0.0033689928241074085,0.010497323237359524,0.0018728234572336078,10.0,1.0,10.0
1293.0,0.06152554228901863,0.06152554228901863,0.0033285515382885933,0.008641968481242657,0.001959805842489004,10.0,1.0,10.0
1294.0,0.06017061322927475,0.06017061322927475,0.0032862089574337006,0.008338947780430317,0.001896957866847515,10.0,1.0,10.0
1295.0,0.05979499965906143,0.05979499965906143,0.0033316726330667734,0.007636672351509333,0.0018841596320271492,10.0,1.0,10.0
1296.0,0.060299716889858246,0.060299716889858246,0.003241400932893157,0.008702384307980537,0.0019183324184268713,10.0,1.0,10.0
1297.0,0.06087540462613106,0.06087540462613106,0.0033295489847660065,0.009016965515911579,0.0018562950426712632,10.0,1.0,10.0
1298.0,0.060778144747018814,0.060778144747018814,0.0033034367952495813,0.0084112249314785,0.0019332550000399351,10.0,1.0,10.0
1299.0,0.05999910831451416,0.05999910831451416,0.0032930425368249416,0.008332356810569763,0.0018736326601356268,10.0,1.0,10.0
1300.0,0.059172168374061584,0.059172168374061584,0.0033068566117435694,0.007248002104461193,0.0018855598755180836,10.0,1.0,10.0
1301.0,0.058928485959768295,0.058928485959768295,0.0032445997931063175,0.007688784506171942,0.0018793706549331546,10.0,1.0,10.0
1302.0,0.0592820979654789,0.0592820979654789,0.0032972325570881367,0.007891900837421417,0.0018417872488498688,10.0,1.0,10.0
1303.0,0.059652455151081085,0.059652455151081085,0.003281243145465851,0.007886458188295364,0.0018953566905111074,10.0,1.0,10.0
1304.0,0.05950590968132019,0.05950590968132019,0.0032899570651352406,0.00818296242505312,0.0018423378933221102,10.0,1.0,10.0
1305.0,0.0588933601975441,0.0588933601975441,0.0032938418444246054,0.007271970622241497,0.0018682972295209765,10.0,1.0,10.0
1306.0,0.05835127457976341,0.05835127457976341,0.0032567614689469337,0.007387904450297356,0.0018395755905658007,10.0,1.0,10.0
1307.0,0.05829334631562233,0.05829334631562233,0.003277348820120096,0.007271969225257635,0.0018247892148792744,10.0,1.0,10.0
1308.0,0.05858667939901352,0.05858667939901352,0.003268179949373007,0.007382252253592014,0.0018522626487538218,10.0,1.0,10.0
1309.0,0.058758825063705444,0.058758825063705444,0.0032798650208860636,0.007815960794687271,0.0018144213827326894,10.0,1.0,10.0
1310.0,0.05852987989783287,0.05852987989783287,0.003278568619862199,0.007284027989953756,0.0018460166174918413,10.0,1.0,10.0
1311.0,0.05807609111070633,0.05807609111070633,0.003261137055233121,0.00736647006124258,0.0018098251894116402,10.0,1.0,10.0
1312.0,0.05777936056256294,0.05777936056256294,0.003260124707594514,0.007054443005472422,0.0018123667687177658,10.0,1.0,10.0
1313.0,0.0578027218580246,0.0578027218580246,0.0032581062987446785,0.0070617361925542355,0.0018159924075007439,10.0,1.0,10.0
1314.0,0.05796302109956741,0.05796302109956741,0.0032607857137918472,0.007404635194689035,0.001795052783563733,10.0,1.0,10.0
1315.0,0.057979028671979904,0.057979028671979904,0.003263257909566164,0.007149403914809227,0.0018197048921138048,10.0,1.0,10.0
1316.0,0.057768963277339935,0.057768963277339935,0.0032593151554465294,0.007325139362365007,0.0017850670265033841,10.0,1.0,10.0
1317.0,0.057489775121212006,0.057489775121212006,0.0032484252005815506,0.007022297941148281,0.0017983225407078862,10.0,1.0,10.0
1318.0,0.05733071640133858,0.05733071640133858,0.0032542990520596504,0.0069517940282821655,0.001783593324944377,10.0,1.0,10.0
1319.0,0.05732464790344238,0.05732464790344238,0.0032454263418912888,0.007101431488990784,0.0017768951365724206,10.0,1.0,10.0
1320.0,0.057356096804142,0.057356096804142,0.003255045274272561,0.006937292404472828,0.0017868353752419353,10.0,1.0,10.0
1321.0,0.05730781704187393,0.05730781704187393,0.0032520112581551075,0.007167301140725613,0.0017620401922613382,10.0,1.0,10.0
1322.0,0.0571693480014801,0.0571693480014801,0.0032424977980554104,0.006976706441491842,0.0017767666140571237,10.0,1.0,10.0
1323.0,0.05701279640197754,0.05701279640197754,0.003252672031521797,0.006947092711925507,0.001753898453898728,10.0,1.0,10.0
1324.0,0.05690258368849754,0.05690258368849754,0.0032340518664568663,0.006972945295274258,0.001758911763317883,10.0,1.0,10.0
1325.0,0.05684223398566246,0.05684223398566246,0.0032499877270311117,0.006800743751227856,0.001754161436110735,10.0,1.0,10.0
1326.0,0.056794822216033936,0.056794822216033936,0.0032392232678830624,0.006973064038902521,0.0017429525032639503,10.0,1.0,10.0
1327.0,0.056731320917606354,0.056731320917606354,0.003238977864384651,0.0068370625376701355,0.0017504479037597775,10.0,1.0,10.0
1328.0,0.05664899945259094,0.05664899945259094,0.003245630068704486,0.006885182578116655,0.0017307513626292348,10.0,1.0,10.0
1329.0,0.05655848979949951,0.05655848979949951,0.0032269491348415613,0.0068894848227500916,0.001739951316267252,10.0,1.0,10.0
1330.0,0.05646699666976929,0.05646699666976929,0.0032461057417094707,0.00675247423350811,0.0017253465484827757,10.0,1.0,10.0
1331.0,0.0563763789832592,0.0563763789832592,0.0032265083864331245,0.0068512968719005585,0.0017259999876841903,10.0,1.0,10.0
1332.0,0.05629153549671173,0.05629153549671173,0.003236775752156973,0.00669762073084712,0.001722615328617394,10.0,1.0,10.0
1333.0,0.05621888488531113,0.05621888488531113,0.0032328194938600063,0.00676422193646431,0.0017126466846093535,10.0,1.0,10.0
1334.0,0.05615723133087158,0.05615723133087158,0.0032237418927252293,0.006749952211976051,0.001716986414976418,10.0,1.0,10.0
1335.0,0.056095317006111145,0.056095317006111145,0.003237640019506216,0.006692057475447655,0.0017026857240125537,10.0,1.0,10.0
1336.0,0.05601992830634117,0.05601992830634117,0.003217168617993593,0.00677116634324193,0.001707707648165524,10.0,1.0,10.0
1337.0,0.05592934042215347,0.05592934042215347,0.0032340672332793474,0.006629006005823612,0.0016959661152213812,10.0,1.0,10.0
1338.0,0.055835239589214325,0.055835239589214325,0.003219849430024624,0.0066831219010055065,0.0016953620361164212,10.0,1.0,10.0
1339.0,0.05575219541788101,0.05575219541788101,0.0032238569110631943,0.006612102035433054,0.0016901521012187004,10.0,1.0,10.0
1340.0,0.05568481236696243,0.05568481236696243,0.003225878346711397,0.006595131941139698,0.0016830901149660349,10.0,1.0,10.0
1341.0,0.055624883621931076,0.055624883621931076,0.0032147648744285107,0.00664382753893733,0.0016833406407386065,10.0,1.0,10.0
1342.0,0.05555969476699829,0.05555969476699829,0.003227891866117716,0.006555933505296707,0.0016724844463169575,10.0,1.0,10.0
1343.0,0.055483147501945496,0.055483147501945496,0.003211631905287504,0.006619347259402275,0.0016747481422498822,10.0,1.0,10.0
1344.0,0.05539912357926369,0.05539912357926369,0.0032230052165687084,0.00652716401964426,0.001664190785959363,10.0,1.0,10.0
1345.0,0.055315934121608734,0.055315934121608734,0.003214026801288128,0.006530912593007088,0.0016644755378365517,10.0,1.0,10.0
1346.0,0.05523927882313728,0.05523927882313728,0.00321481516584754,0.006517061498016119,0.0016574065666645765,10.0,1.0,10.0
1347.0,0.05516844987869263,0.05516844987869263,0.0032165958546102047,0.006464514881372452,0.0016537975752726197,10.0,1.0,10.0
1348.0,0.05509939044713974,0.05509939044713974,0.003208334092050791,0.006507543846964836,0.0016508505214005709,10.0,1.0,10.0
1349.0,0.05502883717417717,0.05502883717417717,0.003215788397938013,0.006435788236558437,0.0016435164725407958,10.0,1.0,10.0
1350.0,0.05495631694793701,0.05495631694793701,0.003205694258213043,0.00646250182762742,0.0016436869045719504,10.0,1.0,10.0
1351.0,0.054882850497961044,0.054882850497961044,0.0032116095535457134,0.006422894075512886,0.0016343859024345875,10.0,1.0,10.0
1352.0,0.05480905622243881,0.05480905622243881,0.003205804154276848,0.006401145365089178,0.0016349870711565018,10.0,1.0,10.0
1353.0,0.054734788835048676,0.054734788835048676,0.0032065734267234802,0.006404882296919823,0.0016264172736555338,10.0,1.0,10.0
1354.0,0.0546601377427578,0.0546601377427578,0.003205499378964305,0.006352806463837624,0.0016252334462478757,10.0,1.0,10.0
1355.0,0.05458565056324005,0.05458565056324005,0.003202581312507391,0.006367855239659548,0.001619198126718402,10.0,1.0,10.0
1356.0,0.0545126348733902,0.0545126348733902,0.003203668398782611,0.006326952017843723,0.0016148998402059078,10.0,1.0,10.0
1357.0,0.054441481828689575,0.054441481828689575,0.0032000530045479536,0.0063217938877642155,0.001611915766261518,10.0,1.0,10.0
1358.0,0.05437171086668968,0.05437171086668968,0.0032010371796786785,0.0063112108036875725,0.0016050126869231462,10.0,1.0,10.0
1359.0,0.054301824420690536,0.054301824420690536,0.0031980681233108044,0.006279998924583197,0.0016041145427152514,10.0,1.0,10.0
1360.0,0.054230671375989914,0.054230671375989914,0.0031984366942197084,0.006284607108682394,0.001596170011907816,10.0,1.0,10.0
1361.0,0.05415814369916916,0.05415814369916916,0.003195381024852395,0.006248851306736469,0.00159554835408926,10.0,1.0,10.0
1362.0,0.05408507212996483,0.05408507212996483,0.003196229226887226,0.006242829374969006,0.0015879952115938067,10.0,1.0,10.0
1363.0,0.054012447595596313,0.054012447595596313,0.003192588919773698,0.0062247575260698795,0.0015861795982345939,10.0,1.0,10.0
1364.0,0.05394059419631958,0.05394059419631958,0.0031939579639583826,0.006197319366037846,0.0015803694259375334,10.0,1.0,10.0
1365.0,0.05386951565742493,0.05386951565742493,0.003190272022038698,0.006198323331773281,0.0015768472803756595,10.0,1.0,10.0
1366.0,0.05379866808652878,0.05379866808652878,0.0031910506077110767,0.006160876713693142,0.0015727287391200662,10.0,1.0,10.0
1367.0,0.05372799187898636,0.05372799187898636,0.0031887588556855917,0.006163434125483036,0.0015676973853260279,10.0,1.0,10.0
1368.0,0.053657449781894684,0.053657449781894684,0.003187434747815132,0.006135125178843737,0.0015647977124899626,10.0,1.0,10.0
1369.0,0.053587205708026886,0.053587205708026886,0.0031875576823949814,0.006122064311057329,0.0015589565737172961,10.0,1.0,10.0
1370.0,0.05351726710796356,0.05351726710796356,0.0031837555579841137,0.0061132051050662994,0.00155665073543787,10.0,1.0,10.0
1371.0,0.05344749614596367,0.05344749614596367,0.003185894340276718,0.006082968786358833,0.0015505586052313447,10.0,1.0,10.0
1372.0,0.053377583622932434,0.053377583622932434,0.003180821891874075,0.006086884997785091,0.00154824776109308,10.0,1.0,10.0
1373.0,0.05330738425254822,0.05330738425254822,0.0031835094559937716,0.006050203926861286,0.001542208599857986,10.0,1.0,10.0
1374.0,0.053237058222293854,0.053237058222293854,0.00317873596213758,0.006051782984286547,0.0015397918177768588,10.0,1.0,10.0
1375.0,0.053166940808296204,0.053166940808296204,0.0031803702004253864,0.006022979039698839,0.0015340258833020926,10.0,1.0,10.0
1376.0,0.05309703201055527,0.05309703201055527,0.003177132923156023,0.006012671161442995,0.001531303278170526,10.0,1.0,10.0
1377.0,0.053027451038360596,0.053027451038360596,0.003177133621647954,0.005997489672154188,0.001525862724520266,10.0,1.0,10.0
1378.0,0.05295800790190697,0.05295800790190697,0.00317542371340096,0.005975749343633652,0.0015228022821247578,10.0,1.0,10.0
1379.0,0.05288878455758095,0.05288878455758095,0.003174172481521964,0.005968501325696707,0.0015178561443462968,10.0,1.0,10.0
1380.0,0.05281964689493179,0.05281964689493179,0.0031732989009469748,0.005943633150309324,0.001514302333816886,10.0,1.0,10.0
1381.0,0.05275064706802368,0.05275064706802368,0.003171599470078945,0.005935255438089371,0.001509939320385456,10.0,1.0,10.0
1382.0,0.052681826055049896,0.052681826055049896,0.0031708311289548874,0.005915476940572262,0.0015058036660775542,10.0,1.0,10.0
1383.0,0.05261330306529999,0.05261330306529999,0.0031692562624812126,0.005900519900023937,0.0015020215651020408,10.0,1.0,10.0
1384.0,0.052544932812452316,0.052544932812452316,0.003168318187817931,0.005887593142688274,0.0014974159421399236,10.0,1.0,10.0
1385.0,0.05247674137353897,0.05247674137353897,0.00316680409014225,0.0058676572516560555,0.0014941046247258782,10.0,1.0,10.0
1386.0,0.052408624440431595,0.052408624440431595,0.003166007809340954,0.005857444833964109,0.0014891098253428936,10.0,1.0,10.0
1387.0,0.05234067887067795,0.05234067887067795,0.0031641810201108456,0.005838128738105297,0.0014860737137496471,10.0,1.0,10.0
1388.0,0.05227283388376236,0.05227283388376236,0.003163916990160942,0.005824741907417774,0.0014808925334364176,10.0,1.0,10.0
1389.0,0.05220521241426468,0.05220521241426468,0.003161391243338585,0.005810885690152645,0.001478041522204876,10.0,1.0,10.0
1390.0,0.05213776230812073,0.05213776230812073,0.003161926753818989,0.005791385658085346,0.0014727109810337424,10.0,1.0,10.0
1391.0,0.05207047611474991,0.05207047611474991,0.0031585986725986004,0.005784045439213514,0.0014700443716719747,10.0,1.0,10.0
1392.0,0.0520034059882164,0.0520034059882164,0.0031598624773323536,0.00575957540422678,0.001464520930312574,10.0,1.0,10.0
1393.0,0.05193657428026199,0.05193657428026199,0.0031559006310999393,0.0057558706030249596,0.0014621696900576353,10.0,1.0,10.0
1394.0,0.05186992138624191,0.05186992138624191,0.003157717175781727,0.0057299030013382435,0.0014562848955392838,10.0,1.0,10.0
1395.0,0.051803573966026306,0.051803573966026306,0.0031532314606010914,0.005726599134504795,0.0014544660225510597,10.0,1.0,10.0
1396.0,0.05173756554722786,0.05173756554722786,0.0031556054018437862,0.005702008027583361,0.001447950373403728,10.0,1.0,10.0
1397.0,0.05167201906442642,0.05167201906442642,0.0031504591461271048,0.0056981234811246395,0.0014469306915998459,10.0,1.0,10.0
1398.0,0.05160710960626602,0.05160710960626602,0.003153723431751132,0.005674797110259533,0.0014395078178495169,10.0,1.0,10.0
1399.0,0.051543012261390686,0.051543012261390686,0.003147359471768141,0.005672942381352186,0.0014396473998203874,10.0,1.0,10.0
1400.0,0.05148014798760414,0.05148014798760414,0.0031523345969617367,0.005648375954478979,0.0014308425597846508,10.0,1.0,10.0
1401.0,0.051419053226709366,0.051419053226709366,0.0031437387224286795,0.005654524080455303,0.0014327142853289843,10.0,1.0,10.0
1402.0,0.05136055499315262,0.05136055499315262,0.003151664976030588,0.0056256819516420364,0.001421822584234178,10.0,1.0,10.0
1403.0,0.05130632221698761,0.05130632221698761,0.0031393133103847504,0.005649189930409193,0.0014263998018577695,10.0,1.0,10.0
1404.0,0.051258742809295654,0.051258742809295654,0.003152151359245181,0.005615544971078634,0.0014121683780103922,10.0,1.0,10.0
1405.0,0.0512218102812767,0.0512218102812767,0.00313372490927577,0.005673021078109741,0.0014211537782102823,10.0,1.0,10.0
1406.0,0.051202427595853806,0.051202427595853806,0.0031545651145279408,0.005642331670969725,0.0014014444313943386,10.0,1.0,10.0
1407.0,0.05121181532740593,0.05121181532740593,0.003126349998638034,0.0057698804885149,0.001417843741364777,10.0,1.0,10.0
1408.0,0.051269903779029846,0.051269903779029846,0.003160565160214901,0.0057739391922950745,0.0013890310656279325,10.0,1.0,10.0
1409.0,0.051408566534519196,0.051408566534519196,0.0031163212843239307,0.006063780747354031,0.001418157247826457,10.0,1.0,10.0
1410.0,0.05168663710355759,0.05168663710355759,0.00317362230271101,0.006209044251590967,0.001374136540107429,10.0,1.0,10.0
1411.0,0.05219385772943497,0.05219385772943497,0.003102908842265606,0.006909412797540426,0.0014255355345085263,10.0,1.0,10.0
1412.0,0.05310026928782463,0.05310026928782463,0.003201034851372242,0.0075253755785524845,0.0013564544497057796,10.0,1.0,10.0
1413.0,0.05463002622127533,0.05463002622127533,0.003087754361331463,0.009281310252845287,0.0014471175381913781,10.0,1.0,10.0
1414.0,0.05720096826553345,0.05720096826553345,0.0032575796358287334,0.011241378262639046,0.0013383791083469987,10.0,1.0,10.0
1415.0,0.06111440062522888,0.06111440062522888,0.003080884926021099,0.015351269394159317,0.0014954283833503723,10.0,1.0,10.0
1416.0,0.06682585924863815,0.06682585924863815,0.0033627734519541264,0.019902141764760017,0.0013295987155288458,10.0,1.0,10.0
1417.0,0.07320563495159149,0.07320563495159149,0.0031039994210004807,0.02641679160296917,0.0015748851001262665,10.0,1.0,10.0
1418.0,0.0786304697394371,0.0786304697394371,0.0034844623878598213,0.030404256656765938,0.0013381591998040676,10.0,1.0,10.0
1419.0,0.07805508375167847,0.07805508375167847,0.0031396655831485987,0.03053477220237255,0.0016123650129884481,10.0,1.0,10.0
1420.0,0.070587657392025,0.070587657392025,0.0034281015396118164,0.022975536063313484,0.0013331109657883644,10.0,1.0,10.0
1421.0,0.058870043605566025,0.058870043605566025,0.003117371816188097,0.012876850552856922,0.001481947721913457,10.0,1.0,10.0
1422.0,0.05107351392507553,0.05107351392507553,0.0031634841579943895,0.006022585555911064,0.001341609051451087,10.0,1.0,10.0
1423.0,0.051448363810777664,0.051448363810777664,0.003178160171955824,0.00636309664696455,0.0013303662417456508,10.0,1.0,10.0
1424.0,0.05728032439947128,0.05728032439947128,0.003064932767301798,0.012196209281682968,0.0014434786280617118,10.0,1.0,10.0
1425.0,0.06214002147316933,0.06214002147316933,0.003323547774925828,0.01587863825261593,0.0013025905936956406,10.0,1.0,10.0
1426.0,0.06107261776924133,0.06107261776924133,0.0031120721250772476,0.015131204389035702,0.0014820689102634788,10.0,1.0,10.0
1427.0,0.05549822747707367,0.05549822747707367,0.0032534138299524784,0.009899664670228958,0.0013064425438642502,10.0,1.0,10.0
1428.0,0.05065368115901947,0.05065368115901947,0.0031278259120881557,0.0057316310703754425,0.0013643790734931827,10.0,1.0,10.0
1429.0,0.05048050731420517,0.05048050731420517,0.003086699638515711,0.006150024477392435,0.0013463485520333052,10.0,1.0,10.0
1430.0,0.05372467637062073,0.05372467637062073,0.003218377474695444,0.008716680109500885,0.0012824222212657332,10.0,1.0,10.0
1431.0,0.05606715381145477,0.05606715381145477,0.0030891960486769676,0.011070791631937027,0.0014104401925578713,10.0,1.0,10.0
1432.0,0.054996829479932785,0.054996829479932785,0.003243897808715701,0.009751468896865845,0.0012806381564587355,10.0,1.0,10.0
1433.0,0.05174194648861885,0.05174194648861885,0.003115493804216385,0.0068844943307340145,0.0013702516444027424,10.0,1.0,10.0
1434.0,0.049662888050079346,0.049662888050079346,0.003116486594080925,0.005429188720881939,0.0013068834086880088,10.0,1.0,10.0
1435.0,0.05029144883155823,0.05029144883155823,0.0031532139983028173,0.005860941484570503,0.0012898370623588562,10.0,1.0,10.0
1436.0,0.052142851054668427,0.052142851054668427,0.0030680797062814236,0.00782732106745243,0.0013634735951200128,10.0,1.0,10.0
1437.0,0.05283745378255844,0.05283745378255844,0.003198111429810524,0.008130214177072048,0.0012726124841719866,10.0,1.0,10.0
1438.0,0.051595717668533325,0.051595717668533325,0.0030939755961298943,0.007045932579785585,0.001361002679914236,10.0,1.0,10.0
1439.0,0.0498291477560997,0.0498291477560997,0.0031317269895225763,0.005661230534315109,0.0012850644998252392,10.0,1.0,10.0
1440.0,0.04921282082796097,0.04921282082796097,0.0031215534545481205,0.005068463739007711,0.0012928822543472052,10.0,1.0,10.0
1441.0,0.04994524270296097,0.04994524270296097,0.0030716313049197197,0.006060731131583452,0.0013168196892365813,10.0,1.0,10.0
1442.0,0.050836700946092606,0.050836700946092606,0.0031640466768294573,0.006619769614189863,0.0012576464796438813,10.0,1.0,10.0
1443.0,0.050766341388225555,0.050766341388225555,0.003084525465965271,0.006631183438003063,0.0013289900962263346,10.0,1.0,10.0
1444.0,0.04983105883002281,0.04983105883002281,0.0031409417279064655,0.005830411799252033,0.0012591230915859342,10.0,1.0,10.0
1445.0,0.04897761344909668,0.04897761344909668,0.003105084877461195,0.005067087709903717,0.0012859677663072944,10.0,1.0,10.0
1446.0,0.04890426993370056,0.04890426993370056,0.003082605777308345,0.005292793735861778,0.001278541749343276,10.0,1.0,10.0
1447.0,0.049402713775634766,0.049402713775634766,0.0031335940584540367,0.005597955081611872,0.0012468816712498665,10.0,1.0,10.0
1448.0,0.049743615090847015,0.049743615090847015,0.0030753216706216335,0.006023690104484558,0.001296670874580741,10.0,1.0,10.0
1449.0,0.04950713366270065,0.04950713366270065,0.0031338375993072987,0.005769967567175627,0.0012398789403960109,10.0,1.0,10.0
1450.0,0.04891780763864517,0.04891780763864517,0.003088919445872307,0.005258127115666866,0.0012770486064255238,10.0,1.0,10.0
1451.0,0.0485110878944397,0.0485110878944397,0.0030922363512218,0.005083954893052578,0.001250476692803204,10.0,1.0,10.0
1452.0,0.04854612797498703,0.04854612797498703,0.00310794566757977,0.005049361847341061,0.0012417311081662774,10.0,1.0,10.0
1453.0,0.04881333187222481,0.04881333187222481,0.0030711707659065723,0.005430829711258411,0.0012670797295868397,10.0,1.0,10.0
1454.0,0.04892870411276817,0.04892870411276817,0.0031200223602354527,0.005467686336487532,0.0012260795338079333,10.0,1.0,10.0
1455.0,0.04872572422027588,0.04872572422027588,0.0030770718585699797,0.0053275879472494125,0.001262741512618959,10.0,1.0,10.0
1456.0,0.04837287217378616,0.04837287217378616,0.0030987176578491926,0.0051102288998663425,0.0012275467161089182,10.0,1.0,10.0
1457.0,0.04814697057008743,0.04814697057008743,0.0030888300389051437,0.004898939747363329,0.001235973322764039,10.0,1.0,10.0
1458.0,0.04815864562988281,0.04815864562988281,0.003073906060308218,0.005041216500103474,0.001237836666405201,10.0,1.0,10.0
1459.0,0.04828372597694397,0.04828372597694397,0.0031028699595481157,0.0051118372939527035,0.0012143192579969764,10.0,1.0,10.0
1460.0,0.04832082986831665,0.04832082986831665,0.003070118837058544,0.005206344183534384,0.0012413294753059745,10.0,1.0,10.0
1461.0,0.04818858951330185,0.04818858951330185,0.0030997376888990402,0.005116690415889025,0.001207452267408371,10.0,1.0,10.0
1462.0,0.04797113314270973,0.04797113314270973,0.003076438792049885,0.004950128495693207,0.0012256619520485401,10.0,1.0,10.0
1463.0,0.047813937067985535,0.047813937067985535,0.003080712165683508,0.004903269000351429,0.0012103547342121601,10.0,1.0,10.0
1464.0,0.047783538699150085,0.047783538699150085,0.003086808370426297,0.004874039441347122,0.0012041417649015784,10.0,1.0,10.0
1465.0,0.047826334834098816,0.047826334834098816,0.0030689712148159742,0.004981049802154303,0.0012155573349446058,10.0,1.0,10.0
1466.0,0.047838203608989716,0.047838203608989716,0.0030923017766326666,0.00499739171937108,0.001191779039800167,10.0,1.0,10.0
1467.0,0.047761742025613785,0.047761742025613785,0.0030675516463816166,0.004970689304172993,0.0012115536956116557,10.0,1.0,10.0
1468.0,0.047624893486499786,0.047624893486499786,0.003083358984440565,0.004899732768535614,0.0011891569010913372,10.0,1.0,10.0
1469.0,0.047500528395175934,0.047500528395175934,0.00307151535525918,0.004820418544113636,0.001196495839394629,10.0,1.0,10.0
1470.0,0.0474381260573864,0.0474381260573864,0.0030698715709149837,0.004821459762752056,0.0011917947558686137,10.0,1.0,10.0
1471.0,0.04742862284183502,0.04742862284183502,0.0030781873501837254,0.004834205377846956,0.0011812543962150812,10.0,1.0,10.0
1472.0,0.04742360860109329,0.04742360860109329,0.00306294159963727,0.00487142987549305,0.0011922763660550117,10.0,1.0,10.0
1473.0,0.047381337732076645,0.047381337732076645,0.0030794052872806787,0.004864483140408993,0.0011722802883014083,10.0,1.0,10.0
1474.0,0.04729752987623215,0.04729752987623215,0.0030618563760071993,0.004834678024053574,0.0011844290420413017,10.0,1.0,10.0
1475.0,0.047200895845890045,0.047200895845890045,0.003072225023061037,0.004785164725035429,0.001169348368421197,10.0,1.0,10.0
1476.0,0.04712415486574173,0.04712415486574173,0.0030650030821561813,0.004761779680848122,0.0011712340638041496,10.0,1.0,10.0
1477.0,0.04707920178771019,0.04707920178771019,0.0030632743146270514,0.004751642234623432,0.001169481547549367,10.0,1.0,10.0
1478.0,0.04705274477601051,0.04705274477601051,0.0030691984575241804,0.004767156206071377,0.0011593602830544114,10.0,1.0,10.0
1479.0,0.04702144116163254,0.04702144116163254,0.0030576016288250685,0.004774947185069323,0.001167047768831253,10.0,1.0,10.0
1480.0,0.0469706729054451,0.0469706729054451,0.0030691209249198437,0.004761281423270702,0.0011518178507685661,10.0,1.0,10.0
1481.0,0.04690263420343399,0.04690263420343399,0.0030556023120880127,0.0047515444457530975,0.0011595067335292697,10.0,1.0,10.0
1482.0,0.04683113470673561,0.04683113470673561,0.0030638996977359056,0.004707794636487961,0.0011484342394396663,10.0,1.0,10.0
1483.0,0.046769291162490845,0.046769291162490845,0.003057007445022464,0.004709111992269754,0.001149010262452066,10.0,1.0,10.0
1484.0,0.04672137275338173,0.04672137275338173,0.0030570849776268005,0.004683300852775574,0.0011467221193015575,10.0,1.0,10.0
1485.0,0.046681806445121765,0.046681806445121765,0.003059515729546547,0.004695063456892967,0.0011391588486731052,10.0,1.0,10.0
1486.0,0.04664144292473793,0.04664144292473793,0.0030515892431139946,0.0046921842731535435,0.0011433366453275084,10.0,1.0,10.0
1487.0,0.04659401997923851,0.04659401997923851,0.0030595925636589527,0.004678761586546898,0.0011319336481392384,10.0,1.0,10.0
1488.0,0.04653904587030411,0.04653904587030411,0.0030486900359392166,0.0046851374208927155,0.0011367008555680513,10.0,1.0,10.0
1489.0,0.04648074135184288,0.04648074135184288,0.003056411864235997,0.004644506145268679,0.0011272118426859379,10.0,1.0,10.0
1490.0,0.04642430320382118,0.04642430320382118,0.0030486704781651497,0.004658015910536051,0.0011279581813141704,10.0,1.0,10.0
1491.0,0.04637269675731659,0.04637269675731659,0.00305131240747869,0.004621600732207298,0.0011237973812967539,10.0,1.0,10.0
1492.0,0.04632571339607239,0.04632571339607239,0.003050127997994423,0.004632978700101376,0.001119145192205906,10.0,1.0,10.0
1493.0,0.04628109931945801,0.04628109931945801,0.0030462995637208223,0.004621423780918121,0.0011196678970009089,10.0,1.0,10.0
1494.0,0.046235889196395874,0.046235889196395874,0.00305083766579628,0.004611648619174957,0.0011115864617750049,10.0,1.0,10.0
1495.0,0.04618845134973526,0.04618845134973526,0.0030427309684455395,0.004621732048690319,0.0011139409616589546,10.0,1.0,10.0
1496.0,0.04613857716321945,0.04613857716321945,0.003049345687031746,0.0045872638002038,0.0011057858355343342,10.0,1.0,10.0
1497.0,0.04608721658587456,0.04608721658587456,0.0030411258339881897,0.0046060699969530106,0.0011069891043007374,10.0,1.0,10.0
1498.0,0.046036072075366974,0.046036072075366974,0.0030457947868853807,0.004565792623907328,0.0011012328322976828,10.0,1.0,10.0
1499.0,0.04598613083362579,0.04598613083362579,0.0030411111656576395,0.004579538479447365,0.0010995480697602034,10.0,1.0,10.0
1500.0,0.045938048511743546,0.045938048511743546,0.0030412834603339434,0.004555910360068083,0.001096930354833603,10.0,1.0,10.0
