epoch,loss_total,objective_total,loss_data,loss_physics,loss_boundary,weight_data,weight_physics,weight_boundary
1.0,6.337123870849609,6.337123870849609,0.2589377164840698,0.5077333450317383,0.32400134205818176,10.0,1.0,10.0
2.0,5.523446083068848,5.523446083068848,0.21656307578086853,0.5077407360076904,0.2850074768066406,10.0,1.0,10.0
3.0,4.888761520385742,4.888761520385742,0.18250229954719543,0.5063307285308838,0.255740761756897,10.0,1.0,10.0
4.0,4.39890718460083,4.39890718460083,0.15473836660385132,0.5029600262641907,0.23485633730888367,10.0,1.0,10.0
5.0,4.023523330688477,4.023523330688477,0.13141337037086487,0.49784886837005615,0.2211540937423706,10.0,1.0,10.0
6.0,3.7432961463928223,3.7432961463928223,0.11128439009189606,0.49164843559265137,0.21388038992881775,10.0,1.0,10.0
7.0,3.551241397857666,3.551241397857666,0.09387706965208054,0.48522424697875977,0.21272462606430054,10.0,1.0,10.0
8.0,3.4470863342285156,3.4470863342285156,0.0792938619852066,0.4795151650905609,0.21746325492858887,10.0,1.0,10.0
9.0,3.4281527996063232,3.4281527996063232,0.06791209429502487,0.4753406047821045,0.22736912965774536,10.0,1.0,10.0
10.0,3.477098226547241,3.477098226547241,0.05996466428041458,0.4730314314365387,0.24044202268123627,10.0,1.0,10.0
11.0,3.5559682846069336,3.5559682846069336,0.05513232201337814,0.4721079170703888,0.2532537281513214,10.0,1.0,10.0
12.0,3.623302936553955,3.623302936553955,0.052670229226350784,0.4716201722621918,0.26249805092811584,10.0,1.0,10.0
13.0,3.655851125717163,3.655851125717163,0.05190157890319824,0.4708559811115265,0.2665979266166687,10.0,1.0,10.0
14.0,3.6501190662384033,3.6501190662384033,0.052340734750032425,0.4696745276451111,0.2657037377357483,10.0,1.0,10.0
15.0,3.613842010498047,3.613842010498047,0.053613174706697464,0.46837717294692993,0.2609333097934723,10.0,1.0,10.0
16.0,3.5593655109405518,3.5593655109405518,0.055471792817115784,0.46737855672836304,0.25372689962387085,10.0,1.0,10.0
17.0,3.500070333480835,3.500070333480835,0.05784045159816742,0.4669622480869293,0.24547035992145538,10.0,1.0,10.0
18.0,3.447753429412842,3.447753429412842,0.06076192855834961,0.46720150113105774,0.2372932732105255,10.0,1.0,10.0
19.0,3.410339117050171,3.410339117050171,0.06426571309566498,0.46799153089523315,0.2299690544605255,10.0,1.0,10.0
20.0,3.390507459640503,3.390507459640503,0.06824764609336853,0.46912720799446106,0.22389037907123566,10.0,1.0,10.0
21.0,3.3860316276550293,3.3860316276550293,0.07244124263525009,0.4703824520111084,0.21912367641925812,10.0,1.0,10.0
22.0,3.391822099685669,3.391822099685669,0.07649505883455276,0.4715651869773865,0.2155306339263916,10.0,1.0,10.0
23.0,3.402459144592285,3.402459144592285,0.08008886128664017,0.47254040837287903,0.2129029929637909,10.0,1.0,10.0
24.0,3.413665294647217,3.413665294647217,0.08299741894006729,0.473227858543396,0.21104630827903748,10.0,1.0,10.0
25.0,3.4223713874816895,3.4223713874816895,0.08507975935935974,0.47358986735343933,0.2097983956336975,10.0,1.0,10.0
26.0,3.426300048828125,3.426300048828125,0.08624626696109772,0.4736201763153076,0.2090217024087906,10.0,1.0,10.0
27.0,3.42399263381958,3.42399263381958,0.08645647764205933,0.47333648800849915,0.20860914885997772,10.0,1.0,10.0
28.0,3.4152822494506836,3.4152822494506836,0.0857449546456337,0.47277501225471497,0.2085057646036148,10.0,1.0,10.0
29.0,3.4014949798583984,3.4014949798583984,0.08423450589179993,0.4719853699207306,0.20871643722057343,10.0,1.0,10.0
30.0,3.384992837905884,3.384992837905884,0.0821148231625557,0.47102561593055725,0.20928189158439636,10.0,1.0,10.0
31.0,3.3682942390441895,3.3682942390441895,0.07959939539432526,0.46995681524276733,0.21023434400558472,10.0,1.0,10.0
32.0,3.35335111618042,3.35335111618042,0.07688969373703003,0.46883851289749146,0.21156156063079834,10.0,1.0,10.0
33.0,3.3413357734680176,3.3413357734680176,0.07416308671236038,0.4677259027957916,0.21319788694381714,10.0,1.0,10.0
34.0,3.3328146934509277,3.3328146934509277,0.07157658040523529,0.46666932106018066,0.2150379717350006,10.0,1.0,10.0
35.0,3.327878475189209,3.327878475189209,0.06926431506872177,0.4657130241394043,0.21695223450660706,10.0,1.0,10.0
36.0,3.3259925842285156,3.3259925842285156,0.06731989234685898,0.4648926258087158,0.21879011392593384,10.0,1.0,10.0
37.0,3.3258655071258545,3.3258655071258545,0.06578144431114197,0.4642294645309448,0.22038216888904572,10.0,1.0,10.0
38.0,3.3257336616516113,3.3257336616516113,0.06464334577322006,0.46372488141059875,0.22155752778053284,10.0,1.0,10.0
39.0,3.3240463733673096,3.3240463733673096,0.06389149278402328,0.46335968375205994,0.2221771627664566,10.0,1.0,10.0
40.0,3.3200182914733887,3.3200182914733887,0.06352944672107697,0.4630989134311676,0.22216248512268066,10.0,1.0,10.0
41.0,3.313656806945801,3.313656806945801,0.06357225030660629,0.4629020392894745,0.22150321304798126,10.0,1.0,10.0
42.0,3.3054444789886475,3.3054444789886475,0.06401987373828888,0.46273428201675415,0.2202511578798294,10.0,1.0,10.0
43.0,3.296098232269287,3.296098232269287,0.06483932584524155,0.4625747501850128,0.21851304173469543,10.0,1.0,10.0
44.0,3.2865052223205566,3.2865052223205566,0.06596583873033524,0.46241751313209534,0.21644294261932373,10.0,1.0,10.0
45.0,3.277590274810791,3.277590274810791,0.0673101544380188,0.46226492524147034,0.21422237157821655,10.0,1.0,10.0
46.0,3.270005226135254,3.270005226135254,0.06876088678836823,0.4621172249317169,0.2120279222726822,10.0,1.0,10.0
47.0,3.2638487815856934,3.2638487815856934,0.07018893212080002,0.46196410059928894,0.20999954640865326,10.0,1.0,10.0
48.0,3.25870418548584,3.25870418548584,0.07146516442298889,0.4617827236652374,0.2082269787788391,10.0,1.0,10.0
49.0,3.253938674926758,3.253938674926758,0.07248513400554657,0.4615424871444702,0.20675449073314667,10.0,1.0,10.0
50.0,3.2489566802978516,3.2489566802978516,0.07318239659070969,0.4612119495868683,0.2055920660495758,10.0,1.0,10.0
51.0,3.2432608604431152,3.2432608604431152,0.07352442294359207,0.46076732873916626,0.20472493767738342,10.0,1.0,10.0
52.0,3.2364795207977295,3.2364795207977295,0.07350419461727142,0.4601976275444031,0.20412400364875793,10.0,1.0,10.0
53.0,3.22849702835083,3.22849702835083,0.07313939929008484,0.45950692892074585,0.2037595957517624,10.0,1.0,10.0
54.0,3.2195541858673096,3.2195541858673096,0.07247387617826462,0.4587140679359436,0.2036101222038269,10.0,1.0,10.0
55.0,3.2101283073425293,3.2101283073425293,0.07157164067029953,0.45784851908683777,0.20365634560585022,10.0,1.0,10.0
56.0,3.2006614208221436,3.2006614208221436,0.07050688564777374,0.4569440186023712,0.20386487245559692,10.0,1.0,10.0
57.0,3.191401958465576,3.191401958465576,0.06936171650886536,0.4560314416885376,0.20417533814907074,10.0,1.0,10.0
58.0,3.182412624359131,3.182412624359131,0.06822996586561203,0.45513203740119934,0.2044980823993683,10.0,1.0,10.0
59.0,3.1735825538635254,3.1735825538635254,0.06721249967813492,0.4542539119720459,0.2047203779220581,10.0,1.0,10.0
60.0,3.1646018028259277,3.1646018028259277,0.06639987975358963,0.4533938765525818,0.20472092926502228,10.0,1.0,10.0
61.0,3.1550512313842773,3.1550512313842773,0.06585459411144257,0.45254266262054443,0.20439624786376953,10.0,1.0,10.0
62.0,3.14462947845459,3.14462947845459,0.06560298800468445,0.45169198513031006,0.203690767288208,10.0,1.0,10.0
63.0,3.1332926750183105,3.1332926750183105,0.06563380360603333,0.4508378803730011,0.20261165499687195,10.0,1.0,10.0
64.0,3.1211800575256348,3.1211800575256348,0.06590049713850021,0.44997817277908325,0.20121969282627106,10.0,1.0,10.0
65.0,3.1085057258605957,3.1085057258605957,0.06633241474628448,0.4491071403026581,0.19960743188858032,10.0,1.0,10.0
66.0,3.0954976081848145,3.0954976081848145,0.06685137748718262,0.4482112526893616,0.19787727296352386,10.0,1.0,10.0
67.0,3.082301616668701,3.082301616668701,0.06737885624170303,0.44726914167404175,0.1961243748664856,10.0,1.0,10.0
68.0,3.0688350200653076,3.0688350200653076,0.06783168017864227,0.44625458121299744,0.19442635774612427,10.0,1.0,10.0
69.0,3.054811477661133,3.054811477661133,0.06812214851379395,0.44514092803001404,0.19284489750862122,10.0,1.0,10.0
70.0,3.039915084838867,3.039915084838867,0.06817004084587097,0.4439055919647217,0.19143089652061462,10.0,1.0,10.0
71.0,3.0239267349243164,3.0239267349243164,0.06791933625936508,0.4425322413444519,0.19022013247013092,10.0,1.0,10.0
72.0,3.006760597229004,3.006760597229004,0.0673559308052063,0.44101256132125854,0.18921887874603271,10.0,1.0,10.0
73.0,2.9884986877441406,2.9884986877441406,0.06652364134788513,0.43934622406959534,0.18839161098003387,10.0,1.0,10.0
74.0,2.9693241119384766,2.9693241119384766,0.0655219778418541,0.4375390112400055,0.18765655159950256,10.0,1.0,10.0
75.0,2.949322462081909,2.949322462081909,0.06447851657867432,0.4355993866920471,0.1868937909603119,10.0,1.0,10.0
76.0,2.928393602371216,2.928393602371216,0.0635131224989891,0.433536171913147,0.18597261607646942,10.0,1.0,10.0
77.0,2.906320333480835,2.906320333480835,0.06271074712276459,0.4313569962978363,0.18478557467460632,10.0,1.0,10.0
78.0,2.882852077484131,2.882852077484131,0.06210931017994881,0.4290672242641449,0.1832691729068756,10.0,1.0,10.0
79.0,2.8578171730041504,2.8578171730041504,0.06170676648616791,0.426668256521225,0.1814081072807312,10.0,1.0,10.0
80.0,2.8312244415283203,2.8312244415283203,0.06147313117980957,0.4241548776626587,0.1792338341474533,10.0,1.0,10.0
81.0,2.8031606674194336,2.8031606674194336,0.061345137655735016,0.4215114712715149,0.1768197864294052,10.0,1.0,10.0
82.0,2.7736124992370605,2.7736124992370605,0.06121496856212616,0.41870754957199097,0.17427551746368408,10.0,1.0,10.0
83.0,2.7424118518829346,2.7424118518829346,0.06094161421060562,0.41569533944129944,0.17173004150390625,10.0,1.0,10.0
84.0,2.7092552185058594,2.7092552185058594,0.06039107218384743,0.4124148190021515,0.16929295659065247,10.0,1.0,10.0
85.0,2.6738576889038086,2.6738576889038086,0.05949372425675392,0.4088093042373657,0.1670111119747162,10.0,1.0,10.0
86.0,2.6361255645751953,2.6361255645751953,0.05828019976615906,0.40484386682510376,0.1648479551076889,10.0,1.0,10.0
87.0,2.5960793495178223,2.5960793495178223,0.056862086057662964,0.4005136489868164,0.16269448399543762,10.0,1.0,10.0
88.0,2.55370831489563,2.55370831489563,0.05537905544042587,0.39583927392959595,0.16040785610675812,10.0,1.0,10.0
89.0,2.508850574493408,2.508850574493408,0.053950365632772446,0.39085519313812256,0.15784916281700134,10.0,1.0,10.0
90.0,2.461229085922241,2.461229085922241,0.05265502259135246,0.3855971693992615,0.1549081653356552,10.0,1.0,10.0
91.0,2.410673141479492,2.410673141479492,0.05152403563261032,0.3800871968269348,0.1515345722436905,10.0,1.0,10.0
92.0,2.357159376144409,2.357159376144409,0.050508640706539154,0.37430712580680847,0.14777657389640808,10.0,1.0,10.0
93.0,2.3006844520568848,2.3006844520568848,0.04946224018931389,0.3681713938713074,0.14378906786441803,10.0,1.0,10.0
94.0,2.241084575653076,2.241084575653076,0.04819287359714508,0.361530601978302,0.1397625356912613,10.0,1.0,10.0
95.0,2.1780953407287598,2.1780953407287598,0.046574827283620834,0.35423120856285095,0.13581159710884094,10.0,1.0,10.0
96.0,2.111600399017334,2.111600399017334,0.044619858264923096,0.34619566798210144,0.13192062079906464,10.0,1.0,10.0
97.0,2.0416860580444336,2.0416860580444336,0.04244718328118324,0.33745941519737244,0.1279754787683487,10.0,1.0,10.0
98.0,1.968446969985962,1.968446969985962,0.04021355137228966,0.3281562626361847,0.12381551414728165,10.0,1.0,10.0
99.0,1.8918347358703613,1.8918347358703613,0.03806537389755249,0.318475604057312,0.11927054077386856,10.0,1.0,10.0
100.0,1.8118646144866943,1.8118646144866943,0.0360795259475708,0.3085661232471466,0.11425032466650009,10.0,1.0,10.0
101.0,1.7287640571594238,1.7287640571594238,0.034178800880908966,0.29838794469833374,0.10885880887508392,10.0,1.0,10.0
102.0,1.6427890062332153,1.6427890062332153,0.032164424657821655,0.2876695692539215,0.10334751009941101,10.0,1.0,10.0
103.0,1.554076075553894,1.554076075553894,0.029891641810536385,0.27609944343566895,0.09790601581335068,10.0,1.0,10.0
104.0,1.462904930114746,1.462904930114746,0.027375025674700737,0.2635752260684967,0.09255793690681458,10.0,1.0,10.0
105.0,1.3698630332946777,1.3698630332946777,0.024751445278525352,0.2503069341182709,0.08720415830612183,10.0,1.0,10.0
106.0,1.2755436897277832,1.2755436897277832,0.022225981578230858,0.23680074512958527,0.0816483125090599,10.0,1.0,10.0
107.0,1.1805143356323242,1.1805143356323242,0.019948257133364677,0.22357241809368134,0.07574592530727386,10.0,1.0,10.0
108.0,1.085604190826416,1.085604190826416,0.01785144954919815,0.21064908802509308,0.06964406371116638,10.0,1.0,10.0
109.0,0.9917333722114563,0.9917333722114563,0.01577518880367279,0.19762471318244934,0.0636356770992279,10.0,1.0,10.0
110.0,0.8997535109519958,0.8997535109519958,0.013658881187438965,0.18420398235321045,0.057896070182323456,10.0,1.0,10.0
111.0,0.8107995986938477,0.8107995986938477,0.011576476506888866,0.17063164710998535,0.05244031921029091,10.0,1.0,10.0
112.0,0.7261348962783813,0.7261348962783813,0.009761994704604149,0.1579427868127823,0.047057218849658966,10.0,1.0,10.0
113.0,0.6468827724456787,0.6468827724456787,0.00832110084593296,0.14699266850948334,0.04166790843009949,10.0,1.0,10.0
114.0,0.5743147730827332,0.5743147730827332,0.007192850112915039,0.13777047395706177,0.03646158054471016,10.0,1.0,10.0
115.0,0.5095462799072266,0.5095462799072266,0.006268883123993874,0.12969544529914856,0.03171619772911072,10.0,1.0,10.0
116.0,0.4535253047943115,0.4535253047943115,0.005540779791772366,0.12272671610116959,0.027539078146219254,10.0,1.0,10.0
117.0,0.40719443559646606,0.40719443559646606,0.005175333004444838,0.11808615922927856,0.023735495284199715,10.0,1.0,10.0
118.0,0.3712611198425293,0.3712611198425293,0.005153242964297533,0.1164880096912384,0.020324066281318665,10.0,1.0,10.0
119.0,0.3488205373287201,0.3488205373287201,0.005701592657715082,0.11797087639570236,0.01738337241113186,10.0,1.0,10.0
120.0,0.35087668895721436,0.35087668895721436,0.007036474999040365,0.12298581004142761,0.01575261354446411,10.0,1.0,10.0
121.0,0.3514067530632019,0.3514067530632019,0.00823894701898098,0.12590837478637695,0.014310888946056366,10.0,1.0,10.0
122.0,0.32043319940567017,0.32043319940567017,0.00728982500731945,0.13066542148590088,0.011686953715980053,10.0,1.0,10.0
123.0,0.34213367104530334,0.34213367104530334,0.00901199784129858,0.14180579781532288,0.011020788922905922,10.0,1.0,10.0
124.0,0.3446275591850281,0.3446275591850281,0.009556271135807037,0.14420627057552338,0.010485857725143433,10.0,1.0,10.0
125.0,0.3395445644855499,0.3395445644855499,0.009524498134851456,0.14880810678005219,0.009549146518111229,10.0,1.0,10.0
126.0,0.36288702487945557,0.36288702487945557,0.010887960903346539,0.15922023355960846,0.009478718973696232,10.0,1.0,10.0
127.0,0.347961962223053,0.347961962223053,0.010213719680905342,0.15641607344150543,0.008940869942307472,10.0,1.0,10.0
128.0,0.3607600927352905,0.3607600927352905,0.010988526046276093,0.15693682432174683,0.009393800050020218,10.0,1.0,10.0
129.0,0.3505468964576721,0.3505468964576721,0.010543245822191238,0.1580738127231598,0.008704064413905144,10.0,1.0,10.0
130.0,0.3428865671157837,0.3428865671157837,0.010262212716042995,0.153816357254982,0.00864480622112751,10.0,1.0,10.0
131.0,0.33787187933921814,0.33787187933921814,0.010112668387591839,0.145594984292984,0.009115020744502544,10.0,1.0,10.0
132.0,0.3174414038658142,0.3174414038658142,0.009145297110080719,0.1397627294063568,0.008622569032013416,10.0,1.0,10.0
133.0,0.3130921423435211,0.3130921423435211,0.00908419769257307,0.13584205508232117,0.00864081084728241,10.0,1.0,10.0
134.0,0.290738046169281,0.290738046169281,0.00799752026796341,0.12424434721469879,0.008651849813759327,10.0,1.0,10.0
135.0,0.28464794158935547,0.28464794158935547,0.007778067607432604,0.11606413125991821,0.00908031314611435,10.0,1.0,10.0
136.0,0.26714783906936646,0.26714783906936646,0.006976174656301737,0.11043952405452728,0.008694658055901527,10.0,1.0,10.0
137.0,0.25984764099121094,0.25984764099121094,0.006683093961328268,0.10428168624639511,0.008873502723872662,10.0,1.0,10.0
138.0,0.24905838072299957,0.24905838072299957,0.006083323620259762,0.09563203155994415,0.009259311482310295,10.0,1.0,10.0
139.0,0.2418239414691925,0.2418239414691925,0.005716203711926937,0.0900450274348259,0.009461687877774239,10.0,1.0,10.0
140.0,0.23676304519176483,0.23676304519176483,0.005540929269045591,0.08687697350978851,0.009447677060961723,10.0,1.0,10.0
141.0,0.23026083409786224,0.23026083409786224,0.005190061405301094,0.08237537741661072,0.009598484262824059,10.0,1.0,10.0
142.0,0.22868266701698303,0.22868266701698303,0.005033583380281925,0.07795436680316925,0.010039245709776878,10.0,1.0,10.0
143.0,0.22288139164447784,0.22288139164447784,0.004717194940894842,0.07479271292686462,0.010091672651469707,10.0,1.0,10.0
144.0,0.22262701392173767,0.22262701392173767,0.004776032641530037,0.073157399892807,0.010170930065214634,10.0,1.0,10.0
145.0,0.21722853183746338,0.21722853183746338,0.004505966790020466,0.0706012099981308,0.010156766511499882,10.0,1.0,10.0
146.0,0.21672797203063965,0.21672797203063965,0.0044988300651311874,0.06858555227518082,0.010315412655472755,10.0,1.0,10.0
147.0,0.2115703523159027,0.2115703523159027,0.0042837862856686115,0.06682977825403214,0.010190269909799099,10.0,1.0,10.0
148.0,0.2099490761756897,0.2099490761756897,0.004301232285797596,0.06579077243804932,0.010114599019289017,10.0,1.0,10.0
149.0,0.2051773965358734,0.2051773965358734,0.00414637103676796,0.06453265249729156,0.00991810392588377,10.0,1.0,10.0
150.0,0.20220255851745605,0.20220255851745605,0.004116859287023544,0.06376415491104126,0.009726980701088905,10.0,1.0,10.0
151.0,0.19807404279708862,0.19807404279708862,0.004041364416480064,0.06311282515525818,0.009454756043851376,10.0,1.0,10.0
152.0,0.19394195079803467,0.19394195079803467,0.003961671143770218,0.062451720237731934,0.00918735284358263,10.0,1.0,10.0
153.0,0.190589040517807,0.190589040517807,0.0039467052556574345,0.06209274381399155,0.008902925066649914,10.0,1.0,10.0
154.0,0.1858227252960205,0.1858227252960205,0.003887857310473919,0.061957962810993195,0.008498619310557842,10.0,1.0,10.0
155.0,0.1829543262720108,0.1829543262720108,0.003932373132556677,0.06188655644655228,0.008174403570592403,10.0,1.0,10.0
156.0,0.17828725278377533,0.17828725278377533,0.0038485818076878786,0.06131930276751518,0.00784821342676878,10.0,1.0,10.0
157.0,0.17525967955589294,0.17525967955589294,0.0038790057878941298,0.061121731996536255,0.007534789387136698,10.0,1.0,10.0
158.0,0.17134156823158264,0.17134156823158264,0.0038947733119130135,0.06100441515445709,0.007138942368328571,10.0,1.0,10.0
159.0,0.167649507522583,0.167649507522583,0.0038884186651557684,0.06047871708869934,0.006828661542385817,10.0,1.0,10.0
160.0,0.16454941034317017,0.16454941034317017,0.0038858314510434866,0.059700123965740204,0.006599097047001123,10.0,1.0,10.0
161.0,0.16047291457653046,0.16047291457653046,0.0038728269282728434,0.05893535166978836,0.00628092885017395,10.0,1.0,10.0
162.0,0.15749746561050415,0.15749746561050415,0.003919210284948349,0.05815604329109192,0.0060149324126541615,10.0,1.0,10.0
163.0,0.15392765402793884,0.15392765402793884,0.0038750022649765015,0.056954044848680496,0.005822358652949333,10.0,1.0,10.0
164.0,0.15047772228717804,0.15047772228717804,0.0038622557185590267,0.05563492327928543,0.005622024182230234,10.0,1.0,10.0
165.0,0.14767539501190186,0.14767539501190186,0.003906250931322575,0.054373469203710556,0.005423943046480417,10.0,1.0,10.0
166.0,0.1442980021238327,0.1442980021238327,0.0038546519353985786,0.0529944971203804,0.005275698844343424,10.0,1.0,10.0
167.0,0.14150585234165192,0.14150585234165192,0.0038458392955362797,0.05158358812332153,0.0051463874988257885,10.0,1.0,10.0
168.0,0.13893695175647736,0.13893695175647736,0.003877878189086914,0.05013407766819,0.005002409685403109,10.0,1.0,10.0
169.0,0.13603150844573975,0.13603150844573975,0.0038254486862570047,0.048750750720500946,0.004902625922113657,10.0,1.0,10.0
170.0,0.1336481273174286,0.1336481273174286,0.0038153487257659435,0.047486525028944016,0.004800812341272831,10.0,1.0,10.0
171.0,0.131284698843956,0.131284698843956,0.0038413526490330696,0.04616626724600792,0.004670490510761738,10.0,1.0,10.0
172.0,0.12864255905151367,0.12864255905151367,0.0037805286701768637,0.04489737004041672,0.004593990743160248,10.0,1.0,10.0
173.0,0.1263144314289093,0.1263144314289093,0.0037573419976979494,0.043773893266916275,0.004496712237596512,10.0,1.0,10.0
174.0,0.12399283051490784,0.12399283051490784,0.0037718401290476322,0.04268156737089157,0.004359286278486252,10.0,1.0,10.0
175.0,0.12140507251024246,0.12140507251024246,0.003698687767609954,0.04162675142288208,0.004279145039618015,10.0,1.0,10.0
176.0,0.11899318546056747,0.11899318546056747,0.003659074427559972,0.040645260363817215,0.004175717942416668,10.0,1.0,10.0
177.0,0.11672274768352509,0.11672274768352509,0.003652476705610752,0.039765190333127975,0.004043279681354761,10.0,1.0,10.0
178.0,0.1143125519156456,0.1143125519156456,0.0035791208501905203,0.038949813693761826,0.003957153297960758,10.0,1.0,10.0
179.0,0.111971914768219,0.111971914768219,0.0035391973797231913,0.038119323551654816,0.003846060950309038,10.0,1.0,10.0
180.0,0.10988030582666397,0.10988030582666397,0.003513061674311757,0.03738008439540863,0.0037369602359831333,10.0,1.0,10.0
181.0,0.10784627497196198,0.10784627497196198,0.0034561806824058294,0.03671715408563614,0.003656731452792883,10.0,1.0,10.0
182.0,0.10578879714012146,0.10578879714012146,0.003431399818509817,0.03598885238170624,0.003548594191670418,10.0,1.0,10.0
183.0,0.10386228561401367,0.10386228561401367,0.0033889340702444315,0.03528761491179466,0.003468532348051667,10.0,1.0,10.0
184.0,0.10209713131189346,0.10209713131189346,0.0033529193606227636,0.03462154418230057,0.0033946395851671696,10.0,1.0,10.0
185.0,0.10035796463489532,0.10035796463489532,0.003343314863741398,0.03388882800936699,0.003303599078208208,10.0,1.0,10.0
186.0,0.09858424961566925,0.09858424961566925,0.003298838622868061,0.033136386424303055,0.0032459478825330734,10.0,1.0,10.0
187.0,0.09684763848781586,0.09684763848781586,0.003282025456428528,0.032344382256269455,0.003168299561366439,10.0,1.0,10.0
188.0,0.09520004689693451,0.09520004689693451,0.0032681087031960487,0.03155010566115379,0.0030968859791755676,10.0,1.0,10.0
189.0,0.09360571205615997,0.09360571205615997,0.0032423376105725765,0.030750365927815437,0.003043196629732847,10.0,1.0,10.0
190.0,0.09201516211032867,0.09201516211032867,0.003243029583245516,0.02990148402750492,0.0029683385509997606,10.0,1.0,10.0
191.0,0.09042652696371078,0.09042652696371078,0.003217469435185194,0.02914600633084774,0.0029105828143656254,10.0,1.0,10.0
192.0,0.08887679874897003,0.08887679874897003,0.0032145376317203045,0.02835274487733841,0.0028378674760460854,10.0,1.0,10.0
193.0,0.08739470690488815,0.08739470690488815,0.0032021785154938698,0.027622057124972343,0.002775086322799325,10.0,1.0,10.0
194.0,0.08598197996616364,0.08598197996616364,0.003192311618477106,0.02696523629128933,0.0027093621902167797,10.0,1.0,10.0
195.0,0.08462458848953247,0.08462458848953247,0.0031964960508048534,0.02631688304245472,0.002634274074807763,10.0,1.0,10.0
196.0,0.08330751210451126,0.08330751210451126,0.0031762337312102318,0.025786131620407104,0.0025759038981050253,10.0,1.0,10.0
197.0,0.08202503621578217,0.08202503621578217,0.003185124136507511,0.025224462151527405,0.0024949335493147373,10.0,1.0,10.0
198.0,0.0807780921459198,0.0807780921459198,0.003160365391522646,0.024832475930452347,0.0024341964162886143,10.0,1.0,10.0
199.0,0.07957254350185394,0.07957254350185394,0.003168456954881549,0.02434421330690384,0.0023543760180473328,10.0,1.0,10.0
200.0,0.07841625064611435,0.07841625064611435,0.0031396285630762577,0.024043474346399307,0.002297649160027504,10.0,1.0,10.0
201.0,0.0773225799202919,0.0773225799202919,0.00315307779237628,0.02361460030078888,0.0022177202627062798,10.0,1.0,10.0
202.0,0.07631509751081467,0.07631509751081467,0.003119802102446556,0.02339211292564869,0.0021724964026361704,10.0,1.0,10.0
203.0,0.07545106112957001,0.07545106112957001,0.003151325508952141,0.02294544316828251,0.002099236473441124,10.0,1.0,10.0
204.0,0.07486855983734131,0.07486855983734131,0.0031187860295176506,0.022868840023875237,0.002081186044961214,10.0,1.0,10.0
205.0,0.07492411881685257,0.07492411881685257,0.0032267686910927296,0.02235320955514908,0.002030322328209877,10.0,1.0,10.0
206.0,0.07650389522314072,0.07650389522314072,0.0032605950254946947,0.022719373926520348,0.002117857104167342,10.0,1.0,10.0
207.0,0.0815652534365654,0.0815652534365654,0.003717810148373246,0.02231147140264511,0.0022075676824897528,10.0,1.0,10.0
208.0,0.09265027940273285,0.09265027940273285,0.004164260346442461,0.024242576211690903,0.002676510252058506,10.0,1.0,10.0
209.0,0.10603973269462585,0.10603973269462585,0.005207979120314121,0.023961199447512627,0.0029998738318681717,10.0,1.0,10.0
210.0,0.10192985832691193,0.10192985832691193,0.004727940075099468,0.024843502789735794,0.0029806960374116898,10.0,1.0,10.0
211.0,0.0765581801533699,0.0765581801533699,0.003560298355296254,0.020741907879710197,0.0020213292445987463,10.0,1.0,10.0
212.0,0.06893260776996613,0.06893260776996613,0.0031241709366440773,0.019858285784721375,0.0017832611920312047,10.0,1.0,10.0
213.0,0.0853162333369255,0.0853162333369255,0.003934949636459351,0.02210327610373497,0.0023863462265580893,10.0,1.0,10.0
214.0,0.08546806871891022,0.08546806871891022,0.004167958162724972,0.020694008097052574,0.00230944762006402,10.0,1.0,10.0
215.0,0.06770247966051102,0.06770247966051102,0.0030738995410501957,0.0193680077791214,0.0017595477402210236,10.0,1.0,10.0
216.0,0.06974626332521439,0.06974626332521439,0.0031982683576643467,0.019495302811264992,0.0018268277635797858,10.0,1.0,10.0
217.0,0.07998256385326385,0.07998256385326385,0.003919559996575117,0.019538763910531998,0.0021248203702270985,10.0,1.0,10.0
218.0,0.07049507647752762,0.07049507647752762,0.00327898096293211,0.01924607902765274,0.0018459188286215067,10.0,1.0,10.0
219.0,0.06365765631198883,0.06365765631198883,0.0029631692450493574,0.01810198463499546,0.0015923979226499796,10.0,1.0,10.0
220.0,0.07210288941860199,0.07210288941860199,0.0035268166102468967,0.018341606482863426,0.0018493118695914745,10.0,1.0,10.0
221.0,0.07051485031843185,0.07051485031843185,0.0033429281320422888,0.018864428624510765,0.0018221139907836914,10.0,1.0,10.0
222.0,0.061959408223629,0.061959408223629,0.0029529016464948654,0.017371749505400658,0.0015058645512908697,10.0,1.0,10.0
223.0,0.06570129096508026,0.06570129096508026,0.003210458904504776,0.01743130572140217,0.0016165401320904493,10.0,1.0,10.0
224.0,0.06842271983623505,0.06842271983623505,0.0032923549879342318,0.018306106328964233,0.0017193065723404288,10.0,1.0,10.0
225.0,0.061763402074575424,0.061763402074575424,0.003012445755302906,0.0169173963367939,0.0014721545157954097,10.0,1.0,10.0
226.0,0.06129388138651848,0.06129388138651848,0.0030050831846892834,0.01676815375685692,0.001447489601559937,10.0,1.0,10.0
227.0,0.06520400941371918,0.06520400941371918,0.0031796395778656006,0.017597060650587082,0.0015810552285984159,10.0,1.0,10.0
228.0,0.061777129769325256,0.061777129769325256,0.003075881628319621,0.016511471942067146,0.00145068415440619,10.0,1.0,10.0
229.0,0.05873562768101692,0.05873562768101692,0.0029026076663285494,0.016279544681310654,0.0013430006802082062,10.0,1.0,10.0
230.0,0.06157790124416351,0.06157790124416351,0.0030430438928306103,0.01678619347512722,0.0014361271169036627,10.0,1.0,10.0
231.0,0.061245523393154144,0.061245523393154144,0.003100081579759717,0.016058212146162987,0.0014186495682224631,10.0,1.0,10.0
232.0,0.05769403278827667,0.05769403278827667,0.0028835213743150234,0.015915755182504654,0.001294306362979114,10.0,1.0,10.0
233.0,0.05827397108078003,0.05827397108078003,0.0029228907078504562,0.01594618894159794,0.0013098875060677528,10.0,1.0,10.0
234.0,0.05972176790237427,0.05972176790237427,0.003062398871406913,0.015517359599471092,0.0013580421218648553,10.0,1.0,10.0
235.0,0.05749871954321861,0.05749871954321861,0.0029126713052392006,0.01560012623667717,0.0012771879555657506,10.0,1.0,10.0
236.0,0.056038811802864075,0.056038811802864075,0.002859232248738408,0.015193329192698002,0.001225316314958036,10.0,1.0,10.0
237.0,0.05732342228293419,0.05732342228293419,0.0029676510021090508,0.014948471449315548,0.001269844127818942,10.0,1.0,10.0
238.0,0.05711385980248451,0.05711385980248451,0.0029328062664717436,0.015240974724292755,0.0012544821947813034,10.0,1.0,10.0
239.0,0.055167462676763535,0.055167462676763535,0.0028647619765251875,0.014618927612900734,0.001190091366879642,10.0,1.0,10.0
240.0,0.05493585020303726,0.05493585020303726,0.00286692101508379,0.014462410472333431,0.001180423074401915,10.0,1.0,10.0
241.0,0.05572183057665825,0.05572183057665825,0.002900410443544388,0.014736568555235863,0.0011981155257672071,10.0,1.0,10.0
242.0,0.05493726581335068,0.05493726581335068,0.0028978954069316387,0.01418641209602356,0.001177189638838172,10.0,1.0,10.0
243.0,0.0536283478140831,0.0536283478140831,0.0028235544450581074,0.014142928645014763,0.001124987960793078,10.0,1.0,10.0
244.0,0.05368330329656601,0.05368330329656601,0.0028340343851596117,0.014123199507594109,0.0011219760635867715,10.0,1.0,10.0
245.0,0.05403384566307068,0.05403384566307068,0.002884073182940483,0.013790774159133434,0.001140233944170177,10.0,1.0,10.0
246.0,0.05328487604856491,0.05328487604856491,0.0028351438231766224,0.01391355600208044,0.001101988134905696,10.0,1.0,10.0
247.0,0.05235216021537781,0.05235216021537781,0.0028054683934897184,0.013562857173383236,0.0010734617244452238,10.0,1.0,10.0
248.0,0.0523146390914917,0.0523146390914917,0.0028187467250972986,0.013400030322372913,0.0010727143380790949,10.0,1.0,10.0
249.0,0.05247605964541435,0.05247605964541435,0.0028265235014259815,0.01354326494038105,0.0010667559690773487,10.0,1.0,10.0
250.0,0.05195200443267822,0.05195200443267822,0.002823431510478258,0.013132779859006405,0.00105849071405828,10.0,1.0,10.0
251.0,0.0511954203248024,0.0511954203248024,0.002784647513180971,0.013107477687299252,0.0010241467971354723,10.0,1.0,10.0
252.0,0.05095859244465828,0.05095859244465828,0.0027825739234685898,0.012994131073355675,0.0010138723300769925,10.0,1.0,10.0
253.0,0.051021501421928406,0.051021501421928406,0.0028048139065504074,0.012741024605929852,0.0010232336353510618,10.0,1.0,10.0
254.0,0.05075404420495033,0.05075404420495033,0.0027911800425499678,0.012827917002141476,0.00100143242161721,10.0,1.0,10.0
255.0,0.05016239732503891,0.05016239732503891,0.0027775182388722897,0.012488898821175098,0.0009898317512124777,10.0,1.0,10.0
256.0,0.049731917679309845,0.049731917679309845,0.0027621251065284014,0.012399446219205856,0.0009711222373880446,10.0,1.0,10.0
257.0,0.049624379724264145,0.049624379724264145,0.0027642413042485714,0.012357567436993122,0.00096243986627087,10.0,1.0,10.0
258.0,0.049530938267707825,0.049530938267707825,0.0027756481431424618,0.012091347947716713,0.0009683107491582632,10.0,1.0,10.0
259.0,0.0491955429315567,0.0491955429315567,0.0027613758575171232,0.012132120318710804,0.0009449665667489171,10.0,1.0,10.0
260.0,0.04873264953494072,0.04873264953494072,0.002750318730250001,0.011860744096338749,0.000936871743761003,10.0,1.0,10.0
261.0,0.04839293286204338,0.04839293286204338,0.0027408197056502104,0.011765197850763798,0.0009219538769684732,10.0,1.0,10.0
262.0,0.04823034256696701,0.04823034256696701,0.002740285126492381,0.011708419770002365,0.000911907060071826,10.0,1.0,10.0
263.0,0.04808966815471649,0.04808966815471649,0.0027455517556518316,0.011481582187116146,0.000915256910957396,10.0,1.0,10.0
264.0,0.047830574214458466,0.047830574214458466,0.002737941686064005,0.011500749737024307,0.0008950409828685224,10.0,1.0,10.0
265.0,0.04747160151600838,0.04747160151600838,0.0027300682850182056,0.01125438790768385,0.000891653005965054,10.0,1.0,10.0
266.0,0.04712854325771332,0.04712854325771332,0.002719650510698557,0.01119154691696167,0.0008740492630749941,10.0,1.0,10.0
267.0,0.046878062188625336,0.046878062188625336,0.002715428825467825,0.011072022840380669,0.0008651747484691441,10.0,1.0,10.0
268.0,0.046698469668626785,0.046698469668626785,0.0027154539711773396,0.010906831361353397,0.0008637100690975785,10.0,1.0,10.0
269.0,0.04651614651083946,0.04651614651083946,0.0027139794547110796,0.010889251716434956,0.0008487100712954998,10.0,1.0,10.0
270.0,0.046280547976493835,0.046280547976493835,0.002710991306230426,0.010665541514754295,0.0008505090954713523,10.0,1.0,10.0
271.0,0.04599497839808464,0.04599497839808464,0.0027037644758820534,0.010642626322805882,0.0008314705919474363,10.0,1.0,10.0
272.0,0.04569863900542259,0.04569863900542259,0.0026969225145876408,0.010447402484714985,0.0008282012422569096,10.0,1.0,10.0
273.0,0.04542850703001022,0.04542850703001022,0.0026907988358289003,0.010364079847931862,0.0008156439289450645,10.0,1.0,10.0
274.0,0.045197613537311554,0.045197613537311554,0.002687137806788087,0.010250076651573181,0.00080761598655954,10.0,1.0,10.0
275.0,0.04499543830752373,0.04499543830752373,0.0026847433764487505,0.010103145614266396,0.0008044858695939183,10.0,1.0,10.0
276.0,0.04480184242129326,0.04480184242129326,0.0026831873692572117,0.010053250938653946,0.000791671802289784,10.0,1.0,10.0
277.0,0.04460057243704796,0.04460057243704796,0.002680161502212286,0.009867459535598755,0.0007931495783850551,10.0,1.0,10.0
278.0,0.044384561479091644,0.044384561479091644,0.0026779151521623135,0.009838909842073917,0.0007766501512378454,10.0,1.0,10.0
279.0,0.04415562003850937,0.04415562003850937,0.0026724757626652718,0.009647349826991558,0.0007783515611663461,10.0,1.0,10.0
280.0,0.04391947388648987,0.04391947388648987,0.0026695355772972107,0.00961120706051588,0.0007612908375449479,10.0,1.0,10.0
281.0,0.04368250072002411,0.04368250072002411,0.0026633290108293295,0.009436347521841526,0.000761286006309092,10.0,1.0,10.0
282.0,0.04344917833805084,0.04344917833805084,0.0026602763682603836,0.009383272379636765,0.0007463141810148954,10.0,1.0,10.0
283.0,0.043221790343523026,0.043221790343523026,0.0026548332534730434,0.009232096374034882,0.0007441360503435135,10.0,1.0,10.0
284.0,0.04300052672624588,0.04300052672624588,0.002651792485266924,0.009163272567093372,0.0007319330470636487,10.0,1.0,10.0
285.0,0.04278505593538284,0.04278505593538284,0.0026472583413124084,0.009032861329615116,0.000727961421944201,10.0,1.0,10.0
286.0,0.04257432371377945,0.04257432371377945,0.0026443693786859512,0.008952334523200989,0.0007178293890319765,10.0,1.0,10.0
287.0,0.0423675999045372,0.0423675999045372,0.002640337450429797,0.0088363541290164,0.0007127869757823646,10.0,1.0,10.0
288.0,0.0421641506254673,0.0421641506254673,0.0026376694440841675,0.00874918233603239,0.0007038273033685982,10.0,1.0,10.0
289.0,0.041963543742895126,0.041963543742895126,0.0026338729076087475,0.00864157360047102,0.0006983237690292299,10.0,1.0,10.0
290.0,0.04176562279462814,0.04176562279462814,0.002631290117278695,0.00855319295078516,0.0006899528088979423,10.0,1.0,10.0
291.0,0.041570328176021576,0.041570328176021576,0.0026277026627212763,0.008449003100395203,0.000684429774992168,10.0,1.0,10.0
292.0,0.04137776046991348,0.04137776046991348,0.0026252218522131443,0.008364000357687473,0.0006761542754247785,10.0,1.0,10.0
293.0,0.04118825122714043,0.04118825122714043,0.002621713560074568,0.0082590002566576,0.0006712113390676677,10.0,1.0,10.0
294.0,0.04100261256098747,0.04100261256098747,0.002619800390675664,0.008182065561413765,0.0006622542859986424,10.0,1.0,10.0
295.0,0.040822774171829224,0.040822774171829224,0.0026160134002566338,0.008071460761129856,0.000659117940813303,10.0,1.0,10.0
296.0,0.04065299779176712,0.04065299779176712,0.0026159367989748716,0.008011600002646446,0.000648202549200505,10.0,1.0,10.0
297.0,0.040503643453121185,0.040503643453121185,0.0026118499226868153,0.007886523380875587,0.0006498618749901652,10.0,1.0,10.0
298.0,0.04039977490901947,0.04039977490901947,0.0026179999113082886,0.007867373526096344,0.0006352404016070068,10.0,1.0,10.0
299.0,0.04040440917015076,0.04040440917015076,0.0026177766267210245,0.007713035214692354,0.000651360722258687,10.0,1.0,10.0
300.0,0.04067787900567055,0.04067787900567055,0.002651436487212777,0.007813193835318089,0.0006350320181809366,10.0,1.0,10.0
301.0,0.04163602739572525,0.04163602739572525,0.0026916940696537495,0.007644749246537685,0.0007074337918311357,10.0,1.0,10.0
302.0,0.04434256628155708,0.04434256628155708,0.0028770684730261564,0.0082017807289958,0.0007370100938715041,10.0,1.0,10.0
303.0,0.05137116461992264,0.05137116461992264,0.003217840101569891,0.008394874632358551,0.0010797888971865177,10.0,1.0,10.0
304.0,0.06764808297157288,0.06764808297157288,0.004194552078843117,0.010884258896112442,0.001481830608099699,10.0,1.0,10.0
305.0,0.0962105244398117,0.0962105244398117,0.005641722120344639,0.012795418500900269,0.0026997884269803762,10.0,1.0,10.0
306.0,0.11655818670988083,0.11655818670988083,0.006928429938852787,0.016375364735722542,0.003089852398261428,10.0,1.0,10.0
307.0,0.0872020274400711,0.0872020274400711,0.005154752172529697,0.011788967065513134,0.002386554377153516,10.0,1.0,10.0
308.0,0.04162910580635071,0.04162910580635071,0.0027697854675352573,0.007467890623956919,0.0006463361205533147,10.0,1.0,10.0
309.0,0.055202215909957886,0.055202215909957886,0.0035253125242888927,0.009139366447925568,0.0010809723753482103,10.0,1.0,10.0
310.0,0.0827907994389534,0.0827907994389534,0.004933019168674946,0.01120772771537304,0.002225288189947605,10.0,1.0,10.0
311.0,0.057231828570365906,0.057231828570365906,0.0036711336579173803,0.009196469560265541,0.0011324024526402354,10.0,1.0,10.0
312.0,0.03952331095933914,0.03952331095933914,0.0026335790753364563,0.007089479826390743,0.0006098038284108043,10.0,1.0,10.0
313.0,0.06367424130439758,0.06367424130439758,0.0039171576499938965,0.009179318323731422,0.0015323350671678782,10.0,1.0,10.0
314.0,0.05874064937233925,0.05874064937233925,0.003767574205994606,0.009292558766901493,0.0011772349243983626,10.0,1.0,10.0
315.0,0.03828955441713333,0.03828955441713333,0.002554667182266712,0.0068053072318434715,0.0005937577807344496,10.0,1.0,10.0
316.0,0.05270040035247803,0.05270040035247803,0.0033454340882599354,0.008016456849873066,0.0011229602387174964,10.0,1.0,10.0
317.0,0.05468468368053436,0.05468468368053436,0.00354926660656929,0.008764561265707016,0.0010427457746118307,10.0,1.0,10.0
318.0,0.03838934376835823,0.03838934376835823,0.0025649077724665403,0.0067298137582838535,0.0006010449142195284,10.0,1.0,10.0
319.0,0.0471346452832222,0.0471346452832222,0.0030659260228276253,0.0074037290178239346,0.0009071653475984931,10.0,1.0,10.0
320.0,0.050196923315525055,0.050196923315525055,0.0033054461237043142,0.00819928478449583,0.0008943179273046553,10.0,1.0,10.0
321.0,0.03816208243370056,0.03816208243370056,0.0025619796942919493,0.006646886933594942,0.0005895396461710334,10.0,1.0,10.0
322.0,0.04405502602458,0.04405502602458,0.002916056662797928,0.007033783942461014,0.0007860674522817135,10.0,1.0,10.0
323.0,0.04648047313094139,0.04648047313094139,0.003103403840214014,0.007702142000198364,0.0007744293543510139,10.0,1.0,10.0
324.0,0.03775499016046524,0.03775499016046524,0.0025537842884659767,0.006523484364151955,0.0005693664425052702,10.0,1.0,10.0
325.0,0.042079340666532516,0.042079340666532516,0.002826328855007887,0.006744967773556709,0.000707108061760664,10.0,1.0,10.0
326.0,0.043625570833683014,0.043625570833683014,0.0029488259460777044,0.007275665644556284,0.0006861646543256938,10.0,1.0,10.0
327.0,0.037336334586143494,0.037336334586143494,0.0025453169364482164,0.006389130372554064,0.0005494037759490311,10.0,1.0,10.0
328.0,0.04062748700380325,0.04062748700380325,0.0027609020471572876,0.006509294267743826,0.0006509175291284919,10.0,1.0,10.0
329.0,0.04149170592427254,0.04149170592427254,0.0028339610435068607,0.006932949181646109,0.0006219148053787649,10.0,1.0,10.0
330.0,0.0369582325220108,0.0369582325220108,0.002538504544645548,0.0062600113451480865,0.0005313177243806422,10.0,1.0,10.0
331.0,0.03946222364902496,0.03946222364902496,0.0027103759348392487,0.006307164207100868,0.000605130335316062,10.0,1.0,10.0
332.0,0.03991374000906944,0.03991374000906944,0.0027509112842381,0.006652478128671646,0.0005752151482738554,10.0,1.0,10.0
333.0,0.036619748920202255,0.036619748920202255,0.0025343499146401882,0.006136859767138958,0.000513938837684691,10.0,1.0,10.0
334.0,0.03848567605018616,0.03848567605018616,0.002669102745130658,0.0061403256841003895,0.0005654325359500945,10.0,1.0,10.0
335.0,0.038745731115341187,0.038745731115341187,0.002690523397177458,0.006436213850975037,0.0005404280964285135,10.0,1.0,10.0
336.0,0.03631160408258438,0.03631160408258438,0.0025306737516075373,0.006030501797795296,0.0004974363837391138,10.0,1.0,10.0
337.0,0.037653952836990356,0.037653952836990356,0.002634549280628562,0.0060043297708034515,0.0005304130027070642,10.0,1.0,10.0
338.0,0.03786933422088623,0.03786933422088623,0.002646408509463072,0.00626022694632411,0.0005145022878423333,10.0,1.0,10.0
339.0,0.03603031113743782,0.03603031113743782,0.0025291978381574154,0.005924880038946867,0.0004813450505025685,10.0,1.0,10.0
340.0,0.036941420286893845,0.036941420286893845,0.0026068142615258694,0.005881430581212044,0.0004991847090423107,10.0,1.0,10.0
341.0,0.037191882729530334,0.037191882729530334,0.002613560063764453,0.006108245346695185,0.0004948035348206758,10.0,1.0,10.0
342.0,0.03577722981572151,0.03577722981572151,0.0025289440527558327,0.005822335369884968,0.0004665452870540321,10.0,1.0,10.0
343.0,0.036329224705696106,0.036329224705696106,0.0025830038357526064,0.005771647207438946,0.000472754065413028,10.0,1.0,10.0
344.0,0.03664270043373108,0.03664270043373108,0.002588147995993495,0.005972842685878277,0.0004788377264048904,10.0,1.0,10.0
345.0,0.0355546772480011,0.0355546772480011,0.002530315425246954,0.005719438195228577,0.00045320854405872524,10.0,1.0,10.0
346.0,0.035804733633995056,0.035804733633995056,0.0025634998455643654,0.005666173063218594,0.0004503563395701349,10.0,1.0,10.0
347.0,0.03617025166749954,0.03617025166749954,0.0025684640277177095,0.005841698497533798,0.0004643912543542683,10.0,1.0,10.0
348.0,0.03536197170615196,0.03536197170615196,0.002533114515244961,0.005617774091660976,0.00044130533933639526,10.0,1.0,10.0
349.0,0.035362616181373596,0.035362616181373596,0.002547122072428465,0.00557120842859149,0.000432018656283617,10.0,1.0,10.0
350.0,0.0357397198677063,0.0357397198677063,0.0025521195493638515,0.005719101056456566,0.0004499420465435833,10.0,1.0,10.0
351.0,0.035191185772418976,0.035191185772418976,0.0025358020793646574,0.005524931941181421,0.0004308232746552676,10.0,1.0,10.0
352.0,0.03500262647867203,0.03500262647867203,0.0025338632985949516,0.0054890611208975315,0.0004174933419562876,10.0,1.0,10.0
353.0,0.03533252328634262,0.03533252328634262,0.0025386419147253036,0.005599805153906345,0.00043463020119816065,10.0,1.0,10.0
354.0,0.035025566816329956,0.035025566816329956,0.0025379210710525513,0.005437891930341721,0.00042084651067852974,10.0,1.0,10.0
355.0,0.034724265336990356,0.034724265336990356,0.0025240867398679256,0.005418102722615004,0.000406529288738966,10.0,1.0,10.0
356.0,0.034947045147418976,0.034947045147418976,0.0025276157539337873,0.005485581234097481,0.00041853063157759607,10.0,1.0,10.0
357.0,0.03484366834163666,0.03484366834163666,0.0025374118704348803,0.005359470844268799,0.00041100790258497,10.0,1.0,10.0
358.0,0.0345192477107048,0.0345192477107048,0.002517309272661805,0.005358338821679354,0.0003987817617598921,10.0,1.0,10.0
359.0,0.034597381949424744,0.034597381949424744,0.00251938309520483,0.0053772577084600925,0.00040262925904244184,10.0,1.0,10.0
360.0,0.03462894633412361,0.03462894633412361,0.0025337047409266233,0.0052844928577542305,0.00040074068238027394,10.0,1.0,10.0
361.0,0.034365393221378326,0.034365393221378326,0.002513712737709284,0.005300605203956366,0.00039276605821214616,10.0,1.0,10.0
362.0,0.03430436924099922,0.03430436924099922,0.002514505060389638,0.005274802912026644,0.00038845164817757905,10.0,1.0,10.0
363.0,0.034380555152893066,0.034380555152893066,0.002526594325900078,0.005212195683270693,0.0003902415919583291,10.0,1.0,10.0
364.0,0.03422781080007553,0.03422781080007553,0.0025119162164628506,0.005241232458502054,0.000386741739930585,10.0,1.0,10.0
365.0,0.03408056125044823,0.03408056125044823,0.0025123273953795433,0.005183175206184387,0.0003774113720282912,10.0,1.0,10.0
366.0,0.03411928564310074,0.03411928564310074,0.0025174119509756565,0.005143838003277779,0.000380132783902809,10.0,1.0,10.0
367.0,0.03407232090830803,0.03407232090830803,0.002510808175429702,0.005174234043806791,0.00037900047027505934,10.0,1.0,10.0
368.0,0.03391658887267113,0.03391658887267113,0.0025119553320109844,0.005101968999952078,0.0003695065388455987,10.0,1.0,10.0
369.0,0.0338788777589798,0.0338788777589798,0.002508886158466339,0.005080521572381258,0.0003709495940711349,10.0,1.0,10.0
370.0,0.033883996307849884,0.033883996307849884,0.0025092288851737976,0.005099915899336338,0.0003691792953759432,10.0,1.0,10.0
371.0,0.03378048166632652,0.03378048166632652,0.0025111790746450424,0.005032767076045275,0.0003635925240814686,10.0,1.0,10.0
372.0,0.03368533402681351,0.03368533402681351,0.0025031138211488724,0.005025125108659267,0.000362906779628247,10.0,1.0,10.0
373.0,0.03367723897099495,0.03367723897099495,0.002506884280592203,0.0050230491906404495,0.00035853494773618877,10.0,1.0,10.0
374.0,0.03363576531410217,0.03363576531410217,0.0025085133966058493,0.004972030874341726,0.0003578599717002362,10.0,1.0,10.0
375.0,0.03353707492351532,0.03353707492351532,0.002501082606613636,0.004973649047315121,0.0003552598936948925,10.0,1.0,10.0
376.0,0.033484525978565216,0.033484525978565216,0.002504446543753147,0.004949191585183144,0.0003490870585665107,10.0,1.0,10.0
377.0,0.03346735239028931,0.03346735239028931,0.0025038609746843576,0.004916926845908165,0.0003511815157253295,10.0,1.0,10.0
378.0,0.03340576961636543,0.03340576961636543,0.002501132432371378,0.004922098480165005,0.0003472345124464482,10.0,1.0,10.0
379.0,0.033328305929899216,0.033328305929899216,0.0025022211484611034,0.004884420894086361,0.00034216701169498265,10.0,1.0,10.0
380.0,0.03329206258058548,0.03329206258058548,0.0024990402162075043,0.004866143222898245,0.0003435518592596054,10.0,1.0,10.0
381.0,0.033262111246585846,0.033262111246585846,0.0025008958764374256,0.004865831229835749,0.00033873238135129213,10.0,1.0,10.0
382.0,0.03319939225912094,0.03319939225912094,0.002500068861991167,0.0048278882168233395,0.00033708152477629483,10.0,1.0,10.0
383.0,0.033138521015644073,0.033138521015644073,0.0024964231997728348,0.004818309098482132,0.0003355981025379151,10.0,1.0,10.0
384.0,0.033105526119470596,0.033105526119470596,0.0024990893434733152,0.004806242883205414,0.00033083889866247773,10.0,1.0,10.0
385.0,0.03306914120912552,0.03306914120912552,0.002497247187420726,0.004777244757860899,0.00033194234129041433,10.0,1.0,10.0
386.0,0.03301197662949562,0.03301197662949562,0.0024960406590253115,0.004772245418280363,0.000327932444633916,10.0,1.0,10.0
387.0,0.03296053782105446,0.03296053782105446,0.00249638338573277,0.004748957697302103,0.0003247746790293604,10.0,1.0,10.0
388.0,0.0329270176589489,0.0329270176589489,0.002494347281754017,0.004729561973363161,0.0003253983159083873,10.0,1.0,10.0
389.0,0.03288941830396652,0.03288941830396652,0.0024957736022770405,0.004723978694528341,0.00032077045761980116,10.0,1.0,10.0
390.0,0.03283863142132759,0.03283863142132759,0.0024939754512161016,0.0046974364668130875,0.00032014399766921997,10.0,1.0,10.0
391.0,0.0327923521399498,0.0327923521399498,0.002492750994861126,0.0046851616352796555,0.0003179681662004441,10.0,1.0,10.0
392.0,0.032757893204689026,0.032757893204689026,0.0024938390124589205,0.0046738525852561,0.0003145648806821555,10.0,1.0,10.0
393.0,0.03272160515189171,0.03272160515189171,0.0024919419083744287,0.004651549272239208,0.00031506374944001436,10.0,1.0,10.0
394.0,0.032676633447408676,0.032676633447408676,0.002492352854460478,0.004643415566533804,0.0003109689278062433,10.0,1.0,10.0
395.0,0.032633375376462936,0.032633375376462936,0.0024912143126130104,0.0046253083273768425,0.00030959240393713117,10.0,1.0,10.0
396.0,0.03259829804301262,0.03259829804301262,0.0024904394522309303,0.004609047435224056,0.0003084856434725225,10.0,1.0,10.0
397.0,0.03256387263536453,0.03256387263536453,0.0024912620428949594,0.004601133055984974,0.0003050119266845286,10.0,1.0,10.0
398.0,0.03252393379807472,0.03252393379807472,0.0024893528316169977,0.004581260960549116,0.00030491448706015944,10.0,1.0,10.0
399.0,0.032483335584402084,0.032483335584402084,0.0024896799586713314,0.004570127464830875,0.0003016407135874033,10.0,1.0,10.0
400.0,0.03244803100824356,0.03244803100824356,0.002488930243998766,0.00455804169178009,0.00030006884480826557,10.0,1.0,10.0
401.0,0.03241502866148949,0.03241502866148949,0.0024882720317691565,0.004540910944342613,0.0002991395886056125,10.0,1.0,10.0
402.0,0.03237932547926903,0.03237932547926903,0.0024887602776288986,0.004532584920525551,0.00029591372003778815,10.0,1.0,10.0
403.0,0.03234177827835083,0.03234177827835083,0.0024870606139302254,0.004516372457146645,0.00029547978192567825,10.0,1.0,10.0
404.0,0.03230667859315872,0.03230667859315872,0.0024875446688383818,0.004503537435084581,0.0002927693130914122,10.0,1.0,10.0
405.0,0.032274384051561356,0.032274384051561356,0.0024867793545126915,0.004493956919759512,0.00029126330628059804,10.0,1.0,10.0
406.0,0.032241836190223694,0.032241836190223694,0.0024862270802259445,0.004477717913687229,0.0002901848347391933,10.0,1.0,10.0
407.0,0.03220754489302635,0.03220754489302635,0.002486493671312928,0.0044685848988592625,0.00028740245033986866,10.0,1.0,10.0
408.0,0.03217355161905289,0.03217355161905289,0.0024850270710885525,0.004455115180462599,0.0002868162700906396,10.0,1.0,10.0
409.0,0.03214162960648537,0.03214162960648537,0.0024855982046574354,0.004441951401531696,0.0002843696274794638,10.0,1.0,10.0
410.0,0.03211093321442604,0.03211093321442604,0.0024846873711794615,0.004433164838701487,0.0002830894954968244,10.0,1.0,10.0
411.0,0.03207969665527344,0.03207969665527344,0.0024843886494636536,0.004418300464749336,0.00028175109764561057,10.0,1.0,10.0
412.0,0.032047804445028305,0.032047804445028305,0.0024844177532941103,0.004408965818583965,0.0002794661559164524,10.0,1.0,10.0
413.0,0.03201654925942421,0.03201654925942421,0.002483211923390627,0.004397109150886536,0.0002787322737276554,10.0,1.0,10.0
414.0,0.03198670223355293,0.03198670223355293,0.0024837737437337637,0.004384580533951521,0.0002764381642919034,10.0,1.0,10.0
415.0,0.03195752948522568,0.03195752948522568,0.002482721349224448,0.004376077093183994,0.0002754237793851644,10.0,1.0,10.0
416.0,0.03192806988954544,0.03192806988954544,0.0024827546440064907,0.004362486302852631,0.00027380354003980756,10.0,1.0,10.0
417.0,0.0318983718752861,0.0318983718752861,0.00248245382681489,0.004353449679911137,0.00027203845093026757,10.0,1.0,10.0
418.0,0.03186929225921631,0.03186929225921631,0.0024816254153847694,0.00434229476377368,0.0002710740955080837,10.0,1.0,10.0
419.0,0.031841084361076355,0.031841084361076355,0.0024820223916321993,0.004330845549702644,0.00026900143711827695,10.0,1.0,10.0
420.0,0.03181345760822296,0.03181345760822296,0.002480943687260151,0.004322376102209091,0.0002681645564734936,10.0,1.0,10.0
421.0,0.031785786151885986,0.031785786151885986,0.0024812440387904644,0.0043099019676446915,0.000266344373812899,10.0,1.0,10.0
422.0,0.031758133322000504,0.031758133322000504,0.0024805841967463493,0.0043013994581997395,0.000265089183812961,10.0,1.0,10.0
423.0,0.03173074871301651,0.03173074871301651,0.002480234717950225,0.004290434997528791,0.00026379668270237744,10.0,1.0,10.0
424.0,0.03170399367809296,0.03170399367809296,0.002480261493474245,0.004280234687030315,0.0002621143648866564,10.0,1.0,10.0
425.0,0.03167781978845596,0.03167781978845596,0.0024794074706733227,0.004271501675248146,0.00026122434064745903,10.0,1.0,10.0
426.0,0.031651820987463,0.031651820987463,0.0024797485675662756,0.0042601763270795345,0.0002594159450381994,10.0,1.0,10.0
427.0,0.03162594884634018,0.03162594884634018,0.0024788661394268274,0.00425212224945426,0.00025851657846942544,10.0,1.0,10.0
428.0,0.03160020709037781,0.03160020709037781,0.002478967886418104,0.004241330083459616,0.0002569195057731122,10.0,1.0,10.0
429.0,0.03157486394047737,0.03157486394047737,0.0024785040877759457,0.004232395906001329,0.00025574275059625506,10.0,1.0,10.0
430.0,0.03154992312192917,0.03154992312192917,0.002478140639141202,0.00422318372875452,0.00025453351554460824,10.0,1.0,10.0
431.0,0.0315253809094429,0.0315253809094429,0.0024781464599072933,0.004213202744722366,0.0002530713099986315,10.0,1.0,10.0
432.0,0.03150103613734245,0.03150103613734245,0.0024774400517344475,0.004205117933452129,0.000252151774475351,10.0,1.0,10.0
433.0,0.03147689253091812,0.03147689253091812,0.0024776372592896223,0.0041949087753891945,0.00025056127924472094,10.0,1.0,10.0
434.0,0.03145290166139603,0.03145290166139603,0.002476905472576618,0.004186853300780058,0.0002496993402019143,10.0,1.0,10.0
435.0,0.03142913430929184,0.03142913430929184,0.00247697695158422,0.004177320748567581,0.0002482041600160301,10.0,1.0,10.0
436.0,0.03140575438737869,0.03140575438737869,0.0024764847476035357,0.004168683663010597,0.00024722242960706353,10.0,1.0,10.0
437.0,0.03138268366456032,0.03138268366456032,0.0024762938264757395,0.004160120617598295,0.00024596258299425244,10.0,1.0,10.0
438.0,0.031359851360321045,0.031359851360321045,0.002476089634001255,0.004150986205786467,0.00024479697458446026,10.0,1.0,10.0
439.0,0.031337231397628784,0.031337231397628784,0.0024756542406976223,0.0041430299170315266,0.00024376576766371727,10.0,1.0,10.0
440.0,0.031314730644226074,0.031314730644226074,0.0024756272323429585,0.004133862443268299,0.00024245992244686931,10.0,1.0,10.0
441.0,0.031292498111724854,0.031292498111724854,0.0024750852026045322,0.004125966690480709,0.00024156791914720088,10.0,1.0,10.0
442.0,0.03127051517367363,0.03127051517367363,0.0024751073215156794,0.004117176868021488,0.00024022629077080637,10.0,1.0,10.0
443.0,0.031248673796653748,0.031248673796653748,0.0024745850823819637,0.004109074827283621,0.0002393745817244053,10.0,1.0,10.0
444.0,0.031227193772792816,0.031227193772792816,0.0024745510891079903,0.0041007958352565765,0.0002380887744948268,10.0,1.0,10.0
445.0,0.031205885112285614,0.031205885112285614,0.002474122680723667,0.004092537797987461,0.0002372118760831654,10.0,1.0,10.0
446.0,0.031184690073132515,0.031184690073132515,0.0024739864747971296,0.004084628541022539,0.00023601962311659008,10.0,1.0,10.0
447.0,0.03116380237042904,0.03116380237042904,0.002473653294146061,0.004076357465237379,0.00023509109450969845,10.0,1.0,10.0
448.0,0.03114301711320877,0.03114301711320877,0.002473448636010289,0.004068596754223108,0.00023399344354402274,10.0,1.0,10.0
449.0,0.031122468411922455,0.031122468411922455,0.002473176456987858,0.0040604956448078156,0.000233020749874413,10.0,1.0,10.0
450.0,0.031102079898118973,0.031102079898118973,0.002472927328199148,0.004052765667438507,0.0002320039493497461,10.0,1.0,10.0
451.0,0.031081926077604294,0.031081926077604294,0.0024726921692490578,0.0040449281223118305,0.00023100775433704257,10.0,1.0,10.0
452.0,0.031061900779604912,0.031061900779604912,0.002472415566444397,0.004037197679281235,0.00023005474940873682,10.0,1.0,10.0
453.0,0.03104214556515217,0.03104214556515217,0.002472213003784418,0.004029574804008007,0.0002290441479999572,10.0,1.0,10.0
454.0,0.03102247789502144,0.03102247789502144,0.002471912419423461,0.004021871834993362,0.0002281481574755162,10.0,1.0,10.0
455.0,0.03100304864346981,0.03100304864346981,0.0024717412889003754,0.004014394711703062,0.00022712409554515034,10.0,1.0,10.0
456.0,0.030983757227659225,0.030983757227659225,0.0024714076425880194,0.004006801638752222,0.0002262880007037893,10.0,1.0,10.0
457.0,0.03096463531255722,0.03096463531255722,0.0024712788872420788,0.003999403677880764,0.00022524414816871285,10.0,1.0,10.0
458.0,0.030945613980293274,0.030945613980293274,0.002470887266099453,0.003991975914686918,0.00022447641822509468,10.0,1.0,10.0
459.0,0.030926797538995743,0.030926797538995743,0.002470822539180517,0.003984593786299229,0.00022339775750879198,10.0,1.0,10.0
460.0,0.03090815804898739,0.03090815804898739,0.0024703615345060825,0.0039773546159267426,0.0002227188815595582,10.0,1.0,10.0
461.0,0.03088965080678463,0.03088965080678463,0.002470394130796194,0.003969945944845676,0.00022157630883157253,10.0,1.0,10.0
462.0,0.03087126836180687,0.03087126836180687,0.002469813684001565,0.00396292470395565,0.00022102078946772963,10.0,1.0,10.0
463.0,0.03085304982960224,0.03085304982960224,0.0024699915666133165,0.00395546481013298,0.00021976705465931445,10.0,1.0,10.0
464.0,0.03083503060042858,0.03083503060042858,0.0024692316073924303,0.0039487071335315704,0.0002194008557125926,10.0,1.0,10.0
465.0,0.030817074701189995,0.030817074701189995,0.00246964069083333,0.003941148053854704,0.0002179520233767107,10.0,1.0,10.0
466.0,0.030799325555562973,0.030799325555562973,0.0024685778189450502,0.003934716805815697,0.00021788313461001962,10.0,1.0,10.0
467.0,0.030781686305999756,0.030781686305999756,0.002469384577125311,0.003926933277398348,0.00021609064424410462,10.0,1.0,10.0
468.0,0.03076421096920967,0.03076421096920967,0.0024678041227161884,0.0039209648966789246,0.00021652068244293332,10.0,1.0,10.0
469.0,0.03074689954519272,0.03074689954519272,0.0024693082086741924,0.003912751562893391,0.00021410667977761477,10.0,1.0,10.0
470.0,0.03072977624833584,0.03072977624833584,0.002466793404892087,0.003907563164830208,0.00021542789181694388,10.0,1.0,10.0
471.0,0.030712909996509552,0.030712909996509552,0.0024695820175111294,0.0038985295686870813,0.0002118560514645651,10.0,1.0,10.0
472.0,0.03069629706442356,0.03069629706442356,0.0024653133004903793,0.0038947341963648796,0.0002148428320651874,10.0,1.0,10.0
473.0,0.030680188909173012,0.030680188909173012,0.0024705594405531883,0.0038840374909341335,0.0002090556954499334,10.0,1.0,10.0
474.0,0.030664969235658646,0.030664969235658646,0.002462915610522032,0.0038828831166028976,0.00021529296645894647,10.0,1.0,10.0
475.0,0.030651286244392395,0.030651286244392395,0.0024730656296014786,0.003868954721838236,0.00020516761287581176,10.0,1.0,10.0
476.0,0.030640771612524986,0.030640771612524986,0.0024586962535977364,0.0038732774555683136,0.00021805308642797172,10.0,1.0,10.0
477.0,0.03063642978668213,0.03063642978668213,0.002479016548022628,0.0038531010504812002,0.00019931620045099407,10.0,1.0,10.0
478.0,0.030645102262496948,0.030645102262496948,0.002451041480526328,0.0038695726543664932,0.00022651144536212087,10.0,1.0,10.0
479.0,0.030681245028972626,0.030681245028972626,0.0024934797547757626,0.0038380748592317104,0.0001908371050376445,10.0,1.0,10.0
480.0,0.030775921419262886,0.030775921419262886,0.0024381272960454226,0.0038844598457217216,0.00025101876235567033,10.0,1.0,10.0
481.0,0.030997008085250854,0.030997008085250854,0.0025315196253359318,0.00383759499527514,0.0001844218495534733,10.0,1.0,10.0
482.0,0.03148837015032768,0.03148837015032768,0.0024243900552392006,0.0039677671156823635,0.00032767021912150085,10.0,1.0,10.0
483.0,0.03254830092191696,0.03254830092191696,0.0026429167483001947,0.003928885329514742,0.00021902500884607434,10.0,1.0,10.0
484.0,0.034706369042396545,0.034706369042396545,0.002457707654684782,0.004310241434723139,0.0005819052457809448,10.0,1.0,10.0
485.0,0.038698580116033554,0.038698580116033554,0.0029702093452215195,0.0044121635146439075,0.0004584324196912348,10.0,1.0,10.0
486.0,0.04457714408636093,0.04457714408636093,0.0027011563070118427,0.005303526297211647,0.0012262053787708282,10.0,1.0,10.0
487.0,0.050282251089811325,0.050282251089811325,0.00354938511736691,0.005437925457954407,0.000935047515667975,10.0,1.0,10.0
488.0,0.051541924476623535,0.051541924476623535,0.003060995601117611,0.006070811301469803,0.0014861158560961485,10.0,1.0,10.0
489.0,0.049173399806022644,0.049173399806022644,0.0036393224727362394,0.005562520585954189,0.000721765507478267,10.0,1.0,10.0
490.0,0.05130960792303085,0.05130960792303085,0.0035017270129173994,0.006197234615683556,0.0010095102479681373,10.0,1.0,10.0
491.0,0.06116941198706627,0.06116941198706627,0.00393984280526638,0.007084714714437723,0.0014686266658827662,10.0,1.0,10.0
492.0,0.06599053740501404,0.06599053740501404,0.004216654226183891,0.0075495135970413685,0.001627448364160955,10.0,1.0,10.0
493.0,0.052659571170806885,0.052659571170806885,0.0034760404378175735,0.00613099941983819,0.0011768165277317166,10.0,1.0,10.0
494.0,0.035893961787223816,0.035893961787223816,0.0027020880952477455,0.004407011438161135,0.0004466067475732416,10.0,1.0,10.0
495.0,0.03565258905291557,0.03565258905291557,0.0027838449459522963,0.0040828753262758255,0.00037312612403184175,10.0,1.0,10.0
496.0,0.04123429208993912,0.04123429208993912,0.00271229213103652,0.004937729798257351,0.0009173636790364981,10.0,1.0,10.0
497.0,0.0399986132979393,0.0399986132979393,0.002950133290141821,0.004809621721506119,0.0005687657394446433,10.0,1.0,10.0
498.0,0.040117327123880386,0.040117327123880386,0.0031166947446763515,0.00463883625343442,0.0004311543598305434,10.0,1.0,10.0
499.0,0.04251451417803764,0.04251451417803764,0.0027383083943277597,0.005104962270706892,0.0010026469826698303,10.0,1.0,10.0
500.0,0.036674950271844864,0.036674950271844864,0.0028712591156363487,0.004162339027971029,0.00038000207860022783,10.0,1.0,10.0
501.0,0.030449336394667625,0.030449336394667625,0.0024534978438168764,0.003748701186850667,0.00021656563330907375,10.0,1.0,10.0
502.0,0.03513100743293762,0.03513100743293762,0.00250314106233418,0.004321891348809004,0.0005777705810032785,10.0,1.0,10.0
503.0,0.03928373008966446,0.03928373008966446,0.0030371258035302162,0.004449258092790842,0.00044632135541178286,10.0,1.0,10.0
504.0,0.03518354892730713,0.03518354892730713,0.0025859572924673557,0.00435697240754962,0.0004967005224898458,10.0,1.0,10.0
505.0,0.032830070704221725,0.032830070704221725,0.0025544320233166218,0.004002423025667667,0.00032833305886015296,10.0,1.0,10.0
506.0,0.03375055268406868,0.03375055268406868,0.0026869666762650013,0.00397602841258049,0.0002904859429690987,10.0,1.0,10.0
507.0,0.0323779359459877,0.0323779359459877,0.0024425708688795567,0.00399155355989933,0.00039606730570085347,10.0,1.0,10.0
508.0,0.03263786807656288,0.03263786807656288,0.002606571651995182,0.0039438907988369465,0.0002628261863719672,10.0,1.0,10.0
509.0,0.03495262563228607,0.03495262563228607,0.0027177399024367332,0.004213789012283087,0.00035614357329905033,10.0,1.0,10.0
510.0,0.033154286444187164,0.033154286444187164,0.0025327603798359632,0.004039162769913673,0.00037875203997828066,10.0,1.0,10.0
511.0,0.030361969023942947,0.030361969023942947,0.00245775212533772,0.003744932357221842,0.0002039515966316685,10.0,1.0,10.0
512.0,0.031658098101615906,0.031658098101615906,0.0025658556260168552,0.0038234121166169643,0.00021761300740763545,10.0,1.0,10.0
513.0,0.032842665910720825,0.032842665910720825,0.002519670408219099,0.003988034091889858,0.00036579242441803217,10.0,1.0,10.0
514.0,0.03182780370116234,0.03182780370116234,0.002532283077016473,0.003907127305865288,0.00025978463236242533,10.0,1.0,10.0
515.0,0.03170930966734886,0.03170930966734886,0.002602027729153633,0.0037792238872498274,0.00019098092161584646,10.0,1.0,10.0
516.0,0.03162650018930435,0.03162650018930435,0.002421183045953512,0.003891108324751258,0.0003523562045302242,10.0,1.0,10.0
517.0,0.030503837391734123,0.030503837391734123,0.002496494213119149,0.0037139446940273046,0.0001824951177695766,10.0,1.0,10.0
518.0,0.03081030398607254,0.03081030398607254,0.002533025573939085,0.0037181340157985687,0.00017619127174839377,10.0,1.0,10.0
519.0,0.03190108388662338,0.03190108388662338,0.002441029530018568,0.0039288694970309734,0.0003561919438652694,10.0,1.0,10.0
520.0,0.03129461407661438,0.03129461407661438,0.002575189806520939,0.0037366135511547327,0.0001806102809496224,10.0,1.0,10.0
521.0,0.03041720949113369,0.03041720949113369,0.0024652264546602964,0.0037205766420811415,0.00020443688845261931,10.0,1.0,10.0
522.0,0.03067055530846119,0.03067055530846119,0.0024267644621431828,0.003749898634850979,0.0002653011470101774,10.0,1.0,10.0
523.0,0.03072183206677437,0.03072183206677437,0.0025322996079921722,0.0036876380909234285,0.0001711198128759861,10.0,1.0,10.0
524.0,0.03052412159740925,0.03052412159740925,0.0024519648868590593,0.003745655994862318,0.00022588174033444375,10.0,1.0,10.0
525.0,0.030858878046274185,0.030858878046274185,0.0024765273556113243,0.0037437239661812782,0.00023498797963839024,10.0,1.0,10.0
526.0,0.030822793021798134,0.030822793021798134,0.00251114834100008,0.0037364589516073465,0.00019748510385397822,10.0,1.0,10.0
527.0,0.03020264208316803,0.03020264208316803,0.002450220985338092,0.0036695031449198723,0.0002030928444582969,10.0,1.0,10.0
528.0,0.03014894761145115,0.03014894761145115,0.0024391082115471363,0.0036675126757472754,0.00020903536642435938,10.0,1.0,10.0
529.0,0.030499879270792007,0.030499879270792007,0.0024976192507892847,0.003685950767248869,0.00018377356173004955,10.0,1.0,10.0
530.0,0.030436085537075996,0.030436085537075996,0.002462568925693631,0.0036821821704506874,0.00021282148372847587,10.0,1.0,10.0
531.0,0.030304525047540665,0.030304525047540665,0.0024452079087495804,0.003698449581861496,0.00021539961744565517,10.0,1.0,10.0
532.0,0.030365770682692528,0.030365770682692528,0.0025066803209483624,0.003641963005065918,0.00016570030129514635,10.0,1.0,10.0
533.0,0.03020261414349079,0.03020261414349079,0.002426199382171035,0.0036751131992787123,0.000226550706429407,10.0,1.0,10.0
534.0,0.02999379299581051,0.02999379299581051,0.0024545860942453146,0.0036286807153373957,0.00018192514835391194,10.0,1.0,10.0
535.0,0.0301312655210495,0.0301312655210495,0.0024846962187439203,0.003616221947595477,0.00016680831322446465,10.0,1.0,10.0
536.0,0.03027111105620861,0.03027111105620861,0.002426440129056573,0.003677648026496172,0.0002329063427168876,10.0,1.0,10.0
537.0,0.030150124803185463,0.030150124803185463,0.002484610304236412,0.0036126491613686085,0.00016913723084144294,10.0,1.0,10.0
538.0,0.030065501108765602,0.030065501108765602,0.0024556717835366726,0.0036346635315567255,0.00018741187523119152,10.0,1.0,10.0
539.0,0.03007696196436882,0.03007696196436882,0.002438416238874197,0.0036266795359551907,0.0002066118031507358,10.0,1.0,10.0
540.0,0.029990168288350105,0.029990168288350105,0.002468388993293047,0.003600560361519456,0.00017057196237146854,10.0,1.0,10.0
541.0,0.029926422983407974,0.029926422983407974,0.002445804886519909,0.0036041897255927324,0.0001864184159785509,10.0,1.0,10.0
542.0,0.030011067166924477,0.030011067166924477,0.002446230035275221,0.0036003324203193188,0.00019484323274809867,10.0,1.0,10.0
543.0,0.030051719397306442,0.030051719397306442,0.0024656211026012897,0.0036068682093173265,0.00017886405112221837,10.0,1.0,10.0
544.0,0.029970712959766388,0.029970712959766388,0.0024537325371056795,0.0035852412693202496,0.0001848145911935717,10.0,1.0,10.0
545.0,0.029924841597676277,0.029924841597676277,0.0024371861945837736,0.003598438110202551,0.0001954540639417246,10.0,1.0,10.0
546.0,0.029925113543868065,0.029925113543868065,0.0024691650178283453,0.0035677955020219088,0.0001665667223278433,10.0,1.0,10.0
547.0,0.029877854511141777,0.029877854511141777,0.002436041133478284,0.0035792936105281115,0.00019381486345082521,10.0,1.0,10.0
548.0,0.029841532930731773,0.029841532930731773,0.0024454472586512566,0.0035685503389686346,0.00018185099179390818,10.0,1.0,10.0
549.0,0.029875623062253,0.029875623062253,0.002464652992784977,0.0035511173773556948,0.0001677974360063672,10.0,1.0,10.0
550.0,0.029894458130002022,0.029894458130002022,0.002431155415251851,0.003578617237508297,0.00020042856340296566,10.0,1.0,10.0
551.0,0.029856137931346893,0.029856137931346893,0.0024616788141429424,0.0035438297782093287,0.0001695519167697057,10.0,1.0,10.0
552.0,0.02982885204255581,0.02982885204255581,0.0024464617017656565,0.0035576256923377514,0.00018066090706270188,10.0,1.0,10.0
553.0,0.02982388809323311,0.02982388809323311,0.002440876793116331,0.0035468146670609713,0.0001868302933871746,10.0,1.0,10.0
554.0,0.02979452908039093,0.02979452908039093,0.002453787252306938,0.0035386369563639164,0.00017180197755806148,10.0,1.0,10.0
555.0,0.029760368168354034,0.029760368168354034,0.002443524543195963,0.0035339579917490482,0.00017911658505909145,10.0,1.0,10.0
556.0,0.029761573299765587,0.029761573299765587,0.0024416197557002306,0.0035295342095196247,0.00018158426973968744,10.0,1.0,10.0
557.0,0.029770664870738983,0.029770664870738983,0.0024522580206394196,0.003527733962982893,0.00017203501192852855,10.0,1.0,10.0
558.0,0.029756607487797737,0.029756607487797737,0.002444240730255842,0.003519669407978654,0.00017945306899491698,10.0,1.0,10.0
559.0,0.0297415591776371,0.0297415591776371,0.002440286334604025,0.003526145126670599,0.0001812549598980695,10.0,1.0,10.0
560.0,0.029739050194621086,0.029739050194621086,0.002456373069435358,0.0035048648715019226,0.00016704562585800886,10.0,1.0,10.0
561.0,0.02972625009715557,0.02972625009715557,0.002434076275676489,0.0035191508941352367,0.00018663353694137186,10.0,1.0,10.0
562.0,0.029699742794036865,0.029699742794036865,0.0024506470654159784,0.0034969665575772524,0.00016963062807917595,10.0,1.0,10.0
563.0,0.029682453721761703,0.029682453721761703,0.0024442367721349,0.0034995817113667727,0.0001740504230838269,10.0,1.0,10.0
564.0,0.029676342383027077,0.029676342383027077,0.0024382425472140312,0.003495675977319479,0.00017982398276217282,10.0,1.0,10.0
565.0,0.029664788395166397,0.029664788395166397,0.0024490857031196356,0.0034863362088799477,0.0001687593467067927,10.0,1.0,10.0
566.0,0.029649997130036354,0.029649997130036354,0.0024397338274866343,0.003487937618046999,0.0001764721528161317,10.0,1.0,10.0
567.0,0.029643895104527473,0.029643895104527473,0.002441945020109415,0.003479055827483535,0.000174539047293365,10.0,1.0,10.0
568.0,0.02964107133448124,0.02964107133448124,0.0024454013910144567,0.003478670958429575,0.0001708385971141979,10.0,1.0,10.0
569.0,0.02963114157319069,0.02963114157319069,0.00244147889316082,0.003469521179795265,0.0001746832422213629,10.0,1.0,10.0
570.0,0.029618510976433754,0.029618510976433754,0.002440020442008972,0.0034722848795354366,0.0001746020425343886,10.0,1.0,10.0
571.0,0.029610401019454002,0.029610401019454002,0.0024481103755533695,0.0034570018760859966,0.00016722951841074973,10.0,1.0,10.0
572.0,0.02960229106247425,0.02960229106247425,0.002434623194858432,0.003466603346168995,0.0001789456291589886,10.0,1.0,10.0
573.0,0.029589101672172546,0.029589101672172546,0.0024474726524204016,0.0034489212557673454,0.0001665453746682033,10.0,1.0,10.0
574.0,0.02957550622522831,0.02957550622522831,0.0024384104181081057,0.0034547182731330395,0.00017366836254950613,10.0,1.0,10.0
575.0,0.029565628618001938,0.029565628618001938,0.002440694021061063,0.003443218534812331,0.00017154699889943004,10.0,1.0,10.0
576.0,0.02955593168735504,0.02955593168735504,0.0024423059076070786,0.0034429244697093964,0.0001689947966951877,10.0,1.0,10.0
577.0,0.029543451964855194,0.029543451964855194,0.0024396677035838366,0.003435016144067049,0.00017117605602834374,10.0,1.0,10.0
578.0,0.029531514272093773,0.029531514272093773,0.0024386898148804903,0.003434713464230299,0.00017099027172662318,10.0,1.0,10.0
579.0,0.029522182419896126,0.029522182419896126,0.00244309613481164,0.0034253026824444532,0.00016659198445267975,10.0,1.0,10.0
580.0,0.029512882232666016,0.029512882232666016,0.0024357365909963846,0.0034270912874490023,0.00017284257046412677,10.0,1.0,10.0
581.0,0.029501909390091896,0.029501909390091896,0.0024420369882136583,0.0034174080938100815,0.00016641314141452312,10.0,1.0,10.0
582.0,0.029491182416677475,0.029491182416677475,0.0024384239222854376,0.00341617688536644,0.0001690766221145168,10.0,1.0,10.0
583.0,0.029482122510671616,0.029482122510671616,0.0024376690853387117,0.003410741686820984,0.0001694689563009888,10.0,1.0,10.0
584.0,0.02947315014898777,0.02947315014898777,0.002440639538690448,0.003406181465834379,0.00016605725977569818,10.0,1.0,10.0
585.0,0.02946290373802185,0.02946290373802185,0.0024370294995605946,0.0034026724752038717,0.00016899366164579988,10.0,1.0,10.0
586.0,0.029452743008732796,0.029452743008732796,0.002438034163787961,0.0033986337948590517,0.00016737679834477603,10.0,1.0,10.0
587.0,0.02944367751479149,0.02944367751479149,0.00243939645588398,0.0033931180369108915,0.00016565946862101555,10.0,1.0,10.0
588.0,0.029434673488140106,0.029434673488140106,0.002435595728456974,0.0033910858910530806,0.00016876310110092163,10.0,1.0,10.0
589.0,0.02942492440342903,0.02942492440342903,0.002439158968627453,0.0033844769932329655,0.00016488588880747557,10.0,1.0,10.0
590.0,0.029415037482976913,0.029415037482976913,0.0024367296136915684,0.003381699789315462,0.00016660433902870864,10.0,1.0,10.0
591.0,0.029405822977423668,0.029405822977423668,0.002436365932226181,0.003377132350578904,0.00016650321776978672,10.0,1.0,10.0
592.0,0.029396861791610718,0.029396861791610718,0.002438096795231104,0.0033727551344782114,0.0001643139694351703,10.0,1.0,10.0
593.0,0.029387440532445908,0.029387440532445908,0.0024354984052479267,0.00336911017075181,0.00016633476479910314,10.0,1.0,10.0
594.0,0.029377814382314682,0.029377814382314682,0.0024365244898945093,0.0033651527483016253,0.00016474173753522336,10.0,1.0,10.0
595.0,0.02936861291527748,0.02936861291527748,0.0024370234459638596,0.003359647933393717,0.00016387313371524215,10.0,1.0,10.0
596.0,0.029359793290495872,0.029359793290495872,0.0024342681281268597,0.0033579578157514334,0.0001659152185311541,10.0,1.0,10.0
597.0,0.02935079298913479,0.02935079298913479,0.002437594812363386,0.0033505952451378107,0.00016242491255979985,10.0,1.0,10.0
598.0,0.029341716319322586,0.029341716319322586,0.0024339586962014437,0.0033503130543977022,0.0001651817001402378,10.0,1.0,10.0
599.0,0.0293330829590559,0.0293330829590559,0.002436349168419838,0.003342329990118742,0.0001627261663088575,10.0,1.0,10.0
600.0,0.02932528592646122,0.02932528592646122,0.002434341935440898,0.0033431476913392544,0.00016387179493904114,10.0,1.0,10.0
601.0,0.02931857667863369,0.02931857667863369,0.0024361885152757168,0.0033332882449030876,0.00016234011854976416,10.0,1.0,10.0
602.0,0.02931363880634308,0.02931363880634308,0.002432894892990589,0.0033382494002580643,0.0001646439777687192,10.0,1.0,10.0
603.0,0.02931271307170391,0.02931271307170391,0.002439136616885662,0.003322613425552845,0.00015987333608791232,10.0,1.0,10.0
604.0,0.029319753870368004,0.029319753870368004,0.0024299861397594213,0.0033383313566446304,0.00016815609706100076,10.0,1.0,10.0
605.0,0.02934262342751026,0.02934262342751026,0.0024459324777126312,0.0033124631736427546,0.00015708354476373643,10.0,1.0,10.0
606.0,0.029397401958703995,0.029397401958703995,0.00242910860106349,0.0033512080553919077,0.00017551079508848488,10.0,1.0,10.0
607.0,0.029517900198698044,0.029517900198698044,0.002463218057528138,0.0033115555997937918,0.0001574163616169244,10.0,1.0,10.0
608.0,0.029775481671094894,0.029775481671094894,0.0024400337133556604,0.0034076739102602005,0.00019674703071359545,10.0,1.0,10.0
609.0,0.0303204208612442,0.0303204208612442,0.0025225137360394,0.0033639452885836363,0.0001731340162223205,10.0,1.0,10.0
610.0,0.031472042202949524,0.031472042202949524,0.0025101047940552235,0.0036334963515400887,0.00027375007630325854,10.0,1.0,10.0
611.0,0.0338941365480423,0.0338941365480423,0.0027512330561876297,0.003687208751216531,0.00026945985155180097,10.0,1.0,10.0
612.0,0.03892789036035538,0.03892789036035538,0.002866722410544753,0.0045446413569152355,0.0005716027808375657,10.0,1.0,10.0
613.0,0.0489417128264904,0.0489417128264904,0.0036396102514117956,0.005208504851907492,0.000733710709027946,10.0,1.0,10.0
614.0,0.06706120073795319,0.06706120073795319,0.004305312875658274,0.007817665114998817,0.0016190408496186137,10.0,1.0,10.0
615.0,0.09277510643005371,0.09277510643005371,0.006132160779088736,0.009832696989178658,0.002162080490961671,10.0,1.0,10.0
616.0,0.11219573020935059,0.11219573020935059,0.006673606112599373,0.012959141284227371,0.0032500531524419785,10.0,1.0,10.0
617.0,0.09710422158241272,0.09710422158241272,0.006379183381795883,0.010269158519804478,0.0023043230175971985,10.0,1.0,10.0
618.0,0.0517086535692215,0.0517086535692215,0.0035097775980830193,0.006055045872926712,0.0010555828921496868,10.0,1.0,10.0
619.0,0.02932262048125267,0.02932262048125267,0.002423771657049656,0.003313659457489848,0.00017712460248731077,10.0,1.0,10.0
620.0,0.05175504460930824,0.05175504460930824,0.003799491561949253,0.005436627194285393,0.0008323501097038388,10.0,1.0,10.0
621.0,0.07178570330142975,0.07178570330142975,0.004555809777230024,0.00837941374629736,0.001784818945452571,10.0,1.0,10.0
622.0,0.052198559045791626,0.052198559045791626,0.0038249583449214697,0.005473899655044079,0.0008475077338516712,10.0,1.0,10.0
623.0,0.02957928739488125,0.02957928739488125,0.0024273069575428963,0.0033625962678343058,0.0001943621609825641,10.0,1.0,10.0
624.0,0.041541337966918945,0.041541337966918945,0.002994572976604104,0.004878869745880365,0.0006716740317642689,10.0,1.0,10.0
625.0,0.05558718368411064,0.05558718368411064,0.004019874148070812,0.0058343117125332355,0.0009554129210300744,10.0,1.0,10.0
626.0,0.041118938475847244,0.041118938475847244,0.002974787959828973,0.004828544333577156,0.0006542516057379544,10.0,1.0,10.0
627.0,0.02926064468920231,0.02926064468920231,0.002427380997687578,0.0033017052337527275,0.00016851286636665463,10.0,1.0,10.0
628.0,0.040969956666231155,0.040969956666231155,0.003171534277498722,0.004351106006652117,0.0004903508815914392,10.0,1.0,10.0
629.0,0.04539719596505165,0.04539719596505165,0.0031964106019586325,0.005336462520062923,0.0008096627425402403,10.0,1.0,10.0
630.0,0.03258420526981354,0.03258420526981354,0.002671439666301012,0.0035433184821158648,0.00023264922492671758,10.0,1.0,10.0
631.0,0.031093627214431763,0.031093627214431763,0.0025715110823512077,0.0034190439619123936,0.00019594727200455964,10.0,1.0,10.0
632.0,0.04026595503091812,0.04026595503091812,0.0029391772113740444,0.004723529797047377,0.0006150650442577899,10.0,1.0,10.0
633.0,0.03673998638987541,0.03673998638987541,0.0029226611368358135,0.003958593588322401,0.000355477852281183,10.0,1.0,10.0
634.0,0.029254911467432976,0.029254911467432976,0.0024228000547736883,0.0033186485525220633,0.00017082615522667766,10.0,1.0,10.0
635.0,0.03374287113547325,0.03374287113547325,0.002621079096570611,0.003920076880604029,0.0003612003638409078,10.0,1.0,10.0
636.0,0.03691688925027847,0.03691688925027847,0.002930204151198268,0.003981259651482105,0.000363358820322901,10.0,1.0,10.0
637.0,0.031005412340164185,0.031005412340164185,0.0024868508335202932,0.003575131529942155,0.0002561772707849741,10.0,1.0,10.0
638.0,0.029992293566465378,0.029992293566465378,0.002449586521834135,0.0034346804022789,0.0002061747945845127,10.0,1.0,10.0
639.0,0.03440576791763306,0.03440576791763306,0.0027769601438194513,0.003737431252375245,0.00028987356927245855,10.0,1.0,10.0
640.0,0.03261391818523407,0.03261391818523407,0.0025597193744033575,0.0037792399525642395,0.00032374841975979507,10.0,1.0,10.0
641.0,0.029154306277632713,0.029154306277632713,0.0024326115380972624,0.003276246599853039,0.00015519437147304416,10.0,1.0,10.0
642.0,0.03153087571263313,0.03153087571263313,0.0025981832295656204,0.0034561962820589542,0.00020928490266669542,10.0,1.0,10.0
643.0,0.03276389464735985,0.03276389464735985,0.002566913142800331,0.003795914351940155,0.0003298848168924451,10.0,1.0,10.0
644.0,0.029811391606926918,0.029811391606926918,0.0024885886814445257,0.003303531790152192,0.00016219734970945865,10.0,1.0,10.0
645.0,0.029675079509615898,0.029675079509615898,0.00247271079570055,0.0032999208196997643,0.00016480509657412767,10.0,1.0,10.0
646.0,0.03173833340406418,0.03173833340406418,0.0025186825077980757,0.0036703869700431824,0.00028811191441491246,10.0,1.0,10.0
647.0,0.030595116317272186,0.030595116317272186,0.0025422244798392057,0.00336554110981524,0.00018073308456223458,10.0,1.0,10.0
648.0,0.029095359146595,0.029095359146595,0.002419643569737673,0.0032781593035906553,0.0001620765106054023,10.0,1.0,10.0
649.0,0.030376087874174118,0.030376087874174118,0.0024601344484835863,0.003488595364615321,0.0002286149829160422,10.0,1.0,10.0
650.0,0.030786989256739616,0.030786989256739616,0.002554627601057291,0.0033792038448154926,0.0001861509954323992,10.0,1.0,10.0
651.0,0.029337091371417046,0.029337091371417046,0.00241677719168365,0.0033385322894901037,0.0001830786350183189,10.0,1.0,10.0
652.0,0.02938731573522091,0.02938731573522091,0.0024234498851001263,0.0033445057924836874,0.00018083103350363672,10.0,1.0,10.0
653.0,0.030348628759384155,0.030348628759384155,0.0025244432035833597,0.003344286233186722,0.00017599115381017327,10.0,1.0,10.0
654.0,0.029744122177362442,0.029744122177362442,0.002430044347420335,0.00340255000628531,0.00020411299192346632,10.0,1.0,10.0
655.0,0.029040168970823288,0.029040168970823288,0.0024210745468735695,0.0032695785630494356,0.00015598443860653788,10.0,1.0,10.0
656.0,0.029658161103725433,0.029658161103725433,0.0024756828788667917,0.003287716070190072,0.00016136160411406308,10.0,1.0,10.0
657.0,0.029861509799957275,0.029861509799957275,0.002435598522424698,0.003415375016629696,0.00020901481912005693,10.0,1.0,10.0
658.0,0.029161619022488594,0.029161619022488594,0.0024401010014116764,0.003253994509577751,0.0001506615080870688,10.0,1.0,10.0
659.0,0.029141200706362724,0.029141200706362724,0.0024338453076779842,0.0032559509854763746,0.00015467964112758636,10.0,1.0,10.0
660.0,0.02961558848619461,0.02961558848619461,0.002427071565762162,0.003376753069460392,0.00019681197591125965,10.0,1.0,10.0
661.0,0.029373768717050552,0.029373768717050552,0.002458152361214161,0.0032602944411337376,0.00015319508383981884,10.0,1.0,10.0
662.0,0.028985250741243362,0.028985250741243362,0.0024128658697009087,0.003259108169004321,0.00015974848065525293,10.0,1.0,10.0
663.0,0.029231734573841095,0.029231734573841095,0.0024159292224794626,0.0033102468587458134,0.00017621966253500432,10.0,1.0,10.0
664.0,0.029396042227745056,0.029396042227745056,0.002460011513903737,0.0032546764705330133,0.0001541250676382333,10.0,1.0,10.0
665.0,0.029078254476189613,0.029078254476189613,0.0024091717787086964,0.0032814531587064266,0.0001705084287095815,10.0,1.0,10.0
666.0,0.028979910537600517,0.028979910537600517,0.0024132272228598595,0.003255619667470455,0.00015920204168651253,10.0,1.0,10.0
667.0,0.029210563749074936,0.029210563749074936,0.0024448244366794825,0.003238371107727289,0.00015239494678098708,10.0,1.0,10.0
668.0,0.02917294204235077,0.02917294204235077,0.002410626271739602,0.0032948306761682034,0.0001771848474163562,10.0,1.0,10.0
669.0,0.028947405517101288,0.028947405517101288,0.002421165583655238,0.0032266792841255665,0.00015090694068931043,10.0,1.0,10.0
670.0,0.028992749750614166,0.028992749750614166,0.0024247411638498306,0.0032232259400188923,0.00015221131616272032,10.0,1.0,10.0
671.0,0.029122566804289818,0.029122566804289818,0.002410022309049964,0.0032801348716020584,0.00017422091332264245,10.0,1.0,10.0
672.0,0.02901482954621315,0.02901482954621315,0.0024307449348270893,0.0032156184315681458,0.0001491761940997094,10.0,1.0,10.0
673.0,0.02889801561832428,0.02889801561832428,0.002410811372101307,0.0032241842709481716,0.00015657168114557862,10.0,1.0,10.0
674.0,0.02897738665342331,0.02897738665342331,0.0024081713054329157,0.0032483600080013275,0.00016473146388307214,10.0,1.0,10.0
675.0,0.0290230680257082,0.0290230680257082,0.002432022476568818,0.0032089287415146828,0.00014939135871827602,10.0,1.0,10.0
676.0,0.02891891449689865,0.02891891449689865,0.0024058069102466106,0.003233835566788912,0.00016270099149551243,10.0,1.0,10.0
677.0,0.02887319214642048,0.02887319214642048,0.002410514745861292,0.003216339275240898,0.00015517056453973055,10.0,1.0,10.0
678.0,0.02893899567425251,0.02893899567425251,0.0024241460487246513,0.0031998830381780863,0.00014976525562815368,10.0,1.0,10.0
679.0,0.0289390217512846,0.0289390217512846,0.002405245089903474,0.0032352162525057793,0.0001651355269132182,10.0,1.0,10.0
680.0,0.02886100672185421,0.02886100672185421,0.00241665868088603,0.003196737263351679,0.0001497682387707755,10.0,1.0,10.0
681.0,0.028849294409155846,0.028849294409155846,0.002413454931229353,0.003196255536749959,0.00015184881340246648,10.0,1.0,10.0
682.0,0.028891941532492638,0.028891941532492638,0.0024053396191447973,0.0032212191727012396,0.00016173254698514938,10.0,1.0,10.0
683.0,0.028874557465314865,0.028874557465314865,0.0024208505637943745,0.0031859022565186024,0.00014801516954321414,10.0,1.0,10.0
684.0,0.028821401298046112,0.028821401298046112,0.0024065894540399313,0.0031981957145035267,0.00015573114797007293,10.0,1.0,10.0
685.0,0.02882140316069126,0.02882140316069126,0.0024071047082543373,0.0031976208556443453,0.00015527343202847987,10.0,1.0,10.0
686.0,0.028845585882663727,0.028845585882663727,0.0024186784867197275,0.003177480772137642,0.0001481321087339893,10.0,1.0,10.0
687.0,0.028825072571635246,0.028825072571635246,0.002404065802693367,0.0031987850088626146,0.00015856281970627606,10.0,1.0,10.0
688.0,0.028789184987545013,0.028789184987545013,0.0024109992664307356,0.003177650971338153,0.00015015406825114042,10.0,1.0,10.0
689.0,0.028790807351469994,0.028790807351469994,0.0024120223242789507,0.003172336146235466,0.0001498247729614377,10.0,1.0,10.0
690.0,0.028803128749132156,0.028803128749132156,0.00240381364710629,0.003189384937286377,0.00015756077482365072,10.0,1.0,10.0
691.0,0.028784986585378647,0.028784986585378647,0.0024142747279256582,0.003163950052112341,0.00014782878861296922,10.0,1.0,10.0
692.0,0.028759626671671867,0.028759626671671867,0.002406167797744274,0.0031705775763839483,0.0001527371205156669,10.0,1.0,10.0
693.0,0.0287593025714159,0.0287593025714159,0.002405234146863222,0.003171709831804037,0.00015352515038102865,10.0,1.0,10.0
694.0,0.028764761984348297,0.028764761984348297,0.002413334557786584,0.003155004233121872,0.00014764130173716694,10.0,1.0,10.0
695.0,0.02875027060508728,0.02875027060508728,0.0024032786022871733,0.003168688155710697,0.00015487978816963732,10.0,1.0,10.0
696.0,0.028731094673275948,0.028731094673275948,0.002408102387562394,0.0031546875834465027,0.00014953836216591299,10.0,1.0,10.0
697.0,0.0287281833589077,0.0287281833589077,0.002408918458968401,0.0031495955772697926,0.00014894051128067076,10.0,1.0,10.0
698.0,0.028729712590575218,0.028729712590575218,0.0024029004853218794,0.0031598599161952734,0.00015408475883305073,10.0,1.0,10.0
699.0,0.028718484565615654,0.028718484565615654,0.002410309389233589,0.0031419345177710056,0.00014734562137164176,10.0,1.0,10.0
700.0,0.02870308794081211,0.02870308794081211,0.002404642291367054,0.003146811854094267,0.0001509853027528152,10.0,1.0,10.0
701.0,0.02869788371026516,0.02869788371026516,0.0024042807053774595,0.0031454889103770256,0.00015095865819603205,10.0,1.0,10.0
702.0,0.028696952387690544,0.028696952387690544,0.0024093063548207283,0.0031337274704128504,0.0001470161514589563,10.0,1.0,10.0
703.0,0.028688257560133934,0.028688257560133934,0.002402486279606819,0.0031428057700395584,0.00015205887029878795,10.0,1.0,10.0
704.0,0.02867555245757103,0.02867555245757103,0.002406579675152898,0.003131202422082424,0.0001478552003391087,10.0,1.0,10.0
705.0,0.02866867184638977,0.02866867184638977,0.002405979670584202,0.0031284885480999947,0.00014803856902290136,10.0,1.0,10.0
706.0,0.02866581827402115,0.02866581827402115,0.002402443205937743,0.003133063204586506,0.000150832231156528,10.0,1.0,10.0
707.0,0.02865893766283989,0.02865893766283989,0.002407611580565572,0.0031201934907585382,0.00014626298798248172,10.0,1.0,10.0
708.0,0.028648223727941513,0.028648223727941513,0.0024029354099184275,0.0031245893333107233,0.00014942814595997334,10.0,1.0,10.0
709.0,0.02864030934870243,0.02864030934870243,0.002403790829703212,0.0031199567019939423,0.00014824431855231524,10.0,1.0,10.0
710.0,0.028636006638407707,0.028636006638407707,0.002406028565019369,0.003112771548330784,0.0001462949876440689,10.0,1.0,10.0
711.0,0.028630105778574944,0.028630105778574944,0.0024016278330236673,0.0031179317738860846,0.00014958959945943207,10.0,1.0,10.0
712.0,0.028621060773730278,0.028621060773730278,0.0024052441585808992,0.0031075761653482914,0.0001461043575545773,10.0,1.0,10.0
713.0,0.02861274778842926,0.02861274778842926,0.0024032527580857277,0.0031074301805347204,0.00014727894449606538,10.0,1.0,10.0
714.0,0.028607124462723732,0.028607124462723732,0.0024020038545131683,0.003106939373537898,0.00014801480574533343,10.0,1.0,10.0
715.0,0.028601618483662605,0.028601618483662605,0.0024050180800259113,0.0030982608441263437,0.0001453177392249927,10.0,1.0,10.0
716.0,0.0285940021276474,0.0285940021276474,0.002401286968961358,0.0031017400324344635,0.00014793925220146775,10.0,1.0,10.0
717.0,0.028585774824023247,0.028585774824023247,0.0024031675420701504,0.0030947858467698097,0.000145931335282512,10.0,1.0,10.0
718.0,0.028579136356711388,0.028579136356711388,0.002403056714683771,0.0030916426330804825,0.00014569271297659725,10.0,1.0,10.0
719.0,0.028573496267199516,0.028573496267199516,0.002400894882157445,0.0030926985200494528,0.00014718485181219876,10.0,1.0,10.0
720.0,0.028566807508468628,0.028566807508468628,0.002403600374236703,0.0030844220891594887,0.0001446380774723366,10.0,1.0,10.0
721.0,0.028559163212776184,0.028559163212776184,0.0024010282941162586,0.0030857904348522425,0.00014630901569034904,10.0,1.0,10.0
722.0,0.028551962226629257,0.028551962226629257,0.0024015989620238543,0.00308145466260612,0.0001454519369872287,10.0,1.0,10.0
723.0,0.02854582667350769,0.02854582667350769,0.0024024127051234245,0.003076863707974553,0.00014448344882111996,10.0,1.0,10.0
724.0,0.028539635241031647,0.028539635241031647,0.002400132594630122,0.003078039735555649,0.00014602682495024055,10.0,1.0,10.0
725.0,0.02853263169527054,0.02853263169527054,0.0024021686986088753,0.0030709654092788696,0.00014399783685803413,10.0,1.0,10.0
726.0,0.028525352478027344,0.028525352478027344,0.0024005917366594076,0.003070641541853547,0.00014487936277873814,10.0,1.0,10.0
727.0,0.02851874940097332,0.02851874940097332,0.0024004061706364155,0.0030677865725010633,0.00014469034795183688,10.0,1.0,10.0
728.0,0.028512511402368546,0.028512511402368546,0.0024014823138713837,0.00306273833848536,0.00014349492266774178,10.0,1.0,10.0
729.0,0.02850605919957161,0.02850605919957161,0.0023994811344891787,0.003063400974497199,0.00014478467346634716,10.0,1.0,10.0
730.0,0.02849913015961647,0.02849913015961647,0.0024008676409721375,0.0030575376003980637,0.0001432915887562558,10.0,1.0,10.0
731.0,0.028492234647274017,0.028492234647274017,0.0023999481927603483,0.0030561545863747597,0.00014365979586727917,10.0,1.0,10.0
732.0,0.028485776856541634,0.028485776856541634,0.0023994161747395992,0.0030539538711309433,0.00014376608305610716,10.0,1.0,10.0
733.0,0.028479449450969696,0.028479449450969696,0.0024004303850233555,0.0030489927157759666,0.00014261521573644131,10.0,1.0,10.0
734.0,0.028472913429141045,0.028472913429141045,0.002398798940703273,0.0030489754863083363,0.00014359489432536066,10.0,1.0,10.0
735.0,0.028466155752539635,0.028466155752539635,0.0023997193202376366,0.003043979872018099,0.00014249837840907276,10.0,1.0,10.0
736.0,0.028459498658776283,0.028459498658776283,0.0023991470225155354,0.0030420406255871058,0.00014259887393563986,10.0,1.0,10.0
737.0,0.028453057631850243,0.028453057631850243,0.0023985381703823805,0.0030400133691728115,0.0001427661336492747,10.0,1.0,10.0
738.0,0.028446722775697708,0.028446722775697708,0.0023993528448045254,0.003035410540178418,0.0001417782623320818,10.0,1.0,10.0
739.0,0.028440190479159355,0.028440190479159355,0.002398054813966155,0.003034815192222595,0.0001424826041329652,10.0,1.0,10.0
740.0,0.028433561325073242,0.028433561325073242,0.0023986748419702053,0.003030385822057724,0.00014164260937832296,10.0,1.0,10.0
741.0,0.02842702902853489,0.02842702902853489,0.0023982480634003878,0.0030282195657491684,0.00014163287414703518,10.0,1.0,10.0
742.0,0.028420675545930862,0.028420675545930862,0.0023977141827344894,0.0030260898638516665,0.00014174423995427787,10.0,1.0,10.0
743.0,0.028414275497198105,0.028414275497198105,0.002398291602730751,0.0030219333712011576,0.00014094272046349943,10.0,1.0,10.0
744.0,0.028407832607626915,0.028407832607626915,0.002397253643721342,0.0030209177639335394,0.00014143771841190755,10.0,1.0,10.0
745.0,0.028401345014572144,0.028401345014572144,0.0023976995144039392,0.0030168648809194565,0.00014074845239520073,10.0,1.0,10.0
746.0,0.028394881635904312,0.028394881635904312,0.0023972950875759125,0.003014694433659315,0.00014072368503548205,10.0,1.0,10.0
747.0,0.028388550505042076,0.028388550505042076,0.0023968901950865984,0.0030123500619083643,0.00014072992780711502,10.0,1.0,10.0
748.0,0.0283821914345026,0.0283821914345026,0.002397251548245549,0.003008627099916339,0.00014010498125571758,10.0,1.0,10.0
749.0,0.02837582863867283,0.02837582863867283,0.0023964191786944866,0.0030072631780058146,0.00014043723058421165,10.0,1.0,10.0
750.0,0.028369439765810966,0.028369439765810966,0.0023967602755874395,0.003003464313223958,0.0001398372114636004,10.0,1.0,10.0
751.0,0.028363019227981567,0.028363019227981567,0.0023963218554854393,0.0030013921204954386,0.00013984093675389886,10.0,1.0,10.0
752.0,0.028356686234474182,0.028356686234474182,0.002396060386672616,0.002998804673552513,0.00013972788292448968,10.0,1.0,10.0
753.0,0.028350386768579483,0.028350386768579483,0.0023962242994457483,0.0029954875353723764,0.00013926567044109106,10.0,1.0,10.0
754.0,0.02834409289062023,0.02834409289062023,0.00239556678570807,0.0029938174411654472,0.00013946089893579483,10.0,1.0,10.0
755.0,0.028337761759757996,0.028337761759757996,0.002395827090367675,0.002990207402035594,0.00013892838614992797,10.0,1.0,10.0
756.0,0.02833142690360546,0.02833142690360546,0.002395352814346552,0.0029882362578064203,0.00013896633754484355,10.0,1.0,10.0
757.0,0.028325174003839493,0.028325174003839493,0.0023952291812747717,0.0029854115564376116,0.00013874698197469115,10.0,1.0,10.0
758.0,0.02831890992820263,0.02831890992820263,0.002395206829532981,0.002982501406222582,0.00013843395572621375,10.0,1.0,10.0
759.0,0.02831265702843666,0.02831265702843666,0.0023947106674313545,0.0029805139638483524,0.00013850373215973377,10.0,1.0,10.0
760.0,0.028306404128670692,0.028306404128670692,0.002394882496446371,0.0029771230183541775,0.00013804553600493819,10.0,1.0,10.0
761.0,0.02830013632774353,0.02830013632774353,0.002394398208707571,0.0029751858673989773,0.00013809661322738975,10.0,1.0,10.0
762.0,0.028293956071138382,0.028293956071138382,0.002394377486780286,0.0029721828177571297,0.00013779988512396812,10.0,1.0,10.0
763.0,0.028287701308727264,0.028287701308727264,0.0023941921535879374,0.0029696300625801086,0.00013761495938524604,10.0,1.0,10.0
764.0,0.028281554579734802,0.028281554579734802,0.0023938589729368687,0.0029673369135707617,0.00013756295084021986,10.0,1.0,10.0
765.0,0.028275320306420326,0.028275320306420326,0.0023939115926623344,0.00296423165127635,0.00013719718845095485,10.0,1.0,10.0
766.0,0.028269164264202118,0.028269164264202118,0.0023934675846248865,0.0029622288420796394,0.00013722595758736134,10.0,1.0,10.0
767.0,0.028263002634048462,0.028263002634048462,0.002393495524302125,0.0029591540805995464,0.0001368893717881292,10.0,1.0,10.0
768.0,0.028256835415959358,0.028256835415959358,0.0023931951727718115,0.002956872805953026,0.00013680109987035394,10.0,1.0,10.0
769.0,0.028250647708773613,0.028250647708773613,0.002393003087490797,0.002954280935227871,0.0001366333308396861,10.0,1.0,10.0
770.0,0.028244521468877792,0.028244521468877792,0.002392921829596162,0.0029515207279473543,0.00013637820666190237,10.0,1.0,10.0
771.0,0.028238385915756226,0.028238385915756226,0.002392564434558153,0.0029493425972759724,0.00013634008064400405,10.0,1.0,10.0
772.0,0.028232265263795853,0.028232265263795853,0.002392570022493601,0.0029463553801178932,0.00013602105900645256,10.0,1.0,10.0
773.0,0.028226174414157867,0.028226174414157867,0.0023922198452055454,0.002944203093647957,0.00013597730139736086,10.0,1.0,10.0
774.0,0.02822009287774563,0.02822009287774563,0.0023921446409076452,0.002941399347037077,0.00013572459283750504,10.0,1.0,10.0
775.0,0.028214015066623688,0.028214015066623688,0.0023919260129332542,0.0029389660339802504,0.00013557886995840818,10.0,1.0,10.0
776.0,0.028207924216985703,0.028207924216985703,0.0023916990030556917,0.0029365243390202522,0.0001354411506326869,10.0,1.0,10.0
777.0,0.028201868757605553,0.028201868757605553,0.0023916105274111032,0.0029337871819734573,0.00013519765343517065,10.0,1.0,10.0
778.0,0.028195809572935104,0.028195809572935104,0.0023912948090583086,0.0029315738938748837,0.00013512885197997093,10.0,1.0,10.0
779.0,0.028189767152071,0.028189767152071,0.0023912431206554174,0.002928753150627017,0.00013485831732396036,10.0,1.0,10.0
780.0,0.028183748945593834,0.028183748945593834,0.0023909450974315405,0.002926512621343136,0.00013477852917276323,10.0,1.0,10.0
781.0,0.028177736327052116,0.028177736327052116,0.0023908321745693684,0.0029238536953926086,0.00013455621956381947,10.0,1.0,10.0
782.0,0.028171710669994354,0.028171710669994354,0.0023906249552965164,0.002921399427577853,0.00013440630573313683,10.0,1.0,10.0
783.0,0.028165707364678383,0.028165707364678383,0.0023904060944914818,0.002918992657214403,0.0001342654722975567,10.0,1.0,10.0
784.0,0.02815970964729786,0.02815970964729786,0.002390290377661586,0.0029163530562072992,0.00013404533092398196,10.0,1.0,10.0
785.0,0.028153743594884872,0.028153743594884872,0.002390009118244052,0.002914100419729948,0.00013395518180914223,10.0,1.0,10.0
786.0,0.028147801756858826,0.028147801756858826,0.002389926929026842,0.002911398885771632,0.00013371345994528383,10.0,1.0,10.0
787.0,0.028141794726252556,0.028141794726252556,0.0023896486964076757,0.0029091329779475927,0.00013361749006435275,10.0,1.0,10.0
788.0,0.028135858476161957,0.028135858476161957,0.0023895245976746082,0.002906540408730507,0.00013340736040845513,10.0,1.0,10.0
789.0,0.028129933401942253,0.028129933401942253,0.0023893117904663086,0.0029041538946330547,0.00013326607586350292,10.0,1.0,10.0
790.0,0.02812403067946434,0.02812403067946434,0.002389120403677225,0.0029017275664955378,0.000133109962916933,10.0,1.0,10.0
791.0,0.028118126094341278,0.028118126094341278,0.002388973254710436,0.002899203449487686,0.0001329190854448825,10.0,1.0,10.0
792.0,0.028112193569540977,0.028112193569540977,0.00238872435875237,0.002896904479712248,0.00013280456187203526,10.0,1.0,10.0
793.0,0.02810630016028881,0.02810630016028881,0.0023886109702289104,0.0028943121433258057,0.00013258775288704783,10.0,1.0,10.0
794.0,0.02810041233897209,0.02810041233897209,0.0023883513640612364,0.0028920546174049377,0.0001324844197370112,10.0,1.0,10.0
795.0,0.02809455245733261,0.02809455245733261,0.0023882314562797546,0.0028894932474941015,0.00013227436284068972,10.0,1.0,10.0
796.0,0.028088701888918877,0.028088701888918877,0.0023879974614828825,0.002887191716581583,0.00013215358194429427,10.0,1.0,10.0
797.0,0.02808280847966671,0.02808280847966671,0.002387836342677474,0.0028847267385572195,0.00013197175576351583,10.0,1.0,10.0
798.0,0.028076983988285065,0.028076983988285065,0.0023876444902271032,0.0028823395259678364,0.00013181993563193828,10.0,1.0,10.0
799.0,0.02807110920548439,0.02807110920548439,0.002387442858889699,0.0028799772262573242,0.00013167037104722112,10.0,1.0,10.0
800.0,0.02806532196700573,0.02806532196700573,0.002387287560850382,0.002877520164474845,0.00013149275036994368,10.0,1.0,10.0
801.0,0.028059493750333786,0.028059493750333786,0.002387063577771187,0.0028752274811267853,0.0001313630782533437,10.0,1.0,10.0
802.0,0.02805371768772602,0.02805371768772602,0.0023869213182479143,0.002872749697417021,0.00013117546041030437,10.0,1.0,10.0
803.0,0.028047941625118256,0.028047941625118256,0.0023866971023380756,0.0028704782016575336,0.0001310493389610201,10.0,1.0,10.0
804.0,0.02804209478199482,0.02804209478199482,0.002386538777500391,0.002868028124794364,0.0001308679929934442,10.0,1.0,10.0
805.0,0.028036339208483696,0.028036339208483696,0.002386328298598528,0.002865732181817293,0.0001307325146626681,10.0,1.0,10.0
806.0,0.028030535206198692,0.028030535206198692,0.0023861555382609367,0.0028633312322199345,0.00013056494935881346,10.0,1.0,10.0
807.0,0.028024807572364807,0.028024807572364807,0.0023859671782702208,0.0028609943110495806,0.00013041408965364099,10.0,1.0,10.0
808.0,0.028019065037369728,0.028019065037369728,0.0023857755586504936,0.0028586587868630886,0.00013026499073021114,10.0,1.0,10.0
809.0,0.02801336906850338,0.02801336906850338,0.0023856088519096375,0.0028562936931848526,0.00013009861868340522,10.0,1.0,10.0
810.0,0.0280076302587986,0.0280076302587986,0.0023853962775319815,0.002854013815522194,0.00012996532313991338,10.0,1.0,10.0
811.0,0.028001904487609863,0.028001904487609863,0.0023852393496781588,0.002851619152352214,0.00012978921586181968,10.0,1.0,10.0
812.0,0.02799619920551777,0.02799619920551777,0.002385023981332779,0.0028493592981249094,0.0001296599511988461,10.0,1.0,10.0
813.0,0.027990493923425674,0.027990493923425674,0.002384868450462818,0.002846962073817849,0.00012948480434715748,10.0,1.0,10.0
814.0,0.02798478677868843,0.02798478677868843,0.00238465191796422,0.0028447238728404045,0.0001293543609790504,10.0,1.0,10.0
815.0,0.0279791671782732,0.0279791671782732,0.0023844961542636156,0.002842360408976674,0.00012918442371301353,10.0,1.0,10.0
816.0,0.027973469346761703,0.027973469346761703,0.0023842849768698215,0.0028401182498782873,0.00012905013863928616,10.0,1.0,10.0
817.0,0.027967797592282295,0.027967797592282295,0.0023841140791773796,0.002837779466062784,0.0001288876956095919,10.0,1.0,10.0
818.0,0.02796216495335102,0.02796216495335102,0.0023839205969125032,0.0028355116955935955,0.0001287447812501341,10.0,1.0,10.0
819.0,0.027956563979387283,0.027956563979387283,0.00238374387845397,0.0028332099318504333,0.00012859152047894895,10.0,1.0,10.0
820.0,0.027950888499617577,0.027950888499617577,0.0023835543543100357,0.002830927725881338,0.00012844169395975769,10.0,1.0,10.0
821.0,0.027945276349782944,0.027945276349782944,0.002383364597335458,0.0028286660090088844,0.0001282964803976938,10.0,1.0,10.0
822.0,0.02793966978788376,0.02793966978788376,0.002383188344538212,0.0028263763524591923,0.00012814106594305485,10.0,1.0,10.0
823.0,0.027934085577726364,0.027934085577726364,0.002382990438491106,0.0028241469990462065,0.0001280036085518077,10.0,1.0,10.0
824.0,0.027928480878472328,0.027928480878472328,0.0023828211706131697,0.0028218445368111134,0.00012784248974639922,10.0,1.0,10.0
825.0,0.027922898530960083,0.027922898530960083,0.0023826160468161106,0.0028196340426802635,0.0001277103292522952,10.0,1.0,10.0
826.0,0.02791733480989933,0.02791733480989933,0.002382455626502633,0.002817324595525861,0.00012754532508552074,10.0,1.0,10.0
827.0,0.027911806479096413,0.027911806479096413,0.00238224770873785,0.0028151432052254677,0.00012741844693664461,10.0,1.0,10.0
828.0,0.027906207367777824,0.027906207367777824,0.0023820854257792234,0.0028128442354500294,0.00012725080887321383,10.0,1.0,10.0
829.0,0.027900690212845802,0.027900690212845802,0.00238187238574028,0.0028106786776334047,0.00012712867464870214,10.0,1.0,10.0
830.0,0.027895120903849602,0.027895120903849602,0.0023817175533622503,0.002808379242196679,0.0001269565982511267,10.0,1.0,10.0
831.0,0.027889614924788475,0.027889614924788475,0.0023814986925572157,0.002806224161759019,0.00012684038665611297,10.0,1.0,10.0
832.0,0.027884118258953094,0.027884118258953094,0.0023813568986952305,0.0028039244934916496,0.00012666241673287004,10.0,1.0,10.0
833.0,0.027878614142537117,0.027878614142537117,0.0023811261635273695,0.0028018003795295954,0.00012655525642912835,10.0,1.0,10.0
834.0,0.027873123064637184,0.027873123064637184,0.0023809929843991995,0.002799496753141284,0.00012636958854272962,10.0,1.0,10.0
835.0,0.027867598459124565,0.027867598459124565,0.0023807480465620756,0.0027973984833806753,0.00012627187243197113,10.0,1.0,10.0
836.0,0.027862150222063065,0.027862150222063065,0.002380628604441881,0.002795078093186021,0.00012607869575731456,10.0,1.0,10.0
837.0,0.02785668335855007,0.02785668335855007,0.0023803773801773787,0.0027930147480219603,0.00012598946341313422,10.0,1.0,10.0
838.0,0.027851205319166183,0.027851205319166183,0.0023802665527909994,0.0027906724717468023,0.00012578658061102033,10.0,1.0,10.0
839.0,0.027845751494169235,0.027845751494169235,0.00237999577075243,0.0027886684983968735,0.0001257124968105927,10.0,1.0,10.0
840.0,0.02784033678472042,0.02784033678472042,0.002379912417382002,0.002786281518638134,0.00012549289385788143,10.0,1.0,10.0
841.0,0.02783493511378765,0.02783493511378765,0.0023796171881258488,0.002784349722787738,0.0001254415255971253,10.0,1.0,10.0
842.0,0.027829479426145554,0.027829479426145554,0.002379564568400383,0.002781887073069811,0.00012519463780336082,10.0,1.0,10.0
843.0,0.02782408893108368,0.02782408893108368,0.0023792230058461428,0.002780071459710598,0.00012517865980044007,10.0,1.0,10.0
844.0,0.027818676084280014,0.027818676084280014,0.002379230922088027,0.002777485176920891,0.0001248882181243971,10.0,1.0,10.0
845.0,0.027813324704766273,0.027813324704766273,0.002378817182034254,0.0027758562937378883,0.00012492967653088272,10.0,1.0,10.0
846.0,0.02780791185796261,0.02780791185796261,0.0023789172992110252,0.0027730572037398815,0.0001245681633008644,10.0,1.0,10.0
847.0,0.02780255861580372,0.02780255861580372,0.002378379460424185,0.0027717272751033306,0.00012470345245674253,10.0,1.0,10.0
848.0,0.027797192335128784,0.027797192335128784,0.002378643723204732,0.0027685537934303284,0.00012422021245583892,10.0,1.0,10.0
849.0,0.027791917324066162,0.027791917324066162,0.0023778951726853848,0.0027677416801452637,0.0001245222520083189,10.0,1.0,10.0
850.0,0.027786577120423317,0.027786577120423317,0.002378449309617281,0.0027639102190732956,0.00012381741544231772,10.0,1.0,10.0
851.0,0.027781318873167038,0.027781318873167038,0.0023773065768182278,0.0027640187181532383,0.00012442347360774875,10.0,1.0,10.0
852.0,0.027776245027780533,0.027776245027780533,0.0023784060031175613,0.0027589970268309116,0.00012331876496318728,10.0,1.0,10.0
853.0,0.02777126431465149,0.02777126431465149,0.0023765654768794775,0.0027607809752225876,0.00012448287452571094,10.0,1.0,10.0
854.0,0.027766592800617218,0.027766592800617218,0.002378652570769191,0.00275359395891428,0.00012264741235412657,10.0,1.0,10.0
855.0,0.027762409299612045,0.027762409299612045,0.002375534502789378,0.002758495043963194,0.00012485691695474088,10.0,1.0,10.0
856.0,0.027759235352277756,0.027759235352277756,0.0023795105516910553,0.002747340826317668,0.00012167896056780592,10.0,1.0,10.0
857.0,0.027757911011576653,0.027757911011576653,0.002374052768573165,0.00275827432051301,0.00012591098493430763,10.0,1.0,10.0
858.0,0.027760149911046028,0.027760149911046028,0.0023817825131118298,0.002739810384809971,0.0001202514540636912,10.0,1.0,10.0
859.0,0.027769317850470543,0.027769317850470543,0.0023720702156424522,0.0027629388496279716,0.0001285678445128724,10.0,1.0,10.0
860.0,0.027792083099484444,0.027792083099484444,0.002387669403105974,0.0027313008904457092,0.00011840889055747539,10.0,1.0,10.0
861.0,0.02784188650548458,0.02784188650548458,0.002370652975514531,0.002780661918222904,0.00013546962873078883,10.0,1.0,10.0
862.0,0.027945837005972862,0.027945837005972862,0.002404122846201062,0.0027272095903754234,0.00011773985897889361,10.0,1.0,10.0
863.0,0.028159521520137787,0.028159521520137787,0.002376865828409791,0.002838422544300556,0.0001552439498482272,10.0,1.0,10.0
864.0,0.02859669178724289,0.02859669178724289,0.0024557639844715595,0.002759253140538931,0.00012797987437807024,10.0,1.0,10.0
865.0,0.029492909088730812,0.029492909088730812,0.0024264336097985506,0.003035253845155239,0.00021933182142674923,10.0,1.0,10.0
866.0,0.031326405704021454,0.031326405704021454,0.002637326717376709,0.0029818369075655937,0.0001971300080185756,10.0,1.0,10.0
867.0,0.0350649319589138,0.0350649319589138,0.002682021353393793,0.0037548404652625322,0.000448987731942907,10.0,1.0,10.0
868.0,0.04249503090977669,0.04249503090977669,0.0033108701463788748,0.0040592472068965435,0.000532708247192204,10.0,1.0,10.0
869.0,0.0565730519592762,0.0565730519592762,0.0037600004579871893,0.0063297804445028305,0.0012643267400562763,10.0,1.0,10.0
870.0,0.07991325855255127,0.07991325855255127,0.0054594543762505054,0.007924037054181099,0.0017394679598510265,10.0,1.0,10.0
871.0,0.10943161696195602,0.10943161696195602,0.006512090563774109,0.012431415729224682,0.0031879297457635403,10.0,1.0,10.0
872.0,0.12395911663770676,0.12395911663770676,0.007942923344671726,0.012570311315357685,0.0031959570478647947,10.0,1.0,10.0
873.0,0.09766224771738052,0.09766224771738052,0.005908230319619179,0.011113856919109821,0.002746609039604664,10.0,1.0,10.0
874.0,0.04606764763593674,0.04606764763593674,0.003502560779452324,0.004421890713274479,0.0006620149360969663,10.0,1.0,10.0
875.0,0.02906017005443573,0.02906017005443573,0.002492483938112855,0.0027527459897100925,0.0001382584887323901,10.0,1.0,10.0
876.0,0.057274654507637024,0.057274654507637024,0.00377326225861907,0.006453203968703747,0.001308882376179099,10.0,1.0,10.0
877.0,0.07498739659786224,0.07498739659786224,0.005175166763365269,0.007273348048329353,0.0015962379984557629,10.0,1.0,10.0
878.0,0.05071086063981056,0.05071086063981056,0.003466865746304393,0.005692594218999147,0.00103496084921062,10.0,1.0,10.0
879.0,0.027987832203507423,0.027987832203507423,0.002376236254349351,0.0027657481841742992,0.00014597215340472758,10.0,1.0,10.0
880.0,0.04256681725382805,0.04256681725382805,0.0033163432963192463,0.003975557629019022,0.0005427824798971415,10.0,1.0,10.0
881.0,0.05692090839147568,0.05692090839147568,0.003755916142836213,0.0064255413599312305,0.001293620327487588,10.0,1.0,10.0
882.0,0.04043376445770264,0.04043376445770264,0.003185657085850835,0.003807077184319496,0.0004770113155245781,10.0,1.0,10.0
883.0,0.027859117835760117,0.027859117835760117,0.0024021686986088753,0.0027109552174806595,0.00011264747445238754,10.0,1.0,10.0
884.0,0.04055611044168472,0.04055611044168472,0.002928059548139572,0.004461672157049179,0.0006813841173425317,10.0,1.0,10.0
885.0,0.04551668465137482,0.04551668465137482,0.0034892980474978685,0.004321785643696785,0.0006301918183453381,10.0,1.0,10.0
886.0,0.03180587291717529,0.03180587291717529,0.0025237703230232,0.0033759763464331627,0.00031921957270242274,10.0,1.0,10.0
887.0,0.029464004561305046,0.029464004561305046,0.002419420750811696,0.003061688970774412,0.00022081087809056044,10.0,1.0,10.0
888.0,0.03943715989589691,0.03943715989589691,0.003129927208647132,0.0037483011838048697,0.00043895895942114294,10.0,1.0,10.0
889.0,0.036539673805236816,0.036539673805236816,0.002743301447480917,0.0039635105058550835,0.000514314800966531,10.0,1.0,10.0
890.0,0.027975967153906822,0.027975967153906822,0.0024095913395285606,0.0027415263466537,0.00011385275865904987,10.0,1.0,10.0
891.0,0.03209365904331207,0.03209365904331207,0.0026810867711901665,0.0030736529733985662,0.00022091374557930976,10.0,1.0,10.0
892.0,0.03628142178058624,0.03628142178058624,0.0027342934627085924,0.003937270492315292,0.0005001217359676957,10.0,1.0,10.0
893.0,0.030239954590797424,0.030239954590797424,0.002565317787230015,0.002911033108830452,0.00016757436969783157,10.0,1.0,10.0
894.0,0.028320644050836563,0.028320644050836563,0.002425783546641469,0.002781998598948121,0.00012808115570805967,10.0,1.0,10.0
895.0,0.03311782330274582,0.03311782330274582,0.002588897943496704,0.003544395323842764,0.00036844483111053705,10.0,1.0,10.0
896.0,0.031865667551755905,0.031865667551755905,0.0026651634834706783,0.0030544819310307503,0.00021595496218651533,10.0,1.0,10.0
897.0,0.027805957943201065,0.027805957943201065,0.0023623842280358076,0.002804960822686553,0.00013771551311947405,10.0,1.0,10.0
898.0,0.029925113543868065,0.029925113543868065,0.0024435855448246002,0.0031299542170017958,0.00023593044898007065,10.0,1.0,10.0
899.0,0.03172474354505539,0.03172474354505539,0.0026536667719483376,0.0030536772683262825,0.00021343978005461395,10.0,1.0,10.0
900.0,0.0287095308303833,0.0287095308303833,0.0023889406584203243,0.0029676000121980906,0.00018525241466704756,10.0,1.0,10.0
901.0,0.028095874935388565,0.028095874935388565,0.002368259010836482,0.0028714111540466547,0.0001541872916277498,10.0,1.0,10.0
902.0,0.030392324551939964,0.030392324551939964,0.0025691846385598183,0.00293998746201396,0.00017604909953661263,10.0,1.0,10.0
903.0,0.029516395181417465,0.029516395181417465,0.002422807039692998,0.0030862062703818083,0.00022021196491550654,10.0,1.0,10.0
904.0,0.027691595256328583,0.027691595256328583,0.0023687633220106363,0.002772514708340168,0.0001231447677128017,10.0,1.0,10.0
905.0,0.02888372354209423,0.02888372354209423,0.002470740582793951,0.002820598427206278,0.00013557187048718333,10.0,1.0,10.0
906.0,0.029572516679763794,0.029572516679763794,0.002421510173007846,0.003103880910202861,0.00022535336029250175,10.0,1.0,10.0
907.0,0.028057456016540527,0.028057456016540527,0.002406236482784152,0.002779429778456688,0.00012156613956904039,10.0,1.0,10.0
908.0,0.02791357971727848,0.02791357971727848,0.0023982259444892406,0.002769510028883815,0.00011618108692346141,10.0,1.0,10.0
909.0,0.028997989371418953,0.028997989371418953,0.0023946883156895638,0.0030273236334323883,0.0002023783017648384,10.0,1.0,10.0
910.0,0.028477247804403305,0.028477247804403305,0.0024410884361714125,0.0028015905991196632,0.00012647733092308044,10.0,1.0,10.0
911.0,0.027640556916594505,0.027640556916594505,0.002363398438319564,0.0027858091052621603,0.00012207635154481977,10.0,1.0,10.0
912.0,0.02824833244085312,0.02824833244085312,0.002366593573242426,0.0029159083496779203,0.00016664904251229018,10.0,1.0,10.0
913.0,0.028548091650009155,0.028548091650009155,0.0024471112992614508,0.0028079270850867033,0.00012690517178270966,10.0,1.0,10.0
914.0,0.027811625972390175,0.027811625972390175,0.0023551862686872482,0.0028410255908966064,0.00014187379565555602,10.0,1.0,10.0
915.0,0.02773658186197281,0.02773658186197281,0.002355459611862898,0.0028236592188477516,0.00013583259715232998,10.0,1.0,10.0
916.0,0.028258852660655975,0.028258852660655975,0.0024250533897429705,0.002787852892652154,0.00012204660015413538,10.0,1.0,10.0
917.0,0.02803133614361286,0.02803133614361286,0.0023587741889059544,0.0028777101542800665,0.00015658850315958261,10.0,1.0,10.0
918.0,0.02760465070605278,0.02760465070605278,0.0023636824917048216,0.0027716602198779583,0.00011961656127823517,10.0,1.0,10.0
919.0,0.02786465734243393,0.02786465734243393,0.002391709480434656,0.0027661642525345087,0.00011814002209575847,10.0,1.0,10.0
920.0,0.028048278763890266,0.028048278763890266,0.0023595704697072506,0.0028784924652427435,0.00015740802336949855,10.0,1.0,10.0
921.0,0.027708370238542557,0.027708370238542557,0.0023783426731824875,0.002759604249149561,0.00011653391266008839,10.0,1.0,10.0
922.0,0.027614830061793327,0.027614830061793327,0.0023655309341847897,0.0027629616670310497,0.00011965571320615709,10.0,1.0,10.0
923.0,0.027867775410413742,0.027867775410413742,0.0023553918581455946,0.0028439979068934917,0.00014698581071570516,10.0,1.0,10.0
924.0,0.02781251259148121,0.02781251259148121,0.002387662185356021,0.0027576058637350798,0.0001178285019705072,10.0,1.0,10.0
925.0,0.02757841721177101,0.02757841721177101,0.0023539760150015354,0.002777778310701251,0.00012608797987923026,10.0,1.0,10.0
926.0,0.027652667835354805,0.027652667835354805,0.0023511091712862253,0.002800583140924573,0.00013409933308139443,10.0,1.0,10.0
927.0,0.02778198942542076,0.02778198942542076,0.0023851152509450912,0.00275458674877882,0.00011762496433220804,10.0,1.0,10.0
928.0,0.027648702263832092,0.027648702263832092,0.0023509268648922443,0.0027998359873890877,0.0001339600421488285,10.0,1.0,10.0
929.0,0.02754826843738556,0.02754826843738556,0.0023536074440926313,0.0027682131621986628,0.00012439813872333616,10.0,1.0,10.0
930.0,0.027653412893414497,0.027653412893414497,0.0023742367047816515,0.002747685881331563,0.00011633596295723692,10.0,1.0,10.0
931.0,0.02767861820757389,0.02767861820757389,0.002349616028368473,0.0028056693263351917,0.00013767882774118334,10.0,1.0,10.0
932.0,0.027560275048017502,0.027560275048017502,0.0023624440655112267,0.0027495124377310276,0.0001186321533168666,10.0,1.0,10.0
933.0,0.027544880285859108,0.027544880285859108,0.0023614647798240185,0.002748873084783554,0.00011813581659225747,10.0,1.0,10.0
934.0,0.027621833607554436,0.027621833607554436,0.0023479803930968046,0.0027928617782890797,0.00013491674326360226,10.0,1.0,10.0
935.0,0.02759496122598648,0.02759496122598648,0.0023693409748375416,0.002741224830970168,0.00011603273014770821,10.0,1.0,10.0
936.0,0.027518177404999733,0.027518177404999733,0.0023522316478192806,0.0027587800286710262,0.00012370795593596995,10.0,1.0,10.0
937.0,0.02753734588623047,0.02753734588623047,0.0023494765628129244,0.002767444122582674,0.00012751366011798382,10.0,1.0,10.0
938.0,0.027577821165323257,0.027577821165323257,0.002368506509810686,0.0027352506294846535,0.00011575077951420099,10.0,1.0,10.0
939.0,0.027537338435649872,0.027537338435649872,0.0023482937831431627,0.002766959834843874,0.0001287441118620336,10.0,1.0,10.0
940.0,0.027495987713336945,0.027495987713336945,0.002354162512347102,0.002745258156210184,0.00012091048120055348,10.0,1.0,10.0
941.0,0.02752094343304634,0.02752094343304634,0.0023610941134393215,0.0027340769302099943,0.00011759248445741832,10.0,1.0,10.0
942.0,0.02753552421927452,0.02753552421927452,0.0023476392962038517,0.0027651279233396053,0.00012940028682351112,10.0,1.0,10.0
943.0,0.02749883010983467,0.02749883010983467,0.0023588163312524557,0.0027319269720464945,0.00011787395487772301,10.0,1.0,10.0
944.0,0.027479322627186775,0.027479322627186775,0.002353776479139924,0.0027362490072846413,0.00012053090176777914,10.0,1.0,10.0
945.0,0.027499068528413773,0.027499068528413773,0.0023484891280531883,0.002751715946942568,0.0001262462028535083,10.0,1.0,10.0
946.0,0.02749992161989212,0.02749992161989212,0.002360245678573847,0.0027249229606240988,0.0001172543124994263,10.0,1.0,10.0
947.0,0.027471739798784256,0.027471739798784256,0.002349663292989135,0.0027407417073845863,0.00012343634443823248,10.0,1.0,10.0
948.0,0.027462845668196678,0.027462845668196678,0.0023502781987190247,0.0027362238615751266,0.00012238396448083222,10.0,1.0,10.0
949.0,0.027475491166114807,0.027475491166114807,0.0023579574190080166,0.0027215511072427034,0.00011743640061467886,10.0,1.0,10.0
950.0,0.02747049555182457,0.02747049555182457,0.002347910311073065,0.002741206204518676,0.00012501842866186053,10.0,1.0,10.0
951.0,0.027450190857052803,0.027450190857052803,0.0023535152431577444,0.002722962759435177,0.00011920757970074192,10.0,1.0,10.0
952.0,0.027445649728178978,0.027445649728178978,0.002353902207687497,0.0027207990642637014,0.00011858282232424244,10.0,1.0,10.0
953.0,0.027452442795038223,0.027452442795038223,0.0023475531488656998,0.002734370995312929,0.00012425413297023624,10.0,1.0,10.0
954.0,0.027445819228887558,0.027445819228887558,0.002355963457375765,0.002714392961934209,0.00011717912275344133,10.0,1.0,10.0
955.0,0.02743108570575714,0.02743108570575714,0.0023498935624957085,0.0027230829000473022,0.00012090680684195831,10.0,1.0,10.0
956.0,0.027427786961197853,0.027427786961197853,0.00234911497682333,0.0027226300444453955,0.00012140067701693624,10.0,1.0,10.0
957.0,0.027430668473243713,0.027430668473243713,0.0023553059436380863,0.0027095430996268988,0.0001168067246908322,10.0,1.0,10.0
958.0,0.02742425724864006,0.02742425724864006,0.0023477203212678432,0.0027225760277360678,0.00012244762910995632,10.0,1.0,10.0
959.0,0.027413135394454002,0.027413135394454002,0.002351867500692606,0.0027106793131679296,0.00011837817874038592,10.0,1.0,10.0
960.0,0.027409782633185387,0.027409782633185387,0.0023520600516349077,0.0027082087472081184,0.00011809739226009697,10.0,1.0,10.0
961.0,0.027410173788666725,0.027410173788666725,0.002347651170566678,0.0027166856452822685,0.00012169766705483198,10.0,1.0,10.0
962.0,0.027404459193348885,0.027404459193348885,0.0023532016202807426,0.0027026475872844458,0.00011697952868416905,10.0,1.0,10.0
963.0,0.027395687997341156,0.027395687997341156,0.0023490709718316793,0.002708012703806162,0.00011969663319177926,10.0,1.0,10.0
964.0,0.02739190310239792,0.02739190310239792,0.002348926616832614,0.002706658560782671,0.00011959791299887002,10.0,1.0,10.0
965.0,0.02739078365266323,0.02739078365266323,0.002352324780076742,0.0026976505760103464,0.00011698841262841597,10.0,1.0,10.0
966.0,0.027385756373405457,0.027385756373405457,0.002347751520574093,0.002705418271943927,0.0001202823332278058,10.0,1.0,10.0
967.0,0.027378499507904053,0.027378499507904053,0.0023503301199525595,0.0026970147155225277,0.00011781821376644075,10.0,1.0,10.0
968.0,0.027374330908060074,0.027374330908060074,0.002350306138396263,0.0026950843166559935,0.00011761861969716847,10.0,1.0,10.0
969.0,0.027372166514396667,0.027372166514396667,0.002347552916035056,0.0026994068175554276,0.00011972298671025783,10.0,1.0,10.0
970.0,0.027367768809199333,0.027367768809199333,0.0023511024191975594,0.002689543180167675,0.00011672027176246047,10.0,1.0,10.0
971.0,0.02736154943704605,0.02736154943704605,0.002348397159948945,0.0026930002495646477,0.00011845792323583737,10.0,1.0,10.0
972.0,0.027357015758752823,0.027357015758752823,0.002348339883610606,0.0026907245628535748,0.00011828913557110354,10.0,1.0,10.0
973.0,0.02735416777431965,0.02735416777431965,0.0023505405988544226,0.0026845664251595736,0.00011641947639873251,10.0,1.0,10.0
974.0,0.02735014446079731,0.02735014446079731,0.002347200643271208,0.002689539920538664,0.00011885959247592837,10.0,1.0,10.0
975.0,0.027344688773155212,0.027344688773155212,0.0023495350033044815,0.002682380611076951,0.00011669584637274966,10.0,1.0,10.0
976.0,0.027340035885572433,0.027340035885572433,0.002348792739212513,0.00268184463493526,0.00011702642950695008,10.0,1.0,10.0
977.0,0.02733665332198143,0.02733665332198143,0.0023473077453672886,0.0026830534916371107,0.00011805238318629563,10.0,1.0,10.0
978.0,0.02733289822936058,0.02733289822936058,0.0023497927468270063,0.002675986848771572,0.00011589821224333718,10.0,1.0,10.0
979.0,0.027328001335263252,0.027328001335263252,0.002347279340028763,0.0026789805851876736,0.00011762276699300855,10.0,1.0,10.0
980.0,0.027323290705680847,0.027323290705680847,0.0023481836542487144,0.0026751256082206964,0.00011663281475193799,10.0,1.0,10.0
981.0,0.0273195318877697,0.0273195318877697,0.002348673064261675,0.0026720217429101467,0.0001160780229838565,10.0,1.0,10.0
982.0,0.027315791696310043,0.027315791696310043,0.0023468395229429007,0.0026741360779851675,0.0001173258715425618,10.0,1.0,10.0
983.0,0.027311332523822784,0.027311332523822784,0.002348594833165407,0.00266823498532176,0.00011571495997486636,10.0,1.0,10.0
984.0,0.027306774631142616,0.027306774631142616,0.002347369445487857,0.0026687278877943754,0.00011643519246717915,10.0,1.0,10.0
985.0,0.02730272337794304,0.02730272337794304,0.0023471068125218153,0.002667320892214775,0.00011643338802969083,10.0,1.0,10.0
986.0,0.0272989459335804,0.0272989459335804,0.00234819739125669,0.002662982791662216,0.00011539886327227578,10.0,1.0,10.0
987.0,0.027294836938381195,0.027294836938381195,0.0023465361446142197,0.002664641011506319,0.00011648357030935585,10.0,1.0,10.0
988.0,0.027290411293506622,0.027290411293506622,0.002347500529140234,0.002660395810380578,0.00011550085037015378,10.0,1.0,10.0
989.0,0.027286209166049957,0.027286209166049957,0.0023472211323678493,0.0026590884663164616,0.00011549093323992565,10.0,1.0,10.0
990.0,0.027282314375042915,0.027282314375042915,0.002346312627196312,0.002658962970599532,0.00011602250742726028,10.0,1.0,10.0
991.0,0.027278363704681396,0.027278363704681396,0.0023475405760109425,0.002654450945556164,0.00011485078721307218,10.0,1.0,10.0
992.0,0.02727409452199936,0.02727409452199936,0.0023461920209228992,0.0026552542112767696,0.00011569209164008498,10.0,1.0,10.0
993.0,0.027269884943962097,0.027269884943962097,0.002346649533137679,0.0026523012202233076,0.00011510890908539295,10.0,1.0,10.0
994.0,0.02726590447127819,0.02726590447127819,0.002346782246604562,0.0026500935200601816,0.00011479884415166453,10.0,1.0,10.0
995.0,0.027261998504400253,0.027261998504400253,0.0023457794450223446,0.00265027885325253,0.00011539227853063494,10.0,1.0,10.0
996.0,0.027257896959781647,0.027257896959781647,0.0023467468563467264,0.0026463004760444164,0.00011441286187618971,10.0,1.0,10.0
997.0,0.02725372463464737,0.02725372463464737,0.002345822751522064,0.0026462203823029995,0.0001149276431533508,10.0,1.0,10.0
998.0,0.027249716222286224,0.027249716222286224,0.0023459242656826973,0.0026441256050020456,0.00011463479313533753,10.0,1.0,10.0
999.0,0.02724575251340866,0.02724575251340866,0.002346196910366416,0.0026415446773171425,0.00011422378156566992,10.0,1.0,10.0
1000.0,0.027241794392466545,0.027241794392466545,0.0023453375324606895,0.002641530241817236,0.00011468886077636853,10.0,1.0,10.0
1001.0,0.02723771333694458,0.02723771333694458,0.002345938701182604,0.0026382373180240393,0.00011400897346902639,10.0,1.0,10.0
1002.0,0.027233650907874107,0.027233650907874107,0.002345432061702013,0.0026374212466180325,0.00011419097427278757,10.0,1.0,10.0
1003.0,0.02722964435815811,0.02722964435815811,0.0023452171590179205,0.002635896671563387,0.00011415763583499938,10.0,1.0,10.0
1004.0,0.02722572349011898,0.02722572349011898,0.002345607616007328,0.0026331625413149595,0.00011364856618456542,10.0,1.0,10.0
1005.0,0.02722172439098358,0.02722172439098358,0.0023448201827704906,0.0026328901294618845,0.00011406325938878581,10.0,1.0,10.0
1006.0,0.027217702940106392,0.027217702940106392,0.0023452446330338717,0.0026300442405045033,0.00011352128785802051,10.0,1.0,10.0
1007.0,0.027213750407099724,0.027213750407099724,0.0023449109867215157,0.0026288526132702827,0.00011357865878380835,10.0,1.0,10.0
1008.0,0.027209794148802757,0.027209794148802757,0.00234461622312665,0.002627535257488489,0.0001136098726419732,10.0,1.0,10.0
1009.0,0.02720591239631176,0.02720591239631176,0.0023449654690921307,0.0026249100919812918,0.0001131345852627419,10.0,1.0,10.0
1010.0,0.02720194309949875,0.02720194309949875,0.002344297245144844,0.002624371089041233,0.00011346003884682432,10.0,1.0,10.0
1011.0,0.02719798870384693,0.02719798870384693,0.002344598527997732,0.0026218434795737267,0.00011301584163447842,10.0,1.0,10.0
1012.0,0.027194034308195114,0.027194034308195114,0.002344324951991439,0.002620468381792307,0.00011303166684228927,10.0,1.0,10.0
1013.0,0.02719014696776867,0.02719014696776867,0.0023440720979124308,0.0026191517245024443,0.00011302762140985578,10.0,1.0,10.0
1014.0,0.02718624658882618,0.02718624658882618,0.002344284439459443,0.002616757759824395,0.00011266455840086564,10.0,1.0,10.0
1015.0,0.027182308956980705,0.027182308956980705,0.0023437936324626207,0.002615935867652297,0.00011284363426966593,10.0,1.0,10.0
1016.0,0.027178382501006126,0.027178382501006126,0.0023439296055585146,0.0026136981323361397,0.00011253901902819052,10.0,1.0,10.0
1017.0,0.027174513787031174,0.027174513787031174,0.0023437696509063244,0.0026121768169105053,0.00011246382928220555,10.0,1.0,10.0
1018.0,0.02717065066099167,0.02717065066099167,0.0023434855975210667,0.0026108636520802975,0.0001124930931837298,10.0,1.0,10.0
1019.0,0.027166780084371567,0.027166780084371567,0.00234367698431015,0.0026085921563208103,0.000112141904537566,10.0,1.0,10.0
1020.0,0.02716289460659027,0.02716289460659027,0.002343227853998542,0.002607636386528611,0.00011229796655243263,10.0,1.0,10.0
1021.0,0.02715899609029293,0.02715899609029293,0.0023433456663042307,0.0026055113412439823,0.00011200284643564373,10.0,1.0,10.0
1022.0,0.027155129238963127,0.027155129238963127,0.0023431535810232162,0.002604017499834299,0.00011195756815141067,10.0,1.0,10.0
1023.0,0.027151282876729965,0.027151282876729965,0.0023429454304277897,0.0026025872211903334,0.00011192428064532578,10.0,1.0,10.0
1024.0,0.027147440239787102,0.027147440239787102,0.0023430376313626766,0.0026004996616393328,0.00011165632167831063,10.0,1.0,10.0
1025.0,0.02714364230632782,0.02714364230632782,0.0023426872212439775,0.0025993853341788054,0.00011173856910318136,10.0,1.0,10.0
1026.0,0.027139799669384956,0.027139799669384956,0.002342748921364546,0.0025973760057240725,0.00011149334022775292,10.0,1.0,10.0
1027.0,0.027135971933603287,0.027135971933603287,0.0023425647523254156,0.002595899160951376,0.00011144239397253841,10.0,1.0,10.0
1028.0,0.0271321889013052,0.0271321889013052,0.002342392224818468,0.0025944034568965435,0.00011138643458252773,10.0,1.0,10.0
1029.0,0.027128301560878754,0.027128301560878754,0.002342421794310212,0.002592455130070448,0.00011116280074929819,10.0,1.0,10.0
1030.0,0.0271245539188385,0.0271245539188385,0.0023421228397637606,0.002591240219771862,0.00011120839917566627,10.0,1.0,10.0
1031.0,0.027120724320411682,0.027120724320411682,0.0023421591613441706,0.002589297480881214,0.00011098343384219334,10.0,1.0,10.0
1032.0,0.02711699716746807,0.02711699716746807,0.002341971267014742,0.002587861381471157,0.00011094228102592751,10.0,1.0,10.0
1033.0,0.027113161981105804,0.027113161981105804,0.0023418294731527567,0.0025862902402877808,0.00011085771257057786,10.0,1.0,10.0
1034.0,0.02710939384996891,0.02710939384996891,0.002341819927096367,0.002584468573331833,0.00011067253944929689,10.0,1.0,10.0
1035.0,0.027105608955025673,0.027105608955025673,0.002341550076380372,0.0025831866078078747,0.00011069222091464326,10.0,1.0,10.0
1036.0,0.027101879939436913,0.027101879939436913,0.0023415868636220694,0.0025812892708927393,0.0001104721159208566,10.0,1.0,10.0
1037.0,0.02709812857210636,0.02709812857210636,0.002341365208849311,0.0025799067225307226,0.00011045695282518864,10.0,1.0,10.0
1038.0,0.027094312012195587,0.027094312012195587,0.002341285813599825,0.0025782466400414705,0.00011032079055439681,10.0,1.0,10.0
1039.0,0.027090614661574364,0.027090614661574364,0.0023411973379552364,0.0025765823666006327,0.00011020583042409271,10.0,1.0,10.0
1040.0,0.02708684280514717,0.02708684280514717,0.002341014798730612,0.0025751707144081593,0.00011015227937605232,10.0,1.0,10.0
1041.0,0.027083110064268112,0.027083110064268112,0.002340971725061536,0.002573389559984207,0.00011000029189744964,10.0,1.0,10.0
1042.0,0.027079423889517784,0.027079423889517784,0.0023408164270222187,0.002571968361735344,0.00010992920579155907,10.0,1.0,10.0
1043.0,0.027075685560703278,0.027075685560703278,0.002340685110539198,0.0025703459978103638,0.00010984879918396473,10.0,1.0,10.0
1044.0,0.02707197144627571,0.02707197144627571,0.002340656705200672,0.0025686887092888355,0.00010967153502861038,10.0,1.0,10.0
1045.0,0.027068255469202995,0.027068255469202995,0.0023403826635330915,0.0025673215277493,0.00010971077426802367,10.0,1.0,10.0
1046.0,0.027064524590969086,0.027064524590969086,0.00234048580750823,0.0025654530618339777,0.00010942122025880963,10.0,1.0,10.0
1047.0,0.027060868218541145,0.027060868218541145,0.002340105827897787,0.002564244670793414,0.00010955658945022151,10.0,1.0,10.0
1048.0,0.02705720067024231,0.02705720067024231,0.0023402979131788015,0.0025623193942010403,0.00010919007036136463,10.0,1.0,10.0
1049.0,0.027053536847233772,0.027053536847233772,0.0023398392368108034,0.0025611326564103365,0.00010940116771962494,10.0,1.0,10.0
1050.0,0.027049854397773743,0.027049854397773743,0.002340125385671854,0.0025592027232050896,0.00010893968283198774,10.0,1.0,10.0
1051.0,0.027046214789152145,0.027046214789152145,0.0023395163007080555,0.0025580732617527246,0.00010929801646852866,10.0,1.0,10.0
1052.0,0.027042608708143234,0.027042608708143234,0.002340056234970689,0.0025559791829437017,0.00010860672045964748,10.0,1.0,10.0
1053.0,0.027038978412747383,0.027038978412747383,0.0023390548303723335,0.0025551989674568176,0.00010932310397038236,10.0,1.0,10.0
1054.0,0.0270354263484478,0.0270354263484478,0.002340167760848999,0.00255257124081254,0.00010811784886755049,10.0,1.0,10.0
1055.0,0.027032043784856796,0.027032043784856796,0.00233836704865098,0.0025526222307235003,0.00010957503400277346,10.0,1.0,10.0
1056.0,0.02702879160642624,0.02702879160642624,0.002340611070394516,0.002548906020820141,0.00010737733100540936,10.0,1.0,10.0
1057.0,0.02702590636909008,0.02702590636909008,0.002337288111448288,0.0025505272205919027,0.00011024982813978568,10.0,1.0,10.0
1058.0,0.02702370658516884,0.02702370658516884,0.002341668354347348,0.0025448654778301716,0.00010621586989145726,10.0,1.0,10.0
1059.0,0.02702290751039982,0.02702290751039982,0.002335519064217806,0.002549454802647233,0.00011182624439243227,10.0,1.0,10.0
1060.0,0.02702469564974308,0.02702469564974308,0.0023440499790012836,0.0025403592735528946,0.00010438370372867212,10.0,1.0,10.0
1061.0,0.027031779289245605,0.027031779289245605,0.0023325011134147644,0.002551029669120908,0.00011557383550098166,10.0,1.0,10.0
1062.0,0.027049493044614792,0.027049493044614792,0.002349523361772299,0.002535891719162464,0.00010183677659370005,10.0,1.0,10.0
1063.0,0.027088524773716927,0.027088524773716927,0.0023276505526155233,0.002560276538133621,0.00012517419236246496,10.0,1.0,10.0
1064.0,0.027171272784471512,0.027171272784471512,0.0023629209026694298,0.0025359168648719788,0.00010061466309707612,10.0,1.0,10.0
1065.0,0.027343088760972023,0.027343088760972023,0.0023221259471029043,0.00259469635784626,0.00015271324082277715,10.0,1.0,10.0
1066.0,0.027698295190930367,0.027698295190930367,0.0023992317728698254,0.002564394846558571,0.0001141582106356509,10.0,1.0,10.0
1067.0,0.028425561264157295,0.028425561264157295,0.0023286626674234867,0.0027202602941542864,0.00024186744121834636,10.0,1.0,10.0
1068.0,0.02990003488957882,0.02990003488957882,0.0025089012924581766,0.002730795182287693,0.0002080226840917021,10.0,1.0,10.0
1069.0,0.03277543559670448,0.03277543559670448,0.002412421628832817,0.0031774139497429132,0.0005473804194480181,10.0,1.0,10.0
1070.0,0.03802400082349777,0.03802400082349777,0.002840117085725069,0.003421847242861986,0.0006200983771122992,10.0,1.0,10.0
1071.0,0.04605860263109207,0.04605860263109207,0.0027514626272022724,0.004502040334045887,0.0014041936956346035,10.0,1.0,10.0
1072.0,0.05475888401269913,0.05475888401269913,0.0034565958194434643,0.004914421122521162,0.0015278501668944955,10.0,1.0,10.0
1073.0,0.05650497227907181,0.05650497227907181,0.0030614156275987625,0.005528584122657776,0.0020362234208732843,10.0,1.0,10.0
1074.0,0.045998476445674896,0.045998476445674896,0.0031309700571000576,0.004139462485909462,0.0010549314320087433,10.0,1.0,10.0
1075.0,0.03130519762635231,0.03130519762635231,0.0024294056929647923,0.002996307797729969,0.0004014835285488516,10.0,1.0,10.0
1076.0,0.02801472321152687,0.02801472321152687,0.0023167580366134644,0.0027060064021497965,0.0002141135628335178,10.0,1.0,10.0
1077.0,0.03627365082502365,0.03627365082502365,0.002770974300801754,0.003151663113385439,0.0005412245518527925,10.0,1.0,10.0
1078.0,0.04155943542718887,0.04155943542718887,0.0026320251636207104,0.00409894110634923,0.001114024082198739,10.0,1.0,10.0
1079.0,0.03581617772579193,0.03581617772579193,0.002739882795140147,0.003202269319444895,0.0005215081619098783,10.0,1.0,10.0
1080.0,0.028275098651647568,0.028275098651647568,0.0023894309997558594,0.0026219135615974665,0.00017588758782949299,10.0,1.0,10.0
1081.0,0.029819756746292114,0.029819756746292114,0.0023440576624125242,0.002913719741627574,0.0003465460322331637,10.0,1.0,10.0
1082.0,0.03517579659819603,0.03517579659819603,0.0027473841328173876,0.003035896923393011,0.0004666059394367039,10.0,1.0,10.0
1083.0,0.033872175961732864,0.033872175961732864,0.0024291800800710917,0.0032947391737252474,0.0006285635172389448,10.0,1.0,10.0
1084.0,0.028389887884259224,0.028389887884259224,0.002429293468594551,0.0026005860418081284,0.00014963679132051766,10.0,1.0,10.0
1085.0,0.028026901185512543,0.028026901185512543,0.002442594151943922,0.0025052735581994057,0.00010956854384858161,10.0,1.0,10.0
1086.0,0.03192916885018349,0.03192916885018349,0.002382520120590925,0.0031248265877366066,0.0004979140940122306,10.0,1.0,10.0
1087.0,0.03205902501940727,0.03205902501940727,0.0026270339731127024,0.0028037915471941233,0.0002984894090332091,10.0,1.0,10.0
1088.0,0.028180060908198357,0.028180060908198357,0.0023222053423523903,0.0026828846894204617,0.00022751216602046043,10.0,1.0,10.0
1089.0,0.027204718440771103,0.027204718440771103,0.002320988569408655,0.0025612148456275463,0.00014336188905872405,10.0,1.0,10.0
1090.0,0.029848605394363403,0.029848605394363403,0.0025245067663490772,0.0026477319188416004,0.0001955807238118723,10.0,1.0,10.0
1091.0,0.030451910570263863,0.030451910570263863,0.0023541070986539125,0.002965714316815138,0.0003945125499740243,10.0,1.0,10.0
1092.0,0.028044041246175766,0.028044041246175766,0.0024363708216696978,0.002519856207072735,0.00011604772589635104,10.0,1.0,10.0
1093.0,0.027123598381876945,0.027123598381876945,0.002353871939703822,0.002523551695048809,0.00010613255290081725,10.0,1.0,10.0
1094.0,0.028679030016064644,0.028679030016064644,0.0023325560614466667,0.0027329588774591684,0.00026205109315924346,10.0,1.0,10.0
1095.0,0.0291367806494236,0.0291367806494236,0.002481758827343583,0.002607650589197874,0.00017115414084400982,10.0,1.0,10.0
1096.0,0.02764914371073246,0.02764914371073246,0.0023153922520577908,0.002636282704770565,0.00018589363025967032,10.0,1.0,10.0
1097.0,0.02710382454097271,0.02710382454097271,0.002343418775126338,0.002511108061298728,0.00011585284664761275,10.0,1.0,10.0
1098.0,0.02814187854528427,0.02814187854528427,0.002417908748611808,0.0025811754167079926,0.0001381614856654778,10.0,1.0,10.0
1099.0,0.028397664427757263,0.028397664427757263,0.00233086827211082,0.002693752059713006,0.00023952295305207372,10.0,1.0,10.0
1100.0,0.027350910007953644,0.027350910007953644,0.0023806325625628233,0.0025055473670363426,0.00010390355600975454,10.0,1.0,10.0
1101.0,0.026954105123877525,0.026954105123877525,0.0023433140013366938,0.0025007231160998344,0.00010202440898865461,10.0,1.0,10.0
1102.0,0.027680430561304092,0.027680430561304092,0.002325846813619137,0.002602730877697468,0.00018192305287811905,10.0,1.0,10.0
1103.0,0.02793225087225437,0.02793225087225437,0.0024084975011646748,0.002562924288213253,0.0001284351892536506,10.0,1.0,10.0
1104.0,0.02725810557603836,0.02725810557603836,0.002326725283637643,0.0025492652785032988,0.00014415886835195124,10.0,1.0,10.0
1105.0,0.026929423213005066,0.026929423213005066,0.002325361128896475,0.0025215367786586285,0.000115427297714632,10.0,1.0,10.0
1106.0,0.0273525919765234,0.0273525919765234,0.0023825799580663443,0.0025044709909707308,0.00010223201388726011,10.0,1.0,10.0
1107.0,0.027537768706679344,0.027537768706679344,0.002318171551451087,0.0025962661020457745,0.00017597856640350074,10.0,1.0,10.0
1108.0,0.0271352156996727,0.0271352156996727,0.0023611243814229965,0.0025083173532038927,0.00010156544158235192,10.0,1.0,10.0
1109.0,0.026918016374111176,0.026918016374111176,0.002344865119084716,0.0024859036784619093,9.8346259619575e-05,10.0,1.0,10.0
1110.0,0.027187151834368706,0.027187151834368706,0.002313381526619196,0.0025675888173282146,0.00014857480709906667,10.0,1.0,10.0
1111.0,0.027323167771100998,0.027323167771100998,0.0023829799611121416,0.0024979235604405403,9.954459528671578e-05,10.0,1.0,10.0
1112.0,0.02705104649066925,0.02705104649066925,0.002316772937774658,0.0025407024659216404,0.00013426141231320798,10.0,1.0,10.0
1113.0,0.026866232976317406,0.026866232976317406,0.0023313879501074553,0.002499583177268505,0.00010527687845751643,10.0,1.0,10.0
1114.0,0.02703094109892845,0.02703094109892845,0.0023600987624377012,0.0024839716497808695,9.459811553824693e-05,10.0,1.0,10.0
1115.0,0.027165010571479797,0.027165010571479797,0.0023126534651964903,0.0025588255375623703,0.00014796495088376105,10.0,1.0,10.0
1116.0,0.027018534019589424,0.027018534019589424,0.002360176295042038,0.0024790281895548105,9.377422247780487e-05,10.0,1.0,10.0
1117.0,0.026867175474762917,0.026867175474762917,0.002327288966625929,0.0025043324567377567,0.0001089953730115667,10.0,1.0,10.0
1118.0,0.02693774923682213,0.02693774923682213,0.002322613028809428,0.0025095120072364807,0.00012021066504530609,10.0,1.0,10.0
1119.0,0.027035364881157875,0.027035364881157875,0.0023578936234116554,0.0024866657331585884,9.697614586912096e-05,10.0,1.0,10.0
1120.0,0.026961538940668106,0.026961538940668106,0.002317394595593214,0.002519201021641493,0.00012683909153565764,10.0,1.0,10.0
1121.0,0.026852576062083244,0.026852576062083244,0.0023380564525723457,0.0024782761465758085,9.937361755874008e-05,10.0,1.0,10.0
1122.0,0.026882436126470566,0.026882436126470566,0.002339055063202977,0.002487044781446457,0.0001004840451059863,10.0,1.0,10.0
1123.0,0.026960326358675957,0.026960326358675957,0.002321197185665369,0.0025074153672903776,0.00012409401824697852,10.0,1.0,10.0
1124.0,0.026931125670671463,0.026931125670671463,0.0023462511599063873,0.0024835821241140366,9.850310016190633e-05,10.0,1.0,10.0
1125.0,0.02684480883181095,0.02684480883181095,0.002326596761122346,0.002487300196662545,0.0001091542435460724,10.0,1.0,10.0
1126.0,0.026836268603801727,0.026836268603801727,0.0023249532096087933,0.0024893898516893387,0.00010973466851282865,10.0,1.0,10.0
1127.0,0.026888970285654068,0.026888970285654068,0.0023442436940968037,0.002474679611623287,9.718530782265589e-05,10.0,1.0,10.0
1128.0,0.026892779394984245,0.026892779394984245,0.002320876345038414,0.0024960972368717194,0.00011879186786245555,10.0,1.0,10.0
1129.0,0.026840832084417343,0.026840832084417343,0.002335971686989069,0.00247742235660553,0.00010036934691015631,10.0,1.0,10.0
1130.0,0.0268184132874012,0.0268184132874012,0.0023339600302278996,0.002470640931278467,0.00010081734217237681,10.0,1.0,10.0
1131.0,0.026846321299672127,0.026846321299672127,0.0023202085867524147,0.002492784056812525,0.0001151452015619725,10.0,1.0,10.0
1132.0,0.026859600096940994,0.026859600096940994,0.0023436699993908405,0.0024648236576467752,9.580771438777447e-05,10.0,1.0,10.0
1133.0,0.02682884782552719,0.02682884782552719,0.002321894047781825,0.0024850398767739534,0.00011248672672081739,10.0,1.0,10.0
1134.0,0.02680073492228985,0.02680073492228985,0.0023305076174438,0.0024704562965780497,0.00010252011270495132,10.0,1.0,10.0
1135.0,0.026810118928551674,0.026810118928551674,0.0023357609752565622,0.0024644143413752317,9.880967991193756e-05,10.0,1.0,10.0
1136.0,0.026827624067664146,0.026827624067664146,0.002320431172847748,0.0024835506919771433,0.00011397619527997449,10.0,1.0,10.0
1137.0,0.026817748323082924,0.026817748323082924,0.0023388590198010206,0.002459465293213725,9.696925553726032e-05,10.0,1.0,10.0
1138.0,0.026794495061039925,0.026794495061039925,0.002324551111087203,0.002474038628861308,0.00010749457578640431,10.0,1.0,10.0
1139.0,0.026789579540491104,0.026789579540491104,0.0023277923464775085,0.002465419936925173,0.00010462361387908459,10.0,1.0,10.0
1140.0,0.026799915358424187,0.026799915358424187,0.002334419870749116,0.0024619020987302065,9.938140283338726e-05,10.0,1.0,10.0
1141.0,0.026799602434039116,0.026799602434039116,0.0023229424841701984,0.0024701841175556183,0.00010999944061040878,10.0,1.0,10.0
1142.0,0.026784131303429604,0.026784131303429604,0.0023327793460339308,0.0024582352489233017,9.981025505112484e-05,10.0,1.0,10.0
1143.0,0.02677334100008011,0.02677334100008011,0.0023279981687664986,0.0024608958046883345,0.0001032464497257024,10.0,1.0,10.0
1144.0,0.026776719838380814,0.026776719838380814,0.002325191628187895,0.002462198492139578,0.0001062603696482256,10.0,1.0,10.0
1145.0,0.0267812330275774,0.0267812330275774,0.002333232434466481,0.002455444075167179,9.934658737620339e-05,10.0,1.0,10.0
1146.0,0.026774786412715912,0.026774786412715912,0.002324600238353014,0.002459968440234661,0.00010688162001315504,10.0,1.0,10.0
1147.0,0.02676391787827015,0.02676391787827015,0.0023289485834538937,0.0024555381387472153,0.00010188932355958968,10.0,1.0,10.0
1148.0,0.026760198175907135,0.026760198175907135,0.002330320654436946,0.0024500414729118347,0.00010069500422105193,10.0,1.0,10.0
1149.0,0.02676236443221569,0.02676236443221569,0.0023234705440700054,0.002458257135003805,0.00010693996591726318,10.0,1.0,10.0
1150.0,0.02676091343164444,0.02676091343164444,0.0023328401148319244,0.0024459364358335733,9.865753236226737e-05,10.0,1.0,10.0
1151.0,0.026753326877951622,0.026753326877951622,0.00232460699044168,0.002453244524076581,0.0001054010572261177,10.0,1.0,10.0
1152.0,0.026746712625026703,0.026746712625026703,0.002327999332919717,0.0024475683458149433,0.00010191523324465379,10.0,1.0,10.0
1153.0,0.026745503768324852,0.026745503768324852,0.002329847775399685,0.002444067969918251,0.00010029587429016829,10.0,1.0,10.0
1154.0,0.026745859533548355,0.026745859533548355,0.0023238726425915956,0.002449793042615056,0.00010573401232250035,10.0,1.0,10.0
1155.0,0.02674250490963459,0.02674250490963459,0.0023312910925596952,0.0024394961073994637,9.900985605781898e-05,10.0,1.0,10.0
1156.0,0.026736531406641006,0.026736531406641006,0.002325083129107952,0.0024454756639897823,0.00010402243060525507,10.0,1.0,10.0
1157.0,0.02673247829079628,0.02673247829079628,0.0023275669664144516,0.0024398004170507193,0.00010170086898142472,10.0,1.0,10.0
1158.0,0.02673126570880413,0.02673126570880413,0.002328638220205903,0.002439135452732444,0.00010057476174551994,10.0,1.0,10.0
1159.0,0.02672974020242691,0.02672974020242691,0.002325001172721386,0.0024400437250733376,0.00010396845027571544,10.0,1.0,10.0
1160.0,0.02672571875154972,0.02672571875154972,0.0023288875818252563,0.0024357519578188658,0.00010010923870140687,10.0,1.0,10.0
1161.0,0.026720920577645302,0.026720920577645302,0.0023263348266482353,0.0024355959612876177,0.00010219759133178741,10.0,1.0,10.0
1162.0,0.02671768143773079,0.02671768143773079,0.0023260184098035097,0.0024351663887500763,0.00010223320714430884,10.0,1.0,10.0
1163.0,0.02671598643064499,0.02671598643064499,0.0023286789655685425,0.002430790103971958,9.984082862501964e-05,10.0,1.0,10.0
1164.0,0.026713725179433823,0.026713725179433823,0.002324619796127081,0.002433747285977006,0.00010337791172787547,10.0,1.0,10.0
1165.0,0.0267100241035223,0.0267100241035223,0.0023281467147171497,0.002428813837468624,9.997435699915513e-05,10.0,1.0,10.0
1166.0,0.026706144213676453,0.026706144213676453,0.0023261874448508024,0.0024288566783070564,0.0001015414236462675,10.0,1.0,10.0
1167.0,0.02670333720743656,0.02670333720743656,0.0023255744017660618,0.0024286541156470776,0.00010189403110416606,10.0,1.0,10.0
1168.0,0.02670127898454666,0.02670127898454666,0.0023282088804990053,0.0024238901678472757,9.953002154361457e-05,10.0,1.0,10.0
1169.0,0.026698730885982513,0.026698730885982513,0.0023243671748787165,0.002427344908937812,0.00010277143155690283,10.0,1.0,10.0
1170.0,0.02669532038271427,0.02669532038271427,0.0023278603330254555,0.002421419369056821,9.952961408998817e-05,10.0,1.0,10.0
1171.0,0.026691904291510582,0.026691904291510582,0.002325417473912239,0.0024234894663095474,0.0001014239460346289,10.0,1.0,10.0
1172.0,0.026689106598496437,0.026689106598496437,0.0023259702138602734,0.0024205485824495554,0.00010088553244713694,10.0,1.0,10.0
1173.0,0.026686711236834526,0.026686711236834526,0.002326797693967819,0.002419375581666827,9.993600542657077e-05,10.0,1.0,10.0
1174.0,0.026684051379561424,0.026684051379561424,0.002325083129107952,0.0024187720846384764,0.00010144488624064252,10.0,1.0,10.0
1175.0,0.0266808420419693,0.0266808420419693,0.0023264854680746794,0.0024168621748685837,9.991256229113787e-05,10.0,1.0,10.0
1176.0,0.026677703484892845,0.026677703484892845,0.002325832610949874,0.0024152512196451426,0.00010041252971859649,10.0,1.0,10.0
1177.0,0.026674868538975716,0.026674868538975716,0.002325038192793727,0.002415552269667387,0.00010089338320540264,10.0,1.0,10.0
1178.0,0.026672281324863434,0.026672281324863434,0.002326791640371084,0.002411662833765149,9.927002247422934e-05,10.0,1.0,10.0
1179.0,0.02666955627501011,0.02666955627501011,0.0023242998868227005,0.0024135715793818235,0.00010129858856089413,10.0,1.0,10.0
1180.0,0.02666659653186798,0.02666659653186798,0.0023265299387276173,0.00240919878706336,9.920979937305674e-05,10.0,1.0,10.0
1181.0,0.026663536205887794,0.026663536205887794,0.002324831672012806,0.0024101887829601765,0.00010050307173514739,10.0,1.0,10.0
1182.0,0.026660718023777008,0.026660718023777008,0.002325367880985141,0.002407643012702465,9.993942512664944e-05,10.0,1.0,10.0
1183.0,0.026658108457922935,0.026658108457922935,0.0023256049025803804,0.0024067151825875044,9.953456174116582e-05,10.0,1.0,10.0
1184.0,0.026655426248908043,0.026655426248908043,0.002324656117707491,0.0024057277478277683,0.00010031382407760248,10.0,1.0,10.0
1185.0,0.02665254846215248,0.02665254846215248,0.002325487555935979,0.0024041645228862762,9.935093112289906e-05,10.0,1.0,10.0
1186.0,0.02664964459836483,0.02664964459836483,0.0023249322548508644,0.0024026937317103148,9.976298315450549e-05,10.0,1.0,10.0
1187.0,0.02664685994386673,0.02664685994386673,0.0023246074561029673,0.002402371261268854,9.984145435737446e-05,10.0,1.0,10.0
1188.0,0.026644157245755196,0.026644157245755196,0.002325553447008133,0.0023993300274014473,9.89294276223518e-05,10.0,1.0,10.0
1189.0,0.0266414787620306,0.0266414787620306,0.002323881722986698,0.0024005500599741936,0.00010021117486758158,10.0,1.0,10.0
1190.0,0.026638776063919067,0.026638776063919067,0.002325640060007572,0.0023965381551533937,9.858373232418671e-05,10.0,1.0,10.0
1191.0,0.02663598209619522,0.02663598209619522,0.002323830733075738,0.0023981048725545406,9.995693835662678e-05,10.0,1.0,10.0
1192.0,0.026633234694600105,0.026633234694600105,0.002325142966583371,0.0023942552506923676,9.875510295387357e-05,10.0,1.0,10.0
1193.0,0.026630613952875137,0.026630613952875137,0.0023240926675498486,0.002395401708781719,9.942829638021067e-05,10.0,1.0,10.0
1194.0,0.0266280360519886,0.0266280360519886,0.002324729925021529,0.0023918314836919308,9.889047942124307e-05,10.0,1.0,10.0
1195.0,0.026625562459230423,0.026625562459230423,0.0023239683359861374,0.002393266186118126,9.926121128955856e-05,10.0,1.0,10.0
1196.0,0.02662310190498829,0.02662310190498829,0.0023249301593750715,0.0023887152783572674,9.850846254266798e-05,10.0,1.0,10.0
1197.0,0.02662081830203533,0.02662081830203533,0.002323212567716837,0.002392026362940669,9.966673678718507e-05,10.0,1.0,10.0
1198.0,0.026618828997015953,0.026618828997015953,0.0023257145658135414,0.0023848849814385176,9.767990559339523e-05,10.0,1.0,10.0
1199.0,0.026617301627993584,0.026617301627993584,0.0023221569135785103,0.0023915590718388557,0.00010041716450359672,10.0,1.0,10.0
1200.0,0.026616401970386505,0.026616401970386505,0.002326792571693659,0.002380672376602888,9.678043716121465e-05,10.0,1.0,10.0
1201.0,0.026616647839546204,0.026616647839546204,0.0023211524821817875,0.0023920168168842793,0.00010131069575436413,10.0,1.0,10.0
1202.0,0.026618633419275284,0.026618633419275284,0.002328266156837344,0.0023762069176882505,9.5976451120805e-05,10.0,1.0,10.0
1203.0,0.02662365324795246,0.02662365324795246,0.002320224652066827,0.002394550247117877,0.00010268579353578389,10.0,1.0,10.0
1204.0,0.02663382515311241,0.02663382515311241,0.0023311262484639883,0.002371398964896798,9.51163237914443e-05,10.0,1.0,10.0
1205.0,0.026652662083506584,0.026652662083506584,0.0023193589877337217,0.002402175683528185,0.00010568967263679951,10.0,1.0,10.0
1206.0,0.026686379685997963,0.026686379685997963,0.002337718615308404,0.0023670638911426067,9.42129481700249e-05,10.0,1.0,10.0
1207.0,0.026746079325675964,0.026746079325675964,0.002319676335901022,0.002421992365270853,0.00011273233394604176,10.0,1.0,10.0
1208.0,0.026851266622543335,0.026851266622543335,0.002353543182834983,0.0023685672786086798,9.472662350162864e-05,10.0,1.0,10.0
1209.0,0.027037009596824646,0.027037009596824646,0.002326743910089135,0.0024726891424506903,0.00012968824012205005,10.0,1.0,10.0
1210.0,0.02736581303179264,0.02736581303179264,0.0023937562946230173,0.002397226868197322,0.0001031024003168568,10.0,1.0,10.0
1211.0,0.027951333671808243,0.027951333671808243,0.002360874554142356,0.002608619164675474,0.0001733967219479382,10.0,1.0,10.0
1212.0,0.028994552791118622,0.028994552791118622,0.002504162723198533,0.0025288008619099855,0.00014241243479773402,10.0,1.0,10.0
1213.0,0.030855942517518997,0.030855942517518997,0.0024912552908062935,0.0029946197755634785,0.0002948769833892584,10.0,1.0,10.0
1214.0,0.03413647413253784,0.03413647413253784,0.0028230221942067146,0.003014214802533388,0.00028920394834131,10.0,1.0,10.0
1215.0,0.0398104153573513,0.0398104153573513,0.0029308719094842672,0.00410236744210124,0.0006399329286068678,10.0,1.0,10.0
1216.0,0.0490872822701931,0.0490872822701931,0.0037035061977803707,0.004533995874226093,0.000751822313759476,10.0,1.0,10.0
1217.0,0.06291777640581131,0.06291777640581131,0.004116849508136511,0.006844027899205685,0.0014905253192409873,10.0,1.0,10.0
1218.0,0.07945375144481659,0.07945375144481659,0.0054457345977425575,0.007724659983068705,0.0017271742690354586,10.0,1.0,10.0
1219.0,0.0915798544883728,0.0915798544883728,0.005614418536424637,0.01017445232719183,0.002526121912524104,10.0,1.0,10.0
1220.0,0.08650689572095871,0.08650689572095871,0.00585278170183301,0.008449469693005085,0.0019529610872268677,10.0,1.0,10.0
1221.0,0.06130973622202873,0.06130973622202873,0.004020465072244406,0.006665594410151243,0.0014439489459618926,10.0,1.0,10.0
1222.0,0.033766381442546844,0.033766381442546844,0.0028060106560587883,0.0029532932676374912,0.00027529828366823494,10.0,1.0,10.0
1223.0,0.027655886486172676,0.027655886486172676,0.0024032648652791977,0.002429464366286993,0.00011937736417166889,10.0,1.0,10.0
1224.0,0.04259902611374855,0.04259902611374855,0.003070330712944269,0.004449530970305204,0.000744618708267808,10.0,1.0,10.0
1225.0,0.05554736778140068,0.05554736778140068,0.004080247133970261,0.005155595019459724,0.0009589302353560925,10.0,1.0,10.0
1226.0,0.04905502498149872,0.04905502498149872,0.0033902167342603207,0.005230587907135487,0.0009922271128743887,10.0,1.0,10.0
1227.0,0.0321633517742157,0.0321633517742157,0.002710446249693632,0.0027853723149746656,0.0002273517893627286,10.0,1.0,10.0
1228.0,0.027186056599020958,0.027186056599020958,0.0023694150149822235,0.0023914864286780357,0.00011004199041053653,10.0,1.0,10.0
1229.0,0.03687211871147156,0.03687211871147156,0.0027887197211384773,0.0037491661496460438,0.0005235755816102028,10.0,1.0,10.0
1230.0,0.04324327036738396,0.04324327036738396,0.0033695336896926165,0.003902251599356532,0.0005645680357702076,10.0,1.0,10.0
1231.0,0.03628183901309967,0.03628183901309967,0.0027482984587550163,0.003678193548694253,0.0005120662390254438,10.0,1.0,10.0
1232.0,0.027366958558559418,0.027366958558559418,0.0024047240149229765,0.0023761310148984194,9.43585328059271e-05,10.0,1.0,10.0
1233.0,0.029146401211619377,0.029146401211619377,0.002509381854906678,0.0025502240750938654,0.00015023596643004566,10.0,1.0,10.0
1234.0,0.035782646387815475,0.035782646387815475,0.0027349907904863358,0.0036138826981186867,0.00048188577056862414,10.0,1.0,10.0
1235.0,0.03507518768310547,0.03507518768310547,0.002887083450332284,0.003099750494584441,0.0003104604547843337,10.0,1.0,10.0
1236.0,0.028657522052526474,0.028657522052526474,0.002383739687502384,0.0027167676016688347,0.00021033592929597944,10.0,1.0,10.0
1237.0,0.02703404799103737,0.02703404799103737,0.0023383558727800846,0.0024593777488917112,0.00011911122419405729,10.0,1.0,10.0
1238.0,0.031189315021038055,0.031189315021038055,0.002641008235514164,0.002742946147918701,0.00020362870418466628,10.0,1.0,10.0
1239.0,0.03266129270195961,0.03266129270195961,0.0025759818963706493,0.0032331417314708233,0.0003668331482913345,10.0,1.0,10.0
1240.0,0.0289757177233696,0.0289757177233696,0.002508835168555379,0.002523720031604171,0.0001363646297249943,10.0,1.0,10.0
1241.0,0.02665814943611622,0.02665814943611622,0.0023196199908852577,0.0024002091959118843,0.00010617399675538763,10.0,1.0,10.0
1242.0,0.028797730803489685,0.028797730803489685,0.0024010154884308577,0.0027298927307128906,0.0002057682431768626,10.0,1.0,10.0
1243.0,0.0305772814899683,0.0305772814899683,0.002606213092803955,0.0026814036536961794,0.0001833746355259791,10.0,1.0,10.0
1244.0,0.028741084039211273,0.028741084039211273,0.002385214902460575,0.0027364797424525023,0.00021524551266338676,10.0,1.0,10.0
1245.0,0.026693329215049744,0.026693329215049744,0.0023425081744790077,0.002366815460845828,9.01433450053446e-05,10.0,1.0,10.0
1246.0,0.027583152055740356,0.027583152055740356,0.0024020373821258545,0.0024363836273550987,0.00011263941996730864,10.0,1.0,10.0
1247.0,0.029089203104376793,0.029089203104376793,0.0024067778140306473,0.002782979980111122,0.00022384450130630285,10.0,1.0,10.0
1248.0,0.028335846960544586,0.028335846960544586,0.0024642497301101685,0.0024818244855850935,0.0001211525232065469,10.0,1.0,10.0
1249.0,0.026790808886289597,0.026790808886289597,0.0023091512266546488,0.0024566163774579763,0.00012426797184161842,10.0,1.0,10.0
1250.0,0.02697334997355938,0.02697334997355938,0.002328147878870368,0.0024743766989558935,0.00012174939183751121,10.0,1.0,10.0
1251.0,0.02806558646261692,0.02806558646261692,0.002439834177494049,0.002475110813975334,0.00011921330587938428,10.0,1.0,10.0
1252.0,0.0279201902449131,0.0279201902449131,0.002351513598114252,0.002635040320456028,0.00017700163880363107,10.0,1.0,10.0
1253.0,0.026868341490626335,0.026868341490626335,0.002358781173825264,0.0023845976684242487,8.959320257417858e-05,10.0,1.0,10.0
1254.0,0.02668875828385353,0.02668875828385353,0.002328564180061221,0.0024012611247599125,0.00010018552711699158,10.0,1.0,10.0
1255.0,0.02738785929977894,0.02738785929977894,0.0023368042893707752,0.0025564017705619335,0.0001463415683247149,10.0,1.0,10.0
1256.0,0.02754102647304535,0.02754102647304535,0.0024060443975031376,0.0024388940073549747,0.00010416889563202858,10.0,1.0,10.0
1257.0,0.02690747193992138,0.02690747193992138,0.002311540301889181,0.0024904441088438034,0.00013016239972785115,10.0,1.0,10.0
1258.0,0.026583753526210785,0.026583753526210785,0.0023222474846988916,0.0024044066667556763,9.568727546138689e-05,10.0,1.0,10.0
1259.0,0.0269557386636734,0.0269557386636734,0.002355647273361683,0.00240976526401937,9.895008406601846e-05,10.0,1.0,10.0
1260.0,0.02721508778631687,0.02721508778631687,0.002325651003047824,0.002536946441978216,0.00014216301497071981,10.0,1.0,10.0
1261.0,0.026901204138994217,0.026901204138994217,0.002358831698074937,0.0023963635321706533,9.165234223473817e-05,10.0,1.0,10.0
1262.0,0.026570765301585197,0.026570765301585197,0.0023071535397320986,0.002421252429485321,0.00010779782314784825,10.0,1.0,10.0
1263.0,0.02670116536319256,0.02670116536319256,0.0023157750256359577,0.002443276345729828,0.00011001405073329806,10.0,1.0,10.0
1264.0,0.026947014033794403,0.026947014033794403,0.002357486402615905,0.0024047247134149075,9.674248576629907e-05,10.0,1.0,10.0
1265.0,0.026853810995817184,0.026853810995817184,0.002310478361323476,0.0024802626576274633,0.0001268765627173707,10.0,1.0,10.0
1266.0,0.026595398783683777,0.026595398783683777,0.0023301993496716022,0.0023864093236625195,9.06995774130337e-05,10.0,1.0,10.0
1267.0,0.02657361514866352,0.02657361514866352,0.002317063044756651,0.0024000643752515316,0.0001002919307211414,10.0,1.0,10.0
1268.0,0.026743415743112564,0.026743415743112564,0.002312537981197238,0.002456123009324074,0.00011619119322858751,10.0,1.0,10.0
1269.0,0.026774277910590172,0.026774277910590172,0.002344818552955985,0.0023933532647788525,9.32738694245927e-05,10.0,1.0,10.0
1270.0,0.026619229465723038,0.026619229465723038,0.002304119523614645,0.0024383794516324997,0.00011396530317142606,10.0,1.0,10.0
1271.0,0.026528554037213326,0.026528554037213326,0.0023175538517534733,0.0023977234959602356,9.552928531775251e-05,10.0,1.0,10.0
1272.0,0.026605695486068726,0.026605695486068726,0.0023237988352775574,0.0023947404697537422,9.729671728564426e-05,10.0,1.0,10.0
1273.0,0.02668001689016819,0.02668001689016819,0.00230858800932765,0.0024479059502482414,0.00011462290422059596,10.0,1.0,10.0
1274.0,0.026621248573064804,0.026621248573064804,0.002331693423911929,0.00238701980561018,9.172932914225385e-05,10.0,1.0,10.0
1275.0,0.0265271607786417,0.0265271607786417,0.002305152826011181,0.002414958318695426,0.00010606739670038223,10.0,1.0,10.0
1276.0,0.026529645547270775,0.026529645547270775,0.002312584314495325,0.0024076425470411777,9.961605974240229e-05,10.0,1.0,10.0
1277.0,0.02659149095416069,0.02659149095416069,0.002324741566553712,0.0023902314715087414,9.538444282952696e-05,10.0,1.0,10.0
1278.0,0.026596374809741974,0.026596374809741974,0.0023060354869812727,0.002431275323033333,0.0001104744806070812,10.0,1.0,10.0
1279.0,0.02653629519045353,0.02653629519045353,0.0023230044171214104,0.0023845545947551727,9.216959733748809e-05,10.0,1.0,10.0
1280.0,0.026500683277845383,0.026500683277845383,0.0023081647232174873,0.002400345169007778,0.00010186922736465931,10.0,1.0,10.0
1281.0,0.026525812223553658,0.026525812223553658,0.002310281153768301,0.0024079184513539076,0.00010150826710741967,10.0,1.0,10.0
1282.0,0.026553545147180557,0.026553545147180557,0.0023224481847137213,0.002384454244747758,9.446085459785536e-05,10.0,1.0,10.0
1283.0,0.026534536853432655,0.026534536853432655,0.002305078087374568,0.002415023511275649,0.00010687317990232259,10.0,1.0,10.0
1284.0,0.026496902108192444,0.026496902108192444,0.002317640231922269,0.0023835126776248217,9.369864710606635e-05,10.0,1.0,10.0
1285.0,0.02648969553411007,0.02648969553411007,0.00231005996465683,0.0023909728042781353,9.981221228372306e-05,10.0,1.0,10.0
1286.0,0.026509622111916542,0.026509622111916542,0.0023087577428668737,0.002402778249233961,0.00010192662011831999,10.0,1.0,10.0
1287.0,0.02651629038155079,0.02651629038155079,0.002319336635991931,0.0023795352317392826,9.433885861653835e-05,10.0,1.0,10.0
1288.0,0.02649657242000103,0.02649657242000103,0.0023052063770592213,0.002402263693511486,0.0001042244111886248,10.0,1.0,10.0
1289.0,0.026476863771677017,0.026476863771677017,0.002314442303031683,0.0023820234928280115,9.504170884611085e-05,10.0,1.0,10.0
1290.0,0.026478340849280357,0.026478340849280357,0.0023107617162168026,0.0023844547104090452,9.862686420092359e-05,10.0,1.0,10.0
1291.0,0.026489146053791046,0.026489146053791046,0.0023079568054527044,0.0023958974052220583,0.00010136784840142354,10.0,1.0,10.0
1292.0,0.026487383991479874,0.026487383991479874,0.0023167249746620655,0.0023755368310958147,9.445985779166222e-05,10.0,1.0,10.0
1293.0,0.026472976431250572,0.026472976431250572,0.002305902075022459,0.0023921960964798927,0.00010217595263384283,10.0,1.0,10.0
1294.0,0.026462936773896217,0.026462936773896217,0.0023127752356231213,0.002378773642703891,9.564113133819774e-05,10.0,1.0,10.0
1295.0,0.02646503783762455,0.02646503783762455,0.0023108699824661016,0.0023785103112459183,9.778267849469557e-05,10.0,1.0,10.0
1296.0,0.026469636708498,0.026469636708498,0.0023078557569533587,0.0023881196975708008,0.00010029600525740534,10.0,1.0,10.0
1297.0,0.02646583691239357,0.02646583691239357,0.002314857905730605,0.002371452283114195,9.45805077208206e-05,10.0,1.0,10.0
1298.0,0.026456262916326523,0.026456262916326523,0.002306649461388588,0.002383722923696041,0.0001006044476525858,10.0,1.0,10.0
1299.0,0.026450419798493385,0.026450419798493385,0.0023119072429835796,0.002374072792008519,9.572735143592581e-05,10.0,1.0,10.0
1300.0,0.026451250538229942,0.026451250538229942,0.002310628304257989,0.002372796181589365,9.7217271104455e-05,10.0,1.0,10.0
1301.0,0.02645246312022209,0.02645246312022209,0.0023080368991941214,0.0023801594506949186,9.919354488374665e-05,10.0,1.0,10.0
1302.0,0.026448896154761314,0.026448896154761314,0.002313436008989811,0.0023670680820941925,9.474684338783845e-05,10.0,1.0,10.0
1303.0,0.02644241973757744,0.02644241973757744,0.0023071011528372765,0.002376428572461009,9.949799277819693e-05,10.0,1.0,10.0
1304.0,0.02643834426999092,0.02643834426999092,0.0023112816270440817,0.002368813380599022,9.567144297761843e-05,10.0,1.0,10.0
1305.0,0.026437832042574883,0.026437832042574883,0.002310053911060095,0.002367640845477581,9.69649336184375e-05,10.0,1.0,10.0
1306.0,0.02643750049173832,0.02643750049173832,0.0023082054685801268,0.0023726439103484154,9.82800338533707e-05,10.0,1.0,10.0
1307.0,0.026434559375047684,0.026434559375047684,0.002312249969691038,0.0023624408058822155,9.496177517576143e-05,10.0,1.0,10.0
1308.0,0.026429973542690277,0.026429973542690277,0.002307350281625986,0.0023696403950452805,9.86831946647726e-05,10.0,1.0,10.0
1309.0,0.026426559314131737,0.026426559314131737,0.002310842042788863,0.002363057341426611,9.55080904532224e-05,10.0,1.0,10.0
1310.0,0.026425112038850784,0.026425112038850784,0.0023094487842172384,0.00236249971203506,9.681242954684421e-05,10.0,1.0,10.0
1311.0,0.02642403170466423,0.02642403170466423,0.002308435505256057,0.002365352353081107,9.743244299897924e-05,10.0,1.0,10.0
1312.0,0.02642153576016426,0.02642153576016426,0.0023113260976970196,0.0023575008381158113,9.507727372692898e-05,10.0,1.0,10.0
1313.0,0.026418078690767288,0.026418078690767288,0.0023075758945196867,0.002362992614507675,9.793270874070004e-05,10.0,1.0,10.0
1314.0,0.026415040716528893,0.026415040716528893,0.002310593146830797,0.0023570002522319555,9.521094034425914e-05,10.0,1.0,10.0
1315.0,0.026413079351186752,0.026413079351186752,0.002308967988938093,0.0023572505451738834,9.661482908995822e-05,10.0,1.0,10.0
1316.0,0.026411544531583786,0.026411544531583786,0.0023087183944880962,0.0023583450820297003,9.660139767220244e-05,10.0,1.0,10.0
1317.0,0.02640938200056553,0.02640938200056553,0.002310557523742318,0.0023526239674538374,9.511833195574582e-05,10.0,1.0,10.0
1318.0,0.02640657313168049,0.02640657313168049,0.0023077712394297123,0.002356732962653041,9.721298556542024e-05,10.0,1.0,10.0
1319.0,0.026403801515698433,0.026403801515698433,0.002310342388227582,0.0023512528277933598,9.49125605984591e-05,10.0,1.0,10.0
1320.0,0.026401566341519356,0.026401566341519356,0.002308544935658574,0.0023522020783275366,9.639142808737233e-05,10.0,1.0,10.0
1321.0,0.026399703696370125,0.026399703696370125,0.0023089328315109015,0.002351791365072131,9.585835505276918e-05,10.0,1.0,10.0
1322.0,0.02639765478670597,0.02639765478670597,0.0023098259698599577,0.002347923582419753,9.514706471236423e-05,10.0,1.0,10.0
1323.0,0.026395302265882492,0.026395302265882492,0.0023079197853803635,0.0023507424630224705,9.653616143623367e-05,10.0,1.0,10.0
1324.0,0.026392735540866852,0.026392735540866852,0.0023099910467863083,0.0023458520881831646,9.469721408095211e-05,10.0,1.0,10.0
1325.0,0.026390422135591507,0.026390422135591507,0.002308174967765808,0.002347206696867943,9.614651935407892e-05,10.0,1.0,10.0
1326.0,0.02638840861618519,0.02638840861618519,0.0023090492468327284,0.0023455326445400715,9.52384143602103e-05,10.0,1.0,10.0
1327.0,0.02638636715710163,0.02638636715710163,0.002309139585122466,0.0023432201705873013,9.517509170109406e-05,10.0,1.0,10.0
1328.0,0.026384148746728897,0.026384148746728897,0.0023080569226294756,0.0023447112180292606,9.588694956619292e-05,10.0,1.0,10.0
1329.0,0.0263818372040987,0.0263818372040987,0.0023095549549907446,0.002340614330023527,9.456719271838665e-05,10.0,1.0,10.0
1330.0,0.026379568502306938,0.026379568502306938,0.002307912800461054,0.002342062769457698,9.583788050804287e-05,10.0,1.0,10.0
1331.0,0.02637733332812786,0.02637733332812786,0.002309046220034361,0.0023395372554659843,9.473320096731186e-05,10.0,1.0,10.0
1332.0,0.02637527883052826,0.02637527883052826,0.002308522816747427,0.0023385081440210342,9.515421697869897e-05,10.0,1.0,10.0
1333.0,0.026373235508799553,0.026373235508799553,0.002308214781805873,0.002338678576052189,9.524088090984151e-05,10.0,1.0,10.0
1334.0,0.026371048763394356,0.026371048763394356,0.0023090571630746126,0.0023355998564511538,9.448773926123977e-05,10.0,1.0,10.0
1335.0,0.026368843391537666,0.026368843391537666,0.002307794289663434,0.002336761448532343,9.541397594148293e-05,10.0,1.0,10.0
1336.0,0.02636661008000374,0.02636661008000374,0.0023089228197932243,0.0023339358158409595,9.434459207113832e-05,10.0,1.0,10.0
1337.0,0.026364505290985107,0.026364505290985107,0.0023080320097506046,0.002333833370357752,9.503522596787661e-05,10.0,1.0,10.0
1338.0,0.026362430304288864,0.026362430304288864,0.0023083172272890806,0.002332864562049508,9.463931201025844e-05,10.0,1.0,10.0
1339.0,0.02636030875146389,0.02636030875146389,0.0023085051216185093,0.002330882241949439,9.44376879488118e-05,10.0,1.0,10.0
1340.0,0.026358218863606453,0.026358218863606453,0.0023077847436070442,0.002331352327018976,9.490200318396091e-05,10.0,1.0,10.0
1341.0,0.026356041431427002,0.026356041431427002,0.0023086450528353453,0.002328702947124839,9.408866026205942e-05,10.0,1.0,10.0
1342.0,0.02635394036769867,0.02635394036769867,0.002307697432115674,0.0023290072567760944,9.479589061811566e-05,10.0,1.0,10.0
1343.0,0.02635185234248638,0.02635185234248638,0.0023083225823938847,0.0023272379767149687,9.413906082045287e-05,10.0,1.0,10.0
1344.0,0.026349760591983795,0.026349760591983795,0.002307980554178357,0.00232624146156013,9.437152766622603e-05,10.0,1.0,10.0
1345.0,0.026347672566771507,0.026347672566771507,0.002307824557647109,0.0023258153814822435,9.436097752768546e-05,10.0,1.0,10.0
1346.0,0.026345593854784966,0.026345593854784966,0.0023082385305315256,0.0023237396962940693,9.39469100558199e-05,10.0,1.0,10.0
1347.0,0.026343494653701782,0.026343494653701782,0.002307524438947439,0.0023239098954945803,9.443396265851334e-05,10.0,1.0,10.0
1348.0,0.026341376826167107,0.026341376826167107,0.002308175666257739,0.002321828156709671,9.377907554153353e-05,10.0,1.0,10.0
1349.0,0.026339346542954445,0.026339346542954445,0.002307556802406907,0.002321505919098854,9.422723087482154e-05,10.0,1.0,10.0
1350.0,0.02633731998503208,0.02633731998503208,0.002307847375050187,0.002320275641977787,9.385705925524235e-05,10.0,1.0,10.0
1351.0,0.026335230097174644,0.026335230097174644,0.0023077630903571844,0.0023189918138086796,9.386078454554081e-05,10.0,1.0,10.0
1352.0,0.0263331588357687,0.0263331588357687,0.002307476941496134,0.002318614860996604,9.397759276907891e-05,10.0,1.0,10.0
1353.0,0.026331109926104546,0.026331109926104546,0.0023078727535903454,0.002316761529073119,9.356203372590244e-05,10.0,1.0,10.0
1354.0,0.02632909081876278,0.02632909081876278,0.0023073016200214624,0.0023165964521467686,9.394791413797066e-05,10.0,1.0,10.0
1355.0,0.026326993480324745,0.026326993480324745,0.0023077477235347033,0.0023149317130446434,9.3458489573095e-05,10.0,1.0,10.0
1356.0,0.02632497251033783,0.02632497251033783,0.002307339571416378,0.002314295619726181,9.372805652674288e-05,10.0,1.0,10.0
1357.0,0.026322929188609123,0.026322929188609123,0.0023074669297784567,0.002313259057700634,9.350021719001234e-05,10.0,1.0,10.0
1358.0,0.02632092498242855,0.02632092498242855,0.002307468093931675,0.0023119684774428606,9.342747944174334e-05,10.0,1.0,10.0
1359.0,0.02631889097392559,0.02631889097392559,0.0023071994073688984,0.0023114699870347977,9.354276699014008e-05,10.0,1.0,10.0
1360.0,0.026316870003938675,0.026316870003938675,0.002307504415512085,0.0023098576348274946,9.319687524111941e-05,10.0,1.0,10.0
1361.0,0.026314912363886833,0.026314912363886833,0.0023070743773132563,0.002309444360435009,9.347256127512082e-05,10.0,1.0,10.0
1362.0,0.026312848553061485,0.026312848553061485,0.0023073856718838215,0.002307989401742816,9.310035966336727e-05,10.0,1.0,10.0
1363.0,0.02631087228655815,0.02631087228655815,0.0023070841562002897,0.0023072469048202038,9.327828593086451e-05,10.0,1.0,10.0
1364.0,0.026308830827474594,0.026308830827474594,0.0023071621544659138,0.0023062233813107014,9.309879533248022e-05,10.0,1.0,10.0
1365.0,0.026306869462132454,0.026306869462132454,0.002307149115949869,0.002305038506165147,9.30340975173749e-05,10.0,1.0,10.0
1366.0,0.026304878294467926,0.026304878294467926,0.0023069498129189014,0.00230439193546772,9.309897723142058e-05,10.0,1.0,10.0
1367.0,0.026302911341190338,0.026302911341190338,0.0023071591276675463,0.002302969340234995,9.283523831982166e-05,10.0,1.0,10.0
1368.0,0.026300890371203423,0.026300890371203423,0.002306821057572961,0.0023024198599159718,9.302605758421123e-05,10.0,1.0,10.0
1369.0,0.026298923417925835,0.026298923417925835,0.0023070587776601315,0.0023010745644569397,9.27260989556089e-05,10.0,1.0,10.0
1370.0,0.02629692107439041,0.02629692107439041,0.002306790091097355,0.0023003388196229935,9.286806016461924e-05,10.0,1.0,10.0
1371.0,0.026294996961951256,0.026294996961951256,0.002306887414306402,0.002299259649589658,9.268624125979841e-05,10.0,1.0,10.0
1372.0,0.02629300206899643,0.02629300206899643,0.0023068119771778584,0.0022982244845479727,9.266589040635154e-05,10.0,1.0,10.0
1373.0,0.02629103511571884,0.02629103511571884,0.002306701149791479,0.002297432627528906,9.265898552257568e-05,10.0,1.0,10.0
1374.0,0.02628909982740879,0.02628909982740879,0.002306808717548847,0.002296194899827242,9.248177229892462e-05,10.0,1.0,10.0
1375.0,0.02628711424767971,0.02628711424767971,0.00230656610801816,0.0022955320309847593,9.259225043933839e-05,10.0,1.0,10.0
1376.0,0.026285171508789062,0.026285171508789062,0.0023067386355251074,0.0022942665964365005,9.23517654882744e-05,10.0,1.0,10.0
1377.0,0.026283247396349907,0.026283247396349907,0.0023065046407282352,0.0022935387678444386,9.246637637261301e-05,10.0,1.0,10.0
1378.0,0.026281289756298065,0.026281289756298065,0.0023066122084856033,0.002292414428666234,9.227530244970694e-05,10.0,1.0,10.0
1379.0,0.02627936191856861,0.02627936191856861,0.0023064850829541683,0.0022915119770914316,9.22998515306972e-05,10.0,1.0,10.0
1380.0,0.02627744898200035,0.02627744898200035,0.002306463196873665,0.002290588803589344,9.222290827892721e-05,10.0,1.0,10.0
1381.0,0.026275506243109703,0.026275506243109703,0.0023064720444381237,0.0022895035799592733,9.212802251568064e-05,10.0,1.0,10.0
1382.0,0.026273585855960846,0.026273585855960846,0.0023063253611326218,0.0022887317463755608,9.215988393407315e-05,10.0,1.0,10.0
1383.0,0.02627165988087654,0.02627165988087654,0.002306426875293255,0.0022875617723912,9.198304178426042e-05,10.0,1.0,10.0
1384.0,0.026269711554050446,0.026269711554050446,0.0023062254767864943,0.002286827191710472,9.206293907482177e-05,10.0,1.0,10.0
1385.0,0.026267817243933678,0.026267817243933678,0.002306337235495448,0.0022856839932501316,9.18760197237134e-05,10.0,1.0,10.0
1386.0,0.02626594342291355,0.02626594342291355,0.002306172624230385,0.0022848867811262608,9.193304867949337e-05,10.0,1.0,10.0
1387.0,0.026264071464538574,0.026264071464538574,0.002306227572262287,0.0022838448639959097,9.179513290291652e-05,10.0,1.0,10.0
1388.0,0.026262057945132256,0.026262057945132256,0.0023061251267790794,0.0022829400841146708,9.178664186038077e-05,10.0,1.0,10.0
1389.0,0.026260238140821457,0.026260238140821457,0.0023060969542711973,0.002282022498548031,9.172456339001656e-05,10.0,1.0,10.0
1390.0,0.02625831589102745,0.02625831589102745,0.002306088339537382,0.0022810143418610096,9.164186485577375e-05,10.0,1.0,10.0
1391.0,0.02625645510852337,0.02625645510852337,0.0023059826344251633,0.0022801824379712343,9.164447692455724e-05,10.0,1.0,10.0
1392.0,0.026254568248987198,0.026254568248987198,0.0023060347884893417,0.0022791149094700813,9.151070844382048e-05,10.0,1.0,10.0
1393.0,0.026252657175064087,0.026252657175064087,0.002305886708199978,0.002278324216604233,9.154666622634977e-05,10.0,1.0,10.0
1394.0,0.02625081315636635,0.02625081315636635,0.002305953996255994,0.0022772615775465965,9.140119072981179e-05,10.0,1.0,10.0
1395.0,0.026248972862958908,0.026248972862958908,0.002305821981281042,0.0022764476016163826,9.143057104665786e-05,10.0,1.0,10.0
1396.0,0.02624707855284214,0.02624707855284214,0.0023058566730469465,0.002275434322655201,9.130776743404567e-05,10.0,1.0,10.0
1397.0,0.02624519169330597,0.02624519169330597,0.002305760746821761,0.002274565864354372,9.130192484008148e-05,10.0,1.0,10.0
1398.0,0.02624332532286644,0.02624332532286644,0.0023057484067976475,0.0022736198734492064,9.1222369519528e-05,10.0,1.0,10.0
1399.0,0.026241470128297806,0.026241470128297806,0.0023057074286043644,0.0022726901806890965,9.117073204834014e-05,10.0,1.0,10.0
1400.0,0.026239613071084023,0.026239613071084023,0.002305643865838647,0.0022718110121786594,9.113646228797734e-05,10.0,1.0,10.0
1401.0,0.02623777464032173,0.02623777464032173,0.0023056480567902327,0.0022708377800881863,9.104551281780005e-05,10.0,1.0,10.0
1402.0,0.026235954836010933,0.026235954836010933,0.0023055528290569782,0.0022700000554323196,9.10427697817795e-05,10.0,1.0,10.0
1403.0,0.026234116405248642,0.026234116405248642,0.0023055789060890675,0.002269006334245205,9.093218250200152e-05,10.0,1.0,10.0
1404.0,0.026232250034809113,0.026232250034809113,0.002305469010025263,0.002268176758661866,9.093850530916825e-05,10.0,1.0,10.0
1405.0,0.026230432093143463,0.026230432093143463,0.0023054960183799267,0.0022671956103295088,9.082757605938241e-05,10.0,1.0,10.0
1406.0,0.026228586211800575,0.026228586211800575,0.0023053959012031555,0.002266358118504286,9.082687029149383e-05,10.0,1.0,10.0
1407.0,0.026226753368973732,0.026226753368973732,0.0023054054472595453,0.0022653979249298573,9.073016553884372e-05,10.0,1.0,10.0
1408.0,0.02622496522963047,0.02622496522963047,0.0023053321056067944,0.0022645331919193268,9.071101521840319e-05,10.0,1.0,10.0
1409.0,0.026223134249448776,0.026223134249448776,0.002305316273123026,0.0022636086214333773,9.063638572115451e-05,10.0,1.0,10.0
1410.0,0.026221323758363724,0.026221323758363724,0.002305264351889491,0.002262725029140711,9.059553121915087e-05,10.0,1.0,10.0
1411.0,0.02621951512992382,0.02621951512992382,0.002305225469172001,0.002261837013065815,9.054222755366936e-05,10.0,1.0,10.0
1412.0,0.026217687875032425,0.026217687875032425,0.0023051914758980274,0.0022609378211200237,9.04836124391295e-05,10.0,1.0,10.0
1413.0,0.026215918362140656,0.026215918362140656,0.002305140718817711,0.0022600609809160233,9.04449843801558e-05,10.0,1.0,10.0
1414.0,0.02621413581073284,0.02621413581073284,0.0023051246535032988,0.002259147120639682,9.037423296831548e-05,10.0,1.0,10.0
1415.0,0.026212338358163834,0.026212338358163834,0.002305062022060156,0.00225827912800014,9.034395043272525e-05,10.0,1.0,10.0
1416.0,0.02621055394411087,0.02621055394411087,0.0023050501476973295,0.0022573736496269703,9.026796033140272e-05,10.0,1.0,10.0
1417.0,0.02620873600244522,0.02620873600244522,0.0023049796000123024,0.0022565170656889677,9.02422980288975e-05,10.0,1.0,10.0
1418.0,0.026206951588392258,0.026206951588392258,0.0023049679584801197,0.002255616942420602,9.016564581543207e-05,10.0,1.0,10.0
1419.0,0.026205185800790787,0.026205185800790787,0.0023049041628837585,0.002254756400361657,9.01388339116238e-05,10.0,1.0,10.0
1420.0,0.026203418150544167,0.026203418150544167,0.0023048899602144957,0.002253861865028739,9.006555774249136e-05,10.0,1.0,10.0
1421.0,0.026201650500297546,0.026201650500297546,0.0023048315197229385,0.0022529985290020704,9.003368904814124e-05,10.0,1.0,10.0
1422.0,0.026199890300631523,0.026199890300631523,0.002304811729118228,0.0022521130740642548,8.996587712317705e-05,10.0,1.0,10.0
1423.0,0.026198113337159157,0.026198113337159157,0.0023047570139169693,0.002251251135021448,8.992925722850487e-05,10.0,1.0,10.0
1424.0,0.026196341961622238,0.026196341961622238,0.0023047300055623055,0.002250377554446459,8.986648026620969e-05,10.0,1.0,10.0
1425.0,0.02619464322924614,0.02619464322924614,0.002304685302078724,0.002249520504847169,8.982691360870376e-05,10.0,1.0,10.0
1426.0,0.02619284763932228,0.02619284763932228,0.002304650377482176,0.0022486529778689146,8.976905519375578e-05,10.0,1.0,10.0
1427.0,0.026191111654043198,0.026191111654043198,0.0023046110291033983,0.0022477812599390745,8.972204523161054e-05,10.0,1.0,10.0
1428.0,0.026189368218183517,0.026189368218183517,0.002304574241861701,0.0022469230461865664,8.967016765382141e-05,10.0,1.0,10.0
1429.0,0.02618763968348503,0.02618763968348503,0.0023045397829264402,0.002246052958071232,8.961888670455664e-05,10.0,1.0,10.0
1430.0,0.026185903698205948,0.026185903698205948,0.0023044967092573643,0.0022452124394476414,8.957249519880861e-05,10.0,1.0,10.0
1431.0,0.026184123009443283,0.026184123009443283,0.002304459223523736,0.0022443472407758236,8.951840572990477e-05,10.0,1.0,10.0
1432.0,0.026182428002357483,0.026182428002357483,0.0023044166155159473,0.00224351161159575,8.94750701263547e-05,10.0,1.0,10.0
1433.0,0.026180719956755638,0.026180719956755638,0.0023043917026370764,0.0022426284849643707,8.941745909396559e-05,10.0,1.0,10.0
1434.0,0.026178954169154167,0.026178954169154167,0.0023043390829116106,0.002241801004856825,8.937619713833556e-05,10.0,1.0,10.0
1435.0,0.02617724798619747,0.02617724798619747,0.002304316032677889,0.0022409241646528244,8.931651245802641e-05,10.0,1.0,10.0
1436.0,0.02617555670440197,0.02617555670440197,0.0023042636457830667,0.0022401167079806328,8.928043826017529e-05,10.0,1.0,10.0
1437.0,0.02617385983467102,0.02617385983467102,0.002304245252162218,0.002239236840978265,8.921710832510144e-05,10.0,1.0,10.0
1438.0,0.026172155514359474,0.026172155514359474,0.0023041884414851665,0.0022384347394108772,8.918361709220335e-05,10.0,1.0,10.0
1439.0,0.02617042511701584,0.02617042511701584,0.002304170513525605,0.0022375488188117743,8.911717304727063e-05,10.0,1.0,10.0
1440.0,0.02616870030760765,0.02616870030760765,0.0023041064850986004,0.002236756728962064,8.908767631510273e-05,10.0,1.0,10.0
1441.0,0.02616702765226364,0.02616702765226364,0.0023041018284857273,0.0022358596324920654,8.901515684556216e-05,10.0,1.0,10.0
1442.0,0.02616531401872635,0.02616531401872635,0.0023040256928652525,0.0022350973449647427,8.89957882463932e-05,10.0,1.0,10.0
1443.0,0.026163659989833832,0.026163659989833832,0.0023040371015667915,0.002234182320535183,8.891080506145954e-05,10.0,1.0,10.0
1444.0,0.026161987334489822,0.026161987334489822,0.0023039437364786863,0.002233457285910845,8.890923345461488e-05,10.0,1.0,10.0
1445.0,0.026160255074501038,0.026160255074501038,0.0023039719089865685,0.002232500584796071,8.880340465111658e-05,10.0,1.0,10.0
1446.0,0.026158573105931282,0.026158573105931282,0.0023038480430841446,0.0022318295668810606,8.882637484930456e-05,10.0,1.0,10.0
1447.0,0.026156902313232422,0.026156902313232422,0.002303921617567539,0.0022308018524199724,8.86883499333635e-05,10.0,1.0,10.0
1448.0,0.026155266910791397,0.026155266910791397,0.0023037507198750973,0.002230226993560791,8.875327330315486e-05,10.0,1.0,10.0
1449.0,0.026153599843382835,0.026153599843382835,0.0023038864601403475,0.002229096135124564,8.856386557454243e-05,10.0,1.0,10.0
1450.0,0.02615191601216793,0.02615191601216793,0.002303627086803317,0.002228675875812769,8.86968700797297e-05,10.0,1.0,10.0
1451.0,0.026150252670049667,0.026150252670049667,0.0023038694635033607,0.0022273606155067682,8.841982344165444e-05,10.0,1.0,10.0
1452.0,0.02614860236644745,0.02614860236644745,0.0023034766782075167,0.002227179706096649,8.866564894560724e-05,10.0,1.0,10.0
1453.0,0.02614700235426426,0.02614700235426426,0.002303904853761196,0.0022255403455346823,8.824130782159045e-05,10.0,1.0,10.0
1454.0,0.02614537999033928,0.02614537999033928,0.002303276676684618,0.0022257878445088863,8.868255827110261e-05,10.0,1.0,10.0
1455.0,0.02614380232989788,0.02614380232989788,0.0023040170781314373,0.0022236087825149298,8.800216164672747e-05,10.0,1.0,10.0
1456.0,0.02614220604300499,0.02614220604300499,0.002302971202880144,0.002224612282589078,8.878825610736385e-05,10.0,1.0,10.0
1457.0,0.02614072524011135,0.02614072524011135,0.002304268069565296,0.002221467439085245,8.765768870944157e-05,10.0,1.0,10.0
1458.0,0.02613932453095913,0.02613932453095913,0.0023025001864880323,0.002223786199465394,8.905371214495972e-05,10.0,1.0,10.0
1459.0,0.026138121262192726,0.026138121262192726,0.0023047972936183214,0.0022189205046743155,8.712287672096863e-05,10.0,1.0,10.0
1460.0,0.026137208566069603,0.026137208566069603,0.002301727421581745,0.0022236506920307875,8.962848369264975e-05,10.0,1.0,10.0
1461.0,0.026136964559555054,0.026136964559555054,0.0023058694787323475,0.002215714193880558,8.625579357612878e-05,10.0,1.0,10.0
1462.0,0.026137858629226685,0.026137858629226685,0.0023004570975899696,0.0022249738685786724,9.08313668332994e-05,10.0,1.0,10.0
1463.0,0.026140855625271797,0.026140855625271797,0.0023080985993146896,0.0022114973980933428,8.483709098072723e-05,10.0,1.0,10.0
1464.0,0.02614782191812992,0.02614782191812992,0.0022984473034739494,0.0022295096423476934,9.338398376712576e-05,10.0,1.0,10.0
1465.0,0.026162369176745415,0.026162369176745415,0.0023129808250814676,0.002206173026934266,8.263883501058444e-05,10.0,1.0,10.0
1466.0,0.02619139477610588,0.02619139477610588,0.002295836340636015,0.00224194023758173,9.910916560329497e-05,10.0,1.0,10.0
1467.0,0.02624831721186638,0.02624831721186638,0.002324650064110756,0.0022019583266228437,7.998586806934327e-05,10.0,1.0,10.0
1468.0,0.026359550654888153,0.026359550654888153,0.0022951443679630756,0.0022763304878026247,0.00011317776079522446,10.0,1.0,10.0
1469.0,0.026576725766062737,0.026576725766062737,0.0023558828979730606,0.0022125060204416513,8.053918281802908e-05,10.0,1.0,10.0
1470.0,0.027002884075045586,0.027002884075045586,0.0023103789426386356,0.002379228360950947,0.00015198673645500094,10.0,1.0,10.0
1471.0,0.02783994749188423,0.02783994749188423,0.0024501881562173367,0.002301827073097229,0.00010362388275098056,10.0,1.0,10.0
1472.0,0.029491066932678223,0.029491066932678223,0.002405283972620964,0.0027165475767105818,0.00027216807939112186,10.0,1.0,10.0
1473.0,0.032719552516937256,0.032719552516937256,0.0027633272111415863,0.0027408276218920946,0.00023454517940990627,10.0,1.0,10.0
1474.0,0.038974471390247345,0.038974471390247345,0.002837968058884144,0.0038799731992185116,0.0006714816554449499,10.0,1.0,10.0
1475.0,0.05053258687257767,0.05053258687257767,0.003812935668975115,0.004515731241554022,0.0007887502433732152,10.0,1.0,10.0
1476.0,0.07042188942432404,0.07042188942432404,0.0043936073780059814,0.007533862255513668,0.0018951956881210208,10.0,1.0,10.0
1477.0,0.09834370017051697,0.09834370017051697,0.00651909876614809,0.00950237363576889,0.0023650338407605886,10.0,1.0,10.0
1478.0,0.12459386140108109,0.12459386140108109,0.007194747216999531,0.013705906458199024,0.0038940482772886753,10.0,1.0,10.0
1479.0,0.12208019196987152,0.12208019196987152,0.007876084186136723,0.01200835406780243,0.003131099510937929,10.0,1.0,10.0
1480.0,0.08030683547258377,0.08030683547258377,0.004987567197531462,0.008784687146544456,0.002164647914469242,10.0,1.0,10.0
1481.0,0.03552776202559471,0.03552776202559471,0.002860509790480137,0.0031043177004903555,0.00038183468859642744,10.0,1.0,10.0
1482.0,0.035669535398483276,0.035669535398483276,0.0028361070435494184,0.002794990548864007,0.00045134726678952575,10.0,1.0,10.0
1483.0,0.06552483886480331,0.06552483886480331,0.004002460278570652,0.0069664702750742435,0.0018533766269683838,10.0,1.0,10.0
1484.0,0.07010534405708313,0.07010534405708313,0.004867550451308489,0.006249092519283295,0.001518074655905366,10.0,1.0,10.0
1485.0,0.041420113295316696,0.041420113295316696,0.0029791404958814383,0.004241513088345528,0.0007387195946648717,10.0,1.0,10.0
1486.0,0.02830323949456215,0.02830323949456215,0.002317583654075861,0.0025285338051617146,0.0002598870487418026,10.0,1.0,10.0
1487.0,0.046754416078329086,0.046754416078329086,0.0034623141400516033,0.0038147070445120335,0.0008316566236317158,10.0,1.0,10.0
1488.0,0.054204318672418594,0.054204318672418594,0.003447044873610139,0.00560100469738245,0.00141328654717654,10.0,1.0,10.0
1489.0,0.0349811390042305,0.0349811390042305,0.0028873721603304148,0.002837472129613161,0.0003269942826591432,10.0,1.0,10.0
1490.0,0.027366768568754196,0.027366768568754196,0.002406502142548561,0.0022038286551833153,0.00010979171929648146,10.0,1.0,10.0
1491.0,0.04136009141802788,0.04136009141802788,0.0028370190411806107,0.004076704382896423,0.0008913196506910026,10.0,1.0,10.0
1492.0,0.04294930025935173,0.04294930025935173,0.003280307399109006,0.003555760020390153,0.0006590467528440058,10.0,1.0,10.0
1493.0,0.02900286763906479,0.02900286763906479,0.002371201291680336,0.002634649630635977,0.0002656203869264573,10.0,1.0,10.0
1494.0,0.028792105615139008,0.028792105615139008,0.002373198978602886,0.002606745343655348,0.0002453370834700763,10.0,1.0,10.0
1495.0,0.03828752785921097,0.03828752785921097,0.0030325669795274734,0.00313111231662333,0.00048307431279681623,10.0,1.0,10.0
1496.0,0.034246839582920074,0.034246839582920074,0.0025700214318931103,0.003259391989558935,0.0005287231761030853,10.0,1.0,10.0
1497.0,0.02644813060760498,0.02644813060760498,0.002337711164727807,0.0021914506796747446,8.795683243079111e-05,10.0,1.0,10.0
1498.0,0.030985333025455475,0.030985333025455475,0.002640495775267482,0.002525337040424347,0.00020550377666950226,10.0,1.0,10.0
1499.0,0.03446173295378685,0.03446173295378685,0.002596718491986394,0.003327983897179365,0.0005166563205420971,10.0,1.0,10.0
1500.0,0.0284517053514719,0.0284517053514719,0.0024737361818552017,0.0023040003143250942,0.0001410342229064554,10.0,1.0,10.0
