epoch,loss_total,objective_total,loss_data,loss_physics,loss_boundary,weight_data,weight_physics,weight_boundary
1.0,6.54994010925293,6.54994010925293,0.28021934628486633,0.5077333450317383,0.32400134205818176,10.0,1.0,10.0
2.0,5.7833251953125,5.7833251953125,0.24284905195236206,0.5075914263725281,0.28472429513931274,10.0,1.0,10.0
3.0,5.169151306152344,5.169151306152344,0.21130406856536865,0.5058459043502808,0.2550264894962311,10.0,1.0,10.0
4.0,4.685800552368164,4.685800552368164,0.1845247447490692,0.5022057890892029,0.23383469879627228,10.0,1.0,10.0
5.0,4.316590309143066,4.316590309143066,0.16168563067913055,0.4970035254955292,0.22027306258678436,10.0,1.0,10.0
6.0,4.051507949829102,4.051507949829102,0.14233559370040894,0.49081331491470337,0.21373386681079865,10.0,1.0,10.0
7.0,3.8855278491973877,3.8855278491973877,0.12637805938720703,0.48433035612106323,0.21374168992042542,10.0,1.0,10.0
8.0,3.8133974075317383,3.8133974075317383,0.11392826586961746,0.4782612919807434,0.2195853441953659,10.0,1.0,10.0
9.0,3.8217453956604004,3.8217453956604004,0.10507294535636902,0.473151832818985,0.22978642582893372,10.0,1.0,10.0
10.0,3.88272762298584,3.88272762298584,0.0995662659406662,0.4692237973213196,0.24178412556648254,10.0,1.0,10.0
11.0,3.957495927810669,3.957495927810669,0.0966738685965538,0.4663417339324951,0.25244155526161194,10.0,1.0,10.0
12.0,4.0104875564575195,4.0104875564575195,0.09539738297462463,0.4641474485397339,0.2592366337776184,10.0,1.0,10.0
13.0,4.02332067489624,4.02332067489624,0.09494414180517197,0.46231895685195923,0.26115602254867554,10.0,1.0,10.0
14.0,3.9969825744628906,3.9969825744628906,0.09498091787099838,0.460787296295166,0.2586386203765869,10.0,1.0,10.0
15.0,3.944528102874756,3.944528102874756,0.09554452449083328,0.4597022831439972,0.25293806195259094,10.0,1.0,10.0
16.0,3.88248872756958,3.88248872756958,0.09681374579668045,0.4592578113079071,0.2455093413591385,10.0,1.0,10.0
17.0,3.824972629547119,3.824972629547119,0.09891416877508163,0.45955002307891846,0.23762810230255127,10.0,1.0,10.0
18.0,3.7809460163116455,3.7809460163116455,0.10182040184736252,0.4605264365673065,0.23022156953811646,10.0,1.0,10.0
19.0,3.753965139389038,3.753965139389038,0.10535189509391785,0.4620077311992645,0.22384384274482727,10.0,1.0,10.0
20.0,3.7432875633239746,3.7432875633239746,0.1092226430773735,0.4637454152107239,0.2187315672636032,10.0,1.0,10.0
21.0,3.7453243732452393,3.7453243732452393,0.11309769749641418,0.46548226475715637,0.21488651633262634,10.0,1.0,10.0
22.0,3.7549309730529785,3.7549309730529785,0.11663702875375748,0.466998815536499,0.21215620636940002,10.0,1.0,10.0
23.0,3.7665958404541016,3.7665958404541016,0.11953774839639664,0.4681394696235657,0.21030789613723755,10.0,1.0,10.0
24.0,3.7756118774414062,3.7756118774414062,0.12158103287220001,0.4688188135623932,0.20909826457500458,10.0,1.0,10.0
25.0,3.778909921646118,3.778909921646118,0.12266235053539276,0.4690132737159729,0.2083273082971573,10.0,1.0,10.0
26.0,3.775250196456909,3.775250196456909,0.12278708070516586,0.46874555945396423,0.20786339044570923,10.0,1.0,10.0
27.0,3.7649197578430176,3.7649197578430176,0.12204288691282272,0.46807006001472473,0.2076420783996582,10.0,1.0,10.0
28.0,3.7493197917938232,3.7493197917938232,0.12057103216648102,0.4670625925064087,0.2076546847820282,10.0,1.0,10.0
29.0,3.730597734451294,3.730597734451294,0.11854474991559982,0.46581295132637024,0.20793373882770538,10.0,1.0,10.0
30.0,3.711242198944092,3.711242198944092,0.11615025997161865,0.4644191265106201,0.20853205025196075,10.0,1.0,10.0
31.0,3.693589687347412,3.693589687347412,0.11356769502162933,0.46298131346702576,0.20949313044548035,10.0,1.0,10.0
32.0,3.6793456077575684,3.6793456077575684,0.11095654219388962,0.4615945816040039,0.2108185589313507,10.0,1.0,10.0
33.0,3.66930890083313,3.66930890083313,0.10845249146223068,0.4603395462036133,0.2124444544315338,10.0,1.0,10.0
34.0,3.663331985473633,3.663331985473633,0.10617253184318542,0.45927131175994873,0.21423353254795074,10.0,1.0,10.0
35.0,3.6604278087615967,3.6604278087615967,0.10421706736087799,0.4584110379219055,0.21598461270332336,10.0,1.0,10.0
36.0,3.658984899520874,3.658984899520874,0.10266316682100296,0.4577445387840271,0.21746087074279785,10.0,1.0,10.0
37.0,3.657151699066162,3.657151699066162,0.10155530273914337,0.4572324752807617,0.2184366136789322,10.0,1.0,10.0
38.0,3.6533713340759277,3.6533713340759277,0.10090305656194687,0.45682838559150696,0.2187512367963791,10.0,1.0,10.0
39.0,3.6468112468719482,3.6468112468719482,0.10068583488464355,0.4564960300922394,0.21834568679332733,10.0,1.0,10.0
40.0,3.637476921081543,3.637476921081543,0.10086038708686829,0.4562164545059204,0.21726566553115845,10.0,1.0,10.0
41.0,3.62605881690979,3.62605881690979,0.10137072950601578,0.4559837579727173,0.21563678979873657,10.0,1.0,10.0
42.0,3.61366868019104,3.61366868019104,0.10215884447097778,0.45579537749290466,0.21362847089767456,10.0,1.0,10.0
43.0,3.6015119552612305,3.6015119552612305,0.10316786915063858,0.45564332604408264,0.2114189863204956,10.0,1.0,10.0
44.0,3.5905256271362305,3.5905256271362305,0.1043335497379303,0.45551037788391113,0.2091679871082306,10.0,1.0,10.0
45.0,3.5811192989349365,3.5811192989349365,0.10557186603546143,0.45537063479423523,0.20700299739837646,10.0,1.0,10.0
46.0,3.5731308460235596,3.5731308460235596,0.10677509009838104,0.45519256591796875,0.20501872897148132,10.0,1.0,10.0
47.0,3.565971851348877,3.565971851348877,0.107820063829422,0.4549429416656494,0.20328283309936523,10.0,1.0,10.0
48.0,3.558821439743042,3.558821439743042,0.10858471691608429,0.4545910656452179,0.20183832943439484,10.0,1.0,10.0
49.0,3.5508508682250977,3.5508508682250977,0.10897015035152435,0.4541128873825073,0.20070365071296692,10.0,1.0,10.0
50.0,3.541478157043457,3.541478157043457,0.10892313718795776,0.4534958600997925,0.1998750865459442,10.0,1.0,10.0
51.0,3.5305399894714355,3.5305399894714355,0.10844787210226059,0.4527420699596405,0.19933190941810608,10.0,1.0,10.0
52.0,3.518275737762451,3.518275737762451,0.10760020464658737,0.45186910033226013,0.1990404725074768,10.0,1.0,10.0
53.0,3.505188226699829,3.505188226699829,0.10647076368331909,0.4509076178073883,0.19895729422569275,10.0,1.0,10.0
54.0,3.4918575286865234,3.4918575286865234,0.10516716539859772,0.44989636540412903,0.19902895390987396,10.0,1.0,10.0
55.0,3.478728771209717,3.478728771209717,0.10379917174577713,0.448874294757843,0.1991862654685974,10.0,1.0,10.0
56.0,3.4659152030944824,3.4659152030944824,0.10246933996677399,0.4478722810745239,0.19933494925498962,10.0,1.0,10.0
57.0,3.453165054321289,3.453165054321289,0.10127105563879013,0.44690802693367004,0.19935466349124908,10.0,1.0,10.0
58.0,3.4399895668029785,3.4399895668029785,0.1002873107790947,0.4459838569164276,0.19911324977874756,10.0,1.0,10.0
59.0,3.4258642196655273,3.4258642196655273,0.09958206117153168,0.44509071111679077,0.1984952986240387,10.0,1.0,10.0
60.0,3.4104413986206055,3.4104413986206055,0.09918650984764099,0.44421353936195374,0.19743625819683075,10.0,1.0,10.0
61.0,3.3936984539031982,3.3936984539031982,0.09909003227949142,0.4433366060256958,0.19594614207744598,10.0,1.0,10.0
62.0,3.3759143352508545,3.3759143352508545,0.09923949837684631,0.44244539737701416,0.19410738348960876,10.0,1.0,10.0
63.0,3.3574776649475098,3.3574776649475098,0.09954803436994553,0.44152313470840454,0.19204741716384888,10.0,1.0,10.0
64.0,3.3386669158935547,3.3386669158935547,0.0999089777469635,0.44054728746414185,0.18990299105644226,10.0,1.0,10.0
65.0,3.31947660446167,3.31947660446167,0.10020576417446136,0.43948712944984436,0.18779319524765015,10.0,1.0,10.0
66.0,3.2995686531066895,3.2995686531066895,0.1003165990114212,0.43830740451812744,0.18580952286720276,10.0,1.0,10.0
67.0,3.2784335613250732,3.2784335613250732,0.10012661665678024,0.4369741678237915,0.1840193271636963,10.0,1.0,10.0
68.0,3.2556490898132324,3.2556490898132324,0.0995531678199768,0.4354628920555115,0.18246544897556305,10.0,1.0,10.0
69.0,3.231070041656494,3.231070041656494,0.09857720136642456,0.43376287817955017,0.18115350604057312,10.0,1.0,10.0
70.0,3.2048592567443848,3.2048592567443848,0.09726189821958542,0.4318773150444031,0.1800362765789032,10.0,1.0,10.0
71.0,3.177299976348877,3.177299976348877,0.09573858231306076,0.4298195540904999,0.17900945246219635,10.0,1.0,10.0
72.0,3.148512840270996,3.148512840270996,0.09416414052248001,0.42760592699050903,0.17792655527591705,10.0,1.0,10.0
73.0,3.118312358856201,3.118312358856201,0.09267754852771759,0.42524999380111694,0.1766286939382553,10.0,1.0,10.0
74.0,3.08627986907959,3.08627986907959,0.09137653559446335,0.42275992035865784,0.1749754399061203,10.0,1.0,10.0
75.0,3.052029848098755,3.052029848098755,0.09031379222869873,0.4201391339302063,0.1728752851486206,10.0,1.0,10.0
76.0,3.0154523849487305,3.0154523849487305,0.0894889235496521,0.41738608479499817,0.17031772434711456,10.0,1.0,10.0
77.0,2.976681709289551,2.976681709289551,0.0888269692659378,0.41448724269866943,0.16739249229431152,10.0,1.0,10.0
78.0,2.935837745666504,2.935837745666504,0.08817171305418015,0.41140371561050415,0.16427169740200043,10.0,1.0,10.0
79.0,2.8927383422851562,2.8927383422851562,0.08732146769762039,0.4080650210380554,0.161145880818367,10.0,1.0,10.0
80.0,2.846909523010254,2.846909523010254,0.0861005038022995,0.4043794274330139,0.1581525206565857,10.0,1.0,10.0
81.0,2.797898292541504,2.797898292541504,0.08442075550556183,0.40025967359542847,0.15534311532974243,10.0,1.0,10.0
82.0,2.745577335357666,2.745577335357666,0.08230464905500412,0.3956497311592102,0.15268811583518982,10.0,1.0,10.0
83.0,2.6900839805603027,2.6900839805603027,0.07987811416387558,0.3905397951602936,0.15007631480693817,10.0,1.0,10.0
84.0,2.631436824798584,2.631436824798584,0.07734040915966034,0.38496628403663635,0.1473066359758377,10.0,1.0,10.0
85.0,2.569324016571045,2.569324016571045,0.07489364594221115,0.3789983093738556,0.14413893222808838,10.0,1.0,10.0
86.0,2.5033514499664307,2.5033514499664307,0.0726432129740715,0.3727031946182251,0.14042159914970398,10.0,1.0,10.0
87.0,2.433427572250366,2.433427572250366,0.07054568082094193,0.3660983443260193,0.13618724048137665,10.0,1.0,10.0
88.0,2.3597071170806885,2.3597071170806885,0.06843958795070648,0.359108030796051,0.13162031769752502,10.0,1.0,10.0
89.0,2.2821474075317383,2.2821474075317383,0.06610095500946045,0.35154804587364197,0.12695899605751038,10.0,1.0,10.0
90.0,2.200392723083496,2.200392723083496,0.0633162185549736,0.3431667685508728,0.12240636348724365,10.0,1.0,10.0
91.0,2.1142501831054688,2.1142501831054688,0.060017265379428864,0.33377546072006226,0.11803022027015686,10.0,1.0,10.0
92.0,2.023988723754883,2.023988723754883,0.056365661323070526,0.3234021067619324,0.11369301378726959,10.0,1.0,10.0
93.0,1.9299063682556152,1.9299063682556152,0.05264003574848175,0.312305212020874,0.10912007838487625,10.0,1.0,10.0
94.0,1.8320114612579346,1.8320114612579346,0.049052875488996506,0.3008216917514801,0.10406609624624252,10.0,1.0,10.0
95.0,1.7304719686508179,1.7304719686508179,0.045663923025131226,0.28916847705841064,0.0984664261341095,10.0,1.0,10.0
96.0,1.6258854866027832,1.6258854866027832,0.0423322394490242,0.27721983194351196,0.09253433346748352,10.0,1.0,10.0
97.0,1.5187413692474365,1.5187413692474365,0.03879302367568016,0.264483243227005,0.08663279563188553,10.0,1.0,10.0
98.0,1.4093526601791382,1.4093526601791382,0.034914422780275345,0.2505301237106323,0.08096782863140106,10.0,1.0,10.0
99.0,1.2985591888427734,1.2985591888427734,0.03081628680229187,0.23543262481689453,0.0754963681101799,10.0,1.0,10.0
100.0,1.1875152587890625,1.1875152587890625,0.0268118716776371,0.2199389785528183,0.06994576752185822,10.0,1.0,10.0
101.0,1.0771167278289795,1.0771167278289795,0.023161176592111588,0.20503178238868713,0.06404731422662735,10.0,1.0,10.0
102.0,0.9685806035995483,0.9685806035995483,0.01985146477818489,0.19099751114845276,0.057906847447156906,10.0,1.0,10.0
103.0,0.8634285926818848,0.8634285926818848,0.01672065630555153,0.177389457821846,0.051883257925510406,10.0,1.0,10.0
104.0,0.762893795967102,0.762893795967102,0.013606796972453594,0.16334784030914307,0.04634779319167137,10.0,1.0,10.0
105.0,0.6688005328178406,0.6688005328178406,0.010724131017923355,0.14973598718643188,0.041182324290275574,10.0,1.0,10.0
106.0,0.5844141840934753,0.5844141840934753,0.008361472748219967,0.13735978305339813,0.03634396940469742,10.0,1.0,10.0
107.0,0.5163111686706543,0.5163111686706543,0.006957455538213253,0.12955379486083984,0.03171827644109726,10.0,1.0,10.0
108.0,0.4607810974121094,0.4607810974121094,0.006200189236551523,0.1229693666100502,0.0275809857994318,10.0,1.0,10.0
109.0,0.39182138442993164,0.39182138442993164,0.004162624012678862,0.116811603307724,0.023338355123996735,10.0,1.0,10.0
110.0,0.3507730960845947,0.3507730960845947,0.003628430888056755,0.11477137356996536,0.019971739500761032,10.0,1.0,10.0
111.0,0.3321150243282318,0.3321150243282318,0.004349056165665388,0.11784660071134567,0.01707778498530388,10.0,1.0,10.0
112.0,0.30026015639305115,0.30026015639305115,0.0036189197562634945,0.11852522939443588,0.014554571360349655,10.0,1.0,10.0
113.0,0.29782384634017944,0.29782384634017944,0.004384596366435289,0.12390568852424622,0.013007218018174171,10.0,1.0,10.0
114.0,0.3021680414676666,0.3021680414676666,0.005678193178027868,0.13382400572299957,0.01115621067583561,10.0,1.0,10.0
115.0,0.2977498471736908,0.2977498471736908,0.005796215962618589,0.13894906640052795,0.010083861649036407,10.0,1.0,10.0
116.0,0.3158223032951355,0.3158223032951355,0.006967489141970873,0.1466648280620575,0.009948259219527245,10.0,1.0,10.0
117.0,0.32497620582580566,0.32497620582580566,0.0080611202865839,0.15680840611457825,0.008755659684538841,10.0,1.0,10.0
118.0,0.3279154598712921,0.3279154598712921,0.008274154737591743,0.16005365550518036,0.008512025699019432,10.0,1.0,10.0
119.0,0.3412962555885315,0.3412962555885315,0.008872170932590961,0.16220137476921082,0.009037315845489502,10.0,1.0,10.0
120.0,0.338131844997406,0.338131844997406,0.009150798432528973,0.16534242033958435,0.008128142915666103,10.0,1.0,10.0
121.0,0.3325926959514618,0.3325926959514618,0.00893228780478239,0.16253143548965454,0.008073839358985424,10.0,1.0,10.0
122.0,0.32916760444641113,0.32916760444641113,0.00860736146569252,0.15646246075630188,0.00866315420717001,10.0,1.0,10.0
123.0,0.3116214871406555,0.3116214871406555,0.008084217086434364,0.15121427178382874,0.007956506684422493,10.0,1.0,10.0
124.0,0.29810547828674316,0.29810547828674316,0.007556085474789143,0.14373022317886353,0.00788144115358591,10.0,1.0,10.0
125.0,0.2828788459300995,0.2828788459300995,0.006598496809601784,0.1333526074886322,0.008354127407073975,10.0,1.0,10.0
126.0,0.2622801661491394,0.2622801661491394,0.005785571876913309,0.12432441860437393,0.00801000464707613,10.0,1.0,10.0
127.0,0.24931195378303528,0.24931195378303528,0.005339095834642649,0.11605798453092575,0.007986301556229591,10.0,1.0,10.0
128.0,0.2332230806350708,0.2332230806350708,0.004303428810089827,0.10645858198404312,0.008373020216822624,10.0,1.0,10.0
129.0,0.22031719982624054,0.22031719982624054,0.0036854948848485947,0.09863510727882385,0.008482714183628559,10.0,1.0,10.0
130.0,0.21222689747810364,0.21222689747810364,0.0034666755236685276,0.09209661930799484,0.00854635238647461,10.0,1.0,10.0
131.0,0.20232412219047546,0.20232412219047546,0.0027837147936224937,0.08557718247175217,0.008890978991985321,10.0,1.0,10.0
132.0,0.1983274668455124,0.1983274668455124,0.0024836936499923468,0.08065862208604813,0.009283190593123436,10.0,1.0,10.0
133.0,0.1938866227865219,0.1938866227865219,0.0024057866539806128,0.07630081474781036,0.009352793917059898,10.0,1.0,10.0
134.0,0.19053404033184052,0.19053404033184052,0.002180362120270729,0.07261312007904053,0.009611730463802814,10.0,1.0,10.0
135.0,0.1897403597831726,0.1897403597831726,0.002021554159000516,0.06984750926494598,0.009967731311917305,10.0,1.0,10.0
136.0,0.1866360902786255,0.1866360902786255,0.0019771417137235403,0.06708704680204391,0.009977761656045914,10.0,1.0,10.0
137.0,0.18561972677707672,0.18561972677707672,0.002012917771935463,0.06501782685518265,0.010047271847724915,10.0,1.0,10.0
138.0,0.18323786556720734,0.18323786556720734,0.0018517202697694302,0.06341899931430817,0.010130166076123714,10.0,1.0,10.0
139.0,0.179983988404274,0.179983988404274,0.0017963452264666557,0.06175709888339043,0.01002634409815073,10.0,1.0,10.0
140.0,0.1775076687335968,0.1775076687335968,0.0018455121899023652,0.060402173548936844,0.009865036234259605,10.0,1.0,10.0
141.0,0.1729164868593216,0.1729164868593216,0.0016775827389210463,0.059444911777973175,0.009669574908912182,10.0,1.0,10.0
142.0,0.16892501711845398,0.16892501711845398,0.0016127920243889093,0.05866459384560585,0.009413251653313637,10.0,1.0,10.0
143.0,0.16455702483654022,0.16455702483654022,0.001608302816748619,0.05791463330388069,0.009055936709046364,10.0,1.0,10.0
144.0,0.15922921895980835,0.15922921895980835,0.0014729957329109311,0.057449180632829666,0.008705008774995804,10.0,1.0,10.0
145.0,0.1549372375011444,0.1549372375011444,0.001412893645465374,0.05726519599556923,0.0083543099462986,10.0,1.0,10.0
146.0,0.15013441443443298,0.15013441443443298,0.0014023181283846498,0.05710792541503906,0.007900330238044262,10.0,1.0,10.0
147.0,0.14529144763946533,0.14529144763946533,0.001322976895608008,0.05701923742890358,0.007504243403673172,10.0,1.0,10.0
148.0,0.14139431715011597,0.14139431715011597,0.001284842612221837,0.05701509118080139,0.007153079379349947,10.0,1.0,10.0
149.0,0.1371622532606125,0.1371622532606125,0.0012988632079213858,0.05699586123228073,0.006717775482684374,10.0,1.0,10.0
150.0,0.13303430378437042,0.13303430378437042,0.0012553513515740633,0.056821804493665695,0.006365898530930281,10.0,1.0,10.0
151.0,0.12962618470191956,0.12962618470191956,0.00123576947953552,0.056521303951740265,0.006074718199670315,10.0,1.0,10.0
152.0,0.12603479623794556,0.12603479623794556,0.0012704434338957071,0.05607909709215164,0.005725125782191753,10.0,1.0,10.0
153.0,0.1223142147064209,0.1223142147064209,0.0012203996302559972,0.05533060431480408,0.005477961152791977,10.0,1.0,10.0
154.0,0.11908316612243652,0.11908316612243652,0.0012026578187942505,0.054436177015304565,0.005262041464447975,10.0,1.0,10.0
155.0,0.11596264690160751,0.11596264690160751,0.0012414893135428429,0.053365886211395264,0.005018186755478382,10.0,1.0,10.0
156.0,0.11262007057666779,0.11262007057666779,0.0011680822353810072,0.05204036086797714,0.004889889154583216,10.0,1.0,10.0
157.0,0.10945385694503784,0.10945385694503784,0.0011587863555178046,0.05062732473015785,0.004723867401480675,10.0,1.0,10.0
158.0,0.10666093230247498,0.10666093230247498,0.0011724366340786219,0.04913703724741936,0.004579953383654356,10.0,1.0,10.0
159.0,0.10394322872161865,0.10394322872161865,0.001102598849684,0.0476159006357193,0.004530133679509163,10.0,1.0,10.0
160.0,0.10115117579698563,0.10115117579698563,0.001128836302086711,0.04600394144654274,0.0043858871795237064,10.0,1.0,10.0
161.0,0.09846824407577515,0.09846824407577515,0.0010773474350571632,0.04448593035340309,0.004320884123444557,10.0,1.0,10.0
162.0,0.0960143655538559,0.0960143655538559,0.00104757328517735,0.04301610589027405,0.004252252634614706,10.0,1.0,10.0
163.0,0.09366659075021744,0.09366659075021744,0.0010740980505943298,0.04153180494904518,0.004139380529522896,10.0,1.0,10.0
164.0,0.0912630632519722,0.0912630632519722,0.000992258545011282,0.04026288539171219,0.0041077593341469765,10.0,1.0,10.0
165.0,0.0887821614742279,0.0887821614742279,0.0010146412532776594,0.03890664502978325,0.0039729103446006775,10.0,1.0,10.0
166.0,0.08631478250026703,0.08631478250026703,0.0009467301424592733,0.0377688929438591,0.003907858394086361,10.0,1.0,10.0
167.0,0.08394159376621246,0.08394159376621246,0.0009180473280139267,0.036671146750450134,0.003808997105807066,10.0,1.0,10.0
168.0,0.08168510347604752,0.08168510347604752,0.00090419763000682,0.03566805273294449,0.0036975073162466288,10.0,1.0,10.0
169.0,0.07953464984893799,0.07953464984893799,0.0008341248612850904,0.034871555864810944,0.00363218504935503,10.0,1.0,10.0
170.0,0.0774807408452034,0.0774807408452034,0.0008490914478898048,0.0340140238404274,0.0034975805319845676,10.0,1.0,10.0
171.0,0.07552985846996307,0.07552985846996307,0.0007627307204529643,0.03343039005994797,0.003447216469794512,10.0,1.0,10.0
172.0,0.07368979603052139,0.07368979603052139,0.0007872232235968113,0.0327315479516983,0.003308601677417755,10.0,1.0,10.0
173.0,0.07196447253227234,0.07196447253227234,0.0007051723659969866,0.03226293623447418,0.0032649815548211336,10.0,1.0,10.0
174.0,0.07034705579280853,0.07034705579280853,0.0007364405901171267,0.03164338693022728,0.0031339256092906,10.0,1.0,10.0
175.0,0.06883268058300018,0.06883268058300018,0.0006608517142012715,0.03120957314968109,0.0031014594715088606,10.0,1.0,10.0
176.0,0.06743361055850983,0.06743361055850983,0.0007163385744206607,0.030584119260311127,0.0029686104971915483,10.0,1.0,10.0
177.0,0.0662173181772232,0.0662173181772232,0.0006349915638566017,0.030145658180117607,0.002972174435853958,10.0,1.0,10.0
178.0,0.06537969410419464,0.06537969410419464,0.0007665349403396249,0.029469361528754234,0.0028244988061487675,10.0,1.0,10.0
179.0,0.06541379541158676,0.06541379541158676,0.0006859676213935018,0.029173579066991806,0.002938054036349058,10.0,1.0,10.0
180.0,0.06740197539329529,0.06740197539329529,0.0010871386621147394,0.028615012764930725,0.0027915576938539743,10.0,1.0,10.0
181.0,0.07300411909818649,0.07300411909818649,0.0011357555631548166,0.029061809182167053,0.0032584755681455135,10.0,1.0,10.0
182.0,0.08161049336194992,0.08161049336194992,0.0021207770332694054,0.028966132551431656,0.0031436593271791935,10.0,1.0,10.0
183.0,0.08344541490077972,0.08344541490077972,0.00175794109236449,0.029322214424610138,0.0036543793976306915,10.0,1.0,10.0
184.0,0.068579763174057,0.068579763174057,0.0014711564872413874,0.026815278455615044,0.0027052920777350664,10.0,1.0,10.0
185.0,0.05500326305627823,0.05500326305627823,0.0005768394330516458,0.02528426982462406,0.002395060146227479,10.0,1.0,10.0
186.0,0.060950763523578644,0.060950763523578644,0.0008297273307107389,0.02571648545563221,0.002693700371310115,10.0,1.0,10.0
187.0,0.06904818117618561,0.06904818117618561,0.001683124341070652,0.02581552416086197,0.0026401416398584843,10.0,1.0,10.0
188.0,0.060365937650203705,0.060365937650203705,0.0008783218218013644,0.025115272030234337,0.0026467444840818644,10.0,1.0,10.0
189.0,0.0509372353553772,0.0509372353553772,0.0005712087731808424,0.023683562874794006,0.002154158428311348,10.0,1.0,10.0
190.0,0.05648583918809891,0.05648583918809891,0.0010466192616149783,0.023876283317804337,0.0022143363021314144,10.0,1.0,10.0
191.0,0.06004754453897476,0.06004754453897476,0.000957616837695241,0.024468638002872467,0.0026002738159149885,10.0,1.0,10.0
192.0,0.05163620412349701,0.05163620412349701,0.0008149152854457498,0.023039164021611214,0.002044788794592023,10.0,1.0,10.0
193.0,0.04808064550161362,0.04808064550161362,0.000594555283896625,0.02255922369658947,0.0019575869664549828,10.0,1.0,10.0
194.0,0.053341448307037354,0.053341448307037354,0.0007339815492741764,0.023183297365903854,0.0022818336728960276,10.0,1.0,10.0
195.0,0.05229322239756584,0.05229322239756584,0.0009793911594897509,0.022515011951327324,0.0019984301179647446,10.0,1.0,10.0
196.0,0.045817840844392776,0.045817840844392776,0.0004817448789253831,0.0218827947974205,0.0019117598421871662,10.0,1.0,10.0
197.0,0.046218786388635635,0.046218786388635635,0.0005044163553975523,0.021762656047940254,0.001941196620464325,10.0,1.0,10.0
198.0,0.04929345101118088,0.04929345101118088,0.0008891351753845811,0.02158847451210022,0.0018813625210896134,10.0,1.0,10.0
199.0,0.04613513499498367,0.04613513499498367,0.0005367225967347622,0.02134687453508377,0.0019421034958213568,10.0,1.0,10.0
200.0,0.042409900575876236,0.042409900575876236,0.00045306890388019383,0.020561233162879944,0.001731797936372459,10.0,1.0,10.0
201.0,0.044008612632751465,0.044008612632751465,0.0006377525860443711,0.020360145717859268,0.0017270940588787198,10.0,1.0,10.0
202.0,0.04502280801534653,0.04502280801534653,0.0005510235787369311,0.020495383068919182,0.001901719020679593,10.0,1.0,10.0
203.0,0.04187805950641632,0.04187805950641632,0.0005591085646301508,0.019635211676359177,0.001665176241658628,10.0,1.0,10.0
204.0,0.03994876146316528,0.03994876146316528,0.0004364430205896497,0.01923968456685543,0.0016344647156074643,10.0,1.0,10.0
205.0,0.04129329323768616,0.04129329323768616,0.0004573775513563305,0.01926649734377861,0.0017453021137043834,10.0,1.0,10.0
206.0,0.04137371480464935,0.04137371480464935,0.0006285326089709997,0.01877703331410885,0.0016311355866491795,10.0,1.0,10.0
207.0,0.038937561213970184,0.038937561213970184,0.00040488646482117474,0.01848583295941353,0.0016402864130213857,10.0,1.0,10.0
208.0,0.03765968233346939,0.03765968233346939,0.0003881723096128553,0.018079234287142754,0.0015698722563683987,10.0,1.0,10.0
209.0,0.038446951657533646,0.038446951657533646,0.0005192788084968925,0.017842303961515427,0.0015411860076710582,10.0,1.0,10.0
210.0,0.038426756858825684,0.038426756858825684,0.00042784734978340566,0.017848433926701546,0.0016299851704388857,10.0,1.0,10.0
211.0,0.036711420863866806,0.036711420863866806,0.00045422211405821145,0.017319409176707268,0.0014849789440631866,10.0,1.0,10.0
212.0,0.03545929864048958,0.03545929864048958,0.00037297571543604136,0.017085963860154152,0.0014643577160313725,10.0,1.0,10.0
213.0,0.03566376492381096,0.03566376492381096,0.000367084052413702,0.017020994797348976,0.0014971931232139468,10.0,1.0,10.0
214.0,0.0358414463698864,0.0358414463698864,0.00048091556527651846,0.016759473830461502,0.0014272816479206085,10.0,1.0,10.0
215.0,0.034880027174949646,0.034880027174949646,0.00036070391070097685,0.01666863262653351,0.001460435800254345,10.0,1.0,10.0
216.0,0.03359931707382202,0.03359931707382202,0.0003635766915977001,0.016314325854182243,0.001364922383800149,10.0,1.0,10.0
217.0,0.03312114626169205,0.03312114626169205,0.0003559108590707183,0.016134586185216904,0.0013427452649921179,10.0,1.0,10.0
218.0,0.03324486315250397,0.03324486315250397,0.00033457682002335787,0.01609043776988983,0.0013808656949549913,10.0,1.0,10.0
219.0,0.03304487466812134,0.03304487466812134,0.0004132394096814096,0.015826264396309853,0.0013086217222735286,10.0,1.0,10.0
220.0,0.03221854940056801,0.03221854940056801,0.00031886110082268715,0.015700936317443848,0.0013329003704711795,10.0,1.0,10.0
221.0,0.03129200637340546,0.03129200637340546,0.0003283183032181114,0.015397021546959877,0.0012611800339072943,10.0,1.0,10.0
222.0,0.03079729527235031,0.03079729527235031,0.0003147187235299498,0.01520184613764286,0.0012448262423276901,10.0,1.0,10.0
223.0,0.030686644837260246,0.030686644837260246,0.0002968577027786523,0.0150807099416852,0.0012637358158826828,10.0,1.0,10.0
224.0,0.030545301735401154,0.030545301735401154,0.00035878908238373697,0.014831379055976868,0.0012126031797379255,10.0,1.0,10.0
225.0,0.030097095295786858,0.030097095295786858,0.0002939584956038743,0.014710898511111736,0.0012446611654013395,10.0,1.0,10.0
226.0,0.02941407635807991,0.02941407635807991,0.00032353648566640913,0.014401299878954887,0.001177741214632988,10.0,1.0,10.0
227.0,0.028752222657203674,0.028752222657203674,0.00027459359262138605,0.014217440038919449,0.001178884762339294,10.0,1.0,10.0
228.0,0.028290312737226486,0.028290312737226486,0.0002733390429057181,0.01399871613830328,0.0011558205587789416,10.0,1.0,10.0
229.0,0.02802216075360775,0.02802216075360775,0.0002902611158788204,0.013790997676551342,0.0011328551918268204,10.0,1.0,10.0
230.0,0.027824921533465385,0.027824921533465385,0.000263619382167235,0.013671351596713066,0.0011517375241965055,10.0,1.0,10.0
231.0,0.027577107772231102,0.027577107772231102,0.00030860494007356465,0.013429508544504642,0.0011061548721045256,10.0,1.0,10.0
232.0,0.027224913239479065,0.027224913239479065,0.00025851165992207825,0.013326226733624935,0.0011313571594655514,10.0,1.0,10.0
233.0,0.026782885193824768,0.026782885193824768,0.00029446097323670983,0.013070434331893921,0.0010767842177301645,10.0,1.0,10.0
234.0,0.026299286633729935,0.026299286633729935,0.00024430680787190795,0.012950302101671696,0.0010905915405601263,10.0,1.0,10.0
235.0,0.02582184225320816,0.02582184225320816,0.00026368320686742663,0.012721916660666466,0.0010463092476129532,10.0,1.0,10.0
236.0,0.025378957390785217,0.025378957390785217,0.0002324865636182949,0.01258590817451477,0.0010468182153999805,10.0,1.0,10.0
237.0,0.02497885748744011,0.02497885748744011,0.0002377430209890008,0.012400591745972633,0.0010200835531577468,10.0,1.0,10.0
238.0,0.024617036804556847,0.024617036804556847,0.0002273063873872161,0.012249847874045372,0.0010094124590978026,10.0,1.0,10.0
239.0,0.024285349994897842,0.024285349994897842,0.00022085091040935367,0.012099338695406914,0.0009977503214031458,10.0,1.0,10.0
240.0,0.02397814765572548,0.02397814765572548,0.00022646987054031342,0.011934440582990646,0.0009779008105397224,10.0,1.0,10.0
241.0,0.02369588054716587,0.02369588054716587,0.00020997000683564693,0.0118082445114851,0.0009787935996428132,10.0,1.0,10.0
242.0,0.023448431864380836,0.023448431864380836,0.00023098624660633504,0.011631823144853115,0.0009506745846010745,10.0,1.0,10.0
243.0,0.023260947316884995,0.023260947316884995,0.00020552014757413417,0.011533712036907673,0.0009672033484093845,10.0,1.0,10.0
244.0,0.02318831905722618,0.02318831905722618,0.0002526748867239803,0.011353123001754284,0.0009308448061347008,10.0,1.0,10.0
245.0,0.02334669604897499,0.02334669604897499,0.00022283669386524707,0.011321993544697762,0.0009796335361897945,10.0,1.0,10.0
246.0,0.023983247578144073,0.023983247578144073,0.0003395811072550714,0.011178717017173767,0.0009408718906342983,10.0,1.0,10.0
247.0,0.025610027834773064,0.025610027834773064,0.00034260464599356055,0.011365876533091068,0.0010818105656653643,10.0,1.0,10.0
248.0,0.0292043574154377,0.0292043574154377,0.0006831850041635334,0.011469043791294098,0.0010903463698923588,10.0,1.0,10.0
249.0,0.03617017716169357,0.03617017716169357,0.0008821937954053283,0.012349200434982777,0.0014999040868133307,10.0,1.0,10.0
250.0,0.046780481934547424,0.046780481934547424,0.001712953788228333,0.013096246868371964,0.00165546964854002,10.0,1.0,10.0
251.0,0.05528561770915985,0.05528561770915985,0.0018820252735167742,0.014280986040830612,0.0022184380795806646,10.0,1.0,10.0
252.0,0.049233533442020416,0.049233533442020416,0.0018715154146775603,0.013158699497580528,0.0017359682824462652,10.0,1.0,10.0
253.0,0.029515821486711502,0.029515821486711502,0.0005959522095508873,0.011165371164679527,0.0012390929041430354,10.0,1.0,10.0
254.0,0.01997699961066246,0.01997699961066246,0.00016437843441963196,0.009935123845934868,0.0008398090722039342,10.0,1.0,10.0
255.0,0.029840413480997086,0.029840413480997086,0.0007948298589326441,0.010833749547600746,0.001105836359784007,10.0,1.0,10.0
256.0,0.03866972774267197,0.03866972774267197,0.0010848710080608726,0.011919001117348671,0.001590201398357749,10.0,1.0,10.0
257.0,0.03028026968240738,0.03028026968240738,0.0008377166232094169,0.010722258128225803,0.001118084299378097,10.0,1.0,10.0
258.0,0.01939517632126808,0.01939517632126808,0.0001611506741028279,0.009552507661283016,0.0008231161627918482,10.0,1.0,10.0
259.0,0.02349305897951126,0.02349305897951126,0.0003516922006383538,0.009962355718016624,0.0010013780556619167,10.0,1.0,10.0
260.0,0.03082326054573059,0.03082326054573059,0.0008934707148000598,0.010579586960375309,0.0011308965040370822,10.0,1.0,10.0
261.0,0.025892820209264755,0.025892820209264755,0.00048450904432684183,0.010097772814333439,0.001094995765015483,10.0,1.0,10.0
262.0,0.018413273617625237,0.018413273617625237,0.00016751588555052876,0.009141629561781883,0.0007596485665999353,10.0,1.0,10.0
263.0,0.021419933065772057,0.021419933065772057,0.00037073748535476625,0.009383254684507847,0.0008329303818754852,10.0,1.0,10.0
264.0,0.026047131046652794,0.026047131046652794,0.0005150604411028326,0.009908420965075493,0.001098810462281108,10.0,1.0,10.0
265.0,0.022044159471988678,0.022044159471988678,0.00042550312355160713,0.009314517490565777,0.0008474609930999577,10.0,1.0,10.0
266.0,0.017432456836104393,0.017432456836104393,0.00013187665899749845,0.00877486914396286,0.0007338820723816752,10.0,1.0,10.0
267.0,0.020056921988725662,0.020056921988725662,0.0002459216339047998,0.009017448872327805,0.000858025741763413,10.0,1.0,10.0
268.0,0.02264247089624405,0.02264247089624405,0.000486917095258832,0.009169167838990688,0.0008604132453911006,10.0,1.0,10.0
269.0,0.01938420906662941,0.01938420906662941,0.0002279795444337651,0.008795037865638733,0.0008309375843964517,10.0,1.0,10.0
270.0,0.01665297895669937,0.01665297895669937,0.0001248981716344133,0.008398210629820824,0.0007005787338130176,10.0,1.0,10.0
271.0,0.018701938912272453,0.018701938912272453,0.00027795901405625045,0.008531633764505386,0.0007390715763904154,10.0,1.0,10.0
272.0,0.0200909785926342,0.0200909785926342,0.0002820424851961434,0.008658362552523613,0.0008612191886641085,10.0,1.0,10.0
273.0,0.017667919397354126,0.017667919397354126,0.00023185534519143403,0.008280745707452297,0.0007068619015626609,10.0,1.0,10.0
274.0,0.015937793999910355,0.015937793999910355,0.00012025445903418586,0.008033135905861855,0.0006702112732455134,10.0,1.0,10.0
275.0,0.017320943996310234,0.017320943996310234,0.00017226621275767684,0.008132759481668472,0.0007465522503480315,10.0,1.0,10.0
276.0,0.018178826197981834,0.018178826197981834,0.0002894750505220145,0.008134156465530396,0.0007149919401854277,10.0,1.0,10.0
277.0,0.016534674912691116,0.016534674912691116,0.0001493218296673149,0.00791123602539301,0.0007130220183171332,10.0,1.0,10.0
278.0,0.015237856656312943,0.015237856656312943,0.00011015348718501627,0.007697314023971558,0.000643900828436017,10.0,1.0,10.0
279.0,0.016003701835870743,0.016003701835870743,0.00017933435447048396,0.007715487852692604,0.0006494870176538825,10.0,1.0,10.0
280.0,0.016685498878359795,0.016685498878359795,0.00017391036089975387,0.0077446503564715385,0.0007201745174825191,10.0,1.0,10.0
281.0,0.01571701467037201,0.01571701467037201,0.00017806186224333942,0.007568852044641972,0.0006367543246597052,10.0,1.0,10.0
282.0,0.014609943144023418,0.014609943144023418,0.00010095216566696763,0.007392672821879387,0.0006207748083397746,10.0,1.0,10.0
283.0,0.01482262834906578,0.01482262834906578,0.0001098759748856537,0.00735982321202755,0.0006364045548252761,10.0,1.0,10.0
284.0,0.015405871905386448,0.015405871905386448,0.00018306929268874228,0.007367825135588646,0.0006207353435456753,10.0,1.0,10.0
285.0,0.01502529252320528,0.01502529252320528,0.0001280084252357483,0.007268458604812622,0.0006476749549619853,10.0,1.0,10.0
286.0,0.014123763889074326,0.014123763889074326,0.00011410037404857576,0.007115103304386139,0.0005867656436748803,10.0,1.0,10.0
287.0,0.013862000778317451,0.013862000778317451,0.00010340437438571826,0.007031051442027092,0.0005796906189061701,10.0,1.0,10.0
288.0,0.014218155294656754,0.014218155294656754,0.00010906172246905044,0.0070106834173202515,0.000611685449257493,10.0,1.0,10.0
289.0,0.014280222356319427,0.014280222356319427,0.00015105135389603674,0.006972175091505051,0.0005797533085569739,10.0,1.0,10.0
290.0,0.013750618323683739,0.013750618323683739,9.955836139852181e-05,0.006849522702395916,0.0005905511789023876,10.0,1.0,10.0
291.0,0.013227554969489574,0.013227554969489574,9.293263428844512e-05,0.00674336077645421,0.000555486767552793,10.0,1.0,10.0
292.0,0.013183604925870895,0.013183604925870895,0.00010064334492199123,0.006688426248729229,0.000548874435480684,10.0,1.0,10.0
293.0,0.013361731544137001,0.013361731544137001,9.729947487358004e-05,0.006646645255386829,0.0005742092034779489,10.0,1.0,10.0
294.0,0.013277428224682808,0.013277428224682808,0.0001245118328370154,0.006600962020456791,0.0005431347526609898,10.0,1.0,10.0
295.0,0.012883564457297325,0.012883564457297325,8.73250828590244e-05,0.006494344677776098,0.0005515968659892678,10.0,1.0,10.0
296.0,0.012527009472250938,0.012527009472250938,8.542109571862966e-05,0.006413038354367018,0.0005259760655462742,10.0,1.0,10.0
297.0,0.01244068332016468,0.01244068332016468,8.897069346858189e-05,0.006358037702739239,0.0005192938260734081,10.0,1.0,10.0
298.0,0.012500341981649399,0.012500341981649399,8.434138726443052e-05,0.006307670846581459,0.0005349257262423635,10.0,1.0,10.0
299.0,0.012450333684682846,0.012450333684682846,0.00010679867409635335,0.0062727914191782475,0.000510955520439893,10.0,1.0,10.0
300.0,0.012212278321385384,0.012212278321385384,8.098543912637979e-05,0.006185725796967745,0.0005216698627918959,10.0,1.0,10.0
301.0,0.011923561803996563,0.011923561803996563,8.363861707039177e-05,0.0061215609312057495,0.0004965614643879235,10.0,1.0,10.0
302.0,0.011744675226509571,0.011744675226509571,7.596421346534044e-05,0.00605542678385973,0.0004929606220684946,10.0,1.0,10.0
303.0,0.011697117239236832,0.011697117239236832,7.342731259996071e-05,0.006002390291541815,0.0004960453952662647,10.0,1.0,10.0
304.0,0.01167910173535347,0.01167910173535347,8.984082523966208e-05,0.005972234532237053,0.00048084583249874413,10.0,1.0,10.0
305.0,0.01158871129155159,0.01158871129155159,7.52724808990024e-05,0.005903958342969418,0.0004932028241455555,10.0,1.0,10.0
306.0,0.011410891078412533,0.011410891078412533,8.509478357154876e-05,0.005861219018697739,0.00046987246605567634,10.0,1.0,10.0
307.0,0.011206382885575294,0.011206382885575294,6.902207678649575e-05,0.005785387009382248,0.00047307743807323277,10.0,1.0,10.0
308.0,0.01104363426566124,0.01104363426566124,7.003905193414539e-05,0.005734337959438562,0.0004608906456269324,10.0,1.0,10.0
309.0,0.010945934802293777,0.010945934802293777,7.105281838448718e-05,0.00568636879324913,0.00045490372576750815,10.0,1.0,10.0
310.0,0.01088795904070139,0.01088795904070139,6.661262159468606e-05,0.0056324247270822525,0.0004589408345054835,10.0,1.0,10.0
311.0,0.01082682330161333,0.01082682330161333,7.78696485213004e-05,0.00560308713465929,0.0004445039667189121,10.0,1.0,10.0
312.0,0.0107339508831501,0.0107339508831501,6.654478056589141e-05,0.005537694785743952,0.00045308080734685063,10.0,1.0,10.0
313.0,0.010607268661260605,0.010607268661260605,7.528637070208788e-05,0.005505654960870743,0.00043487505172379315,10.0,1.0,10.0
314.0,0.010463928803801537,0.010463928803801537,6.324242713162675e-05,0.005438233260065317,0.00043932709377259016,10.0,1.0,10.0
315.0,0.010325338691473007,0.010325338691473007,6.673413736280054e-05,0.005399482324719429,0.0004258514381945133,10.0,1.0,10.0
316.0,0.010205498896539211,0.010205498896539211,6.163209036458284e-05,0.005346091464161873,0.00042430864414200187,10.0,1.0,10.0
317.0,0.010107476264238358,0.010107476264238358,6.09437920502387e-05,0.005301943514496088,0.0004196094232611358,10.0,1.0,10.0
318.0,0.010026227682828903,0.010026227682828903,6.363654392771423e-05,0.005266017280519009,0.0004123844555579126,10.0,1.0,10.0
319.0,0.009953571483492851,0.009953571483492851,5.9139434597454965e-05,0.005215564742684364,0.0004146611609030515,10.0,1.0,10.0
320.0,0.009882410988211632,0.009882410988211632,6.620121712330729e-05,0.005191186908632517,0.00040292125777341425,10.0,1.0,10.0
321.0,0.009808573871850967,0.009808573871850967,5.864603372174315e-05,0.005134723149240017,0.00040873908437788486,10.0,1.0,10.0
322.0,0.009730882942676544,0.009730882942676544,6.714093615300953e-05,0.005116191226989031,0.00039432826451957226,10.0,1.0,10.0
323.0,0.00965030211955309,0.00965030211955309,5.7949451729655266e-05,0.005056164227426052,0.00040146432002075016,10.0,1.0,10.0
324.0,0.009568851441144943,0.009568851441144943,6.676549674011767e-05,0.00504122581332922,0.0003859970602206886,10.0,1.0,10.0
325.0,0.009488965384662151,0.009488965384662151,5.710352343157865e-05,0.004979872144758701,0.000393805792555213,10.0,1.0,10.0
326.0,0.00941321812570095,0.00941321812570095,6.647450936725363e-05,0.004969052504748106,0.00037794202216900885,10.0,1.0,10.0
327.0,0.009344561025500298,0.009344561025500298,5.672114639310166e-05,0.004906755406409502,0.0003870594082400203,10.0,1.0,10.0
328.0,0.009286928921937943,0.009286928921937943,6.794760702177882e-05,0.004903254099190235,0.0003704198752529919,10.0,1.0,10.0
329.0,0.00924640242010355,0.00924640242010355,5.794475509901531e-05,0.004838705528527498,0.0003828249464277178,10.0,1.0,10.0
330.0,0.009233247488737106,0.009233247488737106,7.395334250759333e-05,0.004850286990404129,0.00036434264620766044,10.0,1.0,10.0
331.0,0.009265616536140442,0.009265616536140442,6.403123552445322e-05,0.004781793802976608,0.00038435100577771664,10.0,1.0,10.0
332.0,0.009376359172165394,0.009376359172165394,9.180868801195174e-05,0.004826799966394901,0.000363147264579311,10.0,1.0,10.0
333.0,0.009625978767871857,0.009625978767871857,8.59807914821431e-05,0.004757431335747242,0.00040087386150844395,10.0,1.0,10.0
334.0,0.01012641191482544,0.01012641191482544,0.00014470252790488303,0.0048839133232831955,0.00037954733124934137,10.0,1.0,10.0
335.0,0.011083273217082024,0.011083273217082024,0.00016233391943387687,0.004843051079660654,0.0004616882652044296,10.0,1.0,10.0
336.0,0.01286187581717968,0.01286187581717968,0.00030850147595629096,0.005185946822166443,0.0004590913304127753,10.0,1.0,10.0
337.0,0.01605420559644699,0.01605420559644699,0.0004192373307887465,0.005297083407640457,0.0006564749637618661,10.0,1.0,10.0
338.0,0.02141273394227028,0.02141273394227028,0.0007901587523519993,0.006175640504807234,0.0007335507543757558,10.0,1.0,10.0
339.0,0.029218461364507675,0.029218461364507675,0.0011060340330004692,0.006636828184127808,0.0011521292617544532,10.0,1.0,10.0
340.0,0.03748556599020958,0.03748556599020958,0.0016754709649831057,0.008029099553823471,0.001270175795070827,10.0,1.0,10.0
341.0,0.040150970220565796,0.040150970220565796,0.0016848715022206306,0.007757745683193207,0.00155445106793195,10.0,1.0,10.0
342.0,0.0312311053276062,0.0312311053276062,0.0013381693279370666,0.007256723009049892,0.0010592688340693712,10.0,1.0,10.0
343.0,0.015713509172201157,0.015713509172201157,0.0004211659252177924,0.005108315497636795,0.000639353587757796,10.0,1.0,10.0
344.0,0.008088996633887291,0.008088996633887291,4.9341339035890996e-05,0.00437689246609807,0.0003218690981157124,10.0,1.0,10.0
345.0,0.013725707307457924,0.013725707307457924,0.00038005824899300933,0.005116747692227364,0.0004808377125300467,10.0,1.0,10.0
346.0,0.022589076310396194,0.022589076310396194,0.0007831422262825072,0.005767508875578642,0.0008990145288407803,10.0,1.0,10.0
347.0,0.022367289289832115,0.022367289289832115,0.0008618218125775456,0.006150532979518175,0.0007598538068123162,10.0,1.0,10.0
348.0,0.013428274542093277,0.013428274542093277,0.00031544629018753767,0.0047968109138309956,0.0005477001541294158,10.0,1.0,10.0
349.0,0.007872559130191803,0.007872559130191803,4.856206942349672e-05,0.00430306326597929,0.00030838759266771376,10.0,1.0,10.0
350.0,0.011586099863052368,0.011586099863052368,0.00026959297247231007,0.004820886999368668,0.00040692833135835826,10.0,1.0,10.0
351.0,0.01691320165991783,0.01691320165991783,0.0004997845971956849,0.005126232281327248,0.0006789123872295022,10.0,1.0,10.0
352.0,0.015355624258518219,0.015355624258518219,0.00048427184810861945,0.005284402519464493,0.0005228502559475601,10.0,1.0,10.0
353.0,0.009535746648907661,0.009535746648907661,0.0001283565943595022,0.004379537422209978,0.0003872642992064357,10.0,1.0,10.0
354.0,0.0078784991055727,0.0078784991055727,5.18018969160039e-05,0.004234332125633955,0.00031261483673006296,10.0,1.0,10.0
355.0,0.011376095935702324,0.011376095935702324,0.00026745288050733507,0.004764870274811983,0.0003936696448363364,10.0,1.0,10.0
356.0,0.013481062836945057,0.013481062836945057,0.000333248870447278,0.004729649983346462,0.0005418923683464527,10.0,1.0,10.0
357.0,0.0108801806345582,0.0108801806345582,0.0002439979143673554,0.004676057957112789,0.00037641433300450444,10.0,1.0,10.0
358.0,0.007728997617959976,0.007728997617959976,5.1137445552740246e-05,0.004170033149421215,0.0003047589852940291,10.0,1.0,10.0
359.0,0.008279772475361824,0.008279772475361824,7.821369945304468e-05,0.004189345519989729,0.000330828974256292,10.0,1.0,10.0
360.0,0.01065742876380682,0.01065742876380682,0.00023748779494781047,0.004607358947396278,0.00036751918378286064,10.0,1.0,10.0
361.0,0.010750280693173409,0.010750280693173409,0.00020364818919915706,0.004384354688227177,0.0004329444491304457,10.0,1.0,10.0
362.0,0.008516674861311913,0.008516674861311913,0.00011922032717848197,0.004290505312383175,0.0003033965767826885,10.0,1.0,10.0
363.0,0.007281080819666386,0.007281080819666386,4.297034683986567e-05,0.004077833611518145,0.00027735441108234227,10.0,1.0,10.0
364.0,0.008338699117302895,0.008338699117302895,8.990725473267958e-05,0.004113696049898863,0.00033259307383559644,10.0,1.0,10.0
365.0,0.009529339149594307,0.009529339149594307,0.0001833642745623365,0.004394299816340208,0.00033013959182426333,10.0,1.0,10.0
366.0,0.008945055305957794,0.008945055305957794,0.00012291621533222497,0.004141419194638729,0.00035744733759202063,10.0,1.0,10.0
367.0,0.007512915413826704,0.007512915413826704,6.968647358007729e-05,0.004086223430931568,0.00027298269560560584,10.0,1.0,10.0
368.0,0.007158451713621616,0.007158451713621616,4.815469583263621e-05,0.00401879521086812,0.00026581098791211843,10.0,1.0,10.0
369.0,0.007982848212122917,0.007982848212122917,8.183932368410751e-05,0.004019325599074364,0.00031451298855245113,10.0,1.0,10.0
370.0,0.008507507853209972,0.008507507853209972,0.00013380541349761188,0.004211094696074724,0.0002958359254989773,10.0,1.0,10.0
371.0,0.00795126985758543,0.00795126985758543,8.33496087579988e-05,0.0039954716339707375,0.0003122302296105772,10.0,1.0,10.0
372.0,0.007101922761648893,0.007101922761648893,5.424800474429503e-05,0.003977458458393812,0.0002581984153948724,10.0,1.0,10.0
373.0,0.00697566382586956,0.00697566382586956,4.7179957618936896e-05,0.003949260339140892,0.0002554604143369943,10.0,1.0,10.0
374.0,0.007478917017579079,0.007478917017579079,6.616422615479678e-05,0.003920036368072033,0.0002897238591685891,10.0,1.0,10.0
375.0,0.007763921748846769,0.007763921748846769,9.967762161977589e-05,0.004063356667757034,0.00027037892141379416,10.0,1.0,10.0
376.0,0.007426196709275246,0.007426196709275246,6.644800305366516e-05,0.003892351407557726,0.0002869365271180868,10.0,1.0,10.0
377.0,0.006895073689520359,0.006895073689520359,5.132420847075991e-05,0.0038990641478449106,0.0002482767158653587,10.0,1.0,10.0
378.0,0.006745492573827505,0.006745492573827505,4.2198247683700174e-05,0.0038588540628552437,0.00024646561359986663,10.0,1.0,10.0
379.0,0.00699781347066164,0.00699781347066164,5.1570797950262204e-05,0.003822057507932186,0.00026600484852679074,10.0,1.0,10.0
380.0,0.0072178621776402,0.0072178621776402,7.659241236979142e-05,0.003931725397706032,0.0002520212437957525,10.0,1.0,10.0
381.0,0.007100606337189674,0.007100606337189674,5.8926445490214974e-05,0.003801950253546238,0.0002709391410462558,10.0,1.0,10.0
382.0,0.006772997323423624,0.006772997323423624,5.350642095436342e-05,0.0038335041608661413,0.0002404428960289806,10.0,1.0,10.0
383.0,0.0065617915242910385,0.0065617915242910385,3.89149172406178e-05,0.0037656354252249002,0.0002407006686553359,10.0,1.0,10.0
384.0,0.006607016548514366,0.006607016548514366,4.1589944885345176e-05,0.0037400126457214355,0.0002451104810461402,10.0,1.0,10.0
385.0,0.006761970929801464,0.006761970929801464,5.7992983784060925e-05,0.0038100744131952524,0.00023719671298749745,10.0,1.0,10.0
386.0,0.006805087439715862,0.006805087439715862,5.25398354511708e-05,0.0037202704697847366,0.00025594187900424004,10.0,1.0,10.0
387.0,0.006671228911727667,0.006671228911727667,5.624745972454548e-05,0.003776745405048132,0.00023320088803302497,10.0,1.0,10.0
388.0,0.006476382724940777,0.006476382724940777,4.0578866901341826e-05,0.0036877822130918503,0.00023828123812563717,10.0,1.0,10.0
389.0,0.006368689239025116,0.006368689239025116,3.927756188204512e-05,0.003686462063342333,0.0002289451367687434,10.0,1.0,10.0
390.0,0.006388395093381405,0.006388395093381405,4.306946357246488e-05,0.0036977683193981647,0.0002259931934531778,10.0,1.0,10.0
391.0,0.006458881311118603,0.006458881311118603,4.3737691157730296e-05,0.0036468198522925377,0.00023746845545247197,10.0,1.0,10.0
392.0,0.006479330360889435,0.006479330360889435,5.2808063628617674e-05,0.0037064459174871445,0.00022448040544986725,10.0,1.0,10.0
393.0,0.006412383168935776,0.006412383168935776,4.401911428431049e-05,0.0036218855530023575,0.0002350306895095855,10.0,1.0,10.0
394.0,0.0062978388741612434,0.0062978388741612434,4.482285294216126e-05,0.003653121879324317,0.0002196488348999992,10.0,1.0,10.0
395.0,0.006203153636306524,0.006203153636306524,3.800988633884117e-05,0.0036026404704898596,0.0002220414171461016,10.0,1.0,10.0
396.0,0.00616682693362236,0.00616682693362236,3.8124213460832834e-05,0.0035913477186113596,0.00021942370221950114,10.0,1.0,10.0
397.0,0.0061785271391272545,0.0061785271391272545,4.195375004201196e-05,0.003606239566579461,0.00021527500939555466,10.0,1.0,10.0
398.0,0.006198771297931671,0.006198771297931671,4.085584441781975e-05,0.0035562454722821712,0.0002233966952189803,10.0,1.0,10.0
399.0,0.006192313507199287,0.006192313507199287,4.642004205379635e-05,0.0035988381132483482,0.00021292749443091452,10.0,1.0,10.0
400.0,0.00614903774112463,0.00614903774112463,4.090386210009456e-05,0.003530712565407157,0.0002209286903962493,10.0,1.0,10.0
401.0,0.006083259359002113,0.006083259359002113,4.265724419383332e-05,0.0035597195383161306,0.0002096967218676582,10.0,1.0,10.0
402.0,0.006018801126629114,0.006018801126629114,3.7876470742048696e-05,0.0035111294128000736,0.00021289069263730198,10.0,1.0,10.0
403.0,0.005973294377326965,0.005973294377326965,3.8016434700693935e-05,0.0035116011276841164,0.0002081528800772503,10.0,1.0,10.0
404.0,0.005950746592134237,0.005950746592134237,3.8365298678399995e-05,0.003503011539578438,0.00020640820730477571,10.0,1.0,10.0
405.0,0.005943509750068188,0.005943509750068188,3.777257734327577e-05,0.003474739845842123,0.00020910441526211798,10.0,1.0,10.0
406.0,0.0059392815455794334,0.0059392815455794334,4.128553700866178e-05,0.0034965293016284704,0.00020298964227549732,10.0,1.0,10.0
407.0,0.005927965044975281,0.005927965044975281,3.894129258696921e-05,0.00344804092310369,0.00020905109704472125,10.0,1.0,10.0
408.0,0.005905141122639179,0.005905141122639179,4.218512185616419e-05,0.0034789463970810175,0.00020043435506522655,10.0,1.0,10.0
409.0,0.005871978588402271,0.005871978588402271,3.861658842652105e-05,0.0034257371444255114,0.00020600752031896263,10.0,1.0,10.0
410.0,0.00583297573029995,0.00583297573029995,4.043119406560436e-05,0.0034497706219553947,0.0001978893269551918,10.0,1.0,10.0
411.0,0.005793302319943905,0.005793302319943905,3.7468016671482474e-05,0.003406710224226117,0.00020119117107242346,10.0,1.0,10.0
412.0,0.00575687550008297,0.00575687550008297,3.815233503701165e-05,0.003416414139792323,0.00019589383737184107,10.0,1.0,10.0
413.0,0.005725631024688482,0.005725631024688482,3.698154614539817e-05,0.0033909371122717857,0.00019648786110337824,10.0,1.0,10.0
414.0,0.0056997742503881454,0.0056997742503881454,3.6840825487161055e-05,0.0033847654704004526,0.00019466003868728876,10.0,1.0,10.0
415.0,0.005678332410752773,0.005678332410752773,3.7461148167494684e-05,0.0033767279237508774,0.00019269928452558815,10.0,1.0,10.0
416.0,0.005659937858581543,0.005659937858581543,3.653450767160393e-05,0.003356535919010639,0.00019380569574423134,10.0,1.0,10.0
417.0,0.005643337965011597,0.005643337965011597,3.841754369204864e-05,0.003362132702022791,0.00018970295786857605,10.0,1.0,10.0
418.0,0.005627669859677553,0.005627669859677553,3.6717297916766256e-05,0.0033311357256025076,0.00019293611694592983,10.0,1.0,10.0
419.0,0.005612531676888466,0.005612531676888466,3.945137723349035e-05,0.0033464781008660793,0.00018715395708568394,10.0,1.0,10.0
420.0,0.005597998388111591,0.005597998388111591,3.7052202969789505e-05,0.0033075271639972925,0.00019199489906895906,10.0,1.0,10.0
421.0,0.005584527738392353,0.005584527738392353,4.0588638512417674e-05,0.0033305352553725243,0.00018481058941688389,10.0,1.0,10.0
422.0,0.00557300727814436,0.00557300727814436,3.752850534510799e-05,0.003284952137619257,0.0001912769948830828,10.0,1.0,10.0
423.0,0.005564757622778416,0.005564757622778416,4.225615703035146e-05,0.003316119546070695,0.00018260764773003757,10.0,1.0,10.0
424.0,0.005561887286603451,0.005561887286603451,3.846787512884475e-05,0.0032632017973810434,0.00019140064250677824,10.0,1.0,10.0
425.0,0.005567619577050209,0.005567619577050209,4.540772351901978e-05,0.003306227969005704,0.000180731454747729,10.0,1.0,10.0
426.0,0.005587277002632618,0.005587277002632618,4.080584767507389e-05,0.0032431697472929955,0.0001936048938659951,10.0,1.0,10.0
427.0,0.005629592575132847,0.005629592575132847,5.2293053158791736e-05,0.0033066500909626484,0.00018000119598582387,10.0,1.0,10.0
428.0,0.005709614604711533,0.005709614604711533,4.723919846583158e-05,0.0032291198149323463,0.00020081026013940573,10.0,1.0,10.0
429.0,0.0058533004485070705,0.0058533004485070705,6.88693908159621e-05,0.003331351326778531,0.00018332555191591382,10.0,1.0,10.0
430.0,0.006106723099946976,0.006106723099946976,6.608368857996538e-05,0.00323650985956192,0.00022093765437602997,10.0,1.0,10.0
431.0,0.0065507786348462105,0.0065507786348462105,0.00011238381557632238,0.0034188032150268555,0.00020081370894331485,10.0,1.0,10.0
432.0,0.007329801097512245,0.007329801097512245,0.00012384617002680898,0.0033180334139615297,0.00027733060414902866,10.0,1.0,10.0
433.0,0.008689559996128082,0.008689559996128082,0.00023424180108122528,0.003680527675896883,0.0002666614018380642,10.0,1.0,10.0
434.0,0.011034892871975899,0.011034892871975899,0.0003014785179402679,0.003639359027147293,0.0004380749014671892,10.0,1.0,10.0
435.0,0.014912264421582222,0.014912264421582222,0.0005702250055037439,0.004408027045428753,0.00048019870882853866,10.0,1.0,10.0
436.0,0.020814521238207817,0.020814521238207817,0.0007783335167914629,0.004569979850202799,0.0008461206452921033,10.0,1.0,10.0
437.0,0.02823442593216896,0.02823442593216896,0.0012710265582427382,0.005927306599915028,0.0009596854797564447,10.0,1.0,10.0
438.0,0.034385308623313904,0.034385308623313904,0.0014659790322184563,0.005911909509450197,0.0013813611585646868,10.0,1.0,10.0
439.0,0.03401122987270355,0.03401122987270355,0.0015929462388157845,0.006657141260802746,0.00114246248267591,10.0,1.0,10.0
440.0,0.025060687214136124,0.025060687214136124,0.0010558906942605972,0.0049683451652526855,0.0009533435222692788,10.0,1.0,10.0
441.0,0.013845517300069332,0.013845517300069332,0.00048744212836027145,0.004394310060888529,0.0004576786595862359,10.0,1.0,10.0
442.0,0.009763788431882858,0.009763788431882858,0.00023378946934826672,0.00331361242569983,0.000411228189477697,10.0,1.0,10.0
443.0,0.013543880544602871,0.013543880544602871,0.0002671360853128135,0.003917325753718615,0.0006955193821340799,10.0,1.0,10.0
444.0,0.01666584610939026,0.01666584610939026,0.0005729232216253877,0.004173875320702791,0.0006762739503756166,10.0,1.0,10.0
445.0,0.01340816356241703,0.01340816356241703,0.0003928471414837986,0.0037901150062680244,0.0005689577665179968,10.0,1.0,10.0
446.0,0.009306652471423149,0.009306652471423149,0.00025882042245939374,0.0037686177529394627,0.00029498300864361227,10.0,1.0,10.0
447.0,0.010514982044696808,0.010514982044696808,0.0002683938655536622,0.0033576323185116053,0.00044734106631949544,10.0,1.0,10.0
448.0,0.012940634042024612,0.012940634042024612,0.00022851272660773247,0.003952208440750837,0.0006703298422507942,10.0,1.0,10.0
449.0,0.010190172120928764,0.010190172120928764,0.0002561326837167144,0.0034274240024387836,0.0004201421106699854,10.0,1.0,10.0
450.0,0.005999917630106211,0.005999917630106211,6.466029299190268e-05,0.00311679788865149,0.00022365167387761176,10.0,1.0,10.0
451.0,0.007507622707635164,0.007507622707635164,0.00010106462286785245,0.003465181915089488,0.0003031794331036508,10.0,1.0,10.0
452.0,0.01110059954226017,0.01110059954226017,0.0002848705044016242,0.0034112054854631424,0.0004840688197873533,10.0,1.0,10.0
453.0,0.00949098914861679,0.00949098914861679,0.00014099666441325098,0.00363450706936419,0.0004446514940354973,10.0,1.0,10.0
454.0,0.0055810254998505116,0.0055810254998505116,6.734131602570415e-05,0.0030292815063148737,0.00018783309496939182,10.0,1.0,10.0
455.0,0.006012779660522938,0.006012779660522938,9.022752055898309e-05,0.0030933988746255636,0.00020171055803075433,10.0,1.0,10.0
456.0,0.008398257195949554,0.008398257195949554,0.00010397972073405981,0.0034466274082660675,0.00039118327549658716,10.0,1.0,10.0
457.0,0.007550005801022053,0.007550005801022053,0.00015058527060318738,0.0031289549078792334,0.0002915198274422437,10.0,1.0,10.0
458.0,0.005666815210133791,0.005666815210133791,6.457967538153753e-05,0.003187677124515176,0.00018333412299398333,10.0,1.0,10.0
459.0,0.00643954798579216,0.00643954798579216,7.487392576877028e-05,0.0031171797309070826,0.00025736287352629006,10.0,1.0,10.0
460.0,0.007353920955210924,0.007353920955210924,0.00015549451927654445,0.00319463643245399,0.00026043393881991506,10.0,1.0,10.0
461.0,0.00595507537946105,0.00595507537946105,4.645494118449278e-05,0.0031137624755501747,0.00023767635866533965,10.0,1.0,10.0
462.0,0.0049837990663945675,0.0049837990663945675,3.6115903640165925e-05,0.00296557298861444,0.00016570671868976206,10.0,1.0,10.0
463.0,0.006106812972575426,0.006106812972575426,0.00010461177589604631,0.0030983055476099253,0.00019623897969722748,10.0,1.0,10.0
464.0,0.0067037311382591724,0.0067037311382591724,7.955328328534961e-05,0.003124009585008025,0.0002784188836812973,10.0,1.0,10.0
465.0,0.005623301956802607,0.005623301956802607,8.31923316582106e-05,0.003065976779907942,0.0001725401816656813,10.0,1.0,10.0
466.0,0.005061103496700525,0.005061103496700525,4.720673314295709e-05,0.0029285866767168045,0.000166044948855415,10.0,1.0,10.0
467.0,0.0056786201894283295,0.0056786201894283295,4.088473360752687e-05,0.0030751971062272787,0.00021945754997432232,10.0,1.0,10.0
468.0,0.005747754126787186,0.005747754126787186,8.625737973488867e-05,0.002996322698891163,0.00018888575141318142,10.0,1.0,10.0
469.0,0.005077534355223179,0.005077534355223179,3.520229802234098e-05,0.0029495626222342253,0.00017759489128366113,10.0,1.0,10.0
470.0,0.005078449845314026,0.005078449845314026,3.8207686884561554e-05,0.003016345202922821,0.00016800279263406992,10.0,1.0,10.0
471.0,0.0056110164150595665,0.0056110164150595665,7.889968401286751e-05,0.0029261689633131027,0.00018958505825139582,10.0,1.0,10.0
472.0,0.005466545931994915,0.005466545931994915,4.057775004184805e-05,0.0030498565174639225,0.00020109122851863503,10.0,1.0,10.0
473.0,0.0048899101093411446,0.0048899101093411446,4.37405142292846e-05,0.0028882548213005066,0.00015642498328816146,10.0,1.0,10.0
474.0,0.004876678343862295,0.004876678343862295,4.607413575286046e-05,0.0029123742133378983,0.00015035626711323857,10.0,1.0,10.0
475.0,0.0051926556043326855,0.0051926556043326855,3.3022864954546094e-05,0.002966851694509387,0.00018955752602778375,10.0,1.0,10.0
476.0,0.0050913384184241295,0.0050913384184241295,5.825851985719055e-05,0.0028799932915717363,0.000162876007379964,10.0,1.0,10.0
477.0,0.0048105232417583466,0.0048105232417583466,3.492188625386916e-05,0.0029257782734930515,0.00015355259529314935,10.0,1.0,10.0
478.0,0.004896920174360275,0.004896920174360275,3.509797534206882e-05,0.0028707915917038918,0.000167514881468378,10.0,1.0,10.0
479.0,0.005086190532892942,0.005086190532892942,6.293976184679195e-05,0.0029131807386875153,0.00015436121611855924,10.0,1.0,10.0
480.0,0.004938317928463221,0.004938317928463221,3.3537671697558835e-05,0.002871996723115444,0.0001730944641167298,10.0,1.0,10.0
481.0,0.004693062976002693,0.004693062976002693,3.787836612900719e-05,0.00286612450145185,0.00014481550897471607,10.0,1.0,10.0
482.0,0.004719366319477558,0.004719366319477558,4.1835999581962824e-05,0.002832278609275818,0.00014687278599012643,10.0,1.0,10.0
483.0,0.004840245936065912,0.004840245936065912,2.9774448194075376e-05,0.0028654199559241533,0.00016770814545452595,10.0,1.0,10.0
484.0,0.0047697871923446655,0.0047697871923446655,4.764278492075391e-05,0.002840018831193447,0.00014533403737004846,10.0,1.0,10.0
485.0,0.00464212242513895,0.00464212242513895,3.2767129596322775e-05,0.002809464931488037,0.00015049862849991769,10.0,1.0,10.0
486.0,0.004677850287407637,0.004677850287407637,3.2072777685243636e-05,0.002851376309990883,0.00015057461860124022,10.0,1.0,10.0
487.0,0.004764551762491465,0.004764551762491465,4.800117312697694e-05,0.00278812856413424,0.0001496411277912557,10.0,1.0,10.0
488.0,0.004711908753961325,0.004711908753961325,3.1190742447506636e-05,0.002846464980393648,0.00015535364218521863,10.0,1.0,10.0
489.0,0.004596645012497902,0.004596645012497902,3.7421083106892183e-05,0.002773809712380171,0.000144862468005158,10.0,1.0,10.0
490.0,0.0045800176449120045,0.0045800176449120045,3.8648817280773073e-05,0.0027999624144285917,0.00013935670722275972,10.0,1.0,10.0
491.0,0.004621107596904039,0.004621107596904039,2.968501576106064e-05,0.002784501761198044,0.00015397554670926183,10.0,1.0,10.0
492.0,0.004592009820044041,0.004592009820044041,4.254373925505206e-05,0.002773590851575136,0.000139298164867796,10.0,1.0,10.0
493.0,0.004513698164373636,0.004513698164373636,3.061710231122561e-05,0.0027662243228405714,0.00014413025928661227,10.0,1.0,10.0
494.0,0.004492382053285837,0.004492382053285837,3.1418432627106085e-05,0.0027539804577827454,0.00014242173347156495,10.0,1.0,10.0
495.0,0.004526133183389902,0.004526133183389902,4.025324960821308e-05,0.002751521300524473,0.00013720794231630862,10.0,1.0,10.0
496.0,0.004528272431343794,0.004528272431343794,2.9738232115050778e-05,0.00274231331422925,0.0001488576817791909,10.0,1.0,10.0
497.0,0.004483165685087442,0.004483165685087442,3.80655110348016e-05,0.002743220655247569,0.00013592898903880268,10.0,1.0,10.0
498.0,0.004455218091607094,0.004455218091607094,3.414805178181268e-05,0.0027105645276606083,0.0001403173228027299,10.0,1.0,10.0
499.0,0.0044690268114209175,0.0044690268114209175,3.131617995677516e-05,0.002741999225690961,0.00014138655387796462,10.0,1.0,10.0
500.0,0.004478136543184519,0.004478136543184519,4.001516936114058e-05,0.002691641915589571,0.0001386343064950779,10.0,1.0,10.0
501.0,0.004451954271644354,0.004451954271644354,3.149350231979042e-05,0.0027302505914121866,0.00014067685697227716,10.0,1.0,10.0
502.0,0.004420184995979071,0.004420184995979071,3.537443626555614e-05,0.0026776401791721582,0.00013888004468753934,10.0,1.0,10.0
503.0,0.004415538627654314,0.004415538627654314,3.7082798371557146e-05,0.0027095165569335222,0.0001335194247076288,10.0,1.0,10.0
504.0,0.004424289800226688,0.004424289800226688,3.2027244742494076e-05,0.0026698948349803686,0.00014341225323732942,10.0,1.0,10.0
505.0,0.004417171701788902,0.004417171701788902,3.996416489826515e-05,0.002698190975934267,0.00013193390623200685,10.0,1.0,10.0
506.0,0.004397126380354166,0.004397126380354166,3.368372927070595e-05,0.0026504250708967447,0.00014098640531301498,10.0,1.0,10.0
507.0,0.004389808513224125,0.004389808513224125,3.598347393563017e-05,0.002693573711439967,0.00013363997277338058,10.0,1.0,10.0
508.0,0.004403857514262199,0.004403857514262199,3.914181797881611e-05,0.002628679620102048,0.00013837595179211348,10.0,1.0,10.0
509.0,0.00442534638568759,0.00442534638568759,3.565688894013874e-05,0.0026967828162014484,0.00013719945854973048,10.0,1.0,10.0
510.0,0.004447500221431255,0.004447500221431255,4.2698880861280486e-05,0.0026115996297448874,0.00014089119213167578,10.0,1.0,10.0
511.0,0.004487351980060339,0.004487351980060339,4.2788760765688494e-05,0.0027034564409404993,0.0001356007851427421,10.0,1.0,10.0
512.0,0.004571224562823772,0.004571224562823772,4.753323446493596e-05,0.00260062119923532,0.0001495271280873567,10.0,1.0,10.0
513.0,0.004720170050859451,0.004720170050859451,5.99750637775287e-05,0.00273752398788929,0.00013828955707140267,10.0,1.0,10.0
514.0,0.004961788654327393,0.004961788654327393,6.767686863895506e-05,0.0026047390419989824,0.00016802811296656728,10.0,1.0,10.0
515.0,0.0053586214780807495,0.0053586214780807495,9.474504622630775e-05,0.002839160617440939,0.00015720102237537503,10.0,1.0,10.0
516.0,0.006029983516782522,0.006029983516782522,0.000126307611935772,0.0026606451719999313,0.00021062622545287013,10.0,1.0,10.0
517.0,0.007171293720602989,0.007171293720602989,0.00018773291958495975,0.003107225988060236,0.00021867381292395294,10.0,1.0,10.0
518.0,0.009079238399863243,0.009079238399863243,0.0002876071084756404,0.002905056346207857,0.0003298110968898982,10.0,1.0,10.0
519.0,0.01218951866030693,0.01218951866030693,0.0004507609992288053,0.0037861079908907413,0.000389580090995878,10.0,1.0,10.0
520.0,0.01699031889438629,0.01699031889438629,0.0007022275822237134,0.003655645065009594,0.0006312397308647633,10.0,1.0,10.0
521.0,0.02369752526283264,0.02369752526283264,0.00106225092895329,0.005252847447991371,0.0007822168990969658,10.0,1.0,10.0
522.0,0.031231965869665146,0.031231965869665146,0.0014514985959976912,0.005102886352688074,0.0011614094255492091,10.0,1.0,10.0
523.0,0.0362340584397316,0.0362340584397316,0.001734951976686716,0.006794756278395653,0.0012089782394468784,10.0,1.0,10.0
524.0,0.03366508334875107,0.03366508334875107,0.0015827423194423318,0.005335522815585136,0.001250213710591197,10.0,1.0,10.0
525.0,0.022359758615493774,0.022359758615493774,0.0010098970960825682,0.0050413161516189575,0.000721947115380317,10.0,1.0,10.0
526.0,0.00927714817225933,0.00927714817225933,0.0002975331444758922,0.0028670995961874723,0.0003434716782066971,10.0,1.0,10.0
527.0,0.004165985621511936,0.004165985621511936,3.760243998840451e-05,0.0024942317977547646,0.00012957295984961092,10.0,1.0,10.0
528.0,0.008977454155683517,0.008977454155683517,0.00029218618874438107,0.0032981294207274914,0.00027574627893045545,10.0,1.0,10.0
529.0,0.016562744975090027,0.016562744975090027,0.0006833642837591469,0.0035489406436681747,0.0006180162308737636,10.0,1.0,10.0
530.0,0.018316203728318214,0.018316203728318214,0.0007982018869370222,0.004516512621194124,0.0005817671772092581,10.0,1.0,10.0
531.0,0.012421110644936562,0.012421110644936562,0.0004643660213332623,0.0031503108330070972,0.00046271400060504675,10.0,1.0,10.0
532.0,0.005524376407265663,0.005524376407265663,0.00011388666462153196,0.0027858582325279713,0.00015996515867300332,10.0,1.0,10.0
533.0,0.004592392593622208,0.004592392593622208,5.908587627345696e-05,0.0026388331316411495,0.00013627004227600992,10.0,1.0,10.0
534.0,0.008904946967959404,0.008904946967959404,0.0002805046970024705,0.0028230121824890375,0.0003276888164691627,10.0,1.0,10.0
535.0,0.012109844945371151,0.012109844945371151,0.0004695419338531792,0.0037120745982974768,0.0003702350950334221,10.0,1.0,10.0
536.0,0.010215798392891884,0.010215798392891884,0.0003480779123492539,0.0029455898329615593,0.0003789429320022464,10.0,1.0,10.0
537.0,0.005815932527184486,0.005815932527184486,0.000130011496366933,0.0028316639363765717,0.00016841536853462458,10.0,1.0,10.0
538.0,0.004076323006302118,0.004076323006302118,3.287317304057069e-05,0.002511779312044382,0.00012358120875433087,10.0,1.0,10.0
539.0,0.006150559522211552,0.006150559522211552,0.00013663498975802213,0.002580753993242979,0.00022034559515304863,10.0,1.0,10.0
540.0,0.008532443083822727,0.008532443083822727,0.0002790861763060093,0.0032047333661466837,0.0002536848478484899,10.0,1.0,10.0
541.0,0.008031703531742096,0.008031703531742096,0.00023484556004405022,0.002730027073994279,0.0002953221555799246,10.0,1.0,10.0
542.0,0.005475126206874847,0.005475126206874847,0.00011260921019129455,0.0027532652020454407,0.0001595769135747105,10.0,1.0,10.0
543.0,0.004017858766019344,0.004017858766019344,3.1390314688906074e-05,0.00245112762786448,0.00012528282240964472,10.0,1.0,10.0
544.0,0.004944971296936274,0.004944971296936274,7.580959936603904e-05,0.002465739380568266,0.0001721135777188465,10.0,1.0,10.0
545.0,0.006498422473669052,0.006498422473669052,0.0001703943416941911,0.00288619683124125,0.00019082819926552474,10.0,1.0,10.0
546.0,0.006540622096508741,0.006540622096508741,0.00015999797324184328,0.002573869889602065,0.0002366772387176752,10.0,1.0,10.0
547.0,0.005128209013491869,0.005128209013491869,9.50193134485744e-05,0.002673265989869833,0.00015047499618958682,10.0,1.0,10.0
548.0,0.004026289097964764,0.004026289097964764,3.344320793985389e-05,0.0024111364036798477,0.00012807206076104194,10.0,1.0,10.0
549.0,0.004315250553190708,0.004315250553190708,4.642668136511929e-05,0.002407688181847334,0.00014432956231757998,10.0,1.0,10.0
550.0,0.0052705854177474976,0.0052705854177474976,0.00010480432683834806,0.002684980630874634,0.00015375616203527898,10.0,1.0,10.0
551.0,0.005559075623750687,0.005559075623750687,0.00011219250882277265,0.0024736537598073483,0.0001963496906682849,10.0,1.0,10.0
552.0,0.00487362127751112,0.00487362127751112,8.273955609183758e-05,0.002617828780785203,0.00014283966447692364,10.0,1.0,10.0
553.0,0.0040727281011641026,0.0040727281011641026,3.7502362829400226e-05,0.002385062165558338,0.00013126424164511263,10.0,1.0,10.0
554.0,0.003985266201198101,0.003985266201198101,3.2866075343918055e-05,0.0023847937118262053,0.00012718119251076132,10.0,1.0,10.0
555.0,0.0044943466782569885,0.0044943466782569885,6.380431295838207e-05,0.0025429283268749714,0.00013133751053828746,10.0,1.0,10.0
556.0,0.004862035159021616,0.004862035159021616,7.866640953579918e-05,0.0024026408791542053,0.00016727302863728255,10.0,1.0,10.0
557.0,0.004655394237488508,0.004655394237488508,7.317116251215339e-05,0.0025641145184636116,0.00013595681230071932,10.0,1.0,10.0
558.0,0.004144005477428436,0.004144005477428436,4.28142593591474e-05,0.002358440775424242,0.00013574224431067705,10.0,1.0,10.0
559.0,0.003869930049404502,0.003869930049404502,3.031209053006023e-05,0.0023781827185302973,0.00011886264837812632,10.0,1.0,10.0
560.0,0.004023317247629166,0.004023317247629166,3.965518408222124e-05,0.002428272971883416,0.00011984923185082152,10.0,1.0,10.0
561.0,0.0043218196369707584,0.0043218196369707584,5.314629743224941e-05,0.00234513683244586,0.0001445219968445599,10.0,1.0,10.0
562.0,0.0043976809829473495,0.0043976809829473495,6.172004214022309e-05,0.0024944408796727657,0.00012860393326263875,10.0,1.0,10.0
563.0,0.004181439056992531,0.004181439056992531,4.652491770684719e-05,0.0023288282100111246,0.00013873615534976125,10.0,1.0,10.0
564.0,0.0039061037823557854,0.0039061037823557854,3.560239929356612e-05,0.002380701480433345,0.00011693785199895501,10.0,1.0,10.0
565.0,0.0038160826079547405,0.0038160826079547405,2.9817518225172535e-05,0.0023433680180460215,0.00011745394294848666,10.0,1.0,10.0
566.0,0.003932158928364515,0.003932158928364515,3.581335840863176e-05,0.0023085917346179485,0.00012654335296247154,10.0,1.0,10.0
567.0,0.0040812501683831215,0.0040812501683831215,4.6712735638720915e-05,0.0024114293046295643,0.00012026935291942209,10.0,1.0,10.0
568.0,0.00409759022295475,0.00409759022295475,4.4403746869647875e-05,0.002299053594470024,0.00013544995454140007,10.0,1.0,10.0
569.0,0.0039699869230389595,0.0039699869230389595,4.195106157567352e-05,0.002379294717684388,0.00011711815022863448,10.0,1.0,10.0
570.0,0.00381725886836648,0.00381725886836648,3.1311192287830636e-05,0.002291892422363162,0.0001212254719575867,10.0,1.0,10.0
571.0,0.003756344085559249,0.003756344085559249,2.996266084664967e-05,0.002300102962180972,0.00011566144530661404,10.0,1.0,10.0
572.0,0.003803145606070757,0.003803145606070757,3.3348824217682704e-05,0.002327234949916601,0.00011424224794609472,10.0,1.0,10.0
573.0,0.003882040036842227,0.003882040036842227,3.597465911298059e-05,0.002270171884447336,0.00012521215830929577,10.0,1.0,10.0
574.0,0.003908129408955574,0.003908129408955574,4.092427116120234e-05,0.0023476537317037582,0.00011512331548146904,10.0,1.0,10.0
575.0,0.003856887575238943,0.003856887575238943,3.540461329976097e-05,0.002258947119116783,0.00012438945122994483,10.0,1.0,10.0
576.0,0.0037695078644901514,0.0037695078644901514,3.390256824786775e-05,0.0023042894899845123,0.00011261928011663258,10.0,1.0,10.0
577.0,0.0037064014468342066,0.0037064014468342066,2.955769741674885e-05,0.002260318025946617,0.00011505063594086096,10.0,1.0,10.0
578.0,0.0036976132541894913,0.0036976132541894913,2.959520134027116e-05,0.002253864658996463,0.00011477966472739354,10.0,1.0,10.0
579.0,0.0037280023097991943,0.0037280023097991943,3.29441754729487e-05,0.002281449269503355,0.00011171112419106066,10.0,1.0,10.0
580.0,0.003758565988391638,0.003758565988391638,3.289387677796185e-05,0.0022300509735941887,0.00011995762906735763,10.0,1.0,10.0
581.0,0.0037589871790260077,0.0037589871790260077,3.585092781577259e-05,0.002284096088260412,0.00011163817544002086,10.0,1.0,10.0
582.0,0.0037259459495544434,0.0037259459495544434,3.23131971526891e-05,0.002218524692580104,0.00011842894309666008,10.0,1.0,10.0
583.0,0.0036787502467632294,0.0036787502467632294,3.1850635423325e-05,0.0022530420683324337,0.00011072018969571218,10.0,1.0,10.0
584.0,0.0036415779031813145,0.0036415779031813145,2.9611590434797108e-05,0.0022176948841661215,0.00011277670273557305,10.0,1.0,10.0
585.0,0.0036273289006203413,0.0036273289006203413,2.915693767135963e-05,0.0022164855618029833,0.00011192739475518465,10.0,1.0,10.0
586.0,0.0036326791159808636,0.0036326791159808636,3.074793130508624e-05,0.0022272539790719748,0.00010979457874782383,10.0,1.0,10.0
587.0,0.003644064534455538,0.003644064534455538,3.0511471777572297e-05,0.002193282125517726,0.00011456677020760253,10.0,1.0,10.0
588.0,0.0036477958783507347,0.0036477958783507347,3.2613654184388e-05,0.0022295911330729723,0.00010920681961579248,10.0,1.0,10.0
589.0,0.003637517336755991,0.003637517336755991,3.114044011454098e-05,0.0021803814452141523,0.00011457315849838778,10.0,1.0,10.0
590.0,0.003615627298131585,0.003615627298131585,3.1553579901810735e-05,0.0022135148756206036,0.00010865765943890437,10.0,1.0,10.0
591.0,0.003589810337871313,0.003589810337871313,2.9836806788807735e-05,0.0021741525270044804,0.00011172897211508825,10.0,1.0,10.0
592.0,0.0035679382272064686,0.0035679382272064686,2.956848038593307e-05,0.0021872175857424736,0.00010850359831238165,10.0,1.0,10.0
593.0,0.003554319264367223,0.003554319264367223,2.917740675911773e-05,0.0021738242357969284,0.00010887209646170959,10.0,1.0,10.0
594.0,0.003548692213371396,0.003548692213371396,2.915921140811406e-05,0.0021630714181810617,0.00010940286301774904,10.0,1.0,10.0
595.0,0.0035475746262818575,0.0035475746262818575,2.995186332555022e-05,0.002174362074583769,0.00010736938565969467,10.0,1.0,10.0
596.0,0.003546574618667364,0.003546574618667364,2.9741955586359836e-05,0.0021453816443681717,0.00011037734657293186,10.0,1.0,10.0
597.0,0.00354238273575902,0.00354238273575902,3.071422179345973e-05,0.002168976003304124,0.00010662643035175279,10.0,1.0,10.0
598.0,0.003533728886395693,0.003533728886395693,2.984483217005618e-05,0.0021328595466911793,0.00011024210107279941,10.0,1.0,10.0
599.0,0.0035212214570492506,0.0035212214570492506,3.051918247365393e-05,0.0021556983701884747,0.00010603312694001943,10.0,1.0,10.0
600.0,0.0035066106356680393,0.0035066106356680393,2.9306176656973548e-05,0.0021238874178379774,0.00010896612366195768,10.0,1.0,10.0
601.0,0.0034918265882879496,0.0034918265882879496,2.9743285267613828e-05,0.0021377301309257746,0.0001056663750205189,10.0,1.0,10.0
602.0,0.0034783855080604553,0.0034783855080604553,2.8835111152147874e-05,0.0021174156572669744,0.00010726186883402988,10.0,1.0,10.0
603.0,0.0034670368768274784,0.0034670368768274784,2.9080032618367113e-05,0.0021192680578678846,0.00010569683945504948,10.0,1.0,10.0
604.0,0.0034578293561935425,0.0034578293561935425,2.8846161512774415e-05,0.0021120798774063587,0.00010572880273684859,10.0,1.0,10.0
605.0,0.0034503149800002575,0.0034503149800002575,2.8797334380215034e-05,0.00210263067856431,0.00010597110667731613,10.0,1.0,10.0
606.0,0.003443838329985738,0.003443838329985738,2.9185786843299866e-05,0.0021063117310404778,0.00010456686868565157,10.0,1.0,10.0
607.0,0.003437741892412305,0.003437741892412305,2.878523628169205e-05,0.002088188659399748,0.00010617009684210643,10.0,1.0,10.0
608.0,0.0034315362572669983,0.0034315362572669983,2.951973510789685e-05,0.002099085133522749,0.00010372536780778319,10.0,1.0,10.0
609.0,0.0034249252639710903,0.0034249252639710903,2.8861637474619783e-05,0.002075407886877656,0.00010609011224005371,10.0,1.0,10.0
610.0,0.0034178097266703844,0.0034178097266703844,2.966560896311421e-05,0.002090218709781766,0.00010309350182069466,10.0,1.0,10.0
611.0,0.003410222940146923,0.003410222940146923,2.8922084311489016e-05,0.0020636413246393204,0.00010573608597042039,10.0,1.0,10.0
612.0,0.0034022824838757515,0.0034022824838757515,2.9649261705344543e-05,0.00208012736402452,0.00010256626410409808,10.0,1.0,10.0
613.0,0.003394143655896187,0.003394143655896187,2.893735836551059e-05,0.0020523725543171167,0.00010523974924581125,10.0,1.0,10.0
614.0,0.0033859689719974995,0.0033859689719974995,2.958674667752348e-05,0.0020694881677627563,0.00010206134174950421,10.0,1.0,10.0
615.0,0.0033779144287109375,0.0033779144287109375,2.891930125770159e-05,0.0020411997102200985,0.00010475218005012721,10.0,1.0,10.0
616.0,0.003370118560269475,0.003370118560269475,2.9581973649328575e-05,0.002058995421975851,0.0001015303423628211,10.0,1.0,10.0
617.0,0.0033627543598413467,0.0033627543598413467,2.8907761588925496e-05,0.002029817085713148,0.0001043859519995749,10.0,1.0,10.0
618.0,0.003356010653078556,0.003356010653078556,2.9712058676523156e-05,0.0020493133924901485,0.00010095767356688157,10.0,1.0,10.0
619.0,0.0033501526340842247,0.0033501526340842247,2.8980790375499055e-05,0.002017947379499674,0.00010423973435536027,10.0,1.0,10.0
620.0,0.0033455570228397846,0.0033455570228397846,3.007362101925537e-05,0.002041211584582925,0.00010036093590315431,10.0,1.0,10.0
621.0,0.003342791460454464,0.003342791460454464,2.9285369237186387e-05,0.0020053493790328503,0.00010445884254295379,10.0,1.0,10.0
622.0,0.0033427560701966286,0.0033427560701966286,3.087751247221604e-05,0.0020358245819807053,9.981563198380172e-05,10.0,1.0,10.0
623.0,0.003346872515976429,0.003346872515976429,3.013900641235523e-05,0.00199192319996655,0.00010535592446103692,10.0,1.0,10.0
624.0,0.0033574297558516264,0.0033574297558516264,3.267045394750312e-05,0.0020353037398308516,9.954215784091502e-05,10.0,1.0,10.0
625.0,0.0033781789243221283,0.0033781789243221283,3.2334417483070865e-05,0.0019780865404754877,0.00010767482308438048,10.0,1.0,10.0
626.0,0.0034153168089687824,0.0034153168089687824,3.688420474645682e-05,0.0020443559624254704,0.00010021188791142777,10.0,1.0,10.0
627.0,0.0034792248625308275,0.0034792248625308275,3.8038451748434454e-05,0.00196625292301178,0.00011325874947942793,10.0,1.0,10.0
628.0,0.0035875935573130846,0.0035875935573130846,4.7413039283128455e-05,0.002074300078675151,0.00010391629621153697,10.0,1.0,10.0
629.0,0.003770653158426285,0.003770653158426285,5.3498446504818276e-05,0.001965755596756935,0.0001269913191208616,10.0,1.0,10.0
630.0,0.004080821759998798,0.004080821759998798,7.541620288975537e-05,0.0021545460913330317,0.00011721134069375694,10.0,1.0,10.0
631.0,0.0046084425412118435,0.0046084425412118435,9.733902697917074e-05,0.0020091685000807047,0.00016258838877547532,10.0,1.0,10.0
632.0,0.005509968381375074,0.005509968381375074,0.00015387449820991606,0.0023656163830310106,0.00016056072490755469,10.0,1.0,10.0
633.0,0.007047648075968027,0.007047648075968027,0.00022509510745294392,0.002202891046181321,0.00025938061298802495,10.0,1.0,10.0
634.0,0.009647339582443237,0.009647339582443237,0.00037739649997092783,0.002926100045442581,0.0002947275061160326,10.0,1.0,10.0
635.0,0.01391713134944439,0.01391713134944439,0.0005863083060830832,0.0028497204184532166,0.000520432717166841,10.0,1.0,10.0
636.0,0.020544197410345078,0.020544197410345078,0.0009616438183002174,0.004312865901738405,0.0006614893209189177,10.0,1.0,10.0
637.0,0.029654886573553085,0.029654886573553085,0.001416828716173768,0.0044506751000881195,0.0011035925708711147,10.0,1.0,10.0
638.0,0.03950151056051254,0.03950151056051254,0.0019754371605813503,0.006634730380028486,0.0013112406013533473,10.0,1.0,10.0
639.0,0.044792190194129944,0.044792190194129944,0.0022184737026691437,0.006029345095157623,0.0016578108770772815,10.0,1.0,10.0
640.0,0.0390591137111187,0.0390591137111187,0.0019556188490241766,0.006555924657732248,0.001294699963182211,10.0,1.0,10.0
641.0,0.022479716688394547,0.022479716688394547,0.0010385854402557015,0.00367359584197402,0.0008420264930464327,10.0,1.0,10.0
642.0,0.006799599155783653,0.006799599155783653,0.00023116817465052009,0.002477772533893585,0.00020101449626963586,10.0,1.0,10.0
643.0,0.003979113884270191,0.003979113884270191,6.686124106636271e-05,0.0020831653382629156,0.0001227336033480242,10.0,1.0,10.0
644.0,0.012812171131372452,0.012812171131372452,0.0005332924774847925,0.0026849224232137203,0.00047943240497261286,10.0,1.0,10.0
645.0,0.021214468404650688,0.021214468404650688,0.000998559407889843,0.004367326386272907,0.0006861548172309995,10.0,1.0,10.0
646.0,0.01921178586781025,0.01921178586781025,0.0008672536350786686,0.0033284425735473633,0.0007210807525552809,10.0,1.0,10.0
647.0,0.00943979062139988,0.00943979062139988,0.0003742047993000597,0.0028422100003808737,0.00028555322205647826,10.0,1.0,10.0
648.0,0.0033594632986932993,0.0033594632986932993,2.685777326405514e-05,0.001908071804791689,0.0001182813648483716,10.0,1.0,10.0
649.0,0.006475813686847687,0.006475813686847687,0.00020184936875011772,0.002097310032695532,0.000236001011217013,10.0,1.0,10.0
650.0,0.012442652136087418,0.012442652136087418,0.0005248480010777712,0.0032753616105765104,0.00039188103983178735,10.0,1.0,10.0
651.0,0.012651635333895683,0.012651635333895683,0.000521207635756582,0.002688714535906911,0.0004750844673253596,10.0,1.0,10.0
652.0,0.007164161652326584,0.007164161652326584,0.00025187962455675006,0.002546267118304968,0.00020990980556234717,10.0,1.0,10.0
653.0,0.0033481228165328503,0.0033481228165328503,2.4933178792707622e-05,0.0019111786969006062,0.0001187612215289846,10.0,1.0,10.0
654.0,0.00519693223759532,0.00519693223759532,0.0001355260465061292,0.0019930927082896233,0.00018485788314137608,10.0,1.0,10.0
655.0,0.008701715618371964,0.008701715618371964,0.0003218138590455055,0.0027677614707499743,0.0002715815498959273,10.0,1.0,10.0
656.0,0.00849827378988266,0.00849827378988266,0.000303330976748839,0.002285626484081149,0.0003179337363690138,10.0,1.0,10.0
657.0,0.005118990782648325,0.005118990782648325,0.00014136516256257892,0.0022376093547791243,0.0001467729889554903,10.0,1.0,10.0
658.0,0.0032473483588546515,0.0032473483588546515,2.186655365221668e-05,0.0019029814284294844,0.000112570145574864,10.0,1.0,10.0
659.0,0.004728725180029869,0.004728725180029869,0.0001110942248487845,0.0019354206742718816,0.00016823621990624815,10.0,1.0,10.0
660.0,0.006632703356444836,0.006632703356444836,0.0002103676088154316,0.0024579912424087524,0.0002071036142297089,10.0,1.0,10.0
661.0,0.006048360839486122,0.006048360839486122,0.00017726582882460207,0.002043166197836399,0.00022325364989228547,10.0,1.0,10.0
662.0,0.003964274190366268,0.003964274190366268,7.80396003392525e-05,0.002041541039943695,0.00011423372779972851,10.0,1.0,10.0
663.0,0.0032143564894795418,0.0032143564894795418,2.3705950297880918e-05,0.0018977526342496276,0.00010795443085953593,10.0,1.0,10.0
664.0,0.004338199272751808,0.004338199272751808,9.270499140257016e-05,0.001889165723696351,0.00015219835040625185,10.0,1.0,10.0
665.0,0.005300067365169525,0.005300067365169525,0.0001383305643685162,0.0022552073933184147,0.00016615542699582875,10.0,1.0,10.0
666.0,0.004677862394601107,0.004677862394601107,0.00010907617979682982,0.001914971275255084,0.0001672129292273894,10.0,1.0,10.0
667.0,0.0034307821188122034,0.0034307821188122034,4.828365126741119e-05,0.0019447198137640953,0.00010032258433056995,10.0,1.0,10.0
668.0,0.0031758465338498354,0.0031758465338498354,2.520682755857706e-05,0.0018892927328124642,0.00010344854672439396,10.0,1.0,10.0
669.0,0.003938775509595871,0.003938775509595871,7.413080311380327e-05,0.0018518532160669565,0.00013456142914947122,10.0,1.0,10.0
670.0,0.004428300075232983,0.004428300075232983,9.207353286910802e-05,0.0021159928292036057,0.00013915720046497881,10.0,1.0,10.0
671.0,0.003957100212574005,0.003957100212574005,7.406477379845455e-05,0.001848782179877162,0.00013676700473297387,10.0,1.0,10.0
672.0,0.003209922695532441,0.003209922695532441,3.566305531421676e-05,0.001893290551379323,9.600014163879678e-05,10.0,1.0,10.0
673.0,0.0031015861313790083,0.0031015861313790083,2.534311352064833e-05,0.001862278557382524,9.858763951342553e-05,10.0,1.0,10.0
674.0,0.0035753129050135612,0.0035753129050135612,5.647728539770469e-05,0.0018138685263693333,0.00011966713645961136,10.0,1.0,10.0
675.0,0.0038652047514915466,0.0038652047514915466,6.419136479962617e-05,0.0020078164525330067,0.00012154748401371762,10.0,1.0,10.0
676.0,0.0035836463794112206,0.0035836463794112206,5.6691271311137825e-05,0.001805665553547442,0.0001211068156408146,10.0,1.0,10.0
677.0,0.0031229867599904537,0.0031229867599904537,3.062219184357673e-05,0.001857514027506113,9.592509013600647e-05,10.0,1.0,10.0
678.0,0.003021310782060027,0.003021310782060027,2.5266237571486272e-05,0.0018227408872917295,9.459075954509899e-05,10.0,1.0,10.0
679.0,0.0032858860213309526,0.0032858860213309526,4.218326648697257e-05,0.0017808807315304875,0.00010831726831384003,10.0,1.0,10.0
680.0,0.00349233765155077,0.00349233765155077,4.76998247904703e-05,0.001923650037497282,0.0001091689191525802,10.0,1.0,10.0
681.0,0.003371080383658409,0.003371080383658409,4.740844087791629e-05,0.0017753737047314644,0.0001121622190112248,10.0,1.0,10.0
682.0,0.0030890596099197865,0.0030890596099197865,2.9034228646196425e-05,0.0018344437703490257,9.642733493819833e-05,10.0,1.0,10.0
683.0,0.002966480329632759,0.002966480329632759,2.5791268853936344e-05,0.00178653618786484,9.220314677804708e-05,10.0,1.0,10.0
684.0,0.003080786671489477,0.003080786671489477,3.196040779585019e-05,0.001760146813467145,0.00010010359255829826,10.0,1.0,10.0
685.0,0.003230671864002943,0.003230671864002943,3.7669346056645736e-05,0.001859043026342988,9.949353989213705e-05,10.0,1.0,10.0
686.0,0.0032183488365262747,0.0032183488365262747,4.088221976417117e-05,0.0017527841264382005,0.00010567426215857267,10.0,1.0,10.0
687.0,0.003065684111788869,0.003065684111788869,2.919876169471536e-05,0.0018169170944020152,9.567793313181028e-05,10.0,1.0,10.0
688.0,0.002943068975582719,0.002943068975582719,2.7080193831352517e-05,0.0017558488762006164,9.164181392407045e-05,10.0,1.0,10.0
689.0,0.0029552169144153595,0.0029552169144153595,2.5853305487544276e-05,0.0017474021296948195,9.492817480349913e-05,10.0,1.0,10.0
690.0,0.0030442511197179556,0.0030442511197179556,3.155723970849067e-05,0.0018035186221823096,9.251599840354174e-05,10.0,1.0,10.0
691.0,0.0030852172058075666,0.0030852172058075666,3.4758300898829475e-05,0.0017308731330558658,0.00010067611583508551,10.0,1.0,10.0
692.0,0.003029294079169631,0.003029294079169631,3.0089489882811904e-05,0.0017942978302016854,9.341014811070636e-05,10.0,1.0,10.0
693.0,0.002936813049018383,0.002936813049018383,2.822436908900272e-05,0.0017269959207624197,9.275736374547705e-05,10.0,1.0,10.0
694.0,0.0028932387940585613,0.0028932387940585613,2.380682599323336e-05,0.0017371257999911904,9.180447523249313e-05,10.0,1.0,10.0
695.0,0.0029189942870289087,0.0029189942870289087,2.7655099984258413e-05,0.0017527659656479955,8.89677248778753e-05,10.0,1.0,10.0
696.0,0.002963508013635874,0.002963508013635874,2.898813363572117e-05,0.0017100656405091286,9.635609603719786e-05,10.0,1.0,10.0
697.0,0.0029690456576645374,0.0029690456576645374,3.0074457754381e-05,0.0017637748969718814,9.045260958373547e-05,10.0,1.0,10.0
698.0,0.0029267200734466314,0.0029267200734466314,2.8386686608428136e-05,0.0017020064406096935,9.408467303728685e-05,10.0,1.0,10.0
699.0,0.0028742847498506308,0.0028742847498506308,2.5159159122267738e-05,0.0017286327201873064,8.940602856455371e-05,10.0,1.0,10.0
700.0,0.0028514747973531485,0.0028514747973531485,2.5435623683733866e-05,0.001710975426249206,8.861431706463918e-05,10.0,1.0,10.0
701.0,0.0028639098163694143,0.0028639098163694143,2.52003846981097e-05,0.0016955434111878276,9.16362478164956e-05,10.0,1.0,10.0
702.0,0.0028854403644800186,0.0028854403644800186,2.7837306333822198e-05,0.0017273627454414964,8.797045302344486e-05,10.0,1.0,10.0
703.0,0.0028876815922558308,0.0028876815922558308,2.7262683943263255e-05,0.0016822746256366372,9.327801672043279e-05,10.0,1.0,10.0
704.0,0.002864563837647438,0.002864563837647438,2.7160604076925665e-05,0.0017167998012155294,8.761578646954149e-05,10.0,1.0,10.0
705.0,0.0028324443846940994,0.0028324443846940994,2.5207691578543745e-05,0.0016801516758278012,9.002159640658647e-05,10.0,1.0,10.0
706.0,0.0028118013869971037,0.0028118013869971037,2.4802320695016533e-05,0.001687529031187296,8.762491779634729e-05,10.0,1.0,10.0
707.0,0.002809900091961026,0.002809900091961026,2.4864937586244196e-05,0.0016885845689103007,8.726662053959444e-05,10.0,1.0,10.0
708.0,0.0028180619701743126,0.0028180619701743126,2.5568509954609908e-05,0.0016663309652358294,8.960460399976e-05,10.0,1.0,10.0
709.0,0.002821938367560506,0.002821938367560506,2.6369532861281186e-05,0.00169227400328964,8.659690502099693e-05,10.0,1.0,10.0
710.0,0.002813579747453332,0.002813579747453332,2.576478618721012e-05,0.0016563984099775553,8.995334792416543e-05,10.0,1.0,10.0
711.0,0.0027958049904555082,0.0027958049904555082,2.5862140319077298e-05,0.0016778138233348727,8.593696838943288e-05,10.0,1.0,10.0
712.0,0.0027776830829679966,0.0027776830829679966,2.4333814508281648e-05,0.001654378604143858,8.799663191894069e-05,10.0,1.0,10.0
713.0,0.002766629448160529,0.002766629448160529,2.507415229047183e-05,0.0016554705798625946,8.604174217907712e-05,10.0,1.0,10.0
714.0,0.002763667143881321,0.002763667143881321,2.417190989945084e-05,0.0016574312467128038,8.645167690701783e-05,10.0,1.0,10.0
715.0,0.002764243632555008,0.002764243632555008,2.5506404199404642e-05,0.0016385717317461967,8.706077642273158e-05,10.0,1.0,10.0
716.0,0.002762531628832221,0.002762531628832221,2.4897333787521347e-05,0.0016561901429668069,8.573680679546669e-05,10.0,1.0,10.0
717.0,0.0027555099222809076,0.0027555099222809076,2.5432218535570428e-05,0.001629105769097805,8.720820187591016e-05,10.0,1.0,10.0
718.0,0.0027441978454589844,0.0027441978454589844,2.4879595002857968e-05,0.0016448331298306584,8.505686128046364e-05,10.0,1.0,10.0
719.0,0.0027320515364408493,0.0027320515364408493,2.4480368665535934e-05,0.0016252787318080664,8.619690197519958e-05,10.0,1.0,10.0
720.0,0.002722343197092414,0.002722343197092414,2.468093589413911e-05,0.001628258847631514,8.472750778310001e-05,10.0,1.0,10.0
721.0,0.0027162509504705667,0.0027162509504705667,2.3939875973155722e-05,0.0016246902523562312,8.521618292434141e-05,10.0,1.0,10.0
722.0,0.002712721936404705,0.002712721936404705,2.500030313967727e-05,0.0016135593177750707,8.491594053339213e-05,10.0,1.0,10.0
723.0,0.002709578489884734,0.002709578489884734,2.4013459551497363e-05,0.0016225868603214622,8.468570013064891e-05,10.0,1.0,10.0
724.0,0.0027049288619309664,0.0027049288619309664,2.5253306375816464e-05,0.0016031257109716535,8.492699998896569e-05,10.0,1.0,10.0
725.0,0.0026981057599186897,0.0026981057599186897,2.4022945581236854e-05,0.0016151961171999574,8.426802378380671e-05,10.0,1.0,10.0
726.0,0.002689665649086237,0.002689665649086237,2.4975295673357323e-05,0.0015963660553097725,8.435465133516118e-05,10.0,1.0,10.0
727.0,0.0026808329857885838,0.0026808329857885838,2.3869743017712608e-05,0.0016032372368499637,8.388982678297907e-05,10.0,1.0,10.0
728.0,0.002672751434147358,0.002672751434147358,2.4524277250748128e-05,0.0015920593868941069,8.354492456419393e-05,10.0,1.0,10.0
729.0,0.0026659767609089613,0.0026659767609089613,2.3886837880127132e-05,0.0015901068691164255,8.370014256797731e-05,10.0,1.0,10.0
730.0,0.0026604027952998877,0.0026604027952998877,2.429587038932368e-05,0.0015883867163211107,8.290573896374553e-05,10.0,1.0,10.0
731.0,0.0026554767973721027,0.0026554767973721027,2.4094641048577614e-05,0.001578398747369647,8.361315849469975e-05,10.0,1.0,10.0
732.0,0.002650525653734803,0.002650525653734803,2.4237036996055394e-05,0.0015833140350878239,8.248412632383406e-05,10.0,1.0,10.0
733.0,0.0026450699660927057,0.0026450699660927057,2.4234162992797792e-05,0.0015689076390117407,8.338206680491567e-05,10.0,1.0,10.0
734.0,0.002638929756358266,0.002638929756358266,2.4155888240784407e-05,0.0015758085064589977,8.215623529395089e-05,10.0,1.0,10.0
735.0,0.0026322253979742527,0.0026322253979742527,2.4171160475816578e-05,0.001561392331495881,8.291214180644602e-05,10.0,1.0,10.0
736.0,0.0026252293027937412,0.0026252293027937412,2.402338941465132e-05,0.0015662959776818752,8.186992636183277e-05,10.0,1.0,10.0
737.0,0.0026182630099356174,0.0026182630099356174,2.3994691218831576e-05,0.0015552351251244545,8.230811363318935e-05,10.0,1.0,10.0
738.0,0.0026115530636161566,0.0026115530636161566,2.3925042114569806e-05,0.001555945724248886,8.163568418240175e-05,10.0,1.0,10.0
739.0,0.002605211455374956,0.002605211455374956,2.3834340026951395e-05,0.0015496870037168264,8.171812078217044e-05,10.0,1.0,10.0
740.0,0.002599219558760524,0.002599219558760524,2.3903121473267674e-05,0.0015457825502380729,8.144057937897742e-05,10.0,1.0,10.0
741.0,0.0025934893637895584,0.0025934893637895584,2.373573079239577e-05,0.0015440082643181086,8.12123907962814e-05,10.0,1.0,10.0
742.0,0.00258789979852736,0.00258789979852736,2.392346868873574e-05,0.0015363112324848771,8.123539737425745e-05,10.0,1.0,10.0
743.0,0.0025823393370956182,0.0025823393370956182,2.3673052055528387e-05,0.0015377033269032836,8.079054532572627e-05,10.0,1.0,10.0
744.0,0.0025767243932932615,0.0025767243932932615,2.3934266209835187e-05,0.0015276129124686122,8.09768753242679e-05,10.0,1.0,10.0
745.0,0.0025710100308060646,0.0025710100308060646,2.3610813514096662e-05,0.0015306291170418262,8.042728586588055e-05,10.0,1.0,10.0
746.0,0.00256519066169858,0.00256519066169858,2.3913300537969917e-05,0.0015195540618151426,8.065035217441618e-05,10.0,1.0,10.0
747.0,0.0025592728052288294,0.0025592728052288294,2.3531780243502e-05,0.0015229280106723309,8.010269812075421e-05,10.0,1.0,10.0
748.0,0.002553302561864257,0.002553302561864257,2.387155473115854e-05,0.0015119356103241444,8.026514115044847e-05,10.0,1.0,10.0
749.0,0.0025473020505160093,0.0025473020505160093,2.3432172383763827e-05,0.0015148649690672755,7.981153612490743e-05,10.0,1.0,10.0
750.0,0.0025412971153855324,0.0025412971153855324,2.383392711635679e-05,0.0015045751351863146,7.983828254509717e-05,10.0,1.0,10.0
751.0,0.002535314531996846,0.002535314531996846,2.3306107323151082e-05,0.0015066992491483688,7.955542241688818e-05,10.0,1.0,10.0
752.0,0.0025293820071965456,0.0025293820071965456,2.3830478312447667e-05,0.001497324206866324,7.937529153423384e-05,10.0,1.0,10.0
753.0,0.0025234988424926996,0.0025234988424926996,2.3136615709518082e-05,0.0014986132737249136,7.935194298624992e-05,10.0,1.0,10.0
754.0,0.0025176950730383396,0.0025176950730383396,2.3900094674900174e-05,0.0014900821261107922,7.886119419708848e-05,10.0,1.0,10.0
755.0,0.002512010745704174,0.002512010745704174,2.2885364160174504e-05,0.001490717171691358,7.924398960312828e-05,10.0,1.0,10.0
756.0,0.00250649219378829,0.00250649219378829,2.410920751572121e-05,0.0014827928971499205,7.826072396710515e-05,10.0,1.0,10.0
757.0,0.0025012525729835033,0.0025012525729835033,2.248533746751491e-05,0.0014830883592367172,7.933109009172767e-05,10.0,1.0,10.0
758.0,0.0024964921176433563,0.0024964921176433563,2.459169627400115e-05,0.0014754768926650286,7.75098378653638e-05,10.0,1.0,10.0
759.0,0.0024926180485635996,0.0024926180485635996,2.182487878599204e-05,0.0014758594334125519,7.985098636709154e-05,10.0,1.0,10.0
760.0,0.002490385202690959,0.002490385202690959,2.56545863521751e-05,0.0014683324843645096,7.655069202883169e-05,10.0,1.0,10.0
761.0,0.002491289982572198,0.002491289982572198,2.0759312974405475e-05,0.0014694982673972845,8.141985745169222e-05,10.0,1.0,10.0
762.0,0.0024982979521155357,0.0024982979521155357,2.8077327442588285e-05,0.0014622054295614362,7.553191971965134e-05,10.0,1.0,10.0
763.0,0.0025172755122184753,0.0025172755122184753,1.9303015506011434e-05,0.0014657763531431556,8.58468993101269e-05,10.0,1.0,10.0
764.0,0.0025601028464734554,0.0025601028464734554,3.410193312447518e-05,0.0014605351025238633,7.585484127048403e-05,10.0,1.0,10.0
765.0,0.0026506795547902584,0.0026506795547902584,1.8773676856653765e-05,0.0014717041049152613,9.912388486554846e-05,10.0,1.0,10.0
766.0,0.00283809588290751,0.00283809588290751,5.104855154058896e-05,0.0014774540904909372,8.501562115270644e-05,10.0,1.0,10.0
767.0,0.003220651298761368,0.003220651298761368,2.738437797233928e-05,0.0015159434406086802,0.00014308642130345106,10.0,1.0,10.0
768.0,0.00399824371561408,0.00399824371561408,0.00010506952094146982,0.001571229542605579,0.00013763191236648709,10.0,1.0,10.0
769.0,0.005541907623410225,0.005541907623410225,8.404976688325405e-05,0.001712700119242072,0.0002988710184581578,10.0,1.0,10.0
770.0,0.008511477150022984,0.008511477150022984,0.0002859932428691536,0.0019590742886066437,0.0003692470781970769,10.0,1.0,10.0
771.0,0.013667852617800236,0.013667852617800236,0.00032158850808627903,0.0024133322294801474,0.0008038635714910924,10.0,1.0,10.0
772.0,0.021214120090007782,0.021214120090007782,0.0007647840538993478,0.0030751125887036324,0.0010491167195141315,10.0,1.0,10.0
773.0,0.02810019999742508,0.02810019999742508,0.0007976276101544499,0.003655308624729514,0.0016468614339828491,10.0,1.0,10.0
774.0,0.02848719246685505,0.02848719246685505,0.0010828945087268949,0.003791757393628359,0.0013866489753127098,10.0,1.0,10.0
775.0,0.019702540710568428,0.019702540710568428,0.0006504076300188899,0.002897924277931452,0.0010300539433956146,10.0,1.0,10.0
776.0,0.01183309592306614,0.01183309592306614,0.0005405691335909069,0.002639292972162366,0.0003788112080655992,10.0,1.0,10.0
777.0,0.015297818928956985,0.015297818928956985,0.0006701787933707237,0.002526083029806614,0.0006069947849027812,10.0,1.0,10.0
778.0,0.025454267859458923,0.025454267859458923,0.0009234095923602581,0.004229248501360416,0.001199092366732657,10.0,1.0,10.0
779.0,0.027728162705898285,0.027728162705898285,0.0011386200785636902,0.0036373157054185867,0.0012704646214842796,10.0,1.0,10.0
780.0,0.017939507961273193,0.017939507961273193,0.000699103344231844,0.003458905266597867,0.0007489570416510105,10.0,1.0,10.0
781.0,0.010100655257701874,0.010100655257701874,0.00041785300709307194,0.0020247080828994513,0.0003897417918778956,10.0,1.0,10.0
782.0,0.011958230286836624,0.011958230286836624,0.00047684693709015846,0.002366220811381936,0.00048235402209684253,10.0,1.0,10.0
783.0,0.012859798967838287,0.012859798967838287,0.0003170062555000186,0.0023303895723074675,0.0007359347073361278,10.0,1.0,10.0
784.0,0.006468254141509533,0.006468254141509533,0.00019824736227747053,0.0016844342462718487,0.00028013461269438267,10.0,1.0,10.0
785.0,0.0028331661596894264,0.0028331661596894264,4.957268538419157e-05,0.0014970048796385527,8.404344407608733e-05,10.0,1.0,10.0
786.0,0.0077481563203036785,0.0077481563203036785,0.00018900838040281087,0.001833172864280641,0.00040248993900604546,10.0,1.0,10.0
787.0,0.011542480438947678,0.011542480438947678,0.0004454955633264035,0.0023094515781849623,0.0004778072761837393,10.0,1.0,10.0
788.0,0.008305970579385757,0.008305970579385757,0.0002528616169001907,0.0018594884313642979,0.0003917865687981248,10.0,1.0,10.0
789.0,0.005529437214136124,0.005529437214136124,0.0001879431656561792,0.001913661602884531,0.00017363436927553266,10.0,1.0,10.0
790.0,0.007106440607458353,0.007106440607458353,0.00024147181829903275,0.001713195233605802,0.0002978527045343071,10.0,1.0,10.0
791.0,0.006847585551440716,0.006847585551440716,0.000136103670229204,0.001943355891853571,0.00035431928699836135,10.0,1.0,10.0
792.0,0.0033707795664668083,0.0033707795664668083,7.464743976015598e-05,0.001435278682038188,0.00011890266614500433,10.0,1.0,10.0
793.0,0.002785599557682872,0.002785599557682872,4.713274392997846e-05,0.0013792578829452395,9.350142499897629e-05,10.0,1.0,10.0
794.0,0.005480040330439806,0.005480040330439806,0.00010623484558891505,0.0018082506721839309,0.00026094409986399114,10.0,1.0,10.0
795.0,0.005963471718132496,0.005963471718132496,0.00018932441889774054,0.0016099080676212907,0.0002460319665260613,10.0,1.0,10.0
796.0,0.004167248494923115,0.004167248494923115,0.00010619457316352054,0.0016994272591546178,0.0001405875664204359,10.0,1.0,10.0
797.0,0.004100300371646881,0.004100300371646881,8.501014235662296e-05,0.0014795028837397695,0.00017706963990349323,10.0,1.0,10.0
798.0,0.004919315688312054,0.004919315688312054,0.00015237348270602524,0.001634084153920412,0.00017614969692658633,10.0,1.0,10.0
799.0,0.0037762755528092384,0.0037762755528092384,4.819171590497717e-05,0.0014887833967804909,0.0001805575011530891,10.0,1.0,10.0
800.0,0.0023713139817118645,0.0023713139817118645,2.6570007321424782e-05,0.001372231636196375,7.333823305089027e-05,10.0,1.0,10.0
801.0,0.0030162804760038853,0.0030162804760038853,6.268169090617448e-05,0.0014258946757763624,9.635690366849303e-05,10.0,1.0,10.0
802.0,0.003948715981096029,0.003948715981096029,5.4842126701259986e-05,0.0014941120753064752,0.0001906182587845251,10.0,1.0,10.0
803.0,0.003460814245045185,0.003460814245045185,8.980023994809017e-05,0.0015143763739615679,0.00010484355880180374,10.0,1.0,10.0
804.0,0.0030206087976694107,0.0030206087976694107,5.639704977511428e-05,0.0013721892610192299,0.00010844489588635042,10.0,1.0,10.0
805.0,0.003518164623528719,0.003518164623528719,5.871951361768879e-05,0.0015712154563516378,0.00013597539509646595,10.0,1.0,10.0
806.0,0.0035288864746689796,0.0035288864746689796,8.467781299259514e-05,0.0014084160793572664,0.00012736921780742705,10.0,1.0,10.0
807.0,0.002685714513063431,0.002685714513063431,2.833320468198508e-05,0.0014407578855752945,9.61624609772116e-05,10.0,1.0,10.0
808.0,0.0023821736685931683,0.0023821736685931683,1.8499113139114343e-05,0.001353614148683846,8.435682684648782e-05,10.0,1.0,10.0
809.0,0.002808704972267151,0.002808704972267151,5.245806823950261e-05,0.001374063198454678,9.10060916794464e-05,10.0,1.0,10.0
810.0,0.0028658576775342226,0.0028658576775342226,2.7126941859023646e-05,0.001442709006369114,0.00011518792598508298,10.0,1.0,10.0
811.0,0.002549978671595454,0.002549978671595454,3.70846719306428e-05,0.0013323610182851553,8.467709267279133e-05,10.0,1.0,10.0
812.0,0.0026558111421763897,0.0026558111421763897,4.773926411871798e-05,0.0014163472224026918,7.620713586220518e-05,10.0,1.0,10.0
813.0,0.00297142774797976,0.00297142774797976,3.458929495536722e-05,0.0013724328018724918,0.00012531019456218928,10.0,1.0,10.0
814.0,0.0028267577290534973,0.0028267577290534973,5.807144771097228e-05,0.0014179687714204192,8.280744077637792e-05,10.0,1.0,10.0
815.0,0.002477472648024559,0.002477472648024559,2.712889909162186e-05,0.0013217078521847725,8.844757394399494e-05,10.0,1.0,10.0
816.0,0.002464801538735628,0.002464801538735628,2.412321191513911e-05,0.0013827001675963402,8.408692519878969e-05,10.0,1.0,10.0
817.0,0.002565151546150446,0.002565151546150446,4.139730299357325e-05,0.0013279387494549155,8.232396794483066e-05,10.0,1.0,10.0
818.0,0.002414315240457654,0.002414315240457654,1.7636404663790017e-05,0.0013494628947228193,8.884882845450193e-05,10.0,1.0,10.0
819.0,0.002259031869471073,0.002259031869471073,2.2549900677404366e-05,0.001325954799540341,7.07578074070625e-05,10.0,1.0,10.0
820.0,0.002367692068219185,0.002367692068219185,3.0808292649453506e-05,0.001307453727349639,7.521553197875619e-05,10.0,1.0,10.0
821.0,0.002499680733308196,0.002499680733308196,2.237893386336509e-05,0.0013712283689528704,9.046630293596536e-05,10.0,1.0,10.0
822.0,0.0024348143488168716,0.0024348143488168716,3.438269777689129e-05,0.0012996969744563103,7.912905130069703e-05,10.0,1.0,10.0
823.0,0.0023601918946951628,0.0023601918946951628,2.8959217161173e-05,0.0013515958562493324,7.190038013504818e-05,10.0,1.0,10.0
824.0,0.0024248245172202587,0.0024248245172202587,2.2750899006496184e-05,0.0013020747574046254,8.952407370088622e-05,10.0,1.0,10.0
825.0,0.0024629998952150345,0.0024629998952150345,4.021846325485967e-05,0.001344883581623435,7.15931601007469e-05,10.0,1.0,10.0
826.0,0.002366206143051386,0.002366206143051386,2.1194047803874128e-05,0.0012946672504767776,8.595984400017187e-05,10.0,1.0,10.0
827.0,0.002280733548104763,0.002280733548104763,2.5270481273764744e-05,0.0013244608417153358,7.035678572719917e-05,10.0,1.0,10.0
828.0,0.002298172563314438,0.002298172563314438,2.836562089214567e-05,0.001281294273212552,7.332221139222383e-05,10.0,1.0,10.0
829.0,0.002307025482878089,0.002307025482878089,1.8738455764832906e-05,0.0013175795320421457,8.020613313419744e-05,10.0,1.0,10.0
830.0,0.0022417304571717978,0.0022417304571717978,2.588039933471009e-05,0.0012792996130883694,7.036267925286666e-05,10.0,1.0,10.0
831.0,0.002195310778915882,0.002195310778915882,2.0980847693863325e-05,0.0012858569389209151,6.996452430030331e-05,10.0,1.0,10.0
832.0,0.0022209594026207924,0.0022209594026207924,1.7787211618269794e-05,0.0012876595137640834,7.554276089649647e-05,10.0,1.0,10.0
833.0,0.002242965856567025,0.002242965856567025,2.7382102416595444e-05,0.0012724350672215223,6.967097579035908e-05,10.0,1.0,10.0
834.0,0.0022148163989186287,0.0022148163989186287,1.8854636437026784e-05,0.0012883249437436461,7.379449380096048e-05,10.0,1.0,10.0
835.0,0.0021936073899269104,0.0021936073899269104,2.1025596652179956e-05,0.0012621654896065593,7.211860065581277e-05,10.0,1.0,10.0
836.0,0.0022166422568261623,0.0022166422568261623,2.632127325341571e-05,0.0012823273427784443,6.711023161187768e-05,10.0,1.0,10.0
837.0,0.002238321350887418,0.002238321350887418,1.862632234406192e-05,0.0012609022669494152,7.911558350315318e-05,10.0,1.0,10.0
838.0,0.0022251992486417294,0.0022251992486417294,2.7432939532445744e-05,0.0012824806617572904,6.68389184284024e-05,10.0,1.0,10.0
839.0,0.002211348619312048,0.002211348619312048,2.2013620764482766e-05,0.0012476244010031223,7.435878796968609e-05,10.0,1.0,10.0
840.0,0.0022264686413109303,0.0022264686413109303,2.2960235583013855e-05,0.001286758342757821,7.101079245330766e-05,10.0,1.0,10.0
841.0,0.002246446441859007,0.002246446441859007,2.738198236329481e-05,0.001240457408130169,7.321693556150422e-05,10.0,1.0,10.0
842.0,0.002246272284537554,0.002246272284537554,2.4045646568993106e-05,0.0012881872244179249,7.17628572601825e-05,10.0,1.0,10.0
843.0,0.0022442545741796494,0.0022442545741796494,2.527333708712831e-05,0.0012343035778030753,7.572177855763584e-05,10.0,1.0,10.0
844.0,0.0022647951263934374,0.0022647951263934374,3.0247316317399964e-05,0.0012860912829637527,6.762307020835578e-05,10.0,1.0,10.0
845.0,0.0022992826998233795,0.0022992826998233795,2.4740789740462787e-05,0.0012322429101914167,8.196318231057376e-05,10.0,1.0,10.0
846.0,0.0023313588462769985,0.0023313588462769985,3.5398297768551856e-05,0.0012941567692905664,6.83219259371981e-05,10.0,1.0,10.0
847.0,0.0023719638120383024,0.0023719638120383024,3.0653493013232946e-05,0.0012265878031030297,8.388410788029432e-05,10.0,1.0,10.0
848.0,0.0024452670477330685,0.0024452670477330685,3.929955346393399e-05,0.0013159633381292224,7.363082113442943e-05,10.0,1.0,10.0
849.0,0.0025604350958019495,0.0025604350958019495,4.324977271608077e-05,0.0012286808341741562,8.992565562948585e-05,10.0,1.0,10.0
850.0,0.002721053082495928,0.002721053082495928,5.372221494326368e-05,0.0013595711207017303,8.242599142249674e-05,10.0,1.0,10.0
851.0,0.0029524776618927717,0.0029524776618927717,6.26702603767626e-05,0.0012492387322708964,0.00010765362821985036,10.0,1.0,10.0
852.0,0.0033067194744944572,0.0033067194744944572,8.929494651965797e-05,0.0014432774623855948,9.70492692431435e-05,10.0,1.0,10.0
853.0,0.0038486148696392775,0.0038486148696392775,0.00010650364129105583,0.001315603731200099,0.0001467974652769044,10.0,1.0,10.0
854.0,0.004664642736315727,0.004664642736315727,0.00016541998775210232,0.0016285320743918419,0.0001381910842610523,10.0,1.0,10.0
855.0,0.0058881137520074844,0.0058881137520074844,0.00021290563745424151,0.0014932823833078146,0.00022657749650534242,10.0,1.0,10.0
856.0,0.007717685773968697,0.007717685773968697,0.0003295069618616253,0.0020314946305006742,0.00023911212338134646,10.0,1.0,10.0
857.0,0.010389823466539383,0.010389823466539383,0.00045065785525366664,0.0019272316712886095,0.0003956013824790716,10.0,1.0,10.0
858.0,0.014126086607575417,0.014126086607575417,0.0006726625724695623,0.002840162720531225,0.00045592981041409075,10.0,1.0,10.0
859.0,0.018929671496152878,0.018929671496152878,0.0009002876468002796,0.002795272273942828,0.0007131523452699184,10.0,1.0,10.0
860.0,0.024307245388627052,0.024307245388627052,0.001219810452312231,0.00408055679872632,0.0008028583251871169,10.0,1.0,10.0
861.0,0.02874736115336418,0.02874736115336418,0.001417551189661026,0.003813924500718713,0.0010757925920188427,10.0,1.0,10.0
862.0,0.029889695346355438,0.029889695346355438,0.0015206896932795644,0.0047416542656719685,0.000994114438071847,10.0,1.0,10.0
863.0,0.025630202144384384,0.025630202144384384,0.0012538291048258543,0.003474813885986805,0.0009617098839953542,10.0,1.0,10.0
864.0,0.01668526977300644,0.01668526977300644,0.0008129840716719627,0.003129964927211404,0.0005425463314168155,10.0,1.0,10.0
865.0,0.007244833279401064,0.007244833279401064,0.00028778010164387524,0.001592012238688767,0.00027750199660658836,10.0,1.0,10.0
866.0,0.0023012403398752213,0.0023012403398752213,3.4439133742125705e-05,0.0012469805078580976,7.098684000084177e-05,10.0,1.0,10.0
867.0,0.003559502772986889,0.003559502772986889,0.00010555909830145538,0.001444790861569345,0.00010591211321298033,10.0,1.0,10.0
868.0,0.00846349261701107,0.00846349261701107,0.0003506287466734648,0.0017094430513679981,0.00032477619242854416,10.0,1.0,10.0
869.0,0.012511400505900383,0.012511400505900383,0.0005884375423192978,0.0026220225263386965,0.00040050025563687086,10.0,1.0,10.0
870.0,0.012451966293156147,0.012451966293156147,0.0005603525787591934,0.0021104109473526478,0.0004738029674626887,10.0,1.0,10.0
871.0,0.008497841656208038,0.008497841656208038,0.0003717543731909245,0.0021188559476286173,0.00026614422677084804,10.0,1.0,10.0
872.0,0.003904095385223627,0.003904095385223627,0.00011275405995547771,0.0012930147349834442,0.00014835399633739144,10.0,1.0,10.0
873.0,0.0020510684698820114,0.0020510684698820114,1.9578885257942602e-05,0.0011897181393578649,6.65561601636e-05,10.0,1.0,10.0
874.0,0.0035727540962398052,0.0035727540962398052,0.00010481356730451807,0.001459272694773972,0.00010653457138687372,10.0,1.0,10.0
875.0,0.006300628185272217,0.006300628185272217,0.0002369814901612699,0.0015123749617487192,0.00024184379435610026,10.0,1.0,10.0
876.0,0.007518133148550987,0.007518133148550987,0.00031996885081753135,0.0019870554096996784,0.00023313891142606735,10.0,1.0,10.0
877.0,0.0062301428988575935,0.0062301428988575935,0.0002323618537047878,0.0015040204161778092,0.00024025037419050932,10.0,1.0,10.0
878.0,0.003730509430170059,0.003730509430170059,0.00011516851373016834,0.0014707816299051046,0.00011080425610998645,10.0,1.0,10.0
879.0,0.002139715012162924,0.002139715012162924,2.231056714663282e-05,0.0011674213455989957,7.491880387533456e-05,10.0,1.0,10.0
880.0,0.0024467308539897203,0.0024467308539897203,3.7995832826709375e-05,0.001174942939542234,8.918295498006046e-05,10.0,1.0,10.0
881.0,0.0038663640152662992,0.0038663640152662992,0.00012296740896999836,0.0014812867157161236,0.00011554031516425312,10.0,1.0,10.0
882.0,0.004843386821448803,0.004843386821448803,0.00016027507081162184,0.0013655528891831636,0.00018750832532532513,10.0,1.0,10.0
883.0,0.004501333460211754,0.004501333460211754,0.00015833781799301505,0.0015637364704161882,0.00013542189844883978,10.0,1.0,10.0
884.0,0.003247985150665045,0.003247985150665045,7.881182682467625e-05,0.0012242975644767284,0.00012355692160781473,10.0,1.0,10.0
885.0,0.0022008647210896015,0.0022008647210896015,3.0433830033871345e-05,0.0012169957626610994,6.795306398998946e-05,10.0,1.0,10.0
886.0,0.002100859535858035,0.002100859535858035,2.5038729290827177e-05,0.0011943276040256023,6.561447662534192e-05,10.0,1.0,10.0
887.0,0.0027618552558124065,0.0027618552558124065,5.4633950639981776e-05,0.001184327295050025,0.00010311885125702247,10.0,1.0,10.0
888.0,0.0034138646442443132,0.0034138646442443132,9.899415454128757e-05,0.0014077299274504185,0.00010161932732444257,10.0,1.0,10.0
889.0,0.003452572040259838,0.003452572040259838,9.06677232705988e-05,0.001235754694789648,0.00013101400691084564,10.0,1.0,10.0
890.0,0.0028980562929064035,0.0028980562929064035,7.030394044704735e-05,0.0013311889488250017,8.638280269224197e-05,10.0,1.0,10.0
891.0,0.002251910977065563,0.002251910977065563,3.0379338568309322e-05,0.0011492101475596428,7.989073492353782e-05,10.0,1.0,10.0
892.0,0.001996761653572321,0.001996761653572321,1.863352008513175e-05,0.0011557008838281035,6.547255907207727e-05,10.0,1.0,10.0
893.0,0.002212712075561285,0.002212712075561285,3.247810673201457e-05,0.0012139369500800967,6.739942182321101e-05,10.0,1.0,10.0
894.0,0.0025987911503762007,0.0025987911503762007,4.7953017201507464e-05,0.0011626023333519697,9.566585504217073e-05,10.0,1.0,10.0
895.0,0.0027872128412127495,0.0027872128412127495,6.505398778244853e-05,0.0013068474363535643,8.298255852423608e-05,10.0,1.0,10.0
896.0,0.002637955592945218,0.002637955592945218,5.01863905810751e-05,0.0011604585452005267,9.756331564858556e-05,10.0,1.0,10.0
897.0,0.0022971369326114655,0.0022971369326114655,3.814228330156766e-05,0.0012215548194944859,6.941591709619388e-05,10.0,1.0,10.0
898.0,0.0020264149643480778,0.0020264149643480778,2.0291216060286388e-05,0.0011298746103420854,6.936280988156796e-05,10.0,1.0,10.0
899.0,0.001985155511647463,0.001985155511647463,1.9073017028858885e-05,0.001130571006797254,6.638542254222557e-05,10.0,1.0,10.0
900.0,0.0021361513063311577,0.0021361513063311577,2.9329399694688618e-05,0.0011850037844851613,6.57853452139534e-05,10.0,1.0,10.0
901.0,0.002315227407962084,0.002315227407962084,3.470376759651117e-05,0.0011291251285001636,8.39064596220851e-05,10.0,1.0,10.0
902.0,0.0023742273915559053,0.0023742273915559053,4.3650554289342836e-05,0.0012246033875271678,7.131184975150973e-05,10.0,1.0,10.0
903.0,0.002279237611219287,0.002279237611219287,3.309112798888236e-05,0.001123348018154502,8.249782695202157e-05,10.0,1.0,10.0
904.0,0.0021087913773953915,0.0021087913773953915,2.8821963496739045e-05,0.0011726856464520097,6.478859722847119e-05,10.0,1.0,10.0
905.0,0.001976353581994772,0.001976353581994772,1.926856566569768e-05,0.0011148630874231458,6.688049325020984e-05,10.0,1.0,10.0
906.0,0.0019480130868032575,0.0019480130868032575,1.840656841523014e-05,0.001117628999054432,6.463184399763122e-05,10.0,1.0,10.0
907.0,0.0020102793350815773,0.0020102793350815773,2.356699769734405e-05,0.001146822003647685,6.277873762883246e-05,10.0,1.0,10.0
908.0,0.0020965812727808952,0.0020965812727808952,2.5162480596918613e-05,0.0011067200684919953,7.382363401120529e-05,10.0,1.0,10.0
909.0,0.002140467520803213,0.002140467520803213,3.1669565942138433e-05,0.001171817071735859,6.519547605421394e-05,10.0,1.0,10.0
910.0,0.0021156203001737595,0.0021156203001737595,2.6598880140227266e-05,0.0011027735890820622,7.468579860869795e-05,10.0,1.0,10.0
911.0,0.0020422576926648617,0.0020422576926648617,2.6189707568846643e-05,0.001148583018220961,6.317776569630951e-05,10.0,1.0,10.0
912.0,0.001964613562449813,0.001964613562449813,2.00384201889392e-05,0.0010976472403854132,6.665822002105415e-05,10.0,1.0,10.0
913.0,0.001920356648042798,0.001920356648042798,1.887243524834048e-05,0.001109783654101193,6.21848666924052e-05,10.0,1.0,10.0
914.0,0.0019211091566830873,0.0019211091566830873,1.9322162188473158e-05,0.0011098497780039907,6.180378113640472e-05,10.0,1.0,10.0
915.0,0.0019522367510944605,0.0019522367510944605,1.992145371332299e-05,0.0010898603359237313,6.631619180552661e-05,10.0,1.0,10.0
916.0,0.0019867420196533203,0.0019867420196533203,2.3963661078596488e-05,0.0011270942632108927,6.20011196588166e-05,10.0,1.0,10.0
917.0,0.00200206832960248,0.00200206832960248,2.2484589862870052e-05,0.0010832615662366152,6.939608283573762e-05,10.0,1.0,10.0
918.0,0.001990353688597679,0.001990353688597679,2.466188743710518e-05,0.001124574919231236,6.191599823068827e-05,10.0,1.0,10.0
919.0,0.0019586572889238596,0.0019586572889238596,2.0730503820232116e-05,0.0010788539657369256,6.72498281346634e-05,10.0,1.0,10.0
920.0,0.0019220203394070268,0.0019220203394070268,2.09265090234112e-05,0.001103678485378623,6.0907670558663085e-05,10.0,1.0,10.0
921.0,0.0018945233896374702,0.0018945233896374702,1.8369604731560685e-05,0.0010797777213156223,6.310496246442199e-05,10.0,1.0,10.0
922.0,0.0018832210917025805,0.0018832210917025805,1.8418986655888148e-05,0.0010825530625879765,6.164781370898709e-05,10.0,1.0,10.0
923.0,0.0018868076149374247,0.0018868076149374247,1.9135781258228235e-05,0.001087624579668045,6.078252044972032e-05,10.0,1.0,10.0
924.0,0.0018982546171173453,0.0018982546171173453,1.887187136162538e-05,0.0010702115250751376,6.393244257196784e-05,10.0,1.0,10.0
925.0,0.0019091067370027304,0.0019091067370027304,2.1201638446655124e-05,0.001094146748073399,6.0294354625511914e-05,10.0,1.0,10.0
926.0,0.001913175219669938,0.001913175219669938,1.9752016669372097e-05,0.0010638523381203413,6.51802693028003e-05,10.0,1.0,10.0
927.0,0.001908284379169345,0.001908284379169345,2.1564974304055795e-05,0.0010915210004895926,6.01113642915152e-05,10.0,1.0,10.0
928.0,0.0018960393499583006,0.0018960393499583006,1.937485285452567e-05,0.001059881062246859,6.424097227863967e-05,10.0,1.0,10.0
929.0,0.0018802369013428688,0.0018802369013428688,2.0140692868153565e-05,0.001080392161384225,5.98437873122748e-05,10.0,1.0,10.0
930.0,0.0018649919657036662,0.0018649919657036662,1.8483784515410662e-05,0.0010582121321931481,6.219420174602419e-05,10.0,1.0,10.0
931.0,0.0018533123657107353,0.0018533123657107353,1.8681486835703254e-05,0.0010666436282917857,5.9985395637340844e-05,10.0,1.0,10.0
932.0,0.001846427097916603,0.001846427097916603,1.826120205805637e-05,0.0010590626625344157,6.047524948371574e-05,10.0,1.0,10.0
933.0,0.001843934180215001,0.001843934180215001,1.8205986634711735e-05,0.0010549440048635006,6.069303344702348e-05,10.0,1.0,10.0
934.0,0.0018443393055349588,0.0018443393055349588,1.88302255992312e-05,0.0010606615105643868,5.953755317023024e-05,10.0,1.0,10.0
935.0,0.0018458114936947823,0.0018458114936947823,1.840790719143115e-05,0.001046466059051454,6.152663263492286e-05,10.0,1.0,10.0
936.0,0.0018467358313500881,0.0018467358313500881,1.9535871615516953e-05,0.00106051133479923,5.9086571127409115e-05,10.0,1.0,10.0
937.0,0.001846078783273697,0.001846078783273697,1.8617831301526166e-05,0.0010404321365058422,6.194682646309957e-05,10.0,1.0,10.0
938.0,0.0018434454686939716,0.0018434454686939716,1.9810788217000663e-05,0.0010573745239526033,5.879630407434888e-05,10.0,1.0,10.0
939.0,0.0018389734905213118,0.0018389734905213118,1.855908521974925e-05,0.0010359084699302912,6.174742156872526e-05,10.0,1.0,10.0
940.0,0.0018331422470510006,0.0018331422470510006,1.956906089617405e-05,0.0010516531765460968,5.8579844335326925e-05,10.0,1.0,10.0
941.0,0.0018265432445332408,0.0018265432445332408,1.83398078661412e-05,0.001032366999424994,6.107782246544957e-05,10.0,1.0,10.0
942.0,0.0018197500612586737,0.0018197500612586737,1.905704448290635e-05,0.0010445165680721402,5.84663066547364e-05,10.0,1.0,10.0
943.0,0.0018132003024220467,0.0018132003024220467,1.8136743165086955e-05,0.0010294867679476738,6.0234622651478276e-05,10.0,1.0,10.0
944.0,0.0018071744125336409,0.0018071744125336409,1.8561848264653236e-05,0.0010370335076004267,5.845224222866818e-05,10.0,1.0,10.0
945.0,0.0018017872935160995,0.0018017872935160995,1.802740189305041e-05,0.0010269528720527887,5.945604061707854e-05,10.0,1.0,10.0
946.0,0.001797039294615388,0.001797039294615388,1.8228716726298444e-05,0.0010298327542841434,5.8491932577453554e-05,10.0,1.0,10.0
947.0,0.0017928620800375938,0.0017928620800375938,1.8012055079452693e-05,0.00102444167714566,5.882998448214494e-05,10.0,1.0,10.0
948.0,0.001789153553545475,0.001789153553545475,1.805005013011396e-05,0.0010231593623757362,5.854936898685992e-05,10.0,1.0,10.0
949.0,0.0017857985803857446,0.0017857985803857446,1.8072405509883538e-05,0.0010217325761914253,5.833418981637806e-05,10.0,1.0,10.0
950.0,0.0017826961120590568,0.0017826961120590568,1.7957878299057484e-05,0.0010170100722461939,5.8610727137420326e-05,10.0,1.0,10.0
951.0,0.0017797771142795682,0.0017797771142795682,1.8185275621362962e-05,0.001018773065879941,5.791513467556797e-05,10.0,1.0,10.0
952.0,0.0017769979313015938,0.0017769979313015938,1.7904398191603832e-05,0.0010112770833075047,5.8667683333624154e-05,10.0,1.0,10.0
953.0,0.001774345524609089,0.001774345524609089,1.8325996279600076e-05,0.0010156701318919659,5.75415397179313e-05,10.0,1.0,10.0
954.0,0.0017718367744237185,0.0017718367744237185,1.788357440091204e-05,0.0010058014886453748,5.871996108908206e-05,10.0,1.0,10.0
955.0,0.0017694949638098478,0.0017694949638098478,1.8484677639207803e-05,0.0010126328561455011,5.7201526942662895e-05,10.0,1.0,10.0
956.0,0.0017674146220088005,0.0017674146220088005,1.7908774680108763e-05,0.0010004073847085238,5.879195668967441e-05,10.0,1.0,10.0
957.0,0.0017656951677054167,0.0017656951677054167,1.8690237993723713e-05,0.0010099378414452076,5.688549208571203e-05,10.0,1.0,10.0
958.0,0.0017645040061324835,0.0017645040061324835,1.800370228011161e-05,0.0009949395898729563,5.8952737163053825e-05,10.0,1.0,10.0
959.0,0.0017640921287238598,0.0017640921287238598,1.903019983728882e-05,0.0010079680941998959,5.6582204706501216e-05,10.0,1.0,10.0
960.0,0.0017648331122472882,0.0017648331122472882,1.8227465261588804e-05,0.0009892677189782262,5.932907879468985e-05,10.0,1.0,10.0
961.0,0.0017672718968242407,0.0017672718968242407,1.967817843251396e-05,0.0010073526063933969,5.6313750974368304e-05,10.0,1.0,10.0
962.0,0.001772262156009674,0.001772262156009674,1.875186717370525e-05,0.0009833748918026686,6.013686288497411e-05,10.0,1.0,10.0
963.0,0.0017811141442507505,0.0017811141442507505,2.0980874978704378e-05,0.0010092805605381727,5.620247611659579e-05,10.0,1.0,10.0
964.0,0.001795879565179348,0.001795879565179348,2.0025485355290584e-05,0.000977585674263537,6.180390482768416e-05,10.0,1.0,10.0
965.0,0.00181984540540725,0.00181984540540725,2.37396961892955e-05,0.0010162423131987453,5.662061448674649e-05,10.0,1.0,10.0
966.0,0.0018582313787192106,0.0018582313787192106,2.3188214981928468e-05,0.00097331014694646,6.53039023745805e-05,10.0,1.0,10.0
967.0,0.001919545466080308,0.001919545466080308,2.9955188438179903e-05,0.0010338003048673272,5.86193309572991e-05,10.0,1.0,10.0
968.0,0.0020176719408482313,0.0020176719408482313,3.12288902932778e-05,0.0009752372279763222,7.301458390429616e-05,10.0,1.0,10.0
969.0,0.0021756060887128115,0.0021756060887128115,4.48494974989444e-05,0.0010752839734777808,6.518270674860105e-05,10.0,1.0,10.0
970.0,0.0024313742760568857,0.0024313742760568857,5.2298059017630294e-05,0.0009978346060961485,9.10559028852731e-05,10.0,1.0,10.0
971.0,0.0028487015515565872,0.0028487015515565872,8.254656131612137e-05,0.0011745369993150234,8.486987644573674e-05,10.0,1.0,10.0
972.0,0.0035327235236763954,0.0035327235236763954,0.00010908783588092774,0.0010844493517652154,0.0001357395522063598,10.0,1.0,10.0
973.0,0.004657869692891836,0.004657869692891836,0.00018170046678278595,0.0014201729791238904,0.00014206921332515776,10.0,1.0,10.0
974.0,0.00650061946362257,0.00650061946362257,0.0002637423749547452,0.0013592434115707874,0.0002503952127881348,10.0,1.0,10.0
975.0,0.009486363269388676,0.009486363269388676,0.0004430214175954461,0.0020359246991574764,0.0003020224685315043,10.0,1.0,10.0
976.0,0.01417667604982853,0.01417667604982853,0.0006667846464551985,0.002131768735125661,0.0005377060151658952,10.0,1.0,10.0
977.0,0.021156884729862213,0.021156884729862213,0.0010701006976887584,0.003462548367679119,0.0006993328570388258,10.0,1.0,10.0
978.0,0.03043738380074501,0.03043738380074501,0.001524982275441289,0.003839281853288412,0.0011348279658704996,10.0,1.0,10.0
979.0,0.040447257459163666,0.040447257459163666,0.002102701924741268,0.005760975182056427,0.0013659261167049408,10.0,1.0,10.0
980.0,0.0466153547167778,0.0466153547167778,0.0023826095275580883,0.005564176011830568,0.001722508342936635,10.0,1.0,10.0
981.0,0.043033666908741,0.043033666908741,0.002240788424387574,0.006052635610103607,0.0014573147054761648,10.0,1.0,10.0
982.0,0.028046181425452232,0.028046181425452232,0.001402742462232709,0.0035640704445540905,0.0010454686125740409,10.0,1.0,10.0
983.0,0.010163567028939724,0.010163567028939724,0.0004797762958332896,0.002091865288093686,0.00032739387825131416,10.0,1.0,10.0
984.0,0.0017673373222351074,0.0017673373222351074,2.0543096979963593e-05,0.0009345539729110897,6.273524195421487e-05,10.0,1.0,10.0
985.0,0.006682925391942263,0.006682925391942263,0.0002763553929980844,0.0013502789661288261,0.00025690923212096095,10.0,1.0,10.0
986.0,0.01685926504433155,0.01685926504433155,0.0008390317088924348,0.002928749890998006,0.0005540198762901127,10.0,1.0,10.0
987.0,0.020796485245227814,0.020796485245227814,0.001017957110889256,0.0027953623794019222,0.0007821551989763975,10.0,1.0,10.0
988.0,0.014461107552051544,0.014461107552051544,0.000711352564394474,0.0026432229205965996,0.00047043588710948825,10.0,1.0,10.0
989.0,0.004881854169070721,0.004881854169070721,0.00017863299581222236,0.0011909827589988708,0.00019045414228457958,10.0,1.0,10.0
990.0,0.001845111488364637,0.001845111488364637,2.438291448925156e-05,0.0009497157880105078,6.515665154438466e-05,10.0,1.0,10.0
991.0,0.00656125508248806,0.00656125508248806,0.0002840128727257252,0.0016703433357179165,0.0002050783223239705,10.0,1.0,10.0
992.0,0.011609471403062344,0.011609471403062344,0.0005306964158080518,0.0018667976837605238,0.0004435709852259606,10.0,1.0,10.0
993.0,0.010544925928115845,0.010544925928115845,0.0005009718588553369,0.0021719420328736305,0.0003363265423104167,10.0,1.0,10.0
994.0,0.005015617702156305,0.005015617702156305,0.00018349141464568675,0.0012170905247330666,0.00019636131764855236,10.0,1.0,10.0
995.0,0.001726566581055522,0.001726566581055522,1.944404539244715e-05,0.0009787213057279587,5.5340486142085865e-05,10.0,1.0,10.0
996.0,0.003622880671173334,0.003622880671173334,0.00012435385724529624,0.0012758654775097966,0.0001103476679418236,10.0,1.0,10.0
997.0,0.006998427212238312,0.006998427212238312,0.0002871047181542963,0.0014074004720896482,0.00027199796750210226,10.0,1.0,10.0
998.0,0.007103637792170048,0.007103637792170048,0.00031631611636839807,0.0017216750420629978,0.00022188015282154083,10.0,1.0,10.0
999.0,0.00402156263589859,0.00402156263589859,0.0001311905070906505,0.0011198007268831134,0.0001589856983628124,10.0,1.0,10.0
1000.0,0.0017632870003581047,0.0017632870003581047,2.2098360204836354e-05,0.0009779911488294601,5.6431221310049295e-05,10.0,1.0,10.0
1001.0,0.0026306684594601393,0.0026306684594601393,7.049367559375241e-05,0.0011222552275285125,8.034765050979331e-05,10.0,1.0,10.0
1002.0,0.0046868762001395226,0.0046868762001395226,0.00016737557598389685,0.0011787930270656943,0.0001834327558754012,10.0,1.0,10.0
1003.0,0.004927795380353928,0.004927795380353928,0.00019815715495496988,0.0014299646718427539,0.00015162592171691358,10.0,1.0,10.0
1004.0,0.0031654112972319126,0.0031654112972319126,8.841622911859304e-05,0.0010401831241324544,0.00012410660565365106,10.0,1.0,10.0
1005.0,0.001748385839164257,0.001748385839164257,2.178098657168448e-05,0.0009729324374347925,5.5764354328857735e-05,10.0,1.0,10.0
1006.0,0.0021762228570878506,0.0021762228570878506,4.5513996155932546e-05,0.0010525803081691265,6.685027619823813e-05,10.0,1.0,10.0
1007.0,0.003407623851671815,0.003407623851671815,0.00010225887672277167,0.001061374437995255,0.00013236605445854366,10.0,1.0,10.0
1008.0,0.003631255589425564,0.003631255589425564,0.00012727845751214772,0.0012607882963493466,0.00010976827616104856,10.0,1.0,10.0
1009.0,0.0026279569137841463,0.0026279569137841463,6.171473069116473e-05,0.0009951111860573292,0.0001015698435367085,10.0,1.0,10.0
1010.0,0.0017343336949124932,0.0017343336949124932,2.1326042769942433e-05,0.0009724202682264149,5.4865293350303546e-05,10.0,1.0,10.0
1011.0,0.0019080160418525338,0.0019080160418525338,3.080344322370365e-05,0.0010081458603963256,5.918358510825783e-05,10.0,1.0,10.0
1012.0,0.0026386757381260395,0.0026386757381260395,6.31242583040148e-05,0.0009920672746375203,0.00010153658513445407,10.0,1.0,10.0
1013.0,0.002853773534297943,0.002853773534297943,8.509118197252974e-05,0.001150049502030015,8.528120088158175e-05,10.0,1.0,10.0
1014.0,0.0023132769856601954,0.0023132769856601954,4.6304892748594284e-05,0.000963706464972347,8.865215204423293e-05,10.0,1.0,10.0
1015.0,0.0017321143532171845,0.0017321143532171845,2.1817897504661232e-05,0.0009661954245530069,5.4773990996181965e-05,10.0,1.0,10.0
1016.0,0.0017410803120583296,0.0017410803120583296,2.1803687559440732e-05,0.0009674822795204818,5.555612369789742e-05,10.0,1.0,10.0
1017.0,0.0021594075951725245,0.0021594075951725245,3.949130405089818e-05,0.0009467111085541546,8.177833660738543e-05,10.0,1.0,10.0
1018.0,0.002369045279920101,0.002369045279920101,5.884123675059527e-05,0.0010693417862057686,7.112911407602951e-05,10.0,1.0,10.0
1019.0,0.0021191376727074385,0.0021191376727074385,3.729766103788279e-05,0.0009407792240381241,8.053818601183593e-05,10.0,1.0,10.0
1020.0,0.0017413501627743244,0.0017413501627743244,2.3151811546995305e-05,0.0009609644766896963,5.488674287335016e-05,10.0,1.0,10.0
1021.0,0.0016521948855370283,0.0016521948855370283,1.702613735687919e-05,0.0009377045789733529,5.4422886023530737e-05,10.0,1.0,10.0
1022.0,0.0018625478260219097,0.0018625478260219097,2.5507277314318344e-05,0.0009216872276738286,6.8578781792894e-05,10.0,1.0,10.0
1023.0,0.002047689165920019,0.002047689165920019,4.1454146412434056e-05,0.001012914115563035,6.202336226124316e-05,10.0,1.0,10.0
1024.0,0.0019775882828980684,0.0019775882828980684,3.107677912339568e-05,0.00092559983022511,7.412206468870863e-05,10.0,1.0,10.0
1025.0,0.0017518640961498022,0.0017518640961498022,2.4618439056212083e-05,0.0009588846005499363,5.467950541060418e-05,10.0,1.0,10.0
1026.0,0.0016229343600571156,0.0016229343600571156,1.5537909348495305e-05,0.0009188937838189304,5.48661409993656e-05,10.0,1.0,10.0
1027.0,0.0016903381329029799,0.0016903381329029799,1.8242382793687284e-05,0.0009102943004108965,5.976200554869138e-05,10.0,1.0,10.0
1028.0,0.001824808306992054,0.001824808306992054,2.9402759537333623e-05,0.0009695825865492225,5.611980668618344e-05,10.0,1.0,10.0
1029.0,0.0018529745284467936,0.0018529745284467936,2.593962926766835e-05,0.0009117645677179098,6.818136171204969e-05,10.0,1.0,10.0
1030.0,0.0017491962062194943,0.0017491962062194943,2.533059705456253e-05,0.0009524065535515547,5.434836202766746e-05,10.0,1.0,10.0
1031.0,0.0016316453693434596,0.0016316453693434596,1.6284824596368708e-05,0.0009042412857525051,5.6455588492099196e-05,10.0,1.0,10.0
1032.0,0.0016103170346468687,0.0016103170346468687,1.577722287038341e-05,0.0009047298226505518,5.4781507060397416e-05,10.0,1.0,10.0
1033.0,0.0016760610742494464,0.0016760610742494464,2.136982038791757e-05,0.0009325746214017272,5.2978823077864945e-05,10.0,1.0,10.0
1034.0,0.001734559889882803,0.001734559889882803,2.1102257960592397e-05,0.0008970570634119213,6.264802505029365e-05,10.0,1.0,10.0
1035.0,0.0017184107564389706,0.0017184107564389706,2.434725138300564e-05,0.0009386204183101654,5.36317857040558e-05,10.0,1.0,10.0
1036.0,0.001648075645789504,0.001648075645789504,1.7556336388224736e-05,0.0008921974222175777,5.80314954277128e-05,10.0,1.0,10.0
1037.0,0.0015934626571834087,0.0015934626571834087,1.6405574569944292e-05,0.0009037809213623405,5.256259464658797e-05,10.0,1.0,10.0
1038.0,0.0015958459116518497,0.0015958459116518497,1.6941281501203775e-05,0.0009044705657288432,5.2196261094650254e-05,10.0,1.0,10.0
1039.0,0.0016344019677489996,0.0016344019677489996,1.7253256373805925e-05,0.0008869760204106569,5.748933836002834e-05,10.0,1.0,10.0
1040.0,0.0016589232254773378,0.0016589232254773378,2.1517409550142474e-05,0.000920234655495733,5.235143908066675e-05,10.0,1.0,10.0
1041.0,0.0016427866648882627,0.0016427866648882627,1.7904172636917792e-05,0.000883433676790446,5.8031135267810896e-05,10.0,1.0,10.0
1042.0,0.001602435833774507,0.001602435833774507,1.8101838577422313e-05,0.000904357002582401,5.170603981241584e-05,10.0,1.0,10.0
1043.0,0.001573249464854598,0.001573249464854598,1.5689120118622668e-05,0.0008861510432325304,5.302072167978622e-05,10.0,1.0,10.0
1044.0,0.0015737643698230386,0.0015737643698230386,1.5537430954282172e-05,0.0008832557359710336,5.3513434977503493e-05,10.0,1.0,10.0
1045.0,0.0015927995555102825,0.0015927995555102825,1.81310715561267e-05,0.0008989535272121429,5.1253529818495736e-05,10.0,1.0,10.0
1046.0,0.0016055613523349166,0.0016055613523349166,1.690507269813679e-05,0.0008756383322179317,5.6087224947987124e-05,10.0,1.0,10.0
1047.0,0.001597902737557888,0.001597902737557888,1.8763759726425633e-05,0.0008985151071101427,5.117500768392347e-05,10.0,1.0,10.0
1048.0,0.0015760313253849745,0.0015760313253849745,1.611628249520436e-05,0.0008735075825825334,5.413608960225247e-05,10.0,1.0,10.0
1049.0,0.001556936651468277,0.001556936651468277,1.608775528438855e-05,0.0008820533403195441,5.1400573283899575e-05,10.0,1.0,10.0
1050.0,0.0015520054148510098,0.0015520054148510098,1.6064066585386172e-05,0.0008782576769590378,5.131070429342799e-05,10.0,1.0,10.0
1051.0,0.0015589320100843906,0.0015589320100843906,1.571443135617301e-05,0.0008691365364938974,5.326512109604664e-05,10.0,1.0,10.0
1052.0,0.0015665364917367697,0.0015665364917367697,1.7644975741859525e-05,0.0008838237263262272,5.062630589236505e-05,10.0,1.0,10.0
1053.0,0.0015655012102797627,0.0015655012102797627,1.6229521861532703e-05,0.0008637622813694179,5.394437175709754e-05,10.0,1.0,10.0
1054.0,0.0015552282566204667,0.0015552282566204667,1.7122756617027335e-05,0.000878266931977123,5.0573376938700676e-05,10.0,1.0,10.0
1055.0,0.001542388927191496,0.001542388927191496,1.575221904204227e-05,0.0008629634394310415,5.21903348271735e-05,10.0,1.0,10.0
1056.0,0.0015342815313488245,0.0015342815313488245,1.5694688045186922e-05,0.0008661560714244843,5.1117844122927636e-05,10.0,1.0,10.0
1057.0,0.0015332732582464814,0.0015332732582464814,1.6107631381601095e-05,0.0008664537454023957,5.057432281319052e-05,10.0,1.0,10.0
1058.0,0.0015361420810222626,0.0015361420810222626,1.562653051223606e-05,0.0008573774248361588,5.224993219599128e-05,10.0,1.0,10.0
1059.0,0.0015376093797385693,0.0015376093797385693,1.6832744222483598e-05,0.0008682816405780613,5.0100035878131166e-05,10.0,1.0,10.0
1060.0,0.0015345423016697168,0.0015345423016697168,1.5799965694895945e-05,0.0008532062638550997,5.2333634812384844e-05,10.0,1.0,10.0
1061.0,0.0015276254853233695,0.0015276254853233695,1.637694367673248e-05,0.0008630723459646106,5.007836443837732e-05,10.0,1.0,10.0
1062.0,0.0015200618654489517,0.0015200618654489517,1.5612909919582307e-05,0.0008523240685462952,5.116085958434269e-05,10.0,1.0,10.0
1063.0,0.001514853211119771,0.001514853211119771,1.5593770513078198e-05,0.0008541419520042837,5.04773561260663e-05,10.0,1.0,10.0
1064.0,0.0015128662344068289,0.0015128662344068289,1.5844232621020637e-05,0.0008536194218322635,5.00804562761914e-05,10.0,1.0,10.0
1065.0,0.0015127520309761167,0.0015127520309761167,1.5489262295886874e-05,0.0008467925945296884,5.110669007990509e-05,10.0,1.0,10.0
1066.0,0.0015122904442250729,0.0015122904442250729,1.623207572265528e-05,0.0008535599918104708,4.964096660842188e-05,10.0,1.0,10.0
1067.0,0.0015099641168490052,0.0015099641168490052,1.5589834220008925e-05,0.0008423376129940152,5.1172810344723985e-05,10.0,1.0,10.0
1068.0,0.0015057330019772053,0.0015057330019772053,1.6069197954493575e-05,0.000849406816996634,4.956341945216991e-05,10.0,1.0,10.0
1069.0,0.0015007066540420055,0.0015007066540420055,1.5533456462435424e-05,0.0008402459789067507,5.051261541666463e-05,10.0,1.0,10.0
1070.0,0.0014962481800466776,0.0014962481800466776,1.5630124835297465e-05,0.0008425858686678112,4.973610703018494e-05,10.0,1.0,10.0
1071.0,0.001493115909397602,0.001493115909397602,1.5608300600433722e-05,0.0008397120400331914,4.9732083425624296e-05,10.0,1.0,10.0
1072.0,0.0014911910984665155,0.0014911910984665155,1.5447922123712488e-05,0.0008360997308045626,5.006121136830188e-05,10.0,1.0,10.0
1073.0,0.0014897396322339773,0.0014897396322339773,1.582638651598245e-05,0.0008389785070903599,4.9249723815592006e-05,10.0,1.0,10.0
1074.0,0.0014879368245601654,0.0014879368245601654,1.5466213881154545e-05,0.0008313736761920154,5.019010495743714e-05,10.0,1.0,10.0
1075.0,0.0014853356406092644,0.0014853356406092644,1.5863657608861104e-05,0.0008363057859241962,4.903932858724147e-05,10.0,1.0,10.0
1076.0,0.0014819964999333024,0.0014819964999333024,1.5449504644493572e-05,0.0008283664938062429,4.991349851479754e-05,10.0,1.0,10.0
1077.0,0.0014783426886424422,0.0014783426886424422,1.5665325918234885e-05,0.000831625540740788,4.900639032712206e-05,10.0,1.0,10.0
1078.0,0.001474870485253632,0.001474870485253632,1.542854261060711e-05,0.0008265761425718665,4.9400885473005474e-05,10.0,1.0,10.0
1079.0,0.0014718840830028057,0.0014718840830028057,1.5459354472113773e-05,0.0008262327173724771,4.9105772632174194e-05,10.0,1.0,10.0
1080.0,0.0014694113051518798,0.0014694113051518798,1.5495916159125045e-05,0.0008251880644820631,4.892641300102696e-05,10.0,1.0,10.0
1081.0,0.001467245165258646,0.001467245165258646,1.5369454558822326e-05,0.0008213258697651327,4.9222468078369275e-05,10.0,1.0,10.0
1082.0,0.0014651042874902487,0.0014651042874902487,1.558456824568566e-05,0.0008232205873355269,4.8603807954350486e-05,10.0,1.0,10.0
1083.0,0.00146276387386024,0.00146276387386024,1.533797876618337e-05,0.0008173637324944139,4.9202029913431033e-05,10.0,1.0,10.0
1084.0,0.0014601321890950203,0.0014601321890950203,1.558348049002234e-05,0.0008201170712709427,4.841802365262993e-05,10.0,1.0,10.0
1085.0,0.0014572639483958483,0.0014572639483958483,1.530460394860711e-05,0.0008142964215949178,4.899215491604991e-05,10.0,1.0,10.0
1086.0,0.0014542922144755721,0.0014542922144755721,1.5489848010474816e-05,0.0008160501020029187,4.8334364691982046e-05,10.0,1.0,10.0
1087.0,0.0014513597125187516,0.0014513597125187516,1.5287390851881355e-05,0.0008118606638163328,4.8662514018360525e-05,10.0,1.0,10.0
1088.0,0.001448577269911766,0.001448577269911766,1.5374229406006634e-05,0.0008116132812574506,4.8322170187020674e-05,10.0,1.0,10.0
1089.0,0.0014459677040576935,0.0014459677040576935,1.5312147297663614e-05,0.0008096760720945895,4.831700789509341e-05,10.0,1.0,10.0
1090.0,0.001443506684154272,0.001443506684154272,1.5286832422134466e-05,0.0008073517819866538,4.832865306525491e-05,10.0,1.0,10.0
1091.0,0.0014411205193027854,0.0014411205193027854,1.5358502423623577e-05,0.0008073434582911432,4.8019199311966076e-05,10.0,1.0,10.0
1092.0,0.001438741572201252,0.001438741572201252,1.522904585726792e-05,0.000803540286142379,4.829107638215646e-05,10.0,1.0,10.0
1093.0,0.0014363131485879421,0.0014363131485879421,1.5383438949356787e-05,0.0008046001312322915,4.778785660164431e-05,10.0,1.0,10.0
1094.0,0.00143380684312433,0.00143380684312433,1.5186458767857403e-05,0.0008002056274563074,4.8173660616157576e-05,10.0,1.0,10.0
1095.0,0.0014312360435724258,0.0014312360435724258,1.5364483260782436e-05,0.0008013996994122863,4.7619148972444236e-05,10.0,1.0,10.0
1096.0,0.001428617862984538,0.001428617862984538,1.5155968867475167e-05,0.000797247514128685,4.798105874215253e-05,10.0,1.0,10.0
1097.0,0.0014259855961427093,0.0014259855961427093,1.530922600068152e-05,0.000797873770352453,4.7501955123152584e-05,10.0,1.0,10.0
1098.0,0.0014233647380024195,0.0014233647380024195,1.5141802578000352e-05,0.0007945179240778089,4.774287299369462e-05,10.0,1.0,10.0
1099.0,0.0014207748463377357,0.0014207748463377357,1.5237159459502436e-05,0.0007942129159346223,4.7419031034223735e-05,10.0,1.0,10.0
1100.0,0.001418228494003415,0.001418228494003415,1.5143476957746316e-05,0.0007918709889054298,4.749226354761049e-05,10.0,1.0,10.0
1101.0,0.001415726263076067,0.001415726263076067,1.5165966033237055e-05,0.0007905757520347834,4.73490908916574e-05,10.0,1.0,10.0
1102.0,0.001413256861269474,0.001413256861269474,1.515304120403016e-05,0.0007891968125477433,4.725296821561642e-05,10.0,1.0,10.0
1103.0,0.001410812372341752,0.001410812372341752,1.5103514670045115e-05,0.0007870596600696445,4.7271751100197434e-05,10.0,1.0,10.0
1104.0,0.0014083868591114879,0.0014083868591114879,1.5159572285483591e-05,0.0007864333456382155,4.703577724285424e-05,10.0,1.0,10.0
1105.0,0.0014059684472158551,0.0014059684472158551,1.5053329661895987e-05,0.0007836975273676217,4.7173765779007226e-05,10.0,1.0,10.0
1106.0,0.0014035494532436132,0.0014035494532436132,1.5154310858633835e-05,0.0007835694123059511,4.684368832386099e-05,10.0,1.0,10.0
1107.0,0.0014011329039931297,0.0014011329039931297,1.5015046301414259e-05,0.0007804803317412734,4.7050216380739585e-05,10.0,1.0,10.0
1108.0,0.0013987101847305894,0.0013987101847305894,1.5136294678086415e-05,0.0007806229405105114,4.667242683353834e-05,10.0,1.0,10.0
1109.0,0.0013962839730083942,0.0013962839730083942,1.4985174857429229e-05,0.00077737559331581,4.690567220677622e-05,10.0,1.0,10.0
1110.0,0.0013938602060079575,0.0013938602060079575,1.5108336810953915e-05,0.0007776214042678475,4.651554627344012e-05,10.0,1.0,10.0
1111.0,0.0013914352748543024,0.0013914352748543024,1.4960508451622445e-05,0.0007743469905108213,4.6748322347411886e-05,10.0,1.0,10.0
1112.0,0.0013890156988054514,0.0013890156988054514,1.507527667854447e-05,0.0007746024639345706,4.63660508103203e-05,10.0,1.0,10.0
1113.0,0.0013866054359823465,0.0013866054359823465,1.493763647886226e-05,0.0007713547092862427,4.658742545871064e-05,10.0,1.0,10.0
1114.0,0.0013841962208971381,0.0013841962208971381,1.5042447557789274e-05,0.0007715903921052814,4.621813786798157e-05,10.0,1.0,10.0
1115.0,0.0013817958533763885,0.0013817958533763885,1.4913155609974638e-05,0.0007683686562813818,4.64295590063557e-05,10.0,1.0,10.0
1116.0,0.0013794038677588105,0.0013794038677588105,1.5012993571872357e-05,0.0007686077733524144,4.60666160506662e-05,10.0,1.0,10.0
1117.0,0.0013770287623628974,0.0013770287623628974,1.4886053577356506e-05,0.0007653719512745738,4.627963062375784e-05,10.0,1.0,10.0
1118.0,0.001374659826979041,0.001374659826979041,1.4988988368713763e-05,0.0007656794623471797,4.590904063661583e-05,10.0,1.0,10.0
1119.0,0.0013723090523853898,0.0013723090523853898,1.4855588233331218e-05,0.0007623452111147344,4.614079080056399e-05,10.0,1.0,10.0
1120.0,0.0013699729461222887,0.0013699729461222887,1.4971681594033726e-05,0.000762827112339437,4.5742897782474756e-05,10.0,1.0,10.0
1121.0,0.0013676572125405073,0.0013676572125405073,1.4821982404100709e-05,0.0007592703914269805,4.601669934345409e-05,10.0,1.0,10.0
1122.0,0.001365368952974677,0.001365368952974677,1.4963762623665389e-05,0.0007600841345265508,4.556471321848221e-05,10.0,1.0,10.0
1123.0,0.001363115618005395,0.001363115618005395,1.4784886843699496e-05,0.0007561258971691132,4.591409015120007e-05,10.0,1.0,10.0
1124.0,0.0013609128072857857,0.0013609128072857857,1.497071934863925e-05,0.0007574984338134527,4.537072527455166e-05,10.0,1.0,10.0
1125.0,0.0013587742578238249,0.0013587742578238249,1.4747190107300412e-05,0.0007528793648816645,4.5842294639442116e-05,10.0,1.0,10.0
1126.0,0.001356730586849153,0.001356730586849153,1.5002768122940324e-05,0.0007551377639174461,4.515651016845368e-05,10.0,1.0,10.0
1127.0,0.0013548277784138918,0.0013548277784138918,1.4714310054841917e-05,0.0007494762539863586,4.582084875437431e-05,10.0,1.0,10.0
1128.0,0.001353125786408782,0.001353125786408782,1.5082555364642758e-05,0.0007531312294304371,4.491690924623981e-05,10.0,1.0,10.0
1129.0,0.0013517390470951796,0.0013517390470951796,1.4702813132316805e-05,0.0007458433392457664,4.5886754378443584e-05,10.0,1.0,10.0
1130.0,0.0013508383417502046,0.0013508383417502046,1.5261986845871434e-05,0.0007517229532822967,4.464954690774903e-05,10.0,1.0,10.0
1131.0,0.0013506889808923006,0.0013506889808923006,1.4759158148081042e-05,0.0007418998866342008,4.611975600710139e-05,10.0,1.0,10.0
1132.0,0.0013517412589862943,0.0013517412589862943,1.5661586076021194e-05,0.0007513985619880259,4.437268216861412e-05,10.0,1.0,10.0
1133.0,0.0013547196285799146,0.0013547196285799146,1.501961742178537e-05,0.0007376174326054752,4.669059853767976e-05,10.0,1.0,10.0
1134.0,0.0013608254957944155,0.0013608254957944155,1.6579881048528478e-05,0.0007532110903412104,4.4181560951983556e-05,10.0,1.0,10.0
1135.0,0.0013720764545723796,0.0013720764545723796,1.587790575285908e-05,0.0007332895183935761,4.800078386324458e-05,10.0,1.0,10.0
1136.0,0.0013918853364884853,0.0013918853364884853,1.881167736428324e-05,0.0007595720235258341,4.441965575097129e-05,10.0,1.0,10.0
1137.0,0.0014260811731219292,0.0014260811731219292,1.8495276890462264e-05,0.0007304032915271819,5.1072500355076045e-05,10.0,1.0,10.0
1138.0,0.0014847337733954191,0.0014847337733954191,2.4583750928286463e-05,0.0007765144691802561,4.623819040716626e-05,10.0,1.0,10.0
1139.0,0.001585337333381176,0.001585337333381176,2.6377576432423666e-05,0.0007346503552980721,5.8691122831078246e-05,10.0,1.0,10.0
1140.0,0.0017586424946784973,0.0017586424946784973,4.044068919029087e-05,0.0008202908211387694,5.339448034646921e-05,10.0,1.0,10.0
1141.0,0.0020586936734616756,0.0020586936734616756,5.03790179209318e-05,0.0007658695103600621,7.890339475125074e-05,10.0,1.0,10.0
1142.0,0.0025814836844801903,0.0025814836844801903,8.631581295048818e-05,0.0009375099907629192,7.80815607868135e-05,10.0,1.0,10.0
1143.0,0.0034954973962157965,0.0034954973962157965,0.00012459706340450794,0.0008906288421712816,0.00013588978617917746,10.0,1.0,10.0
1144.0,0.005096823908388615,0.005096823908388615,0.0002236867294413969,0.0012662919471040368,0.00015936646377667785,10.0,1.0,10.0
1145.0,0.007882351987063885,0.007882351987063885,0.00035403287620283663,0.0013216877123340964,0.00030203352798707783,10.0,1.0,10.0
1146.0,0.012653708457946777,0.012653708457946777,0.0006316991057246923,0.00219886377453804,0.000413785339333117,10.0,1.0,10.0
1147.0,0.020492849871516228,0.020492849871516228,0.0010187129955738783,0.002638784237205982,0.0007666934980079532,10.0,1.0,10.0
1148.0,0.03244204819202423,0.03244204819202423,0.001693478086963296,0.004557221662253141,0.001095004379749298,10.0,1.0,10.0
1149.0,0.04791499301791191,0.04791499301791191,0.0024713140446692705,0.005586073733866215,0.0017615780234336853,10.0,1.0,10.0
1150.0,0.06220041960477829,0.06220041960477829,0.0032851845026016235,0.008033806458115578,0.002131476765498519,10.0,1.0,10.0
1151.0,0.06459557265043259,0.06459557265043259,0.0033608446829020977,0.007384565193206072,0.0023602561559528112,10.0,1.0,10.0
1152.0,0.047086600214242935,0.047086600214242935,0.002475643064826727,0.006244127172976732,0.0016086040996015072,10.0,1.0,10.0
1153.0,0.018314965069293976,0.018314965069293976,0.0009090622770600021,0.002384075429290533,0.0006840265123173594,10.0,1.0,10.0
1154.0,0.0017559949774295092,0.0017559949774295092,4.1912291635526344e-05,0.0007877565221861005,5.491154661285691e-05,10.0,1.0,10.0
1155.0,0.008621655404567719,0.008621655404567719,0.000410525593906641,0.00169206946156919,0.00028243300039321184,10.0,1.0,10.0
1156.0,0.025048935785889626,0.025048935785889626,0.0012661367654800415,0.003097951877862215,0.0009289616718888283,10.0,1.0,10.0
1157.0,0.029082462191581726,0.029082462191581726,0.0015106417704373598,0.004161226563155651,0.0009814816294237971,10.0,1.0,10.0
1158.0,0.015710026025772095,0.015710026025772095,0.0007690260536037385,0.002115159062668681,0.0005904607241973281,10.0,1.0,10.0
1159.0,0.0024788975715637207,0.0024788975715637207,8.05595118436031e-05,0.0009184237569570541,7.548786379629746e-05,10.0,1.0,10.0
1160.0,0.0045946696773171425,0.0045946696773171425,0.0001908246340462938,0.0012181191705167294,0.00014683038170915097,10.0,1.0,10.0
1161.0,0.01482213195413351,0.01482213195413351,0.0007212802302092314,0.002047264715656638,0.000556206505279988,10.0,1.0,10.0
1162.0,0.016470802947878838,0.016470802947878838,0.0008325035450980067,0.0026971851475536823,0.0005448581650853157,10.0,1.0,10.0
1163.0,0.007469493430107832,0.007469493430107832,0.00033088389318436384,0.0012954362900927663,0.00028652179753407836,10.0,1.0,10.0
1164.0,0.0013749428326264024,0.0013749428326264024,1.6577641872572713e-05,0.0007617088849656284,4.474575325730257e-05,10.0,1.0,10.0
1165.0,0.005369188264012337,0.005369188264012337,0.0002322597720194608,0.001326115452684462,0.00017204749747179449,10.0,1.0,10.0
1166.0,0.010779539123177528,0.010779539123177528,0.0005048488965258002,0.0016446615336462855,0.00040863879257813096,10.0,1.0,10.0
1167.0,0.00850555021315813,0.00850555021315813,0.00040411754162050784,0.0017130394699051976,0.00027513355598784983,10.0,1.0,10.0
1168.0,0.0025916430167853832,0.0025916430167853832,7.460901542799547e-05,0.0008241668692789972,0.00010213860514340922,10.0,1.0,10.0
1169.0,0.0019840365275740623,0.0019840365275740623,4.404033825267106e-05,0.0007713490631431341,7.722842565272003e-05,10.0,1.0,10.0
1170.0,0.005981573835015297,0.005981573835015297,0.00026795684243552387,0.0013871283736079931,0.00019148769206367433,10.0,1.0,10.0
1171.0,0.00702015683054924,0.00702015683054924,0.00030642221099697053,0.0012540605384856462,0.00027018741820938885,10.0,1.0,10.0
1172.0,0.0035488270223140717,0.0035488270223140717,0.00013572942407336086,0.0010708160698413849,0.00011207169154658914,10.0,1.0,10.0
1173.0,0.0013480348279699683,0.0013480348279699683,1.3898448742111214e-05,0.0007407496450468898,4.6830071369186044e-05,10.0,1.0,10.0
1174.0,0.0032014886382967234,0.0032014886382967234,0.0001074185929610394,0.0008776639588177204,0.00012496387353166938,10.0,1.0,10.0
1175.0,0.005080063361674547,0.005080063361674547,0.0002191011153627187,0.0012695218902081251,0.00016195302305277437,10.0,1.0,10.0
1176.0,0.0037043362390249968,0.0037043362390249968,0.0001344299380434677,0.0009276809869334102,0.00014323557843454182,10.0,1.0,10.0
1177.0,0.0015505303163081408,0.0015505303163081408,2.5402672690688632e-05,0.0007931176223792136,5.033858906244859e-05,10.0,1.0,10.0
1178.0,0.0018789279274642467,0.0018789279274642467,4.493609594646841e-05,0.0008454751223325729,5.840917947352864e-05,10.0,1.0,10.0
1179.0,0.003464333713054657,0.003464333713054657,0.00012160064943600446,0.0009070135420188308,0.00013413136184681207,10.0,1.0,10.0
1180.0,0.0033686854876577854,0.0033686854876577854,0.00012629978300537914,0.0010548974387347698,0.00010507902334211394,10.0,1.0,10.0
1181.0,0.0018619660986587405,0.0018619660986587405,3.893579196301289e-05,0.0007649530307389796,7.076551264617592e-05,10.0,1.0,10.0
1182.0,0.0013922846410423517,0.0013922846410423517,1.5167822311923373e-05,0.0007376707508228719,5.0293565436732024e-05,10.0,1.0,10.0
1183.0,0.0023379919584840536,0.0023379919584840536,7.064150122459978e-05,0.0009124338394030929,7.191431359387934e-05,10.0,1.0,10.0
1184.0,0.002816949039697647,0.002816949039697647,8.79193758009933e-05,0.0008420930244028568,0.00010956621554214507,10.0,1.0,10.0
1185.0,0.0020457881037145853,0.0020457881037145853,5.468116432894021e-05,0.0008673970005474985,6.315794598776847e-05,10.0,1.0,10.0
1186.0,0.0013375113485381007,0.0013375113485381007,1.3196447980590165e-05,0.0007322104647755623,4.7333644033642486e-05,10.0,1.0,10.0
1187.0,0.0016686324961483479,0.0016686324961483479,2.9493221518350765e-05,0.0007424422656185925,6.312580080702901e-05,10.0,1.0,10.0
1188.0,0.002240107860416174,0.002240107860416174,6.567948730662465e-05,0.0008909151656553149,6.923977343831211e-05,10.0,1.0,10.0
1189.0,0.002047067042440176,0.002047067042440176,4.8665529902791604e-05,0.0007687799516133964,7.916316098999232e-05,10.0,1.0,10.0
1190.0,0.0014520639088004827,0.0014520639088004827,2.1957930584903806e-05,0.0007670759223401546,4.6540873881895095e-05,10.0,1.0,10.0
1191.0,0.0013649468310177326,0.0013649468310177326,1.6344447431038134e-05,0.0007492647273465991,4.522376548266038e-05,10.0,1.0,10.0
1192.0,0.001758728758431971,0.001758728758431971,3.468280556262471e-05,0.0007443593349307775,6.675413897028193e-05,10.0,1.0,10.0
1193.0,0.0018939676228910685,0.0018939676228910685,4.686028114520013e-05,0.000836974591948092,5.883903577341698e-05,10.0,1.0,10.0
1194.0,0.0015657705953344703,0.0015657705953344703,2.504377880541142e-05,0.0007303350139409304,5.849978333571926e-05,10.0,1.0,10.0
1195.0,0.0013042209902778268,0.0013042209902778268,1.3373438378039282e-05,0.0007306045154109597,4.3988209654344246e-05,10.0,1.0,10.0
1196.0,0.0014422538224607706,0.0014422538224607706,2.1692096197512e-05,0.0007629904430359602,4.6234239562181756e-05,10.0,1.0,10.0
1197.0,0.001663224771618843,0.001663224771618843,3.0606312066083774e-05,0.0007346682250499725,6.224934622878209e-05,10.0,1.0,10.0
1198.0,0.001593718072399497,0.001593718072399497,3.055924753425643e-05,0.0007871685083955526,5.009570668335073e-05,10.0,1.0,10.0
1199.0,0.0013587919529527426,0.0013587919529527426,1.5853471268201247e-05,0.000716337061021477,4.839201574213803e-05,10.0,1.0,10.0
1200.0,0.0013018224854022264,0.0013018224854022264,1.3196509826229885e-05,0.00071641308022663,4.5344429963734e-05,10.0,1.0,10.0
1201.0,0.001445459551177919,0.001445459551177919,2.283139110659249e-05,0.0007581688114441931,4.5897686504758894e-05,10.0,1.0,10.0
1202.0,0.0015228225383907557,0.0015228225383907557,2.4124134142766707e-05,0.0007186563452705741,5.629247607430443e-05,10.0,1.0,10.0
1203.0,0.0014152454677969217,0.0014152454677969217,2.1235659005469643e-05,0.0007501455256715417,4.527434066403657e-05,10.0,1.0,10.0
1204.0,0.0012904504546895623,0.0012904504546895623,1.3388187653617933e-05,0.0007098172209225595,4.46751328126993e-05,10.0,1.0,10.0
1205.0,0.0013093685265630484,0.0013093685265630484,1.3945686987426598e-05,0.0007067896076478064,4.6312208723975345e-05,10.0,1.0,10.0
1206.0,0.0014022900722920895,0.0014022900722920895,2.1128686057636514e-05,0.0007443138747476041,4.4668926420854405e-05,10.0,1.0,10.0
1207.0,0.0014116555685177445,0.0014116555685177445,1.9001476175617427e-05,0.000705914048012346,5.157267514732666e-05,10.0,1.0,10.0
1208.0,0.0013269183691591024,0.0013269183691591024,1.681396497588139e-05,0.0007276097312569618,4.3116895540151745e-05,10.0,1.0,10.0
1209.0,0.0012693728785961866,0.0012693728785961866,1.2918426364194602e-05,0.0007067588157951832,4.334297773311846e-05,10.0,1.0,10.0
1210.0,0.001300638890825212,0.001300638890825212,1.4088024727243464e-05,0.000700820644851774,4.589380114339292e-05,10.0,1.0,10.0
1211.0,0.0013512738514691591,0.0013512738514691591,1.8624146832735278e-05,0.0007311381050385535,4.3389431084506214e-05,10.0,1.0,10.0
1212.0,0.00134019844699651,0.00134019844699651,1.6038891772041097e-05,0.0006987710949033499,4.8103847802849486e-05,10.0,1.0,10.0
1213.0,0.0012849504128098488,0.0012849504128098488,1.486545352236135e-05,0.0007146767457015812,4.2161918827332556e-05,10.0,1.0,10.0
1214.0,0.0012585672084242105,0.0012585672084242105,1.288414205191657e-05,0.0007032898138277233,4.2643590859370306e-05,10.0,1.0,10.0
1215.0,0.0012824753066524863,0.0012824753066524863,1.3880520782549866e-05,0.0006956838769838214,4.4798620365327224e-05,10.0,1.0,10.0
1216.0,0.0013089206768199801,0.0013089206768199801,1.6582303942414e-05,0.0007185641443356872,4.245335003361106e-05,10.0,1.0,10.0
1217.0,0.0012966463109478354,0.0012966463109478354,1.4670479686174076e-05,0.0006925305933691561,4.574108970700763e-05,10.0,1.0,10.0
1218.0,0.0012625381350517273,0.0012625381350517273,1.4022359209775459e-05,0.0007044645608402789,4.178499148110859e-05,10.0,1.0,10.0
1219.0,0.0012483089230954647,0.0012483089230954647,1.3045435480307788e-05,0.0006967466324567795,4.2110797949135303e-05,10.0,1.0,10.0
1220.0,0.0012627281248569489,0.0012627281248569489,1.3545753972721286e-05,0.0006893979152664542,4.378725861897692e-05,10.0,1.0,10.0
1221.0,0.0012772001791745424,0.0012772001791745424,1.5320914826588705e-05,0.0007061849464662373,4.178061499260366e-05,10.0,1.0,10.0
1222.0,0.0012689349241554737,0.0012689349241554737,1.4020552043803036e-05,0.0006859891000203788,4.427403473528102e-05,10.0,1.0,10.0
1223.0,0.001247907755896449,0.001247907755896449,1.3680792108061723e-05,0.0006957617006264627,4.1533818148309365e-05,10.0,1.0,10.0
1224.0,0.0012379614636301994,0.0012379614636301994,1.3132956155459397e-05,0.0006893931422382593,4.172386979917064e-05,10.0,1.0,10.0
1225.0,0.0012449768837541342,0.0012449768837541342,1.31594279082492e-05,0.0006837889668531716,4.295936741982587e-05,10.0,1.0,10.0
1226.0,0.001253396738320589,0.001253396738320589,1.4534341062244494e-05,0.0006959791062399745,4.1207422327715904e-05,10.0,1.0,10.0
1227.0,0.0012492068344727159,0.0012492068344727159,1.3492105608747806e-05,0.0006805465091019869,4.3373929656809196e-05,10.0,1.0,10.0
1228.0,0.0012362258275970817,0.0012362258275970817,1.3573167962022126e-05,0.0006891113007441163,4.113828981644474e-05,10.0,1.0,10.0
1229.0,0.0012279723305255175,0.0012279723305255175,1.2976986909052357e-05,0.0006828613113611937,4.153410918661393e-05,10.0,1.0,10.0
1230.0,0.0012299171648919582,0.0012299171648919582,1.2939874068251811e-05,0.000679224613122642,4.212937710690312e-05,10.0,1.0,10.0
1231.0,0.0012347563169896603,0.0012347563169896603,1.3891329217585735e-05,0.0006874148384667933,4.084281317773275e-05,10.0,1.0,10.0
1232.0,0.0012334116036072373,0.0012334116036072373,1.3165295968065038e-05,0.0006754451896995306,4.2631345422705635e-05,10.0,1.0,10.0
1233.0,0.0012256938498467207,0.0012256938498467207,1.3514626516553108e-05,0.000682885991409421,4.076616096426733e-05,10.0,1.0,10.0
1234.0,0.0012186971725896,0.0012186971725896,1.2844801858591381e-05,0.0006761055556125939,4.14143614761997e-05,10.0,1.0,10.0
1235.0,0.0012173710856586695,0.0012173710856586695,1.2927682291774545e-05,0.0006743099656887352,4.137842188356444e-05,10.0,1.0,10.0
1236.0,0.001219471450895071,0.001219471450895071,1.3388680599746294e-05,0.000678850628901273,4.067340705660172e-05,10.0,1.0,10.0
1237.0,0.0012195059098303318,0.0012195059098303318,1.3071201465209015e-05,0.0006697593489661813,4.190345498500392e-05,10.0,1.0,10.0
1238.0,0.0012153590796515346,0.0012153590796515346,1.3380663403950166e-05,0.0006761083495803177,4.0544404328102246e-05,10.0,1.0,10.0
1239.0,0.0012098695151507854,0.0012098695151507854,1.2895858162664808e-05,0.0006690570735372603,4.118538345210254e-05,10.0,1.0,10.0
1240.0,0.0012068030191585422,0.0012068030191585422,1.2905147741548717e-05,0.0006691302405670285,4.08621272072196e-05,10.0,1.0,10.0
1241.0,0.00120664038695395,0.00120664038695395,1.3143539945303928e-05,0.0006705968989990652,4.046080357511528e-05,10.0,1.0,10.0
1242.0,0.0012067729840055108,0.0012067729840055108,1.2941436580149457e-05,0.0006643092492595315,4.130493834964e-05,10.0,1.0,10.0
1243.0,0.0012048385106027126,0.0012048385106027126,1.3283217413118109e-05,0.0006694072508253157,4.0259914385387674e-05,10.0,1.0,10.0
1244.0,0.0012010851642116904,0.0012010851642116904,1.2893138773506507e-05,0.0006627044640481472,4.094493488082662e-05,10.0,1.0,10.0
1245.0,0.0011975787347182631,0.0011975787347182631,1.2927122043038253e-05,0.0006642930675297976,4.040144631289877e-05,10.0,1.0,10.0
1246.0,0.0011957664974033833,0.0011957664974033833,1.2975763638678472e-05,0.0006632138974964619,4.027949398732744e-05,10.0,1.0,10.0
1247.0,0.0011951171327382326,0.0011951171327382326,1.2808431165467482e-05,0.0006594700971618295,4.0756269299890846e-05,10.0,1.0,10.0
1248.0,0.0011941022239625454,0.0011941022239625454,1.3164474694349337e-05,0.0006627857801504433,3.9967177144717425e-05,10.0,1.0,10.0
1249.0,0.0011918602976948023,0.0011918602976948023,1.2791560948244296e-05,0.0006569423712790012,4.070022259838879e-05,10.0,1.0,10.0
1250.0,0.001188906840980053,0.001188906840980053,1.3000897524761967e-05,0.0006592621211893857,3.996356826974079e-05,10.0,1.0,10.0
1251.0,0.0011863451218232512,0.0011863451218232512,1.27870489450288e-05,0.0006562909111380577,4.0218372305389494e-05,10.0,1.0,10.0
1252.0,0.0011847061105072498,0.0011847061105072498,1.2820329175156076e-05,0.0006546793738380075,4.018234903924167e-05,10.0,1.0,10.0
1253.0,0.0011835622135549784,0.0011835622135549784,1.2926514500577468e-05,0.000655864248983562,3.984328213846311e-05,10.0,1.0,10.0
1254.0,0.0011821252992376685,0.0011821252992376685,1.2793798305210657e-05,0.0006513891275972128,4.027982140542008e-05,10.0,1.0,10.0
1255.0,0.0011800542706623673,0.0011800542706623673,1.2923472240800038e-05,0.0006536245346069336,3.971949627157301e-05,10.0,1.0,10.0
1256.0,0.0011776471510529518,0.0011776471510529518,1.2778340533259325e-05,0.0006497474387288094,4.001162596978247e-05,10.0,1.0,10.0
1257.0,0.0011754571460187435,0.0011754571460187435,1.277309002034599e-05,0.0006498296279460192,3.9789669244783e-05,10.0,1.0,10.0
1258.0,0.0011737459572032094,0.0011737459572032094,1.2840124327340163e-05,0.000648972752969712,3.9637190639041364e-05,10.0,1.0,10.0
1259.0,0.0011723123025149107,0.0011723123025149107,1.2700156730716117e-05,0.0006462896126322448,3.99021155317314e-05,10.0,1.0,10.0
1260.0,0.0011707611847668886,0.0011707611847668886,1.2905679795949254e-05,0.0006476084236055613,3.9409602322848514e-05,10.0,1.0,10.0
1261.0,0.001168890856206417,0.001168890856206417,1.2679834981099702e-05,0.0006439377320930362,3.981548434239812e-05,10.0,1.0,10.0
1262.0,0.0011668121442198753,0.0011668121442198753,1.2842843716498464e-05,0.0006448948988690972,3.9348880818579346e-05,10.0,1.0,10.0
1263.0,0.0011647948995232582,0.0011647948995232582,1.2683302884397563e-05,0.0006425909814424813,3.953708437620662e-05,10.0,1.0,10.0
1264.0,0.0011630079243332148,0.0011630079243332148,1.275159593205899e-05,0.0006415931857191026,3.938988447771408e-05,10.0,1.0,10.0
1265.0,0.0011614160612225533,0.0011614160612225533,1.2725775377475657e-05,0.0006414290983229876,3.927291254512966e-05,10.0,1.0,10.0
1266.0,0.0011598254786804318,0.0011598254786804318,1.2719001460936852e-05,0.0006387498578988016,3.938855661544949e-05,10.0,1.0,10.0
1267.0,0.0011580961290746927,0.0011580961290746927,1.2721258826786652e-05,0.0006395502714440227,3.9133326936280355e-05,10.0,1.0,10.0
1268.0,0.0011562341824173927,0.0011562341824173927,1.2720471204374917e-05,0.0006367152673192322,3.923142503481358e-05,10.0,1.0,10.0
1269.0,0.0011543440632522106,0.0011543440632522106,1.26371014630422e-05,0.000636834476608783,3.911386011168361e-05,10.0,1.0,10.0
1270.0,0.0011525406735017896,0.0011525406735017896,1.2757745025737677e-05,0.0006352250347845256,3.897381611750461e-05,10.0,1.0,10.0
1271.0,0.0011508604511618614,0.0011508604511618614,1.2539778253994882e-05,0.0006339190294966102,3.915435809176415e-05,10.0,1.0,10.0
1272.0,0.0011492439080029726,0.0011492439080029726,1.2823082215618342e-05,0.0006336995866149664,3.873134483001195e-05,10.0,1.0,10.0
1273.0,0.0011476081563159823,0.0011476081563159823,1.2457174307201058e-05,0.0006314067868515849,3.9162961911642924e-05,10.0,1.0,10.0
1274.0,0.0011459197849035263,0.0011459197849035263,1.2875907486886717e-05,0.0006316790240816772,3.854817623505369e-05,10.0,1.0,10.0
1275.0,0.0011441995156928897,0.0011441995156928897,1.2368902389425784e-05,0.000629461370408535,3.910491068381816e-05,10.0,1.0,10.0
1276.0,0.00114250963088125,0.00114250963088125,1.2929300282848999e-05,0.0006291896570473909,3.840269346255809e-05,10.0,1.0,10.0
1277.0,0.0011409181170165539,0.0011409181170165539,1.2254717148607597e-05,0.0006278740474954247,3.9049689803505316e-05,10.0,1.0,10.0
1278.0,0.0011394649045541883,0.0011394649045541883,1.3051768291916233e-05,0.0006266413838602602,3.823058068519458e-05,10.0,1.0,10.0
1279.0,0.0011381820077076554,0.0011381820077076554,1.207488003274193e-05,0.0006262855604290962,3.911476596840657e-05,10.0,1.0,10.0
1280.0,0.0011371212312951684,0.0011371212312951684,1.3319654499355238e-05,0.0006244045798666775,3.795200973399915e-05,10.0,1.0,10.0
1281.0,0.0011364247184246778,0.0011364247184246778,1.1763791917474009e-05,0.0006244716350920498,3.943151023122482e-05,10.0,1.0,10.0
1282.0,0.0011363656958565116,0.0011363656958565116,1.3844261957274284e-05,0.0006226617842912674,3.752612610696815e-05,10.0,1.0,10.0
1283.0,0.0011374355526641011,0.0011374355526641011,1.127161431213608e-05,0.0006225951365195215,4.0212427848018706e-05,10.0,1.0,10.0
1284.0,0.0011404893593862653,0.0011404893593862653,1.4869554433971643e-05,0.0006215680041350424,3.7022582546342164e-05,10.0,1.0,10.0
1285.0,0.00114699627738446,0.00114699627738446,1.0602472684695385e-05,0.0006213741144165397,4.195974179310724e-05,10.0,1.0,10.0
1286.0,0.0011595822870731354,0.0011595822870731354,1.6969033822533675e-05,0.0006217865739017725,3.68105320376344e-05,10.0,1.0,10.0
1287.0,0.0011829161085188389,0.0011829161085188389,9.974134627555031e-06,0.0006226058467291296,4.605689537129365e-05,10.0,1.0,10.0
1288.0,0.0012255501933395863,0.0012255501933395863,2.1638054022332653e-05,0.0006259771180339158,3.831925641861744e-05,10.0,1.0,10.0
1289.0,0.0013028604444116354,0.0013028604444116354,1.054754375218181e-05,0.0006315103964880109,5.658746886183508e-05,10.0,1.0,10.0
1290.0,0.0014434291515499353,0.0014434291515499353,3.31285446009133e-05,0.0006434180540964007,4.6872562961652875e-05,10.0,1.0,10.0
1291.0,0.0016982004744932055,0.0016982004744932055,1.714744394121226e-05,0.0006650232244282961,8.61702865222469e-05,10.0,1.0,10.0
1292.0,0.002161984331905842,0.002161984331905842,6.420117279049009e-05,0.0007050566491670907,8.149158384185284e-05,10.0,1.0,10.0
1293.0,0.0029954430647194386,0.0029954430647194386,4.748146966448985e-05,0.0007786349742673337,0.000174199347384274,10.0,1.0,10.0
1294.0,0.004482734017074108,0.004482734017074108,0.00015257368795573711,0.0009082346805371344,0.0002048762544291094,10.0,1.0,10.0
1295.0,0.007009300868958235,0.007009300868958235,0.00015626673121005297,0.0011336992029100657,0.00043129341793246567,10.0,1.0,10.0
1296.0,0.01106765866279602,0.01106765866279602,0.0003851230430882424,0.0014867593999952078,0.0005729669355787337,10.0,1.0,10.0
1297.0,0.016544077545404434,0.016544077545404434,0.00043362530414015055,0.0019822614267468452,0.0010225562145933509,10.0,1.0,10.0
1298.0,0.02217668667435646,0.02217668667435646,0.0007621223339810967,0.0024552270770072937,0.0012100236490368843,10.0,1.0,10.0
1299.0,0.023830872029066086,0.023830872029066086,0.0006540612084791064,0.0026423661038279533,0.001464789267629385,10.0,1.0,10.0
1300.0,0.018530327826738358,0.018530327826738358,0.0006368401809595525,0.002103914273902774,0.0010058011393994093,10.0,1.0,10.0
1301.0,0.00821628887206316,0.00821628887206316,0.00019605855050031096,0.00125513831153512,0.0005000565433874726,10.0,1.0,10.0
1302.0,0.0014845248078927398,0.0014845248078927398,3.537534939823672e-05,0.0006232545711100101,5.075166700407863e-05,10.0,1.0,10.0
1303.0,0.0031392243690788746,0.0031392243690788746,0.00010029063560068607,0.0007485264795832336,0.00013877914170734584,10.0,1.0,10.0
1304.0,0.009139785543084145,0.009139785543084145,0.00022228802845347673,0.001357372268103063,0.0005559533019550145,10.0,1.0,10.0
1305.0,0.01172315701842308,0.01172315701842308,0.0004039544437546283,0.0014844436664134264,0.0006199169438332319,10.0,1.0,10.0
1306.0,0.0076856850646436214,0.0076856850646436214,0.00017907569417729974,0.001215848489664495,0.0004679079574998468,10.0,1.0,10.0
1307.0,0.002230125479400158,0.002230125479400158,6.681978265987709e-05,0.0006863366579636931,8.755909220781177e-05,10.0,1.0,10.0
1308.0,0.0015782755799591541,0.0015782755799591541,3.889997606165707e-05,0.0006281169480644166,5.611589222098701e-05,10.0,1.0,10.0
1309.0,0.0051032546907663345,0.0051032546907663345,0.00010472277062945068,0.0009863575687631965,0.00030696691828779876,10.0,1.0,10.0
1310.0,0.007146092597395182,0.007146092597395182,0.000246296200202778,0.001112100319005549,0.000357103010173887,10.0,1.0,10.0
1311.0,0.004856273997575045,0.004856273997575045,9.741391841089353e-05,0.0009542079060338438,0.00029279268346726894,10.0,1.0,10.0
1312.0,0.0016246316954493523,0.0016246316954493523,4.0886265196604654e-05,0.0006431639194488525,5.726049857912585e-05,10.0,1.0,10.0
1313.0,0.001529864501208067,0.001529864501208067,3.614648449001834e-05,0.0006313269841484725,5.370726285036653e-05,10.0,1.0,10.0
1314.0,0.0037824036553502083,0.0037824036553502083,6.973581912461668e-05,0.0008564834715798497,0.0002228562079835683,10.0,1.0,10.0
1315.0,0.004628781694918871,0.004628781694918871,0.00015420782438013703,0.0008975089294835925,0.000218919463804923,10.0,1.0,10.0
1316.0,0.0028873905539512634,0.0028873905539512634,4.711839210358448e-05,0.0007709281053394079,0.00016452786803711206,10.0,1.0,10.0
1317.0,0.0011921499390155077,0.0011921499390155077,1.9599387087509967e-05,0.0006017559207975864,3.94400158256758e-05,10.0,1.0,10.0
1318.0,0.0016443849308416247,0.0016443849308416247,4.0993065340444446e-05,0.0006397151737473905,5.947391036897898e-05,10.0,1.0,10.0
1319.0,0.0030138082802295685,0.0030138082802295685,5.1079015975119546e-05,0.000777578738052398,0.00017254395061172545,10.0,1.0,10.0
1320.0,0.0030588610097765923,0.0030588610097765923,9.629411215428263e-05,0.0007592713227495551,0.0001336648711003363,10.0,1.0,10.0
1321.0,0.0017944953870028257,0.0017944953870028257,2.1244228264549747e-05,0.0006659840000793338,9.160691115539521e-05,10.0,1.0,10.0
1322.0,0.0010913900332525373,0.0010913900332525373,1.1717487723217346e-05,0.0005934017244726419,3.808134715654887e-05,10.0,1.0,10.0
1323.0,0.001692694379016757,0.001692694379016757,4.39552532043308e-05,0.0006465336191467941,6.066082278266549e-05,10.0,1.0,10.0
1324.0,0.002394136507064104,0.002394136507064104,3.490498784231022e-05,0.0007158631924539804,0.00013292233052197844,10.0,1.0,10.0
1325.0,0.002096090465784073,0.002096090465784073,6.070503513910808e-05,0.0006822967552579939,8.06743191787973e-05,10.0,1.0,10.0
1326.0,0.0013017330784350634,0.0013017330784350634,1.1250772331550252e-05,0.0006170957931317389,5.721295747207478e-05,10.0,1.0,10.0
1327.0,0.0011266071815043688,0.0011266071815043688,9.910806511470582e-06,0.0005997797707095742,4.277193147572689e-05,10.0,1.0,10.0
1328.0,0.0016190556343644857,0.0016190556343644857,4.1372415580553934e-05,0.0006428206688724458,5.6251079513458535e-05,10.0,1.0,10.0
1329.0,0.0019008232047781348,0.0019008232047781348,2.297126229677815e-05,0.0006678085192106664,0.000100330202258192,10.0,1.0,10.0
1330.0,0.0015615909360349178,0.0015615909360349178,3.893045868608169e-05,0.0006376446108333766,5.346418038243428e-05,10.0,1.0,10.0
1331.0,0.0011268258094787598,0.0011268258094787598,9.780641448742244e-06,0.0005965570453554392,4.324623660068028e-05,10.0,1.0,10.0
1332.0,0.0011604344472289085,0.0011604344472289085,9.925393896992318e-06,0.0006010737852193415,4.601067485054955e-05,10.0,1.0,10.0
1333.0,0.0014813861344009638,0.0014813861344009638,3.514721538522281e-05,0.0006267725257202983,5.031413820688613e-05,10.0,1.0,10.0
1334.0,0.0015562544576823711,0.0015562544576823711,1.5964054910000414e-05,0.0006335374200716615,7.630764594068751e-05,10.0,1.0,10.0
1335.0,0.0012931486126035452,0.0012931486126035452,2.654107811395079e-05,0.0006092050462029874,4.1853272705338895e-05,10.0,1.0,10.0
1336.0,0.0010761201847344637,0.0010761201847344637,1.0645326256053522e-05,0.0005882070399820805,3.814598312601447e-05,10.0,1.0,10.0
1337.0,0.0011575324460864067,0.0011575324460864067,9.89313775789924e-06,0.0005964173469692469,4.621837433660403e-05,10.0,1.0,10.0
1338.0,0.0013445527292788029,0.0013445527292788029,2.9101729523972608e-05,0.0006105682114139199,4.429672844707966e-05,10.0,1.0,10.0
1339.0,0.0013432018458843231,0.0013432018458843231,1.2101727406843565e-05,0.0006118347519077361,6.1034988902974874e-05,10.0,1.0,10.0
1340.0,0.0011684384662657976,0.0011684384662657976,2.0378212866489775e-05,0.0005938144167885184,3.708419899339788e-05,10.0,1.0,10.0
1341.0,0.0010618799133226275,0.0010618799133226275,1.1565010936465114e-05,0.0005851286114193499,3.611011925386265e-05,10.0,1.0,10.0
1342.0,0.001131235621869564,0.001131235621869564,9.581037375028245e-06,0.0005897971568629146,4.456280294107273e-05,10.0,1.0,10.0
1343.0,0.0012359002139419317,0.0012359002139419317,2.443953781039454e-05,0.0005987312761135399,3.927735087927431e-05,10.0,1.0,10.0
1344.0,0.0012181312777101994,0.0012181312777101994,1.0186335202888586e-05,0.0005968374316580594,5.1943050493719056e-05,10.0,1.0,10.0
1345.0,0.0011101631680503488,0.0011101631680503488,1.7408839994459413e-05,0.0005856173229403794,3.5045744880335405e-05,10.0,1.0,10.0
1346.0,0.0010543144308030605,0.0010543144308030605,1.1925356375286356e-05,0.0005808025016449392,3.542584090610035e-05,10.0,1.0,10.0
1347.0,0.0011001620441675186,0.0011001620441675186,9.608969776309095e-06,0.0005829701549373567,4.2110219510504976e-05,10.0,1.0,10.0
1348.0,0.001159959239885211,0.001159959239885211,2.084844709315803e-05,0.0005882202531211078,3.632545849541202e-05,10.0,1.0,10.0
1349.0,0.001146229449659586,0.001146229449659586,9.617779141990468e-06,0.000585341767873615,4.6470984671032056e-05,10.0,1.0,10.0
1350.0,0.0010812593391165137,0.0010812593391165137,1.5924191757221706e-05,0.0005794144235551357,3.42603016179055e-05,10.0,1.0,10.0
1351.0,0.001047077588737011,0.001047077588737011,1.1780784006987233e-05,0.0005747725372202694,3.544971696101129e-05,10.0,1.0,10.0
1352.0,0.0010724524036049843,0.0010724524036049843,9.918801879393868e-06,0.0005769690033048391,3.962953996961005e-05,10.0,1.0,10.0
1353.0,0.0011081763077527285,0.0011081763077527285,1.803363556973636e-05,0.0005788603448309004,3.489795562927611e-05,10.0,1.0,10.0
1354.0,0.0011025313287973404,0.0011025313287973404,9.559589670971036e-06,0.0005778856575489044,4.290497599868104e-05,10.0,1.0,10.0
1355.0,0.0010644233552739024,0.0010644233552739024,1.5037071534607094e-05,0.0005739796906709671,3.4007298381766304e-05,10.0,1.0,10.0
1356.0,0.001040283590555191,0.001040283590555191,1.1459959750936832e-05,0.0005708500393666327,3.548339009284973e-05,10.0,1.0,10.0
1357.0,0.0010512366425246,0.0010512366425246,1.0258796464768238e-05,0.0005717299063690007,3.769187242141925e-05,10.0,1.0,10.0
1358.0,0.0010731059592217207,0.0010731059592217207,1.6021278497646563e-05,0.000572665361687541,3.402277434361167e-05,10.0,1.0,10.0
1359.0,0.0010738976998254657,0.0010738976998254657,9.649114872445352e-06,0.0005725303199142218,4.048762275488116e-05,10.0,1.0,10.0
1360.0,0.0010527386330068111,0.0010527386330068111,1.4544928490067832e-05,0.0005696183070540428,3.376710810698569e-05,10.0,1.0,10.0
1361.0,0.0010345048503950238,0.0010345048503950238,1.1176349289598875e-05,0.0005678754532709718,3.5486587876221165e-05,10.0,1.0,10.0
1362.0,0.0010360593441873789,0.0010360593441873789,1.0724983440013602e-05,0.0005665954668074846,3.622140138759278e-05,10.0,1.0,10.0
1363.0,0.0010485791135579348,0.0010485791135579348,1.4614735846407712e-05,0.0005679025198332965,3.3452924981247634e-05,10.0,1.0,10.0
1364.0,0.0010527379345148802,0.0010527379345148802,9.849864909483586e-06,0.000566589180380106,3.876500704791397e-05,10.0,1.0,10.0
1365.0,0.0010425541549921036,0.0010425541549921036,1.4295274013420567e-05,0.0005657795118167996,3.3382184483343735e-05,10.0,1.0,10.0
1366.0,0.0010293340310454369,0.0010293340310454369,1.0910302989941556e-05,0.0005632713437080383,3.569596810848452e-05,10.0,1.0,10.0
1367.0,0.0010256438981741667,0.0010256438981741667,1.1368723789928481e-05,0.0005624462501145899,3.4951044654008e-05,10.0,1.0,10.0
1368.0,0.0010312447557225823,0.0010312447557225823,1.3462593415169977e-05,0.0005623115575872362,3.343072239658795e-05,10.0,1.0,10.0
1369.0,0.0010359303560107946,0.0010359303560107946,1.0203139026998542e-05,0.0005616635316982865,3.7223540857667103e-05,10.0,1.0,10.0
1370.0,0.0010325906332582235,0.0010325906332582235,1.3943770682089962e-05,0.000561170803848654,3.31982082570903e-05,10.0,1.0,10.0
1371.0,0.0010241838172078133,0.0010241838172078133,1.0746935913630296e-05,0.0005592664238065481,3.57447934220545e-05,10.0,1.0,10.0
1372.0,0.0010185525752604008,0.0010185525752604008,1.1913019079656806e-05,0.0005584879545494914,3.409344208193943e-05,10.0,1.0,10.0
1373.0,0.0010191273177042603,0.0010191273177042603,1.2536004760477226e-05,0.0005577105330303311,3.3605672797420993e-05,10.0,1.0,10.0
1374.0,0.0010222403798252344,0.0010222403798252344,1.0569247024250217e-05,0.000557395163923502,3.591526910895482e-05,10.0,1.0,10.0
1375.0,0.0010223673889413476,0.0010223673889413476,1.3448569006868638e-05,0.0005568205378949642,3.310612009954639e-05,10.0,1.0,10.0
1376.0,0.001018195180222392,0.001018195180222392,1.0666502021194901e-05,0.0005558106931857765,3.557195304892957e-05,10.0,1.0,10.0
1377.0,0.001013091765344143,0.001013091765344143,1.2280514056328684e-05,0.0005545419408008456,3.357447712915018e-05,10.0,1.0,10.0
1378.0,0.0010107401758432388,0.0010107401758432388,1.1848449503304437e-05,0.0005540633574128151,3.38192330673337e-05,10.0,1.0,10.0
1379.0,0.0010113741736859083,0.0010113741736859083,1.0947521332127508e-05,0.0005527982721105218,3.491006282274611e-05,10.0,1.0,10.0
1380.0,0.0010122559033334255,0.0010122559033334255,1.2919212167616934e-05,0.0005530178314074874,3.300459502497688e-05,10.0,1.0,10.0
1381.0,0.0010109717259183526,0.0010109717259183526,1.0664744877431076e-05,0.0005512777715921402,3.53046489180997e-05,10.0,1.0,10.0
1382.0,0.0010077235056087375,0.0010077235056087375,1.2546215657494031e-05,0.0005512068746611476,3.3105447073467076e-05,10.0,1.0,10.0
1383.0,0.0010045977542176843,0.0010045977542176843,1.132611396315042e-05,0.0005493865464814007,3.4195007174275815e-05,10.0,1.0,10.0
1384.0,0.0010031737620010972,0.0010031737620010972,1.1465892384876497e-05,0.0005492966156452894,3.3921824069693685e-05,10.0,1.0,10.0
1385.0,0.0010031283600255847,0.0010031283600255847,1.2286225683055818e-05,0.0005479523097164929,3.323138298583217e-05,10.0,1.0,10.0
1386.0,0.001002926379442215,0.001002926379442215,1.0917086001427379e-05,0.0005478936363942921,3.4586188121465966e-05,10.0,1.0,10.0
1387.0,0.0010015120496973395,0.0010015120496973395,1.2472810340113938e-05,0.000546383555047214,3.304004349047318e-05,10.0,1.0,10.0
1388.0,0.0009991765255108476,0.0009991765255108476,1.1149420970468782e-05,0.0005464080022647977,3.412743171793409e-05,10.0,1.0,10.0
1389.0,0.0009970279643312097,0.0009970279643312097,1.1792161785706412e-05,0.0005444175912998617,3.346887751831673e-05,10.0,1.0,10.0
1390.0,0.0009958050213754177,0.0009958050213754177,1.1862756764458027e-05,0.000545138434972614,3.32039016939234e-05,10.0,1.0,10.0
1391.0,0.000995319103822112,0.000995319103822112,1.1115149391116574e-05,0.0005426297429949045,3.4153788874391466e-05,10.0,1.0,10.0
1392.0,0.000994817353785038,0.000994817353785038,1.2376232007227372e-05,0.0005441646208055317,3.268904038122855e-05,10.0,1.0,10.0
1393.0,0.0009937817230820656,0.0009937817230820656,1.0969584764097817e-05,0.0005408358410932124,3.4325003070989624e-05,10.0,1.0,10.0
1394.0,0.0009923637844622135,0.0009923637844622135,1.2239985153428279e-05,0.0005431377794593573,3.268261207267642e-05,10.0,1.0,10.0
1395.0,0.0009911754168570042,0.0009911754168570042,1.1330794222885743e-05,0.0005388591671362519,3.3900832931976765e-05,10.0,1.0,10.0
1396.0,0.0009907359490171075,0.0009907359490171075,1.1818947314168327e-05,0.0005424111150205135,3.3013533538905904e-05,10.0,1.0,10.0
1397.0,0.0009911980014294386,0.0009911980014294386,1.186550252896268e-05,0.0005368351121433079,3.35707918566186e-05,10.0,1.0,10.0
1398.0,0.000992504763416946,0.000992504763416946,1.1745243682526052e-05,0.0005425040144473314,3.325482612126507e-05,10.0,1.0,10.0
1399.0,0.0009948075748980045,0.0009948075748980045,1.2199554475955665e-05,0.0005345807876437902,3.3823114790720865e-05,10.0,1.0,10.0
1400.0,0.0009988922392949462,0.0009988922392949462,1.241880363522796e-05,0.0005439461674541235,3.30758084601257e-05,10.0,1.0,10.0
1401.0,0.001006321981549263,0.001006321981549263,1.2503379366535228e-05,0.000532188918441534,3.490993185550906e-05,10.0,1.0,10.0
1402.0,0.001019602525047958,0.001019602525047958,1.4251975699153263e-05,0.0005483110435307026,3.2877171179279685e-05,10.0,1.0,10.0
1403.0,0.0010426706867292523,0.0010426706867292523,1.3867669622413814e-05,0.000530890712980181,3.731033211806789e-05,10.0,1.0,10.0
1404.0,0.0010820513125509024,0.0010820513125509024,1.8424816516926512e-05,0.0005595373222604394,3.382658542250283e-05,10.0,1.0,10.0
1405.0,0.00114904111251235,0.00114904111251235,1.8910122889792547e-05,0.0005346376565285027,4.253022052580491e-05,10.0,1.0,10.0
1406.0,0.0012636473402380943,0.0012636473402380943,2.898661477956921e-05,0.000588051974773407,3.857292904285714e-05,10.0,1.0,10.0
1407.0,0.0014611264923587441,0.0014611264923587441,3.479236693237908e-05,0.0005566325271502137,5.565703031606972e-05,10.0,1.0,10.0
1408.0,0.0018039331771433353,0.0018039331771433353,5.896333823329769e-05,0.0006640226347371936,5.5027725466061383e-05,10.0,1.0,10.0
1409.0,0.002401781966909766,0.002401781966909766,8.356689068023115e-05,0.0006406268803402781,9.254862379748374e-05,10.0,1.0,10.0
1410.0,0.003448911476880312,0.003448911476880312,0.0001486989640397951,0.0008772056899033487,0.00010847159137483686,10.0,1.0,10.0
1411.0,0.005279215984046459,0.005279215984046459,0.00023416487965732813,0.0009271639864891768,0.0002010403259191662,10.0,1.0,10.0
1412.0,0.008460544049739838,0.008460544049739838,0.0004195751389488578,0.001492115086875856,0.0002772677398752421,10.0,1.0,10.0
1413.0,0.013866482302546501,0.013866482302546501,0.0006868010386824608,0.0018307771533727646,0.0005167695344425738,10.0,1.0,10.0
1414.0,0.022696437314152718,0.022696437314152718,0.0011844398686662316,0.0031809459906071424,0.0007671092753298581,10.0,1.0,10.0
1415.0,0.035874590277671814,0.035874590277671814,0.001852673594839871,0.0042110891081392765,0.001313676591962576,10.0,1.0,10.0
1416.0,0.05257795751094818,0.05257795751094818,0.002784301061183214,0.006657634861767292,0.001807731343433261,10.0,1.0,10.0
1417.0,0.06681282073259354,0.06681282073259354,0.0034983325749635696,0.0075890482403337955,0.002424044767394662,10.0,1.0,10.0
1418.0,0.06745792925357819,0.06745792925357819,0.0035790586844086647,0.008357401005923748,0.0023309937678277493,10.0,1.0,10.0
1419.0,0.04667122662067413,0.04667122662067413,0.002433471381664276,0.005359660368412733,0.0016976852202787995,10.0,1.0,10.0
1420.0,0.016367139294743538,0.016367139294743538,0.0008433362236246467,0.0024073170498013496,0.0005526460008695722,10.0,1.0,10.0
1421.0,0.001115690916776657,0.001115690916776657,1.8157335944124497e-05,0.0005191824166104198,4.1493512981105596e-05,10.0,1.0,10.0
1422.0,0.010305040515959263,0.010305040515959263,0.0005029430030845106,0.0014302030904218554,0.0003845407045446336,10.0,1.0,10.0
1423.0,0.02732192352414131,0.02732192352414131,0.001430330565199256,0.0037162259686738253,0.0009302390972152352,10.0,1.0,10.0
1424.0,0.029492653906345367,0.029492653906345367,0.0015186312375590205,0.0034826446790248156,0.0010823695920407772,10.0,1.0,10.0
1425.0,0.014371717348694801,0.014371717348694801,0.000736734364181757,0.00220181280747056,0.0004802560724783689,10.0,1.0,10.0
1426.0,0.0016258201794698834,0.0016258201794698834,4.0922979678725824e-05,0.0005729138501919806,6.436764670070261e-05,10.0,1.0,10.0
1427.0,0.005461942404508591,0.005461942404508591,0.00024393136845901608,0.0009503482724539936,0.00020722803310491145,10.0,1.0,10.0
1428.0,0.016037633642554283,0.016037633642554283,0.0008248113445006311,0.0024303835816681385,0.0005359137430787086,10.0,1.0,10.0
1429.0,0.016226503998041153,0.016226503998041153,0.0008089490002021194,0.002090590540319681,0.0006046424387022853,10.0,1.0,10.0
1430.0,0.006294628605246544,0.006294628605246544,0.00030180721660144627,0.0012540449388325214,0.00020225116168148816,10.0,1.0,10.0
1431.0,0.0010542229283601046,0.0010542229283601046,1.0334111721022055e-05,0.0005695166764780879,3.813651710515842e-05,10.0,1.0,10.0
1432.0,0.0061300876550376415,0.0061300876550376415,0.000275881786365062,0.0010398417944088578,0.00023314282589126378,10.0,1.0,10.0
1433.0,0.011116395704448223,0.011116395704448223,0.0005613023531623185,0.0018350643804296851,0.00036683076177723706,10.0,1.0,10.0
1434.0,0.007684520911425352,0.007684520911425352,0.0003545914660207927,0.0011968839680776,0.0002941722050309181,10.0,1.0,10.0
1435.0,0.0017994120717048645,0.0017994120717048645,5.6912318541435525e-05,0.0006748891319148242,5.5539981985930353e-05,10.0,1.0,10.0
1436.0,0.0021926076151430607,0.0021926076151430607,7.543002720922232e-05,0.000731484149582684,7.068230479490012e-05,10.0,1.0,10.0
1437.0,0.006404349580407143,0.006404349580407143,0.0002889451861847192,0.001067152712494135,0.0002447744773235172,10.0,1.0,10.0
1438.0,0.006587158888578415,0.006587158888578415,0.0003179626655764878,0.0012703584507107735,0.00021371740149334073,10.0,1.0,10.0
1439.0,0.0026818369515240192,0.0026818369515240192,9.293080074712634e-05,0.000687470193952322,0.00010650586045812815,10.0,1.0,10.0
1440.0,0.0011379478964954615,0.0011379478964954615,1.7182639567181468e-05,0.0005515958764590323,4.145255661569536e-05,10.0,1.0,10.0
1441.0,0.003514296608045697,0.003514296608045697,0.00014806176477577537,0.0008986988104879856,0.00011349801934557036,10.0,1.0,10.0
1442.0,0.004909652750939131,0.004909652750939131,0.00021177512826398015,0.0009168629767373204,0.00018750387243926525,10.0,1.0,10.0
1443.0,0.0029489127919077873,0.0029489127919077873,0.00011964849545620382,0.0008260446484200656,9.26383218029514e-05,10.0,1.0,10.0
1444.0,0.0010810006642714143,0.0010810006642714143,1.1033250302716624e-05,0.000558096042368561,4.125721170566976e-05,10.0,1.0,10.0
1445.0,0.001988861011341214,0.001988861011341214,6.0544796724570915e-05,0.0006301162648014724,7.532968447776511e-05,10.0,1.0,10.0
1446.0,0.003443632274866104,0.003443632274866104,0.00014431589806918055,0.000898944737855345,0.00011015286145266145,10.0,1.0,10.0
1447.0,0.0027929164934903383,0.0027929164934903383,0.00010053448932012543,0.000706212711520493,0.00010813589324243367,10.0,1.0,10.0
1448.0,0.001271851477213204,0.001271851477213204,2.727577339101117e-05,0.0006075127748772502,3.915809793397784e-05,10.0,1.0,10.0
1449.0,0.0012851660139858723,0.0012851660139858723,2.436326030874625e-05,0.000611771596595645,4.297618943382986e-05,10.0,1.0,10.0
1450.0,0.002352840267121792,0.002352840267121792,7.91095953900367e-05,0.0006623085355386138,8.994356903713197e-05,10.0,1.0,10.0
1451.0,0.002429819665849209,0.002429819665849209,9.027009946294129e-05,0.0007667836616747081,7.603348785778508e-05,10.0,1.0,10.0
1452.0,0.0014474147465080023,0.0014474147465080023,3.068949081352912e-05,0.0005772631266154349,5.6325672630919144e-05,10.0,1.0,10.0
1453.0,0.0010411953553557396,0.0010411953553557396,1.307789352722466e-05,0.0005517315585166216,3.586848470149562e-05,10.0,1.0,10.0
1454.0,0.0016337914858013391,0.0016337914858013391,4.4935106416232884e-05,0.0006575372535735369,5.2690327720483765e-05,10.0,1.0,10.0
1455.0,0.002004854613915086,0.002004854613915086,6.0994396335445344e-05,0.0006250912556424737,7.698193076066673e-05,10.0,1.0,10.0
1456.0,0.0015264709945768118,0.0015264709945768118,4.137758878641762e-05,0.0006401657592505217,4.7252935473807156e-05,10.0,1.0,10.0
1457.0,0.0010277763940393925,0.0010277763940393925,1.009466086543398e-05,0.000548776937648654,3.780527549679391e-05,10.0,1.0,10.0
1458.0,0.001218075631186366,0.001218075631186366,2.161798329325393e-05,0.0005575520917773247,4.4434371375245973e-05,10.0,1.0,10.0
1459.0,0.0016066780081018806,0.0016066780081018806,4.4338776206132025e-05,0.0006516666617244482,5.116235843161121e-05,10.0,1.0,10.0
1460.0,0.001496301731094718,0.001496301731094718,3.491716779535636e-05,0.0005792608135379851,5.678692104993388e-05,10.0,1.0,10.0
1461.0,0.0010984973050653934,0.0010984973050653934,1.7723959899740294e-05,0.0005746767856180668,3.4658092772588134e-05,10.0,1.0,10.0
1462.0,0.00103000458329916,0.00103000458329916,1.1553642252692953e-05,0.0005613245302811265,3.531436595949344e-05,10.0,1.0,10.0
1463.0,0.0012904906179755926,0.0012904906179755926,2.5622557586757466e-05,0.0005625909543596208,4.7167413868010044e-05,10.0,1.0,10.0
1464.0,0.001383380964398384,0.001383380964398384,3.2669446227373555e-05,0.0006183920777402818,4.3829444621223956e-05,10.0,1.0,10.0
1465.0,0.0011644804617390037,0.0011644804617390037,1.850266744440887e-05,0.0005515898228622973,4.278639971744269e-05,10.0,1.0,10.0
1466.0,0.0009905860060825944,0.0009905860060825944,1.1609483408392407e-05,0.0005491838674061,3.253073009545915e-05,10.0,1.0,10.0
1467.0,0.0010852713603526354,0.0010852713603526354,1.5571036783512682e-05,0.0005694476421922445,3.601133721531369e-05,10.0,1.0,10.0
1468.0,0.001230989582836628,0.001230989582836628,2.3007913114270195e-05,0.0005537071265280247,4.47203274234198e-05,10.0,1.0,10.0
1469.0,0.00117855507414788,0.00117855507414788,2.195873821619898e-05,0.0005833697505295277,3.755979560082778e-05,10.0,1.0,10.0
1470.0,0.001021156320348382,0.001021156320348382,1.1900657227670308e-05,0.0005391328013502061,3.6301698855822906e-05,10.0,1.0,10.0
1471.0,0.000990338739939034,0.000990338739939034,1.1504473150125705e-05,0.0005389481084421277,3.363458381500095e-05,10.0,1.0,10.0
1472.0,0.0010899704648181796,0.0010899704648181796,1.654176230658777e-05,0.0005667249206453562,3.578279574867338e-05,10.0,1.0,10.0
1473.0,0.0011351481080055237,0.0011351481080055237,1.8411637938697822e-05,0.0005426935385912657,4.083382009412162e-05,10.0,1.0,10.0
1474.0,0.00105650897603482,0.00105650897603482,1.5450217688339762e-05,0.0005602604360319674,3.41746344929561e-05,10.0,1.0,10.0
1475.0,0.0009769659955054522,0.0009769659955054522,1.0247687896480784e-05,0.0005368522834032774,3.3763684768928215e-05,10.0,1.0,10.0
1476.0,0.0009982679039239883,0.0009982679039239883,1.1947911843890324e-05,0.0005354454624466598,3.433432357269339e-05,10.0,1.0,10.0
1477.0,0.0010605016723275185,0.0010605016723275185,1.529940163891297e-05,0.0005602330202236772,3.472745811450295e-05,10.0,1.0,10.0
1478.0,0.0010584148112684488,0.0010584148112684488,1.4822373486822471e-05,0.0005362999509088695,3.738910527317785e-05,10.0,1.0,10.0
1479.0,0.0009979797760024667,0.0009979797760024667,1.232076647283975e-05,0.0005475890357047319,3.2718307920731604e-05,10.0,1.0,10.0
1480.0,0.0009659626521170139,0.0009659626521170139,1.0213588211627211e-05,0.0005367787671275437,3.270480374339968e-05,10.0,1.0,10.0
1481.0,0.0009937084978446364,0.0009937084978446364,1.1926344086532481e-05,0.000532677338924259,3.417677726247348e-05,10.0,1.0,10.0
1482.0,0.0010248968610540032,0.0010248968610540032,1.3746554941462819e-05,0.0005516484379768372,3.3578289730940014e-05,10.0,1.0,10.0
1483.0,0.0010098818456754088,0.0010098818456754088,1.2791444532922469e-05,0.0005313011351972818,3.5066623240709305e-05,10.0,1.0,10.0
1484.0,0.0009718559449538589,0.0009718559449538589,1.1139714843011461e-05,0.0005386507255025208,3.2180807465920225e-05,10.0,1.0,10.0
1485.0,0.0009609845001250505,0.0009609845001250505,1.0524011486268137e-05,0.000534013204742223,3.217312405467965e-05,10.0,1.0,10.0
1486.0,0.0009816719684749842,0.0009816719684749842,1.1658770745270886e-05,0.0005283922655507922,3.366919554537162e-05,10.0,1.0,10.0
1487.0,0.000995765207335353,0.000995765207335353,1.26070408441592e-05,0.0005424781702458858,3.272166941314936e-05,10.0,1.0,10.0
1488.0,0.0009815625380724669,0.0009815625380724669,1.1806728252850007e-05,0.0005267045344226062,3.367906901985407e-05,10.0,1.0,10.0
1489.0,0.0009590794797986746,0.0009590794797986746,1.0732467671914492e-05,0.0005319779156707227,3.197769183316268e-05,10.0,1.0,10.0
1490.0,0.000955481082201004,0.000955481082201004,1.068981146090664e-05,0.0005302036879584193,3.1837924325373024e-05,10.0,1.0,10.0
1491.0,0.00096832902636379,0.00096832902636379,1.125595281337155e-05,0.0005246883374638855,3.310811734991148e-05,10.0,1.0,10.0
1492.0,0.000974657537881285,0.000974657537881285,1.1795425962191075e-05,0.0005354224122129381,3.212808587704785e-05,10.0,1.0,10.0
1493.0,0.0009645274840295315,0.0009645274840295315,1.1244286724831909e-05,0.0005235534044913948,3.2853120501386e-05,10.0,1.0,10.0
1494.0,0.000951048918068409,0.000951048918068409,1.05108601928805e-05,0.0005276988376863301,3.182414729963057e-05,10.0,1.0,10.0
1495.0,0.0009491239325143397,0.0009491239325143397,1.0659082363417838e-05,0.0005267709493637085,3.157621904392727e-05,10.0,1.0,10.0
1496.0,0.0009563597850501537,0.0009563597850501537,1.0847168596228585e-05,0.0005218861624598503,3.260019366280176e-05,10.0,1.0,10.0
1497.0,0.0009595343144610524,0.0009595343144610524,1.1254258424742147e-05,0.0005299316835589707,3.170600757584907e-05,10.0,1.0,10.0
1498.0,0.0009531768155284226,0.0009531768155284226,1.0913577170867939e-05,0.0005206752102822065,3.233658571843989e-05,10.0,1.0,10.0
1499.0,0.0009446964832022786,0.0009446964832022786,1.0418105375720188e-05,0.0005239624297246337,3.165529778925702e-05,10.0,1.0,10.0
1500.0,0.0009427168988622725,0.0009427168988622725,1.0615695828164462e-05,0.0005227362271398306,3.1382369343191385e-05,10.0,1.0,10.0
