epoch,loss_total,objective_total,loss_data,loss_physics,loss_boundary,weight_data,weight_physics,weight_boundary
1.0,100.78286743164062,100.78286743164062,0.22881241142749786,98.48637390136719,0.0008369411807507277,10.0,1.0,10.0
2.0,99.30093383789062,99.30093383789062,0.15567035973072052,97.63764190673828,0.0106587465852499,10.0,1.0,10.0
3.0,98.17781066894531,98.17781066894531,0.10202305763959885,96.79692077636719,0.03606605529785156,10.0,1.0,10.0
4.0,97.36935424804688,97.36935424804688,0.06620164215564728,95.9618148803711,0.074552521109581,10.0,1.0,10.0
5.0,96.8198013305664,96.8198013305664,0.04616386815905571,95.13714599609375,0.12210139632225037,10.0,1.0,10.0
6.0,96.44446563720703,96.44446563720703,0.03867022693157196,94.33607482910156,0.17216837406158447,10.0,1.0,10.0
7.0,96.1384048461914,96.1384048461914,0.0389489121735096,93.57825469970703,0.2170664370059967,10.0,1.0,10.0
8.0,95.8088607788086,95.8088607788086,0.042129505425691605,92.87857818603516,0.250898540019989,10.0,1.0,10.0
9.0,95.39881896972656,95.39881896972656,0.044785160571336746,92.24171447753906,0.2709251344203949,10.0,1.0,10.0
10.0,94.8895492553711,94.8895492553711,0.04536714777350426,91.6619873046875,0.27738869190216064,10.0,1.0,10.0
11.0,94.2892837524414,94.2892837524414,0.043810971081256866,91.12574005126953,0.2725430428981781,10.0,1.0,10.0
12.0,93.61852264404297,93.61852264404297,0.04086967557668686,90.61363220214844,0.2596188485622406,10.0,1.0,10.0
13.0,92.89801025390625,92.89801025390625,0.03751900792121887,90.10233306884766,0.24204830825328827,10.0,1.0,10.0
14.0,92.14088439941406,92.14088439941406,0.03456420823931694,89.56512451171875,0.22301162779331207,10.0,1.0,10.0
15.0,91.34842681884766,91.34842681884766,0.032429300248622894,88.97251892089844,0.20516115427017212,10.0,1.0,10.0
16.0,90.51006317138672,90.51006317138672,0.03112364560365677,88.29410552978516,0.19047221541404724,10.0,1.0,10.0
17.0,89.60694885253906,89.60694885253906,0.03036501444876194,87.50106048583984,0.18022403120994568,10.0,1.0,10.0
18.0,88.61753845214844,88.61753845214844,0.02979411371052265,86.56843566894531,0.17511612176895142,10.0,1.0,10.0
19.0,87.52288055419922,87.52288055419922,0.02918359264731407,85.47666931152344,0.17543746531009674,10.0,1.0,10.0
20.0,86.31016540527344,86.31016540527344,0.028564170002937317,84.21260070800781,0.18119226396083832,10.0,1.0,10.0
21.0,84.97362518310547,84.97362518310547,0.028231479227542877,82.76997375488281,0.1921336054801941,10.0,1.0,10.0
22.0,83.5128402709961,83.5128402709961,0.028635174036026,81.14949035644531,0.2076995074748993,10.0,1.0,10.0
23.0,81.92914581298828,81.92914581298828,0.030183585360646248,79.35841369628906,0.2268894612789154,10.0,1.0,10.0
24.0,80.2215347290039,80.2215347290039,0.03302653133869171,77.40965270996094,0.24816137552261353,10.0,1.0,10.0
25.0,78.38357543945312,78.38357543945312,0.03690454736351967,75.3199691772461,0.26945585012435913,10.0,1.0,10.0
26.0,76.40325164794922,76.40325164794922,0.041151683777570724,73.10740661621094,0.288433313369751,10.0,1.0,10.0
27.0,74.26592254638672,74.26592254638672,0.04488140344619751,70.78801727294922,0.3029087483882904,10.0,1.0,10.0
28.0,71.9591293334961,71.9591293334961,0.047283124178647995,68.37295532226562,0.31133437156677246,10.0,1.0,10.0
29.0,69.4769287109375,69.4769287109375,0.047895077615976334,65.86644744873047,0.31315287947654724,10.0,1.0,10.0
30.0,66.82148742675781,66.82148742675781,0.04674442857503891,63.2647590637207,0.30892807245254517,10.0,1.0,10.0
31.0,64.0014419555664,64.0014419555664,0.04431468993425369,60.55587387084961,0.3002420961856842,10.0,1.0,10.0
32.0,61.02804946899414,61.02804946899414,0.041367072612047195,57.72047424316406,0.28939056396484375,10.0,1.0,10.0
33.0,57.91143035888672,57.91143035888672,0.038693204522132874,54.73531723022461,0.2789180874824524,10.0,1.0,10.0
34.0,54.660125732421875,54.660125732421875,0.03690686076879501,51.58042907714844,0.2710627317428589,10.0,1.0,10.0
35.0,51.285804748535156,51.285804748535156,0.03636264055967331,48.2497444152832,0.26724350452423096,10.0,1.0,10.0
36.0,47.81028366088867,47.81028366088867,0.037182025611400604,44.761104583740234,0.26773592829704285,10.0,1.0,10.0
37.0,44.269561767578125,44.269561767578125,0.03925424814224243,41.16130065917969,0.27157172560691833,10.0,1.0,10.0
38.0,40.7111930847168,40.7111930847168,0.04212336242198944,37.52364730834961,0.27663105726242065,10.0,1.0,10.0
39.0,37.187294006347656,37.187294006347656,0.044880159199237823,33.93846130371094,0.2800029218196869,10.0,1.0,10.0
40.0,33.749610900878906,33.749610900878906,0.04633372649550438,30.498445510864258,0.2787826657295227,10.0,1.0,10.0
41.0,30.451156616210938,30.451156616210938,0.04558137059211731,27.283042907714844,0.27122992277145386,10.0,1.0,10.0
42.0,27.350683212280273,27.350683212280273,0.04264799878001213,24.34708023071289,0.25771236419677734,10.0,1.0,10.0
43.0,24.51021385192871,24.51021385192871,0.03862215206027031,21.716487884521484,0.24075043201446533,10.0,1.0,10.0
44.0,21.981060028076172,21.981060028076172,0.03503892570734024,19.391172409057617,0.22394981980323792,10.0,1.0,10.0
45.0,19.787097930908203,19.787097930908203,0.032921478152275085,17.354991912841797,0.21028929948806763,10.0,1.0,10.0
46.0,17.91921615600586,17.91921615600586,0.032299160957336426,15.588401794433594,0.20078228414058685,10.0,1.0,10.0
47.0,16.340452194213867,16.340452194213867,0.03253471106290817,14.071440696716309,0.19436638057231903,10.0,1.0,10.0
48.0,14.988818168640137,14.988818168640137,0.032904401421546936,12.770941734313965,0.1888832002878189,10.0,1.0,10.0
49.0,13.780058860778809,13.780058860778809,0.03295406326651573,11.62625789642334,0.1824261099100113,10.0,1.0,10.0
50.0,12.626607894897461,12.626607894897461,0.03272173926234245,10.555256843566895,0.17441338300704956,10.0,1.0,10.0
51.0,11.466251373291016,11.466251373291016,0.03263029083609581,9.48403263092041,0.16559161245822906,10.0,1.0,10.0
52.0,10.273284912109375,10.273284912109375,0.032739270478487015,8.378715515136719,0.15671762824058533,10.0,1.0,10.0
53.0,9.050466537475586,9.050466537475586,0.032197289168834686,7.255410194396973,0.14730839431285858,10.0,1.0,10.0
54.0,7.824357032775879,7.824357032775879,0.029998749494552612,6.163710117340088,0.1360659897327423,10.0,1.0,10.0
55.0,6.643216133117676,6.643216133117676,0.0261835977435112,5.15773868560791,0.12236414849758148,10.0,1.0,10.0
56.0,5.561324596405029,5.561324596405029,0.02178901806473732,4.274550437927246,0.10688837617635727,10.0,1.0,10.0
57.0,4.62177038192749,4.62177038192749,0.01786123588681221,3.5322322845458984,0.09109259396791458,10.0,1.0,10.0
58.0,3.8552300930023193,3.8552300930023193,0.014893189072608948,2.9419336318969727,0.07643644511699677,10.0,1.0,10.0
59.0,3.281094789505005,3.281094789505005,0.012828362174332142,2.5140604972839355,0.06387507170438766,10.0,1.0,10.0
60.0,2.9004712104797363,2.9004712104797363,0.011299628764390945,2.249533176422119,0.05379416048526764,10.0,1.0,10.0
61.0,2.696228265762329,2.696228265762329,0.010216517373919487,2.1282920837402344,0.046577103435993195,10.0,1.0,10.0
62.0,2.640148162841797,2.640148162841797,0.010073947720229626,2.1092114448547363,0.04301971197128296,10.0,1.0,10.0
63.0,2.6924779415130615,2.6924779415130615,0.011286524124443531,2.142361640930176,0.043725114315748215,10.0,1.0,10.0
64.0,2.8037362098693848,2.8037362098693848,0.013553302735090256,2.185593366622925,0.048260968178510666,10.0,1.0,10.0
65.0,2.9267759323120117,2.9267759323120117,0.0161968395113945,2.2131524085998535,0.05516549199819565,10.0,1.0,10.0
66.0,3.0226778984069824,3.0226778984069824,0.01870359294116497,2.209982395172119,0.06256594508886337,10.0,1.0,10.0
67.0,3.0604918003082275,3.0604918003082275,0.020849687978625298,2.1632072925567627,0.06887876987457275,10.0,1.0,10.0
68.0,3.0229549407958984,3.0229549407958984,0.02260936051607132,2.0642576217651367,0.07326038181781769,10.0,1.0,10.0
69.0,2.909402847290039,2.909402847290039,0.023871731013059616,1.9164552688598633,0.07542303204536438,10.0,1.0,10.0
70.0,2.7314155101776123,2.7314155101776123,0.024301206693053246,1.7365812063217163,0.0751822292804718,10.0,1.0,10.0
71.0,2.5094289779663086,2.5094289779663086,0.023669134825468063,1.5485835075378418,0.07241541147232056,10.0,1.0,10.0
72.0,2.2683355808258057,2.2683355808258057,0.022119242697954178,1.3742426633834839,0.0672900453209877,10.0,1.0,10.0
73.0,2.0314855575561523,2.0314855575561523,0.020011890679597855,1.2275607585906982,0.06038060039281845,10.0,1.0,10.0
74.0,1.8182110786437988,1.8182110786437988,0.017687777057290077,1.1151723861694336,0.05261610075831413,10.0,1.0,10.0
75.0,1.6420725584030151,1.6420725584030151,0.015360954217612743,1.03815758228302,0.04503054544329643,10.0,1.0,10.0
76.0,1.508333683013916,1.508333683013916,0.013138730078935623,0.992584764957428,0.0384361557662487,10.0,1.0,10.0
77.0,1.4149389266967773,1.4149389266967773,0.011132943443953991,0.9709392786026001,0.03326702117919922,10.0,1.0,10.0
78.0,1.3553251028060913,1.3553251028060913,0.009469356387853622,0.9646488428115845,0.02959827519953251,10.0,1.0,10.0
79.0,1.3200759887695312,1.3200759887695312,0.008176419883966446,0.9658345580101013,0.027247734367847443,10.0,1.0,10.0
80.0,1.2991689443588257,1.2991689443588257,0.0071765524335205555,0.9679749608039856,0.0259428508579731,10.0,1.0,10.0
81.0,1.2840805053710938,1.2840805053710938,0.006373511161655188,0.9659993052482605,0.025434615090489388,10.0,1.0,10.0
82.0,1.2683064937591553,1.2683064937591553,0.005693519022315741,0.9566030502319336,0.02547682449221611,10.0,1.0,10.0
83.0,1.2478759288787842,1.2478759288787842,0.005094744730740786,0.9390826225280762,0.02578458935022354,10.0,1.0,10.0
84.0,1.2214571237564087,1.2214571237564087,0.004562941379845142,0.915267825126648,0.026055991649627686,10.0,1.0,10.0
85.0,1.189234972000122,1.189234972000122,0.004090301226824522,0.8879420161247253,0.02603899873793125,10.0,1.0,10.0
86.0,1.152272343635559,1.152272343635559,0.00367855466902256,0.8594158887863159,0.025607094168663025,10.0,1.0,10.0
87.0,1.1123708486557007,1.1123708486557007,0.0033389832824468613,0.8312299251556396,0.024775110185146332,10.0,1.0,10.0
88.0,1.0713800191879272,1.0713800191879272,0.003065921366214752,0.8043181896209717,0.023640261963009834,10.0,1.0,10.0
89.0,1.0308170318603516,1.0308170318603516,0.002845361363142729,0.7790670394897461,0.02232963964343071,10.0,1.0,10.0
90.0,0.9919313788414001,0.9919313788414001,0.002690680092200637,0.7552072405815125,0.02098173461854458,10.0,1.0,10.0
91.0,0.9554949402809143,0.9554949402809143,0.002635433804243803,0.7318834066390991,0.019725721329450607,10.0,1.0,10.0
92.0,0.9218505620956421,0.9218505620956421,0.002695237984880805,0.7082787752151489,0.018661942332983017,10.0,1.0,10.0
93.0,0.8912190198898315,0.8912190198898315,0.002844091970473528,0.6842213869094849,0.017855670303106308,10.0,1.0,10.0
94.0,0.8636431694030762,0.8636431694030762,0.0030251704156398773,0.6600251197814941,0.017336638644337654,10.0,1.0,10.0
95.0,0.8390600681304932,0.8390600681304932,0.0031985698733478785,0.63602215051651,0.01710522174835205,10.0,1.0,10.0
96.0,0.8175589442253113,0.8175589442253113,0.0033718892373144627,0.6125243902206421,0.017131565138697624,10.0,1.0,10.0
97.0,0.7992595434188843,0.7992595434188843,0.003567933337762952,0.5901302099227905,0.017344996333122253,10.0,1.0,10.0
98.0,0.7841710448265076,0.7841710448265076,0.003780191531404853,0.5698596835136414,0.017650943249464035,10.0,1.0,10.0
99.0,0.7721966505050659,0.7721966505050659,0.0039699687622487545,0.5527673363685608,0.01797296106815338,10.0,1.0,10.0
100.0,0.7629619836807251,0.7629619836807251,0.004095377400517464,0.5393078923225403,0.018270034343004227,10.0,1.0,10.0
101.0,0.7557873129844666,0.7557873129844666,0.004143917467445135,0.5291778445243835,0.01851702854037285,10.0,1.0,10.0
102.0,0.7498117089271545,0.7498117089271545,0.004135807976126671,0.5216636061668396,0.018679004162549973,10.0,1.0,10.0
103.0,0.7440131902694702,0.7440131902694702,0.0040957629680633545,0.5159147381782532,0.01871408522129059,10.0,1.0,10.0
104.0,0.7373954653739929,0.7373954653739929,0.00403331033885479,0.5109822750091553,0.018608009442687035,10.0,1.0,10.0
105.0,0.7292543053627014,0.7292543053627014,0.003945588134229183,0.5058732032775879,0.018392521888017654,10.0,1.0,10.0
106.0,0.7192496061325073,0.7192496061325073,0.0038270321674644947,0.49981173872947693,0.018116755411028862,10.0,1.0,10.0
107.0,0.7074686884880066,0.7074686884880066,0.0036806929856538773,0.4925781488418579,0.01780836097896099,10.0,1.0,10.0
108.0,0.6944194436073303,0.6944194436073303,0.003521731123328209,0.4845242202281952,0.017467791214585304,10.0,1.0,10.0
109.0,0.6808605790138245,0.6808605790138245,0.003368568839505315,0.4762278199195862,0.01709470897912979,10.0,1.0,10.0
110.0,0.6676418781280518,0.6676418781280518,0.0032328679226338863,0.4681907594203949,0.016712240874767303,10.0,1.0,10.0
111.0,0.6555135846138,0.6555135846138,0.0031147089321166277,0.46078038215637207,0.01635861024260521,10.0,1.0,10.0
112.0,0.6449304223060608,0.6449304223060608,0.0030071560759097338,0.45426657795906067,0.016059227287769318,10.0,1.0,10.0
113.0,0.6360125541687012,0.6360125541687012,0.0029085881542414427,0.4487822651863098,0.015814442187547684,10.0,1.0,10.0
114.0,0.6285646557807922,0.6285646557807922,0.0028260154649615288,0.4441981315612793,0.015610636211931705,10.0,1.0,10.0
115.0,0.6221388578414917,0.6221388578414917,0.002765098586678505,0.4401121437549591,0.01543757226318121,10.0,1.0,10.0
116.0,0.616193950176239,0.616193950176239,0.002720822347328067,0.4360322952270508,0.015295342542231083,10.0,1.0,10.0
117.0,0.6102378964424133,0.6102378964424133,0.0026797831524163485,0.43156298995018005,0.015187708660960197,10.0,1.0,10.0
118.0,0.6039239168167114,0.6039239168167114,0.002633097115904093,0.42645859718322754,0.01511343289166689,10.0,1.0,10.0
119.0,0.5971143841743469,0.5971143841743469,0.0025858841836452484,0.42060863971710205,0.01506468839943409,10.0,1.0,10.0
120.0,0.589855968952179,0.589855968952179,0.0025508252438157797,0.41404032707214355,0.015030737966299057,10.0,1.0,10.0
121.0,0.5823181867599487,0.5823181867599487,0.002534395782276988,0.4069403409957886,0.015003392472863197,10.0,1.0,10.0
122.0,0.5747287273406982,0.5747287273406982,0.0025315978564321995,0.3996087908744812,0.014980394393205643,10.0,1.0,10.0
123.0,0.5672864317893982,0.5672864317893982,0.002532633952796459,0.39232710003852844,0.014963299967348576,10.0,1.0,10.0
124.0,0.5601122975349426,0.5601122975349426,0.0025337107945233583,0.3852521479129791,0.014952306635677814,10.0,1.0,10.0
125.0,0.5532481670379639,0.5532481670379639,0.0025399173609912395,0.3784162998199463,0.01494327001273632,10.0,1.0,10.0
126.0,0.54666668176651,0.54666668176651,0.0025578655768185854,0.37178823351860046,0.014929980970919132,10.0,1.0,10.0
127.0,0.5403072834014893,0.5403072834014893,0.0025879377499222755,0.365327924489975,0.014909996651113033,10.0,1.0,10.0
128.0,0.5341116189956665,0.5341116189956665,0.00262379739433527,0.35900557041168213,0.014886807650327682,10.0,1.0,10.0
129.0,0.5280414819717407,0.5280414819717407,0.002658216282725334,0.3528059720993042,0.014865333214402199,10.0,1.0,10.0
130.0,0.5220894813537598,0.5220894813537598,0.002688839565962553,0.3467397391796112,0.014846134930849075,10.0,1.0,10.0
131.0,0.5162702202796936,0.5162702202796936,0.002717731287702918,0.34084442257881165,0.014824850484728813,10.0,1.0,10.0
132.0,0.5105995535850525,0.5105995535850525,0.0027461519930511713,0.3351668119430542,0.014797121286392212,10.0,1.0,10.0
133.0,0.5050859451293945,0.5050859451293945,0.0027711696457117796,0.3297428488731384,0.014763137325644493,10.0,1.0,10.0
134.0,0.4997236430644989,0.4997236430644989,0.002787453355267644,0.3245832622051239,0.014726584777235985,10.0,1.0,10.0
135.0,0.49448975920677185,0.49448975920677185,0.0027923022862523794,0.3196682929992676,0.014689844101667404,10.0,1.0,10.0
136.0,0.48935484886169434,0.48935484886169434,0.0027881606947630644,0.31495824456214905,0.014651499688625336,10.0,1.0,10.0
137.0,0.4842912554740906,0.4842912554740906,0.002779674483463168,0.3104096055030823,0.014608489349484444,10.0,1.0,10.0
138.0,0.47928035259246826,0.47928035259246826,0.002768856706097722,0.30599135160446167,0.014560045674443245,10.0,1.0,10.0
139.0,0.4743165969848633,0.4743165969848633,0.0027538149151951075,0.3016892075538635,0.014508922584354877,10.0,1.0,10.0
140.0,0.4694029986858368,0.4694029986858368,0.0027321185916662216,0.2974952161312103,0.01445865910500288,10.0,1.0,10.0
141.0,0.4645482897758484,0.4645482897758484,0.0027049726340919733,0.2933947741985321,0.014410381205379963,10.0,1.0,10.0
142.0,0.45976296067237854,0.45976296067237854,0.0026772411074489355,0.2893650233745575,0.014362553134560585,10.0,1.0,10.0
143.0,0.4550536870956421,0.4550536870956421,0.0026535079814493656,0.28538405895233154,0.014313453808426857,10.0,1.0,10.0
144.0,0.45042380690574646,0.45042380690574646,0.0026347509119659662,0.28144127130508423,0.014263501390814781,10.0,1.0,10.0
145.0,0.44587379693984985,0.44587379693984985,0.0026188702322542667,0.27753835916519165,0.014214674010872841,10.0,1.0,10.0
146.0,0.4414020776748657,0.4414020776748657,0.0026039674412459135,0.27368175983428955,0.01416806410998106,10.0,1.0,10.0
147.0,0.43700557947158813,0.43700557947158813,0.002590535907074809,0.26987531781196594,0.014122488908469677,10.0,1.0,10.0
148.0,0.4326801300048828,0.4326801300048828,0.00258037936873734,0.26611846685409546,0.014075785875320435,10.0,1.0,10.0
149.0,0.42841988801956177,0.42841988801956177,0.0025741010904312134,0.26240798830986023,0.01402709074318409,10.0,1.0,10.0
150.0,0.4242187440395355,0.4242187440395355,0.002570166951045394,0.25874125957489014,0.013977580703794956,10.0,1.0,10.0
151.0,0.42007020115852356,0.42007020115852356,0.0025664193090051413,0.2551170885562897,0.013928893022239208,10.0,1.0,10.0
152.0,0.4159696698188782,0.4159696698188782,0.002562121022492647,0.2515345513820648,0.013881389982998371,10.0,1.0,10.0
153.0,0.41191625595092773,0.41191625595092773,0.002558190608397126,0.24799293279647827,0.013834143057465553,10.0,1.0,10.0
154.0,0.4079129695892334,0.4079129695892334,0.0025555742904543877,0.24449270963668823,0.01378645095974207,10.0,1.0,10.0
155.0,0.40396571159362793,0.40396571159362793,0.002553776605054736,0.24103771150112152,0.013739023357629776,10.0,1.0,10.0
156.0,0.40008145570755005,0.40008145570755005,0.0025513730943202972,0.23763339221477509,0.013693434186279774,10.0,1.0,10.0
157.0,0.3962656557559967,0.3962656557559967,0.0025477460585534573,0.23428162932395935,0.013650655746459961,10.0,1.0,10.0
158.0,0.39252057671546936,0.39252057671546936,0.0025438875891268253,0.2309773862361908,0.013610431924462318,10.0,1.0,10.0
159.0,0.38884437084198,0.38884437084198,0.0025412465911358595,0.2277122586965561,0.013571967370808125,10.0,1.0,10.0
160.0,0.3852325677871704,0.3852325677871704,0.0025400544982403517,0.22448189556598663,0.013535010628402233,10.0,1.0,10.0
161.0,0.3816794157028198,0.3816794157028198,0.002538936212658882,0.22128868103027344,0.013500139117240906,10.0,1.0,10.0
162.0,0.3781800866127014,0.3781800866127014,0.002536366693675518,0.2181374877691269,0.013467892073094845,10.0,1.0,10.0
163.0,0.3747318685054779,0.3747318685054779,0.002532127546146512,0.2150304615497589,0.013438012450933456,10.0,1.0,10.0
164.0,0.37133437395095825,0.37133437395095825,0.002527153119444847,0.21196715533733368,0.01340956799685955,10.0,1.0,10.0
165.0,0.36798882484436035,0.36798882484436035,0.002522171474993229,0.20894944667816162,0.013381768018007278,10.0,1.0,10.0
166.0,0.36469724774360657,0.36469724774360657,0.0025168140418827534,0.20598378777503967,0.013354532420635223,10.0,1.0,10.0
167.0,0.36146122217178345,0.36146122217178345,0.002510078949853778,0.2030791938304901,0.013328121975064278,10.0,1.0,10.0
168.0,0.3582811951637268,0.3582811951637268,0.002501571085304022,0.20024164021015167,0.013302383944392204,10.0,1.0,10.0
169.0,0.35515695810317993,0.35515695810317993,0.002491932362318039,0.1974722445011139,0.013276536948978901,10.0,1.0,10.0
170.0,0.3520872890949249,0.3520872890949249,0.002482167910784483,0.1947687715291977,0.013249684125185013,10.0,1.0,10.0
171.0,0.34907063841819763,0.34907063841819763,0.0024727832060307264,0.1921280175447464,0.013221479021012783,10.0,1.0,10.0
172.0,0.3461053967475891,0.3461053967475891,0.0024637191090732813,0.18954679369926453,0.013192142359912395,10.0,1.0,10.0
173.0,0.34319016337394714,0.34319016337394714,0.0024550058878958225,0.187021404504776,0.013161870650947094,10.0,1.0,10.0
174.0,0.34032368659973145,0.34032368659973145,0.002447169739753008,0.18454734981060028,0.013130462728440762,10.0,1.0,10.0
175.0,0.3375050127506256,0.3375050127506256,0.0024409110192209482,0.18212026357650757,0.013097562827169895,10.0,1.0,10.0
176.0,0.33473363518714905,0.33473363518714905,0.0024364693090319633,0.17973704636096954,0.013063188642263412,10.0,1.0,10.0
177.0,0.33200931549072266,0.33200931549072266,0.002433445770293474,0.17739619314670563,0.013027866370975971,10.0,1.0,10.0
178.0,0.32933202385902405,0.32933202385902405,0.0024313025642186403,0.1750965118408203,0.012992247939109802,10.0,1.0,10.0
179.0,0.32670146226882935,0.32670146226882935,0.002429889515042305,0.17283590137958527,0.012956668622791767,10.0,1.0,10.0
180.0,0.32411712408065796,0.32411712408065796,0.002429368207231164,0.17061161994934082,0.012921181507408619,10.0,1.0,10.0
181.0,0.3215782046318054,0.3215782046318054,0.0024296832270920277,0.16842253506183624,0.012885883450508118,10.0,1.0,10.0
182.0,0.31908369064331055,0.31908369064331055,0.0024302529636770487,0.16626949608325958,0.012851165607571602,10.0,1.0,10.0
183.0,0.3166325092315674,0.3166325092315674,0.0024303121026605368,0.16415469348430634,0.012817468494176865,10.0,1.0,10.0
184.0,0.3142237067222595,0.3142237067222595,0.0024294923059642315,0.1620791107416153,0.012784965336322784,10.0,1.0,10.0
185.0,0.311856746673584,0.311856746673584,0.002428000094369054,0.1600417047739029,0.012753506191074848,10.0,1.0,10.0
186.0,0.30953118205070496,0.30953118205070496,0.0024261660873889923,0.15804100036621094,0.012722853571176529,10.0,1.0,10.0
187.0,0.30724653601646423,0.30724653601646423,0.0024240403436124325,0.15607671439647675,0.012692941352725029,10.0,1.0,10.0
188.0,0.30500221252441406,0.30500221252441406,0.002421371638774872,0.1541498750448227,0.012663863599300385,10.0,1.0,10.0
189.0,0.30279725790023804,0.30279725790023804,0.0024179937317967415,0.15226119756698608,0.01263561099767685,10.0,1.0,10.0
190.0,0.3006308972835541,0.3006308972835541,0.00241411617025733,0.15041017532348633,0.012607955373823643,10.0,1.0,10.0
191.0,0.2985021471977234,0.2985021471977234,0.00241006538271904,0.14859560132026672,0.012580590322613716,10.0,1.0,10.0
192.0,0.2964104413986206,0.2964104413986206,0.002406005747616291,0.14681661128997803,0.012553376145660877,10.0,1.0,10.0
193.0,0.29435497522354126,0.29435497522354126,0.0024018215481191874,0.14507323503494263,0.01252635195851326,10.0,1.0,10.0
194.0,0.2923355996608734,0.2923355996608734,0.002397401025518775,0.14336583018302917,0.012499574571847916,10.0,1.0,10.0
195.0,0.2903514802455902,0.2903514802455902,0.0023927760776132345,0.14169396460056305,0.012472975999116898,10.0,1.0,10.0
196.0,0.28840237855911255,0.28840237855911255,0.0023881355300545692,0.140056774020195,0.012446423061192036,10.0,1.0,10.0
197.0,0.2864871025085449,0.2864871025085449,0.002383556915447116,0.1384531706571579,0.012419836595654488,10.0,1.0,10.0
198.0,0.2846050560474396,0.2846050560474396,0.0023789824917912483,0.13688227534294128,0.01239329669624567,10.0,1.0,10.0
199.0,0.28275540471076965,0.28275540471076965,0.0023743680212646723,0.13534294068813324,0.012366879731416702,10.0,1.0,10.0
200.0,0.28093743324279785,0.28093743324279785,0.0023698273580521345,0.1338334083557129,0.012340573593974113,10.0,1.0,10.0
201.0,0.2791503071784973,0.2791503071784973,0.002365604741498828,0.13235162198543549,0.012314261868596077,10.0,1.0,10.0
202.0,0.2773933708667755,0.2773933708667755,0.0023618158884346485,0.13089632987976074,0.012287887744605541,10.0,1.0,10.0
203.0,0.27566617727279663,0.27566617727279663,0.0023583995644003153,0.12946727871894836,0.012261491268873215,10.0,1.0,10.0
204.0,0.2739678919315338,0.2739678919315338,0.0023552088532596827,0.12806430459022522,0.012235148809850216,10.0,1.0,10.0
205.0,0.27229809761047363,0.27229809761047363,0.0023522055707871914,0.1266871988773346,0.012208884581923485,10.0,1.0,10.0
206.0,0.27065619826316833,0.27065619826316833,0.002349462825804949,0.1253352165222168,0.012182635255157948,10.0,1.0,10.0
207.0,0.2690414786338806,0.2690414786338806,0.0023469815496355295,0.1240079402923584,0.012156371027231216,10.0,1.0,10.0
208.0,0.2674535810947418,0.2674535810947418,0.002344618085771799,0.12270564585924149,0.012130175717175007,10.0,1.0,10.0
209.0,0.2658918499946594,0.2658918499946594,0.002342129359021783,0.12142905592918396,0.012104151770472527,10.0,1.0,10.0
210.0,0.2643555998802185,0.2643555998802185,0.0023393607698380947,0.12017822265625,0.012078379280865192,10.0,1.0,10.0
211.0,0.2628444731235504,0.2628444731235504,0.002336334204301238,0.1189526617527008,0.012052847072482109,10.0,1.0,10.0
212.0,0.26135769486427307,0.26135769486427307,0.002333091339096427,0.11775127053260803,0.012027550488710403,10.0,1.0,10.0
213.0,0.2598946690559387,0.2598946690559387,0.0023296428844332695,0.11657294631004333,0.01200252864509821,10.0,1.0,10.0
214.0,0.25845497846603394,0.25845497846603394,0.0023259634617716074,0.11541686952114105,0.0119778485968709,10.0,1.0,10.0
215.0,0.25703805685043335,0.25703805685043335,0.002322046086192131,0.1142820194363594,0.011953556910157204,10.0,1.0,10.0
216.0,0.2556433379650116,0.2556433379650116,0.002317988546565175,0.11316719651222229,0.011929625645279884,10.0,1.0,10.0
217.0,0.2542704939842224,0.2542704939842224,0.0023139240220189095,0.11207109689712524,0.011906015686690807,10.0,1.0,10.0
218.0,0.25291872024536133,0.25291872024536133,0.0023098972160369158,0.11099281907081604,0.011882694438099861,10.0,1.0,10.0
219.0,0.251587837934494,0.251587837934494,0.002305913483723998,0.10993178188800812,0.011859691701829433,10.0,1.0,10.0
220.0,0.2502771317958832,0.2502771317958832,0.00230195838958025,0.10888764262199402,0.011836991645395756,10.0,1.0,10.0
221.0,0.2489863932132721,0.2489863932132721,0.0022980854846537113,0.10786005109548569,0.011814549565315247,10.0,1.0,10.0
222.0,0.24771501123905182,0.24771501123905182,0.002294320147484541,0.10684872418642044,0.01179230771958828,10.0,1.0,10.0
223.0,0.24646258354187012,0.24646258354187012,0.002290633972734213,0.10585372149944305,0.011770251207053661,10.0,1.0,10.0
224.0,0.24522870779037476,0.24522870779037476,0.0022869606036692858,0.10487522929906845,0.011748387478291988,10.0,1.0,10.0
225.0,0.2440129816532135,0.2440129816532135,0.002283261390402913,0.10391320288181305,0.011726715601980686,10.0,1.0,10.0
226.0,0.24281492829322815,0.24281492829322815,0.0022795633412897587,0.10296723991632462,0.011705204844474792,10.0,1.0,10.0
227.0,0.2416343092918396,0.2416343092918396,0.0022759162820875645,0.10203681141138077,0.011683832854032516,10.0,1.0,10.0
228.0,0.24047057330608368,0.24047057330608368,0.002272301120683551,0.10112164169549942,0.011662592180073261,10.0,1.0,10.0
229.0,0.2393234670162201,0.2393234670162201,0.0022686736192554235,0.10022150725126266,0.011641522869467735,10.0,1.0,10.0
230.0,0.23819270730018616,0.23819270730018616,0.002265016781166196,0.09933613985776901,0.011620638892054558,10.0,1.0,10.0
231.0,0.2370777577161789,0.2370777577161789,0.002261335263028741,0.0984649732708931,0.011599943041801453,10.0,1.0,10.0
232.0,0.23597843945026398,0.23597843945026398,0.002257678424939513,0.09760747849941254,0.011579417623579502,10.0,1.0,10.0
233.0,0.23489435017108917,0.23489435017108917,0.00225403206422925,0.09676332026720047,0.011559071019291878,10.0,1.0,10.0
234.0,0.23382511734962463,0.23382511734962463,0.002250353805720806,0.09593231976032257,0.011538926512002945,10.0,1.0,10.0
235.0,0.2327706217765808,0.2327706217765808,0.002246611751616001,0.09511443972587585,0.01151900552213192,10.0,1.0,10.0
236.0,0.23173031210899353,0.23173031210899353,0.0022427921649068594,0.09430940449237823,0.011499298736453056,10.0,1.0,10.0
237.0,0.23070405423641205,0.23070405423641205,0.0022389222867786884,0.09351688623428345,0.011479794979095459,10.0,1.0,10.0
238.0,0.22969156503677368,0.22969156503677368,0.0022350167855620384,0.09273660182952881,0.011460480280220509,10.0,1.0,10.0
239.0,0.22869254648685455,0.22869254648685455,0.002231065882369876,0.09196828305721283,0.011441360227763653,10.0,1.0,10.0
240.0,0.22770676016807556,0.22770676016807556,0.0022270740009844303,0.09121168404817581,0.011422434821724892,10.0,1.0,10.0
241.0,0.22673386335372925,0.22673386335372925,0.0022230467293411493,0.0904664546251297,0.011403694748878479,10.0,1.0,10.0
242.0,0.22577381134033203,0.22577381134033203,0.0022190362215042114,0.08973219990730286,0.011385124176740646,10.0,1.0,10.0
243.0,0.22482606768608093,0.22482606768608093,0.0022150445729494095,0.08900850266218185,0.011366711929440498,10.0,1.0,10.0
244.0,0.22389060258865356,0.22389060258865356,0.0022110743448138237,0.08829517662525177,0.011348468251526356,10.0,1.0,10.0
245.0,0.22296710312366486,0.22296710312366486,0.002207129029557109,0.08759193867444992,0.011330386623740196,10.0,1.0,10.0
246.0,0.2220553755760193,0.2220553755760193,0.0022032209672033787,0.08689849823713303,0.011312466114759445,10.0,1.0,10.0
247.0,0.22115513682365417,0.22115513682365417,0.0021993606351315975,0.08621460199356079,0.011294691823422909,10.0,1.0,10.0
248.0,0.2202664017677307,0.2202664017677307,0.002195541514083743,0.08554019033908844,0.01127707865089178,10.0,1.0,10.0
249.0,0.21938863396644592,0.21938863396644592,0.0021917279809713364,0.08487512916326523,0.011259621940553188,10.0,1.0,10.0
250.0,0.21852189302444458,0.21852189302444458,0.0021879265550523996,0.0842193067073822,0.011242331936955452,10.0,1.0,10.0
251.0,0.21766585111618042,0.21766585111618042,0.0021841428242623806,0.08357248455286026,0.011225193738937378,10.0,1.0,10.0
252.0,0.21682032942771912,0.21682032942771912,0.0021803800482302904,0.08293452858924866,0.011208200827240944,10.0,1.0,10.0
253.0,0.2159852534532547,0.2159852534532547,0.0021766386926174164,0.08230530470609665,0.011191355995833874,10.0,1.0,10.0
254.0,0.2151603400707245,0.2151603400707245,0.0021728931460529566,0.08168479800224304,0.011174660176038742,10.0,1.0,10.0
255.0,0.21434547007083893,0.21434547007083893,0.0021691438741981983,0.08107287436723709,0.011158116161823273,10.0,1.0,10.0
256.0,0.2135404348373413,0.2135404348373413,0.002165391342714429,0.08046933263540268,0.011141719296574593,10.0,1.0,10.0
257.0,0.2127450704574585,0.2127450704574585,0.002161650452762842,0.07987399399280548,0.011125457473099232,10.0,1.0,10.0
258.0,0.21195922791957855,0.21195922791957855,0.0021579163148999214,0.07928669452667236,0.011109337210655212,10.0,1.0,10.0
259.0,0.2111828625202179,0.2111828625202179,0.0021541882306337357,0.07870733737945557,0.011093365028500557,10.0,1.0,10.0
260.0,0.21041563153266907,0.21041563153266907,0.002150444546714425,0.07813581824302673,0.011077536270022392,10.0,1.0,10.0
261.0,0.2096574902534485,0.2096574902534485,0.002146710641682148,0.0775717943906784,0.011061858385801315,10.0,1.0,10.0
262.0,0.20890825986862183,0.20890825986862183,0.002142997458577156,0.07701513171195984,0.011046316474676132,10.0,1.0,10.0
263.0,0.2081678807735443,0.2081678807735443,0.0021393089555203915,0.0764656588435173,0.011030914261937141,10.0,1.0,10.0
264.0,0.20743615925312042,0.20743615925312042,0.002135646529495716,0.07592318952083588,0.011015650816261768,10.0,1.0,10.0
265.0,0.20671290159225464,0.20671290159225464,0.002132006222382188,0.07538756728172302,0.011000528000295162,10.0,1.0,10.0
266.0,0.20599804818630219,0.20599804818630219,0.0021284054964780807,0.074858658015728,0.010985533706843853,10.0,1.0,10.0
267.0,0.2052915394306183,0.2052915394306183,0.0021248534321784973,0.07433629781007767,0.01097066979855299,10.0,1.0,10.0
268.0,0.20459306240081787,0.20459306240081787,0.002121328841894865,0.07382040470838547,0.010955936275422573,10.0,1.0,10.0
269.0,0.20390263199806213,0.20390263199806213,0.0021178352180868387,0.0733109563589096,0.010941332206130028,10.0,1.0,10.0
270.0,0.20322009921073914,0.20322009921073914,0.002114373492076993,0.07280778884887695,0.01092685665935278,10.0,1.0,10.0
271.0,0.20254527032375336,0.20254527032375336,0.0021109413355588913,0.07231082767248154,0.010912503115832806,10.0,1.0,10.0
272.0,0.20187821984291077,0.20187821984291077,0.0021075361873954535,0.07182002067565918,0.010898284614086151,10.0,1.0,10.0
273.0,0.20121869444847107,0.20121869444847107,0.002104147570207715,0.07133530080318451,0.01088419184088707,10.0,1.0,10.0
274.0,0.20056651532649994,0.20056651532649994,0.002100767567753792,0.07085651159286499,0.010870233178138733,10.0,1.0,10.0
275.0,0.19992180168628693,0.19992180168628693,0.002097419695928693,0.07038356363773346,0.010856403969228268,10.0,1.0,10.0
276.0,0.19928419589996338,0.19928419589996338,0.002094085793942213,0.06991630792617798,0.010842702351510525,10.0,1.0,10.0
277.0,0.1986537128686905,0.1986537128686905,0.002090778201818466,0.06945465505123138,0.01082912739366293,10.0,1.0,10.0
278.0,0.1980302929878235,0.1980302929878235,0.0020874959882348776,0.06899851560592651,0.010815681889653206,10.0,1.0,10.0
279.0,0.19741374254226685,0.19741374254226685,0.002084239386022091,0.0685478001832962,0.010802354663610458,10.0,1.0,10.0
280.0,0.196804016828537,0.196804016828537,0.002081006532534957,0.06810242682695389,0.01078915223479271,10.0,1.0,10.0
281.0,0.19620099663734436,0.19620099663734436,0.0020777983590960503,0.06766235083341599,0.010776066221296787,10.0,1.0,10.0
282.0,0.19560463726520538,0.19560463726520538,0.0020746211521327496,0.06722749769687653,0.010763091966509819,10.0,1.0,10.0
283.0,0.19501473009586334,0.19501473009586334,0.002071468159556389,0.06679780036211014,0.010750224813818932,10.0,1.0,10.0
284.0,0.194431334733963,0.194431334733963,0.0020683452021330595,0.06637320667505264,0.010737467557191849,10.0,1.0,10.0
285.0,0.19385413825511932,0.19385413825511932,0.0020652413368225098,0.06595367193222046,0.010724805295467377,10.0,1.0,10.0
286.0,0.1932833194732666,0.1932833194732666,0.0020621733274310827,0.06553914397954941,0.010712245479226112,10.0,1.0,10.0
287.0,0.19271862506866455,0.19271862506866455,0.0020591276697814465,0.06512951850891113,0.010699783451855183,10.0,1.0,10.0
288.0,0.19216005504131317,0.19216005504131317,0.002056122524663806,0.06472472846508026,0.010687409900128841,10.0,1.0,10.0
289.0,0.19160732626914978,0.19160732626914978,0.002053138567134738,0.06432463973760605,0.010675130411982536,10.0,1.0,10.0
290.0,0.19106049835681915,0.19106049835681915,0.002050190232694149,0.06392922252416611,0.01066293753683567,10.0,1.0,10.0
291.0,0.19051960110664368,0.19051960110664368,0.0020472805481404066,0.06353844702243805,0.010650834999978542,10.0,1.0,10.0
292.0,0.18998439610004425,0.18998439610004425,0.0020443908870220184,0.06315223127603531,0.010638825595378876,10.0,1.0,10.0
293.0,0.18945477902889252,0.18945477902889252,0.002041531726717949,0.06277041882276535,0.010626904666423798,10.0,1.0,10.0
294.0,0.1889307051897049,0.1889307051897049,0.0020387053955346346,0.062392983585596085,0.010615067556500435,10.0,1.0,10.0
295.0,0.1884121298789978,0.1884121298789978,0.002035908866673708,0.062019847333431244,0.010603319853544235,10.0,1.0,10.0
296.0,0.1878989338874817,0.1878989338874817,0.002033124677836895,0.0616510733962059,0.010591661557555199,10.0,1.0,10.0
297.0,0.18739104270935059,0.18739104270935059,0.0020303663332015276,0.06128648668527603,0.010580089874565601,10.0,1.0,10.0
298.0,0.1868884116411209,0.1868884116411209,0.0020276394207030535,0.060926008969545364,0.010568601079285145,10.0,1.0,10.0
299.0,0.18639084696769714,0.18639084696769714,0.0020249290391802788,0.06056961417198181,0.01055719330906868,10.0,1.0,10.0
300.0,0.18589849770069122,0.18589849770069122,0.0020222461316734552,0.06021727994084358,0.010545875877141953,10.0,1.0,10.0
301.0,0.18541106581687927,0.18541106581687927,0.002019585110247135,0.05986888334155083,0.010534632951021194,10.0,1.0,10.0
302.0,0.18492856621742249,0.18492856621742249,0.0020169587805867195,0.05952434241771698,0.010523463599383831,10.0,1.0,10.0
303.0,0.18445086479187012,0.18445086479187012,0.002014351775869727,0.059183645993471146,0.010512370616197586,10.0,1.0,10.0
304.0,0.18397796154022217,0.18397796154022217,0.002011767588555813,0.05884673446416855,0.010501354932785034,10.0,1.0,10.0
305.0,0.18350975215435028,0.18350975215435028,0.0020092069171369076,0.05851356312632561,0.010490411892533302,10.0,1.0,10.0
306.0,0.1830461621284485,0.1830461621284485,0.0020066832657903433,0.05818401277065277,0.01047953125089407,10.0,1.0,10.0
307.0,0.18258708715438843,0.18258708715438843,0.0020041826646775007,0.05785802751779556,0.010468723252415657,10.0,1.0,10.0
308.0,0.1821325421333313,0.1821325421333313,0.002001712331548333,0.05753564089536667,0.010457977652549744,10.0,1.0,10.0
309.0,0.18168234825134277,0.18168234825134277,0.0019992541056126356,0.05721680074930191,0.010447300970554352,10.0,1.0,10.0
310.0,0.18123647570610046,0.18123647570610046,0.0019968259148299694,0.056901395320892334,0.010436682030558586,10.0,1.0,10.0
311.0,0.18079489469528198,0.18079489469528198,0.001994434976950288,0.05658935010433197,0.010426119901239872,10.0,1.0,10.0
312.0,0.180357426404953,0.180357426404953,0.0019920654594898224,0.05628065764904022,0.010415610857307911,10.0,1.0,10.0
313.0,0.1799241006374359,0.1799241006374359,0.0019897203892469406,0.05597526207566261,0.010405164211988449,10.0,1.0,10.0
314.0,0.17949479818344116,0.17949479818344116,0.001987392781302333,0.05567313730716705,0.010394773446023464,10.0,1.0,10.0
315.0,0.17906954884529114,0.17906954884529114,0.0019850912503898144,0.05537423864006996,0.01038443949073553,10.0,1.0,10.0
316.0,0.17864814400672913,0.17864814400672913,0.0019828176591545343,0.05507843941450119,0.010374152101576328,10.0,1.0,10.0
317.0,0.17823049426078796,0.17823049426078796,0.0019805633928626776,0.05478571727871895,0.010363915003836155,10.0,1.0,10.0
318.0,0.1778167188167572,0.1778167188167572,0.0019783354364335537,0.05449609458446503,0.010353727266192436,10.0,1.0,10.0
319.0,0.17740663886070251,0.17740663886070251,0.001976125640794635,0.05420944467186928,0.01034359261393547,10.0,1.0,10.0
320.0,0.17700013518333435,0.17700013518333435,0.0019739342387765646,0.05392574146389961,0.010333504527807236,10.0,1.0,10.0
321.0,0.1765972226858139,0.1765972226858139,0.0019717752002179623,0.05364489555358887,0.010323457419872284,10.0,1.0,10.0
322.0,0.17619779706001282,0.17619779706001282,0.001969633623957634,0.05336691066622734,0.010313454084098339,10.0,1.0,10.0
323.0,0.17580176889896393,0.17580176889896393,0.0019675095099955797,0.05309174209833145,0.010303492657840252,10.0,1.0,10.0
324.0,0.17540913820266724,0.17540913820266724,0.0019654117058962584,0.052819300442934036,0.010293571278452873,10.0,1.0,10.0
325.0,0.17501981556415558,0.17501981556415558,0.0019633332267403603,0.052549585700035095,0.010283689945936203,10.0,1.0,10.0
326.0,0.17463374137878418,0.17463374137878418,0.0019612815231084824,0.05228248983621597,0.010273844003677368,10.0,1.0,10.0
327.0,0.17425082623958588,0.17425082623958588,0.0019592454191297293,0.05201802775263786,0.010264034382998943,10.0,1.0,10.0
328.0,0.17387104034423828,0.17387104034423828,0.0019572328310459852,0.05175613984465599,0.010254258289933205,10.0,1.0,10.0
329.0,0.17349430918693542,0.17349430918693542,0.0019552370067685843,0.05149678885936737,0.010244513861835003,10.0,1.0,10.0
330.0,0.17312057316303253,0.17312057316303253,0.0019532646983861923,0.05123986676335335,0.010234805755317211,10.0,1.0,10.0
331.0,0.17274978756904602,0.17274978756904602,0.0019513097358867526,0.05098539590835571,0.010225128382444382,10.0,1.0,10.0
332.0,0.17238181829452515,0.17238181829452515,0.0019493777072057128,0.0507332868874073,0.010215474292635918,10.0,1.0,10.0
333.0,0.1720166951417923,0.1720166951417923,0.0019474602304399014,0.05048356205224991,0.010205852799117565,10.0,1.0,10.0
334.0,0.1716543287038803,0.1716543287038803,0.001945567550137639,0.05023608356714249,0.010196256451308727,10.0,1.0,10.0
335.0,0.17129471898078918,0.17129471898078918,0.0019436953589320183,0.04999087005853653,0.010186689905822277,10.0,1.0,10.0
336.0,0.17093762755393982,0.17093762755393982,0.001941834343597293,0.04974787309765816,0.010177141055464745,10.0,1.0,10.0
337.0,0.17058324813842773,0.17058324813842773,0.001939996611326933,0.04950706660747528,0.01016762014478445,10.0,1.0,10.0
338.0,0.17023129761219025,0.17023129761219025,0.0019381789024919271,0.04926835373044014,0.0101581159979105,10.0,1.0,10.0
339.0,0.1698818802833557,0.1698818802833557,0.0019363778410479426,0.04903174936771393,0.010148635134100914,10.0,1.0,10.0
340.0,0.169534832239151,0.169534832239151,0.001934587024152279,0.04879722744226456,0.01013917289674282,10.0,1.0,10.0
341.0,0.1691901683807373,0.1691901683807373,0.0019328208873048425,0.04856465011835098,0.010129731148481369,10.0,1.0,10.0
342.0,0.16884781420230865,0.16884781420230865,0.0019310694187879562,0.048334091901779175,0.010120302438735962,10.0,1.0,10.0
343.0,0.16850778460502625,0.16850778460502625,0.0019293447257950902,0.04810543730854988,0.010110890492796898,10.0,1.0,10.0
344.0,0.16816984117031097,0.16816984117031097,0.0019276250386610627,0.047878675162792206,0.010101491585373878,10.0,1.0,10.0
345.0,0.16783416271209717,0.16783416271209717,0.0019259306136518717,0.04765376076102257,0.010092109441757202,10.0,1.0,10.0
346.0,0.16750052571296692,0.16750052571296692,0.0019242409616708755,0.047430701553821564,0.01008274033665657,10.0,1.0,10.0
347.0,0.1671690046787262,0.1671690046787262,0.0019225789001211524,0.04720938578248024,0.010073383338749409,10.0,1.0,10.0
348.0,0.16683943569660187,0.16683943569660187,0.001920938491821289,0.04698977619409561,0.010064027272164822,10.0,1.0,10.0
349.0,0.1665118932723999,0.1665118932723999,0.0019193087937310338,0.046771906316280365,0.010054688900709152,10.0,1.0,10.0
350.0,0.16618624329566956,0.16618624329566956,0.0019176906207576394,0.04655572399497032,0.010045360773801804,10.0,1.0,10.0
351.0,0.16586241126060486,0.16586241126060486,0.0019160815281793475,0.046341199427843094,0.010036040097475052,10.0,1.0,10.0
352.0,0.16554045677185059,0.16554045677185059,0.0019144947873428464,0.04612826183438301,0.010026725009083748,10.0,1.0,10.0
353.0,0.16522027552127838,0.16522027552127838,0.0019129287684336305,0.0459168404340744,0.010017414577305317,10.0,1.0,10.0
354.0,0.16490177810192108,0.16490177810192108,0.0019113697344437242,0.045706991106271744,0.010008108802139759,10.0,1.0,10.0
355.0,0.16458502411842346,0.16458502411842346,0.0019098245538771152,0.04549867659807205,0.009998809546232224,10.0,1.0,10.0
356.0,0.16426992416381836,0.16426992416381836,0.001908299047499895,0.04529181122779846,0.009989511221647263,10.0,1.0,10.0
357.0,0.16395637392997742,0.16395637392997742,0.0019067800603806973,0.04508640617132187,0.009980215691030025,10.0,1.0,10.0
358.0,0.1636444628238678,0.1636444628238678,0.001905284239910543,0.044882383197546005,0.009970922954380512,10.0,1.0,10.0
359.0,0.16333401203155518,0.16333401203155518,0.0019037972670048475,0.044679757207632065,0.009961629286408424,10.0,1.0,10.0
360.0,0.16302505135536194,0.16302505135536194,0.0019023156492039561,0.04447851702570915,0.00995233841240406,10.0,1.0,10.0
361.0,0.16271764039993286,0.16271764039993286,0.0019008617382496595,0.0442785918712616,0.009943042881786823,10.0,1.0,10.0
362.0,0.16241158545017242,0.16241158545017242,0.0018994148122146726,0.04407995194196701,0.009933749213814735,10.0,1.0,10.0
363.0,0.16210682690143585,0.16210682690143585,0.0018979745218530297,0.0438825748860836,0.009924450889229774,10.0,1.0,10.0
364.0,0.1618034690618515,0.1618034690618515,0.0018965532071888447,0.04368646442890167,0.00991514790803194,10.0,1.0,10.0
365.0,0.1615014523267746,0.1615014523267746,0.001895144465379417,0.04349156469106674,0.009905843995511532,10.0,1.0,10.0
366.0,0.161200612783432,0.161200612783432,0.0018937424756586552,0.04329787194728851,0.009896531701087952,10.0,1.0,10.0
367.0,0.1609010547399521,0.1609010547399521,0.0018923524767160416,0.0431053563952446,0.009887217544019222,10.0,1.0,10.0
368.0,0.16060270369052887,0.16060270369052887,0.0018909759819507599,0.04291396960616112,0.009877897799015045,10.0,1.0,10.0
369.0,0.16030550003051758,0.16030550003051758,0.0018896181136369705,0.04272368177771568,0.009868564084172249,10.0,1.0,10.0
370.0,0.160009503364563,0.160009503364563,0.001888269791379571,0.04253450036048889,0.009859231300652027,10.0,1.0,10.0
371.0,0.1597145050764084,0.1597145050764084,0.0018869194900617003,0.04234643280506134,0.009849888272583485,10.0,1.0,10.0
372.0,0.1594206988811493,0.1594206988811493,0.001885587116703391,0.04215942323207855,0.009840541519224644,10.0,1.0,10.0
373.0,0.15912781655788422,0.15912781655788422,0.0018842637073248625,0.04197339713573456,0.00983117800205946,10.0,1.0,10.0
374.0,0.15883596241474152,0.15883596241474152,0.0018829539185389876,0.04178836569190025,0.009821806102991104,10.0,1.0,10.0
375.0,0.15854519605636597,0.15854519605636597,0.001881658798083663,0.04160434752702713,0.009812425822019577,10.0,1.0,10.0
376.0,0.15825533866882324,0.15825533866882324,0.0018803656566888094,0.04142133146524429,0.00980303529649973,10.0,1.0,10.0
377.0,0.15796643495559692,0.15796643495559692,0.001879075774922967,0.04123929142951965,0.009793637320399284,10.0,1.0,10.0
378.0,0.15767839550971985,0.15767839550971985,0.0018778078956529498,0.04105810821056366,0.009784221649169922,10.0,1.0,10.0
379.0,0.1573912799358368,0.1573912799358368,0.0018765495624393225,0.04087785631418228,0.00977479387074709,10.0,1.0,10.0
380.0,0.15710501372814178,0.15710501372814178,0.001875292626209557,0.04069852828979492,0.009765355847775936,10.0,1.0,10.0
381.0,0.15681959688663483,0.15681959688663483,0.001874043489806354,0.040520086884498596,0.009755907580256462,10.0,1.0,10.0
382.0,0.15653495490550995,0.15653495490550995,0.0018728019203990698,0.04034249112010002,0.009746444411575794,10.0,1.0,10.0
383.0,0.15625114738941193,0.15625114738941193,0.0018715843325480819,0.04016570374369621,0.00973695982247591,10.0,1.0,10.0
384.0,0.1559680551290512,0.1559680551290512,0.0018703560344874859,0.03998981788754463,0.00972746778279543,10.0,1.0,10.0
385.0,0.15568573772907257,0.15568573772907257,0.0018691353034228086,0.03981475159525871,0.009717963635921478,10.0,1.0,10.0
386.0,0.15540413558483124,0.15540413558483124,0.0018679318018257618,0.03964044898748398,0.009708437137305737,10.0,1.0,10.0
387.0,0.1551232635974884,0.1551232635974884,0.001866743084974587,0.03946690633893013,0.009698892012238503,10.0,1.0,10.0
388.0,0.15484310686588287,0.15484310686588287,0.0018655502935871482,0.03929422050714493,0.009689338505268097,10.0,1.0,10.0
389.0,0.15456359088420868,0.15456359088420868,0.0018643588991835713,0.03912229835987091,0.009679770097136497,10.0,1.0,10.0
390.0,0.1542847454547882,0.1542847454547882,0.0018631794955581427,0.03895110636949539,0.009670184925198555,10.0,1.0,10.0
391.0,0.1540064513683319,0.1540064513683319,0.0018620151095092297,0.03878059238195419,0.009660569950938225,10.0,1.0,10.0
392.0,0.1537288874387741,0.1537288874387741,0.001860851771198213,0.038610879331827164,0.009650948457419872,10.0,1.0,10.0
393.0,0.1534518450498581,0.1534518450498581,0.0018596866866573691,0.03844188526272774,0.009641309268772602,10.0,1.0,10.0
394.0,0.15317538380622864,0.15317538380622864,0.001858528470620513,0.038273587822914124,0.00963165145367384,10.0,1.0,10.0
395.0,0.1528995931148529,0.1528995931148529,0.0018573899287730455,0.03810597211122513,0.009621972218155861,10.0,1.0,10.0
396.0,0.15262430906295776,0.15262430906295776,0.0018562546465545893,0.03793901577591896,0.00961227435618639,10.0,1.0,10.0
397.0,0.15234948694705963,0.15234948694705963,0.0018551141256466508,0.03777278959751129,0.009602556005120277,10.0,1.0,10.0
398.0,0.15207532048225403,0.15207532048225403,0.0018539795419201255,0.03760727122426033,0.009592825546860695,10.0,1.0,10.0
399.0,0.15180161595344543,0.15180161595344543,0.0018528577638790011,0.03744232654571533,0.009583070874214172,10.0,1.0,10.0
400.0,0.15152843296527863,0.15152843296527863,0.0018517411081120372,0.03727807104587555,0.009573294781148434,10.0,1.0,10.0
401.0,0.15125571191310883,0.15125571191310883,0.001850620610639453,0.03711448982357979,0.009563500992953777,10.0,1.0,10.0
402.0,0.1509835124015808,0.1509835124015808,0.0018495091935619712,0.03695152699947357,0.009553688578307629,10.0,1.0,10.0
403.0,0.15071171522140503,0.15071171522140503,0.001848398125730455,0.03678920492529869,0.009543852880597115,10.0,1.0,10.0
404.0,0.15044043958187103,0.15044043958187103,0.0018472961382940412,0.036627523601055145,0.009533995762467384,10.0,1.0,10.0
405.0,0.15016959607601166,0.15016959607601166,0.001846198458224535,0.03646644204854965,0.009524117223918438,10.0,1.0,10.0
406.0,0.1498991847038269,0.1498991847038269,0.0018451039213687181,0.036305982619524,0.009514215402305126,10.0,1.0,10.0
407.0,0.14962920546531677,0.14962920546531677,0.0018440092680975795,0.03614615648984909,0.009504296816885471,10.0,1.0,10.0
408.0,0.14935970306396484,0.14935970306396484,0.0018429224146530032,0.03598691150546074,0.009494355879724026,10.0,1.0,10.0
409.0,0.14909058809280396,0.14909058809280396,0.0018418378895148635,0.03582828491926193,0.00948439259082079,10.0,1.0,10.0
410.0,0.1488218903541565,0.1488218903541565,0.0018407548777759075,0.03567025810480118,0.009474407881498337,10.0,1.0,10.0
411.0,0.1485535204410553,0.1485535204410553,0.001839674892835319,0.03551280498504639,0.00946439616382122,10.0,1.0,10.0
412.0,0.1482856273651123,0.1482856273651123,0.0018386017763987184,0.035355959087610245,0.009454365819692612,10.0,1.0,10.0
413.0,0.1480180323123932,0.1480180323123932,0.0018375238869339228,0.03519967943429947,0.009444311261177063,10.0,1.0,10.0
414.0,0.1477508693933487,0.1477508693933487,0.0018364465795457363,0.03504405543208122,0.009434234350919724,10.0,1.0,10.0
415.0,0.14748409390449524,0.14748409390449524,0.0018353761406615376,0.03488897532224655,0.009424135088920593,10.0,1.0,10.0
416.0,0.14721772074699402,0.14721772074699402,0.0018343153642490506,0.03473446145653725,0.009414010681211948,10.0,1.0,10.0
417.0,0.14695164561271667,0.14695164561271667,0.0018332530744373798,0.034580498933792114,0.009403862059116364,10.0,1.0,10.0
418.0,0.14668598771095276,0.14668598771095276,0.001832184032537043,0.03442719578742981,0.009393694810569286,10.0,1.0,10.0
419.0,0.14642071723937988,0.14642071723937988,0.0018311223248019814,0.03427444025874138,0.009383506141602993,10.0,1.0,10.0
420.0,0.1461556851863861,0.1461556851863861,0.0018300602678209543,0.03412221372127533,0.009373287670314312,10.0,1.0,10.0
421.0,0.145891010761261,0.145891010761261,0.0018290007719770074,0.033970560878515244,0.009363044984638691,10.0,1.0,10.0
422.0,0.1456267535686493,0.1456267535686493,0.0018279444193467498,0.03381951153278351,0.00935277994722128,10.0,1.0,10.0
423.0,0.14536279439926147,0.14536279439926147,0.00182688282802701,0.03366904705762863,0.009342491626739502,10.0,1.0,10.0
424.0,0.14509925246238708,0.14509925246238708,0.001825827406719327,0.033519163727760315,0.009332181885838509,10.0,1.0,10.0
425.0,0.1448359489440918,0.1448359489440918,0.001824773265980184,0.03336980566382408,0.009321841411292553,10.0,1.0,10.0
426.0,0.14457297325134277,0.14457297325134277,0.0018237171461805701,0.03322101756930351,0.009311479516327381,10.0,1.0,10.0
427.0,0.14431039988994598,0.14431039988994598,0.0018226595129817724,0.033072832971811295,0.009301097132265568,10.0,1.0,10.0
428.0,0.14404809474945068,0.14404809474945068,0.0018216007156297565,0.032925210893154144,0.00929068773984909,10.0,1.0,10.0
429.0,0.14378611743450165,0.14378611743450165,0.0018205498345196247,0.03277812898159027,0.009280248545110226,10.0,1.0,10.0
430.0,0.14352445304393768,0.14352445304393768,0.0018194961594417691,0.03263163939118385,0.00926978513598442,10.0,1.0,10.0
431.0,0.14326319098472595,0.14326319098472595,0.001818438759073615,0.032485753297805786,0.009259304031729698,10.0,1.0,10.0
432.0,0.14300218224525452,0.14300218224525452,0.0018173858989030123,0.0323403999209404,0.009248793125152588,10.0,1.0,10.0
433.0,0.14274151623249054,0.14274151623249054,0.0018163303611800075,0.03219563141465187,0.009238258004188538,10.0,1.0,10.0
434.0,0.14248119294643402,0.14248119294643402,0.0018152728443965316,0.032051485031843185,0.009227697737514973,10.0,1.0,10.0
435.0,0.14222115278244019,0.14222115278244019,0.0018142121843993664,0.03190788999199867,0.009217113256454468,10.0,1.0,10.0
436.0,0.1419614851474762,0.1419614851474762,0.0018131640972569585,0.03176484256982803,0.00920649990439415,10.0,1.0,10.0
437.0,0.1417021006345749,0.1417021006345749,0.0018121066968888044,0.03162238374352455,0.009195865131914616,10.0,1.0,10.0
438.0,0.14144299924373627,0.14144299924373627,0.0018110396340489388,0.031480543315410614,0.009185206145048141,10.0,1.0,10.0
439.0,0.1411842703819275,0.1411842703819275,0.0018099808366969228,0.03133928030729294,0.009174518287181854,10.0,1.0,10.0
440.0,0.14092585444450378,0.14092585444450378,0.0018089254153892398,0.031198564916849136,0.009163804352283478,10.0,1.0,10.0
441.0,0.14066773653030396,0.14066773653030396,0.001807861845009029,0.031058449298143387,0.009153066202998161,10.0,1.0,10.0
442.0,0.14040996134281158,0.14040996134281158,0.0018067972268909216,0.03091893531382084,0.009142305701971054,10.0,1.0,10.0
443.0,0.1401524841785431,0.1401524841785431,0.0018057271372526884,0.03078002855181694,0.009131518192589283,10.0,1.0,10.0
444.0,0.13989537954330444,0.13989537954330444,0.0018046696204692125,0.030641665682196617,0.009120702743530273,10.0,1.0,10.0
445.0,0.1396384984254837,0.1396384984254837,0.0018035976681858301,0.030503930523991585,0.009109859354794025,10.0,1.0,10.0
446.0,0.13938206434249878,0.13938206434249878,0.001802527578547597,0.030366798862814903,0.00909899827092886,10.0,1.0,10.0
447.0,0.13912585377693176,0.13912585377693176,0.0018014524830505252,0.03023025579750538,0.009088108316063881,10.0,1.0,10.0
448.0,0.13887009024620056,0.13887009024620056,0.0018003812292590737,0.0300943311303854,0.009077194146811962,10.0,1.0,10.0
449.0,0.13861453533172607,0.13861453533172607,0.0017993060173466802,0.029958954080939293,0.009066252037882805,10.0,1.0,10.0
450.0,0.13835933804512024,0.13835933804512024,0.0017982267308980227,0.029824228957295418,0.009055284783244133,10.0,1.0,10.0
451.0,0.13810454308986664,0.13810454308986664,0.001797146862372756,0.02969014272093773,0.009044293314218521,10.0,1.0,10.0
452.0,0.13784998655319214,0.13784998655319214,0.0017960610566660762,0.029556624591350555,0.00903327576816082,10.0,1.0,10.0
453.0,0.13759581744670868,0.13759581744670868,0.0017949850298464298,0.029423685744404793,0.009022228419780731,10.0,1.0,10.0
454.0,0.13734200596809387,0.13734200596809387,0.00179390050470829,0.029291409999132156,0.009011158719658852,10.0,1.0,10.0
455.0,0.13708853721618652,0.13708853721618652,0.0017928057350218296,0.02915978617966175,0.00900006853044033,10.0,1.0,10.0
456.0,0.13683532178401947,0.13683532178401947,0.0017917114309966564,0.02902872860431671,0.008988948538899422,10.0,1.0,10.0
457.0,0.13658249378204346,0.13658249378204346,0.0017906248103827238,0.02889825589954853,0.008977798745036125,10.0,1.0,10.0
458.0,0.1363300383090973,0.1363300383090973,0.0017895299242809415,0.028768453747034073,0.008966628462076187,10.0,1.0,10.0
459.0,0.13607797026634216,0.13607797026634216,0.001788425026461482,0.02863933891057968,0.008955438621342182,10.0,1.0,10.0
460.0,0.13582617044448853,0.13582617044448853,0.00178732187487185,0.02851078100502491,0.00894421711564064,10.0,1.0,10.0
461.0,0.13557474315166473,0.13557474315166473,0.0017862245440483093,0.02838282659649849,0.008932966738939285,10.0,1.0,10.0
462.0,0.1353236585855484,0.1353236585855484,0.0017851192969828844,0.0282555241137743,0.00892169401049614,10.0,1.0,10.0
463.0,0.13507291674613953,0.13507291674613953,0.001784000894986093,0.028128890320658684,0.008910402655601501,10.0,1.0,10.0
464.0,0.13482259213924408,0.13482259213924408,0.0017828852869570255,0.02800290659070015,0.008899083361029625,10.0,1.0,10.0
465.0,0.1345725804567337,0.1345725804567337,0.0017817748012021184,0.02787749096751213,0.00888773426413536,10.0,1.0,10.0
466.0,0.13432297110557556,0.13432297110557556,0.0017806629184633493,0.027752716094255447,0.008876361884176731,10.0,1.0,10.0
467.0,0.13407370448112488,0.13407370448112488,0.00177953508682549,0.027628671377897263,0.00886496715247631,10.0,1.0,10.0
468.0,0.13382473587989807,0.13382473587989807,0.0017784021329134703,0.027505235746502876,0.008853549137711525,10.0,1.0,10.0
469.0,0.13357627391815186,0.13357627391815186,0.0017772826831787825,0.027382414788007736,0.0088421031832695,10.0,1.0,10.0
470.0,0.13332810997962952,0.13332810997962952,0.0017761570634320378,0.027260221540927887,0.008830632083117962,10.0,1.0,10.0
471.0,0.13308030366897583,0.13308030366897583,0.0017750200349837542,0.027138708159327507,0.008819138631224632,10.0,1.0,10.0
472.0,0.13283288478851318,0.13283288478851318,0.0017738743918016553,0.02701791375875473,0.008807623758912086,10.0,1.0,10.0
473.0,0.13258588314056396,0.13258588314056396,0.0017727408558130264,0.026897665113210678,0.008796081878244877,10.0,1.0,10.0
474.0,0.1323392391204834,0.1323392391204834,0.001771606388501823,0.026778070256114006,0.008784511126577854,10.0,1.0,10.0
475.0,0.13209296762943268,0.13209296762943268,0.0017704518977552652,0.026659199967980385,0.008772925473749638,10.0,1.0,10.0
476.0,0.1318470984697342,0.1318470984697342,0.0017692967085167766,0.026541000232100487,0.008761313743889332,10.0,1.0,10.0
477.0,0.13160166144371033,0.13160166144371033,0.0017681516474112868,0.026423374190926552,0.008749676868319511,10.0,1.0,10.0
478.0,0.13135653734207153,0.13135653734207153,0.0017669976223260164,0.02630642056465149,0.008738013915717602,10.0,1.0,10.0
479.0,0.13111187517642975,0.13111187517642975,0.0017658366123214364,0.02619018405675888,0.0087263323366642,10.0,1.0,10.0
480.0,0.13086755573749542,0.13086755573749542,0.0017646673368290067,0.0260746031999588,0.008714627474546432,10.0,1.0,10.0
481.0,0.13062366843223572,0.13062366843223572,0.0017635044641792774,0.025959672406315804,0.008702894672751427,10.0,1.0,10.0
482.0,0.13038018345832825,0.13038018345832825,0.0017623462481424212,0.025845350697636604,0.008691136725246906,10.0,1.0,10.0
483.0,0.130137100815773,0.130137100815773,0.0017611662624403834,0.025731777772307396,0.008679365739226341,10.0,1.0,10.0
484.0,0.12989442050457,0.12989442050457,0.0017599909333512187,0.025618840008974075,0.008667567744851112,10.0,1.0,10.0
485.0,0.129652202129364,0.129652202129364,0.0017588192131370306,0.02550653927028179,0.008655746467411518,10.0,1.0,10.0
486.0,0.12941035628318787,0.12941035628318787,0.001757641090080142,0.02539491467177868,0.008643901906907558,10.0,1.0,10.0
487.0,0.12916886806488037,0.12916886806488037,0.0017564472509548068,0.02528398670256138,0.008632039651274681,10.0,1.0,10.0
488.0,0.12892788648605347,0.12892788648605347,0.0017552650533616543,0.025173716247081757,0.008620152249932289,10.0,1.0,10.0
489.0,0.12868726253509521,0.12868726253509521,0.0017540784319862723,0.025064077228307724,0.008608240634202957,10.0,1.0,10.0
490.0,0.12844708561897278,0.12844708561897278,0.0017528835451230407,0.024955157190561295,0.008596310392022133,10.0,1.0,10.0
491.0,0.12820732593536377,0.12820732593536377,0.0017516800435259938,0.024846911430358887,0.008584361523389816,10.0,1.0,10.0
492.0,0.1279679834842682,0.1279679834842682,0.0017504795687273145,0.024739310145378113,0.008572387509047985,10.0,1.0,10.0
493.0,0.1277291178703308,0.1277291178703308,0.001749286544509232,0.024632344022393227,0.008560391142964363,10.0,1.0,10.0
494.0,0.12749066948890686,0.12749066948890686,0.0017480812966823578,0.024526093155145645,0.008548376150429249,10.0,1.0,10.0
495.0,0.12725263833999634,0.12725263833999634,0.00174686626996845,0.02442055009305477,0.008536343462765217,10.0,1.0,10.0
496.0,0.12701499462127686,0.12701499462127686,0.0017456525238230824,0.024315612390637398,0.00852428562939167,10.0,1.0,10.0
497.0,0.12677785754203796,0.12677785754203796,0.0017444491386413574,0.02421131730079651,0.008512205444276333,10.0,1.0,10.0
498.0,0.1265411078929901,0.1265411078929901,0.001743224449455738,0.024107756093144417,0.008500110357999802,10.0,1.0,10.0
499.0,0.12630484998226166,0.12630484998226166,0.0017420031363144517,0.02400486171245575,0.008487995713949203,10.0,1.0,10.0
500.0,0.12606903910636902,0.12606903910636902,0.0017407825216650963,0.02390262857079506,0.00847585964947939,10.0,1.0,10.0
501.0,0.125833660364151,0.125833660364151,0.0017395635368302464,0.023801030591130257,0.008463699370622635,10.0,1.0,10.0
502.0,0.12559868395328522,0.12559868395328522,0.0017383305821567774,0.02370011806488037,0.008451526053249836,10.0,1.0,10.0
503.0,0.12536421418190002,0.12536421418190002,0.0017370986752212048,0.023599904030561447,0.008439331315457821,10.0,1.0,10.0
504.0,0.12513014674186707,0.12513014674186707,0.0017358637414872646,0.023500317707657814,0.008427118882536888,10.0,1.0,10.0
505.0,0.12489660084247589,0.12489660084247589,0.0017346310196444392,0.0234014093875885,0.008414888754487038,10.0,1.0,10.0
506.0,0.12466340512037277,0.12466340512037277,0.0017333856085315347,0.02330317720770836,0.008402637206017971,10.0,1.0,10.0
507.0,0.12443076819181442,0.12443076819181442,0.0017321523046121001,0.023205572739243507,0.008390367031097412,10.0,1.0,10.0
508.0,0.1241985410451889,0.1241985410451889,0.0017309073591604829,0.02310866117477417,0.008378081023693085,10.0,1.0,10.0
509.0,0.12396681308746338,0.12396681308746338,0.0017296617152169347,0.02301240898668766,0.008365778252482414,10.0,1.0,10.0
510.0,0.1237354651093483,0.1237354651093483,0.0017284093191847205,0.022916819900274277,0.008353454992175102,10.0,1.0,10.0
511.0,0.12350466102361679,0.12350466102361679,0.0017271606484428048,0.022821899503469467,0.008341115899384022,10.0,1.0,10.0
512.0,0.1232743039727211,0.1232743039727211,0.0017259109299629927,0.022727595642209053,0.008328760042786598,10.0,1.0,10.0
513.0,0.12304431945085526,0.12304431945085526,0.0017246518982574344,0.02263396792113781,0.008316383697092533,10.0,1.0,10.0
514.0,0.12281493097543716,0.12281493097543716,0.0017233939142897725,0.022541020065546036,0.008303997106850147,10.0,1.0,10.0
515.0,0.12258593738079071,0.12258593738079071,0.0017221305752173066,0.02244870364665985,0.008291592821478844,10.0,1.0,10.0
516.0,0.12235745787620544,0.12235745787620544,0.0017208773642778397,0.02235702984035015,0.008279165253043175,10.0,1.0,10.0
517.0,0.12212938070297241,0.12212938070297241,0.0017196099506691098,0.022266020998358727,0.00826672650873661,10.0,1.0,10.0
518.0,0.12190183997154236,0.12190183997154236,0.0017183423042297363,0.02217566780745983,0.008254274725914001,10.0,1.0,10.0
519.0,0.12167474627494812,0.12167474627494812,0.0017170727951452136,0.02208596095442772,0.008241805247962475,10.0,1.0,10.0
520.0,0.12144812196493149,0.12144812196493149,0.0017158112023025751,0.02199684828519821,0.008229316212236881,10.0,1.0,10.0
521.0,0.12122190743684769,0.12122190743684769,0.0017145294696092606,0.02190842293202877,0.008216818794608116,10.0,1.0,10.0
522.0,0.12099623680114746,0.12099623680114746,0.0017132553039118648,0.02182064950466156,0.008204303681850433,10.0,1.0,10.0
523.0,0.12077102810144424,0.12077102810144424,0.0017119836993515491,0.021733473986387253,0.008191771805286407,10.0,1.0,10.0
524.0,0.12054631114006042,0.12054631114006042,0.0017107102321460843,0.021646948531270027,0.008179225958883762,10.0,1.0,10.0
525.0,0.12032204866409302,0.12032204866409302,0.0017094204667955637,0.02156110666692257,0.008166673593223095,10.0,1.0,10.0
526.0,0.12009826302528381,0.12009826302528381,0.0017081446712836623,0.021475838497281075,0.008154097944498062,10.0,1.0,10.0
527.0,0.11987495422363281,0.11987495422363281,0.0017068682936951518,0.021391168236732483,0.00814151018857956,10.0,1.0,10.0
528.0,0.11965209990739822,0.11965209990739822,0.0017055805074051023,0.02130718156695366,0.008128911256790161,10.0,1.0,10.0
529.0,0.11942974478006363,0.11942974478006363,0.001704286434687674,0.021223844960331917,0.008116303011775017,10.0,1.0,10.0
530.0,0.11920785903930664,0.11920785903930664,0.001703002373687923,0.02114107832312584,0.008103675208985806,10.0,1.0,10.0
531.0,0.11898645758628845,0.11898645758628845,0.0017017232021316886,0.021058890968561172,0.008091033436357975,10.0,1.0,10.0
532.0,0.11876555532217026,0.11876555532217026,0.0017004265682771802,0.02097741700708866,0.008078387007117271,10.0,1.0,10.0
533.0,0.11854510754346848,0.11854510754346848,0.0016991352895274758,0.020896511152386665,0.0080657247453928,10.0,1.0,10.0
534.0,0.11832506954669952,0.11832506954669952,0.0016978440107777715,0.020816165953874588,0.008053046651184559,10.0,1.0,10.0
535.0,0.11810562014579773,0.11810562014579773,0.001696554129011929,0.02073647826910019,0.008040359243750572,10.0,1.0,10.0
536.0,0.11788656562566757,0.11788656562566757,0.0016952530713751912,0.02065739594399929,0.008027663454413414,10.0,1.0,10.0
537.0,0.11766800284385681,0.11766800284385681,0.0016939587658271194,0.0205788966268301,0.008014951832592487,10.0,1.0,10.0
538.0,0.11744990199804306,0.11744990199804306,0.001692658755928278,0.02050100825726986,0.008002230897545815,10.0,1.0,10.0
539.0,0.11723235249519348,0.11723235249519348,0.0016913664294406772,0.02042369544506073,0.007989499717950821,10.0,1.0,10.0
540.0,0.11701522022485733,0.11701522022485733,0.001690066303126514,0.020346997305750847,0.007976756431162357,10.0,1.0,10.0
541.0,0.11679854989051819,0.11679854989051819,0.001688767340965569,0.020270848646759987,0.007964002899825573,10.0,1.0,10.0
542.0,0.11658236384391785,0.11658236384391785,0.0016874639550223947,0.020195310935378075,0.007951240986585617,10.0,1.0,10.0
543.0,0.11636664718389511,0.11636664718389511,0.0016861596377566457,0.020120352506637573,0.007938469760119915,10.0,1.0,10.0
544.0,0.11615137755870819,0.11615137755870819,0.001684857183136046,0.020045947283506393,0.007925685495138168,10.0,1.0,10.0
545.0,0.11593662202358246,0.11593662202358246,0.001683558919467032,0.01997213065624237,0.007912890985608101,10.0,1.0,10.0
546.0,0.11572232842445374,0.11572232842445374,0.001682251924648881,0.019898880273103714,0.007900092750787735,10.0,1.0,10.0
547.0,0.11550851166248322,0.11550851166248322,0.0016809443477541208,0.019826222211122513,0.007887284271419048,10.0,1.0,10.0
548.0,0.1152951568365097,0.1152951568365097,0.0016796403797343373,0.01975409872829914,0.00787446554750204,10.0,1.0,10.0
549.0,0.11508218944072723,0.11508218944072723,0.0016783324535936117,0.019682515412569046,0.007861634716391563,10.0,1.0,10.0
550.0,0.11486981809139252,0.11486981809139252,0.0016770301153883338,0.019611524417996407,0.007848799228668213,10.0,1.0,10.0
551.0,0.11465784162282944,0.11465784162282944,0.001675718347541988,0.019541101530194283,0.007835956290364265,10.0,1.0,10.0
552.0,0.11444630473852158,0.11444630473852158,0.0016744049498811364,0.01947120390832424,0.007823104970157146,10.0,1.0,10.0
553.0,0.1142352968454361,0.1142352968454361,0.0016731031937524676,0.019401807337999344,0.007810245733708143,10.0,1.0,10.0
554.0,0.11402470618486404,0.11402470618486404,0.0016717987600713968,0.019332967698574066,0.007797375321388245,10.0,1.0,10.0
555.0,0.11381454765796661,0.11381454765796661,0.0016704797744750977,0.019264724105596542,0.0077845025807619095,10.0,1.0,10.0
556.0,0.11360488086938858,0.11360488086938858,0.0016691717319190502,0.019196974113583565,0.007771618664264679,10.0,1.0,10.0
557.0,0.11339567601680756,0.11339567601680756,0.0016678657848387957,0.019129730761051178,0.007758728694170713,10.0,1.0,10.0
558.0,0.11318689584732056,0.11318689584732056,0.001666553784161806,0.019063042476773262,0.007745831273496151,10.0,1.0,10.0
559.0,0.11297858506441116,0.11297858506441116,0.0016652427148073912,0.01899684965610504,0.007732931058853865,10.0,1.0,10.0
560.0,0.11277072131633759,0.11277072131633759,0.0016639315290376544,0.018931180238723755,0.007720022927969694,10.0,1.0,10.0
561.0,0.11256332695484161,0.11256332695484161,0.0016626176657155156,0.018866050988435745,0.0077071101404726505,10.0,1.0,10.0
562.0,0.11235632747411728,0.11235632747411728,0.0016613072948530316,0.018801383674144745,0.007694187108427286,10.0,1.0,10.0
563.0,0.11214989423751831,0.11214989423751831,0.0016600022790953517,0.018737241625785828,0.007681263145059347,10.0,1.0,10.0
564.0,0.11194377392530441,0.11194377392530441,0.0016586872516199946,0.018673598766326904,0.007668330799788237,10.0,1.0,10.0
565.0,0.1117381900548935,0.1117381900548935,0.001657374668866396,0.018610473722219467,0.007655397057533264,10.0,1.0,10.0
566.0,0.11153297126293182,0.11153297126293182,0.0016560624353587627,0.018547803163528442,0.0076424540020525455,10.0,1.0,10.0
567.0,0.11132825165987015,0.11132825165987015,0.0016547589330002666,0.018485605716705322,0.0076295058242976665,10.0,1.0,10.0
568.0,0.1111239343881607,0.1111239343881607,0.001653444953262806,0.01842392235994339,0.007616556249558926,10.0,1.0,10.0
569.0,0.11092005670070648,0.11092005670070648,0.0016521227080374956,0.018362777307629585,0.0076036048121750355,10.0,1.0,10.0
570.0,0.11071666330099106,0.11071666330099106,0.0016508207190781832,0.01830202527344227,0.0075906431302428246,10.0,1.0,10.0
571.0,0.1105135902762413,0.1105135902762413,0.0016495127929374576,0.018241722136735916,0.007577674463391304,10.0,1.0,10.0
572.0,0.11031104624271393,0.11031104624271393,0.0016481978818774223,0.018181947991251945,0.007564711384475231,10.0,1.0,10.0
573.0,0.1101088747382164,0.1101088747382164,0.001646885764785111,0.018122628331184387,0.007551738992333412,10.0,1.0,10.0
574.0,0.10990717262029648,0.10990717262029648,0.0016455756267532706,0.018063759431242943,0.0075387656688690186,10.0,1.0,10.0
575.0,0.1097058430314064,0.1097058430314064,0.0016442672349512577,0.01800532080233097,0.007525785360485315,10.0,1.0,10.0
576.0,0.10950500518083572,0.10950500518083572,0.0016429577954113483,0.017947359010577202,0.007512806914746761,10.0,1.0,10.0
577.0,0.1093045249581337,0.1093045249581337,0.0016416474245488644,0.017889829352498055,0.007499821949750185,10.0,1.0,10.0
578.0,0.10910451412200928,0.10910451412200928,0.0016403407789766788,0.017832748591899872,0.007486836053431034,10.0,1.0,10.0
579.0,0.10890485346317291,0.10890485346317291,0.0016390277305617929,0.01777610182762146,0.007473846897482872,10.0,1.0,10.0
580.0,0.10870563983917236,0.10870563983917236,0.001637722598388791,0.017719877883791924,0.007460853084921837,10.0,1.0,10.0
581.0,0.10850680619478226,0.10850680619478226,0.0016364104812964797,0.017664102837443352,0.007447859738022089,10.0,1.0,10.0
582.0,0.10830844193696976,0.10830844193696976,0.001635104650631547,0.017608745023608208,0.007434864994138479,10.0,1.0,10.0
583.0,0.10811043530702591,0.10811043530702591,0.0016337966080754995,0.017553795129060745,0.007421867456287146,10.0,1.0,10.0
584.0,0.1079128235578537,0.1079128235578537,0.0016324869357049465,0.017499277368187904,0.0074088675901293755,10.0,1.0,10.0
585.0,0.1077156588435173,0.1077156588435173,0.0016311871586367488,0.017445143312215805,0.007395864464342594,10.0,1.0,10.0
586.0,0.10751888900995255,0.10751888900995255,0.0016298799309879541,0.017391445115208626,0.007382864598184824,10.0,1.0,10.0
587.0,0.10732247680425644,0.10732247680425644,0.0016285749152302742,0.017338145524263382,0.0073698582127690315,10.0,1.0,10.0
588.0,0.10712645947933197,0.10712645947933197,0.0016272658249363303,0.017285235226154327,0.0073568569496273994,10.0,1.0,10.0
589.0,0.10693089663982391,0.10693089663982391,0.0016259673284366727,0.017232729122042656,0.007343849167227745,10.0,1.0,10.0
590.0,0.10673565417528152,0.10673565417528152,0.0016246635932475328,0.017180608585476875,0.007330840453505516,10.0,1.0,10.0
591.0,0.10654085129499435,0.10654085129499435,0.0016233610222116113,0.017128892242908478,0.0073178354650735855,10.0,1.0,10.0
592.0,0.10634636133909225,0.10634636133909225,0.0016220547258853912,0.017077535390853882,0.007304828148335218,10.0,1.0,10.0
593.0,0.10615232586860657,0.10615232586860657,0.0016207598382607102,0.017026547342538834,0.007291818503290415,10.0,1.0,10.0
594.0,0.10595865547657013,0.10595865547657013,0.001619457034394145,0.01697595603764057,0.00727881258353591,10.0,1.0,10.0
595.0,0.10576537996530533,0.10576537996530533,0.001618157490156591,0.01692574843764305,0.007265805266797543,10.0,1.0,10.0
596.0,0.10557243227958679,0.10557243227958679,0.0016168587608262897,0.016875870525836945,0.007252797484397888,10.0,1.0,10.0
597.0,0.1053798720240593,0.1053798720240593,0.0016155641060322523,0.01682635024189949,0.0072397878393530846,10.0,1.0,10.0
598.0,0.10518766939640045,0.10518766939640045,0.0016142603708431125,0.01677723228931427,0.007226783782243729,10.0,1.0,10.0
599.0,0.10499587655067444,0.10499587655067444,0.001612956984899938,0.016728486865758896,0.007213781587779522,10.0,1.0,10.0
600.0,0.10480440407991409,0.10480440407991409,0.001611670246347785,0.01667999103665352,0.007200771011412144,10.0,1.0,10.0
601.0,0.1046133041381836,0.1046133041381836,0.001610374078154564,0.01663190871477127,0.0071877650916576385,10.0,1.0,10.0
602.0,0.10442261397838593,0.10442261397838593,0.0016090780263766646,0.016584189608693123,0.007174764759838581,10.0,1.0,10.0
603.0,0.10423228144645691,0.10423228144645691,0.001607786864042282,0.016536762937903404,0.007161764428019524,10.0,1.0,10.0
604.0,0.10404224693775177,0.10404224693775177,0.0016064941883087158,0.01648966781795025,0.0071487631648778915,10.0,1.0,10.0
605.0,0.10385259985923767,0.10385259985923767,0.0016052036080509424,0.01644292101264,0.007135764695703983,10.0,1.0,10.0
606.0,0.10366329550743103,0.10366329550743103,0.001603911048732698,0.016396518796682358,0.00712276715785265,10.0,1.0,10.0
607.0,0.10347431898117065,0.10347431898117065,0.0016026194207370281,0.016350407153367996,0.007109771948307753,10.0,1.0,10.0
608.0,0.10328574478626251,0.10328574478626251,0.0016013316344469786,0.016304634511470795,0.007096779067069292,10.0,1.0,10.0
609.0,0.10309746116399765,0.10309746116399765,0.0016000458272174,0.016259146854281425,0.007083785720169544,10.0,1.0,10.0
610.0,0.10290955007076263,0.10290955007076263,0.0015987560618668795,0.01621400937438011,0.007070798426866531,10.0,1.0,10.0
611.0,0.10272194445133209,0.10272194445133209,0.0015974701382219791,0.016169153153896332,0.007057808805257082,10.0,1.0,10.0
612.0,0.10253472626209259,0.10253472626209259,0.0015961863100528717,0.016124602407217026,0.007044825702905655,10.0,1.0,10.0
613.0,0.10234780609607697,0.10234780609607697,0.0015949001535773277,0.016080358996987343,0.007031844463199377,10.0,1.0,10.0
614.0,0.1021612212061882,0.1021612212061882,0.001593615161255002,0.016036415472626686,0.007018866017460823,10.0,1.0,10.0
615.0,0.10197501629590988,0.10197501629590988,0.0015923382015898824,0.015992749482393265,0.007005888037383556,10.0,1.0,10.0
616.0,0.10178907215595245,0.10178907215595245,0.0015910569345578551,0.01594935730099678,0.006992914713919163,10.0,1.0,10.0
617.0,0.10160350054502487,0.10160350054502487,0.0015897746197879314,0.015906285494565964,0.006979946978390217,10.0,1.0,10.0
618.0,0.10141825675964355,0.10141825675964355,0.0015884978929534554,0.015863481909036636,0.0069669801741838455,10.0,1.0,10.0
619.0,0.10123331099748611,0.10123331099748611,0.0015872255899012089,0.015820903703570366,0.0069540152326226234,10.0,1.0,10.0
620.0,0.10104866325855255,0.10104866325855255,0.0015859476989135146,0.01577865146100521,0.0069410535506904125,10.0,1.0,10.0
621.0,0.10086438059806824,0.10086438059806824,0.0015846715541556478,0.015736663714051247,0.006928100250661373,10.0,1.0,10.0
622.0,0.10068035125732422,0.10068035125732422,0.0015833911020308733,0.01569494605064392,0.00691514927893877,10.0,1.0,10.0
623.0,0.10049669444561005,0.10049669444561005,0.0015821252018213272,0.0156534556299448,0.0069021983072161674,10.0,1.0,10.0
624.0,0.10031330585479736,0.10031330585479736,0.0015808551106601954,0.015612251125276089,0.006889251060783863,10.0,1.0,10.0
625.0,0.10013024508953094,0.10013024508953094,0.0015795787330716848,0.015571308322250843,0.006876314524561167,10.0,1.0,10.0
626.0,0.0999474972486496,0.0999474972486496,0.001578309340402484,0.015530608594417572,0.006863379385322332,10.0,1.0,10.0
627.0,0.09976498782634735,0.09976498782634735,0.0015770421596243978,0.015490135177969933,0.006850443314760923,10.0,1.0,10.0
628.0,0.09958291053771973,0.09958291053771973,0.001575783477164805,0.015449912287294865,0.006837516091763973,10.0,1.0,10.0
629.0,0.09940098971128464,0.09940098971128464,0.0015745096607133746,0.015409974381327629,0.006824592128396034,10.0,1.0,10.0
630.0,0.0992194414138794,0.0992194414138794,0.0015732457395642996,0.015370240435004234,0.0068116746842861176,10.0,1.0,10.0
631.0,0.09903816133737564,0.09903816133737564,0.0015719856601208448,0.01533072255551815,0.006798758637160063,10.0,1.0,10.0
632.0,0.09885713458061218,0.09885713458061218,0.0015707183629274368,0.015291472896933556,0.006785847712308168,10.0,1.0,10.0
633.0,0.09867651015520096,0.09867651015520096,0.0015694635221734643,0.01525241881608963,0.006772945635020733,10.0,1.0,10.0
634.0,0.09849605709314346,0.09849605709314346,0.0015682050725445151,0.015213584527373314,0.006760042160749435,10.0,1.0,10.0
635.0,0.09831595420837402,0.09831595420837402,0.0015669392887502909,0.015175030566751957,0.006747152656316757,10.0,1.0,10.0
636.0,0.09813616424798965,0.09813616424798965,0.0015656896866858006,0.01513664424419403,0.006734262220561504,10.0,1.0,10.0
637.0,0.0979565680027008,0.0979565680027008,0.001564436824992299,0.01509843673557043,0.006721375975757837,10.0,1.0,10.0
638.0,0.09777722507715225,0.09777722507715225,0.001563172321766615,0.015060518868267536,0.006708498112857342,10.0,1.0,10.0
639.0,0.09759828448295593,0.09759828448295593,0.0015619228361174464,0.01502278447151184,0.006695627234876156,10.0,1.0,10.0
640.0,0.09741952270269394,0.09741952270269394,0.0015606755623593926,0.014985185116529465,0.006682758219540119,10.0,1.0,10.0
641.0,0.0972411185503006,0.0972411185503006,0.001559430151246488,0.014947845600545406,0.006669897586107254,10.0,1.0,10.0
642.0,0.09706293046474457,0.09706293046474457,0.0015581737970933318,0.014910741709172726,0.006657044403254986,10.0,1.0,10.0
643.0,0.09688498824834824,0.09688498824834824,0.0015569264069199562,0.01487377006560564,0.006644194945693016,10.0,1.0,10.0
644.0,0.09670733660459518,0.09670733660459518,0.0015556851867586374,0.014836993999779224,0.006631349213421345,10.0,1.0,10.0
645.0,0.09652993828058243,0.09652993828058243,0.0015544351190328598,0.014800447970628738,0.0066185141913592815,10.0,1.0,10.0
646.0,0.09635282307863235,0.09635282307863235,0.001553192501887679,0.014764073304831982,0.0066056824289262295,10.0,1.0,10.0
647.0,0.09617593884468079,0.09617593884468079,0.0015519525622949004,0.014727856032550335,0.0065928553231060505,10.0,1.0,10.0
648.0,0.0959993526339531,0.0959993526339531,0.0015507156495004892,0.014691833406686783,0.006580036133527756,10.0,1.0,10.0
649.0,0.09582299739122391,0.09582299739122391,0.0015494758263230324,0.014655997976660728,0.006567223928868771,10.0,1.0,10.0
650.0,0.09564691036939621,0.09564691036939621,0.0015482387971132994,0.014620339497923851,0.006554418243467808,10.0,1.0,10.0
651.0,0.09547107666730881,0.09547107666730881,0.0015470036305487156,0.014584854245185852,0.006541619077324867,10.0,1.0,10.0
652.0,0.0952954962849617,0.0952954962849617,0.0015457699773833156,0.014549496583640575,0.00652882969006896,10.0,1.0,10.0
653.0,0.0951201319694519,0.0951201319694519,0.0015445338794961572,0.014514350332319736,0.006516043562442064,10.0,1.0,10.0
654.0,0.09494505822658539,0.09494505822658539,0.001543307793326676,0.014479353092610836,0.006503262557089329,10.0,1.0,10.0
655.0,0.09477017819881439,0.09477017819881439,0.001542072743177414,0.014444512315094471,0.006490493658930063,10.0,1.0,10.0
656.0,0.09459555894136429,0.09459555894136429,0.0015408454928547144,0.01440981961786747,0.006477728486061096,10.0,1.0,10.0
657.0,0.09442122280597687,0.09442122280597687,0.0015396182425320148,0.014375314116477966,0.006464972160756588,10.0,1.0,10.0
658.0,0.09424706548452377,0.09424706548452377,0.001538389245979488,0.014340943656861782,0.006452222820371389,10.0,1.0,10.0
659.0,0.09407321363687515,0.09407321363687515,0.0015371745685115457,0.014306697994470596,0.006439477205276489,10.0,1.0,10.0
660.0,0.09389955550432205,0.09389955550432205,0.0015359485987573862,0.014272626489400864,0.0064267441630363464,10.0,1.0,10.0
661.0,0.09372614324092865,0.09372614324092865,0.0015347254229709506,0.014238712377846241,0.006414017640054226,10.0,1.0,10.0
662.0,0.09355296939611435,0.09355296939611435,0.001533510279841721,0.01420491375029087,0.006401295308023691,10.0,1.0,10.0
663.0,0.09338001906871796,0.09338001906871796,0.0015322959516197443,0.014171240851283073,0.006388581357896328,10.0,1.0,10.0
664.0,0.0932072252035141,0.0932072252035141,0.0015310666058212519,0.014137773774564266,0.0063758790493011475,10.0,1.0,10.0
665.0,0.09303479641675949,0.09303479641675949,0.0015298589132726192,0.014104388654232025,0.00636318139731884,10.0,1.0,10.0
666.0,0.09286250174045563,0.09286250174045563,0.0015286506386473775,0.014071114361286163,0.006350488401949406,10.0,1.0,10.0
667.0,0.09269048273563385,0.09269048273563385,0.001527434098534286,0.01403804961591959,0.0063378093764185905,10.0,1.0,10.0
668.0,0.09251865744590759,0.09251865744590759,0.0015262234956026077,0.014005079865455627,0.006325134076178074,10.0,1.0,10.0
669.0,0.09234705567359924,0.09234705567359924,0.00152502057608217,0.013972173444926739,0.006312467623502016,10.0,1.0,10.0
670.0,0.09217564761638641,0.09217564761638641,0.0015238072955980897,0.013939457945525646,0.006299811415374279,10.0,1.0,10.0
671.0,0.09200447797775269,0.09200447797775269,0.001522600301541388,0.013906872831285,0.006287160329520702,10.0,1.0,10.0
672.0,0.09183359146118164,0.09183359146118164,0.0015213997103273869,0.013874387368559837,0.006274520419538021,10.0,1.0,10.0
673.0,0.09166280180215836,0.09166280180215836,0.0015201970236375928,0.01384198572486639,0.006261884234845638,10.0,1.0,10.0
674.0,0.09149231016635895,0.09149231016635895,0.0015189959667623043,0.013809742406010628,0.006249260623008013,10.0,1.0,10.0
675.0,0.09132206439971924,0.09132206439971924,0.00151780154556036,0.013777612708508968,0.00623664353042841,10.0,1.0,10.0
676.0,0.09115193039178848,0.09115193039178848,0.0015165983932092786,0.013745593838393688,0.006224035285413265,10.0,1.0,10.0
677.0,0.0909820944070816,0.0909820944070816,0.0015154058346524835,0.01371368020772934,0.006211435422301292,10.0,1.0,10.0
678.0,0.09081239998340607,0.09081239998340607,0.0015142137417569757,0.013681838288903236,0.006198842078447342,10.0,1.0,10.0
679.0,0.09064295887947083,0.09064295887947083,0.001513016177341342,0.013650183565914631,0.006186261773109436,10.0,1.0,10.0
680.0,0.0904737189412117,0.0904737189412117,0.00151182827539742,0.013618577271699905,0.006173686124384403,10.0,1.0,10.0
681.0,0.0903046727180481,0.0903046727180481,0.0015106386272236705,0.01358707994222641,0.006161120720207691,10.0,1.0,10.0
682.0,0.09013579785823822,0.09013579785823822,0.001509449677541852,0.013555679470300674,0.006148562766611576,10.0,1.0,10.0
683.0,0.08996718376874924,0.08996718376874924,0.001508259098045528,0.013524406589567661,0.006136018317192793,10.0,1.0,10.0
684.0,0.08979883044958115,0.08979883044958115,0.0015070821391418576,0.013493219390511513,0.00612347899004817,10.0,1.0,10.0
685.0,0.08963055908679962,0.08963055908679962,0.0015058981953188777,0.013462104834616184,0.0061109475791454315,10.0,1.0,10.0
686.0,0.0894625186920166,0.0894625186920166,0.0015047150664031506,0.013431102968752384,0.006098426878452301,10.0,1.0,10.0
687.0,0.0892946869134903,0.0892946869134903,0.0015035293763503432,0.013400208204984665,0.006085918750613928,10.0,1.0,10.0
688.0,0.0891270637512207,0.0891270637512207,0.0015023553278297186,0.013369391672313213,0.006073412485420704,10.0,1.0,10.0
689.0,0.08895966410636902,0.08895966410636902,0.001501181861385703,0.013338658027350903,0.0060609192587435246,10.0,1.0,10.0
690.0,0.08879242837429047,0.08879242837429047,0.0015000071143731475,0.013308018445968628,0.006048434413969517,10.0,1.0,10.0
691.0,0.08862535655498505,0.08862535655498505,0.0014988281764090061,0.013277482241392136,0.00603595981374383,10.0,1.0,10.0
692.0,0.08845855295658112,0.08845855295658112,0.0014976608799770474,0.013247014954686165,0.00602349266409874,10.0,1.0,10.0
693.0,0.0882919430732727,0.0882919430732727,0.001496495446190238,0.013216637074947357,0.006011034827679396,10.0,1.0,10.0
694.0,0.08812545239925385,0.08812545239925385,0.0014953211648389697,0.013186359778046608,0.005998588167130947,10.0,1.0,10.0
695.0,0.08795920014381409,0.08795920014381409,0.0014941537519916892,0.013156149536371231,0.005986151285469532,10.0,1.0,10.0
696.0,0.08779309689998627,0.08779309689998627,0.0014929898316040635,0.013126003555953503,0.005973719991743565,10.0,1.0,10.0
697.0,0.08762721717357635,0.08762721717357635,0.0014918259112164378,0.013095973059535027,0.005961298476904631,10.0,1.0,10.0
698.0,0.08746153116226196,0.08746153116226196,0.0014906616415828466,0.013066005893051624,0.005948890931904316,10.0,1.0,10.0
699.0,0.08729605376720428,0.08729605376720428,0.0014895034255459905,0.013036123476922512,0.005936489440500736,10.0,1.0,10.0
700.0,0.08713074773550034,0.08713074773550034,0.001488346140831709,0.013006323017179966,0.005924096331000328,10.0,1.0,10.0
701.0,0.08696568012237549,0.08696568012237549,0.001487189088948071,0.01297659520059824,0.005911719053983688,10.0,1.0,10.0
702.0,0.08680069446563721,0.08680069446563721,0.0014860313385725021,0.01294693909585476,0.0058993445709347725,10.0,1.0,10.0
703.0,0.08663596212863922,0.08663596212863922,0.0014848801074549556,0.012917337007820606,0.005886982660740614,10.0,1.0,10.0
704.0,0.08647143840789795,0.08647143840789795,0.001483723521232605,0.012887860648334026,0.0058746337890625,10.0,1.0,10.0
705.0,0.08630701899528503,0.08630701899528503,0.0014825748512521386,0.012858407571911812,0.005862286314368248,10.0,1.0,10.0
706.0,0.08614290505647659,0.08614290505647659,0.0014814287424087524,0.012829051353037357,0.005849956534802914,10.0,1.0,10.0
707.0,0.08597888052463531,0.08597888052463531,0.0014802762307226658,0.01279977522790432,0.005837634205818176,10.0,1.0,10.0
708.0,0.08581505715847015,0.08581505715847015,0.001479130587540567,0.012770547531545162,0.00582532025873661,10.0,1.0,10.0
709.0,0.08565141260623932,0.08565141260623932,0.0014779880875721574,0.01274137943983078,0.005813015624880791,10.0,1.0,10.0
710.0,0.085487961769104,0.085487961769104,0.0014768431428819895,0.012712313793599606,0.005800721701234579,10.0,1.0,10.0
711.0,0.08532470464706421,0.08532470464706421,0.0014756998280063272,0.012683321721851826,0.005788438953459263,10.0,1.0,10.0
712.0,0.08516158908605576,0.08516158908605576,0.0014745612861588597,0.012654357589781284,0.005776161793619394,10.0,1.0,10.0
713.0,0.0849987268447876,0.0849987268447876,0.0014734248397871852,0.012625481933355331,0.005763899069279432,10.0,1.0,10.0
714.0,0.08483599126338959,0.08483599126338959,0.001472283387556672,0.012596690095961094,0.005751646589487791,10.0,1.0,10.0
715.0,0.08467349410057068,0.08467349410057068,0.0014711531111970544,0.012567955069243908,0.0057394010946154594,10.0,1.0,10.0
716.0,0.0845111608505249,0.0845111608505249,0.0014700224855914712,0.012539273127913475,0.005727165844291449,10.0,1.0,10.0
717.0,0.08434900641441345,0.08434900641441345,0.001468889182433486,0.012510676868259907,0.00571494409814477,10.0,1.0,10.0
718.0,0.08418696373701096,0.08418696373701096,0.001467752386815846,0.012482144869863987,0.0057027293369174,10.0,1.0,10.0
719.0,0.08402520418167114,0.08402520418167114,0.0014666293282061815,0.012453652918338776,0.005690525285899639,10.0,1.0,10.0
720.0,0.08386360853910446,0.08386360853910446,0.0014655034756287932,0.01242524478584528,0.005678332876414061,10.0,1.0,10.0
721.0,0.08370214700698853,0.08370214700698853,0.0014643691247329116,0.012396946549415588,0.00566615117713809,10.0,1.0,10.0
722.0,0.0835408866405487,0.0835408866405487,0.0014632520033046603,0.012368619441986084,0.00565397460013628,10.0,1.0,10.0
723.0,0.08337987959384918,0.08337987959384918,0.0014621319714933634,0.012340414337813854,0.0056418152526021,10.0,1.0,10.0
724.0,0.08321896195411682,0.08321896195411682,0.0014610049547627568,0.012312292121350765,0.005629662424325943,10.0,1.0,10.0
725.0,0.08305826783180237,0.08305826783180237,0.0014598882989957929,0.01228419877588749,0.005617518909275532,10.0,1.0,10.0
726.0,0.08289775997400284,0.08289775997400284,0.0014587726909667253,0.012256146408617496,0.0056053888984024525,10.0,1.0,10.0
727.0,0.08273736387491226,0.08273736387491226,0.0014576470712199807,0.012228223495185375,0.005593267269432545,10.0,1.0,10.0
728.0,0.08257727324962616,0.08257727324962616,0.001456539728678763,0.012200322933495045,0.00558115541934967,10.0,1.0,10.0
729.0,0.08241721242666245,0.08241721242666245,0.0014554235385730863,0.012172459624707699,0.00556905148550868,10.0,1.0,10.0
730.0,0.08225743472576141,0.08225743472576141,0.0014543049037456512,0.012144739739596844,0.005556964781135321,10.0,1.0,10.0
731.0,0.08209790289402008,0.08209790289402008,0.0014532022178173065,0.01211704034358263,0.005544884596019983,10.0,1.0,10.0
732.0,0.08193846791982651,0.08193846791982651,0.0014520984841510653,0.012089362367987633,0.005532811861485243,10.0,1.0,10.0
733.0,0.08177919685840607,0.08177919685840607,0.0014509831089526415,0.012061819434165955,0.005520754959434271,10.0,1.0,10.0
734.0,0.08162011206150055,0.08162011206150055,0.0014498704113066196,0.01203432958573103,0.00550870830193162,10.0,1.0,10.0
735.0,0.08146129548549652,0.08146129548549652,0.001448779134079814,0.012006832286715508,0.005496667232364416,10.0,1.0,10.0
736.0,0.08130253851413727,0.08130253851413727,0.001447667251341045,0.011979460716247559,0.005484640132635832,10.0,1.0,10.0
737.0,0.0811440497636795,0.0811440497636795,0.0014465629355981946,0.011952174827456474,0.00547262467443943,10.0,1.0,10.0
738.0,0.08098572492599487,0.08098572492599487,0.001445465488359332,0.011924888007342815,0.005460618529468775,10.0,1.0,10.0
739.0,0.08082763850688934,0.08082763850688934,0.001444371067918837,0.01189769059419632,0.005448623560369015,10.0,1.0,10.0
740.0,0.08066969364881516,0.08066969364881516,0.001443269313313067,0.011870594695210457,0.005436640698462725,10.0,1.0,10.0
741.0,0.0805119127035141,0.0805119127035141,0.0014421716332435608,0.011843542568385601,0.005424664821475744,10.0,1.0,10.0
742.0,0.08035434782505035,0.08035434782505035,0.0014410818694159389,0.011816516518592834,0.0054127005860209465,10.0,1.0,10.0
743.0,0.08019696176052094,0.08019696176052094,0.0014399861684069037,0.011789621785283089,0.005400747526437044,10.0,1.0,10.0
744.0,0.08003976941108704,0.08003976941108704,0.0014388933777809143,0.011762766167521477,0.005388806574046612,10.0,1.0,10.0
745.0,0.07988271862268448,0.07988271862268448,0.0014378047781065106,0.011735945008695126,0.005376872606575489,10.0,1.0,10.0
746.0,0.07972592860460281,0.07972592860460281,0.0014367159456014633,0.011709226295351982,0.0053649540059268475,10.0,1.0,10.0
747.0,0.07956929504871368,0.07956929504871368,0.0014356282772496343,0.011682569049298763,0.005353044252842665,10.0,1.0,10.0
748.0,0.07941284030675888,0.07941284030675888,0.0014345399104058743,0.011655987240374088,0.00534114520996809,10.0,1.0,10.0
749.0,0.07925660163164139,0.07925660163164139,0.0014334575971588492,0.011629446409642696,0.005329257808625698,10.0,1.0,10.0
750.0,0.07910054922103882,0.07910054922103882,0.0014323763316497207,0.011602998711168766,0.005317378789186478,10.0,1.0,10.0
751.0,0.07894466817378998,0.07894466817378998,0.0014312947168946266,0.011576604098081589,0.005305511876940727,10.0,1.0,10.0
752.0,0.07878898084163666,0.07878898084163666,0.0014302111230790615,0.011550279334187508,0.005293659400194883,10.0,1.0,10.0
753.0,0.07863351702690125,0.07863351702690125,0.0014291296247392893,0.01152405608445406,0.005281816702336073,10.0,1.0,10.0
754.0,0.07847821712493896,0.07847821712493896,0.001428057556040585,0.011497856117784977,0.005269979126751423,10.0,1.0,10.0
755.0,0.078323133289814,0.078323133289814,0.0014269808307290077,0.011471743695437908,0.005258158314973116,10.0,1.0,10.0
756.0,0.07816821336746216,0.07816821336746216,0.0014258978189900517,0.011445729061961174,0.005246350541710854,10.0,1.0,10.0
757.0,0.07801350951194763,0.07801350951194763,0.001424825401045382,0.011419759131968021,0.005234549753367901,10.0,1.0,10.0
758.0,0.07785901427268982,0.07785901427268982,0.0014237598516047,0.01139383390545845,0.005222758278250694,10.0,1.0,10.0
759.0,0.07770465314388275,0.07770465314388275,0.0014226805651560426,0.011368036270141602,0.005210980772972107,10.0,1.0,10.0
760.0,0.07755056768655777,0.07755056768655777,0.001421608030796051,0.011342311277985573,0.005199217703193426,10.0,1.0,10.0
761.0,0.07739664614200592,0.07739664614200592,0.0014205483021214604,0.01131658349186182,0.0051874578930437565,10.0,1.0,10.0
762.0,0.07724291831254959,0.07724291831254959,0.001419480424374342,0.011290987953543663,0.005175712518393993,10.0,1.0,10.0
763.0,0.07708942145109177,0.07708942145109177,0.0014184104511514306,0.011265506036579609,0.0051639811135828495,10.0,1.0,10.0
764.0,0.07693608105182648,0.07693608105182648,0.0014173486270010471,0.011240009218454361,0.005152259021997452,10.0,1.0,10.0
765.0,0.0767829418182373,0.0767829418182373,0.001416284590959549,0.011214629746973515,0.005140547174960375,10.0,1.0,10.0
766.0,0.07663004100322723,0.07663004100322723,0.0014152175281196833,0.011189370416104794,0.005128849297761917,10.0,1.0,10.0
767.0,0.07647732645273209,0.07647732645273209,0.0014141598949208856,0.011164125986397266,0.005117160268127918,10.0,1.0,10.0
768.0,0.07632482051849365,0.07632482051849365,0.0014131051721051335,0.011138951405882835,0.00510548148304224,10.0,1.0,10.0
769.0,0.07617251574993134,0.07617251574993134,0.0014120417181402445,0.011113915592432022,0.0050938185304403305,10.0,1.0,10.0
770.0,0.07602042704820633,0.07602042704820633,0.0014109862968325615,0.011088927276432514,0.005082163494080305,10.0,1.0,10.0
771.0,0.07586851716041565,0.07586851716041565,0.001409929827786982,0.011063991114497185,0.005070522427558899,10.0,1.0,10.0
772.0,0.07571686804294586,0.07571686804294586,0.0014088775496929884,0.011039174161851406,0.005058891139924526,10.0,1.0,10.0
773.0,0.07556536048650742,0.07556536048650742,0.0014078187523409724,0.011014445684850216,0.005047272890806198,10.0,1.0,10.0
774.0,0.07541407644748688,0.07541407644748688,0.0014067726442590356,0.010989740490913391,0.005035661160945892,10.0,1.0,10.0
775.0,0.07526303827762604,0.07526303827762604,0.0014057215303182602,0.010965153574943542,0.005024066660553217,10.0,1.0,10.0
776.0,0.07511219382286072,0.07511219382286072,0.0014046711148694158,0.010940664447844028,0.005012481939047575,10.0,1.0,10.0
777.0,0.07496155798435211,0.07496155798435211,0.0014036245411261916,0.010916233994066715,0.005000907462090254,10.0,1.0,10.0
778.0,0.07481114566326141,0.07481114566326141,0.0014025805285200477,0.010891885496675968,0.004989345092326403,10.0,1.0,10.0
779.0,0.07466090470552444,0.07466090470552444,0.0014015322085469961,0.010867629200220108,0.004977795295417309,10.0,1.0,10.0
780.0,0.07451094686985016,0.07451094686985016,0.0014004905242472887,0.01084345392882824,0.004966259002685547,10.0,1.0,10.0
781.0,0.07436113059520721,0.07436113059520721,0.0013994453474879265,0.010819356888532639,0.004954732023179531,10.0,1.0,10.0
782.0,0.07421157509088516,0.07421157509088516,0.0013984071556478739,0.010795331560075283,0.004943217150866985,10.0,1.0,10.0
783.0,0.07406221330165863,0.07406221330165863,0.00139736314304173,0.010771435685455799,0.0049317143857479095,10.0,1.0,10.0
784.0,0.07391307502985,0.07391307502985,0.0013963202945888042,0.01074762549251318,0.004920224659144878,10.0,1.0,10.0
785.0,0.0737641304731369,0.0737641304731369,0.0013952890876680613,0.010723824612796307,0.0049087414517998695,10.0,1.0,10.0
786.0,0.0736154243350029,0.0736154243350029,0.0013942471705377102,0.010700198821723461,0.004897275473922491,10.0,1.0,10.0
787.0,0.0734669640660286,0.0734669640660286,0.0013932095607742667,0.010676652193069458,0.004885821603238583,10.0,1.0,10.0
788.0,0.07331870496273041,0.07331870496273041,0.0013921824283897877,0.010653113946318626,0.004874376114457846,10.0,1.0,10.0
789.0,0.07317060232162476,0.07317060232162476,0.001391143538057804,0.010629733093082905,0.004862943664193153,10.0,1.0,10.0
790.0,0.07302279770374298,0.07302279770374298,0.0013901086058467627,0.010606459341943264,0.004851525649428368,10.0,1.0,10.0
791.0,0.07287520915269852,0.07287520915269852,0.0013890817062929273,0.010583226568996906,0.004840116482228041,10.0,1.0,10.0
792.0,0.07272783666849136,0.07272783666849136,0.0013880508486181498,0.01056009903550148,0.004828723147511482,10.0,1.0,10.0
793.0,0.07258068025112152,0.07258068025112152,0.001387022202834487,0.010537073947489262,0.004817338660359383,10.0,1.0,10.0
794.0,0.07243374735116959,0.07243374735116959,0.0013859968166798353,0.010514115914702415,0.004805966280400753,10.0,1.0,10.0
795.0,0.07228706777095795,0.07228706777095795,0.0013849722454324365,0.010491272434592247,0.004794606938958168,10.0,1.0,10.0
796.0,0.07214053720235825,0.07214053720235825,0.0013839401071891189,0.010468525812029839,0.004783260636031628,10.0,1.0,10.0
797.0,0.07199430465698242,0.07199430465698242,0.0013829225208610296,0.010445836000144482,0.004771924111992121,10.0,1.0,10.0
798.0,0.07184824347496033,0.07184824347496033,0.0013818976003676653,0.010423265397548676,0.0047606006264686584,10.0,1.0,10.0
799.0,0.0717024952173233,0.0717024952173233,0.0013808765215799212,0.010400817729532719,0.004749291576445103,10.0,1.0,10.0
800.0,0.07155691087245941,0.07155691087245941,0.0013798607978969812,0.010378380306065083,0.004737991839647293,10.0,1.0,10.0
801.0,0.07141156494617462,0.07141156494617462,0.0013788409996777773,0.010356094688177109,0.004726705607026815,10.0,1.0,10.0
802.0,0.07126647233963013,0.07126647233963013,0.0013778191059827805,0.010333939455449581,0.004715434275567532,10.0,1.0,10.0
803.0,0.07112157344818115,0.07112157344818115,0.0013768055941909552,0.010311807505786419,0.004704171326011419,10.0,1.0,10.0
804.0,0.07097690552473068,0.07097690552473068,0.0013757860288023949,0.010289805941283703,0.0046929242089390755,10.0,1.0,10.0
805.0,0.07083249092102051,0.07083249092102051,0.0013747710036113858,0.010267906822264194,0.00468168780207634,10.0,1.0,10.0
806.0,0.07068832218647003,0.07068832218647003,0.001373764593154192,0.01024605892598629,0.004670462105423212,10.0,1.0,10.0
807.0,0.07054434716701508,0.07054434716701508,0.0013727416517212987,0.010224386118352413,0.004659254569560289,10.0,1.0,10.0
808.0,0.0704006627202034,0.0704006627202034,0.0013717364054173231,0.010202745907008648,0.004648054949939251,10.0,1.0,10.0
809.0,0.07025715708732605,0.07025715708732605,0.0013707246398553252,0.010181210935115814,0.004636870231479406,10.0,1.0,10.0
810.0,0.07011392712593079,0.07011392712593079,0.0013697182293981314,0.010159781202673912,0.0046256957575678825,10.0,1.0,10.0
811.0,0.06997094303369522,0.06997094303369522,0.0013687142636626959,0.01013844832777977,0.004614534787833691,10.0,1.0,10.0
812.0,0.06982812285423279,0.06982812285423279,0.0013677035458385944,0.01011719275265932,0.004603389650583267,10.0,1.0,10.0
813.0,0.06968556344509125,0.06968556344509125,0.0013666950399056077,0.010096080601215363,0.004592253360897303,10.0,1.0,10.0
814.0,0.0695432722568512,0.0695432722568512,0.001365693286061287,0.010075039230287075,0.004581130109727383,10.0,1.0,10.0
815.0,0.06940121948719025,0.06940121948719025,0.001364692929200828,0.010054072365164757,0.004570022225379944,10.0,1.0,10.0
816.0,0.06925942003726959,0.06925942003726959,0.001363688730634749,0.010033275000751019,0.0045589255169034,10.0,1.0,10.0
817.0,0.06911781430244446,0.06911781430244446,0.0013626920990645885,0.010012498125433922,0.004547839984297752,10.0,1.0,10.0
818.0,0.06897647678852081,0.06897647678852081,0.0013616959331557155,0.009991833940148354,0.004536767955869436,10.0,1.0,10.0
819.0,0.06883534044027328,0.06883534044027328,0.0013606895226985216,0.009971329011023045,0.004525711759924889,10.0,1.0,10.0
820.0,0.06869450956583023,0.06869450956583023,0.0013596992939710617,0.009950856678187847,0.004514665808528662,10.0,1.0,10.0
821.0,0.0685538798570633,0.0685538798570633,0.001358704874292016,0.009930487722158432,0.004503634758293629,10.0,1.0,10.0
822.0,0.06841346621513367,0.06841346621513367,0.001357702654786408,0.009910269640386105,0.00449261674657464,10.0,1.0,10.0
823.0,0.06827330589294434,0.06827330589294434,0.0013567123096436262,0.00989009253680706,0.004481608979403973,10.0,1.0,10.0
824.0,0.0681333839893341,0.0681333839893341,0.0013557191705331206,0.009870026260614395,0.004470616579055786,10.0,1.0,10.0
825.0,0.06799375265836716,0.06799375265836716,0.0013547252165153623,0.009850100614130497,0.004459640011191368,10.0,1.0,10.0
826.0,0.06785430014133453,0.06785430014133453,0.0013537346385419369,0.0098302336409688,0.004448671825230122,10.0,1.0,10.0
827.0,0.06771516799926758,0.06771516799926758,0.0013527503469958901,0.009810460731387138,0.004437719937413931,10.0,1.0,10.0
828.0,0.06757622957229614,0.06757622957229614,0.0013517604675143957,0.009790812619030476,0.004426781553775072,10.0,1.0,10.0
829.0,0.06743751466274261,0.06743751466274261,0.0013507750118151307,0.009771243669092655,0.004415852017700672,10.0,1.0,10.0
830.0,0.0672990083694458,0.0672990083694458,0.001349782571196556,0.009751785546541214,0.00440494017675519,10.0,1.0,10.0
831.0,0.06716087460517883,0.06716087460517883,0.0013488022377714515,0.009732424281537533,0.004394042305648327,10.0,1.0,10.0
832.0,0.0670229122042656,0.0670229122042656,0.0013478188775479794,0.00971316359937191,0.0043831560760736465,10.0,1.0,10.0
833.0,0.06688518077135086,0.06688518077135086,0.0013468393590301275,0.00969398021697998,0.004372280556708574,10.0,1.0,10.0
834.0,0.06674770265817642,0.06674770265817642,0.0013458558823913336,0.009674925357103348,0.004361421801149845,10.0,1.0,10.0
835.0,0.06661049276590347,0.06661049276590347,0.0013448790414258838,0.009655938483774662,0.004350576549768448,10.0,1.0,10.0
836.0,0.06647349148988724,0.06647349148988724,0.0013438977766782045,0.00963706523180008,0.0043397448025643826,10.0,1.0,10.0
837.0,0.06633678078651428,0.06633678078651428,0.0013429172104224563,0.009618319571018219,0.004328928422182798,10.0,1.0,10.0
838.0,0.06620025634765625,0.06620025634765625,0.0013419431634247303,0.00959962047636509,0.0043181199580430984,10.0,1.0,10.0
839.0,0.06606404483318329,0.06606404483318329,0.0013409719103947282,0.009581023827195168,0.004307330120354891,10.0,1.0,10.0
840.0,0.06592804938554764,0.06592804938554764,0.0013399942545220256,0.009562569670379162,0.004296553786844015,10.0,1.0,10.0
841.0,0.06579221785068512,0.06579221785068512,0.0013390207896009088,0.00954415276646614,0.004285785835236311,10.0,1.0,10.0
842.0,0.06565678119659424,0.06565678119659424,0.0013380554737523198,0.009525856003165245,0.004275036975741386,10.0,1.0,10.0
843.0,0.06552152335643768,0.06552152335643768,0.00133707991335541,0.009507691487669945,0.004264303017407656,10.0,1.0,10.0
844.0,0.06538648158311844,0.06538648158311844,0.0013361132005229592,0.009489567950367928,0.004253578372299671,10.0,1.0,10.0
845.0,0.06525171548128128,0.06525171548128128,0.0013351439265534282,0.009471563622355461,0.004242871422320604,10.0,1.0,10.0
846.0,0.06511721760034561,0.06511721760034561,0.0013341755839064717,0.00945367757230997,0.004232178442180157,10.0,1.0,10.0
847.0,0.06498293578624725,0.06498293578624725,0.0013332113157957792,0.009435839019715786,0.004221498500555754,10.0,1.0,10.0
848.0,0.0648488998413086,0.0648488998413086,0.0013322480954229832,0.009418121539056301,0.004210829734802246,10.0,1.0,10.0
849.0,0.06471510231494904,0.06471510231494904,0.001331280218437314,0.009400504641234875,0.004200179595500231,10.0,1.0,10.0
850.0,0.06458152830600739,0.06458152830600739,0.0013303167652338743,0.009382940828800201,0.0041895415633916855,10.0,1.0,10.0
851.0,0.0644482895731926,0.0644482895731926,0.0013293593656271696,0.009365520440042019,0.004178917501121759,10.0,1.0,10.0
852.0,0.06431522965431213,0.06431522965431213,0.001328396494500339,0.009348178282380104,0.004168308340013027,10.0,1.0,10.0
853.0,0.06418241560459137,0.06418241560459137,0.0013274388620629907,0.00933092087507248,0.004157710820436478,10.0,1.0,10.0
854.0,0.06404989957809448,0.06404989957809448,0.0013264825101941824,0.009313766844570637,0.004147130995988846,10.0,1.0,10.0
855.0,0.06391754746437073,0.06391754746437073,0.0013255249941721559,0.00929668452590704,0.004136561416089535,10.0,1.0,10.0
856.0,0.06378549337387085,0.06378549337387085,0.0013245699228718877,0.009279697202146053,0.004126009531319141,10.0,1.0,10.0
857.0,0.06365370750427246,0.06365370750427246,0.0013236161321401596,0.009262830950319767,0.00411547115072608,10.0,1.0,10.0
858.0,0.06352216750383377,0.06352216750383377,0.0013226683950051665,0.009246008470654488,0.004104947671294212,10.0,1.0,10.0
859.0,0.0633908361196518,0.0633908361196518,0.00132171215955168,0.009229330345988274,0.004094438627362251,10.0,1.0,10.0
860.0,0.06325975805521011,0.06325975805521011,0.001320763141848147,0.00921268668025732,0.004083944018930197,10.0,1.0,10.0
861.0,0.06312888115644455,0.06312888115644455,0.0013198108645156026,0.00919615849852562,0.004073461517691612,10.0,1.0,10.0
862.0,0.06299832463264465,0.06299832463264465,0.0013188625453040004,0.009179729968309402,0.004062997177243233,10.0,1.0,10.0
863.0,0.06286795437335968,0.06286795437335968,0.0013179159723222256,0.009163355454802513,0.004052544012665749,10.0,1.0,10.0
864.0,0.06273788958787918,0.06273788958787918,0.0013169687008485198,0.009147107601165771,0.004042109474539757,10.0,1.0,10.0
865.0,0.06260804831981659,0.06260804831981659,0.00131602818146348,0.009130924008786678,0.004031684249639511,10.0,1.0,10.0
866.0,0.06247846037149429,0.06247846037149429,0.0013150859158486128,0.009114820510149002,0.004021278116852045,10.0,1.0,10.0
867.0,0.0623490996658802,0.0623490996658802,0.0013141394592821598,0.009098825976252556,0.0040108878165483475,10.0,1.0,10.0
868.0,0.062220003455877304,0.062220003455877304,0.0013132028980180621,0.009082898497581482,0.004000507760792971,10.0,1.0,10.0
869.0,0.06209114193916321,0.06209114193916321,0.0013122648233547807,0.009067051112651825,0.003990144468843937,10.0,1.0,10.0
870.0,0.06196249648928642,0.06196249648928642,0.0013113209279254079,0.009051288478076458,0.0039797998033463955,10.0,1.0,10.0
871.0,0.06183413416147232,0.06183413416147232,0.0013103833189234138,0.00903563667088747,0.0039694663137197495,10.0,1.0,10.0
872.0,0.06170602887868881,0.06170602887868881,0.0013094553723931313,0.009020015597343445,0.003959145862609148,10.0,1.0,10.0
873.0,0.061578117311000824,0.061578117311000824,0.0013085128739476204,0.009004537016153336,0.003948845434933901,10.0,1.0,10.0
874.0,0.06145048141479492,0.06145048141479492,0.001307579455897212,0.008989110589027405,0.003938557580113411,10.0,1.0,10.0
875.0,0.061323121190071106,0.061323121190071106,0.0013066554674878716,0.008973747491836548,0.003928281832486391,10.0,1.0,10.0
876.0,0.0611959844827652,0.0611959844827652,0.0013057218166068196,0.008958490565419197,0.003918027505278587,10.0,1.0,10.0
877.0,0.061069030314683914,0.061069030314683914,0.0013047873508185148,0.008943327702581882,0.003907782956957817,10.0,1.0,10.0
878.0,0.0609423853456974,0.0609423853456974,0.0013038662727922201,0.008928191848099232,0.0038975528441369534,10.0,1.0,10.0
879.0,0.06081598252058029,0.06081598252058029,0.0013029392575845122,0.00891318079084158,0.0038873408921062946,10.0,1.0,10.0
880.0,0.060689784586429596,0.060689784586429596,0.0013020087499171495,0.008898235857486725,0.0038771461695432663,10.0,1.0,10.0
881.0,0.06056387349963188,0.06056387349963188,0.0013010898837819695,0.008883343078196049,0.0038669630885124207,10.0,1.0,10.0
882.0,0.060438163578510284,0.060438163578510284,0.001300163334235549,0.00886857695877552,0.003856795374304056,10.0,1.0,10.0
883.0,0.06031271815299988,0.06031271815299988,0.0012992427218705416,0.008853835985064507,0.0038466458208858967,10.0,1.0,10.0
884.0,0.060187529772520065,0.060187529772520065,0.0012983218766748905,0.008839203044772148,0.0038365107029676437,10.0,1.0,10.0
885.0,0.06006254628300667,0.06006254628300667,0.001297399983741343,0.008824660442769527,0.0038263886235654354,10.0,1.0,10.0
886.0,0.059937842190265656,0.059937842190265656,0.00129648856818676,0.00881011039018631,0.003816284704953432,10.0,1.0,10.0
887.0,0.05981333926320076,0.05981333926320076,0.0012955632992088795,0.00879574753344059,0.0038061959203332663,10.0,1.0,10.0
888.0,0.05968913808465004,0.05968913808465004,0.001294654910452664,0.008781392127275467,0.0037961197085678577,10.0,1.0,10.0
889.0,0.059565138071775436,0.059565138071775436,0.001293740700930357,0.008767091669142246,0.0037860639858990908,10.0,1.0,10.0
890.0,0.05944135785102844,0.05944135785102844,0.0012928183423355222,0.008752929046750069,0.0037760245613753796,10.0,1.0,10.0
891.0,0.059317879378795624,0.059317879378795624,0.001291915774345398,0.008738788776099682,0.0037659930530935526,10.0,1.0,10.0
892.0,0.05919457599520683,0.05919457599520683,0.0012910047080367804,0.008724705316126347,0.003755982033908367,10.0,1.0,10.0
893.0,0.059071555733680725,0.059071555733680725,0.0012900900328531861,0.008710754103958607,0.003745990339666605,10.0,1.0,10.0
894.0,0.05894877016544342,0.05894877016544342,0.0012891885126009583,0.008696820586919785,0.003736006561666727,10.0,1.0,10.0
895.0,0.0588262602686882,0.0588262602686882,0.0012882892042398453,0.008682935498654842,0.003726043039932847,10.0,1.0,10.0
896.0,0.05870390683412552,0.05870390683412552,0.001287371153011918,0.008669202215969563,0.003716099075973034,10.0,1.0,10.0
897.0,0.058581843972206116,0.058581843972206116,0.0012864756863564253,0.008655461482703686,0.003706162329763174,10.0,1.0,10.0
898.0,0.05845999717712402,0.05845999717712402,0.0012855763779953122,0.008641797117888927,0.003696243977174163,10.0,1.0,10.0
899.0,0.05833840370178223,0.05833840370178223,0.0012846664758399129,0.008628265000879765,0.003686347743496299,10.0,1.0,10.0
900.0,0.05821707099676132,0.05821707099676132,0.001283775083720684,0.008614704012870789,0.003676461288705468,10.0,1.0,10.0
901.0,0.05809596925973892,0.05809596925973892,0.001282877754420042,0.008601261302828789,0.0036665932275354862,10.0,1.0,10.0
902.0,0.057975053787231445,0.057975053787231445,0.0012819734402000904,0.008587890304625034,0.003656742861494422,10.0,1.0,10.0
903.0,0.05785445123910904,0.05785445123910904,0.0012810822809115052,0.008574563078582287,0.003646906465291977,10.0,1.0,10.0
904.0,0.05773404240608215,0.05773404240608215,0.001280193100683391,0.008561281487345695,0.003637082874774933,10.0,1.0,10.0
905.0,0.05761388689279556,0.05761388689279556,0.0012792939087375998,0.008548134006559849,0.0036272811703383923,10.0,1.0,10.0
906.0,0.057493943721055984,0.057493943721055984,0.001278404495678842,0.008534979075193405,0.003617492038756609,10.0,1.0,10.0
907.0,0.0573742538690567,0.0573742538690567,0.0012775197392329574,0.008521882817149162,0.003607717342674732,10.0,1.0,10.0
908.0,0.05725482478737831,0.05725482478737831,0.0012766256695613265,0.008508912287652493,0.0035979654639959335,10.0,1.0,10.0
909.0,0.05713560804724693,0.05713560804724693,0.00127574079670012,0.00849594734609127,0.003588225459679961,10.0,1.0,10.0
910.0,0.05701662600040436,0.05701662600040436,0.0012748567387461662,0.008483057841658592,0.003578500123694539,10.0,1.0,10.0
911.0,0.056897878646850586,0.056897878646850586,0.0012739712838083506,0.008470229804515839,0.003568793646991253,10.0,1.0,10.0
912.0,0.05677938461303711,0.05677938461303711,0.0012730876915156841,0.008457464165985584,0.0035591041669249535,10.0,1.0,10.0
913.0,0.056661125272512436,0.056661125272512436,0.001272209221497178,0.008444742299616337,0.0035494291223585606,10.0,1.0,10.0
914.0,0.05654308199882507,0.05654308199882507,0.0012713264441117644,0.00843210332095623,0.0035397715400904417,10.0,1.0,10.0
915.0,0.05642526224255562,0.05642526224255562,0.0012704470427706838,0.008419478312134743,0.0035301311872899532,10.0,1.0,10.0
916.0,0.056307725608348846,0.056307725608348846,0.001269573112949729,0.00840696319937706,0.0035205031745135784,10.0,1.0,10.0
917.0,0.0561903715133667,0.0561903715133667,0.0012686948757618666,0.008394477888941765,0.003510894486680627,10.0,1.0,10.0
918.0,0.056073300540447235,0.056073300540447235,0.0012678216444328427,0.008382042869925499,0.0035013044252991676,10.0,1.0,10.0
919.0,0.055956434458494186,0.055956434458494186,0.0012669457355514169,0.008369694463908672,0.0034917283337563276,10.0,1.0,10.0
920.0,0.05583980679512024,0.05583980679512024,0.001266077975742519,0.008357358165085316,0.003482166910544038,10.0,1.0,10.0
921.0,0.05572344362735748,0.05572344362735748,0.0012652073055505753,0.008345106616616249,0.003472626209259033,10.0,1.0,10.0
922.0,0.05560729280114174,0.05560729280114174,0.0012643405934795737,0.00833289884030819,0.003463098779320717,10.0,1.0,10.0
923.0,0.05549133941531181,0.05549133941531181,0.0012634691083803773,0.008320753462612629,0.003453589743003249,10.0,1.0,10.0
924.0,0.055375661700963974,0.055375661700963974,0.0012626034440472722,0.0083086509257555,0.0034440974704921246,10.0,1.0,10.0
925.0,0.05526021495461464,0.05526021495461464,0.0012617440661415458,0.008296596817672253,0.003434618003666401,10.0,1.0,10.0
926.0,0.05514497309923172,0.05514497309923172,0.0012608766555786133,0.008284613490104675,0.0034251592587679625,10.0,1.0,10.0
927.0,0.05503001809120178,0.05503001809120178,0.0012600199552252889,0.008272656239569187,0.0034157163463532925,10.0,1.0,10.0
928.0,0.05491526052355766,0.05491526052355766,0.001259158249013126,0.008260786533355713,0.0034062890335917473,10.0,1.0,10.0
929.0,0.054800745099782944,0.054800745099782944,0.0012582989875227213,0.008248957805335522,0.003396879881620407,10.0,1.0,10.0
930.0,0.05468647927045822,0.05468647927045822,0.0012574468273669481,0.008237142115831375,0.003387486794963479,10.0,1.0,10.0
931.0,0.05457238480448723,0.05457238480448723,0.0012565864017233253,0.008225424215197563,0.003378109773620963,10.0,1.0,10.0
932.0,0.05445857346057892,0.05445857346057892,0.0012557375011965632,0.008213700726628304,0.0033687499817460775,10.0,1.0,10.0
933.0,0.054344967007637024,0.054344967007637024,0.0012548821978271008,0.00820207130163908,0.003359407652169466,10.0,1.0,10.0
934.0,0.05423157662153244,0.05423157662153244,0.0012540266616269946,0.008190509863197803,0.0033500799909234047,10.0,1.0,10.0
935.0,0.05411849543452263,0.05411849543452263,0.0012531853280961514,0.008178923279047012,0.0033407718874514103,10.0,1.0,10.0
936.0,0.05400560423731804,0.05400560423731804,0.0012523317709565163,0.008167468942701817,0.0033314814791083336,10.0,1.0,10.0
937.0,0.05389292538166046,0.05389292538166046,0.0012514857808128,0.008156017400324345,0.0033222048077732325,10.0,1.0,10.0
938.0,0.053780507296323776,0.053780507296323776,0.001250646193511784,0.008144584484398365,0.0033129462972283363,10.0,1.0,10.0
939.0,0.05366826802492142,0.05366826802492142,0.0012497929856181145,0.00813328381627798,0.003303705481812358,10.0,1.0,10.0
940.0,0.05355631187558174,0.05355631187558174,0.0012489586370065808,0.008121942169964314,0.0032944781705737114,10.0,1.0,10.0
941.0,0.05344456061720848,0.05344456061720848,0.0012481174198910594,0.008110680617392063,0.0032852706499397755,10.0,1.0,10.0
942.0,0.05333307757973671,0.05333307757973671,0.0012472731759771705,0.008099504746496677,0.0032760840840637684,10.0,1.0,10.0
943.0,0.05322175472974777,0.05322175472974777,0.0012464398751035333,0.008088306523859501,0.0032669049687683582,10.0,1.0,10.0
944.0,0.053110696375370026,0.053110696375370026,0.001245602616108954,0.00807718001306057,0.0032577491365373135,10.0,1.0,10.0
945.0,0.05299988016486168,0.05299988016486168,0.0012447647750377655,0.008066129870712757,0.003248610533773899,10.0,1.0,10.0
946.0,0.05288931354880333,0.05288931354880333,0.0012439402053132653,0.008055063895881176,0.0032394847366958857,10.0,1.0,10.0
947.0,0.0527789331972599,0.0527789331972599,0.0012431001523509622,0.008044111542403698,0.003230381989851594,10.0,1.0,10.0
948.0,0.05266880989074707,0.05266880989074707,0.0012422723229974508,0.008033161982893944,0.0032212925143539906,10.0,1.0,10.0
949.0,0.05255889147520065,0.05255889147520065,0.0012414474040269852,0.008022231049835682,0.0032122188713401556,10.0,1.0,10.0
950.0,0.05244922265410423,0.05244922265410423,0.0012406171299517155,0.00801139883697033,0.003203165251761675,10.0,1.0,10.0
951.0,0.05233977362513542,0.05233977362513542,0.0012397919781506062,0.008000578731298447,0.0031941274646669626,10.0,1.0,10.0
952.0,0.052230533212423325,0.052230533212423325,0.0012389679905027151,0.007989800535142422,0.003185105277225375,10.0,1.0,10.0
953.0,0.05212155357003212,0.05212155357003212,0.0012381430715322495,0.007979088462889194,0.0031761033460497856,10.0,1.0,10.0
954.0,0.05201279744505882,0.05201279744505882,0.0012373244389891624,0.00796839315444231,0.0031671158503741026,10.0,1.0,10.0
955.0,0.05190426483750343,0.05190426483750343,0.0012365065049380064,0.007957731373608112,0.0031581467483192682,10.0,1.0,10.0
956.0,0.05179594084620476,0.05179594084620476,0.001235682051628828,0.007947167381644249,0.0031491953413933516,10.0,1.0,10.0
957.0,0.05168787017464638,0.05168787017464638,0.0012348706368356943,0.00793656799942255,0.0031402595341205597,10.0,1.0,10.0
958.0,0.051580026745796204,0.051580026745796204,0.0012340539833530784,0.007926075719296932,0.003131341189146042,10.0,1.0,10.0
959.0,0.05147243291139603,0.05147243291139603,0.0012332414044067264,0.00791559275239706,0.003122442401945591,10.0,1.0,10.0
960.0,0.051364995539188385,0.051364995539188385,0.0012324339477345347,0.007905105128884315,0.0031135552562773228,10.0,1.0,10.0
961.0,0.051257845014333725,0.051257845014333725,0.0012316140346229076,0.007894782349467278,0.0031046923249959946,10.0,1.0,10.0
962.0,0.05115090683102608,0.05115090683102608,0.0012308129807934165,0.007884357124567032,0.0030958419665694237,10.0,1.0,10.0
963.0,0.05104419216513634,0.05104419216513634,0.0012300051748752594,0.007874047383666039,0.0030870093032717705,10.0,1.0,10.0
964.0,0.05093769356608391,0.05093769356608391,0.0012291910825297236,0.007863820530474186,0.003078196197748184,10.0,1.0,10.0
965.0,0.05083145201206207,0.05083145201206207,0.0012283999240025878,0.007853487506508827,0.00306939659640193,10.0,1.0,10.0
966.0,0.05072545260190964,0.05072545260190964,0.0012275889748707414,0.00784336682409048,0.00306061957962811,10.0,1.0,10.0
967.0,0.05061963200569153,0.05061963200569153,0.0012267916463315487,0.007833168841898441,0.0030518544372171164,10.0,1.0,10.0
968.0,0.050514090806245804,0.050514090806245804,0.0012259954819455743,0.00782302487641573,0.0030431109480559826,10.0,1.0,10.0
969.0,0.050408706068992615,0.050408706068992615,0.001225191168487072,0.007812988013029099,0.003034380730241537,10.0,1.0,10.0
970.0,0.05030357092618942,0.05030357092618942,0.0012243984965607524,0.007802881766110659,0.003025670535862446,10.0,1.0,10.0
971.0,0.05019869655370712,0.05019869655370712,0.0012236047768965364,0.00779288075864315,0.0030169766396284103,10.0,1.0,10.0
972.0,0.05009404569864273,0.05009404569864273,0.0012228073319420218,0.0077829509973526,0.0030083023011684418,10.0,1.0,10.0
973.0,0.049989573657512665,0.049989573657512665,0.0012220244389027357,0.0077729192562401295,0.002999641001224518,10.0,1.0,10.0
974.0,0.04988535866141319,0.04988535866141319,0.001221225829795003,0.007763095665723085,0.0029910006560385227,10.0,1.0,10.0
975.0,0.04978134110569954,0.04978134110569954,0.001220440724864602,0.007753177545964718,0.0029823756776750088,10.0,1.0,10.0
976.0,0.04967756196856499,0.04967756196856499,0.0012196508469060063,0.007743357680737972,0.002973769558593631,10.0,1.0,10.0
977.0,0.04957403242588043,0.04957403242588043,0.0012188624823465943,0.00773360300809145,0.0029651804361492395,10.0,1.0,10.0
978.0,0.049470726400613785,0.049470726400613785,0.0012180875055491924,0.007723786868155003,0.002956606447696686,10.0,1.0,10.0
979.0,0.04936763271689415,0.04936763271689415,0.001217301469296217,0.0077141048386693,0.002948051318526268,10.0,1.0,10.0
980.0,0.04926475137472153,0.04926475137472153,0.0012165190419182181,0.007704416289925575,0.0029395143501460552,10.0,1.0,10.0
981.0,0.049162112176418304,0.049162112176418304,0.0012157438322901726,0.007694731466472149,0.002930994378402829,10.0,1.0,10.0
982.0,0.0490596778690815,0.0490596778690815,0.0012149588437750936,0.007685158867388964,0.0029224930331110954,10.0,1.0,10.0
983.0,0.048957452178001404,0.048957452178001404,0.0012141865445300937,0.007675536908209324,0.0029140051919966936,10.0,1.0,10.0
984.0,0.04885551705956459,0.04885551705956459,0.0012134150601923466,0.00766596756875515,0.0029055397026240826,10.0,1.0,10.0
985.0,0.048753805458545685,0.048753805458545685,0.0012126388028264046,0.007656498812139034,0.002897092141211033,10.0,1.0,10.0
986.0,0.04865226894617081,0.04865226894617081,0.0012118739541620016,0.007646962068974972,0.002888656686991453,10.0,1.0,10.0
987.0,0.048550937324762344,0.048550937324762344,0.0012110952520743012,0.007637558039277792,0.0028802426531910896,10.0,1.0,10.0
988.0,0.04844991862773895,0.04844991862773895,0.0012103336630389094,0.00762814050540328,0.002871844219043851,10.0,1.0,10.0
989.0,0.04834902286529541,0.04834902286529541,0.0012095686979591846,0.007618722040206194,0.002863461384549737,10.0,1.0,10.0
990.0,0.04824840649962425,0.04824840649962425,0.0012087980285286903,0.007609416730701923,0.002855100901797414,10.0,1.0,10.0
991.0,0.048148006200790405,0.048148006200790405,0.0012080398155376315,0.0076000583358109,0.002846755087375641,10.0,1.0,10.0
992.0,0.04804779961705208,0.04804779961705208,0.0012072762474417686,0.007590762339532375,0.0028384276665747166,10.0,1.0,10.0
993.0,0.04794784262776375,0.04794784262776375,0.001206510583870113,0.007581540383398533,0.0028301195707172155,10.0,1.0,10.0
994.0,0.04784813150763512,0.04784813150763512,0.0012057630810886621,0.007572261616587639,0.002821824047714472,10.0,1.0,10.0
995.0,0.04774860665202141,0.04774860665202141,0.00120499765034765,0.0075631169602274895,0.0028135511092841625,10.0,1.0,10.0
996.0,0.0476493276655674,0.0476493276655674,0.0012042458401992917,0.007553934585303068,0.0028052935376763344,10.0,1.0,10.0
997.0,0.04755023121833801,0.04755023121833801,0.0012034927494823933,0.007544796448200941,0.0027970508672297,10.0,1.0,10.0
998.0,0.04745136946439743,0.04745136946439743,0.0012027348857373,0.007535713259130716,0.002788831014186144,10.0,1.0,10.0
999.0,0.04735279083251953,0.04735279083251953,0.0012019930873066187,0.007526610512286425,0.002780625130981207,10.0,1.0,10.0
1000.0,0.04725441336631775,0.04725441336631775,0.001201242790557444,0.007517595775425434,0.002772438805550337,10.0,1.0,10.0
1001.0,0.04715618118643761,0.04715618118643761,0.0012004943564534187,0.007508554961532354,0.0027642683126032352,10.0,1.0,10.0
1002.0,0.04705820977687836,0.04705820977687836,0.0011997484834864736,0.007499572355300188,0.0027561155147850513,10.0,1.0,10.0
1003.0,0.046960458159446716,0.046960458159446716,0.0011990019120275974,0.007490629330277443,0.0027479808777570724,10.0,1.0,10.0
1004.0,0.04686293751001358,0.04686293751001358,0.0011982580181211233,0.007481682114303112,0.002739867428317666,10.0,1.0,10.0
1005.0,0.04676567763090134,0.04676567763090134,0.0011975247180089355,0.007472783327102661,0.002731764456257224,10.0,1.0,10.0
1006.0,0.04666859656572342,0.04666859656572342,0.0011967815225943923,0.007463931571692228,0.0027236847672611475,10.0,1.0,10.0
1007.0,0.0465717613697052,0.0465717613697052,0.0011960502015426755,0.007455045823007822,0.0027156216092407703,10.0,1.0,10.0
1008.0,0.04647515341639519,0.04647515341639519,0.0011953114299103618,0.007446274161338806,0.0027075763791799545,10.0,1.0,10.0
1009.0,0.046378687024116516,0.046378687024116516,0.0011945755686610937,0.007437459193170071,0.0026995474472641945,10.0,1.0,10.0
1010.0,0.04628249630331993,0.04628249630331993,0.0011938447132706642,0.007428679149597883,0.002691536908969283,10.0,1.0,10.0
1011.0,0.04618654400110245,0.04618654400110245,0.0011931142071262002,0.007419975008815527,0.0026835426688194275,10.0,1.0,10.0
1012.0,0.04609076306223869,0.04609076306223869,0.0011923849815502763,0.007411226164549589,0.0026755686849355698,10.0,1.0,10.0
1013.0,0.045995213091373444,0.045995213091373444,0.0011916538933292031,0.007402574177831411,0.002667610067874193,10.0,1.0,10.0
1014.0,0.04589992016553879,0.04589992016553879,0.0011909336317330599,0.0073938919231295586,0.0026596691459417343,10.0,1.0,10.0
1015.0,0.04580482840538025,0.04580482840538025,0.0011902080150321126,0.007385247852653265,0.0026517503429204226,10.0,1.0,10.0
1016.0,0.045709945261478424,0.045709945261478424,0.001189485308714211,0.007376666180789471,0.002643842715770006,10.0,1.0,10.0
1017.0,0.04561528563499451,0.04561528563499451,0.001188769587315619,0.007368016522377729,0.002635957207530737,10.0,1.0,10.0
1018.0,0.04552082344889641,0.04552082344889641,0.0011880405945703387,0.007359514944255352,0.00262809032574296,10.0,1.0,10.0
1019.0,0.04542660713195801,0.04542660713195801,0.00118733081035316,0.0073509360663592815,0.002620236249640584,10.0,1.0,10.0
1020.0,0.04533260315656662,0.04533260315656662,0.0011866164859384298,0.0073424093425273895,0.0026124026626348495,10.0,1.0,10.0
1021.0,0.045238789170980453,0.045238789170980453,0.0011858964571729302,0.007333935704082251,0.0026045888662338257,10.0,1.0,10.0
1022.0,0.045145221054553986,0.045145221054553986,0.0011851906310766935,0.007325425744056702,0.0025967888068407774,10.0,1.0,10.0
1023.0,0.045051850378513336,0.045051850378513336,0.001184473861940205,0.007317001465708017,0.00258901109918952,10.0,1.0,10.0
1024.0,0.04495871439576149,0.04495871439576149,0.0011837667552754283,0.007308562286198139,0.0025812485255301,10.0,1.0,10.0
1025.0,0.04486578702926636,0.04486578702926636,0.0011830615112558007,0.007300125434994698,0.002573504578322172,10.0,1.0,10.0
1026.0,0.04477306455373764,0.04477306455373764,0.0011823502136394382,0.007291761226952076,0.0025657801888883114,10.0,1.0,10.0
1027.0,0.04468057304620743,0.04468057304620743,0.0011816510232165456,0.007283374201506376,0.002558069070801139,10.0,1.0,10.0
1028.0,0.04458831250667572,0.04458831250667572,0.001180947874672711,0.0072750370018184185,0.00255037983879447,10.0,1.0,10.0
1029.0,0.044496215879917145,0.044496215879917145,0.001180243561975658,0.007266714237630367,0.002542706672102213,10.0,1.0,10.0
1030.0,0.04440436512231827,0.04440436512231827,0.0011795484460890293,0.007258389610797167,0.002535048872232437,10.0,1.0,10.0
1031.0,0.0443127304315567,0.0443127304315567,0.001178848440758884,0.007250106893479824,0.002527414122596383,10.0,1.0,10.0
1032.0,0.04422133415937424,0.04422133415937424,0.001178154954686761,0.007241834420710802,0.002519794972613454,10.0,1.0,10.0
1033.0,0.044130124151706696,0.044130124151706696,0.001177463447675109,0.007233572192490101,0.002512191655114293,10.0,1.0,10.0
1034.0,0.04403911530971527,0.04403911530971527,0.0011767679825425148,0.007225331850349903,0.0025046104565262794,10.0,1.0,10.0
1035.0,0.04394831880927086,0.04394831880927086,0.0011760779889300466,0.007217124104499817,0.0024970415979623795,10.0,1.0,10.0
1036.0,0.04385780170559883,0.04385780170559883,0.0011753932340070605,0.007208901457488537,0.002489496720954776,10.0,1.0,10.0
1037.0,0.043767400085926056,0.043767400085926056,0.001174699398688972,0.007200736552476883,0.002481966745108366,10.0,1.0,10.0
1038.0,0.04367728531360626,0.04367728531360626,0.0011740230256691575,0.007192531134933233,0.002474452368915081,10.0,1.0,10.0
1039.0,0.043587327003479004,0.043587327003479004,0.00117333116941154,0.007184410002082586,0.002466960344463587,10.0,1.0,10.0
1040.0,0.043497588485479355,0.043497588485479355,0.001172651071101427,0.0071762315928936005,0.0024594846181571484,10.0,1.0,10.0
1041.0,0.043408118188381195,0.043408118188381195,0.0011719714384526014,0.00716813188046217,0.0024520272854715586,10.0,1.0,10.0
1042.0,0.04331880807876587,0.04331880807876587,0.0011712911073118448,0.007160024251788855,0.002444587415084243,10.0,1.0,10.0
1043.0,0.04322971776127815,0.04322971776127815,0.001170618925243616,0.007151892874389887,0.002437163610011339,10.0,1.0,10.0
1044.0,0.04314086586236954,0.04314086586236954,0.001169938244856894,0.007143851835280657,0.0024297633208334446,10.0,1.0,10.0
1045.0,0.043052203953266144,0.043052203953266144,0.0011692692060023546,0.007135747466236353,0.0024223763030022383,10.0,1.0,10.0
1046.0,0.042963799089193344,0.042963799089193344,0.0011685991194099188,0.007127708755433559,0.002415010007098317,10.0,1.0,10.0
1047.0,0.042875491082668304,0.042875491082668304,0.0011679250746965408,0.007119647692888975,0.002407659078016877,10.0,1.0,10.0
1048.0,0.04278747737407684,0.04278747737407684,0.0011672605760395527,0.0071116057224571705,0.002400326309725642,10.0,1.0,10.0
1049.0,0.0426996573805809,0.0426996573805809,0.0011665911879390478,0.007103615906089544,0.002393013099208474,10.0,1.0,10.0
1050.0,0.042612068355083466,0.042612068355083466,0.0011659363517537713,0.0070955632254481316,0.0023857143241912127,10.0,1.0,10.0
1051.0,0.04252464324235916,0.04252464324235916,0.0011652646353468299,0.0070876190438866615,0.002378437900915742,10.0,1.0,10.0
1052.0,0.04243740811944008,0.04243740811944008,0.0011646078201010823,0.007079578936100006,0.0023711752146482468,10.0,1.0,10.0
1053.0,0.04235042631626129,0.04235042631626129,0.0011639451840892434,0.007071616593748331,0.0023639360442757607,10.0,1.0,10.0
1054.0,0.04226364940404892,0.04226364940404892,0.0011632880195975304,0.007063663564622402,0.00235671061091125,10.0,1.0,10.0
1055.0,0.04217706248164177,0.04217706248164177,0.0011626326013356447,0.007055655587464571,0.0023495082277804613,10.0,1.0,10.0
1056.0,0.042090702801942825,0.042090702801942825,0.0011619761353358626,0.007047764956951141,0.002342317719012499,10.0,1.0,10.0
1057.0,0.042004555463790894,0.042004555463790894,0.0011613330570980906,0.007039738353341818,0.0023351486306637526,10.0,1.0,10.0
1058.0,0.041918620467185974,0.041918620467185974,0.0011606741463765502,0.007031894754618406,0.0023279981687664986,10.0,1.0,10.0
1059.0,0.04183284938335419,0.04183284938335419,0.0011600335128605366,0.0070238979533314705,0.0023208619095385075,10.0,1.0,10.0
1060.0,0.041747283190488815,0.041747283190488815,0.0011593755334615707,0.007016018033027649,0.0023137510288506746,10.0,1.0,10.0
1061.0,0.04166194796562195,0.04166194796562195,0.0011587340850383043,0.007008102722465992,0.0023066506255418062,10.0,1.0,10.0
1062.0,0.041576847434043884,0.041576847434043884,0.0011580983409658074,0.007000151555985212,0.0022995711769908667,10.0,1.0,10.0
1063.0,0.04149189591407776,0.04149189591407776,0.0011574462987482548,0.006992309354245663,0.0022925124503672123,10.0,1.0,10.0
1064.0,0.04140717163681984,0.04140717163681984,0.0011568173067644238,0.006984354462474585,0.002285464433953166,10.0,1.0,10.0
1065.0,0.04132261872291565,0.04132261872291565,0.0011561666615307331,0.006976512260735035,0.002278443891555071,10.0,1.0,10.0
1066.0,0.04123830422759056,0.04123830422759056,0.0011555360397323966,0.006968589499592781,0.0022714354563504457,10.0,1.0,10.0
1067.0,0.04115418717265129,0.04115418717265129,0.0011549033224582672,0.006960720289498568,0.0022644433192908764,10.0,1.0,10.0
1068.0,0.04107029736042023,0.04107029736042023,0.0011542686261236668,0.006952849216759205,0.002257476095110178,10.0,1.0,10.0
1069.0,0.040986567735672,0.040986567735672,0.001153642195276916,0.006944955326616764,0.0022505188826471567,10.0,1.0,10.0
1070.0,0.040903061628341675,0.040903061628341675,0.0011530073825269938,0.006937134079635143,0.002243585418909788,10.0,1.0,10.0
1071.0,0.04081975668668747,0.04081975668668747,0.001152383047156036,0.006929213181138039,0.0022366715129464865,10.0,1.0,10.0
1072.0,0.040736667811870575,0.040736667811870575,0.0011517556849867105,0.006921406369656324,0.002229770179837942,10.0,1.0,10.0
1073.0,0.040653713047504425,0.040653713047504425,0.001151133212260902,0.006913474760949612,0.0022228907328099012,10.0,1.0,10.0
1074.0,0.04057101905345917,0.04057101905345917,0.0011505039874464273,0.006905681453645229,0.0022160299122333527,10.0,1.0,10.0
1075.0,0.040488529950380325,0.040488529950380325,0.0011498919920995831,0.006897772662341595,0.0022091837599873543,10.0,1.0,10.0
1076.0,0.04040618985891342,0.04040618985891342,0.001149265212006867,0.0068899462930858135,0.0022023592609912157,10.0,1.0,10.0
1077.0,0.0403241403400898,0.0403241403400898,0.00114865368232131,0.006882109679281712,0.0021955494303256273,10.0,1.0,10.0
1078.0,0.040242210030555725,0.040242210030555725,0.0011480432003736496,0.0068742078728973866,0.002188757061958313,10.0,1.0,10.0
1079.0,0.040160488337278366,0.040160488337278366,0.0011474182829260826,0.00686641875654459,0.002181988675147295,10.0,1.0,10.0
1080.0,0.040079034864902496,0.040079034864902496,0.0011468224693089724,0.006858508102595806,0.002175230300053954,10.0,1.0,10.0
1081.0,0.039997704327106476,0.039997704327106476,0.0011461996473371983,0.00685070501640439,0.0021685000974684954,10.0,1.0,10.0
1082.0,0.039916589856147766,0.039916589856147766,0.001145599060691893,0.006842838600277901,0.0021617761813104153,10.0,1.0,10.0
1083.0,0.03983568400144577,0.03983568400144577,0.0011449921876192093,0.0068349712528288364,0.002155079273506999,10.0,1.0,10.0
1084.0,0.03975498676300049,0.03975498676300049,0.0011443850817158818,0.006827157456427813,0.002148397732526064,10.0,1.0,10.0
1085.0,0.03967445343732834,0.03967445343732834,0.001143791014328599,0.006819234229624271,0.0021417306270450354,10.0,1.0,10.0
1086.0,0.03959411010146141,0.03959411010146141,0.0011431756429374218,0.006811470724642277,0.002135088201612234,10.0,1.0,10.0
1087.0,0.03951400890946388,0.03951400890946388,0.0011425885604694486,0.006803535856306553,0.0021284588146954775,10.0,1.0,10.0
1088.0,0.039434079080820084,0.039434079080820084,0.0011419879738241434,0.006795722059905529,0.0021218478213995695,10.0,1.0,10.0
1089.0,0.039354339241981506,0.039354339241981506,0.001141388900578022,0.006787855643779039,0.002115259412676096,10.0,1.0,10.0
1090.0,0.03927481174468994,0.03927481174468994,0.0011408037971705198,0.006779960356652737,0.002108681248500943,10.0,1.0,10.0
1091.0,0.03919548541307449,0.03919548541307449,0.0011402028612792492,0.006772167049348354,0.0021021291613578796,10.0,1.0,10.0
1092.0,0.039116352796554565,0.039116352796554565,0.0011396226473152637,0.006764227990061045,0.002095589879900217,10.0,1.0,10.0
1093.0,0.03903740644454956,0.03903740644454956,0.0011390283470973372,0.006756444461643696,0.002089067827910185,10.0,1.0,10.0
1094.0,0.03895866498351097,0.03895866498351097,0.0011384489480406046,0.006748482584953308,0.0020825692918151617,10.0,1.0,10.0
1095.0,0.03888007998466492,0.03888007998466492,0.001137858722358942,0.006740680895745754,0.0020760810002684593,10.0,1.0,10.0
1096.0,0.03880173712968826,0.03880173712968826,0.0011372780427336693,0.006732761859893799,0.002069619484245777,10.0,1.0,10.0
1097.0,0.03872356191277504,0.03872356191277504,0.0011366981780156493,0.006724897306412458,0.0020631682127714157,10.0,1.0,10.0
1098.0,0.038645584136247635,0.038645584136247635,0.0011361157521605492,0.006717021111398935,0.002056740690022707,10.0,1.0,10.0
1099.0,0.03856782615184784,0.03856782615184784,0.0011355463648214936,0.006709091830998659,0.002050326904281974,10.0,1.0,10.0
1100.0,0.03849023953080177,0.03849023953080177,0.0011349651031196117,0.006701278034597635,0.002043931046500802,10.0,1.0,10.0
1101.0,0.038412824273109436,0.038412824273109436,0.0011343968799337745,0.006693285424262285,0.00203755684196949,10.0,1.0,10.0
1102.0,0.038335613906383514,0.038335613906383514,0.001133815967477858,0.006685490719974041,0.00203119614161551,10.0,1.0,10.0
1103.0,0.038258619606494904,0.038258619606494904,0.001133257639594376,0.0066774943843483925,0.002024854766204953,10.0,1.0,10.0
1104.0,0.03818181902170181,0.03818181902170181,0.0011326833628118038,0.0066696531139314175,0.002018533181399107,10.0,1.0,10.0
1105.0,0.03810516744852066,0.03810516744852066,0.0011321193305775523,0.006661710795015097,0.0020122264977544546,10.0,1.0,10.0
1106.0,0.03802874684333801,0.03802874684333801,0.0011315541341900826,0.006653800141066313,0.002005940303206444,10.0,1.0,10.0
1107.0,0.03795250505208969,0.03795250505208969,0.0011309894034639,0.006645899266004562,0.0019996711052954197,10.0,1.0,10.0
1108.0,0.03787645697593689,0.03787645697593689,0.0011304375948384404,0.006637920159846544,0.001993416342884302,10.0,1.0,10.0
1109.0,0.03780058026313782,0.03780058026313782,0.001129864132963121,0.006630069110542536,0.001987186726182699,10.0,1.0,10.0
1110.0,0.03772493079304695,0.03772493079304695,0.0011293211719021201,0.006622059270739555,0.001980965957045555,10.0,1.0,10.0
1111.0,0.03764946386218071,0.03764946386218071,0.0011287564411759377,0.006614193320274353,0.0019747705664485693,10.0,1.0,10.0
1112.0,0.037574149668216705,0.037574149668216705,0.0011282091727480292,0.006606188137084246,0.001968586817383766,10.0,1.0,10.0
1113.0,0.037499088793992996,0.037499088793992996,0.001127655734308064,0.006598280277103186,0.00196242518723011,10.0,1.0,10.0
1114.0,0.03742418438196182,0.03742418438196182,0.0011271074181422591,0.006590305361896753,0.0019562807865440845,10.0,1.0,10.0
1115.0,0.03734944015741348,0.03734944015741348,0.001126559334807098,0.006582358386367559,0.0019501487258821726,10.0,1.0,10.0
1116.0,0.03727492690086365,0.03727492690086365,0.0011260134633630514,0.006574386730790138,0.001944040646776557,10.0,1.0,10.0
1117.0,0.037200577557086945,0.037200577557086945,0.0011254700366407633,0.006566427648067474,0.0019379447912797332,10.0,1.0,10.0
1118.0,0.03712641820311546,0.03712641820311546,0.0011249269591644406,0.006558447144925594,0.0019318702397868037,10.0,1.0,10.0
1119.0,0.03705248236656189,0.03705248236656189,0.0011243846965953708,0.006550487596541643,0.0019258147804066539,10.0,1.0,10.0
1120.0,0.036978691816329956,0.036978691816329956,0.0011238498846068978,0.0065424819476902485,0.0019197709625586867,10.0,1.0,10.0
1121.0,0.036905139684677124,0.036905139684677124,0.0011233097175136209,0.006534521002322435,0.0019137520575895905,10.0,1.0,10.0
1122.0,0.03683170676231384,0.03683170676231384,0.0011227787472307682,0.006526504643261433,0.001907741534523666,10.0,1.0,10.0
1123.0,0.036758534610271454,0.036758534610271454,0.001122245448641479,0.006518512964248657,0.0019017565064132214,10.0,1.0,10.0
1124.0,0.03668549284338951,0.03668549284338951,0.0011217111023142934,0.006510527804493904,0.0018957853317260742,10.0,1.0,10.0
1125.0,0.03661263734102249,0.03661263734102249,0.0011211811797693372,0.0065025025978684425,0.0018898322014138103,10.0,1.0,10.0
1126.0,0.03654002398252487,0.03654002398252487,0.001120655215345323,0.0064945160411298275,0.001883895369246602,10.0,1.0,10.0
1127.0,0.0364675410091877,0.0364675410091877,0.0011201307643204927,0.00648646941408515,0.0018779764650389552,10.0,1.0,10.0
1128.0,0.03639522194862366,0.03639522194862366,0.0011195994447916746,0.006478475872427225,0.0018720749067142606,10.0,1.0,10.0
1129.0,0.036323145031929016,0.036323145031929016,0.0011190829100087285,0.006470419466495514,0.0018661896465346217,10.0,1.0,10.0
1130.0,0.03625127673149109,0.03625127673149109,0.0011185602052137256,0.006462414748966694,0.0018603261560201645,10.0,1.0,10.0
1131.0,0.0361795499920845,0.0361795499920845,0.0011180457659065723,0.006454349961131811,0.0018544744234532118,10.0,1.0,10.0
1132.0,0.03610803186893463,0.03610803186893463,0.0011175277177244425,0.006446332670748234,0.001848642248660326,10.0,1.0,10.0
1133.0,0.036036670207977295,0.036036670207977295,0.0011170116486027837,0.006438274867832661,0.001842827652581036,10.0,1.0,10.0
1134.0,0.03596549481153488,0.03596549481153488,0.001116499537602067,0.006430230103433132,0.001837027259171009,10.0,1.0,10.0
1135.0,0.03589450195431709,0.03589450195431709,0.0011159847490489483,0.006422164849936962,0.0018312489846721292,10.0,1.0,10.0
1136.0,0.035823747515678406,0.035823747515678406,0.001115483115427196,0.0064141033217310905,0.0018254811875522137,10.0,1.0,10.0
1137.0,0.035753123462200165,0.035753123462200165,0.0011149684432893991,0.006406039465218782,0.0018197399331256747,10.0,1.0,10.0
1138.0,0.03568267822265625,0.03568267822265625,0.001114464015699923,0.006397979333996773,0.0018140056636184454,10.0,1.0,10.0
1139.0,0.03561244159936905,0.03561244159936905,0.0011139597045257688,0.006389899179339409,0.0018082949100062251,10.0,1.0,10.0
1140.0,0.03554237633943558,0.03554237633943558,0.0011134574888274074,0.00638182507827878,0.0018025977769866586,10.0,1.0,10.0
1141.0,0.03547251224517822,0.03547251224517822,0.0011129600461572409,0.006373733747750521,0.001796917524188757,10.0,1.0,10.0
1142.0,0.03540283441543579,0.03540283441543579,0.0011124582961201668,0.006365669425576925,0.0017912581097334623,10.0,1.0,10.0
1143.0,0.035333301872015,0.035333301872015,0.0011119672562927008,0.006357553415000439,0.0017856076592579484,10.0,1.0,10.0
1144.0,0.035263944417238235,0.035263944417238235,0.0011114603839814663,0.006349488627165556,0.0017799852648749948,10.0,1.0,10.0
1145.0,0.035194821655750275,0.035194821655750275,0.0011109780753031373,0.0063413591124117374,0.0017743681091815233,10.0,1.0,10.0
1146.0,0.03512583300471306,0.03512583300471306,0.0011104795848950744,0.006333270110189915,0.0017687766812741756,10.0,1.0,10.0
1147.0,0.03505703806877136,0.03505703806877136,0.0011099929688498378,0.006325155030936003,0.0017631956143304706,10.0,1.0,10.0
1148.0,0.034988436847925186,0.034988436847925186,0.0011095047229900956,0.006317030638456345,0.0017576359678059816,10.0,1.0,10.0
1149.0,0.03491999953985214,0.03491999953985214,0.0011090156622231007,0.00630892813205719,0.0017520916881039739,10.0,1.0,10.0
1150.0,0.03485172241926193,0.03485172241926193,0.001108533120714128,0.006300791632384062,0.0017465597484260798,10.0,1.0,10.0
1151.0,0.03478366509079933,0.03478366509079933,0.0011080458061769605,0.006292678415775299,0.0017410528380423784,10.0,1.0,10.0
1152.0,0.03471578657627106,0.03471578657627106,0.0011075726943090558,0.006284552160650492,0.0017355508171021938,10.0,1.0,10.0
1153.0,0.03464807569980621,0.03464807569980621,0.0011070901528000832,0.006276391912251711,0.0017300781328231096,10.0,1.0,10.0
1154.0,0.034580521285533905,0.034580521285533905,0.0011066138977184892,0.006268293596804142,0.001724609057419002,10.0,1.0,10.0
1155.0,0.0345132052898407,0.0345132052898407,0.0011061416007578373,0.006260079797357321,0.001719171181321144,10.0,1.0,10.0
1156.0,0.03444600850343704,0.03444600850343704,0.0011056647635996342,0.006252020597457886,0.001713734120130539,10.0,1.0,10.0
1157.0,0.0343790277838707,0.0343790277838707,0.0011052002664655447,0.006243739742785692,0.0017083282582461834,10.0,1.0,10.0
1158.0,0.034312229603528976,0.034312229603528976,0.001104719820432365,0.006235763896256685,0.0017029265873134136,10.0,1.0,10.0
1159.0,0.03424555063247681,0.03424555063247681,0.0011042673140764236,0.0062273601070046425,0.001697551691904664,10.0,1.0,10.0
1160.0,0.03417910262942314,0.03417910262942314,0.0011037779040634632,0.006219504401087761,0.0016921819187700748,10.0,1.0,10.0
1161.0,0.03411277383565903,0.03411277383565903,0.0011033440241590142,0.0062109315767884254,0.0016868403181433678,10.0,1.0,10.0
1162.0,0.03404664993286133,0.03404664993286133,0.0011028361041098833,0.0062032658606767654,0.0016815020935609937,10.0,1.0,10.0
1163.0,0.03398074209690094,0.03398074209690094,0.0011024369159713387,0.006194425746798515,0.0016761947190389037,10.0,1.0,10.0
1164.0,0.03391494229435921,0.03391494229435921,0.0011018981458619237,0.00618709996342659,0.0016708861803635955,10.0,1.0,10.0
1165.0,0.0338493213057518,0.0338493213057518,0.001101536676287651,0.006177788600325584,0.001665616757236421,10.0,1.0,10.0
1166.0,0.033783912658691406,0.033783912658691406,0.001100956927984953,0.006171055603772402,0.001660328940488398,10.0,1.0,10.0
1167.0,0.03371868282556534,0.03371868282556534,0.001100662862882018,0.006160952150821686,0.0016551099251955748,10.0,1.0,10.0
1168.0,0.03365360572934151,0.03365360572934151,0.0011000087251886725,0.0061552273109555244,0.0016498290933668613,10.0,1.0,10.0
1169.0,0.03358872979879379,0.03358872979879379,0.0010998212965205312,0.006143771577626467,0.0016446744557470083,10.0,1.0,10.0
1170.0,0.03352401405572891,0.03352401405572891,0.0010990297887474298,0.0061398777179419994,0.0016393838450312614,10.0,1.0,10.0
1171.0,0.033459436148405075,0.033459436148405075,0.0010990361915901303,0.006125892512500286,0.0016343181487172842,10.0,1.0,10.0
1172.0,0.033395133912563324,0.033395133912563324,0.001097982400096953,0.006125477142632008,0.0016289835330098867,10.0,1.0,10.0
1173.0,0.03333108127117157,0.03333108127117157,0.0010983680840581656,0.006106814835220575,0.0016240583499893546,10.0,1.0,10.0
1174.0,0.03326728194952011,0.03326728194952011,0.001096823369152844,0.006112956441938877,0.0016186092980206013,10.0,1.0,10.0
1175.0,0.03320392593741417,0.03320392593741417,0.0010979088256135583,0.006085512228310108,0.0016139325452968478,10.0,1.0,10.0
1176.0,0.03314116224646568,0.03314116224646568,0.0010954346507787704,0.006104442290961742,0.0016082372749224305,10.0,1.0,10.0
1177.0,0.03307950496673584,0.03307950496673584,0.0010978896170854568,0.00606031809002161,0.0016040289774537086,10.0,1.0,10.0
1178.0,0.03301985189318657,0.03301985189318657,0.001093655708245933,0.006104941945523024,0.0015978353330865502,10.0,1.0,10.0
1179.0,0.03296392410993576,0.03296392410993576,0.0010988634312525392,0.006029273383319378,0.001594601315446198,10.0,1.0,10.0
1180.0,0.03291546553373337,0.03291546553373337,0.0010913194855675101,0.006127724424004555,0.0015874544624239206,10.0,1.0,10.0
1181.0,0.032881904393434525,0.032881904393434525,0.0011023274855688214,0.0059945289976894855,0.0015864099841564894,10.0,1.0,10.0
1182.0,0.032878655940294266,0.032878655940294266,0.001088877790607512,0.006213129498064518,0.001577674993313849,10.0,1.0,10.0
1183.0,0.03293750435113907,0.03293750435113907,0.0011129628401249647,0.005986733362078667,0.0015821140259504318,10.0,1.0,10.0
1184.0,0.033124640583992004,0.033124640583992004,0.0010905658127740026,0.0065006897784769535,0.001571829430758953,10.0,1.0,10.0
1185.0,0.033576689660549164,0.033576689660549164,0.0011473617050796747,0.006184848956763744,0.0015918225981295109,10.0,1.0,10.0
1186.0,0.03457171469926834,0.03457171469926834,0.001119634136557579,0.00751494662836194,0.001586042926646769,10.0,1.0,10.0
1187.0,0.03665322810411453,0.03665322810411453,0.0012672108132392168,0.007430753204971552,0.0016550369327887893,10.0,1.0,10.0
1188.0,0.04078490659594536,0.04078490659594536,0.00127684255130589,0.011145890690386295,0.0016870591789484024,10.0,1.0,10.0
1189.0,0.04831806570291519,0.04831806570291519,0.0016650366596877575,0.01267260778695345,0.0018995088757947087,10.0,1.0,10.0
1190.0,0.05996839702129364,0.05996839702129364,0.0018120917957276106,0.02147255837917328,0.0020374918822199106,10.0,1.0,10.0
1191.0,0.07262064516544342,0.07262064516544342,0.00245498726144433,0.02398696169257164,0.002408381551504135,10.0,1.0,10.0
1192.0,0.07650260627269745,0.07650260627269745,0.0023003655951470137,0.029931005090475082,0.0023567944299429655,10.0,1.0,10.0
1193.0,0.06265003234148026,0.06265003234148026,0.0021462044678628445,0.01926518604159355,0.0021922800224274397,10.0,1.0,10.0
1194.0,0.04070485755801201,0.04070485755801201,0.0012777504744008183,0.011111862026154995,0.0016815491253510118,10.0,1.0,10.0
1195.0,0.03228885307908058,0.03228885307908058,0.0011024563573300838,0.006169733125716448,0.0015094554983079433,10.0,1.0,10.0
1196.0,0.04223497211933136,0.04223497211933136,0.0014513061614707112,0.010045026428997517,0.0017676886636763811,10.0,1.0,10.0
1197.0,0.05318974703550339,0.05318974703550339,0.0016403296031057835,0.017865628004074097,0.001892082393169403,10.0,1.0,10.0
1198.0,0.04920998960733414,0.04920998960733414,0.0017314740689471364,0.013059007935225964,0.0018836238887161016,10.0,1.0,10.0
1199.0,0.03646531701087952,0.03646531701087952,0.0011423740070313215,0.009136030450463295,0.0015905548352748156,10.0,1.0,10.0
1200.0,0.03255309537053108,0.03255309537053108,0.0011172598460689187,0.006543547380715609,0.0014836949994787574,10.0,1.0,10.0
1201.0,0.03977172449231148,0.03977172449231148,0.0013828655937686563,0.008992324583232403,0.0016950746066868305,10.0,1.0,10.0
1202.0,0.044248566031455994,0.044248566031455994,0.0013826206559315324,0.013235172256827354,0.0017187190242111683,10.0,1.0,10.0
1203.0,0.03873401880264282,0.03873401880264282,0.0013847436057403684,0.008688660338521004,0.0016197924269363284,10.0,1.0,10.0
1204.0,0.032322511076927185,0.032322511076927185,0.001048918697051704,0.00673977704718709,0.0015093546826392412,10.0,1.0,10.0
1205.0,0.03392123430967331,0.03392123430967331,0.0011407074052840471,0.007513911928981543,0.001500024925917387,10.0,1.0,10.0
1206.0,0.03861776739358902,0.03861776739358902,0.0013759464491158724,0.008501801639795303,0.001635650172829628,10.0,1.0,10.0
1207.0,0.037716496735811234,0.037716496735811234,0.0011858238140121102,0.010019887238740921,0.0015838372055441141,10.0,1.0,10.0
1208.0,0.03289017081260681,0.03289017081260681,0.0011764748487621546,0.006395895034074783,0.0014729525428265333,10.0,1.0,10.0
1209.0,0.03184927999973297,0.03184927999973297,0.0010969352442771196,0.005977358669042587,0.0014902569819241762,10.0,1.0,10.0
1210.0,0.03494175523519516,0.03494175523519516,0.0011490212054923177,0.008281880989670753,0.0015169659163802862,10.0,1.0,10.0
1211.0,0.03585144877433777,0.03585144877433777,0.00129149470012635,0.0075467899441719055,0.0015389712061733007,10.0,1.0,10.0
1212.0,0.03294428065419197,0.03294428065419197,0.0010749422945082188,0.007344543002545834,0.0014850314473733306,10.0,1.0,10.0
1213.0,0.031146667897701263,0.031146667897701263,0.0010949790012091398,0.0058831218630075455,0.0014313755091279745,10.0,1.0,10.0
1214.0,0.0327795073390007,0.0327795073390007,0.0011729745892807841,0.0062281060963869095,0.001482165651395917,10.0,1.0,10.0
1215.0,0.03413598611950874,0.03413598611950874,0.001114997430704534,0.00807531364262104,0.00149106967728585,10.0,1.0,10.0
1216.0,0.03262646496295929,0.03262646496295929,0.0011782918591052294,0.0062934635207057,0.0014550081687048078,10.0,1.0,10.0
1217.0,0.030902769416570663,0.030902769416570663,0.0010665572481229901,0.005898612551391125,0.0014338584151118994,10.0,1.0,10.0
1218.0,0.03153826296329498,0.03153826296329498,0.001079475274309516,0.006408926099538803,0.0014334585284814239,10.0,1.0,10.0
1219.0,0.03275496885180473,0.03275496885180473,0.0011864682892337441,0.0063381073996424675,0.0014552180655300617,10.0,1.0,10.0
1220.0,0.03214693069458008,0.03214693069458008,0.0010781121673062444,0.006948145106434822,0.001441766507923603,10.0,1.0,10.0
1221.0,0.030786532908678055,0.030786532908678055,0.0011003210674971342,0.005673625040799379,0.0014109696494415402,10.0,1.0,10.0
1222.0,0.03082495555281639,0.03082495555281639,0.001103524467907846,0.0056768436916172504,0.001411286648362875,10.0,1.0,10.0
1223.0,0.031712256371974945,0.031712256371974945,0.0010756959673017263,0.006719602271914482,0.0014235691633075476,10.0,1.0,10.0
1224.0,0.031612858176231384,0.031612858176231384,0.001147419330663979,0.005956079810857773,0.0014182587619870901,10.0,1.0,10.0
1225.0,0.030679024755954742,0.030679024755954742,0.0010706768371164799,0.005996567662805319,0.0013975688489153981,10.0,1.0,10.0
1226.0,0.030411986634135246,0.030411986634135246,0.0010686791501939297,0.005795258563011885,0.0013929937267675996,10.0,1.0,10.0
1227.0,0.030940314754843712,0.030940314754843712,0.0011226034257560968,0.005762748420238495,0.0013951532309874892,10.0,1.0,10.0
1228.0,0.03108517825603485,0.03108517825603485,0.0010719731217250228,0.0064087193459272385,0.0013956727925688028,10.0,1.0,10.0
1229.0,0.030532807111740112,0.030532807111740112,0.0011016534408554435,0.005646183621138334,0.0013870088150724769,10.0,1.0,10.0
1230.0,0.030163008719682693,0.030163008719682693,0.0010818899609148502,0.005657303147017956,0.001368680619634688,10.0,1.0,10.0
1231.0,0.03038650006055832,0.03038650006055832,0.0010633403435349464,0.0059952763840556145,0.0013757820706814528,10.0,1.0,10.0
1232.0,0.030591050162911415,0.030591050162911415,0.001114539452828467,0.0056931618601083755,0.0013752493541687727,10.0,1.0,10.0
1233.0,0.030331924557685852,0.030331924557685852,0.0010722186416387558,0.0059819514863193035,0.0013627787120640278,10.0,1.0,10.0
1234.0,0.029991231858730316,0.029991231858730316,0.00107487291097641,0.005613462533801794,0.0013629040913656354,10.0,1.0,10.0
1235.0,0.02999793365597725,0.02999793365597725,0.001091017504222691,0.0055899228900671005,0.0013497836189344525,10.0,1.0,10.0
1236.0,0.03015374206006527,0.03015374206006527,0.001065563876181841,0.005960897076874971,0.0013537205522879958,10.0,1.0,10.0
1237.0,0.030080661177635193,0.030080661177635193,0.0010953060118481517,0.005585576873272657,0.0013542025117203593,10.0,1.0,10.0
1238.0,0.02983684092760086,0.02983684092760086,0.0010756327537819743,0.005721638910472393,0.001335887354798615,10.0,1.0,10.0
1239.0,0.029726434499025345,0.029726434499025345,0.0010646648006513715,0.005662492476403713,0.0013417293084785342,10.0,1.0,10.0
1240.0,0.029787274077534676,0.029787274077534676,0.001090452540665865,0.005545355379581451,0.0013337393756955862,10.0,1.0,10.0
1241.0,0.029797887429594994,0.029797887429594994,0.0010688492329791188,0.005817616358399391,0.0013291777577251196,10.0,1.0,10.0
1242.0,0.029663708060979843,0.029663708060979843,0.0010788305662572384,0.005540588404983282,0.0013334815157577395,10.0,1.0,10.0
1243.0,0.02952384389936924,0.02952384389936924,0.0010781714227050543,0.0055888500064611435,0.001315327943302691,10.0,1.0,10.0
1244.0,0.029495134949684143,0.029495134949684143,0.001063486677594483,0.0056562889367341995,0.0013203979469835758,10.0,1.0,10.0
1245.0,0.02951095439493656,0.02951095439493656,0.0010835446882992983,0.005502009764313698,0.0013173498446121812,10.0,1.0,10.0
1246.0,0.029458120465278625,0.029458120465278625,0.0010717337718233466,0.005680995527654886,0.0013059786288067698,10.0,1.0,10.0
1247.0,0.029345903545618057,0.029345903545618057,0.0010698136175051332,0.0055237989872694016,0.0013123968383297324,10.0,1.0,10.0
1248.0,0.02926560491323471,0.02926560491323471,0.0010775577975437045,0.0055139800533652306,0.0012976046418771148,10.0,1.0,10.0
1249.0,0.0292462520301342,0.0292462520301342,0.0010654988000169396,0.005607754923403263,0.0012983508640900254,10.0,1.0,10.0
1250.0,0.02922748774290085,0.02922748774290085,0.001076103886589408,0.0054707275703549385,0.0012995719444006681,10.0,1.0,10.0
1251.0,0.0291608814150095,0.0291608814150095,0.0010724911699071527,0.0055816518142819405,0.0012854316737502813,10.0,1.0,10.0
1252.0,0.029073743149638176,0.029073743149638176,0.0010660381522029638,0.005498172715306282,0.001291518798097968,10.0,1.0,10.0
1253.0,0.029017306864261627,0.029017306864261627,0.0010745327454060316,0.005461141467094421,0.001281083794310689,10.0,1.0,10.0
1254.0,0.028992481529712677,0.028992481529712677,0.0010671265190467238,0.005547389853745699,0.001277382718399167,10.0,1.0,10.0
1255.0,0.028957124799489975,0.028957124799489975,0.0010705658933147788,0.00544342678040266,0.0012808040482923388,10.0,1.0,10.0
1256.0,0.028890997171401978,0.028890997171401978,0.001071725506335497,0.0055070375092327595,0.0012666704133152962,10.0,1.0,10.0
1257.0,0.028819948434829712,0.028819948434829712,0.0010649641044437885,0.005462788511067629,0.0012707519344985485,10.0,1.0,10.0
1258.0,0.02877303585410118,0.02877303585410118,0.00107108848169446,0.0054215118288993835,0.0012640641070902348,10.0,1.0,10.0
1259.0,0.028742104768753052,0.028742104768753052,0.0010678765829652548,0.0054886722937226295,0.0012574665015563369,10.0,1.0,10.0
1260.0,0.028698822483420372,0.028698822483420372,0.001067069941200316,0.005412974860519171,0.0012615148443728685,10.0,1.0,10.0
1261.0,0.02863645926117897,0.02863645926117897,0.0010700443526729941,0.005446313880383968,0.0012489702785387635,10.0,1.0,10.0
1262.0,0.028575703501701355,0.028575703501701355,0.0010648168390616775,0.005420416593551636,0.0012507117353379726,10.0,1.0,10.0
1263.0,0.02853223867714405,0.02853223867714405,0.0010678862454369664,0.005386888049542904,0.0012466488406062126,10.0,1.0,10.0
1264.0,0.02849617414176464,0.02849617414176464,0.0010675835656002164,0.005432817153632641,0.001238752156496048,10.0,1.0,10.0
1265.0,0.028449520468711853,0.028449520468711853,0.0010649964679032564,0.005376333370804787,0.0012423222651705146,10.0,1.0,10.0
1266.0,0.028391677886247635,0.028391677886247635,0.001067813136614859,0.005395336076617241,0.0012318211374804378,10.0,1.0,10.0
1267.0,0.028337344527244568,0.028337344527244568,0.001064590527676046,0.005375034175813198,0.001231640693731606,10.0,1.0,10.0
1268.0,0.028294358402490616,0.028294358402490616,0.001065329764969647,0.005351000465452671,0.0012290060985833406,10.0,1.0,10.0
1269.0,0.028254559263586998,0.028254559263586998,0.0010664451401680708,0.00538016390055418,0.0012209942797198892,10.0,1.0,10.0
1270.0,0.028207192197442055,0.028207192197442055,0.0010636545484885573,0.005335971247404814,0.0012234675232321024,10.0,1.0,10.0
1271.0,0.02815353125333786,0.02815353125333786,0.0010656823869794607,0.005349534563720226,0.0012147172819823027,10.0,1.0,10.0
1272.0,0.028102874755859375,0.028102874755859375,0.0010640033287927508,0.005330079700797796,0.0012132762931287289,10.0,1.0,10.0
1273.0,0.028059128671884537,0.028059128671884537,0.0010634652571752667,0.005313177593052387,0.0012111298274248838,10.0,1.0,10.0
1274.0,0.028016962110996246,0.028016962110996246,0.001065018237568438,0.005329772364348173,0.0012037006672471762,10.0,1.0,10.0
1275.0,0.027970265597105026,0.027970265597105026,0.0010625389404594898,0.0052942391484975815,0.001205063657835126,10.0,1.0,10.0
1276.0,0.027919888496398926,0.027919888496398926,0.00106383441016078,0.005304921418428421,0.0011976620880886912,10.0,1.0,10.0
1277.0,0.027871254831552505,0.027871254831552505,0.0010630928445607424,0.005284459795802832,0.0011955866357311606,10.0,1.0,10.0
1278.0,0.027826663106679916,0.027826663106679916,0.0010619346285238862,0.005273701157420874,0.0011933614732697606,10.0,1.0,10.0
1279.0,0.02778324857354164,0.02778324857354164,0.0010635026264935732,0.005280805751681328,0.0011867417488247156,10.0,1.0,10.0
1280.0,0.02773752436041832,0.02773752436041832,0.0010614678030833602,0.0052519855089485645,0.0011870859889313579,10.0,1.0,10.0
1281.0,0.02768952213227749,0.02768952213227749,0.0010621865512803197,0.005261166952550411,0.0011806490365415812,10.0,1.0,10.0
1282.0,0.02764219045639038,0.02764219045639038,0.0010619828244671226,0.005238811951130629,0.0011783549562096596,10.0,1.0,10.0
1283.0,0.027597084641456604,0.027597084641456604,0.0010606202995404601,0.005232765339314938,0.0011758113978430629,10.0,1.0,10.0
1284.0,0.02755306102335453,0.02755306102335453,0.0010619533713907003,0.005232491530478001,0.0011701034381985664,10.0,1.0,10.0
1285.0,0.0275080855935812,0.0275080855935812,0.0010603563860058784,0.005208796821534634,0.0011695725843310356,10.0,1.0,10.0
1286.0,0.027461867779493332,0.027461867779493332,0.0010607225121930242,0.005216275341808796,0.0011638368014246225,10.0,1.0,10.0
1287.0,0.027415500953793526,0.027415500953793526,0.0010607111034914851,0.005193065386265516,0.0011615324765443802,10.0,1.0,10.0
1288.0,0.027370279654860497,0.027370279654860497,0.0010594642953947186,0.0051903873682022095,0.0011585248867049813,10.0,1.0,10.0
1289.0,0.027325930073857307,0.027325930073857307,0.001060478505678475,0.0051843151450157166,0.0011536830570548773,10.0,1.0,10.0
1290.0,0.02728158049285412,0.02728158049285412,0.0010592075996100903,0.005165467970073223,0.0011524036526679993,10.0,1.0,10.0
1291.0,0.027236538007855415,0.027236538007855415,0.0010594185441732407,0.005170028191059828,0.001147232367657125,10.0,1.0,10.0
1292.0,0.02719113975763321,0.02719113975763321,0.0010593889746814966,0.005147255957126617,0.0011449995217844844,10.0,1.0,10.0
1293.0,0.02714613452553749,0.02714613452553749,0.00105834670830518,0.0051468126475811005,0.0011415854096412659,10.0,1.0,10.0
1294.0,0.027101710438728333,0.027101710438728333,0.0010590917663648725,0.005135746207088232,0.0011375047033652663,10.0,1.0,10.0
1295.0,0.02705766260623932,0.02705766260623932,0.0010580297093838453,0.00512180058285594,0.0011355563765391707,10.0,1.0,10.0
1296.0,0.027013469487428665,0.027013469487428665,0.0010581810493022203,0.0051226308569312096,0.0011309027904644608,10.0,1.0,10.0
1297.0,0.026968959718942642,0.026968959718942642,0.001058073714375496,0.005101487506181002,0.0011286736698821187,10.0,1.0,10.0
1298.0,0.026924394071102142,0.026924394071102142,0.0010572460014373064,0.005102098453789949,0.0011249836534261703,10.0,1.0,10.0
1299.0,0.02688015252351761,0.02688015252351761,0.0010577435605227947,0.005087261088192463,0.0011215456761419773,10.0,1.0,10.0
1300.0,0.026836298406124115,0.026836298406124115,0.0010568699799478054,0.005077566020190716,0.001119003165513277,10.0,1.0,10.0
1301.0,0.0267926137894392,0.0267926137894392,0.0010569676524028182,0.0050740791484713554,0.0011148856719955802,10.0,1.0,10.0
1302.0,0.02674887329339981,0.02674887329339981,0.0010567846475169063,0.005055728368461132,0.0011125297751277685,10.0,1.0,10.0
1303.0,0.026704935356974602,0.026704935356974602,0.001056178705766797,0.005055743269622326,0.0011087405728176236,10.0,1.0,10.0
1304.0,0.02666110172867775,0.02666110172867775,0.0010564476251602173,0.005038977600634098,0.0011057646479457617,10.0,1.0,10.0
1305.0,0.02661747671663761,0.02661747671663761,0.0010557466885074973,0.005032580345869064,0.0011027429718524218,10.0,1.0,10.0
1306.0,0.026574108749628067,0.026574108749628067,0.0010557917412370443,0.005024608690291643,0.0010991583112627268,10.0,1.0,10.0
1307.0,0.026530826464295387,0.026530826464295387,0.0010555344633758068,0.005009856075048447,0.0010965625988319516,10.0,1.0,10.0
1308.0,0.02648758701980114,0.02648758701980114,0.0010551097802817822,0.005007666070014238,0.001092882244847715,10.0,1.0,10.0
1309.0,0.026444261893630028,0.026444261893630028,0.0010551989544183016,0.004990771412849426,0.0010901500936597586,10.0,1.0,10.0
1310.0,0.026401033625006676,0.026401033625006676,0.0010546400444582105,0.004986399319022894,0.001086823409423232,10.0,1.0,10.0
1311.0,0.026357918977737427,0.026357918977737427,0.0010546263074502349,0.0049746232107281685,0.0010837031295523047,10.0,1.0,10.0
1312.0,0.026315007358789444,0.026315007358789444,0.0010543469106778502,0.004963625688105822,0.0010807912331074476,10.0,1.0,10.0
1313.0,0.026272211223840714,0.026272211223840714,0.0010540150105953217,0.004958094097673893,0.0010773967951536179,10.0,1.0,10.0
1314.0,0.02622947096824646,0.02622947096824646,0.0010540009243413806,0.00494277011603117,0.0010746691841632128,10.0,1.0,10.0
1315.0,0.026186734437942505,0.026186734437942505,0.0010535495821386576,0.004938542377203703,0.0010712695075199008,10.0,1.0,10.0
1316.0,0.02614404633641243,0.02614404633641243,0.0010534855537116528,0.004924644250422716,0.0010684547014534473,10.0,1.0,10.0
1317.0,0.02610146254301071,0.02610146254301071,0.0010532137239351869,0.0049166069366037846,0.0010652717901393771,10.0,1.0,10.0
1318.0,0.02605905383825302,0.02605905383825302,0.0010529211722314358,0.0049075293354690075,0.0010622312547639012,10.0,1.0,10.0
1319.0,0.02601672150194645,0.02601672150194645,0.001052857143804431,0.004894949961453676,0.001059320056810975,10.0,1.0,10.0
1320.0,0.025974461808800697,0.025974461808800697,0.001052467036060989,0.00488900626078248,0.001056078472174704,10.0,1.0,10.0
1321.0,0.025932276621460915,0.025932276621460915,0.0010523783275857568,0.0048750657588243484,0.001053342828527093,10.0,1.0,10.0
1322.0,0.02589014545083046,0.02589014545083046,0.0010521208168938756,0.004868337884545326,0.0010500599164515734,10.0,1.0,10.0
1323.0,0.02584807015955448,0.02584807015955448,0.0010518443305045366,0.004856616258621216,0.0010473011061549187,10.0,1.0,10.0
1324.0,0.02580607496201992,0.02580607496201992,0.0010517594637349248,0.004846765194088221,0.0010441715130582452,10.0,1.0,10.0
1325.0,0.025764241814613342,0.025764241814613342,0.001051385304890573,0.004838123917579651,0.0010412264382466674,10.0,1.0,10.0
1326.0,0.025722462683916092,0.025722462683916092,0.0010513192974030972,0.004825768992304802,0.0010383500484749675,10.0,1.0,10.0
1327.0,0.025680765509605408,0.025680765509605408,0.0010510225547477603,0.004818479996174574,0.0010352060198783875,10.0,1.0,10.0
1328.0,0.025639181956648827,0.025639181956648827,0.0010508125415071845,0.004805918782949448,0.0010325137991458178,10.0,1.0,10.0
1329.0,0.025597602128982544,0.025597602128982544,0.001050689141266048,0.004797609522938728,0.0010293100494891405,10.0,1.0,10.0
1330.0,0.025556117296218872,0.025556117296218872,0.00105032860301435,0.004786677658557892,0.0010266153840348125,10.0,1.0,10.0
1331.0,0.025514747947454453,0.025514747947454453,0.0010502991499379277,0.0047763348557055,0.0010235420195385814,10.0,1.0,10.0
1332.0,0.025473440065979958,0.025473440065979958,0.001049937098287046,0.004767194390296936,0.001020687399432063,10.0,1.0,10.0
1333.0,0.02543221041560173,0.02543221041560173,0.0010498223127797246,0.004755506757646799,0.001017848146148026,10.0,1.0,10.0
1334.0,0.025391094386577606,0.025391094386577606,0.0010496111353859305,0.004746933002024889,0.001014804933220148,10.0,1.0,10.0
1335.0,0.025350026786327362,0.025350026786327362,0.001049330923706293,0.004735269118100405,0.0010121447267010808,10.0,1.0,10.0
1336.0,0.025309035554528236,0.025309035554528236,0.001049268408678472,0.004726039245724678,0.0010090311989188194,10.0,1.0,10.0
1337.0,0.02526816725730896,0.02526816725730896,0.001048901816830039,0.004715236369520426,0.00100639124866575,10.0,1.0,10.0
1338.0,0.025227300822734833,0.025227300822734833,0.001048857462592423,0.004704955033957958,0.001003377023153007,10.0,1.0,10.0
1339.0,0.025186577811837196,0.025186577811837196,0.0010485415114089847,0.004695028066635132,0.0010006134398281574,10.0,1.0,10.0
1340.0,0.02514590136706829,0.02514590136706829,0.0010483941296115518,0.004684023559093475,0.0009977936279028654,10.0,1.0,10.0
1341.0,0.025105303153395653,0.025105303153395653,0.0010482188081368804,0.004674430005252361,0.00099486846011132,10.0,1.0,10.0
1342.0,0.02506481483578682,0.02506481483578682,0.0010479360353201628,0.004663295578211546,0.0009922158205881715,10.0,1.0,10.0
1343.0,0.025024358183145523,0.025024358183145523,0.0010478754993528128,0.004653495736420155,0.0009892107918858528,10.0,1.0,10.0
1344.0,0.024984020739793777,0.024984020739793777,0.0010475229937583208,0.004642661195248365,0.000986612867563963,10.0,1.0,10.0
1345.0,0.024943774566054344,0.024943774566054344,0.0010474821319803596,0.004632425960153341,0.0009836526587605476,10.0,1.0,10.0
1346.0,0.02490355633199215,0.02490355633199215,0.001047175144776702,0.004621895030140877,0.0009809909388422966,10.0,1.0,10.0
1347.0,0.02486339583992958,0.02486339583992958,0.0010470388224348426,0.004611331503838301,0.0009781676344573498,10.0,1.0,10.0
1348.0,0.024823425337672234,0.024823425337672234,0.0010468559339642525,0.004600993823260069,0.0009753871709108353,10.0,1.0,10.0
1349.0,0.02478344365954399,0.02478344365954399,0.0010466065723448992,0.004590257070958614,0.0009727120632305741,10.0,1.0,10.0
1350.0,0.024743547663092613,0.024743547663092613,0.0010465186787769198,0.004579935222864151,0.000969842541962862,10.0,1.0,10.0
1351.0,0.02470373548567295,0.02470373548567295,0.0010462088976055384,0.004569121636450291,0.0009672525338828564,10.0,1.0,10.0
1352.0,0.02466399222612381,0.02466399222612381,0.0010461435886099935,0.004558791872113943,0.0009643764933571219,10.0,1.0,10.0
1353.0,0.024624349549412727,0.024624349549412727,0.0010458582546561956,0.004547913558781147,0.0009617852629162371,10.0,1.0,10.0
1354.0,0.024584755301475525,0.024584755301475525,0.001045743003487587,0.004537538159638643,0.0009589788387529552,10.0,1.0,10.0
1355.0,0.024545252323150635,0.024545252323150635,0.001045526354573667,0.004526671953499317,0.0009563316125422716,10.0,1.0,10.0
1356.0,0.024505846202373505,0.024505846202373505,0.0010453402064740658,0.004516186658293009,0.0009536258294247091,10.0,1.0,10.0
1357.0,0.02446645498275757,0.02446645498275757,0.0010451956186443567,0.0045053791254758835,0.0009509120718576014,10.0,1.0,10.0
1358.0,0.024427218362689018,0.024427218362689018,0.0010449530091136694,0.004494737833738327,0.000948294997215271,10.0,1.0,10.0
1359.0,0.02438800036907196,0.02438800036907196,0.001044850330799818,0.004484045319259167,0.000945545150898397,10.0,1.0,10.0
1360.0,0.0243489071726799,0.0243489071726799,0.0010445942170917988,0.004473189823329449,0.0009429774363525212,10.0,1.0,10.0
1361.0,0.024309830740094185,0.024309830740094185,0.0010444849031046033,0.004462645389139652,0.0009402337018400431,10.0,1.0,10.0
1362.0,0.024270866066217422,0.024270866066217422,0.001044253003783524,0.004451601300388575,0.0009376733214594424,10.0,1.0,10.0
1363.0,0.024231981486082077,0.024231981486082077,0.0010441150516271591,0.004441147204488516,0.0009349683532491326,10.0,1.0,10.0
1364.0,0.024193141609430313,0.024193141609430313,0.0010439202887937427,0.004430004395544529,0.0009323934791609645,10.0,1.0,10.0
1365.0,0.024154407903552055,0.024154407903552055,0.0010437490418553352,0.004419511649757624,0.0009297406068071723,10.0,1.0,10.0
1366.0,0.02411571890115738,0.02411571890115738,0.001043585012666881,0.004408407956361771,0.0009271459421142936,10.0,1.0,10.0
1367.0,0.02407713606953621,0.02407713606953621,0.0010433929273858666,0.004397771321237087,0.0009245435358025134,10.0,1.0,10.0
1368.0,0.024038594216108322,0.024038594216108322,0.0010432483395561576,0.004386770073324442,0.0009219341445714235,10.0,1.0,10.0
1369.0,0.024000167846679688,0.024000167846679688,0.001043050899170339,0.004375925753265619,0.0009193732985295355,10.0,1.0,10.0
1370.0,0.023961763828992844,0.023961763828992844,0.0010429021203890443,0.004365113098174334,0.0009167630923911929,10.0,1.0,10.0
1371.0,0.02392348274588585,0.02392348274588585,0.0010427165543660522,0.0043540350161492825,0.0009142280323430896,10.0,1.0,10.0
1372.0,0.02388523705303669,0.02388523705303669,0.0010425610234960914,0.00434336019679904,0.0009116266155615449,10.0,1.0,10.0
1373.0,0.023847080767154694,0.023847080767154694,0.00104238698258996,0.004332111217081547,0.0009091099491342902,10.0,1.0,10.0
1374.0,0.023809023201465607,0.023809023201465607,0.0010422252817079425,0.004321523010730743,0.0009065248304978013,10.0,1.0,10.0
1375.0,0.023771004751324654,0.023771004751324654,0.001042054151184857,0.004310215823352337,0.000904024753253907,10.0,1.0,10.0
1376.0,0.02373310551047325,0.02373310551047325,0.0010419011814519763,0.004299563355743885,0.00090145313879475,10.0,1.0,10.0
1377.0,0.02369524911046028,0.02369524911046028,0.0010417246958240867,0.0042882924899458885,0.0008989708148874342,10.0,1.0,10.0
1378.0,0.02365746721625328,0.02365746721625328,0.0010415794095024467,0.004277541767805815,0.0008964130538515747,10.0,1.0,10.0
1379.0,0.023619771003723145,0.023619771003723145,0.0010413947748020291,0.004266342613846064,0.0008939479594118893,10.0,1.0,10.0
1380.0,0.023582100868225098,0.023582100868225098,0.0010412597330287099,0.004255456384271383,0.000891404808498919,10.0,1.0,10.0
1381.0,0.023544562980532646,0.023544562980532646,0.001041069277562201,0.0042443303391337395,0.0008889540331438184,10.0,1.0,10.0
1382.0,0.023507077246904373,0.023507077246904373,0.0010409449459984899,0.004233348183333874,0.0008864279952831566,10.0,1.0,10.0
1383.0,0.02346968650817871,0.02346968650817871,0.0010407490190118551,0.004222286399453878,0.0008839908405207098,10.0,1.0,10.0
1384.0,0.02343231625854969,0.02343231625854969,0.0010406271321699023,0.0042112176306545734,0.0008814826142042875,10.0,1.0,10.0
1385.0,0.023395072668790817,0.023395072668790817,0.0010404379572719336,0.004200145602226257,0.0008790547726675868,10.0,1.0,10.0
1386.0,0.02335788682103157,0.02335788682103157,0.0010403126943856478,0.0041890824213624,0.0008765677339397371,10.0,1.0,10.0
1387.0,0.023320786654949188,0.023320786654949188,0.0010401296894997358,0.0041779931634664536,0.0008741497294977307,10.0,1.0,10.0
1388.0,0.023283718153834343,0.023283718153834343,0.0010400015162304044,0.004166895058006048,0.0008716809097677469,10.0,1.0,10.0
1389.0,0.023246746510267258,0.023246746510267258,0.0010398223530501127,0.004155772738158703,0.0008692748961038888,10.0,1.0,10.0
1390.0,0.02320987358689308,0.02320987358689308,0.0010396946454420686,0.00414469838142395,0.000866822840180248,10.0,1.0,10.0
1391.0,0.023173054680228233,0.023173054680228233,0.0010395222343504429,0.004133528098464012,0.0008644304471090436,10.0,1.0,10.0
1392.0,0.023136310279369354,0.023136310279369354,0.001039391034282744,0.00412245886400342,0.0008619941072538495,10.0,1.0,10.0
1393.0,0.0230996273458004,0.0230996273458004,0.0010392206022515893,0.004111250396817923,0.0008596170227974653,10.0,1.0,10.0
1394.0,0.02306302636861801,0.02306302636861801,0.001039091614075005,0.004100190941244364,0.0008571918006055057,10.0,1.0,10.0
1395.0,0.02302650548517704,0.02302650548517704,0.0010389203671365976,0.004088963847607374,0.0008548337500542402,10.0,1.0,10.0
1396.0,0.022990066558122635,0.022990066558122635,0.0010388012742623687,0.004077892750501633,0.0008524161530658603,10.0,1.0,10.0
1397.0,0.022953663021326065,0.022953663021326065,0.0010386193171143532,0.004066644236445427,0.0008500826661475003,10.0,1.0,10.0
1398.0,0.022917352616786957,0.022917352616786957,0.0010385109344497323,0.004055575933307409,0.0008476667571812868,10.0,1.0,10.0
1399.0,0.02288113534450531,0.02288113534450531,0.001038320711813867,0.0040443106554448605,0.0008453615591861308,10.0,1.0,10.0
1400.0,0.022844981402158737,0.022844981402158737,0.0010382309556007385,0.004033251199871302,0.0008429421577602625,10.0,1.0,10.0
1401.0,0.022808898240327835,0.022808898240327835,0.001038023387081921,0.004021945409476757,0.0008406719425693154,10.0,1.0,10.0
1402.0,0.022772887721657753,0.022772887721657753,0.001037955516949296,0.00401093065738678,0.0008382402593269944,10.0,1.0,10.0
1403.0,0.022736957296729088,0.022736957296729088,0.0010377203579992056,0.003999557811766863,0.0008360195788554847,10.0,1.0,10.0
1404.0,0.022701077163219452,0.022701077163219452,0.00103769323322922,0.003988608252257109,0.0008335537277162075,10.0,1.0,10.0
1405.0,0.022665295749902725,0.022665295749902725,0.0010374095290899277,0.003977127373218536,0.0008314073784276843,10.0,1.0,10.0
1406.0,0.022629588842391968,0.022629588842391968,0.0010374480625614524,0.003966321237385273,0.0008288787212222815,10.0,1.0,10.0
1407.0,0.02259395457804203,0.02259395457804203,0.0010370876407250762,0.0039546494372189045,0.000826842850074172,10.0,1.0,10.0
1408.0,0.022558368742465973,0.022558368742465973,0.00103722233325243,0.003944083582609892,0.000824206043034792,10.0,1.0,10.0
1409.0,0.022522902116179466,0.022522902116179466,0.001036740024574101,0.003932121675461531,0.0008223381009884179,10.0,1.0,10.0
1410.0,0.022487498819828033,0.022487498819828033,0.001037037931382656,0.003921937197446823,0.000819518172647804,10.0,1.0,10.0
1411.0,0.022452224045991898,0.022452224045991898,0.0010363507317379117,0.003909507766366005,0.0008179208962246776,10.0,1.0,10.0
1412.0,0.022417008876800537,0.022417008876800537,0.0010369261726737022,0.003899972653016448,0.0008147774497047067,10.0,1.0,10.0
1413.0,0.022381924092769623,0.022381924092769623,0.0010358754079788923,0.0038867981638759375,0.0008136369870044291,10.0,1.0,10.0
1414.0,0.022346973419189453,0.022346973419189453,0.0010369368828833103,0.0038783643394708633,0.0008099240949377418,10.0,1.0,10.0
1415.0,0.022312255576252937,0.022312255576252937,0.0010352525860071182,0.0038639851845800877,0.0008095744997262955,10.0,1.0,10.0
1416.0,0.022277861833572388,0.022277861833572388,0.0010371768148615956,0.0038575760554522276,0.0008048518211580813,10.0,1.0,10.0
1417.0,0.022244032472372055,0.022244032472372055,0.0010343670146539807,0.0038413021247833967,0.0008059059036895633,10.0,1.0,10.0
1418.0,0.022211041301488876,0.022211041301488876,0.0010378705337643623,0.003838746342808008,0.000799358997028321,10.0,1.0,10.0
1419.0,0.02217969298362732,0.02217969298362732,0.0010330090299248695,0.003819812787696719,0.0008029789896681905,10.0,1.0,10.0
1420.0,0.022151093930006027,0.022151093930006027,0.001039475784637034,0.0038253527600318193,0.0007930983556434512,10.0,1.0,10.0
1421.0,0.02212774008512497,0.02212774008512497,0.0010308562777936459,0.0038039626087993383,0.0008015214698389173,10.0,1.0,10.0
1422.0,0.02211408130824566,0.02211408130824566,0.0010430671973153949,0.003828451968729496,0.0007854957366362214,10.0,1.0,10.0
1423.0,0.02211875282227993,0.02211875282227993,0.0010275912936776876,0.0038109496235847473,0.0008031890029087663,10.0,1.0,10.0
1424.0,0.022158201783895493,0.022158201783895493,0.0010513309389352798,0.0038863185327500105,0.000775857362896204,10.0,1.0,10.0
1425.0,0.022264519706368446,0.022264519706368446,0.0010236699599772692,0.003906907979398966,0.000812091282568872,10.0,1.0,10.0
1426.0,0.022498976439237595,0.022498976439237595,0.0010718079283833504,0.004136752802878618,0.0007644144352525473,10.0,1.0,10.0
1427.0,0.022981569170951843,0.022981569170951843,0.001024378347210586,0.004343369975686073,0.0008394416654482484,10.0,1.0,10.0
1428.0,0.023930827155709267,0.023930827155709267,0.0011273121926933527,0.00507858581840992,0.000757911941036582,10.0,1.0,10.0
1429.0,0.02575649507343769,0.02575649507343769,0.0010562591487541795,0.006019313354045153,0.0009174591396003962,10.0,1.0,10.0
1430.0,0.029064014554023743,0.029064014554023743,0.001285281265154481,0.008304165676236153,0.0007907036924734712,10.0,1.0,10.0
1431.0,0.03468131273984909,0.03468131273984909,0.0012136221630498767,0.011291975155472755,0.0011253115953877568,10.0,1.0,10.0
1432.0,0.04262920469045639,0.04262920469045639,0.0016745035536587238,0.016315173357725143,0.0009568996028974652,10.0,1.0,10.0
1433.0,0.05130681023001671,0.05130681023001671,0.0016291486099362373,0.020016619935631752,0.0014998703263700008,10.0,1.0,10.0
1434.0,0.05586497485637665,0.05586497485637665,0.0021248837001621723,0.022326093167066574,0.0012290043523535132,10.0,1.0,10.0
1435.0,0.05382799729704857,0.05382799729704857,0.001931790029630065,0.018920456990599632,0.0015589639078825712,10.0,1.0,10.0
1436.0,0.048964451998472214,0.048964451998472214,0.001787669607438147,0.01916915364563465,0.0011918600648641586,10.0,1.0,10.0
1437.0,0.04602797329425812,0.04602797329425812,0.0016227439045906067,0.019542314112186432,0.00102582189720124,10.0,1.0,10.0
1438.0,0.04247250407934189,0.04247250407934189,0.0010333769023418427,0.022328093647956848,0.0009810641640797257,10.0,1.0,10.0
1439.0,0.03314753621816635,0.03314753621816635,0.0012359789106994867,0.013841201551258564,0.0006946546491235495,10.0,1.0,10.0
1440.0,0.024756770581007004,0.024756770581007004,0.0009950989624485373,0.006040096748620272,0.0008765683160163462,10.0,1.0,10.0
1441.0,0.027011416852474213,0.027011416852474213,0.0011378020280972123,0.007289658300578594,0.0008343738154508173,10.0,1.0,10.0
1442.0,0.03609932214021683,0.03609932214021683,0.0013692827196791768,0.013939850963652134,0.0008466643048450351,10.0,1.0,10.0
1443.0,0.03782738745212555,0.03782738745212555,0.001079146284610033,0.01761959120631218,0.0009416333632543683,10.0,1.0,10.0
1444.0,0.028468657284975052,0.028468657284975052,0.0012186935637146235,0.008550637401640415,0.0007731083314865828,10.0,1.0,10.0
1445.0,0.021633930504322052,0.021633930504322052,0.0010422776686027646,0.003739747917279601,0.000747140496969223,10.0,1.0,10.0
1446.0,0.02518588677048683,0.02518588677048683,0.0009628581465221941,0.007350302767008543,0.0008207001956179738,10.0,1.0,10.0
1447.0,0.03022313117980957,0.03022313117980957,0.0012343274429440498,0.010433304123580456,0.0007446554373018444,10.0,1.0,10.0
1448.0,0.02838841639459133,0.02838841639459133,0.0010662501445040107,0.00931839644908905,0.0008407518034800887,10.0,1.0,10.0
1449.0,0.02408919855952263,0.02408919855952263,0.0011189791839569807,0.004631264600902796,0.0008268143283203244,10.0,1.0,10.0
1450.0,0.023926477879285812,0.023926477879285812,0.0011430119629949331,0.005486657377332449,0.000700969947502017,10.0,1.0,10.0
1451.0,0.025322509929537773,0.025322509929537773,0.0009394204244017601,0.007625345140695572,0.0008302960777655244,10.0,1.0,10.0
1452.0,0.024216363206505775,0.024216363206505775,0.0011317541357129812,0.005657991394400597,0.0007240830454975367,10.0,1.0,10.0
1453.0,0.02316562458872795,0.02316562458872795,0.0010927441762760282,0.004745053593069315,0.0007493128068745136,10.0,1.0,10.0
1454.0,0.024340752512216568,0.024340752512216568,0.0010335792321711779,0.005408755503594875,0.0008596204570494592,10.0,1.0,10.0
1455.0,0.02460014820098877,0.02460014820098877,0.0011630697408691049,0.006108722649514675,0.0006860729772597551,10.0,1.0,10.0
1456.0,0.022401567548513412,0.022401567548513412,0.000975340255536139,0.00477136904373765,0.0007876796880736947,10.0,1.0,10.0
1457.0,0.021274354308843613,0.021274354308843613,0.0010378086008131504,0.003439173335209489,0.0007457094616256654,10.0,1.0,10.0
1458.0,0.022934826090931892,0.022934826090931892,0.001125637791119516,0.004699236713349819,0.0006979209720157087,10.0,1.0,10.0
1459.0,0.02395874261856079,0.02395874261856079,0.0010027611861005425,0.005535527132451534,0.0008395604672841728,10.0,1.0,10.0
1460.0,0.02237764745950699,0.02237764745950699,0.0011099319672212005,0.004350386559963226,0.0006927942158654332,10.0,1.0,10.0
1461.0,0.020994387567043304,0.020994387567043304,0.0010350440861657262,0.0033489111810922623,0.0007295035757124424,10.0,1.0,10.0
1462.0,0.02166382595896721,0.02166382595896721,0.0009878705022856593,0.004142037592828274,0.0007643082644790411,10.0,1.0,10.0
1463.0,0.022445572540163994,0.022445572540163994,0.0011117239482700825,0.004526922944933176,0.0006801409763284028,10.0,1.0,10.0
1464.0,0.021906444802880287,0.021906444802880287,0.0010150652378797531,0.0039726486429572105,0.0007783144246786833,10.0,1.0,10.0
1465.0,0.02129391022026539,0.02129391022026539,0.001043881755322218,0.003720210399478674,0.0007134882616810501,10.0,1.0,10.0
1466.0,0.02147592231631279,0.02147592231631279,0.0010728663764894009,0.003782350104302168,0.0006964908097870648,10.0,1.0,10.0
1467.0,0.02152080461382866,0.02152080461382866,0.0009850587230175734,0.004179967101663351,0.0007490249117836356,10.0,1.0,10.0
1468.0,0.021065562963485718,0.021065562963485718,0.0010643131099641323,0.0035581463016569614,0.0006864286260679364,10.0,1.0,10.0
1469.0,0.020994819700717926,0.020994819700717926,0.0010437647579237819,0.0033575010020285845,0.0007199671817943454,10.0,1.0,10.0
1470.0,0.021384183317422867,0.021384183317422867,0.0010098312050104141,0.004063157364726067,0.0007222713902592659,10.0,1.0,10.0
1471.0,0.02131720259785652,0.02131720259785652,0.0010715459939092398,0.003722952911630273,0.0006878789863549173,10.0,1.0,10.0
1472.0,0.02075098641216755,0.02075098641216755,0.001011330052278936,0.0035090497694909573,0.0007128635188564658,10.0,1.0,10.0
1473.0,0.02057061716914177,0.02057061716914177,0.0010239181574434042,0.0033154133707284927,0.0007016020826995373,10.0,1.0,10.0
1474.0,0.02091316133737564,0.02091316133737564,0.001058834372088313,0.003452796721830964,0.0006872020894661546,10.0,1.0,10.0
1475.0,0.021037552505731583,0.021037552505731583,0.001007195794954896,0.003847068175673485,0.0007118527428247035,10.0,1.0,10.0
1476.0,0.020723678171634674,0.020723678171634674,0.0010475149611011147,0.003315161680802703,0.0006933365948498249,10.0,1.0,10.0
1477.0,0.02050209976732731,0.02050209976732731,0.0010391991818323731,0.0032786205410957336,0.0006831487407907844,10.0,1.0,10.0
1478.0,0.020582925528287888,0.020582925528287888,0.0010067635448649526,0.003431158373132348,0.0007084131939336658,10.0,1.0,10.0
1479.0,0.0206263717263937,0.0206263717263937,0.0010538040660321712,0.003344257827848196,0.0006744074053131044,10.0,1.0,10.0
1480.0,0.020499352365732193,0.020499352365732193,0.0010199742391705513,0.0033891736529767513,0.0006910435622557998,10.0,1.0,10.0
1481.0,0.020434392616152763,0.020434392616152763,0.0010257370304316282,0.003204106353223324,0.0006972915143705904,10.0,1.0,10.0
1482.0,0.020482748746871948,0.020482748746871948,0.0010524780955165625,0.003303448436781764,0.000665451807435602,10.0,1.0,10.0
1483.0,0.020437095314264297,0.020437095314264297,0.0010083441156893969,0.003347099991515279,0.0007006555097177625,10.0,1.0,10.0
1484.0,0.02028004080057144,0.02028004080057144,0.001040009199641645,0.0031729775946587324,0.0006706971907988191,10.0,1.0,10.0
1485.0,0.020222585648298264,0.020222585648298264,0.0010323862079530954,0.00317212101072073,0.0006726603023707867,10.0,1.0,10.0
1486.0,0.020298682153224945,0.020298682153224945,0.0010143726831302047,0.003228601533919573,0.0006926353671588004,10.0,1.0,10.0
1487.0,0.02031448483467102,0.02031448483467102,0.0010494699236005545,0.0032436198089271784,0.000657616532407701,10.0,1.0,10.0
1488.0,0.020200513303279877,0.020200513303279877,0.0010172142647206783,0.0031752942595630884,0.0006853077793493867,10.0,1.0,10.0
1489.0,0.02010110579431057,0.02010110579431057,0.0010281462455168366,0.0031374094542115927,0.0006682234234176576,10.0,1.0,10.0
1490.0,0.02010263502597809,0.02010263502597809,0.00103823805693537,0.0031156649347394705,0.0006604588706977665,10.0,1.0,10.0
1491.0,0.020116977393627167,0.020116977393627167,0.0010135909542441368,0.003188144648447633,0.0006792924250476062,10.0,1.0,10.0
1492.0,0.020071133971214294,0.020071133971214294,0.0010398756712675095,0.003131722565740347,0.0006540653412230313,10.0,1.0,10.0
1493.0,0.020015470683574677,0.020015470683574677,0.0010261816205456853,0.00307457079179585,0.0006679084035567939,10.0,1.0,10.0
1494.0,0.019997894763946533,0.019997894763946533,0.0010221125558018684,0.0031494214199483395,0.000662734848447144,10.0,1.0,10.0
1495.0,0.019979476928710938,0.019979476928710938,0.0010377764701843262,0.0030715910252183676,0.0006530120735988021,10.0,1.0,10.0
1496.0,0.01992669701576233,0.01992669701576233,0.001018426613882184,0.0031088413670659065,0.0006633589509874582,10.0,1.0,10.0
1497.0,0.01987765170633793,0.01987765170633793,0.0010300129652023315,0.0030555904377251863,0.0006521932082250714,10.0,1.0,10.0
1498.0,0.019867748022079468,0.019867748022079468,0.001031079445965588,0.003026566468179226,0.0006530388491228223,10.0,1.0,10.0
1499.0,0.01986536756157875,0.01986536756157875,0.0010199700482189655,0.0031132108997553587,0.0006552456179633737,10.0,1.0,10.0
1500.0,0.01982905901968479,0.01982905901968479,0.00103380240034312,0.0030152760446071625,0.0006475758855231106,10.0,1.0,10.0
