epoch,loss_total,objective_total,loss_data,loss_physics,loss_boundary,weight_data,weight_physics,weight_boundary
1.0,12.7962064743042,12.7962064743042,0.5260277986526489,0.0013735215179622173,0.7534555196762085,10.0,1.0,10.0
2.0,11.871803283691406,11.871803283691406,0.48139405250549316,0.006879696622490883,0.7050982713699341,10.0,1.0,10.0
3.0,11.073607444763184,11.073607444763184,0.4445505440235138,0.016470476984977722,0.6611631512641907,10.0,1.0,10.0
4.0,10.339822769165039,10.339822769165039,0.41247880458831787,0.026197711005806923,0.6188837289810181,10.0,1.0,10.0
5.0,9.616317749023438,9.616317749023438,0.3822694420814514,0.03377363830804825,0.5759850144386292,10.0,1.0,10.0
6.0,8.879654884338379,8.879654884338379,0.35222363471984863,0.03923539072275162,0.5318182706832886,10.0,1.0,10.0
7.0,8.131410598754883,8.131410598754883,0.32190895080566406,0.043738752603530884,0.48685818910598755,10.0,1.0,10.0
8.0,7.38527774810791,7.38527774810791,0.2916061580181122,0.048540499061346054,0.4420675039291382,10.0,1.0,10.0
9.0,6.658685684204102,6.658685684204102,0.261884868144989,0.05441058427095413,0.3985426425933838,10.0,1.0,10.0
10.0,5.9671173095703125,5.9671173095703125,0.2333218902349472,0.06130072474479675,0.3572597801685333,10.0,1.0,10.0
11.0,5.319742202758789,5.319742202758789,0.20630724728107452,0.06832646578550339,0.3188343048095703,10.0,1.0,10.0
12.0,4.719411849975586,4.719411849975586,0.18105027079582214,0.07417754828929901,0.2834731340408325,10.0,1.0,10.0
13.0,4.169078826904297,4.169078826904297,0.15787361562252045,0.07776708900928497,0.2512575387954712,10.0,1.0,10.0
14.0,3.6786742210388184,3.6786742210388184,0.13748829066753387,0.07868751138448715,0.22251039743423462,10.0,1.0,10.0
15.0,3.2647151947021484,3.2647151947021484,0.12083929777145386,0.0774386003613472,0.1978883594274521,10.0,1.0,10.0
16.0,2.940739631652832,2.940739631652832,0.10848791897296906,0.07560887187719345,0.17802515625953674,10.0,1.0,10.0
17.0,2.703789234161377,2.703789234161377,0.09993413090705872,0.0755612850189209,0.16288867592811584,10.0,1.0,10.0
18.0,2.5329360961914062,2.5329360961914062,0.09376168251037598,0.07903016358613968,0.15162889659404755,10.0,1.0,10.0
19.0,2.40398907661438,2.40398907661438,0.08872812986373901,0.08602946251630783,0.1430678367614746,10.0,1.0,10.0
20.0,2.3002562522888184,2.3002562522888184,0.08445503562688828,0.09546671062707901,0.13602392375469208,10.0,1.0,10.0
21.0,2.207404613494873,2.207404613494873,0.08102089166641235,0.1057138666510582,0.1291481852531433,10.0,1.0,10.0
22.0,2.1058576107025146,2.1058576107025146,0.07821517437696457,0.11394525319337845,0.1209760531783104,10.0,1.0,10.0
23.0,1.9810768365859985,1.9810768365859985,0.07560236752033234,0.11705730110406876,0.11079958826303482,10.0,1.0,10.0
24.0,1.8395659923553467,1.8395659923553467,0.07316748797893524,0.11450027674436569,0.0993390828371048,10.0,1.0,10.0
25.0,1.7026281356811523,1.7026281356811523,0.07130192965269089,0.10840748250484467,0.08812012523412704,10.0,1.0,10.0
26.0,1.586834192276001,1.586834192276001,0.0702679455280304,0.10103844106197357,0.07831162214279175,10.0,1.0,10.0
27.0,1.4989287853240967,1.4989287853240967,0.0701776072382927,0.09373542666435242,0.07034172862768173,10.0,1.0,10.0
28.0,1.4455811977386475,1.4455811977386475,0.07138753682374954,0.08770350366830826,0.06440023332834244,10.0,1.0,10.0
29.0,1.4331306219100952,1.4331306219100952,0.07424729317426682,0.08375813066959381,0.060689955949783325,10.0,1.0,10.0
30.0,1.4563369750976562,1.4563369750976562,0.07838699221611023,0.08147181570529938,0.05909952521324158,10.0,1.0,10.0
31.0,1.499263882637024,1.499263882637024,0.08281193673610687,0.07980775833129883,0.05913367122411728,10.0,1.0,10.0
32.0,1.54854154586792,1.54854154586792,0.0867752656340599,0.07834214717149734,0.06024467200040817,10.0,1.0,10.0
33.0,1.5957669019699097,1.5957669019699097,0.09002469480037689,0.07719019055366516,0.0618329793214798,10.0,1.0,10.0
34.0,1.6312527656555176,1.6312527656555176,0.09239024668931961,0.0763414055109024,0.06310088187456131,10.0,1.0,10.0
35.0,1.6465072631835938,1.6465072631835938,0.09368091821670532,0.07563351094722748,0.06340645253658295,10.0,1.0,10.0
36.0,1.6406466960906982,1.6406466960906982,0.09386621415615082,0.07503104954957962,0.06269535422325134,10.0,1.0,10.0
37.0,1.6182425022125244,1.6182425022125244,0.09301844239234924,0.07454358041286469,0.06135145202279091,10.0,1.0,10.0
38.0,1.5836374759674072,1.5836374759674072,0.0911799892783165,0.07405786216259003,0.05977797135710716,10.0,1.0,10.0
39.0,1.5407787561416626,1.5407787561416626,0.08848443627357483,0.07346775382757187,0.0582466647028923,10.0,1.0,10.0
40.0,1.495586633682251,1.495586633682251,0.08530277013778687,0.07286591827869415,0.0569692999124527,10.0,1.0,10.0
41.0,1.4544494152069092,1.4544494152069092,0.08210177719593048,0.07247240841388702,0.05609593540430069,10.0,1.0,10.0
42.0,1.4209306240081787,1.4209306240081787,0.07919083535671234,0.0724177360534668,0.05566044896841049,10.0,1.0,10.0
43.0,1.3958652019500732,1.3958652019500732,0.0766788050532341,0.0726831704378128,0.05563940107822418,10.0,1.0,10.0
44.0,1.3796322345733643,1.3796322345733643,0.07460121065378189,0.07320144772529602,0.05604187026619911,10.0,1.0,10.0
45.0,1.3721555471420288,1.3721555471420288,0.07297094166278839,0.0738733783364296,0.05685727670788765,10.0,1.0,10.0
46.0,1.3714144229888916,1.3714144229888916,0.07174301892518997,0.07450003176927567,0.05794842168688774,10.0,1.0,10.0
47.0,1.3741567134857178,1.3741567134857178,0.07084522396326065,0.07485008984804153,0.059085436165332794,10.0,1.0,10.0
48.0,1.378035306930542,1.378035306930542,0.07024481892585754,0.07481712102890015,0.0600769966840744,10.0,1.0,10.0
49.0,1.3818386793136597,1.3818386793136597,0.06992466002702713,0.07442650198936462,0.06081656366586685,10.0,1.0,10.0
50.0,1.3844127655029297,1.3844127655029297,0.06982339918613434,0.07372972369194031,0.0612449124455452,10.0,1.0,10.0
51.0,1.384887456893921,1.384887456893921,0.0698646679520607,0.07278858870267868,0.061345212161540985,10.0,1.0,10.0
52.0,1.383554458618164,1.383554458618164,0.07002191245555878,0.07171474397182465,0.061162061989307404,10.0,1.0,10.0
53.0,1.381395936012268,1.381395936012268,0.07030501961708069,0.0706309825181961,0.060771480202674866,10.0,1.0,10.0
54.0,1.3789870738983154,1.3789870738983154,0.07070284336805344,0.06961158663034439,0.06023469939827919,10.0,1.0,10.0
55.0,1.3764772415161133,1.3764772415161133,0.07117726653814316,0.06869608908891678,0.059600841253995895,10.0,1.0,10.0
56.0,1.3741390705108643,1.3741390705108643,0.07169243693351746,0.06792452931404114,0.058929022401571274,10.0,1.0,10.0
57.0,1.3722271919250488,1.3722271919250488,0.0722164511680603,0.06732776761054993,0.058273497968912125,10.0,1.0,10.0
58.0,1.3705211877822876,1.3705211877822876,0.07270575314760208,0.06690556555986404,0.05765581130981445,10.0,1.0,10.0
59.0,1.3685264587402344,1.3685264587402344,0.07311580330133438,0.0666353702545166,0.057073310017585754,10.0,1.0,10.0
60.0,1.3660035133361816,1.3660035133361816,0.07342247664928436,0.0664927065372467,0.05652860179543495,10.0,1.0,10.0
61.0,1.3629785776138306,1.3629785776138306,0.07361668348312378,0.06645379960536957,0.05603579431772232,10.0,1.0,10.0
62.0,1.3594427108764648,1.3594427108764648,0.07368725538253784,0.06649284064769745,0.05560773238539696,10.0,1.0,10.0
63.0,1.3554131984710693,1.3554131984710693,0.07362712919712067,0.06659508496522903,0.05525468662381172,10.0,1.0,10.0
64.0,1.3511918783187866,1.3511918783187866,0.07345110923051834,0.06677287817001343,0.05499079078435898,10.0,1.0,10.0
65.0,1.3472458124160767,1.3472458124160767,0.0731923058629036,0.06705868989229202,0.05482640862464905,10.0,1.0,10.0
66.0,1.3438787460327148,1.3438787460327148,0.07288386672735214,0.0674792006611824,0.05475609004497528,10.0,1.0,10.0
67.0,1.3412235975265503,1.3412235975265503,0.07255428284406662,0.06803786754608154,0.054764289408922195,10.0,1.0,10.0
68.0,1.3394079208374023,1.3394079208374023,0.07223175466060638,0.06871118396520615,0.054837919771671295,10.0,1.0,10.0
69.0,1.3384590148925781,1.3384590148925781,0.07193835079669952,0.06944522261619568,0.05496303364634514,10.0,1.0,10.0
70.0,1.3381459712982178,1.3381459712982178,0.07168333232402802,0.07016035169363022,0.0551152378320694,10.0,1.0,10.0
71.0,1.3381304740905762,1.3381304740905762,0.07147189974784851,0.07077882438898087,0.05526326596736908,10.0,1.0,10.0
72.0,1.3381679058074951,1.3381679058074951,0.07131403684616089,0.07125207781791687,0.0553775429725647,10.0,1.0,10.0
73.0,1.3380532264709473,1.3380532264709473,0.07121796160936356,0.07155964523553848,0.055431392043828964,10.0,1.0,10.0
74.0,1.337578535079956,1.337578535079956,0.0711832046508789,0.07169497013092041,0.0554051473736763,10.0,1.0,10.0
75.0,1.3366739749908447,1.3366739749908447,0.07120423018932343,0.07166115939617157,0.05529705062508583,10.0,1.0,10.0
76.0,1.3354382514953613,1.3354382514953613,0.0712723359465599,0.07146964967250824,0.055124521255493164,10.0,1.0,10.0
77.0,1.3339895009994507,1.3339895009994507,0.07137247920036316,0.07113854587078094,0.054912615567445755,10.0,1.0,10.0
78.0,1.3324229717254639,1.3324229717254639,0.07148711383342743,0.07070022821426392,0.05468515679240227,10.0,1.0,10.0
79.0,1.330868124961853,1.330868124961853,0.07160375267267227,0.07020678371191025,0.05446238815784454,10.0,1.0,10.0
80.0,1.3294347524642944,1.3294347524642944,0.07171350717544556,0.06971688568592072,0.054258279502391815,10.0,1.0,10.0
81.0,1.3281339406967163,1.3281339406967163,0.07180553674697876,0.06927594542503357,0.054080262780189514,10.0,1.0,10.0
82.0,1.3269333839416504,1.3269333839416504,0.07186765968799591,0.0689079761505127,0.053934890776872635,10.0,1.0,10.0
83.0,1.325814962387085,1.325814962387085,0.07188897579908371,0.06861723214387894,0.05383080244064331,10.0,1.0,10.0
84.0,1.3247448205947876,1.3247448205947876,0.07186067849397659,0.06839454919099808,0.05377435311675072,10.0,1.0,10.0
85.0,1.3236712217330933,1.3236712217330933,0.07177853584289551,0.06822847574949265,0.053765736520290375,10.0,1.0,10.0
86.0,1.3225793838500977,1.3225793838500977,0.0716465637087822,0.06811556220054626,0.053799819201231,10.0,1.0,10.0
87.0,1.321492314338684,1.321492314338684,0.07147540897130966,0.06805997341871262,0.05386782065033913,10.0,1.0,10.0
88.0,1.320425271987915,1.320425271987915,0.0712771862745285,0.06806472688913345,0.053958870470523834,10.0,1.0,10.0
89.0,1.3193886280059814,1.3193886280059814,0.07106335461139679,0.06812457740306854,0.05406305193901062,10.0,1.0,10.0
90.0,1.318406581878662,1.318406581878662,0.07084513455629349,0.06822437793016434,0.05417308583855629,10.0,1.0,10.0
91.0,1.3174887895584106,1.3174887895584106,0.0706326961517334,0.06834171712398529,0.05428200960159302,10.0,1.0,10.0
92.0,1.3166141510009766,1.3166141510009766,0.0704348012804985,0.06845427304506302,0.05438118800520897,10.0,1.0,10.0
93.0,1.3157563209533691,1.3157563209533691,0.07025962322950363,0.06854803115129471,0.05446120724081993,10.0,1.0,10.0
94.0,1.3148950338363647,1.3148950338363647,0.07011410593986511,0.06861913204193115,0.05451348423957825,10.0,1.0,10.0
95.0,1.3140041828155518,1.3140041828155518,0.07000210881233215,0.0686684250831604,0.05453146994113922,10.0,1.0,10.0
96.0,1.313061237335205,1.313061237335205,0.06992430984973907,0.06869547814130783,0.05451227352023125,10.0,1.0,10.0
97.0,1.312066912651062,1.312066912651062,0.0698791891336441,0.0686965137720108,0.054457854479551315,10.0,1.0,10.0
98.0,1.3110339641571045,1.3110339641571045,0.06986302137374878,0.06866645812988281,0.054373737424612045,10.0,1.0,10.0
99.0,1.3099749088287354,1.3099749088287354,0.06987012922763824,0.06860420107841492,0.054266948252916336,10.0,1.0,10.0
100.0,1.308908224105835,1.308908224105835,0.06989414244890213,0.06851714849472046,0.0541449710726738,10.0,1.0,10.0
101.0,1.3078553676605225,1.3078553676605225,0.06992867588996887,0.06842011213302612,0.05401485413312912,10.0,1.0,10.0
102.0,1.306825876235962,1.306825876235962,0.06996698677539825,0.06832893937826157,0.05388270691037178,10.0,1.0,10.0
103.0,1.3058195114135742,1.3058195114135742,0.0700022429227829,0.0682542622089386,0.053754277527332306,10.0,1.0,10.0
104.0,1.3048334121704102,1.3048334121704102,0.07002800703048706,0.06819932162761688,0.053635403513908386,10.0,1.0,10.0
105.0,1.303861379623413,1.303861379623413,0.07003870606422424,0.0681619942188263,0.053531236946582794,10.0,1.0,10.0
106.0,1.3028912544250488,1.3028912544250488,0.07003020495176315,0.06813944876194,0.05344498157501221,10.0,1.0,10.0
107.0,1.301915168762207,1.301915168762207,0.07000084221363068,0.06813205778598785,0.05337746813893318,10.0,1.0,10.0
108.0,1.3009307384490967,1.3009307384490967,0.06995145976543427,0.06814296543598175,0.05332731455564499,10.0,1.0,10.0
109.0,1.2999364137649536,1.2999364137649536,0.06988448649644852,0.06817419081926346,0.05329173803329468,10.0,1.0,10.0
110.0,1.2989323139190674,1.2989323139190674,0.0698031634092331,0.06822297722101212,0.053267765790224075,10.0,1.0,10.0
111.0,1.2979227304458618,1.2979227304458618,0.06971130520105362,0.06828119605779648,0.05325285345315933,10.0,1.0,10.0
112.0,1.2969094514846802,1.2969094514846802,0.06961275637149811,0.06833796203136444,0.053244393318891525,10.0,1.0,10.0
113.0,1.2958922386169434,1.2958922386169434,0.06951166689395905,0.0683840811252594,0.05323914811015129,10.0,1.0,10.0
114.0,1.2948698997497559,1.2948698997497559,0.06941217929124832,0.0684150755405426,0.0532333068549633,10.0,1.0,10.0
115.0,1.2938411235809326,1.2938411235809326,0.06931804865598679,0.06843060255050659,0.05322300270199776,10.0,1.0,10.0
116.0,1.2928030490875244,1.2928030490875244,0.06923195719718933,0.06843137741088867,0.0532052181661129,10.0,1.0,10.0
117.0,1.2917536497116089,1.2917536497116089,0.06915520876646042,0.06841661036014557,0.053178492933511734,10.0,1.0,10.0
118.0,1.2906932830810547,1.2906932830810547,0.06908789277076721,0.06838405877351761,0.05314302444458008,10.0,1.0,10.0
119.0,1.2896225452423096,1.2896225452423096,0.06902909278869629,0.068332239985466,0.05309993028640747,10.0,1.0,10.0
120.0,1.2885427474975586,1.2885427474975586,0.06897731125354767,0.06826315820217133,0.053050652146339417,10.0,1.0,10.0
121.0,1.287456750869751,1.287456750869751,0.0689307451248169,0.06818296015262604,0.052996642887592316,10.0,1.0,10.0
122.0,1.2863657474517822,1.2863657474517822,0.06888727843761444,0.06809966266155243,0.05293932557106018,10.0,1.0,10.0
123.0,1.2852691411972046,1.2852691411972046,0.06884455680847168,0.06801994144916534,0.052880365401506424,10.0,1.0,10.0
124.0,1.2841668128967285,1.2841668128967285,0.06880024075508118,0.06794722378253937,0.05282171815633774,10.0,1.0,10.0
125.0,1.2830570936203003,1.2830570936203003,0.0687522143125534,0.06788215041160583,0.05276527628302574,10.0,1.0,10.0
126.0,1.281937599182129,1.281937599182129,0.06869892030954361,0.06782460957765579,0.05271238088607788,10.0,1.0,10.0
127.0,1.280806541442871,1.280806541442871,0.06863957643508911,0.06777560710906982,0.05266352370381355,10.0,1.0,10.0
128.0,1.2796626091003418,1.2796626091003418,0.06857417523860931,0.06773730367422104,0.052618350833654404,10.0,1.0,10.0
129.0,1.278504490852356,1.278504490852356,0.06850333511829376,0.0677112564444542,0.05257599428296089,10.0,1.0,10.0
130.0,1.2773326635360718,1.2773326635360718,0.06842813640832901,0.06769673526287079,0.05253545567393303,10.0,1.0,10.0
131.0,1.276146650314331,1.276146650314331,0.06834986060857773,0.06769036501646042,0.052495770156383514,10.0,1.0,10.0
132.0,1.274947166442871,1.274947166442871,0.06827002018690109,0.06768742948770523,0.05245595797896385,10.0,1.0,10.0
133.0,1.2737338542938232,1.2737338542938232,0.06819015741348267,0.06768395751714706,0.05241483449935913,10.0,1.0,10.0
134.0,1.2725062370300293,1.2725062370300293,0.06811174005270004,0.06767788529396057,0.05237109959125519,10.0,1.0,10.0
135.0,1.271263837814331,1.271263837814331,0.0680360496044159,0.06766867637634277,0.05232347548007965,10.0,1.0,10.0
136.0,1.2700060606002808,1.2700060606002808,0.06796391308307648,0.06765591353178024,0.05227110534906387,10.0,1.0,10.0
137.0,1.2687318325042725,1.2687318325042725,0.06789568066596985,0.06763830780982971,0.052213672548532486,10.0,1.0,10.0
138.0,1.2674404382705688,1.2674404382705688,0.06783118098974228,0.06761399656534195,0.05215146020054817,10.0,1.0,10.0
139.0,1.2661317586898804,1.2661317586898804,0.06776989996433258,0.06758171319961548,0.05208510532975197,10.0,1.0,10.0
140.0,1.264804720878601,1.264804720878601,0.06771092861890793,0.06754188984632492,0.05201534926891327,10.0,1.0,10.0
141.0,1.263459324836731,1.263459324836731,0.06765327602624893,0.06749671697616577,0.051942985504865646,10.0,1.0,10.0
142.0,1.2620949745178223,1.2620949745178223,0.06759575754404068,0.06744897365570068,0.05186884105205536,10.0,1.0,10.0
143.0,1.2607108354568481,1.2607108354568481,0.06753720343112946,0.06740070879459381,0.051793813705444336,10.0,1.0,10.0
144.0,1.2593060731887817,1.2593060731887817,0.06747645884752274,0.06735268980264664,0.051718875765800476,10.0,1.0,10.0
145.0,1.2578799724578857,1.2578799724578857,0.0674126148223877,0.06730490922927856,0.051644884049892426,10.0,1.0,10.0
146.0,1.256430983543396,1.256430983543396,0.06734500080347061,0.06725745648145676,0.05157235264778137,10.0,1.0,10.0
147.0,1.2549586296081543,1.2549586296081543,0.0672733411192894,0.06721106171607971,0.05150141939520836,10.0,1.0,10.0
148.0,1.2534615993499756,1.2534615993499756,0.06719765067100525,0.06716669350862503,0.051431845873594284,10.0,1.0,10.0
149.0,1.251939296722412,1.251939296722412,0.06711824983358383,0.06712471693754196,0.05136321112513542,10.0,1.0,10.0
150.0,1.2503911256790161,1.2503911256790161,0.06703567504882812,0.067084401845932,0.05129499360918999,10.0,1.0,10.0
151.0,1.248815655708313,1.248815655708313,0.06695053726434708,0.06704404950141907,0.05122663080692291,10.0,1.0,10.0
152.0,1.2472126483917236,1.2472126483917236,0.06686357408761978,0.06700192391872406,0.05115749314427376,10.0,1.0,10.0
153.0,1.2455809116363525,1.2455809116363525,0.06677550822496414,0.06695692241191864,0.05108689144253731,10.0,1.0,10.0
154.0,1.2439196109771729,1.2439196109771729,0.06668700277805328,0.06690875440835953,0.05101408436894417,10.0,1.0,10.0
155.0,1.24222731590271,1.24222731590271,0.0665985494852066,0.06685744971036911,0.0509384423494339,10.0,1.0,10.0
156.0,1.2405033111572266,1.2405033111572266,0.06651046127080917,0.06680288165807724,0.05085958540439606,10.0,1.0,10.0
157.0,1.2387464046478271,1.2387464046478271,0.06642284244298935,0.06674455851316452,0.050777334719896317,10.0,1.0,10.0
158.0,1.236955165863037,1.236955165863037,0.06633556634187698,0.06668204069137573,0.05069175362586975,10.0,1.0,10.0
159.0,1.2351285219192505,1.2351285219192505,0.0662483423948288,0.06661541759967804,0.05060296878218651,10.0,1.0,10.0
160.0,1.2332653999328613,1.2332653999328613,0.06616079062223434,0.0665455088019371,0.0505111962556839,10.0,1.0,10.0
161.0,1.2313640117645264,1.2313640117645264,0.06607241928577423,0.06647350639104843,0.05041663348674774,10.0,1.0,10.0
162.0,1.2294237613677979,1.2294237613677979,0.06598274409770966,0.0664004534482956,0.050319574773311615,10.0,1.0,10.0
163.0,1.2274426221847534,1.2274426221847534,0.06589128822088242,0.06632684171199799,0.05022028461098671,10.0,1.0,10.0
164.0,1.225419282913208,1.225419282913208,0.0657976046204567,0.0662526935338974,0.05011904984712601,10.0,1.0,10.0
165.0,1.223352313041687,1.223352313041687,0.06570138782262802,0.06617790460586548,0.050016049295663834,10.0,1.0,10.0
166.0,1.2212400436401367,1.2212400436401367,0.06560244411230087,0.0661025270819664,0.04991130158305168,10.0,1.0,10.0
167.0,1.2190804481506348,1.2190804481506348,0.06550069153308868,0.06602673977613449,0.0498046875,10.0,1.0,10.0
168.0,1.2168725728988647,1.2168725728988647,0.06539620459079742,0.06595053523778915,0.04969600588083267,10.0,1.0,10.0
169.0,1.2146142721176147,1.2146142721176147,0.06528908759355545,0.06587348133325577,0.04958499222993851,10.0,1.0,10.0
170.0,1.212303876876831,1.212303876876831,0.06517951935529709,0.06579473614692688,0.04947138577699661,10.0,1.0,10.0
171.0,1.20993971824646,1.20993971824646,0.06506769359111786,0.06571334600448608,0.04935493320226669,10.0,1.0,10.0
172.0,1.2075190544128418,1.2075190544128418,0.06495372205972672,0.06562861800193787,0.049235325306653976,10.0,1.0,10.0
173.0,1.2050411701202393,1.2050411701202393,0.06483779847621918,0.06554017215967178,0.04911229386925697,10.0,1.0,10.0
174.0,1.202502727508545,1.202502727508545,0.06471989303827286,0.06544787436723709,0.04898558929562569,10.0,1.0,10.0
175.0,1.1999022960662842,1.1999022960662842,0.06460001319646835,0.06535161286592484,0.04885505884885788,10.0,1.0,10.0
176.0,1.1972376108169556,1.1972376108169556,0.06447801738977432,0.06525114178657532,0.04872063174843788,10.0,1.0,10.0
177.0,1.194506049156189,1.194506049156189,0.06435366719961166,0.06514623016119003,0.04858231171965599,10.0,1.0,10.0
178.0,1.191705346107483,1.191705346107483,0.06422670185565948,0.065036840736866,0.048440150916576385,10.0,1.0,10.0
179.0,1.1888329982757568,1.1888329982757568,0.06409680843353271,0.06492320448160172,0.04829417169094086,10.0,1.0,10.0
180.0,1.1858863830566406,1.1858863830566406,0.06396365165710449,0.06480570137500763,0.04814441129565239,10.0,1.0,10.0
181.0,1.1828628778457642,1.1828628778457642,0.06382694840431213,0.06468465924263,0.04799086973071098,10.0,1.0,10.0
182.0,1.1797596216201782,1.1797596216201782,0.06368640065193176,0.06456020474433899,0.04783353582024574,10.0,1.0,10.0
183.0,1.1765735149383545,1.1765735149383545,0.06354175508022308,0.06443223357200623,0.04767236113548279,10.0,1.0,10.0
184.0,1.1733014583587646,1.1733014583587646,0.06339284777641296,0.0643005445599556,0.047507237643003464,10.0,1.0,10.0
185.0,1.1699405908584595,1.1699405908584595,0.06323956698179245,0.06416495144367218,0.04733799770474434,10.0,1.0,10.0
186.0,1.1664879322052002,1.1664879322052002,0.06308184564113617,0.06402532011270523,0.04716440290212631,10.0,1.0,10.0
187.0,1.1629393100738525,1.1629393100738525,0.06291963160037994,0.06388144940137863,0.046986162662506104,10.0,1.0,10.0
188.0,1.1592919826507568,1.1592919826507568,0.06275291740894318,0.06373300403356552,0.046802978962659836,10.0,1.0,10.0
189.0,1.1555421352386475,1.1555421352386475,0.06258168816566467,0.06357952207326889,0.046614572405815125,10.0,1.0,10.0
190.0,1.151686191558838,1.151686191558838,0.06240591034293175,0.06342051923274994,0.04642065614461899,10.0,1.0,10.0
191.0,1.1477200984954834,1.1477200984954834,0.06222548335790634,0.06325558573007584,0.046220969408750534,10.0,1.0,10.0
192.0,1.1436400413513184,1.1436400413513184,0.0620402991771698,0.06308449059724808,0.046015262603759766,10.0,1.0,10.0
193.0,1.1394422054290771,1.1394422054290771,0.06185019016265869,0.06290704011917114,0.04580332338809967,10.0,1.0,10.0
194.0,1.1351219415664673,1.1351219415664673,0.06165492534637451,0.06272314488887787,0.04558495059609413,10.0,1.0,10.0
195.0,1.1306753158569336,1.1306753158569336,0.061454277485609055,0.06253262609243393,0.04535999521613121,10.0,1.0,10.0
196.0,1.1260977983474731,1.1260977983474731,0.06124791130423546,0.0623352974653244,0.045128338038921356,10.0,1.0,10.0
197.0,1.121384620666504,1.121384620666504,0.06103552505373955,0.062130991369485855,0.04488983750343323,10.0,1.0,10.0
198.0,1.116531252861023,1.116531252861023,0.06081681698560715,0.06191958114504814,0.04464435204863548,10.0,1.0,10.0
199.0,1.1115331649780273,1.1115331649780273,0.06059148907661438,0.06170094013214111,0.044391728937625885,10.0,1.0,10.0
200.0,1.1063847541809082,1.1063847541809082,0.06035921722650528,0.061474911868572235,0.04413176327943802,10.0,1.0,10.0
201.0,1.1010817289352417,1.1010817289352417,0.060119785368442535,0.06124121695756912,0.04386426880955696,10.0,1.0,10.0
202.0,1.0956186056137085,1.0956186056137085,0.05987294018268585,0.060999467968940735,0.04358898103237152,10.0,1.0,10.0
203.0,1.0899903774261475,1.0899903774261475,0.059618446975946426,0.06074920669198036,0.0433056615293026,10.0,1.0,10.0
204.0,1.0841915607452393,1.0841915607452393,0.05935612693428993,0.06048998236656189,0.043014027178287506,10.0,1.0,10.0
205.0,1.078216552734375,1.078216552734375,0.05908576026558876,0.06022132560610771,0.042713768780231476,10.0,1.0,10.0
206.0,1.0720605850219727,1.0720605850219727,0.05880717933177948,0.05994279682636261,0.042404595762491226,10.0,1.0,10.0
207.0,1.0657176971435547,1.0657176971435547,0.05852017551660538,0.05965392291545868,0.04208620637655258,10.0,1.0,10.0
208.0,1.0591826438903809,1.0591826438903809,0.05822451412677765,0.059354230761528015,0.041758324950933456,10.0,1.0,10.0
209.0,1.0524494647979736,1.0524494647979736,0.057919930666685104,0.05904325097799301,0.04142069071531296,10.0,1.0,10.0
210.0,1.0455126762390137,1.0455126762390137,0.057606153190135956,0.058720555156469345,0.041073061525821686,10.0,1.0,10.0
211.0,1.0383671522140503,1.0383671522140503,0.05728292837738991,0.05838575214147568,0.04071521386504173,10.0,1.0,10.0
212.0,1.0310068130493164,1.0310068130493164,0.0569499135017395,0.058038514107465744,0.040346909314394,10.0,1.0,10.0
213.0,1.0234261751174927,1.0234261751174927,0.056606803089380264,0.057678498327732086,0.03996795788407326,10.0,1.0,10.0
214.0,1.0156199932098389,1.0156199932098389,0.05625332146883011,0.05730534344911575,0.0395781435072422,10.0,1.0,10.0
215.0,1.0075825452804565,1.0075825452804565,0.055889129638671875,0.056918639689683914,0.039177265018224716,10.0,1.0,10.0
216.0,0.9993088841438293,0.9993088841438293,0.05551397427916527,0.05651795491576195,0.03876512125134468,10.0,1.0,10.0
217.0,0.9907937049865723,0.9907937049865723,0.055127598345279694,0.056102827191352844,0.038341496139764786,10.0,1.0,10.0
218.0,0.9820321798324585,0.9820321798324585,0.054729755967855453,0.05567279830574989,0.03790618106722832,10.0,1.0,10.0
219.0,0.9730193614959717,0.9730193614959717,0.05432024225592613,0.055227383971214294,0.037458959966897964,10.0,1.0,10.0
220.0,0.9637507796287537,0.9637507796287537,0.053898848593235016,0.05476606264710426,0.036999624222517014,10.0,1.0,10.0
221.0,0.9542219638824463,0.9542219638824463,0.053465381264686584,0.05428832396864891,0.03652798756957054,10.0,1.0,10.0
222.0,0.9444295167922974,0.9444295167922974,0.0530196875333786,0.05379362404346466,0.03604389727115631,10.0,1.0,10.0
223.0,0.9343690276145935,0.9343690276145935,0.05256155878305435,0.05328146368265152,0.03554719686508179,10.0,1.0,10.0
224.0,0.924037754535675,0.924037754535675,0.0520908385515213,0.05275138467550278,0.0350378043949604,10.0,1.0,10.0
225.0,0.9134327173233032,0.9134327173233032,0.05160735175013542,0.05220295861363411,0.0345156267285347,10.0,1.0,10.0
226.0,0.902551531791687,0.902551531791687,0.05111094191670418,0.05163578689098358,0.033980630338191986,10.0,1.0,10.0
227.0,0.8913921117782593,0.8913921117782593,0.05060144513845444,0.051049500703811646,0.033432818949222565,10.0,1.0,10.0
228.0,0.8799532651901245,0.8799532651901245,0.05007874593138695,0.050443727523088455,0.032872214913368225,10.0,1.0,10.0
229.0,0.8682343363761902,0.8682343363761902,0.049542736262083054,0.049818120896816254,0.03229888528585434,10.0,1.0,10.0
230.0,0.8562347292900085,0.8562347292900085,0.048993319272994995,0.04917234554886818,0.03171291947364807,10.0,1.0,10.0
231.0,0.8439550399780273,0.8439550399780273,0.04843047633767128,0.04850607365369797,0.031114427372813225,10.0,1.0,10.0
232.0,0.831396758556366,0.831396758556366,0.04785420745611191,0.04781900346279144,0.030503563582897186,10.0,1.0,10.0
233.0,0.8185615539550781,0.8185615539550781,0.04726456105709076,0.04711082577705383,0.02988050878047943,10.0,1.0,10.0
234.0,0.8054522275924683,0.8054522275924683,0.0466616153717041,0.04638126865029335,0.02924547716975212,10.0,1.0,10.0
235.0,0.7920724749565125,0.7920724749565125,0.04604549705982208,0.045630089938640594,0.028598742559552193,10.0,1.0,10.0
236.0,0.7784267663955688,0.7784267663955688,0.04541635513305664,0.04485710337758064,0.02794061042368412,10.0,1.0,10.0
237.0,0.764520525932312,0.764520525932312,0.04477439075708389,0.04406217113137245,0.027271443977952003,10.0,1.0,10.0
238.0,0.750360369682312,0.750360369682312,0.044119834899902344,0.04324525594711304,0.026591675356030464,10.0,1.0,10.0
239.0,0.7359534502029419,0.7359534502029419,0.043452925980091095,0.04240639507770538,0.025901785120368004,10.0,1.0,10.0
240.0,0.7213088870048523,0.7213088870048523,0.04277398809790611,0.04154571145772934,0.025202326476573944,10.0,1.0,10.0
241.0,0.706436038017273,0.706436038017273,0.04208335652947426,0.040663402527570724,0.024493906646966934,10.0,1.0,10.0
242.0,0.6913458704948425,0.6913458704948425,0.04138140752911568,0.0397597961127758,0.023777203634381294,10.0,1.0,10.0
243.0,0.67605060338974,0.67605060338974,0.040668584406375885,0.03883526846766472,0.02305295318365097,10.0,1.0,10.0
244.0,0.6605634689331055,0.6605634689331055,0.039945363998413086,0.037890318781137466,0.022321954369544983,10.0,1.0,10.0
245.0,0.6448995471000671,0.6448995471000671,0.03921232372522354,0.0369255468249321,0.021585075184702873,10.0,1.0,10.0
246.0,0.6290745139122009,0.6290745139122009,0.038470033556222916,0.03594166785478592,0.020843254402279854,10.0,1.0,10.0
247.0,0.6131060719490051,0.6131060719490051,0.03771917149424553,0.03493949770927429,0.020097484812140465,10.0,1.0,10.0
248.0,0.5970128774642944,0.5970128774642944,0.03696043789386749,0.03391999006271362,0.01934884861111641,10.0,1.0,10.0
249.0,0.5808151364326477,0.5808151364326477,0.03619460016489029,0.03288423642516136,0.018598489463329315,10.0,1.0,10.0
250.0,0.564534604549408,0.564534604549408,0.035422489047050476,0.0318334698677063,0.01784762553870678,10.0,1.0,10.0
251.0,0.5481942296028137,0.5481942296028137,0.034644972532987595,0.030769072473049164,0.01709754206240177,10.0,1.0,10.0
252.0,0.531818151473999,0.531818151473999,0.03386295214295387,0.029692579060792923,0.01634960249066353,10.0,1.0,10.0
253.0,0.5154320001602173,0.5154320001602173,0.033077422529459,0.028605680912733078,0.015605214983224869,10.0,1.0,10.0
254.0,0.49906259775161743,0.49906259775161743,0.03228938579559326,0.027510210871696472,0.01486585196107626,10.0,1.0,10.0
255.0,0.4827379882335663,0.4827379882335663,0.031499944627285004,0.026408158242702484,0.014133036136627197,10.0,1.0,10.0
256.0,0.46648675203323364,0.46648675203323364,0.03071019798517227,0.025301648303866386,0.013408315367996693,10.0,1.0,10.0
257.0,0.45033901929855347,0.45033901929855347,0.029921332374215126,0.024192942306399345,0.01269327662885189,10.0,1.0,10.0
258.0,0.4343249797821045,0.4343249797821045,0.029134534299373627,0.02308443933725357,0.011989520862698555,10.0,1.0,10.0
259.0,0.4184758961200714,0.4184758961200714,0.0283510684967041,0.02197865955531597,0.011298655532300472,10.0,1.0,10.0
260.0,0.40282267332077026,0.40282267332077026,0.027572154998779297,0.020878233015537262,0.010622289031744003,10.0,1.0,10.0
261.0,0.38739702105522156,0.38739702105522156,0.026799103245139122,0.019785890355706215,0.009962011128664017,10.0,1.0,10.0
262.0,0.3722299039363861,0.3722299039363861,0.026033176109194756,0.018704446032643318,0.009319370612502098,10.0,1.0,10.0
263.0,0.357352077960968,0.357352077960968,0.025275658816099167,0.017636766657233238,0.008695869706571102,10.0,1.0,10.0
264.0,0.34279346466064453,0.34279346466064453,0.024527831003069878,0.01658575050532818,0.008092941716313362,10.0,1.0,10.0
265.0,0.32858312129974365,0.32858312129974365,0.023790951818227768,0.015554305166006088,0.007511929143220186,10.0,1.0,10.0
266.0,0.3147487938404083,0.3147487938404083,0.023066265508532524,0.014545322395861149,0.0069540804252028465,10.0,1.0,10.0
267.0,0.30131641030311584,0.30131641030311584,0.022354958578944206,0.013561652973294258,0.006420515943318605,10.0,1.0,10.0
268.0,0.28831034898757935,0.28831034898757935,0.021658197045326233,0.012606080621480942,0.0059122308157384396,10.0,1.0,10.0
269.0,0.2757527232170105,0.2757527232170105,0.020977070555090904,0.011681284755468369,0.005430071614682674,10.0,1.0,10.0
270.0,0.2636633515357971,0.2636633515357971,0.020312614738941193,0.010789831168949604,0.004974736832082272,10.0,1.0,10.0
271.0,0.25205928087234497,0.25205928087234497,0.019665762782096863,0.009934128262102604,0.004546754062175751,10.0,1.0,10.0
272.0,0.2409554272890091,0.2409554272890091,0.019037418067455292,0.009116399101912975,0.004146484658122063,10.0,1.0,10.0
273.0,0.23036327958106995,0.23036327958106995,0.018428349867463112,0.008338646963238716,0.0037741141859441996,10.0,1.0,10.0
274.0,0.22029151022434235,0.22029151022434235,0.01783924177289009,0.007602625526487827,0.00342964637093246,10.0,1.0,10.0
275.0,0.21074579656124115,0.21074579656124115,0.017270687967538834,0.0069098202511668205,0.003112910082563758,10.0,1.0,10.0
276.0,0.20172888040542603,0.20172888040542603,0.016723183915019035,0.006261414848268032,0.002823562826961279,10.0,1.0,10.0
277.0,0.19324034452438354,0.19324034452438354,0.01619711145758629,0.005658297799527645,0.0025610930752009153,10.0,1.0,10.0
278.0,0.18527694046497345,0.18527694046497345,0.015692753717303276,0.005101037211716175,0.002324835630133748,10.0,1.0,10.0
279.0,0.17783242464065552,0.17783242464065552,0.015210272744297981,0.004589884076267481,0.0021139811724424362,10.0,1.0,10.0
280.0,0.17089828848838806,0.17089828848838806,0.01474976260215044,0.004124781582504511,0.0019275890663266182,10.0,1.0,10.0
281.0,0.16446298360824585,0.16446298360824585,0.01431115809828043,0.003705351846292615,0.0017646042397245765,10.0,1.0,10.0
282.0,0.15851323306560516,0.15851323306560516,0.013894355855882168,0.003330924781039357,0.0016238748794421554,10.0,1.0,10.0
283.0,0.15303295850753784,0.15303295850753784,0.01349908672273159,0.0030005285516381264,0.0015041554579511285,10.0,1.0,10.0
284.0,0.14800511300563812,0.14800511300563812,0.013125081546604633,0.0027129065711051226,0.001404138864018023,10.0,1.0,10.0
285.0,0.14341044425964355,0.14341044425964355,0.012771928682923317,0.002466528909280896,0.0013224625727161765,10.0,1.0,10.0
286.0,0.13922865688800812,0.13922865688800812,0.012439170852303505,0.0022596081253141165,0.0012577337911352515,10.0,1.0,10.0
287.0,0.13543827831745148,0.13543827831745148,0.012126277200877666,0.0020901199895888567,0.001208537956699729,10.0,1.0,10.0
288.0,0.13201716542243958,0.13201716542243958,0.01183266844600439,0.0019558463245630264,0.001173463650047779,10.0,1.0,10.0
289.0,0.1289425492286682,0.1289425492286682,0.011557713150978088,0.001854400965385139,0.0011511027114465833,10.0,1.0,10.0
290.0,0.12619131803512573,0.12619131803512573,0.01130073145031929,0.0017832665471360087,0.001140074455179274,10.0,1.0,10.0
291.0,0.12374038994312286,0.12374038994312286,0.011061025783419609,0.0017398304771631956,0.0011390300933271646,10.0,1.0,10.0
292.0,0.12156655639410019,0.12156655639410019,0.01083784643560648,0.0017214271938428283,0.001146666705608368,10.0,1.0,10.0
293.0,0.1196470782160759,0.1196470782160759,0.010630440898239613,0.0017253648256883025,0.0011617300333455205,10.0,1.0,10.0
294.0,0.11795982718467712,0.11795982718467712,0.010438056662678719,0.0017489520832896233,0.0011830318253487349,10.0,1.0,10.0
295.0,0.11648300290107727,0.11648300290107727,0.010259902104735374,0.0017895284108817577,0.0012094449484720826,10.0,1.0,10.0
296.0,0.11519572138786316,0.11519572138786316,0.010095207020640373,0.0018444812158122659,0.0012399168917909265,10.0,1.0,10.0
297.0,0.11407801508903503,0.11407801508903503,0.009943208657205105,0.001911289058625698,0.0012734632473438978,10.0,1.0,10.0
298.0,0.11311084032058716,0.11311084032058716,0.00980315450578928,0.001987509662285447,0.0013091790024191141,10.0,1.0,10.0
299.0,0.11227624118328094,0.11227624118328094,0.009674308821558952,0.002070838585495949,0.0013462313218042254,10.0,1.0,10.0
300.0,0.11155742406845093,0.11155742406845093,0.009555960074067116,0.002159096533432603,0.001383872819133103,10.0,1.0,10.0
301.0,0.1109386458992958,0.1109386458992958,0.009447410702705383,0.0022502753417938948,0.0014214263064786792,10.0,1.0,10.0
302.0,0.11040554940700531,0.11040554940700531,0.009348006919026375,0.0023425547406077385,0.0014582930598407984,10.0,1.0,10.0
303.0,0.10994479805231094,0.10994479805231094,0.009257101453840733,0.002434294670820236,0.001493949443101883,10.0,1.0,10.0
304.0,0.10954456031322479,0.10954456031322479,0.009174101985991001,0.0025240513496100903,0.0015279490035027266,10.0,1.0,10.0
305.0,0.10919390618801117,0.10919390618801117,0.009098413400352001,0.002610577968880534,0.0015599188627675176,10.0,1.0,10.0
306.0,0.1088833212852478,0.1088833212852478,0.00902949646115303,0.0026928065344691277,0.0015895557589828968,10.0,1.0,10.0
307.0,0.10860421508550644,0.10860421508550644,0.00896681658923626,0.002769852289929986,0.0016166196437552571,10.0,1.0,10.0
308.0,0.10834933817386627,0.10834933817386627,0.008909903466701508,0.0028410111553967,0.0016409293748438358,10.0,1.0,10.0
309.0,0.10811236500740051,0.10811236500740051,0.00885830819606781,0.0029057315550744534,0.0016623545670881867,10.0,1.0,10.0
310.0,0.10788801312446594,0.10788801312446594,0.008811617270112038,0.002963629551231861,0.0016808207146823406,10.0,1.0,10.0
311.0,0.10767166316509247,0.10767166316509247,0.008769422769546509,0.003014465095475316,0.0016962968511506915,10.0,1.0,10.0
312.0,0.10745996236801147,0.10745996236801147,0.008731387555599213,0.003058132017031312,0.0017087948508560658,10.0,1.0,10.0
313.0,0.10724983364343643,0.10724983364343643,0.00869714841246605,0.0030946428887546062,0.0017183705931529403,10.0,1.0,10.0
314.0,0.10703922808170319,0.10703922808170319,0.008666406385600567,0.0031241322867572308,0.0017251025419682264,10.0,1.0,10.0
315.0,0.10682650655508041,0.10682650655508041,0.008638856932520866,0.0031468220986425877,0.001729111303575337,10.0,1.0,10.0
316.0,0.10661065578460693,0.10661065578460693,0.008614236488938332,0.0031630154699087143,0.001730527263134718,10.0,1.0,10.0
317.0,0.10639093816280365,0.10639093816280365,0.00859227403998375,0.0031730737537145615,0.001729512121528387,10.0,1.0,10.0
318.0,0.10616715252399445,0.10616715252399445,0.008572744205594063,0.003177416045218706,0.0017262290930375457,10.0,1.0,10.0
319.0,0.10593945533037186,0.10593945533037186,0.008555440232157707,0.00317648658528924,0.0017208561766892672,10.0,1.0,10.0
320.0,0.105708047747612,0.105708047747612,0.00854015164077282,0.0031707636080682278,0.0017135759117081761,10.0,1.0,10.0
321.0,0.1054733619093895,0.1054733619093895,0.008526685647666454,0.003160730702802539,0.001704577123746276,10.0,1.0,10.0
322.0,0.10523620992898941,0.10523620992898941,0.008514881134033203,0.0031468807719647884,0.001694051781669259,10.0,1.0,10.0
323.0,0.10499707609415054,0.10499707609415054,0.008504546247422695,0.0031296967063099146,0.0016821915050968528,10.0,1.0,10.0
324.0,0.10475685447454453,0.10475685447454453,0.00849553756415844,0.003109684446826577,0.0016691789496690035,10.0,1.0,10.0
325.0,0.10451649129390717,0.10451649129390717,0.008487725630402565,0.0030873105861246586,0.0016551922308281064,10.0,1.0,10.0
326.0,0.10427653789520264,0.10427653789520264,0.008480943739414215,0.0030630389228463173,0.001640405971556902,10.0,1.0,10.0
327.0,0.10403794050216675,0.10403794050216675,0.00847508106380701,0.003037305548787117,0.0016249831533059478,10.0,1.0,10.0
328.0,0.10380139946937561,0.10380139946937561,0.00847000814974308,0.0030105223413556814,0.0016090800054371357,10.0,1.0,10.0
329.0,0.10356757789850235,0.10356757789850235,0.008465612307190895,0.0029830681160092354,0.0015928386710584164,10.0,1.0,10.0
330.0,0.10333706438541412,0.10333706438541412,0.008461782708764076,0.002955300733447075,0.0015763943083584309,10.0,1.0,10.0
331.0,0.10311051458120346,0.10311051458120346,0.00845842994749546,0.0029275324195623398,0.0015598683385178447,10.0,1.0,10.0
332.0,0.10288826376199722,0.10288826376199722,0.008455445989966393,0.002900060499086976,0.0015433738008141518,10.0,1.0,10.0
333.0,0.10267080366611481,0.10267080366611481,0.008452756330370903,0.002873140387237072,0.0015270102303475142,10.0,1.0,10.0
334.0,0.1024584099650383,0.1024584099650383,0.008450274355709553,0.002846998395398259,0.0015108666848391294,10.0,1.0,10.0
335.0,0.10225117951631546,0.10225117951631546,0.008447912521660328,0.0028218389488756657,0.001495021628215909,10.0,1.0,10.0
336.0,0.10204960405826569,0.10204960405826569,0.008445631712675095,0.0027978403959423304,0.001479544909670949,10.0,1.0,10.0
337.0,0.10185344517230988,0.10185344517230988,0.008443335071206093,0.002775146858766675,0.001464495318941772,10.0,1.0,10.0
338.0,0.10166289657354355,0.10166289657354355,0.00844097975641489,0.002753893146291375,0.0014499211683869362,10.0,1.0,10.0
339.0,0.10147800296545029,0.10147800296545029,0.008438521064817905,0.002734177513048053,0.0014358620392158628,10.0,1.0,10.0
340.0,0.10129861533641815,0.10129861533641815,0.008435904048383236,0.0027160807512700558,0.0014223494799807668,10.0,1.0,10.0
341.0,0.10112455487251282,0.10112455487251282,0.008433080278337002,0.0026996664237231016,0.0014094088692218065,10.0,1.0,10.0
342.0,0.10095585882663727,0.10095585882663727,0.008430029265582561,0.002684966893866658,0.001397059764713049,10.0,1.0,10.0
343.0,0.10079218447208405,0.10079218447208405,0.008426704443991184,0.0026720145251601934,0.0013853127602487803,10.0,1.0,10.0
344.0,0.10063347220420837,0.10063347220420837,0.0084230937063694,0.002660810947418213,0.0013741726288571954,10.0,1.0,10.0
345.0,0.10047943890094757,0.10047943890094757,0.00841916911303997,0.0026513601187616587,0.0013636383228003979,10.0,1.0,10.0
346.0,0.10032984614372253,0.10032984614372253,0.008414916694164276,0.002643643179908395,0.0013537034392356873,10.0,1.0,10.0
347.0,0.10018467903137207,0.10018467903137207,0.008410340175032616,0.002637644065544009,0.0013443625066429377,10.0,1.0,10.0
348.0,0.10004346817731857,0.10004346817731857,0.008405409753322601,0.0026333220303058624,0.0013356049312278628,10.0,1.0,10.0
349.0,0.09990597516298294,0.09990597516298294,0.008400116115808487,0.0026306426152586937,0.0013274168595671654,10.0,1.0,10.0
350.0,0.09977225959300995,0.09977225959300995,0.008394487202167511,0.002629562048241496,0.0013197828084230423,10.0,1.0,10.0
351.0,0.09964194148778915,0.09964194148778915,0.008388511836528778,0.002630030270665884,0.0013126792619004846,10.0,1.0,10.0
352.0,0.09951480478048325,0.09951480478048325,0.008382194675505161,0.0026319848839193583,0.001306087477132678,10.0,1.0,10.0
353.0,0.09939064830541611,0.09939064830541611,0.008375541307032108,0.00263536861166358,0.0012999871978536248,10.0,1.0,10.0
354.0,0.09926937520503998,0.09926937520503998,0.008368568494915962,0.002640122314915061,0.0012943570036441088,10.0,1.0,10.0
355.0,0.09915091842412949,0.09915091842412949,0.008361301384866238,0.0026461738161742687,0.0012891734950244427,10.0,1.0,10.0
356.0,0.09903493523597717,0.09903493523597717,0.008353731594979763,0.002653458621352911,0.0012844157172366977,10.0,1.0,10.0
357.0,0.09892146289348602,0.09892146289348602,0.008345896378159523,0.0026619136333465576,0.0012800588738173246,10.0,1.0,10.0
358.0,0.09881027042865753,0.09881027042865753,0.008337803184986115,0.0026714687701314688,0.001276077120564878,10.0,1.0,10.0
359.0,0.09870141744613647,0.09870141744613647,0.008329484611749649,0.0026820620987564325,0.001272451365366578,10.0,1.0,10.0
360.0,0.09859465062618256,0.09859465062618256,0.008320945315063,0.0026936265639960766,0.0012691575102508068,10.0,1.0,10.0
361.0,0.0984899178147316,0.0984899178147316,0.008312205784022808,0.0027060983702540398,0.0012661759974434972,10.0,1.0,10.0
362.0,0.0983872190117836,0.0983872190117836,0.008303294889628887,0.0027194111607968807,0.0012634858721867204,10.0,1.0,10.0
363.0,0.09828649461269379,0.09828649461269379,0.008294232189655304,0.002733506727963686,0.001261066528968513,10.0,1.0,10.0
364.0,0.09818766266107559,0.09818766266107559,0.0082850381731987,0.002748316852375865,0.0012588961981236935,10.0,1.0,10.0
365.0,0.09809061139822006,0.09809061139822006,0.008275726810097694,0.002763783559203148,0.0012569562532007694,10.0,1.0,10.0
366.0,0.09799547493457794,0.09799547493457794,0.008266331627964973,0.0027798402588814497,0.0012552321422845125,10.0,1.0,10.0
367.0,0.09790200740098953,0.09790200740098953,0.008256854489445686,0.0027964410837739706,0.0012537026777863503,10.0,1.0,10.0
368.0,0.09781035780906677,0.09781035780906677,0.008247330784797668,0.002813522005453706,0.0012523520272225142,10.0,1.0,10.0
369.0,0.09772047400474548,0.09772047400474548,0.008237781003117561,0.0028310376219451427,0.001251163543201983,10.0,1.0,10.0
370.0,0.09763222187757492,0.09763222187757492,0.008228205144405365,0.0028489427641034126,0.0012501223245635629,10.0,1.0,10.0
371.0,0.09754566103219986,0.09754566103219986,0.008218629285693169,0.0028671834152191877,0.0012492178939282894,10.0,1.0,10.0
372.0,0.0974607914686203,0.0974607914686203,0.008209073916077614,0.002885716501623392,0.0012484340695664287,10.0,1.0,10.0
373.0,0.09737753123044968,0.09737753123044968,0.008199542760848999,0.002904499415308237,0.001247760490514338,10.0,1.0,10.0
374.0,0.09729589521884918,0.09729589521884918,0.00819005724042654,0.0029234839603304863,0.0012471838854253292,10.0,1.0,10.0
375.0,0.09721582382917404,0.09721582382917404,0.00818062573671341,0.002942643128335476,0.0012466924963518977,10.0,1.0,10.0
376.0,0.09713730216026306,0.09713730216026306,0.008171262219548225,0.0029619289562106133,0.0012462753802537918,10.0,1.0,10.0
377.0,0.09706034511327744,0.09706034511327744,0.008161980658769608,0.0029813172295689583,0.0012459217105060816,10.0,1.0,10.0
378.0,0.09698489308357239,0.09698489308357239,0.008152786642313004,0.003000774420797825,0.0012456253170967102,10.0,1.0,10.0
379.0,0.09691095352172852,0.09691095352172852,0.008143688552081585,0.003020267002284527,0.0012453797971829772,10.0,1.0,10.0
380.0,0.09683851897716522,0.09683851897716522,0.008134697563946247,0.0030397698283195496,0.0012451778165996075,10.0,1.0,10.0
381.0,0.09676747024059296,0.09676747024059296,0.00812581181526184,0.0030592624098062515,0.001245009247213602,10.0,1.0,10.0
382.0,0.0966978594660759,0.0966978594660759,0.008117045275866985,0.0030787268187850714,0.0012448678025975823,10.0,1.0,10.0
383.0,0.09662965685129166,0.09662965685129166,0.008108401671051979,0.0030981418676674366,0.001244749641045928,10.0,1.0,10.0
384.0,0.09656281024217606,0.09656281024217606,0.008099881932139397,0.003117483574897051,0.0012446502223610878,10.0,1.0,10.0
385.0,0.09649733453989029,0.09649733453989029,0.008091496303677559,0.003136739833280444,0.0012445637257769704,10.0,1.0,10.0
386.0,0.09643314778804779,0.09643314778804779,0.008083234541118145,0.003155888756737113,0.0012444909662008286,10.0,1.0,10.0
387.0,0.09637022763490677,0.09637022763490677,0.008075106889009476,0.0031749268528074026,0.001244423445314169,10.0,1.0,10.0
388.0,0.09630857408046722,0.09630857408046722,0.008067116141319275,0.0031938464380800724,0.001244356855750084,10.0,1.0,10.0
389.0,0.0962480828166008,0.0962480828166008,0.008059253916144371,0.0032126312144100666,0.0012442910810932517,10.0,1.0,10.0
390.0,0.09618894010782242,0.09618894010782242,0.008051540702581406,0.003231278620660305,0.001244225655682385,10.0,1.0,10.0
391.0,0.09613087028265,0.09613087028265,0.008043949492275715,0.003249784931540489,0.0012441589497029781,10.0,1.0,10.0
392.0,0.09607391059398651,0.09607391059398651,0.008036486804485321,0.0032681431621313095,0.001244089682586491,10.0,1.0,10.0
393.0,0.09601818025112152,0.09601818025112152,0.008029162883758545,0.003286350052803755,0.0012440200662240386,10.0,1.0,10.0
394.0,0.09596345573663712,0.09596345573663712,0.008021962828934193,0.0033044072333723307,0.0012439423007890582,10.0,1.0,10.0
395.0,0.09590984880924225,0.09590984880924225,0.008014895021915436,0.003322313306853175,0.0012438585981726646,10.0,1.0,10.0
396.0,0.09585736691951752,0.09585736691951752,0.008007957600057125,0.0033400673419237137,0.0012437725672498345,10.0,1.0,10.0
397.0,0.095805823802948,0.095805823802948,0.008001134730875492,0.003357662120833993,0.0012436811812222004,10.0,1.0,10.0
398.0,0.09575530141592026,0.09575530141592026,0.007994432002305984,0.003375106956809759,0.0012435876997187734,10.0,1.0,10.0
399.0,0.09570573270320892,0.09570573270320892,0.007987843826413155,0.0033924018498510122,0.0012434899108484387,10.0,1.0,10.0
400.0,0.09565714746713638,0.09565714746713638,0.007981370203197002,0.003409548895433545,0.001243389444425702,10.0,1.0,10.0
401.0,0.09560952335596085,0.09560952335596085,0.007975009270012379,0.003426558570936322,0.001243287231773138,10.0,1.0,10.0
402.0,0.09556281566619873,0.09556281566619873,0.007968751713633537,0.0034434306435287,0.001243186416104436,10.0,1.0,10.0
403.0,0.09551694989204407,0.09551694989204407,0.007962592877447605,0.003460167208686471,0.0012430851347744465,10.0,1.0,10.0
404.0,0.09547197818756104,0.09547197818756104,0.007956532761454582,0.0034767701290547848,0.001242987927980721,10.0,1.0,10.0
405.0,0.09542784839868546,0.09542784839868546,0.007950566709041595,0.003493242198601365,0.0012428942136466503,10.0,1.0,10.0
406.0,0.0953846275806427,0.0953846275806427,0.007944701239466667,0.003509588772431016,0.001242802245542407,10.0,1.0,10.0
407.0,0.09534218907356262,0.09534218907356262,0.007938922382891178,0.0035258205607533455,0.0012427140027284622,10.0,1.0,10.0
408.0,0.09530051052570343,0.09530051052570343,0.007933222688734531,0.003541933838278055,0.0012426355388015509,10.0,1.0,10.0
409.0,0.09525962918996811,0.09525962918996811,0.007927602156996727,0.003557933960109949,0.0012425666209310293,10.0,1.0,10.0
410.0,0.09521955251693726,0.09521955251693726,0.007922065444290638,0.0035738288424909115,0.0012425072491168976,10.0,1.0,10.0
411.0,0.09518018364906311,0.09518018364906311,0.00791659951210022,0.0035896184854209423,0.0012424576561897993,10.0,1.0,10.0
412.0,0.09514150023460388,0.09514150023460388,0.007911201566457748,0.0036053075455129147,0.0012424178421497345,10.0,1.0,10.0
413.0,0.0951036587357521,0.0951036587357521,0.007905885577201843,0.00362089229747653,0.0012423909502103925,10.0,1.0,10.0
414.0,0.09506642818450928,0.09506642818450928,0.007900625467300415,0.0036363813560456038,0.0012423788430169225,10.0,1.0,10.0
415.0,0.09502986818552017,0.09502986818552017,0.00789542868733406,0.0036517782136797905,0.0012423808220773935,10.0,1.0,10.0
416.0,0.09499400109052658,0.09499400109052658,0.007890292443335056,0.003667085897177458,0.0012423994485288858,10.0,1.0,10.0
417.0,0.09495879709720612,0.09495879709720612,0.007885213941335678,0.003682308830320835,0.0012424351880326867,10.0,1.0,10.0
418.0,0.09492421895265579,0.09492421895265579,0.007880189456045628,0.0036974449176341295,0.0012424879241734743,10.0,1.0,10.0
419.0,0.09489023685455322,0.09489023685455322,0.007875215262174606,0.0037124906666576862,0.001242559403181076,10.0,1.0,10.0
420.0,0.09485691785812378,0.09485691785812378,0.007870298810303211,0.0037274507340043783,0.0012426476459950209,10.0,1.0,10.0
421.0,0.09482410550117493,0.09482410550117493,0.007865420542657375,0.0037423272151499987,0.0012427566107362509,10.0,1.0,10.0
422.0,0.09479188174009323,0.09479188174009323,0.00786059070378542,0.0037571231368929148,0.0012428849004209042,10.0,1.0,10.0
423.0,0.09476025402545929,0.09476025402545929,0.007855810225009918,0.003771836869418621,0.0012430314673110843,10.0,1.0,10.0
424.0,0.09472914040088654,0.09472914040088654,0.00785106886178255,0.003786468179896474,0.0012431988725438714,10.0,1.0,10.0
425.0,0.09469854831695557,0.09469854831695557,0.007846366614103317,0.0038010110147297382,0.0012433869997039437,10.0,1.0,10.0
426.0,0.09466853737831116,0.09466853737831116,0.007841711863875389,0.0038154730573296547,0.001243593986146152,10.0,1.0,10.0
427.0,0.09463905543088913,0.09463905543088913,0.007837098091840744,0.003829851746559143,0.0012438225094228983,10.0,1.0,10.0
428.0,0.09460996836423874,0.09460996836423874,0.007832510396838188,0.0038441456854343414,0.0012440717546269298,10.0,1.0,10.0
429.0,0.09458138048648834,0.09458138048648834,0.00782796274870634,0.003858355339616537,0.0012443393934518099,10.0,1.0,10.0
430.0,0.09455331414937973,0.09455331414937973,0.007823455147445202,0.003872477449476719,0.0012446284526959062,10.0,1.0,10.0
431.0,0.09452572464942932,0.09452572464942932,0.007818983867764473,0.003886511316522956,0.0012449377682060003,10.0,1.0,10.0
432.0,0.09449851512908936,0.09449851512908936,0.007814539596438408,0.003900454845279455,0.0012452665250748396,10.0,1.0,10.0
433.0,0.094471774995327,0.094471774995327,0.0078101325780153275,0.003914307802915573,0.0012456143740564585,10.0,1.0,10.0
434.0,0.09444546699523926,0.09444546699523926,0.00780576141551137,0.0039280676282942295,0.0012459787540137768,10.0,1.0,10.0
435.0,0.09441951662302017,0.09441951662302017,0.007801417261362076,0.0039417315274477005,0.001246361411176622,10.0,1.0,10.0
436.0,0.09439405798912048,0.09439405798912048,0.007797115482389927,0.003955299500375986,0.0012467611813917756,10.0,1.0,10.0
437.0,0.09436894208192825,0.09436894208192825,0.007792838849127293,0.003968766890466213,0.0012471789959818125,10.0,1.0,10.0
438.0,0.09434418380260468,0.09434418380260468,0.007788590621203184,0.003982133232057095,0.0012476142728701234,10.0,1.0,10.0
439.0,0.09431986510753632,0.09431986510753632,0.00778437964618206,0.003995406441390514,0.0012480663135647774,10.0,1.0,10.0
440.0,0.09429585933685303,0.09429585933685303,0.0077801961451768875,0.0040085758082568645,0.001248532673344016,10.0,1.0,10.0
441.0,0.09427222609519958,0.09427222609519958,0.007776046171784401,0.004021638073027134,0.001249013002961874,10.0,1.0,10.0
442.0,0.0942489355802536,0.0942489355802536,0.007771927863359451,0.004034592770040035,0.0012495063710957766,10.0,1.0,10.0
443.0,0.09422600269317627,0.09422600269317627,0.007767843082547188,0.004047437105327845,0.0012500140583142638,10.0,1.0,10.0
444.0,0.09420333057641983,0.09420333057641983,0.007763782050460577,0.004060172475874424,0.0012505336198955774,10.0,1.0,10.0
445.0,0.09418103098869324,0.09418103098869324,0.007759755477309227,0.004072792362421751,0.0012510680826380849,10.0,1.0,10.0
446.0,0.0941590666770935,0.0941590666770935,0.007755764294415712,0.004085303284227848,0.0012516118586063385,10.0,1.0,10.0
447.0,0.09413737058639526,0.09413737058639526,0.007751801051199436,0.00409769918769598,0.0012521661119535565,10.0,1.0,10.0
448.0,0.09411595016717911,0.09411595016717911,0.007747866213321686,0.004109983332455158,0.0012527302606031299,10.0,1.0,10.0
449.0,0.09409480541944504,0.09409480541944504,0.007743962109088898,0.004122139420360327,0.0012533044209703803,10.0,1.0,10.0
450.0,0.09407389909029007,0.09407389909029007,0.007740084547549486,0.004134179558604956,0.0012538875453174114,10.0,1.0,10.0
451.0,0.09405338764190674,0.09405338764190674,0.007736251689493656,0.00414610281586647,0.0012544764904305339,10.0,1.0,10.0
452.0,0.09403304755687714,0.09403304755687714,0.007732439320534468,0.00415790593251586,0.0012550752144306898,10.0,1.0,10.0
453.0,0.0940130278468132,0.0940130278468132,0.007728662341833115,0.004169589839875698,0.001255681156180799,10.0,1.0,10.0
454.0,0.09399322420358658,0.09399322420358658,0.007724912837147713,0.004181153140962124,0.001256294664926827,10.0,1.0,10.0
455.0,0.09397368133068085,0.09397368133068085,0.007721195928752422,0.004192592576146126,0.0012569127138704062,10.0,1.0,10.0
456.0,0.09395432472229004,0.09395432472229004,0.007717506494373083,0.004203904420137405,0.0012575360015034676,10.0,1.0,10.0
457.0,0.09393519908189774,0.09393519908189774,0.007713847327977419,0.0042150975205004215,0.001258162665180862,10.0,1.0,10.0
458.0,0.09391636401414871,0.09391636401414871,0.007710225414484739,0.004226161632686853,0.001258794916793704,10.0,1.0,10.0
459.0,0.09389764070510864,0.09389764070510864,0.007706623058766127,0.004237104207277298,0.0012594314757734537,10.0,1.0,10.0
460.0,0.09387928247451782,0.09387928247451782,0.007703064940869808,0.004247922915965319,0.001260070246644318,10.0,1.0,10.0
461.0,0.09386106580495834,0.09386106580495834,0.0076995305716991425,0.004258614033460617,0.0012607150711119175,10.0,1.0,10.0
462.0,0.09384293854236603,0.09384293854236603,0.007696013897657394,0.0042691840790212154,0.001261361874639988,10.0,1.0,10.0
463.0,0.0938250720500946,0.0938250720500946,0.007692537270486355,0.004279627930372953,0.0012620071647688746,10.0,1.0,10.0
464.0,0.09380745887756348,0.09380745887756348,0.007689095102250576,0.004289950709789991,0.0012626559473574162,10.0,1.0,10.0
465.0,0.09378998726606369,0.09378998726606369,0.00768567668274045,0.004300144966691732,0.0012633072910830379,10.0,1.0,10.0
466.0,0.09377267211675644,0.09377267211675644,0.007682284340262413,0.0043102228082716465,0.0012639604974538088,10.0,1.0,10.0
467.0,0.09375554323196411,0.09375554323196411,0.007678923197090626,0.004320175386965275,0.0012646139366552234,10.0,1.0,10.0
468.0,0.09373857825994492,0.09373857825994492,0.007675589993596077,0.004330001771450043,0.001265268074348569,10.0,1.0,10.0
469.0,0.09372173994779587,0.09372173994779587,0.0076722800731658936,0.0043397098779678345,0.0012659226777032018,10.0,1.0,10.0
470.0,0.0937051996588707,0.0937051996588707,0.007669013924896717,0.004349296912550926,0.0012665762333199382,10.0,1.0,10.0
471.0,0.09368869662284851,0.09368869662284851,0.0076657626777887344,0.004358761012554169,0.0012672313023358583,10.0,1.0,10.0
472.0,0.09367232024669647,0.09367232024669647,0.007662536576390266,0.004368106834590435,0.0012678857892751694,10.0,1.0,10.0
473.0,0.09365621954202652,0.09365621954202652,0.0076593500562012196,0.0043773287907242775,0.0012685391120612621,10.0,1.0,10.0
474.0,0.09364013373851776,0.09364013373851776,0.007656176574528217,0.004386438522487879,0.0012691927840933204,10.0,1.0,10.0
475.0,0.09362422674894333,0.09362422674894333,0.007653035223484039,0.004395428579300642,0.0012698447098955512,10.0,1.0,10.0
476.0,0.09360841661691666,0.09360841661691666,0.0076499138958752155,0.004404306411743164,0.001270496635697782,10.0,1.0,10.0
477.0,0.09359279274940491,0.09359279274940491,0.0076468270272016525,0.00441306596621871,0.0012711449526250362,10.0,1.0,10.0
478.0,0.09357733279466629,0.09357733279466629,0.0076437704265117645,0.004421711899340153,0.0012717917561531067,10.0,1.0,10.0
479.0,0.09356188774108887,0.09356188774108887,0.007640725001692772,0.004430243279784918,0.0012724389089271426,10.0,1.0,10.0
480.0,0.09354660660028458,0.09354660660028458,0.007637708447873592,0.004438656847923994,0.0012730865273624659,10.0,1.0,10.0
481.0,0.09353138506412506,0.09353138506412506,0.007634712383151054,0.0044469572603702545,0.0012737307697534561,10.0,1.0,10.0
482.0,0.09351639449596405,0.09351639449596405,0.007631753571331501,0.004455153830349445,0.001274370588362217,10.0,1.0,10.0
483.0,0.0935014933347702,0.0935014933347702,0.007628816645592451,0.0044632419012486935,0.0012750087771564722,10.0,1.0,10.0
484.0,0.09348662197589874,0.09348662197589874,0.00762589368969202,0.00447122473269701,0.0012756462674587965,10.0,1.0,10.0
485.0,0.09347189962863922,0.09347189962863922,0.007622997742146254,0.0044790892861783504,0.0012762835249304771,10.0,1.0,10.0
486.0,0.09345725178718567,0.09345725178718567,0.007620122749358416,0.00448685372248292,0.0012769171735271811,10.0,1.0,10.0
487.0,0.09344273060560226,0.09344273060560226,0.007617273833602667,0.00449451245367527,0.0012775480281561613,10.0,1.0,10.0
488.0,0.09342830628156662,0.09342830628156662,0.007614451460540295,0.004502065479755402,0.0012781722471117973,10.0,1.0,10.0
489.0,0.09341398626565933,0.09341398626565933,0.007611650042235851,0.004509517457336187,0.0012787968153133988,10.0,1.0,10.0
490.0,0.09339968860149384,0.09339968860149384,0.0076088616624474525,0.004516859073191881,0.0012794212670996785,10.0,1.0,10.0
491.0,0.09338552504777908,0.09338552504777908,0.007606100291013718,0.00452410476282239,0.0012800416443496943,10.0,1.0,10.0
492.0,0.09337146580219269,0.09337146580219269,0.007603362202644348,0.004531250800937414,0.0012806598097085953,10.0,1.0,10.0
493.0,0.09335744380950928,0.09335744380950928,0.007600640878081322,0.004538301844149828,0.0012812726199626923,10.0,1.0,10.0
494.0,0.09334353357553482,0.09334353357553482,0.0075979456305503845,0.004545250907540321,0.0012818825198337436,10.0,1.0,10.0
495.0,0.09332965314388275,0.09332965314388275,0.007595265284180641,0.004552103579044342,0.0012824898585677147,10.0,1.0,10.0
496.0,0.09331584721803665,0.09331584721803665,0.007592606358230114,0.004558856599032879,0.0012830928899347782,10.0,1.0,10.0
497.0,0.09330213069915771,0.09330213069915771,0.007589967455714941,0.00456551369279623,0.0012836940586566925,10.0,1.0,10.0
498.0,0.09328856319189072,0.09328856319189072,0.007587355095893145,0.0045720841735601425,0.0012842922005802393,10.0,1.0,10.0
499.0,0.09327496588230133,0.09327496588230133,0.007584754843264818,0.004578557796776295,0.0012848852202296257,10.0,1.0,10.0
500.0,0.0932614803314209,0.0932614803314209,0.007582177873700857,0.004584939684718847,0.0012854766100645065,10.0,1.0,10.0
501.0,0.09324803203344345,0.09324803203344345,0.007579616270959377,0.0045912317000329494,0.001286063576117158,10.0,1.0,10.0
502.0,0.09323465079069138,0.09323465079069138,0.007577075622975826,0.004597433377057314,0.0012866458855569363,10.0,1.0,10.0
503.0,0.09322132170200348,0.09322132170200348,0.007574555464088917,0.004603541921824217,0.0012872227234765887,10.0,1.0,10.0
504.0,0.09320814162492752,0.09320814162492752,0.007572058588266373,0.004609562456607819,0.0012877990957349539,10.0,1.0,10.0
505.0,0.0931948721408844,0.0931948721408844,0.007569567300379276,0.004615499172359705,0.0012883702293038368,10.0,1.0,10.0
506.0,0.0931817814707756,0.0931817814707756,0.0075671072117984295,0.0046213483437895775,0.0012889365898445249,10.0,1.0,10.0
507.0,0.09316863864660263,0.09316863864660263,0.0075646559707820415,0.004627119284123182,0.0012894965475425124,10.0,1.0,10.0
508.0,0.09315560758113861,0.09315560758113861,0.0075622256845235825,0.004632796626538038,0.0012900555739179254,10.0,1.0,10.0
509.0,0.09314260631799698,0.09314260631799698,0.007559811696410179,0.004638392478227615,0.001290609478019178,10.0,1.0,10.0
510.0,0.09312965720891953,0.09312965720891953,0.0075574154034256935,0.004643907770514488,0.0012911593075841665,10.0,1.0,10.0
511.0,0.09311676770448685,0.09311676770448685,0.007555040065199137,0.004649342503398657,0.0012917029671370983,10.0,1.0,10.0
512.0,0.09310391545295715,0.09310391545295715,0.007552677299827337,0.0046546971425414085,0.00129224406555295,10.0,1.0,10.0
513.0,0.09309109300374985,0.09309109300374985,0.007550332695245743,0.004659971222281456,0.0012927789939567447,10.0,1.0,10.0
514.0,0.0930783674120903,0.0930783674120903,0.00754800857976079,0.004665167070925236,0.0012933112448081374,10.0,1.0,10.0
515.0,0.093065544962883,0.093065544962883,0.00754568912088871,0.0046702791005373,0.0012938379077240825,10.0,1.0,10.0
516.0,0.09305287897586823,0.09305287897586823,0.007543397136032581,0.004675325006246567,0.0012943579349666834,10.0,1.0,10.0
517.0,0.09304026514291763,0.09304026514291763,0.007541124243289232,0.004680294543504715,0.0012948729563504457,10.0,1.0,10.0
518.0,0.09302762895822525,0.09302762895822525,0.007538859732449055,0.004685187712311745,0.0012953848345205188,10.0,1.0,10.0
519.0,0.09301505982875824,0.09301505982875824,0.007536612451076508,0.004690003581345081,0.0012958929874002934,10.0,1.0,10.0
520.0,0.09300258010625839,0.09300258010625839,0.007534388452768326,0.004694744478911161,0.0012963948538526893,10.0,1.0,10.0
521.0,0.09299001842737198,0.09299001842737198,0.0075321681797504425,0.004699413664638996,0.0012968922965228558,10.0,1.0,10.0
522.0,0.09297751635313034,0.09297751635313034,0.007529968395829201,0.004704010207206011,0.0012973822886124253,10.0,1.0,10.0
523.0,0.09296508878469467,0.09296508878469467,0.007527788169682026,0.004708541091531515,0.0012978665763512254,10.0,1.0,10.0
524.0,0.09295263886451721,0.09295263886451721,0.007525614462792873,0.004713003523647785,0.001298348419368267,10.0,1.0,10.0
525.0,0.09294024109840393,0.09294024109840393,0.007523458916693926,0.004717394709587097,0.0012988258386030793,10.0,1.0,10.0
526.0,0.09292792528867722,0.09292792528867722,0.007521321997046471,0.004721721634268761,0.0012992976699024439,10.0,1.0,10.0
527.0,0.09291556477546692,0.09291556477546692,0.007519193924963474,0.004725982900708914,0.0012997640296816826,10.0,1.0,10.0
528.0,0.09290328621864319,0.09290328621864319,0.007517089135944843,0.004730171523988247,0.0013002227060496807,10.0,1.0,10.0
529.0,0.09289098531007767,0.09289098531007767,0.007514992728829384,0.0047343019396066666,0.0013006763765588403,10.0,1.0,10.0
530.0,0.09287873655557632,0.09287873655557632,0.007512910291552544,0.004738358315080404,0.0013011267874389887,10.0,1.0,10.0
531.0,0.09286648035049438,0.09286648035049438,0.007510839961469173,0.00474235974252224,0.0013015717267990112,10.0,1.0,10.0
532.0,0.0928543284535408,0.0928543284535408,0.007508790120482445,0.004746295046061277,0.0013020125916227698,10.0,1.0,10.0
533.0,0.09284210950136185,0.09284210950136185,0.0075067481957376,0.004750174004584551,0.001302445074543357,10.0,1.0,10.0
534.0,0.0928298830986023,0.0928298830986023,0.007504716515541077,0.004753988701850176,0.0013028726680204272,10.0,1.0,10.0
535.0,0.0928177610039711,0.0928177610039711,0.007502707652747631,0.004757740534842014,0.001303294557146728,10.0,1.0,10.0
536.0,0.0928056389093399,0.0928056389093399,0.0075007095001637936,0.0047614299692213535,0.0013037112075835466,10.0,1.0,10.0
537.0,0.0927935317158699,0.0927935317158699,0.0074987225234508514,0.004765067249536514,0.001304123317822814,10.0,1.0,10.0
538.0,0.0927814319729805,0.0927814319729805,0.007496749050915241,0.004768654704093933,0.001304528908804059,10.0,1.0,10.0
539.0,0.09276934713125229,0.09276934713125229,0.007494786754250526,0.004772178828716278,0.0013049304252490401,10.0,1.0,10.0
540.0,0.09275729209184647,0.09275729209184647,0.0074928379617631435,0.004775647539645433,0.0013053261209279299,10.0,1.0,10.0
541.0,0.09274524450302124,0.09274524450302124,0.007490900810807943,0.00477905198931694,0.0013057186733931303,10.0,1.0,10.0
542.0,0.09273318201303482,0.09273318201303482,0.007488975301384926,0.00478240754455328,0.0013061021454632282,10.0,1.0,10.0
543.0,0.09272118657827377,0.09272118657827377,0.007487069349735975,0.004785713739693165,0.0013064778177067637,10.0,1.0,10.0
544.0,0.09270913898944855,0.09270913898944855,0.007485168054699898,0.004788962192833424,0.0013068498810753226,10.0,1.0,10.0
545.0,0.09269719570875168,0.09269719570875168,0.007483282592147589,0.004792163148522377,0.0013072205474600196,10.0,1.0,10.0
546.0,0.09268520027399063,0.09268520027399063,0.007481404580175877,0.004795309156179428,0.0013075852766633034,10.0,1.0,10.0
547.0,0.0926731675863266,0.0926731675863266,0.0074795326218008995,0.0047984072007238865,0.0013079431373625994,10.0,1.0,10.0
548.0,0.09266125410795212,0.09266125410795212,0.007477687206119299,0.0048014577478170395,0.0013082921504974365,10.0,1.0,10.0
549.0,0.09264923632144928,0.09264923632144928,0.007475839927792549,0.004804451484233141,0.001308638253249228,10.0,1.0,10.0
550.0,0.0926373302936554,0.0926373302936554,0.007474013604223728,0.004807399585843086,0.0013089801650494337,10.0,1.0,10.0
551.0,0.09262537211179733,0.09262537211179733,0.0074721891433000565,0.0048103067092597485,0.0013093181187286973,10.0,1.0,10.0
552.0,0.09261351078748703,0.09261351078748703,0.007470385637134314,0.0048131635412573814,0.0013096488546580076,10.0,1.0,10.0
553.0,0.09260161221027374,0.09260161221027374,0.007468590512871742,0.004815973341464996,0.001309973536990583,10.0,1.0,10.0
554.0,0.0925895944237709,0.0925895944237709,0.007466794922947884,0.004818735644221306,0.0013102912344038486,10.0,1.0,10.0
555.0,0.09257767349481583,0.09257767349481583,0.007465018425136805,0.004821448586881161,0.0013106040423735976,10.0,1.0,10.0
556.0,0.0925658717751503,0.0925658717751503,0.007463259622454643,0.004824125207960606,0.0013109147548675537,10.0,1.0,10.0
557.0,0.09255395829677582,0.09255395829677582,0.007461500819772482,0.004826754331588745,0.0013112190645188093,10.0,1.0,10.0
558.0,0.09254205971956253,0.09254205971956253,0.007459751330316067,0.004829344339668751,0.0013115197652950883,10.0,1.0,10.0
559.0,0.09253014624118805,0.09253014624118805,0.007458011619746685,0.004831897094845772,0.0013118130154907703,10.0,1.0,10.0
560.0,0.09251831471920013,0.09251831471920013,0.007456289604306221,0.004834403749555349,0.0013121014926582575,10.0,1.0,10.0
561.0,0.09250636398792267,0.09250636398792267,0.00745456712320447,0.004836865700781345,0.0013123828684911132,10.0,1.0,10.0
562.0,0.0924944281578064,0.0924944281578064,0.007452854886651039,0.0048392838798463345,0.0013126600533723831,10.0,1.0,10.0
563.0,0.09248261898756027,0.09248261898756027,0.007451165001839399,0.00484166294336319,0.0013129308354109526,10.0,1.0,10.0
564.0,0.09247078001499176,0.09247078001499176,0.007449478842318058,0.004844007547944784,0.0013131987070664763,10.0,1.0,10.0
565.0,0.09245888888835907,0.09245888888835907,0.007447794545441866,0.004846319556236267,0.0013134620385244489,10.0,1.0,10.0
566.0,0.09244697540998459,0.09244697540998459,0.007446118630468845,0.004848589655011892,0.0013137198984622955,10.0,1.0,10.0
567.0,0.09243512898683548,0.09243512898683548,0.007444456685334444,0.004850823897868395,0.0013139734510332346,10.0,1.0,10.0
568.0,0.09242326766252518,0.09242326766252518,0.0074428049847483635,0.004853012040257454,0.0013142208335921168,10.0,1.0,10.0
569.0,0.09241136163473129,0.09241136163473129,0.007441158872097731,0.004855169449001551,0.0013144606491550803,10.0,1.0,10.0
570.0,0.0923994705080986,0.0923994705080986,0.007439522072672844,0.004857288673520088,0.0013146961573511362,10.0,1.0,10.0
571.0,0.0923876166343689,0.0923876166343689,0.007437895983457565,0.004859382286667824,0.00131492770742625,10.0,1.0,10.0
572.0,0.092375747859478,0.092375747859478,0.00743627455085516,0.0048614367842674255,0.0013151562307029963,10.0,1.0,10.0
573.0,0.09236390888690948,0.09236390888690948,0.007434663828462362,0.004863460082560778,0.0013153809122741222,10.0,1.0,10.0
574.0,0.0923520028591156,0.0923520028591156,0.007433056831359863,0.004865442402660847,0.0013155988417565823,10.0,1.0,10.0
575.0,0.0923401489853859,0.0923401489853859,0.007431465201079845,0.00486739631742239,0.0013158097863197327,10.0,1.0,10.0
576.0,0.09232822060585022,0.09232822060585022,0.007429876364767551,0.004869310650974512,0.0013160150265321136,10.0,1.0,10.0
577.0,0.0923163890838623,0.0923163890838623,0.007428302429616451,0.004871198907494545,0.0013162170071154833,10.0,1.0,10.0
578.0,0.09230443090200424,0.09230443090200424,0.007426721043884754,0.004873059224337339,0.0013164165429770947,10.0,1.0,10.0
579.0,0.09229253977537155,0.09229253977537155,0.007425153627991676,0.004874895326793194,0.0013166116550564766,10.0,1.0,10.0
580.0,0.09228058904409409,0.09228058904409409,0.007423588074743748,0.004876695107668638,0.0013168011792004108,10.0,1.0,10.0
581.0,0.09226875752210617,0.09226875752210617,0.00742204487323761,0.0048784674145281315,0.0013169838348403573,10.0,1.0,10.0
582.0,0.09225685894489288,0.09225685894489288,0.007420504465699196,0.004880197811871767,0.0013171621831133962,10.0,1.0,10.0
583.0,0.09224487841129303,0.09224487841129303,0.007418961264193058,0.0048819053918123245,0.0013173361076042056,10.0,1.0,10.0
584.0,0.09223298728466034,0.09223298728466034,0.007417433895170689,0.004883582703769207,0.001317506656050682,10.0,1.0,10.0
585.0,0.09222110360860825,0.09222110360860825,0.007415914908051491,0.004885239526629448,0.0013176717329770327,10.0,1.0,10.0
586.0,0.0922091007232666,0.0922091007232666,0.00741439126431942,0.00488686840981245,0.001317832269705832,10.0,1.0,10.0
587.0,0.0921972244977951,0.0921972244977951,0.007412885781377554,0.004888474475592375,0.0013179890811443329,10.0,1.0,10.0
588.0,0.09218521416187286,0.09218521416187286,0.007411373779177666,0.004890046548098326,0.0013181425165385008,10.0,1.0,10.0
589.0,0.09217329323291779,0.09217329323291779,0.007409881334751844,0.004891592543572187,0.001318289083428681,10.0,1.0,10.0
590.0,0.09216132014989853,0.09216132014989853,0.007408388424664736,0.004893114324659109,0.0013184318086132407,10.0,1.0,10.0
591.0,0.09214924275875092,0.09214924275875092,0.007406893651932478,0.004894610494375229,0.001318569527938962,10.0,1.0,10.0
592.0,0.09213729947805405,0.09213729947805405,0.007405420299619436,0.004896079655736685,0.0013187015429139137,10.0,1.0,10.0
593.0,0.09212532639503479,0.09212532639503479,0.0074039483442902565,0.004897526931017637,0.001318831811659038,10.0,1.0,10.0
594.0,0.09211339056491852,0.09211339056491852,0.0074024866335093975,0.004898949526250362,0.0013189573073759675,10.0,1.0,10.0
595.0,0.09210138022899628,0.09210138022899628,0.007401022128760815,0.004900357685983181,0.001319080009125173,10.0,1.0,10.0
596.0,0.09208929538726807,0.09208929538726807,0.007399558089673519,0.0049017444252967834,0.0013191966572776437,10.0,1.0,10.0
597.0,0.09207730740308762,0.09207730740308762,0.007398111280053854,0.004903100896626711,0.001319309463724494,10.0,1.0,10.0
598.0,0.09206528961658478,0.09206528961658478,0.007396669127047062,0.004904431756585836,0.001319416449405253,10.0,1.0,10.0
599.0,0.09205324202775955,0.09205324202775955,0.00739523209631443,0.004905741196125746,0.0013195185456424952,10.0,1.0,10.0
600.0,0.09204117208719254,0.09204117208719254,0.007393797859549522,0.004907030612230301,0.0013196163345128298,10.0,1.0,10.0
601.0,0.09202910214662552,0.09202910214662552,0.007392365485429764,0.004908300936222076,0.0013197149382904172,10.0,1.0,10.0
602.0,0.09201700240373611,0.09201700240373611,0.007390936836600304,0.004909554962068796,0.0013198074884712696,10.0,1.0,10.0
603.0,0.09200497716665268,0.09200497716665268,0.007389524485915899,0.004910788964480162,0.0013198943343013525,10.0,1.0,10.0
604.0,0.0919928327202797,0.0919928327202797,0.007388105615973473,0.00491200340911746,0.001319976756349206,10.0,1.0,10.0
605.0,0.09198075532913208,0.09198075532913208,0.007386698387563229,0.0049131885170936584,0.0013200577814131975,10.0,1.0,10.0
606.0,0.09196856617927551,0.09196856617927551,0.007385289762169123,0.004914361517876387,0.001320131472311914,10.0,1.0,10.0
607.0,0.09195646643638611,0.09195646643638611,0.007383893243968487,0.00491551635786891,0.0013202016707509756,10.0,1.0,10.0
608.0,0.09194432944059372,0.09194432944059372,0.007382498588413,0.004916659090667963,0.0013202682603150606,10.0,1.0,10.0
609.0,0.09193214029073715,0.09193214029073715,0.0073811025358736515,0.004917779006063938,0.001320333918556571,10.0,1.0,10.0
610.0,0.09191995114088058,0.09191995114088058,0.007379712536931038,0.004918886348605156,0.0013203942216932774,10.0,1.0,10.0
611.0,0.0919078141450882,0.0919078141450882,0.007378334179520607,0.004919969942420721,0.001320451032370329,10.0,1.0,10.0
612.0,0.09189561009407043,0.09189561009407043,0.0073769548907876015,0.00492103723809123,0.00132050272077322,10.0,1.0,10.0
613.0,0.09188340604305267,0.09188340604305267,0.007375582121312618,0.004922091495245695,0.0013205489376559854,10.0,1.0,10.0
614.0,0.09187120199203491,0.09187120199203491,0.0073742130771279335,0.004923131316900253,0.0013205946888774633,10.0,1.0,10.0
615.0,0.09185895323753357,0.09185895323753357,0.00737284030765295,0.004924160894006491,0.0013206382282078266,10.0,1.0,10.0
616.0,0.09184667468070984,0.09184667468070984,0.007371473126113415,0.004925170913338661,0.0013206771109253168,10.0,1.0,10.0
617.0,0.09183447062969208,0.09183447062969208,0.007370122242718935,0.004926162306219339,0.0013207084266468883,10.0,1.0,10.0
618.0,0.09182211756706238,0.09182211756706238,0.007368761580437422,0.0049271360039711,0.001320736831985414,10.0,1.0,10.0
619.0,0.09180986881256104,0.09180986881256104,0.007367413491010666,0.004928105510771275,0.001320763141848147,10.0,1.0,10.0
620.0,0.09179758280515671,0.09179758280515671,0.007366065867245197,0.004929058253765106,0.0013207868905737996,10.0,1.0,10.0
621.0,0.09178526699542999,0.09178526699542999,0.007364718709141016,0.004930002149194479,0.0013208079617470503,10.0,1.0,10.0
622.0,0.09177286922931671,0.09177286922931671,0.0073633696883916855,0.004930933006107807,0.001320823677815497,10.0,1.0,10.0
623.0,0.0917605310678482,0.0917605310678482,0.00736203184351325,0.00493184570223093,0.001320836367085576,10.0,1.0,10.0
624.0,0.09174823760986328,0.09174823760986328,0.007360706105828285,0.004932744428515434,0.0013208430027589202,10.0,1.0,10.0
625.0,0.0917358249425888,0.0917358249425888,0.007359371520578861,0.004933638032525778,0.0013208469608798623,10.0,1.0,10.0
626.0,0.09172339737415314,0.09172339737415314,0.0073580374009907246,0.0049345167353749275,0.0013208499876782298,10.0,1.0,10.0
627.0,0.09171101450920105,0.09171101450920105,0.007356713060289621,0.004935386124998331,0.0013208501040935516,10.0,1.0,10.0
628.0,0.0916985347867012,0.0916985347867012,0.0073553817346692085,0.004936251323670149,0.0013208470772951841,10.0,1.0,10.0
629.0,0.09168611466884613,0.09168611466884613,0.007354061584919691,0.004937098361551762,0.0013208405580371618,10.0,1.0,10.0
630.0,0.09167374670505524,0.09167374670505524,0.007352753542363644,0.004937935154885054,0.0013208278687670827,10.0,1.0,10.0
631.0,0.09166121482849121,0.09166121482849121,0.007351432926952839,0.004938764963299036,0.001320812152698636,10.0,1.0,10.0
632.0,0.09164869785308838,0.09164869785308838,0.007350116968154907,0.00493958406150341,0.0013207945739850402,10.0,1.0,10.0
633.0,0.09163618087768555,0.09163618087768555,0.00734880194067955,0.00494039710611105,0.0013207761803641915,10.0,1.0,10.0
634.0,0.09162367135286331,0.09162367135286331,0.007347493432462215,0.004941204097121954,0.0013207534793764353,10.0,1.0,10.0
635.0,0.09161116182804108,0.09161116182804108,0.007346191443502903,0.004941999446600676,0.0013207250740379095,10.0,1.0,10.0
636.0,0.09159857034683228,0.09159857034683228,0.007344882935285568,0.004942793864756823,0.0013206941075623035,10.0,1.0,10.0
637.0,0.09158596396446228,0.09158596396446228,0.007343577221035957,0.004943570587784052,0.001320662209764123,10.0,1.0,10.0
638.0,0.09157347679138184,0.09157347679138184,0.007342285476624966,0.0049443370662629604,0.001320627867244184,10.0,1.0,10.0
639.0,0.09156078845262527,0.09156078845262527,0.007340980228036642,0.004945103079080582,0.0013205880532041192,10.0,1.0,10.0
640.0,0.09154815226793289,0.09154815226793289,0.007339683827012777,0.0049458639696240425,0.0013205446302890778,10.0,1.0,10.0
641.0,0.0915355384349823,0.0915355384349823,0.00733839301392436,0.004946617875248194,0.001320498762652278,10.0,1.0,10.0
642.0,0.09152288734912872,0.09152288734912872,0.007337100803852081,0.004947368521243334,0.0013204507995396852,10.0,1.0,10.0
643.0,0.09151022136211395,0.09151022136211395,0.00733580719679594,0.004948112182319164,0.0013204034185037017,10.0,1.0,10.0
644.0,0.09149748086929321,0.09149748086929321,0.0073345135897397995,0.004948850255459547,0.0013203492853790522,10.0,1.0,10.0
645.0,0.09148473292589188,0.09148473292589188,0.00733322324231267,0.00494958832859993,0.0013202914269641042,10.0,1.0,10.0
646.0,0.0914720967411995,0.0914720967411995,0.007331945933401585,0.0049503156915307045,0.0013202321715652943,10.0,1.0,10.0
647.0,0.09145932644605637,0.09145932644605637,0.0073306565172970295,0.00495103420689702,0.0013201719848439097,10.0,1.0,10.0
648.0,0.09144659340381622,0.09144659340381622,0.007329375948756933,0.004951754119247198,0.001320107956416905,10.0,1.0,10.0
649.0,0.09143377840518951,0.09143377840518951,0.007328089326620102,0.004952475894242525,0.0013200409011915326,10.0,1.0,10.0
650.0,0.09142094105482101,0.09142094105482101,0.007326804101467133,0.004953191615641117,0.001319970702752471,10.0,1.0,10.0
651.0,0.09140818566083908,0.09140818566083908,0.007325530517846346,0.004953901749104261,0.001319898059591651,10.0,1.0,10.0
652.0,0.09139537811279297,0.09139537811279297,0.0073242513462901115,0.004954616539180279,0.0013198247179389,10.0,1.0,10.0
653.0,0.09138248860836029,0.09138248860836029,0.007322969846427441,0.004955322947353125,0.0013197469525039196,10.0,1.0,10.0
654.0,0.09136962890625,0.09136962890625,0.007321692071855068,0.0049560293555259705,0.001319668022915721,10.0,1.0,10.0
655.0,0.09135667979717255,0.09135667979717255,0.007320409640669823,0.004956732038408518,0.0013195849023759365,10.0,1.0,10.0
656.0,0.09134379029273987,0.09134379029273987,0.007319136522710323,0.004957427736371756,0.00131949910428375,10.0,1.0,10.0
657.0,0.09133084118366241,0.09133084118366241,0.0073178596794605255,0.0049581220373511314,0.0013194121420383453,10.0,1.0,10.0
658.0,0.09131793677806854,0.09131793677806854,0.007316587492823601,0.004958828911185265,0.0013193223858252168,10.0,1.0,10.0
659.0,0.09130500257015228,0.09130500257015228,0.007315315306186676,0.004959538578987122,0.001319230766966939,10.0,1.0,10.0
660.0,0.09129195660352707,0.09129195660352707,0.0073140328750014305,0.004960247315466404,0.0013191381003707647,10.0,1.0,10.0
661.0,0.09127900004386902,0.09127900004386902,0.00731276348233223,0.004960947670042515,0.0013190420577302575,10.0,1.0,10.0
662.0,0.0912659540772438,0.0912659540772438,0.007311489433050156,0.0049616433680057526,0.0013189412420615554,10.0,1.0,10.0
663.0,0.09125292301177979,0.09125292301177979,0.007310220506042242,0.004962342791259289,0.0013188377488404512,10.0,1.0,10.0
664.0,0.0912398248910904,0.0912398248910904,0.007308943662792444,0.00496304826810956,0.0013187339063733816,10.0,1.0,10.0
665.0,0.09122678637504578,0.09122678637504578,0.007307672873139381,0.00496375048533082,0.001318631460890174,10.0,1.0,10.0
666.0,0.09121368825435638,0.09121368825435638,0.007306396961212158,0.004964461550116539,0.0013185258721932769,10.0,1.0,10.0
667.0,0.09120049327611923,0.09120049327611923,0.0073051173239946365,0.0049651749432086945,0.0013184151612222195,10.0,1.0,10.0
668.0,0.09118740260601044,0.09118740260601044,0.007303847000002861,0.004965891130268574,0.0013183036353439093,10.0,1.0,10.0
669.0,0.09117425978183746,0.09117425978183746,0.007302576210349798,0.004966599866747856,0.0013181893154978752,10.0,1.0,10.0
670.0,0.09116113930940628,0.09116113930940628,0.007301307749003172,0.004967320244759321,0.0013180746464058757,10.0,1.0,10.0
671.0,0.09114793688058853,0.09114793688058853,0.007300032302737236,0.00496805040165782,0.001317956019192934,10.0,1.0,10.0
672.0,0.09113476425409317,0.09113476425409317,0.007298759184777737,0.004968775901943445,0.0013178391382098198,10.0,1.0,10.0
673.0,0.09112146496772766,0.09112146496772766,0.007297478150576353,0.0049695041961967945,0.0013177182991057634,10.0,1.0,10.0
674.0,0.09110822528600693,0.09110822528600693,0.007296205498278141,0.00497022969648242,0.0013175939675420523,10.0,1.0,10.0
675.0,0.09109491109848022,0.09109491109848022,0.007294928655028343,0.004970967769622803,0.0013174654450267553,10.0,1.0,10.0
676.0,0.09108167141675949,0.09108167141675949,0.007293658331036568,0.004971708636730909,0.0013173384359106421,10.0,1.0,10.0
677.0,0.09106835722923279,0.09106835722923279,0.007292375899851322,0.004972463008016348,0.0013172135222703218,10.0,1.0,10.0
678.0,0.0910550057888031,0.0910550057888031,0.007291092537343502,0.004973221104592085,0.001317086280323565,10.0,1.0,10.0
679.0,0.09104174375534058,0.09104174375534058,0.0072898222133517265,0.004973983857780695,0.0013169536832720041,10.0,1.0,10.0
680.0,0.09102831035852432,0.09102831035852432,0.007288537919521332,0.004974746610969305,0.0013168186414986849,10.0,1.0,10.0
681.0,0.09101498126983643,0.09101498126983643,0.007287266198545694,0.004975514020770788,0.0013166804565116763,10.0,1.0,10.0
682.0,0.09100154042243958,0.09100154042243958,0.007285981439054012,0.0049762846902012825,0.0013165440177544951,10.0,1.0,10.0
683.0,0.09098808467388153,0.09098808467388153,0.007284692954272032,0.004977068398147821,0.0013164092088118196,10.0,1.0,10.0
684.0,0.09097463637590408,0.09097463637590408,0.007283404935151339,0.00497787119820714,0.001316271023824811,10.0,1.0,10.0
685.0,0.09096119552850723,0.09096119552850723,0.007282122503966093,0.004978678189218044,0.0013161293463781476,10.0,1.0,10.0
686.0,0.09094767272472382,0.09094767272472382,0.007280833087861538,0.004979479592293501,0.0013159862719476223,10.0,1.0,10.0
687.0,0.09093419462442398,0.09093419462442398,0.007279548794031143,0.004980281926691532,0.0013158423826098442,10.0,1.0,10.0
688.0,0.09092067182064056,0.09092067182064056,0.007278262171894312,0.004981096833944321,0.0013156954664736986,10.0,1.0,10.0
689.0,0.09090715646743774,0.09090715646743774,0.007276974618434906,0.004981930833309889,0.0013155479682609439,10.0,1.0,10.0
690.0,0.09089364856481552,0.09089364856481552,0.007275685667991638,0.004982774145901203,0.0013154015177860856,10.0,1.0,10.0
691.0,0.09087996184825897,0.09087996184825897,0.007274378556758165,0.004983630031347275,0.0013152543688192964,10.0,1.0,10.0
692.0,0.09086642414331436,0.09086642414331436,0.00727308914065361,0.004984480328857899,0.0013151051243767142,10.0,1.0,10.0
693.0,0.09085281193256378,0.09085281193256378,0.007271795067936182,0.004985345993191004,0.0013149515725672245,10.0,1.0,10.0
694.0,0.09083911776542664,0.09083911776542664,0.007270491681993008,0.004986213520169258,0.0013147983700037003,10.0,1.0,10.0
695.0,0.09082547575235367,0.09082547575235367,0.00726919574663043,0.004987096413969994,0.0013146420242264867,10.0,1.0,10.0
696.0,0.09081180393695831,0.09081180393695831,0.007267891429364681,0.004987992811948061,0.001314489170908928,10.0,1.0,10.0
697.0,0.09079813212156296,0.09079813212156296,0.007266586646437645,0.004988902248442173,0.0013143362011760473,10.0,1.0,10.0
698.0,0.09078440070152283,0.09078440070152283,0.007265277206897736,0.004989818669855595,0.0013141809031367302,10.0,1.0,10.0
699.0,0.09077062457799911,0.09077062457799911,0.007263967767357826,0.004990739747881889,0.0013140207156538963,10.0,1.0,10.0
700.0,0.09075687825679779,0.09075687825679779,0.007262660190463066,0.0049916720017790794,0.0013138595968484879,10.0,1.0,10.0
701.0,0.09074311703443527,0.09074311703443527,0.007261349819600582,0.004992616828531027,0.0013136997586116195,10.0,1.0,10.0
702.0,0.09072932600975037,0.09072932600975037,0.0072600338608026505,0.004993571899831295,0.001313542015850544,10.0,1.0,10.0
703.0,0.09071548283100128,0.09071548283100128,0.007258710917085409,0.004994553048163652,0.0013133817119523883,10.0,1.0,10.0
704.0,0.09070165455341339,0.09070165455341339,0.00725739449262619,0.004995534662157297,0.0013132181484252214,10.0,1.0,10.0
705.0,0.09068784862756729,0.09068784862756729,0.007256077602505684,0.004996522329747677,0.0013130553998053074,10.0,1.0,10.0
706.0,0.09067397564649582,0.09067397564649582,0.00725475512444973,0.0049975174479186535,0.0013128905557096004,10.0,1.0,10.0
707.0,0.09066002815961838,0.09066002815961838,0.007253425195813179,0.004998534452170134,0.0013127244310453534,10.0,1.0,10.0
708.0,0.09064612537622452,0.09064612537622452,0.007252095267176628,0.004999569617211819,0.0013125600526109338,10.0,1.0,10.0
709.0,0.09063220024108887,0.09063220024108887,0.007250761613249779,0.005000614561140537,0.0013123968383297324,10.0,1.0,10.0
710.0,0.09061820060014725,0.09061820060014725,0.007249421440064907,0.005001666955649853,0.0013122321106493473,10.0,1.0,10.0
711.0,0.0906042605638504,0.0906042605638504,0.007248091045767069,0.0050027333199977875,0.0013120622606948018,10.0,1.0,10.0
712.0,0.09059029817581177,0.09059029817581177,0.007246755063533783,0.0050038062036037445,0.0013118936913087964,10.0,1.0,10.0
713.0,0.09057631343603134,0.09057631343603134,0.007245417684316635,0.005004896782338619,0.0013117240741848946,10.0,1.0,10.0
714.0,0.09056225419044495,0.09056225419044495,0.007244068663567305,0.0050060078501701355,0.001311556319706142,10.0,1.0,10.0
715.0,0.09054818749427795,0.09054818749427795,0.007242715917527676,0.005007133819162846,0.0013113892637193203,10.0,1.0,10.0
716.0,0.09053412079811096,0.09053412079811096,0.007241365034133196,0.005008270964026451,0.0013112195301800966,10.0,1.0,10.0
717.0,0.09052003920078278,0.09052003920078278,0.007240012288093567,0.005009420216083527,0.0013110492145642638,10.0,1.0,10.0
718.0,0.09050589799880981,0.09050589799880981,0.007238654885441065,0.005010578315705061,0.0013108777347952127,10.0,1.0,10.0
719.0,0.09049182385206223,0.09049182385206223,0.007237302139401436,0.005011748522520065,0.0013107052072882652,10.0,1.0,10.0
720.0,0.09047769755125046,0.09047769755125046,0.007235939614474773,0.00501294108107686,0.001310535240918398,10.0,1.0,10.0
721.0,0.09046347439289093,0.09046347439289093,0.0072345673106610775,0.005014149472117424,0.0013103652745485306,10.0,1.0,10.0
722.0,0.09044934064149857,0.09044934064149857,0.0072332038544118404,0.005015375092625618,0.0013101929798722267,10.0,1.0,10.0
723.0,0.09043509513139725,0.09043509513139725,0.007231828290969133,0.0050166090950369835,0.0013100202195346355,10.0,1.0,10.0
724.0,0.09042089432477951,0.09042089432477951,0.007230457849800587,0.005017856135964394,0.001309846295043826,10.0,1.0,10.0
725.0,0.09040667861700058,0.09040667861700058,0.00722908228635788,0.005019119940698147,0.001309673418290913,10.0,1.0,10.0
726.0,0.0903923287987709,0.0903923287987709,0.0072276899591088295,0.005020401906222105,0.0013095031026750803,10.0,1.0,10.0
727.0,0.09037813544273376,0.09037813544273376,0.0072263143956661224,0.005021699704229832,0.0013093292945995927,10.0,1.0,10.0
728.0,0.09036377817392349,0.09036377817392349,0.007224921137094498,0.0050230128690600395,0.001309155602939427,10.0,1.0,10.0
729.0,0.090349480509758,0.090349480509758,0.007223533466458321,0.005024339072406292,0.0013089815620332956,10.0,1.0,10.0
730.0,0.0903351753950119,0.0903351753950119,0.0072221411392092705,0.0050256815738976,0.0013088081032037735,10.0,1.0,10.0
731.0,0.09032081067562103,0.09032081067562103,0.007220742292702198,0.005027039907872677,0.0013086345279589295,10.0,1.0,10.0
732.0,0.09030637890100479,0.09030637890100479,0.007219335064291954,0.005028415005654097,0.0013084615347906947,10.0,1.0,10.0
733.0,0.09029202163219452,0.09029202163219452,0.0072179329581558704,0.005029809661209583,0.0013082879595458508,10.0,1.0,10.0
734.0,0.09027761965990067,0.09027761965990067,0.007216527126729488,0.005031216889619827,0.0013081125216558576,10.0,1.0,10.0
735.0,0.09026317298412323,0.09026317298412323,0.007215114310383797,0.005032642744481564,0.0013079389464110136,10.0,1.0,10.0
736.0,0.0902487263083458,0.0902487263083458,0.007213698700070381,0.005034084431827068,0.0013077661860734224,10.0,1.0,10.0
737.0,0.09023423492908478,0.09023423492908478,0.007212276570498943,0.0050355433486402035,0.0013075923779979348,10.0,1.0,10.0
738.0,0.09021975845098495,0.09021975845098495,0.007210854906588793,0.005037016700953245,0.001307418686337769,10.0,1.0,10.0
739.0,0.09020529687404633,0.09020529687404633,0.007209436036646366,0.005038506351411343,0.0013072433648630977,10.0,1.0,10.0
740.0,0.09019080549478531,0.09019080549478531,0.007208007387816906,0.005040018353611231,0.0013070707209408283,10.0,1.0,10.0
741.0,0.09017617255449295,0.09017617255449295,0.007206565234810114,0.005041545256972313,0.0013068976113572717,10.0,1.0,10.0
742.0,0.09016162902116776,0.09016162902116776,0.007205131463706493,0.005043084733188152,0.001306723104789853,10.0,1.0,10.0
743.0,0.09014705568552017,0.09014705568552017,0.00720369303599,0.00504464702680707,0.0013065478997305036,10.0,1.0,10.0
744.0,0.09013241529464722,0.09013241529464722,0.007202244829386473,0.0050462279468774796,0.0013063745573163033,10.0,1.0,10.0
745.0,0.09011782705783844,0.09011782705783844,0.0072007994167506695,0.005047822371125221,0.001306201913394034,10.0,1.0,10.0
746.0,0.09010320156812668,0.09010320156812668,0.007199347019195557,0.005049439147114754,0.00130602961871773,10.0,1.0,10.0
747.0,0.09008857607841492,0.09008857607841492,0.007197893224656582,0.005051072221249342,0.0013058575568720698,10.0,1.0,10.0
748.0,0.09007392823696136,0.09007392823696136,0.007196437567472458,0.005052719730883837,0.001305682584643364,10.0,1.0,10.0
749.0,0.09005922824144363,0.09005922824144363,0.007194977253675461,0.0050543793477118015,0.00130550772882998,10.0,1.0,10.0
750.0,0.09004445374011993,0.09004445374011993,0.00719350203871727,0.005056061316281557,0.0013053370639681816,10.0,1.0,10.0
751.0,0.09002972394227982,0.09002972394227982,0.007192031014710665,0.005057767499238253,0.0013051641872152686,10.0,1.0,10.0
752.0,0.09001503139734268,0.09001503139734268,0.007190562319010496,0.005059496965259314,0.0013049915432929993,10.0,1.0,10.0
753.0,0.09000028669834137,0.09000028669834137,0.007189084310084581,0.005061246454715729,0.0013048197142779827,10.0,1.0,10.0
754.0,0.08998548984527588,0.08998548984527588,0.007187598384916782,0.00506300013512373,0.001304651377722621,10.0,1.0,10.0
755.0,0.08997073769569397,0.08997073769569397,0.007186117582023144,0.005064771510660648,0.0013044786173850298,10.0,1.0,10.0
756.0,0.0899558812379837,0.0899558812379837,0.007184627465903759,0.005066564306616783,0.001304303528741002,10.0,1.0,10.0
757.0,0.08994103223085403,0.08994103223085403,0.00718313455581665,0.005068378988653421,0.001304130768403411,10.0,1.0,10.0
758.0,0.08992619812488556,0.08992619812488556,0.007181636057794094,0.005070206709206104,0.0013039630139246583,10.0,1.0,10.0
759.0,0.0899113193154335,0.0899113193154335,0.007180130109190941,0.005072062369436026,0.0013037952594459057,10.0,1.0,10.0
760.0,0.08989644795656204,0.08989644795656204,0.0071786269545555115,0.005073940381407738,0.0013036237796768546,10.0,1.0,10.0
761.0,0.0898815169930458,0.0898815169930458,0.007177119608968496,0.005075832828879356,0.001303448574617505,10.0,1.0,10.0
762.0,0.08986658602952957,0.08986658602952957,0.007175604812800884,0.00507773831486702,0.0013032802380621433,10.0,1.0,10.0
763.0,0.08985171467065811,0.08985171467065811,0.007174093741923571,0.005079657770693302,0.0013031120179221034,10.0,1.0,10.0
764.0,0.08983670175075531,0.08983670175075531,0.0071725668385624886,0.005081607960164547,0.0013029426336288452,10.0,1.0,10.0
765.0,0.08982173353433609,0.08982173353433609,0.0071710459887981415,0.00508357398211956,0.0013027699897065759,10.0,1.0,10.0
766.0,0.08980675041675568,0.08980675041675568,0.007169520482420921,0.0050855581648647785,0.0013025986263528466,10.0,1.0,10.0
767.0,0.08979175239801407,0.08979175239801407,0.007167987525463104,0.005087558180093765,0.0013024320360273123,10.0,1.0,10.0
768.0,0.08977671712636948,0.08977671712636948,0.007166449911892414,0.005089582875370979,0.0013022639323025942,10.0,1.0,10.0
769.0,0.0897616595029831,0.0897616595029831,0.007164906710386276,0.005091634579002857,0.001302095246501267,10.0,1.0,10.0
770.0,0.0897466316819191,0.0897466316819191,0.007163364905864,0.005093704909086227,0.001301927026361227,10.0,1.0,10.0
771.0,0.08973154425621033,0.08973154425621033,0.007161817513406277,0.005095778964459896,0.0013017583405598998,10.0,1.0,10.0
772.0,0.08971644192934036,0.08971644192934036,0.007160267326980829,0.005097873974591494,0.0013015897711738944,10.0,1.0,10.0
773.0,0.0897013396024704,0.0897013396024704,0.007158714812248945,0.00509999506175518,0.0013014194555580616,10.0,1.0,10.0
774.0,0.08968617767095566,0.08968617767095566,0.0071571520529687405,0.005102137569338083,0.0013012522831559181,10.0,1.0,10.0
775.0,0.08967103809118271,0.08967103809118271,0.007155586965382099,0.005104301031678915,0.0013010867405682802,10.0,1.0,10.0
776.0,0.089655801653862,0.089655801653862,0.007154010236263275,0.0051064882427453995,0.0013009210815653205,10.0,1.0,10.0
777.0,0.08964073657989502,0.08964073657989502,0.007152451202273369,0.005108686164021492,0.0013007533270865679,10.0,1.0,10.0
778.0,0.08962548524141312,0.08962548524141312,0.007150871213525534,0.0051109082996845245,0.0013005859218537807,10.0,1.0,10.0
779.0,0.08961029350757599,0.08961029350757599,0.007149296812713146,0.005113145802170038,0.0013004173524677753,10.0,1.0,10.0
780.0,0.08959506452083588,0.08959506452083588,0.007147714961320162,0.005115405190736055,0.001300250762142241,10.0,1.0,10.0
781.0,0.08957986533641815,0.08957986533641815,0.007146130315959454,0.0051176887936890125,0.0013000867329537868,10.0,1.0,10.0
782.0,0.08956454694271088,0.08956454694271088,0.007144533097743988,0.005119991023093462,0.0012999221216887236,10.0,1.0,10.0
783.0,0.08954927325248718,0.08954927325248718,0.007142942398786545,0.00512231420725584,0.0012997537851333618,10.0,1.0,10.0
784.0,0.08953399956226349,0.08953399956226349,0.00714134844020009,0.005124654620885849,0.0012995852157473564,10.0,1.0,10.0
785.0,0.08951862156391144,0.08951862156391144,0.007139741908758879,0.005127014126628637,0.0012994192074984312,10.0,1.0,10.0
786.0,0.08950338512659073,0.08950338512659073,0.007138142827898264,0.005129398312419653,0.0012992562260478735,10.0,1.0,10.0
787.0,0.0894879698753357,0.0894879698753357,0.0071365246549248695,0.00513180997222662,0.0012990913819521666,10.0,1.0,10.0
788.0,0.08947262912988663,0.08947262912988663,0.007134916260838509,0.005134232342243195,0.0012989239767193794,10.0,1.0,10.0
789.0,0.08945725858211517,0.08945725858211517,0.007133300416171551,0.0051366714760661125,0.0012987584341317415,10.0,1.0,10.0
790.0,0.08944182097911835,0.08944182097911835,0.007131675723940134,0.005139125976711512,0.001298593357205391,10.0,1.0,10.0
791.0,0.08942645788192749,0.08942645788192749,0.007130056619644165,0.005141611211001873,0.0012984279310330749,10.0,1.0,10.0
792.0,0.08941103518009186,0.08941103518009186,0.007128428667783737,0.005144130438566208,0.001298262388445437,10.0,1.0,10.0
793.0,0.08939559757709503,0.08939559757709503,0.007126794196665287,0.005146663635969162,0.0012980997562408447,10.0,1.0,10.0
794.0,0.08938011527061462,0.08938011527061462,0.007125155534595251,0.005149209871888161,0.001297934795729816,10.0,1.0,10.0
795.0,0.08936464786529541,0.08936464786529541,0.007123518735170364,0.0051517668180167675,0.0012977698352187872,10.0,1.0,10.0
796.0,0.08934921026229858,0.08934921026229858,0.007121884264051914,0.005154356826096773,0.001297601731494069,10.0,1.0,10.0
797.0,0.08933363854885101,0.08933363854885101,0.0071202293038368225,0.005156973842531443,0.0012974371202290058,10.0,1.0,10.0
798.0,0.08931814879179001,0.08931814879179001,0.007118580397218466,0.005159599240869284,0.00129727425519377,10.0,1.0,10.0
799.0,0.08930256217718124,0.08930256217718124,0.007116921246051788,0.005162249784916639,0.0012971105752512813,10.0,1.0,10.0
800.0,0.08928704261779785,0.08928704261779785,0.007115268148481846,0.005164928734302521,0.0012969435192644596,10.0,1.0,10.0
801.0,0.08927148580551147,0.08927148580551147,0.007113609462976456,0.0051676249131560326,0.0012967769289389253,10.0,1.0,10.0
802.0,0.0892559140920639,0.0892559140920639,0.007111944258213043,0.00517034437507391,0.001296613016165793,10.0,1.0,10.0
803.0,0.08924029767513275,0.08924029767513275,0.0071102711372077465,0.005173083394765854,0.0012964499182999134,10.0,1.0,10.0
804.0,0.08922471106052399,0.08922471106052399,0.007108600344508886,0.005175849422812462,0.0012962857726961374,10.0,1.0,10.0
805.0,0.08920899033546448,0.08920899033546448,0.007106916047632694,0.005178629886358976,0.0012961197644472122,10.0,1.0,10.0
806.0,0.0891934186220169,0.0891934186220169,0.007105246186256409,0.005181421991437674,0.0012959528248757124,10.0,1.0,10.0
807.0,0.08917775750160217,0.08917775750160217,0.007103567011654377,0.005184235982596874,0.0012957857688888907,10.0,1.0,10.0
808.0,0.08916209638118744,0.08916209638118744,0.007101881317794323,0.005187083035707474,0.0012956202263012528,10.0,1.0,10.0
809.0,0.08914633095264435,0.08914633095264435,0.00710018165409565,0.005189958494156599,0.0012954564299434423,10.0,1.0,10.0
810.0,0.08913066238164902,0.08913066238164902,0.007098490372300148,0.005192849785089493,0.0012952919350937009,10.0,1.0,10.0
811.0,0.0891149565577507,0.0891149565577507,0.007096793502569199,0.005195762496441603,0.0012951260432600975,10.0,1.0,10.0
812.0,0.0890992283821106,0.0890992283821106,0.007095093838870525,0.005198699422180653,0.001294958870857954,10.0,1.0,10.0
813.0,0.08908342570066452,0.08908342570066452,0.007093386724591255,0.005201646126806736,0.0012947919312864542,10.0,1.0,10.0
814.0,0.08906766772270203,0.08906766772270203,0.007091677747666836,0.005204619374126196,0.0012946267379447818,10.0,1.0,10.0
815.0,0.08905190229415894,0.08905190229415894,0.007089966908097267,0.005207620095461607,0.0012944614281877875,10.0,1.0,10.0
816.0,0.08903610706329346,0.08903610706329346,0.007088253274559975,0.005210644565522671,0.0012942930916324258,10.0,1.0,10.0
817.0,0.08902029693126678,0.08902029693126678,0.007086534518748522,0.005213685799390078,0.0012941262684762478,10.0,1.0,10.0
818.0,0.08900447934865952,0.08900447934865952,0.00708481390029192,0.005216742865741253,0.001293959910981357,10.0,1.0,10.0
819.0,0.08898865431547165,0.08898865431547165,0.0070830900222063065,0.00521983252838254,0.0012937923893332481,10.0,1.0,10.0
820.0,0.08897284418344498,0.08897284418344498,0.0070813680067658424,0.005222948733717203,0.0012936221901327372,10.0,1.0,10.0
821.0,0.08895695209503174,0.08895695209503174,0.00707963015884161,0.0052260784432291985,0.0012934575788676739,10.0,1.0,10.0
822.0,0.08894100785255432,0.08894100785255432,0.007077889051288366,0.0052292258478701115,0.0012932888930663466,10.0,1.0,10.0
823.0,0.08892513811588287,0.08892513811588287,0.007076153997331858,0.005232404917478561,0.0012931197416037321,10.0,1.0,10.0
824.0,0.08890922367572784,0.08890922367572784,0.007074411027133465,0.005235605873167515,0.001292950939387083,10.0,1.0,10.0
825.0,0.08889330178499222,0.08889330178499222,0.007072665728628635,0.005238828714936972,0.0012927815550938249,10.0,1.0,10.0
826.0,0.08887734264135361,0.08887734264135361,0.007070915307849646,0.0052420711144804955,0.0012926118215546012,10.0,1.0,10.0
827.0,0.08886139839887619,0.08886139839887619,0.007069162093102932,0.005245338659733534,0.001292443834245205,10.0,1.0,10.0
828.0,0.08884541690349579,0.08884541690349579,0.007067405618727207,0.00524863600730896,0.001292272936552763,10.0,1.0,10.0
829.0,0.08882947266101837,0.08882947266101837,0.007065650075674057,0.005251946859061718,0.0012921029701828957,10.0,1.0,10.0
830.0,0.08881349861621857,0.08881349861621857,0.007063891272991896,0.005255277268588543,0.001291931257583201,10.0,1.0,10.0
831.0,0.08879746496677399,0.08879746496677399,0.007062122225761414,0.0052586328238248825,0.0012917605927214026,10.0,1.0,10.0
832.0,0.08878147602081299,0.08878147602081299,0.007060357369482517,0.005262024700641632,0.0012915878323838115,10.0,1.0,10.0
833.0,0.0887654572725296,0.0887654572725296,0.007058586925268173,0.005265438929200172,0.0012914148392155766,10.0,1.0,10.0
834.0,0.08874934166669846,0.08874934166669846,0.007056800648570061,0.005268866661936045,0.0012912469683215022,10.0,1.0,10.0
835.0,0.08873334527015686,0.08873334527015686,0.0070550283417105675,0.005272313952445984,0.001291074207983911,10.0,1.0,10.0
836.0,0.0887172520160675,0.0887172520160675,0.007053248584270477,0.005275786854326725,0.0012908977223560214,10.0,1.0,10.0
837.0,0.08870113641023636,0.08870113641023636,0.00705146137624979,0.005279292818158865,0.001290723099373281,10.0,1.0,10.0
838.0,0.0886850580573082,0.0886850580573082,0.007049670442938805,0.005282818805426359,0.0012905527837574482,10.0,1.0,10.0
839.0,0.08866893500089645,0.08866893500089645,0.007047876715660095,0.005286362022161484,0.0012903804890811443,10.0,1.0,10.0
840.0,0.08865278214216232,0.08865278214216232,0.007046082057058811,0.005289935506880283,0.00129020307213068,10.0,1.0,10.0
841.0,0.08863668888807297,0.08863668888807297,0.007044290192425251,0.005293532274663448,0.001290025538764894,10.0,1.0,10.0
842.0,0.08862051367759705,0.08862051367759705,0.0070424871519207954,0.005297149531543255,0.001289849984459579,10.0,1.0,10.0
843.0,0.08860436826944351,0.08860436826944351,0.007040679920464754,0.005300796125084162,0.001289677107706666,10.0,1.0,10.0
844.0,0.0885881632566452,0.0885881632566452,0.007038867101073265,0.00530447531491518,0.0012895013205707073,10.0,1.0,10.0
845.0,0.08857197314500809,0.08857197314500809,0.007037056609988213,0.005308171734213829,0.0012893230887129903,10.0,1.0,10.0
846.0,0.08855582773685455,0.08855582773685455,0.007035251706838608,0.005311875604093075,0.001289143692702055,10.0,1.0,10.0
847.0,0.08853957056999207,0.08853957056999207,0.0070334309712052345,0.005315610207617283,0.0012889652280136943,10.0,1.0,10.0
848.0,0.088523268699646,0.088523268699646,0.007031602319329977,0.005319383926689625,0.0012887861812487245,10.0,1.0,10.0
849.0,0.08850710093975067,0.08850710093975067,0.00702978391200304,0.005323181394487619,0.0012886085314676166,10.0,1.0,10.0
850.0,0.0884908139705658,0.0884908139705658,0.007027952466160059,0.005327003076672554,0.0012884289026260376,10.0,1.0,10.0
851.0,0.08847463876008987,0.08847463876008987,0.007026131264865398,0.00533084012567997,0.0012882488081231713,10.0,1.0,10.0
852.0,0.08845827728509903,0.08845827728509903,0.007024290505796671,0.005334705580025911,0.0012880668509751558,10.0,1.0,10.0
853.0,0.08844200521707535,0.08844200521707535,0.007022456265985966,0.0053385961800813675,0.0012878848938271403,10.0,1.0,10.0
854.0,0.08842571824789047,0.08842571824789047,0.007020615041255951,0.005342517513781786,0.001287704799324274,10.0,1.0,10.0
855.0,0.08840934932231903,0.08840934932231903,0.007018765900284052,0.005346466787159443,0.0012875220272690058,10.0,1.0,10.0
856.0,0.08839309215545654,0.08839309215545654,0.007016927935183048,0.0053504277020692825,0.0012873390223830938,10.0,1.0,10.0
857.0,0.0883767306804657,0.0883767306804657,0.0070150746032595634,0.005354419816285372,0.0012871562503278255,10.0,1.0,10.0
858.0,0.08836039900779724,0.08836039900779724,0.0070132240653038025,0.005358447320759296,0.0012869708007201552,10.0,1.0,10.0
859.0,0.08834408223628998,0.08834408223628998,0.007011372596025467,0.00536249577999115,0.001286786049604416,10.0,1.0,10.0
860.0,0.08832765370607376,0.08832765370607376,0.0070095062255859375,0.005366567987948656,0.0012866019969806075,10.0,1.0,10.0
861.0,0.08831128478050232,0.08831128478050232,0.0070076449774205685,0.005370660685002804,0.0012864174786955118,10.0,1.0,10.0
862.0,0.08829492330551147,0.08829492330551147,0.007005782797932625,0.005374786909669638,0.0012862307485193014,10.0,1.0,10.0
863.0,0.08827853202819824,0.08827853202819824,0.007003916427493095,0.005378936883062124,0.0012860423885285854,10.0,1.0,10.0
864.0,0.08826214075088501,0.08826214075088501,0.007002048660069704,0.0053831166587769985,0.0012858535628765821,10.0,1.0,10.0
865.0,0.08824566006660461,0.08824566006660461,0.007000167854130268,0.00538731599226594,0.0012856668327003717,10.0,1.0,10.0
866.0,0.088229238986969,0.088229238986969,0.006998291239142418,0.005391545593738556,0.0012854775413870811,10.0,1.0,10.0
867.0,0.08821281045675278,0.08821281045675278,0.006996410898864269,0.005395811051130295,0.0012852887157350779,10.0,1.0,10.0
868.0,0.08819638192653656,0.08819638192653656,0.006994529161602259,0.0054000974632799625,0.001285099540837109,10.0,1.0,10.0
869.0,0.08817988634109497,0.08817988634109497,0.006992637179791927,0.005404407624155283,0.0012849103659391403,10.0,1.0,10.0
870.0,0.08816339075565338,0.08816339075565338,0.006990746129304171,0.005408743862062693,0.0012847185134887695,10.0,1.0,10.0
871.0,0.08814695477485657,0.08814695477485657,0.006988860201090574,0.00541310990229249,0.0012845247983932495,10.0,1.0,10.0
872.0,0.08813042938709259,0.08813042938709259,0.006986959371715784,0.005417501553893089,0.0012843336444348097,10.0,1.0,10.0
873.0,0.08811400085687637,0.08811400085687637,0.006985066458582878,0.005421924404799938,0.001284141093492508,10.0,1.0,10.0
874.0,0.08809742331504822,0.08809742331504822,0.0069831544533371925,0.005426381714642048,0.0012839497067034245,10.0,1.0,10.0
875.0,0.08808097243309021,0.08808097243309021,0.006981257349252701,0.00543085765093565,0.001283754245378077,10.0,1.0,10.0
876.0,0.08806440979242325,0.08806440979242325,0.00697934627532959,0.005435358267277479,0.0012835594825446606,10.0,1.0,10.0
877.0,0.08804790675640106,0.08804790675640106,0.006977437064051628,0.005439892411231995,0.001283364137634635,10.0,1.0,10.0
878.0,0.08803139626979828,0.08803139626979828,0.006975523196160793,0.005444459617137909,0.0012831703061237931,10.0,1.0,10.0
879.0,0.08801477402448654,0.08801477402448654,0.006973596289753914,0.005449054762721062,0.0012829756597056985,10.0,1.0,10.0
880.0,0.08799829334020615,0.08799829334020615,0.006971684750169516,0.005453667603433132,0.0012827776372432709,10.0,1.0,10.0
881.0,0.08798165619373322,0.08798165619373322,0.006969755049794912,0.005458308383822441,0.0012825793819501996,10.0,1.0,10.0
882.0,0.08796508610248566,0.08796508610248566,0.006967827677726746,0.005462987348437309,0.0012823818251490593,10.0,1.0,10.0
883.0,0.08794855326414108,0.08794855326414108,0.006965901702642441,0.005467698909342289,0.0012821839191019535,10.0,1.0,10.0
884.0,0.08793194591999054,0.08793194591999054,0.006963963620364666,0.005472436547279358,0.0012819868279621005,10.0,1.0,10.0
885.0,0.08791530877351761,0.08791530877351761,0.006962023209780455,0.005477194674313068,0.0012817882234230638,10.0,1.0,10.0
886.0,0.08789871633052826,0.08789871633052826,0.006960085593163967,0.005481986328959465,0.001281586941331625,10.0,1.0,10.0
887.0,0.08788210898637772,0.08788210898637772,0.006958146579563618,0.005486811976879835,0.0012813833309337497,10.0,1.0,10.0
888.0,0.08786547183990479,0.08786547183990479,0.006956196390092373,0.00549166789278388,0.0012811839114874601,10.0,1.0,10.0
889.0,0.08784884214401245,0.08784884214401245,0.006954244803637266,0.005496540106832981,0.0012809858890250325,10.0,1.0,10.0
890.0,0.08783221244812012,0.08783221244812012,0.00695229135453701,0.005501455627381802,0.001280783792026341,10.0,1.0,10.0
891.0,0.08781561255455017,0.08781561255455017,0.0069503444246947765,0.005506404675543308,0.0012805766891688108,10.0,1.0,10.0
892.0,0.08779902756214142,0.08779902756214142,0.006948390975594521,0.00551137188449502,0.0012803745921701193,10.0,1.0,10.0
893.0,0.0877823531627655,0.0877823531627655,0.006946424953639507,0.005516372621059418,0.001280172960832715,10.0,1.0,10.0
894.0,0.0877656564116478,0.0877656564116478,0.0069444552063941956,0.005521410144865513,0.001279969234019518,10.0,1.0,10.0
895.0,0.08774901926517487,0.08774901926517487,0.006942490115761757,0.005526484455913305,0.0012797642266377807,10.0,1.0,10.0
896.0,0.08773233741521835,0.08773233741521835,0.006940516643226147,0.005531580187380314,0.0012795591028407216,10.0,1.0,10.0
897.0,0.08771569281816483,0.08771569281816483,0.006938545033335686,0.005536689888685942,0.0012793547939509153,10.0,1.0,10.0
898.0,0.08769901096820831,0.08769901096820831,0.006936567835509777,0.005541840568184853,0.0012791489716619253,10.0,1.0,10.0
899.0,0.08768235892057419,0.08768235892057419,0.006934592500329018,0.005547038279473782,0.0012789398897439241,10.0,1.0,10.0
900.0,0.08766566962003708,0.08766566962003708,0.0069326055236160755,0.005552259739488363,0.0012787346495315433,10.0,1.0,10.0
901.0,0.08764896541833878,0.08764896541833878,0.006930616684257984,0.005557502619922161,0.0012785299913957715,10.0,1.0,10.0
902.0,0.08763225376605988,0.08763225376605988,0.006928624119609594,0.005562783684581518,0.001278323121368885,10.0,1.0,10.0
903.0,0.08761559426784515,0.08761559426784515,0.006926636211574078,0.005568110384047031,0.0012781118275597692,10.0,1.0,10.0
904.0,0.08759889751672745,0.08759889751672745,0.006924640852957964,0.005573446396738291,0.00127790414262563,10.0,1.0,10.0
905.0,0.08758220821619034,0.08758220821619034,0.006922639906406403,0.005578819662332535,0.0012776994844898582,10.0,1.0,10.0
906.0,0.08756555616855621,0.08756555616855621,0.006920642219483852,0.005584229249507189,0.0012774901697412133,10.0,1.0,10.0
907.0,0.08754882216453552,0.08754882216453552,0.006918637081980705,0.005589674226939678,0.001277277828194201,10.0,1.0,10.0
908.0,0.08753212541341782,0.08753212541341782,0.0069166310131549835,0.005595143884420395,0.001277067232877016,10.0,1.0,10.0
909.0,0.08751542121171951,0.08751542121171951,0.006914617493748665,0.0056006405502557755,0.0012768609449267387,10.0,1.0,10.0
910.0,0.08749867975711823,0.08749867975711823,0.006912599317729473,0.005606186576187611,0.0012766494182869792,10.0,1.0,10.0
911.0,0.0874820426106453,0.0874820426106453,0.006910589057952166,0.00561176985502243,0.0012764377752318978,10.0,1.0,10.0
912.0,0.08746534585952759,0.08746534585952759,0.0069085718132555485,0.005617368966341019,0.0012762267142534256,10.0,1.0,10.0
913.0,0.08744858205318451,0.08744858205318451,0.006906540133059025,0.0056229885667562485,0.0012760189129039645,10.0,1.0,10.0
914.0,0.08743191510438919,0.08743191510438919,0.0069045210257172585,0.005628657527267933,0.0012758043594658375,10.0,1.0,10.0
915.0,0.08741515874862671,0.08741515874862671,0.006902486085891724,0.005634374916553497,0.0012755927164107561,10.0,1.0,10.0
916.0,0.0873984843492508,0.0873984843492508,0.0069004544056952,0.005640106275677681,0.001275383634492755,10.0,1.0,10.0
917.0,0.0873817577958107,0.0873817577958107,0.006898416671901941,0.005645865574479103,0.0012751728063449264,10.0,1.0,10.0
918.0,0.087365061044693,0.087365061044693,0.006896382197737694,0.00565166724845767,0.0012749566230922937,10.0,1.0,10.0
919.0,0.0873483344912529,0.0873483344912529,0.006894341669976711,0.005657504312694073,0.0012747414875775576,10.0,1.0,10.0
920.0,0.08733165264129639,0.08733165264129639,0.006892295088618994,0.005663373041898012,0.0012745331041514874,10.0,1.0,10.0
921.0,0.08731493353843689,0.08731493353843689,0.006890245713293552,0.005669275298714638,0.0012743204133585095,10.0,1.0,10.0
922.0,0.08729821443557739,0.08729821443557739,0.0068881940096616745,0.005675210617482662,0.001274106209166348,10.0,1.0,10.0
923.0,0.08728154003620148,0.08728154003620148,0.006886146496981382,0.005681169219315052,0.0012738906079903245,10.0,1.0,10.0
924.0,0.08726485073566437,0.08726485073566437,0.006884089671075344,0.005687173455953598,0.0012736779171973467,10.0,1.0,10.0
925.0,0.08724816888570786,0.08724816888570786,0.006882030051201582,0.005693215876817703,0.0012734659248962998,10.0,1.0,10.0
926.0,0.08723148703575134,0.08723148703575134,0.006879966240376234,0.0056992946192622185,0.001273253234103322,10.0,1.0,10.0
927.0,0.08721480518579483,0.08721480518579483,0.006877901963889599,0.005705405492335558,0.0012730376329272985,10.0,1.0,10.0
928.0,0.08719813823699951,0.08719813823699951,0.006875835359096527,0.005711534060537815,0.0012728250585496426,10.0,1.0,10.0
929.0,0.08718140423297882,0.08718140423297882,0.006873758975416422,0.005717705003917217,0.0012726110871881247,10.0,1.0,10.0
930.0,0.08716479688882828,0.08716479688882828,0.0068716928362846375,0.00572391040623188,0.0012723957188427448,10.0,1.0,10.0
931.0,0.08714811503887177,0.08714811503887177,0.006869614589959383,0.005730160512030125,0.001272181048989296,10.0,1.0,10.0
932.0,0.08713139593601227,0.08713139593601227,0.006867527030408382,0.005736434366554022,0.001271969173103571,10.0,1.0,10.0
933.0,0.08711476624011993,0.08711476624011993,0.0068654464557766914,0.005742744076997042,0.0012717556674033403,10.0,1.0,10.0
934.0,0.0870981216430664,0.0870981216430664,0.006863360293209553,0.005749099887907505,0.0012715425109490752,10.0,1.0,10.0
935.0,0.0870814248919487,0.0870814248919487,0.006861266680061817,0.005755483638495207,0.001271327375434339,10.0,1.0,10.0
936.0,0.08706481754779816,0.08706481754779816,0.006859179586172104,0.005761893931776285,0.0012711134040728211,10.0,1.0,10.0
937.0,0.08704817295074463,0.08704817295074463,0.006857082713395357,0.005768336355686188,0.001270900946110487,10.0,1.0,10.0
938.0,0.08703158050775528,0.08703158050775528,0.006854989565908909,0.005774826277047396,0.0012706861598417163,10.0,1.0,10.0
939.0,0.08701496571302414,0.08701496571302414,0.0068528912961483,0.005781352519989014,0.0012704703258350492,10.0,1.0,10.0
940.0,0.08699832111597061,0.08699832111597061,0.006850782316178083,0.0057879057712852955,0.001270259264856577,10.0,1.0,10.0
941.0,0.08698177337646484,0.08698177337646484,0.006848681718111038,0.0057944911532104015,0.0012700468068942428,10.0,1.0,10.0
942.0,0.08696510642766953,0.08696510642766953,0.006846565753221512,0.005801122635602951,0.0012698331847786903,10.0,1.0,10.0
943.0,0.08694852888584137,0.08694852888584137,0.006844457238912582,0.005807780660688877,0.001269617467187345,10.0,1.0,10.0
944.0,0.08693192899227142,0.08693192899227142,0.006842340808361769,0.005814466159790754,0.0012694061733782291,10.0,1.0,10.0
945.0,0.08691540360450745,0.08691540360450745,0.006840229034423828,0.005821192637085915,0.0012691926676779985,10.0,1.0,10.0
946.0,0.08689882606267929,0.08689882606267929,0.006838103756308556,0.005827971268445253,0.001268981141038239,10.0,1.0,10.0
947.0,0.08688229322433472,0.08688229322433472,0.006835984066128731,0.0058347731828689575,0.0012687686830759048,10.0,1.0,10.0
948.0,0.08686579018831253,0.08686579018831253,0.006833862047642469,0.005841607227921486,0.0012685565743595362,10.0,1.0,10.0
949.0,0.08684921264648438,0.08684921264648438,0.006831726990640163,0.0058484687469899654,0.0012683473760262132,10.0,1.0,10.0
950.0,0.08683273196220398,0.08683273196220398,0.006829603109508753,0.005855369847267866,0.0012681337539106607,10.0,1.0,10.0
951.0,0.0868162140250206,0.0868162140250206,0.0068274689838290215,0.005862315651029348,0.001267920364625752,10.0,1.0,10.0
952.0,0.08679976314306259,0.08679976314306259,0.006825333461165428,0.005869289860129356,0.0012677130289375782,10.0,1.0,10.0
953.0,0.08678321540355682,0.08678321540355682,0.006823188625276089,0.005876301787793636,0.001267502666451037,10.0,1.0,10.0
954.0,0.08676684647798538,0.08676684647798538,0.00682105915620923,0.005883343517780304,0.0012672911398112774,10.0,1.0,10.0
955.0,0.0867503434419632,0.0867503434419632,0.00681891106069088,0.005890427157282829,0.0012670796131715178,10.0,1.0,10.0
956.0,0.08673390001058578,0.08673390001058578,0.006816765293478966,0.005897536873817444,0.0012668704148381948,10.0,1.0,10.0
957.0,0.08671743422746658,0.08671743422746658,0.0068146116100251675,0.005904685240238905,0.0012666636612266302,10.0,1.0,10.0
958.0,0.08670111000537872,0.08670111000537872,0.0068124691024422646,0.0059118727222085,0.0012664546957239509,10.0,1.0,10.0
959.0,0.0866847038269043,0.0866847038269043,0.006810315884649754,0.0059190960600972176,0.001266244798898697,10.0,1.0,10.0
960.0,0.08666831254959106,0.08666831254959106,0.0068081580102443695,0.005926345009356737,0.0012660387437790632,10.0,1.0,10.0
961.0,0.08665192127227783,0.08665192127227783,0.006805998273193836,0.005933629348874092,0.0012658315245062113,10.0,1.0,10.0
962.0,0.08663561195135117,0.08663561195135117,0.006803843192756176,0.005940956063568592,0.0012656222097575665,10.0,1.0,10.0
963.0,0.08661923557519913,0.08661923557519913,0.006801676005125046,0.0059483167715370655,0.0012654158053919673,10.0,1.0,10.0
964.0,0.08660290390253067,0.08660290390253067,0.006799507886171341,0.0059557026252150536,0.0012652120785787702,10.0,1.0,10.0
965.0,0.08658663183450699,0.08658663183450699,0.00679734256118536,0.005963131319731474,0.0012650071876123548,10.0,1.0,10.0
966.0,0.08657032996416092,0.08657032996416092,0.0067951735109090805,0.005970590747892857,0.0012648002011701465,10.0,1.0,10.0
967.0,0.08655403554439545,0.08655403554439545,0.006792999338358641,0.005978085100650787,0.0012645958922803402,10.0,1.0,10.0
968.0,0.08653776347637177,0.08653776347637177,0.006790823768824339,0.005985605996102095,0.001264392863959074,10.0,1.0,10.0
969.0,0.08652159571647644,0.08652159571647644,0.0067886533215641975,0.005993174854665995,0.0012641892535611987,10.0,1.0,10.0
970.0,0.08650537580251694,0.08650537580251694,0.006786472164094448,0.0060007767751812935,0.0012639870401471853,10.0,1.0,10.0
971.0,0.08648912608623505,0.08648912608623505,0.006784283556044102,0.006008408032357693,0.0012637879699468613,10.0,1.0,10.0
972.0,0.0864730104804039,0.0864730104804039,0.006782108917832375,0.006016072817146778,0.0012635851744562387,10.0,1.0,10.0
973.0,0.08645681291818619,0.08645681291818619,0.006779923103749752,0.0060237618163228035,0.0012633816804736853,10.0,1.0,10.0
974.0,0.08644066751003265,0.08644066751003265,0.006777735892683268,0.006031491793692112,0.001263182144612074,10.0,1.0,10.0
975.0,0.0864245817065239,0.0864245817065239,0.0067755477502942085,0.006039255298674107,0.0012629852863028646,10.0,1.0,10.0
976.0,0.08640845865011215,0.08640845865011215,0.006773354951292276,0.0060470569878816605,0.0012627855176106095,10.0,1.0,10.0
977.0,0.08639238774776459,0.08639238774776459,0.00677116122096777,0.006054889410734177,0.0012625884264707565,10.0,1.0,10.0
978.0,0.08637632429599762,0.08637632429599762,0.006768967490643263,0.006062746979296207,0.001262390986084938,10.0,1.0,10.0
979.0,0.08636034280061722,0.08636034280061722,0.006766776088625193,0.006070641800761223,0.0012621936621144414,10.0,1.0,10.0
980.0,0.08634428679943085,0.08634428679943085,0.006764573510736227,0.006078575272113085,0.0012619976187124848,10.0,1.0,10.0
981.0,0.08632832765579224,0.08632832765579224,0.0067623755894601345,0.006086535751819611,0.001261803088709712,10.0,1.0,10.0
982.0,0.08631239831447601,0.08631239831447601,0.006760178599506617,0.006094513460993767,0.001261609373614192,10.0,1.0,10.0
983.0,0.08629637956619263,0.08629637956619263,0.006757969502359629,0.006102542392909527,0.0012614147271960974,10.0,1.0,10.0
984.0,0.08628051728010178,0.08628051728010178,0.0067557692527771,0.0061106085777282715,0.0012612213613465428,10.0,1.0,10.0
985.0,0.08626461029052734,0.08626461029052734,0.006753560155630112,0.006118692923337221,0.0012610312551259995,10.0,1.0,10.0
986.0,0.0862487405538559,0.0862487405538559,0.006751353852450848,0.006126808933913708,0.0012608396355062723,10.0,1.0,10.0
987.0,0.08623288571834564,0.08623288571834564,0.006749143823981285,0.00613496033474803,0.0012606490636244416,10.0,1.0,10.0
988.0,0.08621706068515778,0.08621706068515778,0.006746931467205286,0.006143143400549889,0.001260459772311151,10.0,1.0,10.0
989.0,0.0862012729048729,0.0862012729048729,0.006744718179106712,0.006151355803012848,0.0012602729257196188,10.0,1.0,10.0
990.0,0.0861855000257492,0.0861855000257492,0.006742504425346851,0.006159602664411068,0.0012600850313901901,10.0,1.0,10.0
991.0,0.08616974204778671,0.08616974204778671,0.006740288808941841,0.006167870946228504,0.0012598983012139797,10.0,1.0,10.0
992.0,0.0861540213227272,0.0861540213227272,0.006738072261214256,0.006176175083965063,0.0012597119202837348,10.0,1.0,10.0
993.0,0.08613832294940948,0.08613832294940948,0.006735853850841522,0.0061845057643949986,0.0012595279840752482,10.0,1.0,10.0
994.0,0.08612267673015594,0.08612267673015594,0.006733636371791363,0.006192871369421482,0.001259343815036118,10.0,1.0,10.0
995.0,0.08610700815916061,0.08610700815916061,0.006731411442160606,0.006201265379786491,0.0012591624399647117,10.0,1.0,10.0
996.0,0.08609140664339066,0.08609140664339066,0.006729191169142723,0.006209687329828739,0.0012589802499860525,10.0,1.0,10.0
997.0,0.0860757976770401,0.0860757976770401,0.006726968102157116,0.006218130234628916,0.0012587987584993243,10.0,1.0,10.0
998.0,0.08606027066707611,0.08606027066707611,0.006724747829139233,0.0062266127206385136,0.0012586177326738834,10.0,1.0,10.0
999.0,0.08604472130537033,0.08604472130537033,0.006722520105540752,0.006235124077647924,0.0012584398500621319,10.0,1.0,10.0
1000.0,0.08602917194366455,0.08602917194366455,0.006720287259668112,0.006243659183382988,0.001258263597264886,10.0,1.0,10.0
1001.0,0.08601370453834534,0.08601370453834534,0.006718062795698643,0.006252220831811428,0.001258085248991847,10.0,1.0,10.0
1002.0,0.08599825948476791,0.08599825948476791,0.006715837866067886,0.00626080809161067,0.0012579075992107391,10.0,1.0,10.0
1003.0,0.08598285913467407,0.08598285913467407,0.006713610142469406,0.006269420962780714,0.0012577342567965388,10.0,1.0,10.0
1004.0,0.08596742898225784,0.08596742898225784,0.006711375899612904,0.006278069224208593,0.0012575603323057294,10.0,1.0,10.0
1005.0,0.08595208078622818,0.08595208078622818,0.006709146313369274,0.006286752410233021,0.0012573858257383108,10.0,1.0,10.0
1006.0,0.08593681454658508,0.08593681454658508,0.0067069209180772305,0.006295445375144482,0.0012572158593684435,10.0,1.0,10.0
1007.0,0.08592145144939423,0.08592145144939423,0.0067046829499304295,0.006304170936346054,0.0012570454273372889,10.0,1.0,10.0
1008.0,0.08590618520975113,0.08590618520975113,0.0067024510353803635,0.006312924902886152,0.0012568747624754906,10.0,1.0,10.0
1009.0,0.08589091897010803,0.08589091897010803,0.006700214929878712,0.006321696564555168,0.0012567073572427034,10.0,1.0,10.0
1010.0,0.08587576448917389,0.08587576448917389,0.006697986274957657,0.006330494303256273,0.00125654018484056,10.0,1.0,10.0
1011.0,0.08586056530475616,0.08586056530475616,0.006695750169456005,0.006339318118989468,0.0012563742930069566,10.0,1.0,10.0
1012.0,0.08584541082382202,0.08584541082382202,0.0066935159265995026,0.006348167080432177,0.0012562082847580314,10.0,1.0,10.0
1013.0,0.08583033829927444,0.08583033829927444,0.006691284943372011,0.0063570411875844,0.0012560442555695772,10.0,1.0,10.0
1014.0,0.0858151987195015,0.0858151987195015,0.006689042784273624,0.006365939974784851,0.001255883020348847,10.0,1.0,10.0
1015.0,0.08580012619495392,0.08580012619495392,0.006686805747449398,0.006374864373356104,0.0012557200388982892,10.0,1.0,10.0
1016.0,0.08578510582447052,0.08578510582447052,0.00668457243591547,0.006383808795362711,0.0012555579887703061,10.0,1.0,10.0
1017.0,0.0857701525092125,0.0857701525092125,0.006682338193058968,0.006392772309482098,0.0012554004788398743,10.0,1.0,10.0
1018.0,0.08575520664453506,0.08575520664453506,0.006680101156234741,0.00640175910666585,0.0012552435509860516,10.0,1.0,10.0
1019.0,0.08574027568101883,0.08574027568101883,0.006677867379039526,0.006410772912204266,0.0012550833635032177,10.0,1.0,10.0
1020.0,0.08572538197040558,0.08572538197040558,0.0066756303422153,0.006419797893613577,0.0012549279490485787,10.0,1.0,10.0
1021.0,0.08571049571037292,0.08571049571037292,0.0066733891144394875,0.006428850814700127,0.0012547755613923073,10.0,1.0,10.0
1022.0,0.08569565415382385,0.08569565415382385,0.0066711497493088245,0.0064379433169960976,0.0012546207290142775,10.0,1.0,10.0
1023.0,0.08568090945482254,0.08568090945482254,0.006668919697403908,0.006447035353630781,0.0012544682249426842,10.0,1.0,10.0
1024.0,0.08566618710756302,0.08566618710756302,0.0066666859202086926,0.006456141360104084,0.001254318398423493,10.0,1.0,10.0
1025.0,0.08565135300159454,0.08565135300159454,0.006664440967142582,0.006465277634561062,0.0012541665928438306,10.0,1.0,10.0
1026.0,0.08563670516014099,0.08563670516014099,0.0066622113808989525,0.0064744348637759686,0.0012540154857560992,10.0,1.0,10.0
1027.0,0.08562199026346207,0.08562199026346207,0.006659968290477991,0.006483594886958599,0.0012538714800029993,10.0,1.0,10.0
1028.0,0.08560743182897568,0.08560743182897568,0.006657739635556936,0.0064927926287055016,0.00125372433103621,10.0,1.0,10.0
1029.0,0.08559281378984451,0.08559281378984451,0.00665550259873271,0.00650201179087162,0.00125357776414603,10.0,1.0,10.0
1030.0,0.08557826280593872,0.08557826280593872,0.00665326789021492,0.006511237937957048,0.0012534339912235737,10.0,1.0,10.0
1031.0,0.08556370437145233,0.08556370437145233,0.006651029922068119,0.006520475260913372,0.0012532933615148067,10.0,1.0,10.0
1032.0,0.0855492576956749,0.0855492576956749,0.006648802198469639,0.006529743317514658,0.0012531497050076723,10.0,1.0,10.0
1033.0,0.08553473651409149,0.08553473651409149,0.006646561902016401,0.006539023015648127,0.0012530095409601927,10.0,1.0,10.0
1034.0,0.08552034199237823,0.08552034199237823,0.006644329987466335,0.006548307836055756,0.0012528728693723679,10.0,1.0,10.0
1035.0,0.08550597727298737,0.08550597727298737,0.006642101798206568,0.006557619199156761,0.0012527343351393938,10.0,1.0,10.0
1036.0,0.0854916125535965,0.0854916125535965,0.006639868952333927,0.0065669468604028225,0.0012525973143056035,10.0,1.0,10.0
1037.0,0.08547738194465637,0.08547738194465637,0.00663764588534832,0.00657628895714879,0.0012524626217782497,10.0,1.0,10.0
1038.0,0.0854630395770073,0.0854630395770073,0.00663541117683053,0.0065856436267495155,0.0012523288605734706,10.0,1.0,10.0
1039.0,0.08544880151748657,0.08544880151748657,0.006633184850215912,0.006595004349946976,0.0012521950993686914,10.0,1.0,10.0
1040.0,0.08543454110622406,0.08543454110622406,0.006630953401327133,0.0066043902188539505,0.001252062153071165,10.0,1.0,10.0
1041.0,0.08542037010192871,0.08542037010192871,0.006628724746406078,0.006613784469664097,0.0012519335141405463,10.0,1.0,10.0
1042.0,0.08540625870227814,0.08540625870227814,0.006626500282436609,0.006623190362006426,0.001251805922947824,10.0,1.0,10.0
1043.0,0.08539213985204697,0.08539213985204697,0.0066242762841284275,0.006632613483816385,0.001251676818355918,10.0,1.0,10.0
1044.0,0.08537804335355759,0.08537804335355759,0.0066220518201589584,0.006642047315835953,0.0012515479465946555,10.0,1.0,10.0
1045.0,0.0853639766573906,0.0853639766573906,0.00661982549354434,0.006651482079178095,0.001251423847861588,10.0,1.0,10.0
1046.0,0.08535003662109375,0.08535003662109375,0.006617610342800617,0.006660936865955591,0.0012512999819591641,10.0,1.0,10.0
1047.0,0.08533598482608795,0.08533598482608795,0.00661538215354085,0.006670412607491016,0.0012511748354882002,10.0,1.0,10.0
1048.0,0.08532210439443588,0.08532210439443588,0.006613166071474552,0.006679882295429707,0.001251055859029293,10.0,1.0,10.0
1049.0,0.08530818670988083,0.08530818670988083,0.0066109453327953815,0.006689352449029684,0.0012509373482316732,10.0,1.0,10.0
1050.0,0.08529438823461533,0.08529438823461533,0.006608739960938692,0.006698846351355314,0.001250813715159893,10.0,1.0,10.0
1051.0,0.08528050780296326,0.08528050780296326,0.006606522016227245,0.0067083509638905525,0.0012506931088864803,10.0,1.0,10.0
1052.0,0.08526676893234253,0.08526676893234253,0.006604309193789959,0.006717868149280548,0.0012505808845162392,10.0,1.0,10.0
1053.0,0.08525296300649643,0.08525296300649643,0.00660208985209465,0.006727383937686682,0.0012504684273153543,10.0,1.0,10.0
1054.0,0.08523928374052048,0.08523928374052048,0.006599888205528259,0.006736907176673412,0.0012503499165177345,10.0,1.0,10.0
1055.0,0.08522556722164154,0.08522556722164154,0.006597680039703846,0.006746429018676281,0.0012502343161031604,10.0,1.0,10.0
1056.0,0.08521191775798798,0.08521191775798798,0.006595472805202007,0.0067559536546468735,0.001250123605132103,10.0,1.0,10.0
1057.0,0.0851983055472374,0.0851983055472374,0.006593265570700169,0.006765502505004406,0.001250015222467482,10.0,1.0,10.0
1058.0,0.08518469333648682,0.08518469333648682,0.006591057870537043,0.006775067187845707,0.0012499050935730338,10.0,1.0,10.0
1059.0,0.0851711854338646,0.0851711854338646,0.006588860414922237,0.006784617435187101,0.001249796012416482,10.0,1.0,10.0
1060.0,0.08515767008066177,0.08515767008066177,0.006586662493646145,0.0067941597662866116,0.0012496880954131484,10.0,1.0,10.0
1061.0,0.08514416217803955,0.08514416217803955,0.006584464106708765,0.006803722586482763,0.0012495798291638494,10.0,1.0,10.0
1062.0,0.08513078093528748,0.08513078093528748,0.0065822722390294075,0.0068133012391626835,0.0012494759866967797,10.0,1.0,10.0
1063.0,0.08511734753847122,0.08511734753847122,0.006580071058124304,0.006822869647294283,0.0012493766844272614,10.0,1.0,10.0
1064.0,0.08510395884513855,0.08510395884513855,0.0065778810530900955,0.00683243153616786,0.001249272027052939,10.0,1.0,10.0
1065.0,0.08509062230587006,0.08509062230587006,0.006575695239007473,0.006842002272605896,0.0012491666711866856,10.0,1.0,10.0
1066.0,0.08507728576660156,0.08507728576660156,0.006573505233973265,0.006851570215076208,0.001249066786840558,10.0,1.0,10.0
1067.0,0.08506402373313904,0.08506402373313904,0.006571316160261631,0.006861151196062565,0.00124897132627666,10.0,1.0,10.0
1068.0,0.0850508064031601,0.0850508064031601,0.006569136865437031,0.006870737299323082,0.0012488701613619924,10.0,1.0,10.0
1069.0,0.08503757417201996,0.08503757417201996,0.00656695244833827,0.00688030943274498,0.001248774235136807,10.0,1.0,10.0
1070.0,0.0850243866443634,0.0850243866443634,0.00656477315351367,0.00688987597823143,0.0012486784253269434,10.0,1.0,10.0
1071.0,0.08501125127077103,0.08501125127077103,0.0065625994466245174,0.006899456959217787,0.0012485799379646778,10.0,1.0,10.0
1072.0,0.08499819785356522,0.08499819785356522,0.006560427136719227,0.006909032817929983,0.0012484893668442965,10.0,1.0,10.0
1073.0,0.08498512953519821,0.08498512953519821,0.0065582524985075,0.006918608210980892,0.0012483990285545588,10.0,1.0,10.0
1074.0,0.08497206121683121,0.08497206121683121,0.006556081585586071,0.006928177084773779,0.0012483065947890282,10.0,1.0,10.0
1075.0,0.08495905250310898,0.08495905250310898,0.006553919054567814,0.006937739439308643,0.0012482124147936702,10.0,1.0,10.0
1076.0,0.08494611829519272,0.08494611829519272,0.006551758386194706,0.006947308778762817,0.0012481226585805416,10.0,1.0,10.0
1077.0,0.08493316918611526,0.08493316918611526,0.00654959212988615,0.006956879980862141,0.0012480363948270679,10.0,1.0,10.0
1078.0,0.084920234978199,0.084920234978199,0.006547430530190468,0.006966441869735718,0.0012479494325816631,10.0,1.0,10.0
1079.0,0.08490735292434692,0.08490735292434692,0.006545275449752808,0.006975988857448101,0.0012478611897677183,10.0,1.0,10.0
1080.0,0.08489448577165604,0.08489448577165604,0.006543120369315147,0.006985531188547611,0.001247774576768279,10.0,1.0,10.0
1081.0,0.0848817303776741,0.0848817303776741,0.006540972739458084,0.006995079107582569,0.0012476921547204256,10.0,1.0,10.0
1082.0,0.08486897498369217,0.08486897498369217,0.006538826040923595,0.007004632614552975,0.001247607870027423,10.0,1.0,10.0
1083.0,0.08485621958971024,0.08485621958971024,0.0065366774797439575,0.007014166563749313,0.0012475275434553623,10.0,1.0,10.0
1084.0,0.08484344184398651,0.08484344184398651,0.006534529849886894,0.007023694459348917,0.0012474451214075089,10.0,1.0,10.0
1085.0,0.08483076840639114,0.08483076840639114,0.006532392464578152,0.007033215370029211,0.0012473626993596554,10.0,1.0,10.0
1086.0,0.08481810986995697,0.08481810986995697,0.006530255079269409,0.007042731158435345,0.0012472830712795258,10.0,1.0,10.0
1087.0,0.08480550348758698,0.08480550348758698,0.006528119556605816,0.007052232977002859,0.0012472071684896946,10.0,1.0,10.0
1088.0,0.08479290455579758,0.08479290455579758,0.006525989156216383,0.00706173712387681,0.001247128238901496,10.0,1.0,10.0
1089.0,0.08478033542633057,0.08478033542633057,0.00652385875582695,0.007071230560541153,0.0012470514047890902,10.0,1.0,10.0
1090.0,0.08476779609918594,0.08476779609918594,0.006521732546389103,0.007080708164721727,0.0012469760840758681,10.0,1.0,10.0
1091.0,0.0847553163766861,0.0847553163766861,0.006519614718854427,0.007090176455676556,0.0012468990171328187,10.0,1.0,10.0
1092.0,0.08474286645650864,0.08474286645650864,0.006517499685287476,0.007099646143615246,0.0012468228815123439,10.0,1.0,10.0
1093.0,0.08473040163516998,0.08473040163516998,0.006515377666801214,0.007109109777957201,0.001246751518920064,10.0,1.0,10.0
1094.0,0.08471797406673431,0.08471797406673431,0.006513259839266539,0.007118544541299343,0.001246682950295508,10.0,1.0,10.0
1095.0,0.08470556139945984,0.08470556139945984,0.006511153187602758,0.007127977441996336,0.0012466054176911712,10.0,1.0,10.0
1096.0,0.08469323068857193,0.08469323068857193,0.006509049795567989,0.007137392647564411,0.0012465333566069603,10.0,1.0,10.0
1097.0,0.08468089252710342,0.08468089252710342,0.006506940815597773,0.007146803662180901,0.0012464680476114154,10.0,1.0,10.0
1098.0,0.0846686139702797,0.0846686139702797,0.006504843011498451,0.0071562123484909534,0.0012463971506804228,10.0,1.0,10.0
1099.0,0.08465629816055298,0.08465629816055298,0.0065027447417378426,0.007165594957768917,0.0012463255552574992,10.0,1.0,10.0
1100.0,0.08464410901069641,0.08464410901069641,0.00650065578520298,0.0071749622002244,0.0012462591985240579,10.0,1.0,10.0
1101.0,0.08463186770677567,0.08463186770677567,0.006498561706393957,0.007184323389083147,0.001246192492544651,10.0,1.0,10.0
1102.0,0.0846196860074997,0.0846196860074997,0.006496473215520382,0.007193685043603182,0.0012461263686418533,10.0,1.0,10.0
1103.0,0.08460753411054611,0.08460753411054611,0.006494389846920967,0.0072030192241072655,0.0012460617581382394,10.0,1.0,10.0
1104.0,0.08459538966417313,0.08459538966417313,0.006492309272289276,0.007212324999272823,0.00124599679838866,10.0,1.0,10.0
1105.0,0.08458326011896133,0.08458326011896133,0.006490233354270458,0.007221630774438381,0.0012459290446713567,10.0,1.0,10.0
1106.0,0.08457120507955551,0.08457120507955551,0.006488162092864513,0.0072309356182813644,0.0012458645505830646,10.0,1.0,10.0
1107.0,0.08455914258956909,0.08455914258956909,0.00648608710616827,0.00724021578207612,0.0012458056444302201,10.0,1.0,10.0
1108.0,0.08454708755016327,0.08454708755016327,0.0064840177074074745,0.007249470800161362,0.0012457448756322265,10.0,1.0,10.0
1109.0,0.08453508466482162,0.08453508466482162,0.006481960415840149,0.007258717902004719,0.0012456760741770267,10.0,1.0,10.0
1110.0,0.08452309668064117,0.08452309668064117,0.006479901727288961,0.007267944049090147,0.0012456137919798493,10.0,1.0,10.0
1111.0,0.0845111608505249,0.0845111608505249,0.006477843038737774,0.007277154829353094,0.001245557563379407,10.0,1.0,10.0
1112.0,0.08449919521808624,0.08449919521808624,0.006475785747170448,0.007286367006599903,0.001245497027412057,10.0,1.0,10.0
1113.0,0.08448729664087296,0.08448729664087296,0.006473740562796593,0.007295544259250164,0.0012454346287995577,10.0,1.0,10.0
1114.0,0.08447536826133728,0.08447536826133728,0.006471693515777588,0.007304691709578037,0.0012453739764168859,10.0,1.0,10.0
1115.0,0.08446352183818817,0.08446352183818817,0.006469649728387594,0.007313840556889772,0.001245318097062409,10.0,1.0,10.0
1116.0,0.08445172011852264,0.08445172011852264,0.0064676119945943356,0.007322987541556358,0.0012452610535547137,10.0,1.0,10.0
1117.0,0.08443987369537354,0.08443987369537354,0.00646557379513979,0.007332099601626396,0.0012452034279704094,10.0,1.0,10.0
1118.0,0.08442813158035278,0.08442813158035278,0.00646355003118515,0.007341177202761173,0.001245145220309496,10.0,1.0,10.0
1119.0,0.08441633731126785,0.08441633731126785,0.0064615230076014996,0.007350250147283077,0.001245085964910686,10.0,1.0,10.0
1120.0,0.0844045877456665,0.0844045877456665,0.006459494587033987,0.00735931470990181,0.0012450322974473238,10.0,1.0,10.0
1121.0,0.08439286798238754,0.08439286798238754,0.006457475014030933,0.007368357386440039,0.0012449765345081687,10.0,1.0,10.0
1122.0,0.08438113331794739,0.08438113331794739,0.00645545544102788,0.007377375848591328,0.0012449193745851517,10.0,1.0,10.0
1123.0,0.08436949551105499,0.08436949551105499,0.006453449837863445,0.007386357523500919,0.0012448641937226057,10.0,1.0,10.0
1124.0,0.08435776829719543,0.08435776829719543,0.006451434921473265,0.007395339198410511,0.0012448076158761978,10.0,1.0,10.0
1125.0,0.08434614539146423,0.08434614539146423,0.0064494311809539795,0.007404313422739506,0.00124475231859833,10.0,1.0,10.0
1126.0,0.08433447033166885,0.08433447033166885,0.006447421386837959,0.007413250859826803,0.0012447008630260825,10.0,1.0,10.0
1127.0,0.0843229815363884,0.0843229815363884,0.006445435807108879,0.007422157097607851,0.0012446461478248239,10.0,1.0,10.0
1128.0,0.0843113362789154,0.0843113362789154,0.006443440914154053,0.007431055884808302,0.0012445873580873013,10.0,1.0,10.0
1129.0,0.08429976552724838,0.08429976552724838,0.006441446021199226,0.007439936511218548,0.0012445372994989157,10.0,1.0,10.0
1130.0,0.08428826183080673,0.08428826183080673,0.0064394609071314335,0.007448792457580566,0.0012444860767573118,10.0,1.0,10.0
1131.0,0.08427673578262329,0.08427673578262329,0.006437479518353939,0.007457633502781391,0.0012444304302334785,10.0,1.0,10.0
1132.0,0.08426517993211746,0.08426517993211746,0.006435498595237732,0.007466435432434082,0.0012443757150322199,10.0,1.0,10.0
1133.0,0.08425368368625641,0.08425368368625641,0.006433521397411823,0.0074752201326191425,0.0012443254236131907,10.0,1.0,10.0
1134.0,0.08424226939678192,0.08424226939678192,0.006431553978472948,0.007484008092433214,0.0012442711740732193,10.0,1.0,10.0
1135.0,0.0842307060956955,0.0842307060956955,0.0064295753836631775,0.0074927713721990585,0.0012442178558558226,10.0,1.0,10.0
1136.0,0.08421929180622101,0.08421929180622101,0.0064276112243533134,0.0075014797039330006,0.0012441694270819426,10.0,1.0,10.0
1137.0,0.0842079445719719,0.0842079445719719,0.006425662897527218,0.007510184310376644,0.0012441129656508565,10.0,1.0,10.0
1138.0,0.08419647067785263,0.08419647067785263,0.0064236996695399284,0.0075188688933849335,0.001244060229510069,10.0,1.0,10.0
1139.0,0.08418509364128113,0.08418509364128113,0.00642174668610096,0.007527528330683708,0.0012440101709216833,10.0,1.0,10.0
1140.0,0.08417375385761261,0.08417375385761261,0.006419800687581301,0.007536163087934256,0.0012439582496881485,10.0,1.0,10.0
1141.0,0.08416231721639633,0.08416231721639633,0.006417850032448769,0.007544788531959057,0.0012439037673175335,10.0,1.0,10.0
1142.0,0.08415095508098602,0.08415095508098602,0.006415904499590397,0.00755337905138731,0.0012438532430678606,10.0,1.0,10.0
1143.0,0.08413965255022049,0.08413965255022049,0.006413969211280346,0.007561953272670507,0.001243800506927073,10.0,1.0,10.0
1144.0,0.08412837982177734,0.08412837982177734,0.006412036716938019,0.007570510730147362,0.0012437499826774001,10.0,1.0,10.0
1145.0,0.08411701768636703,0.08411701768636703,0.0064101009629666805,0.007579028606414795,0.0012436979450285435,10.0,1.0,10.0
1146.0,0.08410580456256866,0.08410580456256866,0.00640818290412426,0.007587522268295288,0.0012436452088877559,10.0,1.0,10.0
1147.0,0.08409452438354492,0.08409452438354492,0.006406259257346392,0.007596003822982311,0.0012435930548235774,10.0,1.0,10.0
1148.0,0.08408325165510178,0.08408325165510178,0.00640433793887496,0.0076044658198952675,0.0012435405515134335,10.0,1.0,10.0
1149.0,0.08407200872898102,0.08407200872898102,0.006402423605322838,0.007612894754856825,0.0012434874661266804,10.0,1.0,10.0
1150.0,0.08406074345111847,0.08406074345111847,0.006400509737432003,0.007621302269399166,0.0012434336822479963,10.0,1.0,10.0
1151.0,0.0840495154261589,0.0840495154261589,0.006398601923137903,0.007629693951457739,0.0012433802476152778,10.0,1.0,10.0
1152.0,0.08403827995061874,0.08403827995061874,0.0063966927118599415,0.0076380567625164986,0.0012433287920430303,10.0,1.0,10.0
1153.0,0.08402711153030396,0.08402711153030396,0.006394797470420599,0.0076463911682367325,0.0012432746589183807,10.0,1.0,10.0
1154.0,0.08401591330766678,0.08401591330766678,0.0063929022289812565,0.007654699496924877,0.0012432194780558348,10.0,1.0,10.0
1155.0,0.08400475978851318,0.08400475978851318,0.006391010247170925,0.00766299432143569,0.0012431658105924726,10.0,1.0,10.0
1156.0,0.08399359881877899,0.08399359881877899,0.00638912059366703,0.007671269588172436,0.001243113074451685,10.0,1.0,10.0
1157.0,0.08398241549730301,0.08398241549730301,0.0063872309401631355,0.0076795173808932304,0.001243059290573001,10.0,1.0,10.0
1158.0,0.08397131413221359,0.08397131413221359,0.006385352462530136,0.007687737233936787,0.001243004808202386,10.0,1.0,10.0
1159.0,0.08396017551422119,0.08396017551422119,0.006383474916219711,0.007695930544286966,0.0012429493945091963,10.0,1.0,10.0
1160.0,0.083949014544487,0.083949014544487,0.006381595972925425,0.007704106159508228,0.0012428947957232594,10.0,1.0,10.0
1161.0,0.08393791317939758,0.08393791317939758,0.006379728205502033,0.007712251506745815,0.0012428382178768516,10.0,1.0,10.0
1162.0,0.08392677456140518,0.08392677456140518,0.0063778553158044815,0.007720378693193197,0.0012427844339981675,10.0,1.0,10.0
1163.0,0.08391573280096054,0.08391573280096054,0.0063760001212358475,0.007728490047156811,0.0012427250621840358,10.0,1.0,10.0
1164.0,0.08390463888645172,0.08390463888645172,0.006374136544764042,0.007736570201814175,0.0012426699977368116,10.0,1.0,10.0
1165.0,0.08389353007078171,0.08389353007078171,0.006372275296598673,0.007744628936052322,0.0012426148168742657,10.0,1.0,10.0
1166.0,0.08388243615627289,0.08388243615627289,0.006370423827320337,0.007752662990242243,0.0012425536988303065,10.0,1.0,10.0
1167.0,0.08387135714292526,0.08387135714292526,0.006368574686348438,0.007760663516819477,0.001242494792677462,10.0,1.0,10.0
1168.0,0.08386033028364182,0.08386033028364182,0.006366727873682976,0.007768651004880667,0.0012424392625689507,10.0,1.0,10.0
1169.0,0.08384931087493896,0.08384931087493896,0.006364886648952961,0.007776631973683834,0.0012423809384927154,10.0,1.0,10.0
1170.0,0.08383818715810776,0.08383818715810776,0.006363042630255222,0.007784574292600155,0.0012423190055415034,10.0,1.0,10.0
1171.0,0.0838271826505661,0.0838271826505661,0.006361211650073528,0.00779246911406517,0.001242259400896728,10.0,1.0,10.0
1172.0,0.08381615579128265,0.08381615579128265,0.006359378341585398,0.007800367195159197,0.0012422004947438836,10.0,1.0,10.0
1173.0,0.08380517363548279,0.08380517363548279,0.006357554346323013,0.007808253634721041,0.0012421379797160625,10.0,1.0,10.0
1174.0,0.08379407972097397,0.08379407972097397,0.006355719640851021,0.007816096767783165,0.0012420786079019308,10.0,1.0,10.0
1175.0,0.08378307521343231,0.08378307521343231,0.0063539003022015095,0.007823917083442211,0.001242015860043466,10.0,1.0,10.0
1176.0,0.08377207815647125,0.08377207815647125,0.006352085154503584,0.007831728085875511,0.0012419502018019557,10.0,1.0,10.0
1177.0,0.0837610587477684,0.0837610587477684,0.006350265350192785,0.007839511148631573,0.0012418896658346057,10.0,1.0,10.0
1178.0,0.08375007659196854,0.08375007659196854,0.00634845532476902,0.007847262546420097,0.0012418265687301755,10.0,1.0,10.0
1179.0,0.08373907208442688,0.08373907208442688,0.006346647161990404,0.007855008356273174,0.0012417593970894814,10.0,1.0,10.0
1180.0,0.0837281197309494,0.0837281197309494,0.0063448455184698105,0.007862720638513565,0.0012416939716786146,10.0,1.0,10.0
1181.0,0.08371710777282715,0.08371710777282715,0.006343040149658918,0.007870404049754143,0.0012416301760822535,10.0,1.0,10.0
1182.0,0.0837060883641243,0.0837060883641243,0.006341238506138325,0.007878080010414124,0.0012415626551955938,10.0,1.0,10.0
1183.0,0.08369509875774384,0.08369509875774384,0.006339442916214466,0.007885739207267761,0.0012414933880791068,10.0,1.0,10.0
1184.0,0.08368416130542755,0.08368416130542755,0.0063376519829034805,0.007893353700637817,0.0012414291268214583,10.0,1.0,10.0
1185.0,0.08367316424846649,0.08367316424846649,0.00633586011826992,0.007900960743427277,0.001241360092535615,10.0,1.0,10.0
1186.0,0.08366217464208603,0.08366217464208603,0.00633407523855567,0.007908555679023266,0.001241286750882864,10.0,1.0,10.0
1187.0,0.08365118503570557,0.08365118503570557,0.006332288030534983,0.00791611336171627,0.0012412186479195952,10.0,1.0,10.0
1188.0,0.0836402103304863,0.0836402103304863,0.006330506410449743,0.00792364776134491,0.0012411498464643955,10.0,1.0,10.0
1189.0,0.08362926542758942,0.08362926542758942,0.0063287364318966866,0.007931174710392952,0.001241072779521346,10.0,1.0,10.0
1190.0,0.08361832797527313,0.08361832797527313,0.006326963193714619,0.007938672788441181,0.001241002231836319,10.0,1.0,10.0
1191.0,0.08360734581947327,0.08360734581947327,0.0063251894898712635,0.007946151308715343,0.0012409300543367863,10.0,1.0,10.0
1192.0,0.0835963562130928,0.0835963562130928,0.006323418114334345,0.007953615859150887,0.0012408560141921043,10.0,1.0,10.0
1193.0,0.08358537405729294,0.08358537405729294,0.006321652326732874,0.007961060851812363,0.001240778830833733,10.0,1.0,10.0
1194.0,0.08357438445091248,0.08357438445091248,0.006319889798760414,0.00796846766024828,0.0012407023459672928,10.0,1.0,10.0
1195.0,0.08356345444917679,0.08356345444917679,0.006318132858723402,0.00797586515545845,0.001240626792423427,10.0,1.0,10.0
1196.0,0.08355247974395752,0.08355247974395752,0.006316374056041241,0.0079832524061203,0.001240548794157803,10.0,1.0,10.0
1197.0,0.08354148268699646,0.08354148268699646,0.0063146185129880905,0.007990613579750061,0.001240468118339777,10.0,1.0,10.0
1198.0,0.08353053033351898,0.08353053033351898,0.006312867160886526,0.007997947745025158,0.0012403910513967276,10.0,1.0,10.0
1199.0,0.0835195779800415,0.0835195779800415,0.006311120465397835,0.008005274459719658,0.0012403104919940233,10.0,1.0,10.0
1200.0,0.08350856602191925,0.08350856602191925,0.006309371907263994,0.008012584410607815,0.001240225974470377,10.0,1.0,10.0
1201.0,0.08349757641553879,0.08349757641553879,0.006307626608759165,0.008019858971238136,0.0012401456478983164,10.0,1.0,10.0
1202.0,0.08348667621612549,0.08348667621612549,0.006305891554802656,0.008027127012610435,0.0012400633422657847,10.0,1.0,10.0
1203.0,0.08347566425800323,0.08347566425800323,0.006304151378571987,0.008034386672079563,0.0012399761471897364,10.0,1.0,10.0
1204.0,0.08346469700336456,0.08346469700336456,0.006302414461970329,0.008041609078645706,0.0012398940743878484,10.0,1.0,10.0
1205.0,0.0834537222981453,0.0834537222981453,0.006300683598965406,0.008048812858760357,0.0012398078106343746,10.0,1.0,10.0
1206.0,0.08344271779060364,0.08344271779060364,0.006298954598605633,0.008056020364165306,0.0012397149112075567,10.0,1.0,10.0
1207.0,0.08343173563480377,0.08343173563480377,0.006297224201261997,0.008063188754022121,0.0012396302772685885,10.0,1.0,10.0
1208.0,0.08342071622610092,0.08342071622610092,0.006295493803918362,0.008070350624620914,0.0012395427329465747,10.0,1.0,10.0
1209.0,0.08340971171855927,0.08340971171855927,0.006293773651123047,0.008077505975961685,0.001239447621628642,10.0,1.0,10.0
1210.0,0.08339876681566238,0.08339876681566238,0.0062920572236180305,0.008084618486464024,0.0012393579818308353,10.0,1.0,10.0
1211.0,0.08338774740695953,0.08338774740695953,0.00629033800214529,0.008091719821095467,0.0012392648495733738,10.0,1.0,10.0
1212.0,0.08337672799825668,0.08337672799825668,0.006288621574640274,0.008098828606307507,0.0012391683412715793,10.0,1.0,10.0
1213.0,0.08336573094129562,0.08336573094129562,0.00628690654411912,0.008105894550681114,0.0012390771880745888,10.0,1.0,10.0
1214.0,0.08335471153259277,0.08335471153259277,0.006285196170210838,0.008112953044474125,0.0012389792827889323,10.0,1.0,10.0
1215.0,0.08334366977214813,0.08334366977214813,0.006283486261963844,0.00812000036239624,0.0012388813775032759,10.0,1.0,10.0
1216.0,0.08333267271518707,0.08333267271518707,0.006281779147684574,0.008127040229737759,0.0012387839378789067,10.0,1.0,10.0
1217.0,0.08332159370183945,0.08332159370183945,0.006280066445469856,0.008134055882692337,0.0012386877788230777,10.0,1.0,10.0
1218.0,0.0833105742931366,0.0833105742931366,0.00627836724743247,0.008141051046550274,0.0012385856825858355,10.0,1.0,10.0
1219.0,0.08329953998327255,0.08329953998327255,0.006276671774685383,0.008148030377924442,0.0012384796282276511,10.0,1.0,10.0
1220.0,0.08328846096992493,0.08328846096992493,0.006274964194744825,0.008155000396072865,0.0012383818393573165,10.0,1.0,10.0
1221.0,0.0832773968577385,0.0832773968577385,0.006273266393691301,0.008161965757608414,0.0012382770655676723,10.0,1.0,10.0
1222.0,0.08326628804206848,0.08326628804206848,0.006271569989621639,0.008168906904757023,0.0012381677515804768,10.0,1.0,10.0
1223.0,0.08325523883104324,0.08325523883104324,0.0062698787078261375,0.008175822906196117,0.0012380630942061543,10.0,1.0,10.0
1224.0,0.08324416726827621,0.08324416726827621,0.006268184632062912,0.008182747289538383,0.0012379571562632918,10.0,1.0,10.0
1225.0,0.08323313295841217,0.08323313295841217,0.006266501732170582,0.008189664222300053,0.0012378451647236943,10.0,1.0,10.0
1226.0,0.08322195708751678,0.08322195708751678,0.006264802999794483,0.008196542039513588,0.0012377386447042227,10.0,1.0,10.0
1227.0,0.08321087807416916,0.08321087807416916,0.006263122893869877,0.008203413337469101,0.0012376243248581886,10.0,1.0,10.0
1228.0,0.08319979161024094,0.08319979161024094,0.006261441390961409,0.008210279978811741,0.0012375102378427982,10.0,1.0,10.0
1229.0,0.08318866789340973,0.08318866789340973,0.006259754300117493,0.008217135444283485,0.0012373995268717408,10.0,1.0,10.0
1230.0,0.08317755162715912,0.08317755162715912,0.006258073728531599,0.008223973214626312,0.0012372847413644195,10.0,1.0,10.0
1231.0,0.08316634595394135,0.08316634595394135,0.006256389431655407,0.008230798877775669,0.0012371649499982595,10.0,1.0,10.0
1232.0,0.08315524458885193,0.08315524458885193,0.006254713982343674,0.00823761336505413,0.001237048883922398,10.0,1.0,10.0
1233.0,0.08314408361911774,0.08314408361911774,0.006253033876419067,0.00824442133307457,0.001236931886523962,10.0,1.0,10.0
1234.0,0.08313285559415817,0.08313285559415817,0.006251354701817036,0.008251221850514412,0.001236808835528791,10.0,1.0,10.0
1235.0,0.08312174677848816,0.08312174677848816,0.006249685306102037,0.00825799535959959,0.0012366895098239183,10.0,1.0,10.0
1236.0,0.08311054110527039,0.08311054110527039,0.006248012185096741,0.008264761418104172,0.001236565294675529,10.0,1.0,10.0
1237.0,0.08309932798147202,0.08309932798147202,0.006246340461075306,0.008271539583802223,0.0012364389840513468,10.0,1.0,10.0
1238.0,0.08308814465999603,0.08308814465999603,0.0062446678057312965,0.008278286084532738,0.0012363182613626122,10.0,1.0,10.0
1239.0,0.08307693898677826,0.08307693898677826,0.006243003532290459,0.008285014890134335,0.0012361891567707062,10.0,1.0,10.0
1240.0,0.08306573331356049,0.08306573331356049,0.00624134112149477,0.008291754871606827,0.0012360569089651108,10.0,1.0,10.0
1241.0,0.08305444568395615,0.08305444568395615,0.006239668000489473,0.008298473432660103,0.001235928968526423,10.0,1.0,10.0
1242.0,0.08304320275783539,0.08304320275783539,0.006237998604774475,0.008305191993713379,0.0012358023086562753,10.0,1.0,10.0
1243.0,0.08303192257881165,0.08303192257881165,0.006236335262656212,0.008311908692121506,0.0012356662191450596,10.0,1.0,10.0
1244.0,0.08302068710327148,0.08302068710327148,0.006234677974134684,0.00831859651952982,0.0012355312937870622,10.0,1.0,10.0
1245.0,0.08300936222076416,0.08300936222076416,0.00623300950974226,0.008325274102389812,0.0012353997444733977,10.0,1.0,10.0
1246.0,0.08299807459115982,0.08299807459115982,0.006231349427253008,0.008331969380378723,0.0012352606281638145,10.0,1.0,10.0
1247.0,0.08298677951097488,0.08298677951097488,0.006229687947779894,0.008338638581335545,0.0012351261684671044,10.0,1.0,10.0
1248.0,0.08297548443078995,0.08297548443078995,0.006228032521903515,0.008345291018486023,0.001234986586496234,10.0,1.0,10.0
1249.0,0.08296412229537964,0.08296412229537964,0.006226375699043274,0.008351955562829971,0.001234841300174594,10.0,1.0,10.0
1250.0,0.08295273780822754,0.08295273780822754,0.0062247104942798615,0.008358602412045002,0.0012347027659416199,10.0,1.0,10.0
1251.0,0.08294139057397842,0.08294139057397842,0.006223053205758333,0.008365240879356861,0.0012345617869868875,10.0,1.0,10.0
1252.0,0.08292999118566513,0.08292999118566513,0.0062213982455432415,0.008371886797249317,0.0012344123097136617,10.0,1.0,10.0
1253.0,0.08291860669851303,0.08291860669851303,0.0062197428196668625,0.008378501050174236,0.0012342676054686308,10.0,1.0,10.0
1254.0,0.08290718495845795,0.08290718495845795,0.0062180859968066216,0.008385121822357178,0.0012341203400865197,10.0,1.0,10.0
1255.0,0.08289578557014465,0.08289578557014465,0.006216433364897966,0.008391749113798141,0.001233970164321363,10.0,1.0,10.0
1256.0,0.08288431167602539,0.08288431167602539,0.006214774213731289,0.008398354984819889,0.0012338217347860336,10.0,1.0,10.0
1257.0,0.0828729048371315,0.0828729048371315,0.006213127635419369,0.008404958993196487,0.0012336666695773602,10.0,1.0,10.0
1258.0,0.08286143094301224,0.08286143094301224,0.006211475003510714,0.008411549963057041,0.001233512768521905,10.0,1.0,10.0
1259.0,0.08284991979598999,0.08284991979598999,0.006209815386682749,0.008418150246143341,0.0012333615450188518,10.0,1.0,10.0
1260.0,0.08283845335245132,0.08283845335245132,0.00620816508308053,0.008424747735261917,0.0012332056649029255,10.0,1.0,10.0
1261.0,0.08282694965600967,0.08282694965600967,0.006206517107784748,0.008431321941316128,0.0012330455938354135,10.0,1.0,10.0
1262.0,0.08281542360782623,0.08281542360782623,0.0062048654071986675,0.008437881246209145,0.0012328882003203034,10.0,1.0,10.0
1263.0,0.08280379325151443,0.08280379325151443,0.006203207653015852,0.008444467559456825,0.001232724403962493,10.0,1.0,10.0
1264.0,0.08279231190681458,0.08279231190681458,0.0062015606090426445,0.008451048284769058,0.001232566311955452,10.0,1.0,10.0
1265.0,0.08278072625398636,0.08278072625398636,0.006199906580150127,0.008457610383629799,0.0012324047274887562,10.0,1.0,10.0
1266.0,0.08276910334825516,0.08276910334825516,0.006198260933160782,0.008464163169264793,0.0012322328984737396,10.0,1.0,10.0
1267.0,0.08275746554136276,0.08275746554136276,0.0061966064386069775,0.008470717817544937,0.0012320682872086763,10.0,1.0,10.0
1268.0,0.08274586498737335,0.08274586498737335,0.0061949556693434715,0.00847727432847023,0.001231903093867004,10.0,1.0,10.0
1269.0,0.08273425698280334,0.08273425698280334,0.006193310022354126,0.00848383828997612,0.0012317311484366655,10.0,1.0,10.0
1270.0,0.082722507417202,0.082722507417202,0.00619165413081646,0.008490373380482197,0.0012315595522522926,10.0,1.0,10.0
1271.0,0.08271083235740662,0.08271083235740662,0.006190003827214241,0.008496913127601147,0.0012313879560679197,10.0,1.0,10.0
1272.0,0.08269910514354706,0.08269910514354706,0.0061883521266281605,0.00850346963852644,0.0012312110047787428,10.0,1.0,10.0
1273.0,0.08268740773200989,0.08268740773200989,0.0061867013573646545,0.008510004729032516,0.0012310382444411516,10.0,1.0,10.0
1274.0,0.08267572522163391,0.08267572522163391,0.006185055710375309,0.008516542613506317,0.0012308626901358366,10.0,1.0,10.0
1275.0,0.08266392350196838,0.08266392350196838,0.006183401215821505,0.00852308701723814,0.0012306823628023267,10.0,1.0,10.0
1276.0,0.08265209943056107,0.08265209943056107,0.006181745324283838,0.008529619313776493,0.0012305029667913914,10.0,1.0,10.0
1277.0,0.08264036476612091,0.08264036476612091,0.006180099677294493,0.008536133915185928,0.0012303233379498124,10.0,1.0,10.0
1278.0,0.08262854814529419,0.08262854814529419,0.0061784530989825726,0.00854266993701458,0.0012301343958824873,10.0,1.0,10.0
1279.0,0.08261668682098389,0.08261668682098389,0.006176793947815895,0.008549199439585209,0.0012299541849642992,10.0,1.0,10.0
1280.0,0.08260484039783478,0.08260484039783478,0.006175139918923378,0.008555734530091286,0.0012297707144171,10.0,1.0,10.0
1281.0,0.08259294927120209,0.08259294927120209,0.00617348775267601,0.008562270551919937,0.0012295797932893038,10.0,1.0,10.0
1282.0,0.0825810432434082,0.0825810432434082,0.006171838380396366,0.008568781428039074,0.001229388639330864,10.0,1.0,10.0
1283.0,0.08256912231445312,0.08256912231445312,0.0061701820231974125,0.008575299754738808,0.0012292006285861135,10.0,1.0,10.0
1284.0,0.08255716413259506,0.08255716413259506,0.006168524734675884,0.008581836707890034,0.001229007844813168,10.0,1.0,10.0
1285.0,0.08254516124725342,0.08254516124725342,0.006166865583509207,0.008588362485170364,0.001228814129717648,10.0,1.0,10.0
1286.0,0.08253319561481476,0.08253319561481476,0.00616521155461669,0.008594876155257225,0.001228620414622128,10.0,1.0,10.0
1287.0,0.0825212150812149,0.0825212150812149,0.0061635603196918964,0.008601410314440727,0.0012284205295145512,10.0,1.0,10.0
1288.0,0.08250916004180908,0.08250916004180908,0.00616189930588007,0.008607937954366207,0.0012282233219593763,10.0,1.0,10.0
1289.0,0.08249714225530624,0.08249714225530624,0.006160242483019829,0.008614448830485344,0.0012280269293114543,10.0,1.0,10.0
1290.0,0.08248503506183624,0.08248503506183624,0.006158583797514439,0.008620979264378548,0.0012278221547603607,10.0,1.0,10.0
1291.0,0.08247296512126923,0.08247296512126923,0.006156926974654198,0.008627504110336304,0.0012276184279471636,10.0,1.0,10.0
1292.0,0.08246084302663803,0.08246084302663803,0.0061552622355520725,0.008634029887616634,0.0012274191249161959,10.0,1.0,10.0
1293.0,0.08244865387678146,0.08244865387678146,0.006153598893433809,0.008640569634735584,0.001227209810167551,10.0,1.0,10.0
1294.0,0.08243647962808609,0.08243647962808609,0.006151936016976833,0.008647087030112743,0.0012270035222172737,10.0,1.0,10.0
1295.0,0.08242429792881012,0.08242429792881012,0.006150274537503719,0.008653601631522179,0.0012267949059605598,10.0,1.0,10.0
1296.0,0.08241207897663116,0.08241207897663116,0.006148611195385456,0.00866015162318945,0.0012265818659216166,10.0,1.0,10.0
1297.0,0.08239981532096863,0.08239981532096863,0.006146939471364021,0.008666681125760078,0.0012263741809874773,10.0,1.0,10.0
1298.0,0.08238759636878967,0.08238759636878967,0.006145278457552195,0.008673208765685558,0.0012261609081178904,10.0,1.0,10.0
1299.0,0.08237526565790176,0.08237526565790176,0.006143610924482346,0.008679755963385105,0.0012259404174983501,10.0,1.0,10.0
1300.0,0.08236289024353027,0.08236289024353027,0.0061419326812028885,0.008686285465955734,0.0012257278431206942,10.0,1.0,10.0
1301.0,0.08235064148902893,0.08235064148902893,0.006140273064374924,0.008692826144397259,0.0012255088659003377,10.0,1.0,10.0
1302.0,0.08233825117349625,0.08233825117349625,0.00613859947770834,0.008699372410774231,0.0012252881424501538,10.0,1.0,10.0
1303.0,0.08232588320970535,0.08232588320970535,0.006136929616332054,0.008705909363925457,0.0012250677682459354,10.0,1.0,10.0
1304.0,0.0823134332895279,0.0823134332895279,0.006135253701359034,0.008712458424270153,0.0012248442508280277,10.0,1.0,10.0
1305.0,0.0823010504245758,0.0823010504245758,0.006133581977337599,0.008719016797840595,0.0012246217811480165,10.0,1.0,10.0
1306.0,0.08228852599859238,0.08228852599859238,0.006131899543106556,0.008725566789507866,0.0012243966339156032,10.0,1.0,10.0
1307.0,0.08227599412202835,0.08227599412202835,0.00613021943718195,0.008732117712497711,0.0012241681106388569,10.0,1.0,10.0
1308.0,0.08226348459720612,0.08226348459720612,0.0061285425908863544,0.008738672360777855,0.001223938656039536,10.0,1.0,10.0
1309.0,0.08225098997354507,0.08225098997354507,0.006126864813268185,0.008745233528316021,0.0012237111805006862,10.0,1.0,10.0
1310.0,0.08223835378885269,0.08223835378885269,0.006125176325440407,0.00875181332230568,0.0012234780006110668,10.0,1.0,10.0
1311.0,0.0822257399559021,0.0822257399559021,0.0061234901659190655,0.00875837728381157,0.0012232463341206312,10.0,1.0,10.0
1312.0,0.08221311867237091,0.08221311867237091,0.006121806800365448,0.008764943107962608,0.0012230108259245753,10.0,1.0,10.0
1313.0,0.08220042288303375,0.08220042288303375,0.006120116449892521,0.008771523833274841,0.0012227739207446575,10.0,1.0,10.0
1314.0,0.0821876972913742,0.0821876972913742,0.006118422374129295,0.008778106421232224,0.0012225363170728087,10.0,1.0,10.0
1315.0,0.08217503130435944,0.08217503130435944,0.006116737145930529,0.008784676901996136,0.0012222984805703163,10.0,1.0,10.0
1316.0,0.0821622833609581,0.0821622833609581,0.0061150481924414635,0.008791268803179264,0.001222053193487227,10.0,1.0,10.0
1317.0,0.08214948326349258,0.08214948326349258,0.006113347597420216,0.008797857910394669,0.0012218154734000564,10.0,1.0,10.0
1318.0,0.08213667571544647,0.08213667571544647,0.006111649330705404,0.008804461918771267,0.0012215719325467944,10.0,1.0,10.0
1319.0,0.08212386071681976,0.08212386071681976,0.00610995851457119,0.008811055682599545,0.001221322687342763,10.0,1.0,10.0
1320.0,0.08211097121238708,0.08211097121238708,0.006108253728598356,0.008817650377750397,0.0012210783315822482,10.0,1.0,10.0
1321.0,0.0820981040596962,0.0820981040596962,0.006106552667915821,0.008824272081255913,0.0012208304833620787,10.0,1.0,10.0
1322.0,0.08208515495061874,0.08208515495061874,0.006104844622313976,0.00883089005947113,0.0012205815874040127,10.0,1.0,10.0
1323.0,0.0820721909403801,0.0820721909403801,0.006103138439357281,0.008837495930492878,0.0012203303631395102,10.0,1.0,10.0
1324.0,0.08205920457839966,0.08205920457839966,0.006101433653384447,0.00884411670267582,0.0012200750643387437,10.0,1.0,10.0
1325.0,0.08204624056816101,0.08204624056816101,0.006099725142121315,0.008850746788084507,0.0012198237236589193,10.0,1.0,10.0
1326.0,0.08203311264514923,0.08203311264514923,0.006098004058003426,0.00885738991200924,0.0012195680756121874,10.0,1.0,10.0
1327.0,0.08202002197504044,0.08202002197504044,0.006096288561820984,0.008864021860063076,0.0012193114962428808,10.0,1.0,10.0
1328.0,0.08200694620609283,0.08200694620609283,0.006094576790928841,0.00887066125869751,0.001219051773659885,10.0,1.0,10.0
1329.0,0.08199379593133926,0.08199379593133926,0.006092855706810951,0.008877316489815712,0.001218792051076889,10.0,1.0,10.0
1330.0,0.0819806382060051,0.0819806382060051,0.0060911332257092,0.008883961476385593,0.0012185339583083987,10.0,1.0,10.0
1331.0,0.08196742087602615,0.08196742087602615,0.00608941400423646,0.008890625089406967,0.0012182662030681968,10.0,1.0,10.0
1332.0,0.08195416629314423,0.08195416629314423,0.0060876840725541115,0.008897288702428341,0.0012180040357634425,10.0,1.0,10.0
1333.0,0.0819409042596817,0.0819409042596817,0.006085951812565327,0.008903970010578632,0.0012177411699667573,10.0,1.0,10.0
1334.0,0.081927590072155,0.081927590072155,0.006084222346544266,0.008910655044019222,0.0012174713192507625,10.0,1.0,10.0
1335.0,0.08191432058811188,0.08191432058811188,0.006082493346184492,0.008917325176298618,0.0012172055430710316,10.0,1.0,10.0
1336.0,0.08190086483955383,0.08190086483955383,0.0060807508416473866,0.008924026973545551,0.001216933480463922,10.0,1.0,10.0
1337.0,0.08188748359680176,0.08188748359680176,0.006079013459384441,0.008930716663599014,0.0012166636297479272,10.0,1.0,10.0
1338.0,0.0818740501999855,0.0818740501999855,0.006077270954847336,0.008937411941587925,0.0012163931969553232,10.0,1.0,10.0
1339.0,0.08186063170433044,0.08186063170433044,0.006075535900890827,0.008944129571318626,0.0012161147315055132,10.0,1.0,10.0
1340.0,0.08184704929590225,0.08184704929590225,0.006073780357837677,0.008950838819146156,0.00121584115549922,10.0,1.0,10.0
1341.0,0.08183354139328003,0.08183354139328003,0.006072031334042549,0.00895756296813488,0.0012155671138316393,10.0,1.0,10.0
1342.0,0.08181999623775482,0.08181999623775482,0.006070282310247421,0.008964301086962223,0.001215287484228611,10.0,1.0,10.0
1343.0,0.08180638402700424,0.08180638402700424,0.006068527232855558,0.008971035480499268,0.001215006923303008,10.0,1.0,10.0
1344.0,0.08179269731044769,0.08179269731044769,0.006066762376576662,0.00897776149213314,0.0012147317174822092,10.0,1.0,10.0
1345.0,0.08177904784679413,0.08177904784679413,0.006065010093152523,0.008984523825347424,0.0012144420761615038,10.0,1.0,10.0
1346.0,0.08176536113023758,0.08176536113023758,0.006063244305551052,0.008991274051368237,0.0012141644256189466,10.0,1.0,10.0
1347.0,0.08175159245729446,0.08175159245729446,0.006061474326997995,0.008998037315905094,0.0012138814199715853,10.0,1.0,10.0
1348.0,0.08173780143260956,0.08173780143260956,0.006059709936380386,0.009004823863506317,0.001213587704114616,10.0,1.0,10.0
1349.0,0.08172396570444107,0.08172396570444107,0.00605793297290802,0.009011580608785152,0.0012133056297898293,10.0,1.0,10.0
1350.0,0.08171014487743378,0.08171014487743378,0.006056159734725952,0.009018377400934696,0.0012130171526223421,10.0,1.0,10.0
1351.0,0.08169622719287872,0.08169622719287872,0.006054382771253586,0.009025182574987411,0.0012127223890274763,10.0,1.0,10.0
1352.0,0.08168232440948486,0.08168232440948486,0.006052597425878048,0.009031958878040314,0.0012124391505494714,10.0,1.0,10.0
1353.0,0.08166837692260742,0.08166837692260742,0.006050816737115383,0.009038780815899372,0.0012121424078941345,10.0,1.0,10.0
1354.0,0.0816543772816658,0.0816543772816658,0.006049031857401133,0.009045603685081005,0.0012118460144847631,10.0,1.0,10.0
1355.0,0.0816403478384018,0.0816403478384018,0.006047234870493412,0.009052403271198273,0.0012115600984543562,10.0,1.0,10.0
1356.0,0.08162626624107361,0.08162626624107361,0.006045445334166288,0.009059259667992592,0.0012112550903111696,10.0,1.0,10.0
1357.0,0.08161215484142303,0.08161215484142303,0.006043646950274706,0.009066096507012844,0.0012109591625630856,10.0,1.0,10.0
1358.0,0.08159805089235306,0.08159805089235306,0.006041845306754112,0.009072923101484776,0.0012106671929359436,10.0,1.0,10.0
1359.0,0.08158379048109055,0.08158379048109055,0.0060400404036045074,0.009079810231924057,0.001210358226671815,10.0,1.0,10.0
1360.0,0.08156958967447281,0.08156958967447281,0.006038231775164604,0.009086662903428078,0.001210060785524547,10.0,1.0,10.0
1361.0,0.08155537396669388,0.08155537396669388,0.00603641988709569,0.00909352395683527,0.0012097646249458194,10.0,1.0,10.0
1362.0,0.08154106140136719,0.08154106140136719,0.006034613586962223,0.009100429713726044,0.0012094501871615648,10.0,1.0,10.0
1363.0,0.0815267264842987,0.0815267264842987,0.006032788660377264,0.009107297286391258,0.0012091535609215498,10.0,1.0,10.0
1364.0,0.08151236176490784,0.08151236176490784,0.006030966527760029,0.009114200249314308,0.0012088497169315815,10.0,1.0,10.0
1365.0,0.0814979076385498,0.0814979076385498,0.006029144395142794,0.009121124632656574,0.0012085337657481432,10.0,1.0,10.0
1366.0,0.08148348331451416,0.08148348331451416,0.006027312949299812,0.009128009900450706,0.001208234578371048,10.0,1.0,10.0
1367.0,0.08146900683641434,0.08146900683641434,0.006025486625730991,0.009134949184954166,0.0012079193256795406,10.0,1.0,10.0
1368.0,0.08145446330308914,0.08145446330308914,0.006023647263646126,0.0091418931260705,0.0012076094280928373,10.0,1.0,10.0
1369.0,0.08143988251686096,0.08143988251686096,0.006021801847964525,0.009148824959993362,0.0012073041871190071,10.0,1.0,10.0
1370.0,0.08142536878585815,0.08142536878585815,0.006019975990056992,0.009155788458883762,0.0012069822987541556,10.0,1.0,10.0
1371.0,0.08141066879034042,0.08141066879034042,0.006018117070198059,0.00916273333132267,0.0012066764757037163,10.0,1.0,10.0
1372.0,0.08139596879482269,0.08139596879482269,0.0060162656009197235,0.009169714525341988,0.001206359826028347,10.0,1.0,10.0
1373.0,0.08138125389814377,0.08138125389814377,0.006014413665980101,0.009176700375974178,0.0012060421286150813,10.0,1.0,10.0
1374.0,0.08136656135320663,0.08136656135320663,0.006012558005750179,0.009183675982058048,0.0012057307176291943,10.0,1.0,10.0
1375.0,0.08135168254375458,0.08135168254375458,0.006010690703988075,0.009190691635012627,0.0012054083636030555,10.0,1.0,10.0
1376.0,0.0813368409872055,0.0813368409872055,0.006008821073919535,0.00919769424945116,0.0012050934601575136,10.0,1.0,10.0
1377.0,0.08132200688123703,0.08132200688123703,0.006006958894431591,0.009204703383147717,0.001204771688207984,10.0,1.0,10.0
1378.0,0.08130710572004318,0.08130710572004318,0.006005088798701763,0.009211749769747257,0.0012044466566294432,10.0,1.0,10.0
1379.0,0.08129213005304337,0.08129213005304337,0.006003203336149454,0.009218784049153328,0.0012041315203532577,10.0,1.0,10.0
1380.0,0.08127713203430176,0.08127713203430176,0.0060013215988874435,0.009225839748978615,0.001203807769343257,10.0,1.0,10.0
1381.0,0.08126211166381836,0.08126211166381836,0.005999444052577019,0.009232889860868454,0.0012034785468131304,10.0,1.0,10.0
1382.0,0.08124704658985138,0.08124704658985138,0.005997552070766687,0.009239954873919487,0.001203157240524888,10.0,1.0,10.0
1383.0,0.08123190701007843,0.08123190701007843,0.0059956517070531845,0.009247055277228355,0.0012028339551761746,10.0,1.0,10.0
1384.0,0.08121669292449951,0.08121669292449951,0.0059937480837106705,0.009254148229956627,0.0012025069445371628,10.0,1.0,10.0
1385.0,0.08120150864124298,0.08120150864124298,0.005991852376610041,0.009261229075491428,0.001202175859361887,10.0,1.0,10.0
1386.0,0.08118627220392227,0.08118627220392227,0.005989943165332079,0.009268343448638916,0.001201849663630128,10.0,1.0,10.0
1387.0,0.08117104321718216,0.08117104321718216,0.005988033954054117,0.00927548948675394,0.0012015218380838633,10.0,1.0,10.0
1388.0,0.08115573227405548,0.08115573227405548,0.005986116826534271,0.009282615967094898,0.0012011945946142077,10.0,1.0,10.0
1389.0,0.08114033937454224,0.08114033937454224,0.005984200630337,0.009289749898016453,0.0012008582707494497,10.0,1.0,10.0
1390.0,0.0811249166727066,0.0811249166727066,0.005982274189591408,0.009296901524066925,0.0012005267199128866,10.0,1.0,10.0
1391.0,0.08110953867435455,0.08110953867435455,0.005980345420539379,0.009304084815084934,0.0012001997092738748,10.0,1.0,10.0
1392.0,0.08109404891729355,0.08109404891729355,0.005978413391858339,0.009311274625360966,0.0011998636182397604,10.0,1.0,10.0
1393.0,0.08107850700616837,0.08107850700616837,0.005976479966193438,0.009318439289927483,0.0011995272943750024,10.0,1.0,10.0
1394.0,0.08106300234794617,0.08106300234794617,0.005974544212222099,0.009325641207396984,0.0011991920182481408,10.0,1.0,10.0
1395.0,0.08104730397462845,0.08104730397462845,0.005972586572170258,0.009332875721156597,0.0011988566257059574,10.0,1.0,10.0
1396.0,0.0810316875576973,0.0810316875576973,0.005970633588731289,0.009340086951851845,0.0011985262390226126,10.0,1.0,10.0
1397.0,0.08101595938205719,0.08101595938205719,0.005968683399260044,0.009347320534288883,0.001198180834762752,10.0,1.0,10.0
1398.0,0.08100017160177231,0.08100017160177231,0.005966717842966318,0.009354562498629093,0.0011978434631600976,10.0,1.0,10.0
1399.0,0.0809844359755516,0.0809844359755516,0.00596475088968873,0.009361833333969116,0.0011975097004324198,10.0,1.0,10.0
1400.0,0.08096864074468613,0.08096864074468613,0.005962785799056292,0.009369111619889736,0.001197167788632214,10.0,1.0,10.0
1401.0,0.08095277100801468,0.08095277100801468,0.005960812792181969,0.00937638245522976,0.001196826109662652,10.0,1.0,10.0
1402.0,0.08093690127134323,0.08093690127134323,0.005958836525678635,0.00938368309289217,0.001196485129185021,10.0,1.0,10.0
1403.0,0.08092091232538223,0.08092091232538223,0.0059568448923528194,0.00939099583774805,0.00119614670984447,10.0,1.0,10.0
1404.0,0.08090496063232422,0.08090496063232422,0.0059548597782850266,0.009398327209055424,0.001195803051814437,10.0,1.0,10.0
1405.0,0.08088892698287964,0.08088892698287964,0.005952867679297924,0.009405645541846752,0.0011954602086916566,10.0,1.0,10.0
1406.0,0.08087282627820969,0.08087282627820969,0.005950867664068937,0.009412989020347595,0.001195115502923727,10.0,1.0,10.0
1407.0,0.08085671812295914,0.08085671812295914,0.005948864854872227,0.009420353919267654,0.0011947713792324066,10.0,1.0,10.0
1408.0,0.080840565264225,0.080840565264225,0.0059468550607562065,0.00942772813141346,0.0011944285361096263,10.0,1.0,10.0
1409.0,0.08082441985607147,0.08082441985607147,0.005944846663624048,0.009435117244720459,0.0011940839467570186,10.0,1.0,10.0
1410.0,0.08080816268920898,0.08080816268920898,0.005942828953266144,0.009442505426704884,0.0011937367962673306,10.0,1.0,10.0
1411.0,0.08079185336828232,0.08079185336828232,0.005940804723650217,0.009449919685721397,0.00119338883087039,10.0,1.0,10.0
1412.0,0.08077559620141983,0.08077559620141983,0.005938779097050428,0.009457350708544254,0.0011930448235943913,10.0,1.0,10.0
1413.0,0.08075918257236481,0.08075918257236481,0.005936740897595882,0.009464791975915432,0.0011926975566893816,10.0,1.0,10.0
1414.0,0.08074279129505157,0.08074279129505157,0.0059347087517380714,0.009472230449318886,0.0011923476122319698,10.0,1.0,10.0
1415.0,0.08072634041309357,0.08072634041309357,0.005932664964348078,0.00947970524430275,0.0011919989483430982,10.0,1.0,10.0
1416.0,0.08070984482765198,0.08070984482765198,0.005930614657700062,0.009487173520028591,0.0011916524963453412,10.0,1.0,10.0
1417.0,0.0806933343410492,0.0806933343410492,0.005928564816713333,0.009494667872786522,0.0011913017369806767,10.0,1.0,10.0
1418.0,0.08067677915096283,0.08067677915096283,0.005926509853452444,0.00950218178331852,0.0011909499298781157,10.0,1.0,10.0
1419.0,0.08066011220216751,0.08066011220216751,0.005924437660723925,0.009509697556495667,0.0011906038271263242,10.0,1.0,10.0
1420.0,0.0806434229016304,0.0806434229016304,0.005922367796301842,0.009517235681414604,0.0011902513215318322,10.0,1.0,10.0
1421.0,0.08062674850225449,0.08062674850225449,0.005920298397541046,0.009524786844849586,0.0011898981174454093,10.0,1.0,10.0
1422.0,0.0806099995970726,0.0806099995970726,0.005918214097619057,0.009532342664897442,0.0011895513162016869,10.0,1.0,10.0
1423.0,0.08059325814247131,0.08059325814247131,0.00591613631695509,0.009539935737848282,0.0011891959002241492,10.0,1.0,10.0
1424.0,0.0805763453245163,0.0805763453245163,0.005914037115871906,0.009547515772283077,0.0011888457229360938,10.0,1.0,10.0
1425.0,0.08055953681468964,0.08055953681468964,0.005911950953304768,0.009555112570524216,0.0011884912382811308,10.0,1.0,10.0
1426.0,0.08054260164499283,0.08054260164499283,0.005909848492592573,0.009562745690345764,0.001188137335702777,10.0,1.0,10.0
1427.0,0.08052567392587662,0.08052567392587662,0.005907741375267506,0.009570385329425335,0.0011877878569066525,10.0,1.0,10.0
1428.0,0.08050864934921265,0.08050864934921265,0.005905629135668278,0.009578033350408077,0.001187432324513793,10.0,1.0,10.0
1429.0,0.0804915577173233,0.0804915577173233,0.005903510842472315,0.009585687890648842,0.001187076442874968,10.0,1.0,10.0
1430.0,0.08047445863485336,0.08047445863485336,0.005901386961340904,0.009593372233211994,0.0011867218418046832,10.0,1.0,10.0
1431.0,0.08045732975006104,0.08045732975006104,0.005899256095290184,0.009601075202226639,0.0011863691033795476,10.0,1.0,10.0
1432.0,0.08044020086526871,0.08044020086526871,0.00589712942019105,0.009608780033886433,0.0011860121740028262,10.0,1.0,10.0
1433.0,0.08042296767234802,0.08042296767234802,0.005894990637898445,0.009616507217288017,0.0011856553610414267,10.0,1.0,10.0
1434.0,0.08040571957826614,0.08040571957826614,0.00589284161105752,0.009624256752431393,0.001185304718092084,10.0,1.0,10.0
1435.0,0.08038836717605591,0.08038836717605591,0.005890690255910158,0.009632021188735962,0.0011849451111629605,10.0,1.0,10.0
1436.0,0.08037107437849045,0.08037107437849045,0.005888540297746658,0.009639766998589039,0.0011845901608467102,10.0,1.0,10.0
1437.0,0.08035366237163544,0.08035366237163544,0.005886379163712263,0.009647563099861145,0.0011842307867482305,10.0,1.0,10.0
1438.0,0.08033620566129684,0.08033620566129684,0.005884203128516674,0.009655384346842766,0.0011838785139843822,10.0,1.0,10.0
1439.0,0.08031878620386124,0.08031878620386124,0.005882035009562969,0.009663202799856663,0.0011835229815915227,10.0,1.0,10.0
1440.0,0.08030123263597488,0.08030123263597488,0.005879858508706093,0.009671034291386604,0.0011831610463559628,10.0,1.0,10.0
1441.0,0.08028368651866913,0.08028368651866913,0.005877676419913769,0.009678874164819717,0.0011828046990558505,10.0,1.0,10.0
1442.0,0.080266073346138,0.080266073346138,0.005875483155250549,0.009686748497188091,0.001182449865154922,10.0,1.0,10.0
1443.0,0.0802484080195427,0.0802484080195427,0.005873285699635744,0.009694651700556278,0.001182090025395155,10.0,1.0,10.0
1444.0,0.08023069053888321,0.08023069053888321,0.005871078930795193,0.009702528826892376,0.0011817372869700193,10.0,1.0,10.0
1445.0,0.08021300286054611,0.08021300286054611,0.005868882406502962,0.009710459969937801,0.0011813720921054482,10.0,1.0,10.0
1446.0,0.08019520342350006,0.08019520342350006,0.005866663064807653,0.009718388319015503,0.0011810185387730598,10.0,1.0,10.0
1447.0,0.0801774114370346,0.0801774114370346,0.005864446051418781,0.00972633995115757,0.0011806611437350512,10.0,1.0,10.0
1448.0,0.08015953004360199,0.08015953004360199,0.005862222984433174,0.009734313935041428,0.0011802985100075603,10.0,1.0,10.0
1449.0,0.08014161139726639,0.08014161139726639,0.00585998734459281,0.00974227674305439,0.0011799461208283901,10.0,1.0,10.0
1450.0,0.080123670399189,0.080123670399189,0.0058577535673975945,0.009750299155712128,0.0011795831378549337,10.0,1.0,10.0
1451.0,0.08010563254356384,0.08010563254356384,0.005855506286025047,0.009758299216628075,0.0011792270233854651,10.0,1.0,10.0
1452.0,0.0800875872373581,0.0800875872373581,0.0058532590046525,0.009766333736479282,0.0011788667179644108,10.0,1.0,10.0
1453.0,0.08006954938173294,0.08006954938173294,0.0058510093949735165,0.009774402715265751,0.0011785051319748163,10.0,1.0,10.0
1454.0,0.08005144447088242,0.08005144447088242,0.005848745349794626,0.009782450273633003,0.0011781546054407954,10.0,1.0,10.0
1455.0,0.08003324270248413,0.08003324270248413,0.005846485495567322,0.009790556505322456,0.001177783589810133,10.0,1.0,10.0
1456.0,0.08001500368118286,0.08001500368118286,0.0058442032895982265,0.009798625484108925,0.0011774345766752958,10.0,1.0,10.0
1457.0,0.07999671995639801,0.07999671995639801,0.0058419243432581425,0.00980677455663681,0.0011770706623792648,10.0,1.0,10.0
1458.0,0.07997852563858032,0.07997852563858032,0.005839650984853506,0.009814895689487457,0.0011767118703573942,10.0,1.0,10.0
1459.0,0.07996009290218353,0.07996009290218353,0.0058373515494167805,0.009823032654821873,0.0011763542424887419,10.0,1.0,10.0
1460.0,0.07994173467159271,0.07994173467159271,0.005835060961544514,0.009831230156123638,0.0011759898625314236,10.0,1.0,10.0
1461.0,0.07992328703403473,0.07992328703403473,0.005832749418914318,0.009839409030973911,0.0011756379390135407,10.0,1.0,10.0
1462.0,0.07990479469299316,0.07990479469299316,0.005830440670251846,0.00984761118888855,0.0011752777500078082,10.0,1.0,10.0
1463.0,0.0798862874507904,0.0798862874507904,0.005828133784234524,0.009855839423835278,0.0011749111581593752,10.0,1.0,10.0
1464.0,0.07986772060394287,0.07986772060394287,0.005825806874781847,0.009864049032330513,0.0011745599331334233,10.0,1.0,10.0
1465.0,0.07984908670186996,0.07984908670186996,0.005823480896651745,0.009872346185147762,0.0011741929920390248,10.0,1.0,10.0
1466.0,0.07983046025037766,0.07983046025037766,0.00582114839926362,0.009880592115223408,0.0011738381581380963,10.0,1.0,10.0
1467.0,0.07981174439191818,0.07981174439191818,0.005818809848278761,0.009888877160847187,0.0011734766885638237,10.0,1.0,10.0
1468.0,0.07979297637939453,0.07979297637939453,0.0058164638467133045,0.009897217154502869,0.0011731120757758617,10.0,1.0,10.0
1469.0,0.07977417856454849,0.07977417856454849,0.005814100615680218,0.00990552268922329,0.0011727643432095647,10.0,1.0,10.0
1470.0,0.07975535094738007,0.07975535094738007,0.005811753217130899,0.009913884103298187,0.0011723933275789022,10.0,1.0,10.0
1471.0,0.07973650842905045,0.07973650842905045,0.005809389986097813,0.00992222223430872,0.0011720386100932956,10.0,1.0,10.0
1472.0,0.07971751689910889,0.07971751689910889,0.0058070081286132336,0.00993060227483511,0.0011716835433617234,10.0,1.0,10.0
1473.0,0.07969854772090912,0.07969854772090912,0.005804636515676975,0.009939029812812805,0.0011713156709447503,10.0,1.0,10.0
1474.0,0.07967952638864517,0.07967952638864517,0.005802247207611799,0.00994740892201662,0.0011709644459187984,10.0,1.0,10.0
1475.0,0.07966046035289764,0.07966046035289764,0.005799860693514347,0.009955862537026405,0.0011705993674695492,10.0,1.0,10.0
1476.0,0.07964136451482773,0.07964136451482773,0.005797463469207287,0.00996431801468134,0.0011702412739396095,10.0,1.0,10.0
1477.0,0.07962222397327423,0.07962222397327423,0.005795059259980917,0.00997277069836855,0.0011698852758854628,10.0,1.0,10.0
1478.0,0.07960300892591476,0.07960300892591476,0.005792656913399696,0.009981265291571617,0.0011695176362991333,10.0,1.0,10.0
1479.0,0.07958374917507172,0.07958374917507172,0.005790235474705696,0.009989744052290916,0.0011691651307046413,10.0,1.0,10.0
1480.0,0.07956446707248688,0.07956446707248688,0.005787815898656845,0.009998288005590439,0.0011688026133924723,10.0,1.0,10.0
1481.0,0.07954517751932144,0.07954517751932144,0.005785392131656408,0.010006824508309364,0.0011684431228786707,10.0,1.0,10.0
1482.0,0.07952573895454407,0.07952573895454407,0.0057829502038657665,0.010015364736318588,0.0011680874740704894,10.0,1.0,10.0
1483.0,0.07950633019208908,0.07950633019208908,0.005780513864010572,0.010023960843682289,0.0011677228612825274,10.0,1.0,10.0
1484.0,0.07948680222034454,0.07948680222034454,0.005778059829026461,0.010032521560788155,0.0011673682602122426,10.0,1.0,10.0
1485.0,0.0794673040509224,0.0794673040509224,0.005775612313300371,0.010041129775345325,0.0011670051608234644,10.0,1.0,10.0
1486.0,0.07944773882627487,0.07944773882627487,0.005773151759058237,0.010049768723547459,0.0011666456703096628,10.0,1.0,10.0
1487.0,0.07942812889814377,0.07942812889814377,0.005770680028945208,0.010058406740427017,0.0011662922333925962,10.0,1.0,10.0
1488.0,0.07940837740898132,0.07940837740898132,0.005768206436187029,0.010067073628306389,0.0011659243609756231,10.0,1.0,10.0
1489.0,0.07938873022794724,0.07938873022794724,0.00576573284342885,0.010075721889734268,0.0011655680136755109,10.0,1.0,10.0
1490.0,0.0793689489364624,0.0793689489364624,0.005763245280832052,0.010084433481097221,0.0011652057291939855,10.0,1.0,10.0
1491.0,0.07934914529323578,0.07934914529323578,0.0057607488706707954,0.010093137621879578,0.0011648519430309534,10.0,1.0,10.0
1492.0,0.07932925224304199,0.07932925224304199,0.005758250132203102,0.0101018650457263,0.001164488261565566,10.0,1.0,10.0
1493.0,0.0793093591928482,0.0793093591928482,0.005755745805799961,0.010110612027347088,0.0011641290038824081,10.0,1.0,10.0
1494.0,0.07928938418626785,0.07928938418626785,0.005753225646913052,0.010119378566741943,0.0011637749848887324,10.0,1.0,10.0
1495.0,0.07926937192678452,0.07926937192678452,0.005750710144639015,0.010128169320523739,0.0011634106049314141,10.0,1.0,10.0
1496.0,0.0792493224143982,0.0792493224143982,0.005748185329139233,0.010136924684047699,0.0011630540248006582,10.0,1.0,10.0
1497.0,0.0792292132973671,0.0792292132973671,0.005745655857026577,0.010145755484700203,0.00116268964484334,10.0,1.0,10.0
1498.0,0.0792091116309166,0.0792091116309166,0.005743115209043026,0.010154588147997856,0.0011623365571722388,10.0,1.0,10.0
1499.0,0.07918884605169296,0.07918884605169296,0.005740566179156303,0.010163433849811554,0.0011619755532592535,10.0,1.0,10.0
1500.0,0.07916861772537231,0.07916861772537231,0.005738019943237305,0.010172296315431595,0.0011616122210398316,10.0,1.0,10.0
