epoch,loss_total,objective_total,loss_data,loss_physics,loss_boundary,weight_data,weight_physics,weight_boundary
1.0,16.901840209960938,16.901840209960938,0.8005706071853638,0.04449686408042908,0.8851636648178101,10.0,1.0,10.0
2.0,15.484336853027344,15.484336853027344,0.7321794033050537,0.02011190354824066,0.8142431378364563,10.0,1.0,10.0
3.0,14.332551002502441,14.332551002502441,0.6774329543113708,0.006661555729806423,0.7551559805870056,10.0,1.0,10.0
4.0,13.388862609863281,13.388862609863281,0.6336048245429993,0.003820745972916484,0.7048993110656738,10.0,1.0,10.0
5.0,12.589130401611328,12.589130401611328,0.5975685715675354,0.008696009404957294,0.6604748368263245,10.0,1.0,10.0
6.0,11.87342643737793,11.87342643737793,0.5664283633232117,0.017752867192029953,0.6191389560699463,10.0,1.0,10.0
7.0,11.185508728027344,11.185508728027344,0.5374552607536316,0.027772344648838043,0.5783184170722961,10.0,1.0,10.0
8.0,10.4795560836792,10.4795560836792,0.5083228945732117,0.0366271510720253,0.5359699726104736,10.0,1.0,10.0
9.0,9.728193283081055,9.728193283081055,0.4774889349937439,0.04357444494962692,0.4909728765487671,10.0,1.0,10.0
10.0,8.924077987670898,8.924077987670898,0.4443148076534271,0.04895889386534691,0.4431971311569214,10.0,1.0,10.0
11.0,8.076311111450195,8.076311111450195,0.40893450379371643,0.05368727818131447,0.39332789182662964,10.0,1.0,10.0
12.0,7.205295562744141,7.205295562744141,0.37203237414360046,0.058728013187646866,0.34262439608573914,10.0,1.0,10.0
13.0,6.337597846984863,6.337597846984863,0.3346095383167267,0.06467487663030624,0.2926827669143677,10.0,1.0,10.0
14.0,5.500844955444336,5.500844955444336,0.2977473735809326,0.07138996571302414,0.2451981157064438,10.0,1.0,10.0
15.0,4.718308448791504,4.718308448791504,0.26234912872314453,0.07786566019058228,0.20169514417648315,10.0,1.0,10.0
16.0,4.003940582275391,4.003940582275391,0.22889086604118347,0.0825299397110939,0.1632501631975174,10.0,1.0,10.0
17.0,3.3614184856414795,3.3614184856414795,0.19736050069332123,0.08401810377836227,0.13037952780723572,10.0,1.0,10.0
18.0,2.7900543212890625,2.7900543212890625,0.1675500124692917,0.08194399625062943,0.10326103121042252,10.0,1.0,10.0
19.0,2.2950000762939453,2.2950000762939453,0.13959242403507233,0.07712200284004211,0.08219540119171143,10.0,1.0,10.0
20.0,1.8946478366851807,1.8946478366851807,0.1143653616309166,0.07149732112884521,0.06794968992471695,10.0,1.0,10.0
21.0,1.6193182468414307,1.6193182468414307,0.09341809898614883,0.06870245188474655,0.06164347380399704,10.0,1.0,10.0
22.0,1.4986605644226074,1.4986605644226074,0.07829594612121582,0.07517020404338837,0.06405309587717056,10.0,1.0,10.0
23.0,1.5372408628463745,1.5372408628463745,0.06938282400369644,0.09885890036821365,0.0744553729891777,10.0,1.0,10.0
24.0,1.6900217533111572,1.6900217533111572,0.06505151838064194,0.1418350338935852,0.08976715058088303,10.0,1.0,10.0
25.0,1.8751671314239502,1.8751671314239502,0.06266866624355316,0.1934862732887268,0.10549940913915634,10.0,1.0,10.0
26.0,2.0284674167633057,2.0284674167633057,0.06086361035704613,0.23839546740055084,0.11814358085393906,10.0,1.0,10.0
27.0,2.1298365592956543,2.1298365592956543,0.05997569486498833,0.2686886787414551,0.1261390894651413,10.0,1.0,10.0
28.0,2.175800085067749,2.175800085067749,0.06040550768375397,0.2822778820991516,0.1289467215538025,10.0,1.0,10.0
29.0,2.1522936820983887,2.1522936820983887,0.061363689601421356,0.27610424160957336,0.12625525891780853,10.0,1.0,10.0
30.0,2.05258846282959,2.05258846282959,0.06172855570912361,0.2501038610935211,0.11851988732814789,10.0,1.0,10.0
31.0,1.9025415182113647,1.9025415182113647,0.06148309260606766,0.2124348282814026,0.10752757638692856,10.0,1.0,10.0
32.0,1.747072458267212,1.747072458267212,0.061589956283569336,0.17418774962425232,0.09569850564002991,10.0,1.0,10.0
33.0,1.620438575744629,1.620438575744629,0.06291867792606354,0.14210101962089539,0.08491507917642593,10.0,1.0,10.0
34.0,1.5329216718673706,1.5329216718673706,0.06559224426746368,0.11744201928377151,0.07595572620630264,10.0,1.0,10.0
35.0,1.4783802032470703,1.4783802032470703,0.06916125863790512,0.09906739741563797,0.06877002865076065,10.0,1.0,10.0
36.0,1.448196530342102,1.448196530342102,0.0731363520026207,0.085891492664814,0.06309415400028229,10.0,1.0,10.0
37.0,1.437692642211914,1.437692642211914,0.07725721597671509,0.07719970494508743,0.058792080730199814,10.0,1.0,10.0
38.0,1.4440596103668213,1.4440596103668213,0.08138615638017654,0.0721447765827179,0.05580531805753708,10.0,1.0,10.0
39.0,1.4624512195587158,1.4624512195587158,0.08530701696872711,0.06962469965219498,0.05397563427686691,10.0,1.0,10.0
40.0,1.4850759506225586,1.4850759506225586,0.08867133408784866,0.06855542212724686,0.05298071727156639,10.0,1.0,10.0
41.0,1.503622055053711,1.503622055053711,0.09111901372671127,0.06813231110572815,0.052429959177970886,10.0,1.0,10.0
42.0,1.5125402212142944,1.5125402212142944,0.09244563430547714,0.06789225339889526,0.052019160240888596,10.0,1.0,10.0
43.0,1.5105923414230347,1.5105923414230347,0.0926767885684967,0.06763743609189987,0.051618702709674835,10.0,1.0,10.0
44.0,1.4999327659606934,1.4999327659606934,0.09201038628816605,0.0673336610198021,0.05124952271580696,10.0,1.0,10.0
45.0,1.4838449954986572,1.4838449954986572,0.09068891406059265,0.06703364849090576,0.05099222809076309,10.0,1.0,10.0
46.0,1.4648545980453491,1.4648545980453491,0.08889570087194443,0.06682226806879044,0.050907526165246964,10.0,1.0,10.0
47.0,1.4442741870880127,1.4442741870880127,0.08673258870840073,0.06677751988172531,0.05101708322763443,10.0,1.0,10.0
48.0,1.423041820526123,1.423041820526123,0.08427097648382187,0.06695827841758728,0.05133736878633499,10.0,1.0,10.0
49.0,1.4027568101882935,1.4027568101882935,0.08161670714616776,0.06742530316114426,0.051916446536779404,10.0,1.0,10.0
50.0,1.3858075141906738,1.3858075141906738,0.07892779260873795,0.06826900690793991,0.052826058119535446,10.0,1.0,10.0
51.0,1.3743672370910645,1.3743672370910645,0.07637108117341995,0.0695989578962326,0.054105743765830994,10.0,1.0,10.0
52.0,1.3690931797027588,1.3690931797027588,0.07405876368284225,0.07147920876741409,0.05570263788104057,10.0,1.0,10.0
53.0,1.3686838150024414,1.3686838150024414,0.07202262431383133,0.07385356724262238,0.05746040493249893,10.0,1.0,10.0
54.0,1.3707315921783447,1.3707315921783447,0.07024731487035751,0.07653138041496277,0.059172697365283966,10.0,1.0,10.0
55.0,1.3731426000595093,1.3731426000595093,0.068728007376194,0.07925207167863846,0.06066104769706726,10.0,1.0,10.0
56.0,1.3748900890350342,1.3748900890350342,0.06749486923217773,0.0817638635635376,0.06181774660944939,10.0,1.0,10.0
57.0,1.3756341934204102,1.3756341934204102,0.06658615171909332,0.08384513109922409,0.0625927522778511,10.0,1.0,10.0
58.0,1.374942660331726,1.374942660331726,0.06600742787122726,0.08528617024421692,0.06295821815729141,10.0,1.0,10.0
59.0,1.372143030166626,1.372143030166626,0.0657254233956337,0.0859120711684227,0.06289767473936081,10.0,1.0,10.0
60.0,1.3669627904891968,1.3669627904891968,0.06570099294185638,0.08566652983427048,0.06242863088846207,10.0,1.0,10.0
61.0,1.3601115942001343,1.3601115942001343,0.0659196674823761,0.08467105031013489,0.06162438541650772,10.0,1.0,10.0
62.0,1.3530387878417969,1.3530387878417969,0.0663834661245346,0.08318013697862625,0.06060240417718887,10.0,1.0,10.0
63.0,1.34706711769104,1.34706711769104,0.06707503646612167,0.08146453648805618,0.05948522686958313,10.0,1.0,10.0
64.0,1.3427512645721436,1.3427512645721436,0.06793519854545593,0.07972321659326553,0.05836760252714157,10.0,1.0,10.0
65.0,1.3399604558944702,1.3399604558944702,0.06887714564800262,0.07807312160730362,0.05731157958507538,10.0,1.0,10.0
66.0,1.3383899927139282,1.3383899927139282,0.06982077658176422,0.07658325135707855,0.056359902024269104,10.0,1.0,10.0
67.0,1.3378727436065674,1.3378727436065674,0.0707133486866951,0.07529841363430023,0.055544085800647736,10.0,1.0,10.0
68.0,1.3382604122161865,1.3382604122161865,0.07152348011732101,0.07423802465200424,0.05487876012921333,10.0,1.0,10.0
69.0,1.3391677141189575,1.3391677141189575,0.0722234919667244,0.07339054346084595,0.054354228079319,10.0,1.0,10.0
70.0,1.3399672508239746,1.3399672508239746,0.07278185337781906,0.07272316515445709,0.05394255742430687,10.0,1.0,10.0
71.0,1.3400769233703613,1.3400769233703613,0.07317116111516953,0.07220357656478882,0.05361616611480713,10.0,1.0,10.0
72.0,1.339250087738037,1.339250087738037,0.07337909191846848,0.0718165710568428,0.053364258259534836,10.0,1.0,10.0
73.0,1.337608814239502,1.337608814239502,0.0734100490808487,0.07156410813331604,0.053194426000118256,10.0,1.0,10.0
74.0,1.3354368209838867,1.3354368209838867,0.07327744364738464,0.07145344465970993,0.053120892494916916,10.0,1.0,10.0
75.0,1.3329689502716064,1.3329689502716064,0.0729968324303627,0.07148595154285431,0.05315147712826729,10.0,1.0,10.0
76.0,1.330357551574707,1.330357551574707,0.0725872740149498,0.07165472209453583,0.05328301340341568,10.0,1.0,10.0
77.0,1.3277708292007446,1.3277708292007446,0.07207747548818588,0.07194831222295761,0.05350477620959282,10.0,1.0,10.0
78.0,1.325447916984558,1.325447916984558,0.07150740921497345,0.07235229760408401,0.05380215868353844,10.0,1.0,10.0
79.0,1.3236199617385864,1.3236199617385864,0.07092142105102539,0.0728447213768959,0.0541560985147953,10.0,1.0,10.0
80.0,1.3223717212677002,1.3223717212677002,0.07035771012306213,0.07338989526033401,0.054540473967790604,10.0,1.0,10.0
81.0,1.3215951919555664,1.3215951919555664,0.06984248757362366,0.07393909245729446,0.05492313206195831,10.0,1.0,10.0
82.0,1.3210785388946533,1.3210785388946533,0.06939196586608887,0.07444111257791519,0.055271781980991364,10.0,1.0,10.0
83.0,1.320632815361023,1.320632815361023,0.06901713460683823,0.074855737388134,0.05556057021021843,10.0,1.0,10.0
84.0,1.3201431035995483,1.3201431035995483,0.06872570514678955,0.07516034692525864,0.0557725727558136,10.0,1.0,10.0
85.0,1.319530725479126,1.319530725479126,0.0685202106833458,0.07534721493721008,0.05589814484119415,10.0,1.0,10.0
86.0,1.3187122344970703,1.3187122344970703,0.06839659810066223,0.07541733980178833,0.055932898074388504,10.0,1.0,10.0
87.0,1.3176207542419434,1.3176207542419434,0.06834611296653748,0.07537740468978882,0.05587821826338768,10.0,1.0,10.0
88.0,1.316261649131775,1.316261649131775,0.06835933029651642,0.07523991167545319,0.05574284493923187,10.0,1.0,10.0
89.0,1.3147276639938354,1.3147276639938354,0.06842820346355438,0.07502243667840958,0.05554231256246567,10.0,1.0,10.0
90.0,1.3131463527679443,1.3131463527679443,0.06854458898305893,0.07474459707736969,0.05529558286070824,10.0,1.0,10.0
91.0,1.311613917350769,1.311613917350769,0.06869787722826004,0.07442503422498703,0.0550210103392601,10.0,1.0,10.0
92.0,1.3101714849472046,1.3101714849472046,0.06887432932853699,0.07408161461353302,0.05473466217517853,10.0,1.0,10.0
93.0,1.3088297843933105,1.3088297843933105,0.06905867159366608,0.07373352348804474,0.05445096269249916,10.0,1.0,10.0
94.0,1.3075947761535645,1.3075947761535645,0.06923584640026093,0.07340189814567566,0.054183442145586014,10.0,1.0,10.0
95.0,1.3064634799957275,1.3064634799957275,0.06939149647951126,0.07310731709003448,0.053944118320941925,10.0,1.0,10.0
96.0,1.3054068088531494,1.3054068088531494,0.06951209157705307,0.07286596298217773,0.05374199151992798,10.0,1.0,10.0
97.0,1.3043675422668457,1.3043675422668457,0.06958596408367157,0.07268732786178589,0.053582046180963516,10.0,1.0,10.0
98.0,1.3032865524291992,1.3032865524291992,0.06960547715425491,0.07257440686225891,0.05346573144197464,10.0,1.0,10.0
99.0,1.3021302223205566,1.3021302223205566,0.06956876069307327,0.07252506911754608,0.05339176207780838,10.0,1.0,10.0
100.0,1.3008954524993896,1.3008954524993896,0.0694795623421669,0.07253308594226837,0.053356681019067764,10.0,1.0,10.0
101.0,1.2995926141738892,1.2995926141738892,0.06934548169374466,0.07258862257003784,0.05335491895675659,10.0,1.0,10.0
102.0,1.2982313632965088,1.2982313632965088,0.06917586177587509,0.07267940044403076,0.05337933078408241,10.0,1.0,10.0
103.0,1.2968218326568604,1.2968218326568604,0.06898068636655807,0.07279268652200699,0.0534222237765789,10.0,1.0,10.0
104.0,1.2953805923461914,1.2953805923461914,0.06876988708972931,0.07291720062494278,0.05347646027803421,10.0,1.0,10.0
105.0,1.293931007385254,1.293931007385254,0.06855294853448868,0.07304396480321884,0.05353575944900513,10.0,1.0,10.0
106.0,1.2924907207489014,1.2924907207489014,0.06833823770284653,0.07316559553146362,0.05359427630901337,10.0,1.0,10.0
107.0,1.291062593460083,1.291062593460083,0.0681326612830162,0.07327517122030258,0.05364608392119408,10.0,1.0,10.0
108.0,1.2896361351013184,1.2896361351013184,0.06794190406799316,0.07336552441120148,0.05368516594171524,10.0,1.0,10.0
109.0,1.2881989479064941,1.2881989479064941,0.06777086853981018,0.07342951744794846,0.053706079721450806,10.0,1.0,10.0
110.0,1.2867424488067627,1.2867424488067627,0.06762367486953735,0.07346071302890778,0.05370450019836426,10.0,1.0,10.0
111.0,1.2852609157562256,1.2852609157562256,0.06750314682722092,0.07345395535230637,0.053677547723054886,10.0,1.0,10.0
112.0,1.2837477922439575,1.2837477922439575,0.06741014122962952,0.0734063908457756,0.053623996675014496,10.0,1.0,10.0
113.0,1.2821967601776123,1.2821967601776123,0.0673433244228363,0.0733184739947319,0.05354449525475502,10.0,1.0,10.0
114.0,1.2806053161621094,1.2806053161621094,0.06729935854673386,0.07319463789463043,0.05344171077013016,10.0,1.0,10.0
115.0,1.278977870941162,1.278977870941162,0.0672733411192894,0.073043093085289,0.05332013592123985,10.0,1.0,10.0
116.0,1.2773211002349854,1.2773211002349854,0.0672592744231224,0.07287438213825226,0.05318540334701538,10.0,1.0,10.0
117.0,1.2756400108337402,1.2756400108337402,0.06725051254034042,0.07269955426454544,0.053043536841869354,10.0,1.0,10.0
118.0,1.2739348411560059,1.2739348411560059,0.06724044680595398,0.07252855598926544,0.05290018394589424,10.0,1.0,10.0
119.0,1.2722043991088867,1.2722043991088867,0.06722328066825867,0.07236922532320023,0.052760228514671326,10.0,1.0,10.0
120.0,1.270447015762329,1.270447015762329,0.06719444692134857,0.07222691178321838,0.0526275634765625,10.0,1.0,10.0
121.0,1.2686612606048584,1.2686612606048584,0.06715074926614761,0.07210461795330048,0.05250491574406624,10.0,1.0,10.0
122.0,1.2668440341949463,1.2668440341949463,0.06709019839763641,0.0720033124089241,0.052393876016139984,10.0,1.0,10.0
123.0,1.264991283416748,1.264991283416748,0.06701184809207916,0.0719226598739624,0.0522950105369091,10.0,1.0,10.0
124.0,1.2630987167358398,1.2630987167358398,0.0669155865907669,0.07186159491539001,0.05220813304185867,10.0,1.0,10.0
125.0,1.2611653804779053,1.2611653804779053,0.06680212914943695,0.0718187615275383,0.05213252827525139,10.0,1.0,10.0
126.0,1.2591915130615234,1.2591915130615234,0.06667288392782211,0.07179251313209534,0.05206701159477234,10.0,1.0,10.0
127.0,1.2571780681610107,1.2571780681610107,0.06652991473674774,0.0717804953455925,0.05200984328985214,10.0,1.0,10.0
128.0,1.2551255226135254,1.2551255226135254,0.06637585908174515,0.07177948951721191,0.05195873975753784,10.0,1.0,10.0
129.0,1.2530330419540405,1.2530330419540405,0.06621384620666504,0.07178522646427155,0.05191093683242798,10.0,1.0,10.0
130.0,1.2509007453918457,1.2509007453918457,0.06604744493961334,0.0717926025390625,0.05186337232589722,10.0,1.0,10.0
131.0,1.2487282752990723,1.2487282752990723,0.06588026881217957,0.07179605215787888,0.05181295797228813,10.0,1.0,10.0
132.0,1.2465142011642456,1.2465142011642456,0.06571565568447113,0.07179023325443268,0.05175673961639404,10.0,1.0,10.0
133.0,1.2442562580108643,1.2442562580108643,0.06555627286434174,0.07177062332630157,0.05169229209423065,10.0,1.0,10.0
134.0,1.2419513463974,1.2419513463974,0.06540389358997345,0.07173408567905426,0.05161783844232559,10.0,1.0,10.0
135.0,1.2395976781845093,1.2395976781845093,0.06525935232639313,0.0716792643070221,0.05153249204158783,10.0,1.0,10.0
136.0,1.2371938228607178,1.2371938228607178,0.0651225671172142,0.07160650193691254,0.0514361597597599,10.0,1.0,10.0
137.0,1.2347382307052612,1.2347382307052612,0.06499261409044266,0.0715174451470375,0.051329463720321655,10.0,1.0,10.0
138.0,1.2322299480438232,1.2322299480438232,0.06486804783344269,0.07141457498073578,0.05121349170804024,10.0,1.0,10.0
139.0,1.2296679019927979,1.2296679019927979,0.06474702060222626,0.07130073755979538,0.051089685410261154,10.0,1.0,10.0
140.0,1.2270512580871582,1.2270512580871582,0.06462759524583817,0.07117879390716553,0.050959646701812744,10.0,1.0,10.0
141.0,1.224379301071167,1.224379301071167,0.06450778245925903,0.07105142623186111,0.05082499980926514,10.0,1.0,10.0
142.0,1.2216506004333496,1.2216506004333496,0.06438565999269485,0.07092112302780151,0.05068729445338249,10.0,1.0,10.0
143.0,1.2188637256622314,1.2188637256622314,0.06425938755273819,0.07079014182090759,0.050547972321510315,10.0,1.0,10.0
144.0,1.2160165309906006,1.2160165309906006,0.06412728130817413,0.0706605613231659,0.05040831118822098,10.0,1.0,10.0
145.0,1.213106393814087,1.213106393814087,0.0639878362417221,0.07053431868553162,0.050269365310668945,10.0,1.0,10.0
146.0,1.2101311683654785,1.2101311683654785,0.06383990496397018,0.0704130083322525,0.050131916999816895,10.0,1.0,10.0
147.0,1.2070890665054321,1.2070890665054321,0.06368270516395569,0.0702977180480957,0.049996428191661835,10.0,1.0,10.0
148.0,1.2039774656295776,1.2039774656295776,0.06351590156555176,0.07018885761499405,0.04986295849084854,10.0,1.0,10.0
149.0,1.200793981552124,1.200793981552124,0.06333968043327332,0.07008601725101471,0.04973112419247627,10.0,1.0,10.0
150.0,1.1975373029708862,1.1975373029708862,0.0631546825170517,0.06998805701732635,0.04960023611783981,10.0,1.0,10.0
151.0,1.1942048072814941,1.1942048072814941,0.06296191364526749,0.06989313662052155,0.049469251185655594,10.0,1.0,10.0
152.0,1.1907949447631836,1.1907949447631836,0.06276261806488037,0.06979905813932419,0.04933697730302811,10.0,1.0,10.0
153.0,1.1873058080673218,1.1873058080673218,0.06255808472633362,0.06970350444316864,0.049202144145965576,10.0,1.0,10.0
154.0,1.1837348937988281,1.1837348937988281,0.06234952062368393,0.0696042999625206,0.049063537269830704,10.0,1.0,10.0
155.0,1.1800799369812012,1.1800799369812012,0.06213792413473129,0.06949962675571442,0.04892010986804962,10.0,1.0,10.0
156.0,1.17633855342865,1.17633855342865,0.061924029141664505,0.06938810646533966,0.04877102002501488,10.0,1.0,10.0
157.0,1.1725080013275146,1.1725080013275146,0.06170827895402908,0.06926881521940231,0.04861564189195633,10.0,1.0,10.0
158.0,1.168586015701294,1.168586015701294,0.061490852385759354,0.0691412091255188,0.04845362901687622,10.0,1.0,10.0
159.0,1.1645694971084595,1.1645694971084595,0.061271656304597855,0.0690050721168518,0.04828478768467903,10.0,1.0,10.0
160.0,1.1604559421539307,1.1604559421539307,0.0610504075884819,0.06886041164398193,0.04810914024710655,10.0,1.0,10.0
161.0,1.1562423706054688,1.1562423706054688,0.060826629400253296,0.06870747357606888,0.04792686179280281,10.0,1.0,10.0
162.0,1.1519262790679932,1.1519262790679932,0.06059969961643219,0.06854668259620667,0.04773826524615288,10.0,1.0,10.0
163.0,1.1475048065185547,1.1475048065185547,0.060368843376636505,0.06837867200374603,0.04754376783967018,10.0,1.0,10.0
164.0,1.142974853515625,1.142974853515625,0.06013321503996849,0.06820426136255264,0.04734383895993233,10.0,1.0,10.0
165.0,1.1383330821990967,1.1383330821990967,0.05989190191030502,0.06802433729171753,0.04713897407054901,10.0,1.0,10.0
166.0,1.1335766315460205,1.1335766315460205,0.059644006192684174,0.0678398609161377,0.04692966490983963,10.0,1.0,10.0
167.0,1.1287018060684204,1.1287018060684204,0.05938873440027237,0.06765166670084,0.04671628028154373,10.0,1.0,10.0
168.0,1.1237056255340576,1.1237056255340576,0.059125449508428574,0.06746036559343338,0.04649907723069191,10.0,1.0,10.0
169.0,1.118584394454956,1.118584394454956,0.05885365605354309,0.06726627051830292,0.04627816006541252,10.0,1.0,10.0
170.0,1.1133345365524292,1.1133345365524292,0.058573104441165924,0.06706936657428741,0.046053413301706314,10.0,1.0,10.0
171.0,1.10795259475708,1.10795259475708,0.0582837276160717,0.06686927378177643,0.045824598520994186,10.0,1.0,10.0
172.0,1.1024348735809326,1.1024348735809326,0.057985641062259674,0.06666536629199982,0.04559130594134331,10.0,1.0,10.0
173.0,1.0967779159545898,1.0967779159545898,0.057679057121276855,0.06645683944225311,0.04535304754972458,10.0,1.0,10.0
174.0,1.090977668762207,1.090977668762207,0.05736423283815384,0.06624278426170349,0.04510926455259323,10.0,1.0,10.0
175.0,1.0850307941436768,1.0850307941436768,0.05704144760966301,0.06602233648300171,0.044859401881694794,10.0,1.0,10.0
176.0,1.0789334774017334,1.0789334774017334,0.05671094357967377,0.06579464673995972,0.04460293799638748,10.0,1.0,10.0
177.0,1.0726816654205322,1.0726816654205322,0.056372884660959244,0.06555899977684021,0.0443393811583519,10.0,1.0,10.0
178.0,1.0662716627120972,1.0662716627120972,0.0560273602604866,0.06531478464603424,0.04406833276152611,10.0,1.0,10.0
179.0,1.059699535369873,1.059699535369873,0.055674344301223755,0.06506150215864182,0.043789464980363846,10.0,1.0,10.0
180.0,1.0529614686965942,1.0529614686965942,0.055313728749752045,0.0647987648844719,0.04350253939628601,10.0,1.0,10.0
181.0,1.046053409576416,1.046053409576416,0.05494530498981476,0.06452631205320358,0.04320739954710007,10.0,1.0,10.0
182.0,1.0389714241027832,1.0389714241027832,0.05456876754760742,0.06424395740032196,0.042903974652290344,10.0,1.0,10.0
183.0,1.031711459159851,1.031711459159851,0.0541837252676487,0.06395168602466583,0.04259224981069565,10.0,1.0,10.0
184.0,1.0242698192596436,1.0242698192596436,0.05378974974155426,0.06364952772855759,0.042272284626960754,10.0,1.0,10.0
185.0,1.016642689704895,1.016642689704895,0.05338633060455322,0.06333760917186737,0.04194417595863342,10.0,1.0,10.0
186.0,1.0088257789611816,1.0088257789611816,0.05297297239303589,0.06301608681678772,0.04160800576210022,10.0,1.0,10.0
187.0,1.0008156299591064,1.0008156299591064,0.05254917964339256,0.06268510222434998,0.0412638820707798,10.0,1.0,10.0
188.0,0.9926084280014038,0.9926084280014038,0.05211453512310982,0.06234471872448921,0.04091183841228485,10.0,1.0,10.0
189.0,0.9842004179954529,0.9842004179954529,0.051668681204319,0.06199488043785095,0.04055187106132507,10.0,1.0,10.0
190.0,0.9755879640579224,0.9755879640579224,0.051211338490247726,0.06163542717695236,0.04018391668796539,10.0,1.0,10.0
191.0,0.9667675495147705,0.9667675495147705,0.050742339342832565,0.06126602366566658,0.03980781510472298,10.0,1.0,10.0
192.0,0.9577362537384033,0.9577362537384033,0.05026160925626755,0.06088624522089958,0.039423391222953796,10.0,1.0,10.0
193.0,0.9484907388687134,0.9484907388687134,0.04976912587881088,0.06049555167555809,0.03903039172291756,10.0,1.0,10.0
194.0,0.939028263092041,0.939028263092041,0.04926493018865585,0.06009336933493614,0.03862856328487396,10.0,1.0,10.0
195.0,0.929345965385437,0.929345965385437,0.048749059438705444,0.05967910587787628,0.03821762651205063,10.0,1.0,10.0
196.0,0.9194416403770447,0.9194416403770447,0.04822159558534622,0.05925219878554344,0.03779735043644905,10.0,1.0,10.0
197.0,0.9093130230903625,0.9093130230903625,0.04768257960677147,0.058812133967876434,0.03736751154065132,10.0,1.0,10.0
198.0,0.8989583849906921,0.8989583849906921,0.047132037580013275,0.05835846811532974,0.036927949637174606,10.0,1.0,10.0
199.0,0.8883761763572693,0.8883761763572693,0.04656996950507164,0.05789084732532501,0.03647856041789055,10.0,1.0,10.0
200.0,0.8775650262832642,0.8775650262832642,0.045996323227882385,0.057408977299928665,0.03601928427815437,10.0,1.0,10.0
201.0,0.8665244579315186,0.8665244579315186,0.04541103541851044,0.05691267177462578,0.03555014356970787,10.0,1.0,10.0
202.0,0.8552539348602295,0.8552539348602295,0.04481402784585953,0.05640178173780441,0.03507118672132492,10.0,1.0,10.0
203.0,0.843753457069397,0.843753457069397,0.0442051887512207,0.0558762401342392,0.034582532942295074,10.0,1.0,10.0
204.0,0.8320235013961792,0.8320235013961792,0.043584417551755905,0.05533600598573685,0.03408433496952057,10.0,1.0,10.0
205.0,0.8200650215148926,0.8200650215148926,0.04295164719223976,0.05478107929229736,0.03357674926519394,10.0,1.0,10.0
206.0,0.8078798055648804,0.8078798055648804,0.042306844145059586,0.05421145632863045,0.033059991896152496,10.0,1.0,10.0
207.0,0.7954696416854858,0.7954696416854858,0.041650012135505676,0.053627125918865204,0.03253423422574997,10.0,1.0,10.0
208.0,0.7828372716903687,0.7828372716903687,0.0409812293946743,0.05302805453538895,0.03199969232082367,10.0,1.0,10.0
209.0,0.7699860334396362,0.7699860334396362,0.040300652384757996,0.05241415277123451,0.03145653381943703,10.0,1.0,10.0
210.0,0.7569197416305542,0.7569197416305542,0.03960849344730377,0.051785312592983246,0.030904948711395264,10.0,1.0,10.0
211.0,0.7436432838439941,0.7436432838439941,0.0389050655066967,0.05114137381315231,0.030345121398568153,10.0,1.0,10.0
212.0,0.7301616668701172,0.7301616668701172,0.038190729916095734,0.05048219487071037,0.029777217656373978,10.0,1.0,10.0
213.0,0.71648108959198,0.71648108959198,0.0374658964574337,0.0498076006770134,0.029201453551650047,10.0,1.0,10.0
214.0,0.7026084661483765,0.7026084661483765,0.0367310456931591,0.049117445945739746,0.02861805632710457,10.0,1.0,10.0
215.0,0.6885511875152588,0.6885511875152588,0.03598666563630104,0.04841166362166405,0.028027284890413284,10.0,1.0,10.0
216.0,0.6743177175521851,0.6743177175521851,0.035233274102211,0.04769023507833481,0.027429474517703056,10.0,1.0,10.0
217.0,0.6599170565605164,0.6599170565605164,0.03447140008211136,0.046953219920396805,0.026824984699487686,10.0,1.0,10.0
218.0,0.6453591585159302,0.6453591585159302,0.033701587468385696,0.046200770884752274,0.026214253157377243,10.0,1.0,10.0
219.0,0.6306546330451965,0.6306546330451965,0.032924387603998184,0.04543313384056091,0.025597762316465378,10.0,1.0,10.0
220.0,0.6158149242401123,0.6158149242401123,0.032140374183654785,0.0446506142616272,0.024976057931780815,10.0,1.0,10.0
221.0,0.6008522510528564,0.6008522510528564,0.03135015442967415,0.04385360702872276,0.02434970811009407,10.0,1.0,10.0
222.0,0.5857795476913452,0.5857795476913452,0.030554357916116714,0.04304255172610283,0.023719340562820435,10.0,1.0,10.0
223.0,0.570610523223877,0.570610523223877,0.029753662645816803,0.0422179214656353,0.023085597902536392,10.0,1.0,10.0
224.0,0.5553596615791321,0.5553596615791321,0.02894880250096321,0.04138023406267166,0.02244914323091507,10.0,1.0,10.0
225.0,0.540041983127594,0.540041983127594,0.02814055234193802,0.04053003713488579,0.02181064523756504,10.0,1.0,10.0
226.0,0.5246734619140625,0.5246734619140625,0.027329757809638977,0.039667896926403046,0.021170800551772118,10.0,1.0,10.0
227.0,0.5092703104019165,0.5092703104019165,0.02651730366051197,0.038794390857219696,0.02053028903901577,10.0,1.0,10.0
228.0,0.49384966492652893,0.49384966492652893,0.02570413053035736,0.03791017085313797,0.019889820367097855,10.0,1.0,10.0
229.0,0.47842901945114136,0.47842901945114136,0.024891216307878494,0.0370158851146698,0.01925009861588478,10.0,1.0,10.0
230.0,0.46302637457847595,0.46302637457847595,0.024079564958810806,0.03611227124929428,0.0186118446290493,10.0,1.0,10.0
231.0,0.4476601481437683,0.4476601481437683,0.023270197212696075,0.0352000966668129,0.017975805327296257,10.0,1.0,10.0
232.0,0.43234896659851074,0.43234896659851074,0.02246413566172123,0.03428022563457489,0.017342738807201385,10.0,1.0,10.0
233.0,0.41711199283599854,0.41711199283599854,0.02166241779923439,0.03335358947515488,0.016713421791791916,10.0,1.0,10.0
234.0,0.40196844935417175,0.40196844935417175,0.020866060629487038,0.03242119401693344,0.016088664531707764,10.0,1.0,10.0
235.0,0.3869374394416809,0.3869374394416809,0.020076073706150055,0.031484104692935944,0.015469260513782501,10.0,1.0,10.0
236.0,0.37203845381736755,0.37203845381736755,0.01929345354437828,0.03054347075521946,0.014856044203042984,10.0,1.0,10.0
237.0,0.3572905659675598,0.3572905659675598,0.018519185483455658,0.02960050106048584,0.01424982026219368,10.0,1.0,10.0
238.0,0.34271302819252014,0.34271302819252014,0.017754245549440384,0.02865644171833992,0.013651413843035698,10.0,1.0,10.0
239.0,0.32832449674606323,0.32832449674606323,0.016999591141939163,0.027712568640708923,0.013061601668596268,10.0,1.0,10.0
240.0,0.3141435384750366,0.3141435384750366,0.016256172209978104,0.02677019312977791,0.012481162324547768,10.0,1.0,10.0
241.0,0.3001881539821625,0.3001881539821625,0.015524928458034992,0.02583063580095768,0.011910822242498398,10.0,1.0,10.0
242.0,0.2864758372306824,0.2864758372306824,0.014806774444878101,0.024895232170820236,0.011351285502314568,10.0,1.0,10.0
243.0,0.27302342653274536,0.27302342653274536,0.01410259585827589,0.023965325206518173,0.010803215205669403,10.0,1.0,10.0
244.0,0.2598471939563751,0.2598471939563751,0.013413257896900177,0.023042263463139534,0.010267235338687897,10.0,1.0,10.0
245.0,0.24696242809295654,0.24696242809295654,0.012739565223455429,0.02212739735841751,0.009743938222527504,10.0,1.0,10.0
246.0,0.23438358306884766,0.23438358306884766,0.012082278728485107,0.02122209593653679,0.009233870543539524,10.0,1.0,10.0
247.0,0.22212421894073486,0.22212421894073486,0.01144210621714592,0.02032771147787571,0.00873754546046257,10.0,1.0,10.0
248.0,0.2101968228816986,0.2101968228816986,0.010819682851433754,0.01944560371339321,0.00825544074177742,10.0,1.0,10.0
249.0,0.1986127495765686,0.1986127495765686,0.010215576738119125,0.018577121198177338,0.007787985727190971,10.0,1.0,10.0
250.0,0.18738216161727905,0.18738216161727905,0.00963029358536005,0.017723578959703445,0.007335564587265253,10.0,1.0,10.0
251.0,0.17651411890983582,0.17651411890983582,0.009064268320798874,0.0168862696737051,0.006898516323417425,10.0,1.0,10.0
252.0,0.16601631045341492,0.16601631045341492,0.008517863228917122,0.016066433861851692,0.006477124523371458,10.0,1.0,10.0
253.0,0.15589526295661926,0.15589526295661926,0.007991380989551544,0.015265258960425854,0.0060716187581419945,10.0,1.0,10.0
254.0,0.14615613222122192,0.14615613222122192,0.0074850632809102535,0.0144838597625494,0.005682162940502167,10.0,1.0,10.0
255.0,0.13680270314216614,0.13680270314216614,0.006999074015766382,0.01372326910495758,0.005308868829160929,10.0,1.0,10.0
256.0,0.12783749401569366,0.12783749401569366,0.006533521227538586,0.012984449043869972,0.004951782990247011,10.0,1.0,10.0
257.0,0.11926175653934479,0.11926175653934479,0.0060884482227265835,0.012268254533410072,0.004610901698470116,10.0,1.0,10.0
258.0,0.11107528954744339,0.11107528954744339,0.005663820542395115,0.011575465090572834,0.004286161623895168,10.0,1.0,10.0
259.0,0.10327677428722382,0.10327677428722382,0.005259550642222166,0.01090675313025713,0.003977451007813215,10.0,1.0,10.0
260.0,0.095863476395607,0.095863476395607,0.004875470884144306,0.010262698866426945,0.0036846071016043425,10.0,1.0,10.0
261.0,0.08883160352706909,0.08883160352706909,0.004511356353759766,0.009643785655498505,0.003407425479963422,10.0,1.0,10.0
262.0,0.0821761041879654,0.0821761041879654,0.004166914150118828,0.009050395339727402,0.0031456563156098127,10.0,1.0,10.0
263.0,0.07589083909988403,0.07589083909988403,0.0038417954929172993,0.008482806384563446,0.0028990074060857296,10.0,1.0,10.0
264.0,0.06996867060661316,0.06996867060661316,0.003535596653819084,0.007941195741295815,0.0026671504601836205,10.0,1.0,10.0
265.0,0.06440144777297974,0.06440144777297974,0.003247865941375494,0.007425628136843443,0.0024497155100107193,10.0,1.0,10.0
266.0,0.05918014794588089,0.05918014794588089,0.0029781050980091095,0.00693606398999691,0.002246303018182516,10.0,1.0,10.0
267.0,0.054294947534799576,0.054294947534799576,0.002725782571360469,0.006472358014434576,0.00205647642724216,10.0,1.0,10.0
268.0,0.049735281616449356,0.049735281616449356,0.0024903283920139074,0.006034254562109709,0.0018797742668539286,10.0,1.0,10.0
269.0,0.04548996686935425,0.04548996686935425,0.0022711469791829586,0.005621402058750391,0.0017157093388959765,10.0,1.0,10.0
270.0,0.0415472611784935,0.0415472611784935,0.0020676155108958483,0.005233351141214371,0.0015637753531336784,10.0,1.0,10.0
271.0,0.03789491578936577,0.03789491578936577,0.0018790862523019314,0.004869565367698669,0.0014234487898647785,10.0,1.0,10.0
272.0,0.03452039510011673,0.03452039510011673,0.001704898662865162,0.0045294323936104774,0.0012941977474838495,10.0,1.0,10.0
273.0,0.031410831958055496,0.031410831958055496,0.0015443760203197598,0.0042122649028897285,0.0011754806619137526,10.0,1.0,10.0
274.0,0.02855316922068596,0.02855316922068596,0.0013968338025733829,0.00391731783747673,0.0010667513124644756,10.0,1.0,10.0
275.0,0.025934234261512756,0.025934234261512756,0.001261581084690988,0.0036437874659895897,0.0009674634202383459,10.0,1.0,10.0
276.0,0.02354084700345993,0.02354084700345993,0.0011379303177818656,0.0033908281475305557,0.0008770715794526041,10.0,1.0,10.0
277.0,0.021359851583838463,0.021359851583838463,0.001025195699185133,0.0031575514003634453,0.0007950342842377722,10.0,1.0,10.0
278.0,0.01937822252511978,0.01937822252511978,0.0009227009722962976,0.0029430375434458256,0.0007208175375126302,10.0,1.0,10.0
279.0,0.01758313737809658,0.01758313737809658,0.0008297826279886067,0.002746336394920945,0.0006538975285366178,10.0,1.0,10.0
280.0,0.01596200093626976,0.01596200093626976,0.000745791126973927,0.0025664884597063065,0.0005937600508332253,10.0,1.0,10.0
281.0,0.014502538368105888,0.014502538368105888,0.0006700945668853819,0.002402513986453414,0.0005399079527705908,10.0,1.0,10.0
282.0,0.01319284550845623,0.01319284550845623,0.0006020821165293455,0.0022534348536282778,0.0004918588674627244,10.0,1.0,10.0
283.0,0.012021382339298725,0.012021382339298725,0.0005411625024862587,0.0021182808559387922,0.00044914762838743627,10.0,1.0,10.0
284.0,0.010977083817124367,0.010977083817124367,0.0004867695097345859,0.001996089704334736,0.00041132982005365193,10.0,1.0,10.0
285.0,0.010049342177808285,0.010049342177808285,0.0004383603809401393,0.0018859233241528273,0.0003779814869631082,10.0,1.0,10.0
286.0,0.009228048846125603,0.009228048846125603,0.0003954199783038348,0.0017868699505925179,0.00034869794035330415,10.0,1.0,10.0
287.0,0.00850360095500946,0.00850360095500946,0.0003574581060092896,0.0016980431973934174,0.00032309768721461296,10.0,1.0,10.0
288.0,0.007866944186389446,0.007866944186389446,0.0003240139049012214,0.0016185963759198785,0.0003008208586834371,10.0,1.0,10.0
289.0,0.007309532258659601,0.007309532258659601,0.00029465273837558925,0.0015477169072255492,0.00028152880258858204,10.0,1.0,10.0
290.0,0.0068233925849199295,0.0068233925849199295,0.0002689699758775532,0.0014846292324364185,0.00026490638265386224,10.0,1.0,10.0
291.0,0.006401068530976772,0.006401068530976772,0.000246586772846058,0.001428596442565322,0.00025066043599508703,10.0,1.0,10.0
292.0,0.006035634782165289,0.006035634782165289,0.000227151729632169,0.00137892528437078,0.0002385192346991971,10.0,1.0,10.0
293.0,0.005720705725252628,0.005720705725252628,0.00021034106612205505,0.0013349622022360563,0.00022823327162768692,10.0,1.0,10.0
294.0,0.005450388416647911,0.005450388416647911,0.0001958557404577732,0.001296097645536065,0.00021957335411570966,10.0,1.0,10.0
295.0,0.005219283979386091,0.005219283979386091,0.00018342206021770835,0.0012617652537301183,0.00021232981816865504,10.0,1.0,10.0
296.0,0.00502248527482152,0.00502248527482152,0.00017279099847655743,0.0012314468622207642,0.00020631284860428423,10.0,1.0,10.0
297.0,0.004855510778725147,0.004855510778725147,0.00016373521066270769,0.0012046617921441793,0.00020134967053309083,10.0,1.0,10.0
298.0,0.0047143325209617615,0.0047143325209617615,0.00015605002408847213,0.0011809752322733402,0.0001972856989596039,10.0,1.0,10.0
299.0,0.004595317877829075,0.004595317877829075,0.00014955115329939872,0.0011599933495745063,0.00019398130825720727,10.0,1.0,10.0
300.0,0.0044952211901545525,0.0044952211901545525,0.00014407320122700185,0.0011413630563765764,0.00019131261797156185,10.0,1.0,10.0
301.0,0.0044111451134085655,0.0044111451134085655,0.00013946871331427246,0.001124761300161481,0.00018916970293503255,10.0,1.0,10.0
302.0,0.0043405392207205296,0.0043405392207205296,0.00013560675142798573,0.0011099004186689854,0.0001874571171356365,10.0,1.0,10.0
303.0,0.004281141329556704,0.004281141329556704,0.00013237152597866952,0.001096524647437036,0.00018609013932291418,10.0,1.0,10.0
304.0,0.004230990074574947,0.004230990074574947,0.00012966166832484305,0.0010844080243259668,0.00018499653378967196,10.0,1.0,10.0
305.0,0.004188370890915394,0.004188370890915394,0.00012738855730276555,0.001073350547812879,0.00018411347991786897,10.0,1.0,10.0
306.0,0.00415180716663599,0.00415180716663599,0.00012547473306767642,0.0010631756158545613,0.00018338840163778514,10.0,1.0,10.0
307.0,0.004120027180761099,0.004120027180761099,0.00012385407171677798,0.0010537331691011786,0.00018277532944921404,10.0,1.0,10.0
308.0,0.004091958981007338,0.004091958981007338,0.0001224699371960014,0.0010448945686221123,0.00018223648658022285,10.0,1.0,10.0
309.0,0.004066698253154755,0.004066698253154755,0.00012127462832722813,0.0010365500347688794,0.00018174017895944417,10.0,1.0,10.0
310.0,0.004043494816869497,0.004043494816869497,0.00012022739974781871,0.001028608763590455,0.0001812612172216177,10.0,1.0,10.0
311.0,0.0040217190980911255,0.0040217190980911255,0.00011929395259357989,0.0010209903120994568,0.00018077893764711916,10.0,1.0,10.0
312.0,0.004000871442258358,0.004000871442258358,0.00011844681284856051,0.0010136319324374199,0.0001802771439542994,10.0,1.0,10.0
313.0,0.003980555571615696,0.003980555571615696,0.00011766287207137793,0.0010064797243103385,0.00017974468937609345,10.0,1.0,10.0
314.0,0.0039604478515684605,0.0039604478515684605,0.0001169233291875571,0.0009994936408475041,0.00017917208606377244,10.0,1.0,10.0
315.0,0.00394031498581171,0.00394031498581171,0.00011621393059613183,0.0009926343336701393,0.0001785541244316846,10.0,1.0,10.0
316.0,0.003919981420040131,0.003919981420040131,0.0001155227655544877,0.0009858751436695457,0.0001778878940967843,10.0,1.0,10.0
317.0,0.0038993246853351593,0.0038993246853351593,0.00011484114656923339,0.0009791934862732887,0.00017717195441946387,10.0,1.0,10.0
318.0,0.0038782721385359764,0.0038782721385359764,0.00011416320921853185,0.0009725780691951513,0.0001764061744324863,10.0,1.0,10.0
319.0,0.0038567762821912766,0.0038567762821912766,0.00011348399857524782,0.000966013059951365,0.00017559232946950942,10.0,1.0,10.0
320.0,0.003834828734397888,0.003834828734397888,0.00011280069156782702,0.0009594946168363094,0.0001747327041812241,10.0,1.0,10.0
321.0,0.0038124369457364082,0.0038124369457364082,0.00011211122910026461,0.0009530152892693877,0.00017383095109835267,10.0,1.0,10.0
322.0,0.003789637004956603,0.003789637004956603,0.00011141642607981339,0.0009465774055570364,0.0001728895294945687,10.0,1.0,10.0
323.0,0.00376646569930017,0.00376646569930017,0.0001107156349462457,0.000940181955229491,0.0001719127467367798,10.0,1.0,10.0
324.0,0.0037429723888635635,0.0037429723888635635,0.00011000989616150036,0.0009338269010186195,0.0001709046628093347,10.0,1.0,10.0
325.0,0.0037192138843238354,0.0037192138843238354,0.00010929962445516139,0.0009275117190554738,0.00016987058916129172,10.0,1.0,10.0
326.0,0.0036952451337128878,0.0036952451337128878,0.00010858602763619274,0.000921240949537605,0.00016881439660210162,10.0,1.0,10.0
327.0,0.0036711383145302534,0.0036711383145302534,0.00010787168866954744,0.0009150175028480589,0.000167740392498672,10.0,1.0,10.0
328.0,0.0036469455808401108,0.0036469455808401108,0.0001071571750799194,0.0009088440565392375,0.00016665297152940184,10.0,1.0,10.0
329.0,0.003622720716521144,0.003622720716521144,0.00010644393478287384,0.0009027206106111407,0.00016555606271140277,10.0,1.0,10.0
330.0,0.0035985196009278297,0.0035985196009278297,0.00010573367035249248,0.0008966517052613199,0.00016445312940049917,10.0,1.0,10.0
331.0,0.003574390895664692,0.003574390895664692,0.00010502781515242532,0.0008906405419111252,0.0001633471983950585,10.0,1.0,10.0
332.0,0.003550379304215312,0.003550379304215312,0.00010432764975121245,0.0008846864802762866,0.00016224163118749857,10.0,1.0,10.0
333.0,0.0035265309270471334,0.0035265309270471334,0.00010363439650973305,0.000878794293384999,0.00016113926540128887,10.0,1.0,10.0
334.0,0.0035028704442083836,0.0035028704442083836,0.00010294895037077367,0.0008729636901989579,0.00016004170174710453,10.0,1.0,10.0
335.0,0.003479434410110116,0.003479434410110116,0.0001022725336952135,0.0008671964169479907,0.00015895126853138208,10.0,1.0,10.0
336.0,0.0034562426153570414,0.0034562426153570414,0.00010160480451304466,0.0008614917169325054,0.00015787027950864285,10.0,1.0,10.0
337.0,0.0034333241637796164,0.0034333241637796164,0.00010094730532728136,0.0008558510453440249,0.0001568000006955117,10.0,1.0,10.0
338.0,0.0034106862731277943,0.0034106862731277943,0.00010029946133727208,0.0008502730634063482,0.000155741858179681,10.0,1.0,10.0
339.0,0.003388341050595045,0.003388341050595045,9.966192010324448e-05,0.000844758003950119,0.000154696375830099,10.0,1.0,10.0
340.0,0.0033663020003587008,0.0033663020003587008,9.903385216603056e-05,0.0008393001044169068,0.00015366633306257427,10.0,1.0,10.0
341.0,0.0033445702865719795,0.0033445702865719795,9.841591236181557e-05,0.0008339027990587056,0.00015265084221027792,10.0,1.0,10.0
342.0,0.0033231517300009727,0.0033231517300009727,9.780776599654928e-05,0.0008285648073069751,0.00015165092190727592,10.0,1.0,10.0
343.0,0.0033020409755408764,0.0033020409755408764,9.72093257587403e-05,0.0008232847321778536,0.0001506662811152637,10.0,1.0,10.0
344.0,0.0032812331337481737,0.0032812331337481737,9.662008233135566e-05,0.0008180597797036171,0.00014969725452829152,10.0,1.0,10.0
345.0,0.003260732861235738,0.003260732861235738,9.604018123354763e-05,0.0008128901827149093,0.00014874408952891827,10.0,1.0,10.0
346.0,0.0032405266538262367,0.0032405266538262367,9.546938235871494e-05,0.0008077749516814947,0.0001478057965869084,10.0,1.0,10.0
347.0,0.0032206070609390736,0.0032206070609390736,9.490605589235201e-05,0.0008027094299905002,0.0001468836999265477,10.0,1.0,10.0
348.0,0.0032009663991630077,0.0032009663991630077,9.435076208319515e-05,0.0007976897759363055,0.00014597689732909203,10.0,1.0,10.0
349.0,0.0031815990805625916,0.0031815990805625916,9.380247502122074e-05,0.0007927173282951117,0.00014508569438476115,10.0,1.0,10.0
350.0,0.0031624867115169764,0.0031624867115169764,9.32605325942859e-05,0.0007877883617766201,0.00014420929073821753,10.0,1.0,10.0
351.0,0.003143627429381013,0.003143627429381013,9.272525494452566e-05,0.0007829018868505955,0.00014334729348775,10.0,1.0,10.0
352.0,0.0031250063329935074,0.0031250063329935074,9.21958198887296e-05,0.0007780579617246985,0.00014249900414142758,10.0,1.0,10.0
353.0,0.0031066150404512882,0.0031066150404512882,9.167160897050053e-05,0.0007732529193162918,0.00014166461187414825,10.0,1.0,10.0
354.0,0.0030884393490850925,0.0030884393490850925,9.11523457034491e-05,0.0007684882148168981,0.000140842777909711,10.0,1.0,10.0
355.0,0.00307047669775784,0.00307047669775784,9.06378700165078e-05,0.0007637606468051672,0.0001400337350787595,10.0,1.0,10.0
356.0,0.0030527091585099697,0.0030527091585099697,9.012753434944898e-05,0.0007590670720674098,0.00013923668302595615,10.0,1.0,10.0
357.0,0.0030351337045431137,0.0030351337045431137,8.962106221588328e-05,0.0007544097024947405,0.00013845133071299642,10.0,1.0,10.0
358.0,0.0030177379958331585,0.0030177379958331585,8.911811892176047e-05,0.0007497839396819472,0.0001376772706862539,10.0,1.0,10.0
359.0,0.0030005150474607944,0.0030005150474607944,8.861836977303028e-05,0.0007451904239133,0.00013691411004401743,10.0,1.0,10.0
360.0,0.00298345647752285,0.00298345647752285,8.812188752926886e-05,0.0007406266522593796,0.00013616110663861036,10.0,1.0,10.0
361.0,0.002966556465253234,0.002966556465253234,8.762813376961276e-05,0.0007360929157584906,0.000135418216814287,10.0,1.0,10.0
362.0,0.0029498054645955563,0.0029498054645955563,8.713689021533355e-05,0.0007315877010114491,0.0001346848875982687,10.0,1.0,10.0
363.0,0.0029331990517675877,0.0029331990517675877,8.664814231451601e-05,0.0007271100766956806,0.00013396076974458992,10.0,1.0,10.0
364.0,0.0029167337343096733,0.0029167337343096733,8.61621811054647e-05,0.0007226637098938227,0.00013324481551535428,10.0,1.0,10.0
365.0,0.002900398802012205,0.002900398802012205,8.567834447603673e-05,0.0007182454573921859,0.00013253699580673128,10.0,1.0,10.0
366.0,0.002884192857891321,0.002884192857891321,8.519645052729174e-05,0.0007138542714528739,0.00013183739793021232,10.0,1.0,10.0
367.0,0.002868110314011574,0.002868110314011574,8.471645560348406e-05,0.0007094888715073466,0.00013114570174366236,10.0,1.0,10.0
368.0,0.0028521460480988026,0.0028521460480988026,8.423848339589313e-05,0.0007051504799164832,0.0001304610923398286,10.0,1.0,10.0
369.0,0.002836299128830433,0.002836299128830433,8.376245386898518e-05,0.0007008368847891688,0.00012978377344552428,10.0,1.0,10.0
370.0,0.0028205672279000282,0.0028205672279000282,8.32886653370224e-05,0.0006965488428249955,0.00012911316298414022,10.0,1.0,10.0
371.0,0.0028049424290657043,0.0028049424290657043,8.281671034637839e-05,0.0006922876928001642,0.0001284487807424739,10.0,1.0,10.0
372.0,0.0027894247323274612,0.0027894247323274612,8.234675624407828e-05,0.0006880515138618648,0.00012779055396094918,10.0,1.0,10.0
373.0,0.002774018095806241,0.002774018095806241,8.187905768863857e-05,0.0006838406552560627,0.00012713868636637926,10.0,1.0,10.0
374.0,0.0027587104123085737,0.0027587104123085737,8.141299622366205e-05,0.00067965651396662,0.0001264923921553418,10.0,1.0,10.0
375.0,0.0027435042429715395,0.0027435042429715395,8.094906661426648e-05,0.0006754982750862837,0.00012585152580868453,10.0,1.0,10.0
376.0,0.0027283993549644947,0.0027283993549644947,8.048727613640949e-05,0.0006713643670082092,0.0001252162182936445,10.0,1.0,10.0
377.0,0.0027133882977068424,0.0027133882977068424,8.002704271348193e-05,0.0006672561867162585,0.00012458614946808666,10.0,1.0,10.0
378.0,0.0026984787546098232,0.0026984787546098232,7.956927584018558e-05,0.0006631738506257534,0.00012396121746860445,10.0,1.0,10.0
379.0,0.0026836665347218513,0.0026836665347218513,7.911370630608872e-05,0.0006591187557205558,0.00012334107304923236,10.0,1.0,10.0
380.0,0.002668946050107479,0.002668946050107479,7.866021041991189e-05,0.0006550877587869763,0.00012272561434656382,10.0,1.0,10.0
381.0,0.0026543247513473034,0.0026543247513473034,7.820930477464572e-05,0.0006510837702080607,0.0001221147831529379,10.0,1.0,10.0
382.0,0.002639791928231716,0.002639791928231716,7.776060374453664e-05,0.0006471051601693034,0.00012150807015132159,10.0,1.0,10.0
383.0,0.002625351306051016,0.002625351306051016,7.73142819525674e-05,0.0006431522779166698,0.0001209056208608672,10.0,1.0,10.0
384.0,0.0026110049802809954,0.0026110049802809954,7.687037577852607e-05,0.0006392247742041945,0.00012030763900838792,10.0,1.0,10.0
385.0,0.002596749924123287,0.002596749924123287,7.642888522241265e-05,0.0006353225908242166,0.0001197138408315368,10.0,1.0,10.0
386.0,0.0025825868360698223,0.0025825868360698223,7.598994125146419e-05,0.0006314473575912416,0.00011912399349967018,10.0,1.0,10.0
387.0,0.0025685105938464403,0.0025685105938464403,7.555331831099465e-05,0.0006275988998822868,0.00011853784963022918,10.0,1.0,10.0
388.0,0.0025545270182192326,0.0025545270182192326,7.511953299399465e-05,0.0006237772759050131,0.00011795543832704425,10.0,1.0,10.0
389.0,0.0025406316854059696,0.0025406316854059696,7.468819967471063e-05,0.0006199815543368459,0.00011737682507373393,10.0,1.0,10.0
390.0,0.002526826225221157,0.002526826225221157,7.42595293559134e-05,0.0006162134231999516,0.00011680176248773932,10.0,1.0,10.0
391.0,0.002513111336156726,0.002513111336156726,7.383380579994991e-05,0.0006124723586253822,0.00011623009049799293,10.0,1.0,10.0
392.0,0.0024994825944304466,0.0024994825944304466,7.341050513787195e-05,0.0006087578949518502,0.00011566196189960465,10.0,1.0,10.0
393.0,0.002485940232872963,0.002485940232872963,7.298974378500134e-05,0.00060506840236485,0.000115097442176193,10.0,1.0,10.0
394.0,0.0024724877439439297,0.0024724877439439297,7.25718928151764e-05,0.0006014050450176001,0.00011453637853264809,10.0,1.0,10.0
395.0,0.0024591221008449793,0.0024591221008449793,7.215641380753368e-05,0.0005977675900794566,0.00011397902562748641,10.0,1.0,10.0
396.0,0.0024458407424390316,0.0024458407424390316,7.17439252184704e-05,0.0005941565614193678,0.00011342449579387903,10.0,1.0,10.0
397.0,0.0024326490238308907,0.0024326490238308907,7.133415783755481e-05,0.000590572482906282,0.00011287348752375692,10.0,1.0,10.0
398.0,0.0024195415899157524,0.0024195415899157524,7.09270971128717e-05,0.0005870173336006701,0.00011232530960114673,10.0,1.0,10.0
399.0,0.002406518440693617,0.002406518440693617,7.052268483676016e-05,0.0005834888434037566,0.00011178026034031063,10.0,1.0,10.0
400.0,0.0023935826029628515,0.0023935826029628515,7.012148125795648e-05,0.0005799862556159496,0.00011123815056635067,10.0,1.0,10.0
401.0,0.002380731049925089,0.002380731049925089,6.972281698836014e-05,0.0005765110836364329,0.00011069917673012242,10.0,1.0,10.0
402.0,0.0023679640144109726,0.0023679640144109726,6.932696851436049e-05,0.0005730612901970744,0.00011016331700375304,10.0,1.0,10.0
403.0,0.00235528452321887,0.00235528452321887,6.893378304084763e-05,0.0005696374573744833,0.00010963091335725039,10.0,1.0,10.0
404.0,0.0023426818661391735,0.0023426818661391735,6.854335515527055e-05,0.0005662396433763206,0.00010910088167292997,10.0,1.0,10.0
405.0,0.0023301669862121344,0.0023301669862121344,6.815546657890081e-05,0.0005628678482025862,0.00010857445158762857,10.0,1.0,10.0
406.0,0.0023177354596555233,0.0023177354596555233,6.777077942388132e-05,0.0005595237598754466,0.00010805040074046701,10.0,1.0,10.0
407.0,0.0023053844925016165,0.0023053844925016165,6.738873344147578e-05,0.0005562074366025627,0.00010752896923804656,10.0,1.0,10.0
408.0,0.0022931175772100687,0.0022931175772100687,6.700944504700601e-05,0.0005529153277166188,0.00010701078281272203,10.0,1.0,10.0
409.0,0.0022809337824583054,0.0022809337824583054,6.663260137429461e-05,0.000549649354070425,0.00010649583418853581,10.0,1.0,10.0
410.0,0.00226883077993989,0.00226883077993989,6.625864625675604e-05,0.0005464092828333378,0.00010598351946100593,10.0,1.0,10.0
411.0,0.002256808802485466,0.002256808802485466,6.588731048395857e-05,0.0005431956378743052,0.00010547399870119989,10.0,1.0,10.0
412.0,0.00224486505612731,0.00224486505612731,6.551871774718165e-05,0.000540008069947362,0.00010496698814677075,10.0,1.0,10.0
413.0,0.002233005128800869,0.002233005128800869,6.515259156003594e-05,0.0005368469282984734,0.00010446323722135276,10.0,1.0,10.0
414.0,0.002221224131062627,0.002221224131062627,6.478929572040215e-05,0.0005337114562280476,0.00010396198194939643,10.0,1.0,10.0
415.0,0.0022095241583883762,0.0022095241583883762,6.442871381295845e-05,0.0005306010134518147,0.0001034635934047401,10.0,1.0,10.0
416.0,0.0021979049779474735,0.0021979049779474735,6.407093314919621e-05,0.0005275164730846882,0.00010296791879227385,10.0,1.0,10.0
417.0,0.0021863612346351147,0.0021863612346351147,6.371540803229436e-05,0.0005244568455964327,0.00010247503814753145,10.0,1.0,10.0
418.0,0.0021748989820480347,0.0021748989820480347,6.336244405247271e-05,0.0005214228294789791,0.00010198516247328371,10.0,1.0,10.0
419.0,0.0021635147277265787,0.0021635147277265787,6.301210669334978e-05,0.0005184134352020919,0.0001014980225590989,10.0,1.0,10.0
420.0,0.002152208238840103,0.002152208238840103,6.266443961067125e-05,0.0005154291284270585,0.00010101346560986713,10.0,1.0,10.0
421.0,0.00214098347350955,0.00214098347350955,6.231955194380134e-05,0.000512471015099436,0.00010053169535240158,10.0,1.0,10.0
422.0,0.002129829954355955,0.002129829954355955,6.197702168719843e-05,0.0005095381638966501,0.00010005217336583883,10.0,1.0,10.0
423.0,0.002118759322911501,0.002118759322911501,6.163705984363332e-05,0.0005066297017037868,9.957591100828722e-05,10.0,1.0,10.0
424.0,0.0021077641285955906,0.0021077641285955906,6.129932444309816e-05,0.0005037452792748809,9.910255903378129e-05,10.0,1.0,10.0
425.0,0.0020968420431017876,0.0020968420431017876,6.096428114688024e-05,0.0005008860607631505,9.863132436294109e-05,10.0,1.0,10.0
426.0,0.002085999818518758,0.002085999818518758,6.06319445068948e-05,0.0004980511148460209,9.816292731557041e-05,10.0,1.0,10.0
427.0,0.002075233729556203,0.002075233729556203,6.030194344930351e-05,0.0004952407907694578,9.769733878783882e-05,10.0,1.0,10.0
428.0,0.0020645451731979847,0.0020645451731979847,5.9974372561555356e-05,0.0004924540407955647,9.723474795464426e-05,10.0,1.0,10.0
429.0,0.0020539273973554373,0.0020539273973554373,5.9649115428328514e-05,0.0004896916216239333,9.677445632405579e-05,10.0,1.0,10.0
430.0,0.002043389482423663,0.002043389482423663,5.9326430346118286e-05,0.0004869548720307648,9.631702414480969e-05,10.0,1.0,10.0
431.0,0.002032921416684985,0.002032921416684985,5.900610995013267e-05,0.00048424117267131805,9.586192027200013e-05,10.0,1.0,10.0
432.0,0.0020225318148732185,0.0020225318148732185,5.868832522537559e-05,0.00048155192052945495,9.54096540226601e-05,10.0,1.0,10.0
433.0,0.0020122143905609846,0.0020122143905609846,5.837296703248285e-05,0.0004788855731021613,9.495992708252743e-05,10.0,1.0,10.0
434.0,0.0020019703079015017,0.0020019703079015017,5.805979890283197e-05,0.0004762433236464858,9.451289952266961e-05,10.0,1.0,10.0
435.0,0.0019918009638786316,0.0019918009638786316,5.774922465207055e-05,0.00047362412442453206,9.406846220372245e-05,10.0,1.0,10.0
436.0,0.0019817075226455927,0.0019817075226455927,5.7440840464551e-05,0.0004710284702014178,9.362706623505801e-05,10.0,1.0,10.0
437.0,0.0019716834649443626,0.0019716834649443626,5.713466816814616e-05,0.0004684568557422608,9.318798402091488e-05,10.0,1.0,10.0
438.0,0.001961733680218458,0.001961733680218458,5.683077688445337e-05,0.000465908000478521,9.275178308598697e-05,10.0,1.0,10.0
439.0,0.0019518539775162935,0.0019518539775162935,5.652937034028582e-05,0.0004633827193174511,9.231775038642809e-05,10.0,1.0,10.0
440.0,0.0019420492462813854,0.0019420492462813854,5.6230303016491234e-05,0.0004608796152751893,9.188665717374533e-05,10.0,1.0,10.0
441.0,0.0019323128508403897,0.0019323128508403897,5.593346577370539e-05,0.0004583989502862096,9.145792864728719e-05,10.0,1.0,10.0
442.0,0.0019226521253585815,0.0019226521253585815,5.563936792896129e-05,0.0004559414810501039,9.103169577429071e-05,10.0,1.0,10.0
443.0,0.0019130611326545477,0.0019130611326545477,5.534713272936642e-05,0.0004535060143098235,9.060838056029752e-05,10.0,1.0,10.0
444.0,0.0019035357981920242,0.0019035357981920242,5.50571276107803e-05,0.0004510932485572994,9.018713899422437e-05,10.0,1.0,10.0
445.0,0.0018940879963338375,0.0018940879963338375,5.4769312555436045e-05,0.0004487033293116838,8.976916433311999e-05,10.0,1.0,10.0
446.0,0.0018847063183784485,0.0018847063183784485,5.4483545682160184e-05,0.0004463361401576549,8.935348159866408e-05,10.0,1.0,10.0
447.0,0.00187539285980165,0.00187539285980165,5.420011802925728e-05,0.00044399205944500864,8.893996709957719e-05,10.0,1.0,10.0
448.0,0.0018661547219380736,0.0018661547219380736,5.39190077688545e-05,0.0004416688170749694,8.85295812622644e-05,10.0,1.0,10.0
449.0,0.0018569817766547203,0.0018569817766547203,5.363994569052011e-05,0.0004393673443701118,8.812150190351531e-05,10.0,1.0,10.0
450.0,0.0018478790298104286,0.0018478790298104286,5.336343019735068e-05,0.00043708799057640135,8.771567809162661e-05,10.0,1.0,10.0
451.0,0.0018388422904536128,0.0018388422904536128,5.308882100507617e-05,0.000434829737059772,8.731243724469095e-05,10.0,1.0,10.0
452.0,0.0018298754002898932,0.0018298754002898932,5.2816794777754694e-05,0.0004325935151427984,8.691140101291239e-05,10.0,1.0,10.0
453.0,0.0018209770787507296,0.0018209770787507296,5.2546613005688414e-05,0.00043037868454121053,8.651323150843382e-05,10.0,1.0,10.0
454.0,0.0018121465109288692,0.0018121465109288692,5.227845394983888e-05,0.00042818411020562053,8.611779048806056e-05,10.0,1.0,10.0
455.0,0.0018033827655017376,0.0018033827655017376,5.201238673180342e-05,0.0004260113346390426,8.572476508561522e-05,10.0,1.0,10.0
456.0,0.001794686890207231,0.001794686890207231,5.1748651458183303e-05,0.00042386120185256004,8.533391519449651e-05,10.0,1.0,10.0
457.0,0.001786053879186511,0.001786053879186511,5.148690252099186e-05,0.00042173208203166723,8.494528447045013e-05,10.0,1.0,10.0
458.0,0.0017774930456653237,0.0017774930456653237,5.122744551044889e-05,0.00041962231625802815,8.455962961306795e-05,10.0,1.0,10.0
459.0,0.0017689941450953484,0.0017689941450953484,5.0969614676432684e-05,0.00041753394179977477,8.41763976495713e-05,10.0,1.0,10.0
460.0,0.0017605583416298032,0.0017605583416298032,5.0714028475340456e-05,0.00041546658030711114,8.37951447465457e-05,10.0,1.0,10.0
461.0,0.0017521929694339633,0.0017521929694339633,5.04606869071722e-05,0.0004134179907850921,8.341680950252339e-05,10.0,1.0,10.0
462.0,0.0017438919749110937,0.0017438919749110937,5.0209455366712064e-05,0.00041139035602100194,8.304070797748864e-05,10.0,1.0,10.0
463.0,0.0017356534954160452,0.0017356534954160452,4.9960075557464734e-05,0.00040938338497653604,8.266694203484803e-05,10.0,1.0,10.0
464.0,0.0017274807905778289,0.0017274807905778289,4.971285306965001e-05,0.00040739693213254213,8.229553350247443e-05,10.0,1.0,10.0
465.0,0.001719372346997261,0.001719372346997261,4.9467707867734134e-05,0.000405430473620072,8.192648238036782e-05,10.0,1.0,10.0
466.0,0.0017113257199525833,0.0017113257199525833,4.922462903778069e-05,0.0004034846497233957,8.15594830783084e-05,10.0,1.0,10.0
467.0,0.0017033438198268414,0.0017033438198268414,4.898344923276454e-05,0.00040155838360078633,8.119509584503248e-05,10.0,1.0,10.0
468.0,0.0016954245511442423,0.0016954245511442423,4.874404112342745e-05,0.00039965155883692205,8.083326247287914e-05,10.0,1.0,10.0
469.0,0.001687567331828177,0.001687567331828177,4.8506452003493905e-05,0.00039776242920197546,8.047403389355168e-05,10.0,1.0,10.0
470.0,0.0016797735588625073,0.0016797735588625073,4.8271082050632685e-05,0.00039589410880580544,8.011686441022903e-05,10.0,1.0,10.0
471.0,0.0016720411367714405,0.0016720411367714405,4.803782212547958e-05,0.00039404554991051555,7.976173219503835e-05,10.0,1.0,10.0
472.0,0.001664370996877551,0.001664370996877551,4.780650488100946e-05,0.0003922172181773931,7.94088700786233e-05,10.0,1.0,10.0
473.0,0.0016567602287977934,0.0016567602287977934,4.75770648336038e-05,0.00039040701813064516,7.905826350906864e-05,10.0,1.0,10.0
474.0,0.0016492116264998913,0.0016492116264998913,4.7349458327516913e-05,0.0003886159975081682,7.871010893722996e-05,10.0,1.0,10.0
475.0,0.0016417234437540174,0.0016417234437540174,4.71235834993422e-05,0.00038684203173033893,7.836455188225955e-05,10.0,1.0,10.0
476.0,0.001634296029806137,0.001634296029806137,4.6899920562282205e-05,0.0003850875364150852,7.802093750797212e-05,10.0,1.0,10.0
477.0,0.0016269275220111012,0.0016269275220111012,4.6677723730681464e-05,0.00038335108547471464,7.767991337459534e-05,10.0,1.0,10.0
478.0,0.0016196187352761626,0.0016196187352761626,4.645788430934772e-05,0.00038163401768542826,7.734059181530029e-05,10.0,1.0,10.0
479.0,0.0016123701352626085,0.0016123701352626085,4.6239831135608256e-05,0.00037993621663190424,7.70035621826537e-05,10.0,1.0,10.0
480.0,0.001605181023478508,0.001605181023478508,4.602359695127234e-05,0.000378256052499637,7.66688899602741e-05,10.0,1.0,10.0
481.0,0.001598050817847252,0.001598050817847252,4.580914173857309e-05,0.00037659474764950573,7.633646600879729e-05,10.0,1.0,10.0
482.0,0.0015909784706309438,0.0015909784706309438,4.559670924209058e-05,0.0003749514289665967,7.600599201396108e-05,10.0,1.0,10.0
483.0,0.0015839636325836182,0.0015839636325836182,4.538580105872825e-05,0.0003733256598934531,7.567799184471369e-05,10.0,1.0,10.0
484.0,0.0015770045574754477,0.0015770045574754477,4.517665001912974e-05,0.0003717166546266526,7.53521453589201e-05,10.0,1.0,10.0
485.0,0.0015701039228588343,0.0015701039228588343,4.496937253861688e-05,0.00037012415123172104,7.50286053516902e-05,10.0,1.0,10.0
486.0,0.0015632614959031343,0.0015632614959031343,4.4764157792087644e-05,0.0003685500705614686,7.470697892131284e-05,10.0,1.0,10.0
487.0,0.001556473784148693,0.001556473784148693,4.456045644474216e-05,0.00036699333577416837,7.438759348588064e-05,10.0,1.0,10.0
488.0,0.0015497440472245216,0.0015497440472245216,4.435858500073664e-05,0.00036545441253110766,7.407037628581747e-05,10.0,1.0,10.0
489.0,0.0015430719358846545,0.0015430719358846545,4.415893636178225e-05,0.0003639338829088956,7.375486893579364e-05,10.0,1.0,10.0
490.0,0.0015364502323791385,0.0015364502323791385,4.396041185827926e-05,0.00036242956412024796,7.344165351241827e-05,10.0,1.0,10.0
491.0,0.0015298865037038922,0.0015298865037038922,4.376358992885798e-05,0.00036094331881031394,7.313073001569137e-05,10.0,1.0,10.0
492.0,0.0015233741141855717,0.0015233741141855717,4.356867430033162e-05,0.0003594727604649961,7.28214654373005e-05,10.0,1.0,10.0
493.0,0.0015169217949733138,0.0015169217949733138,4.337554855737835e-05,0.00035801774356514215,7.251485658343881e-05,10.0,1.0,10.0
494.0,0.0015105213969945908,0.0015105213969945908,4.3183867092011496e-05,0.0003565794904716313,7.221031410153955e-05,10.0,1.0,10.0
495.0,0.0015041767619550228,0.0015041767619550228,4.29941137554124e-05,0.00035515689523890615,7.190787437139079e-05,10.0,1.0,10.0
496.0,0.001497882418334484,0.001497882418334484,4.28058992838487e-05,0.00035375167499296367,7.16071663191542e-05,10.0,1.0,10.0
497.0,0.0014916412765160203,0.0014916412765160203,4.261938374838792e-05,0.00035236249095760286,7.130849553504959e-05,10.0,1.0,10.0
498.0,0.0014854540349915624,0.0014854540349915624,4.243478178977966e-05,0.00035099074011668563,7.101154915289953e-05,10.0,1.0,10.0
499.0,0.0014793191803619266,0.0014793191803619266,4.225157681503333e-05,0.00034963476355187595,7.071686559356749e-05,10.0,1.0,10.0
500.0,0.0014732368290424347,0.0014732368290424347,4.206998710287735e-05,0.0003482928150333464,7.0424415753223e-05,10.0,1.0,10.0
501.0,0.0014672046527266502,0.0014672046527266502,4.188995808362961e-05,0.0003469670773483813,7.013379945419729e-05,10.0,1.0,10.0
502.0,0.0014612278901040554,0.0014612278901040554,4.171186446910724e-05,0.00034565720125101507,6.984520587138832e-05,10.0,1.0,10.0
503.0,0.0014552981592714787,0.0014552981592714787,4.153508416493423e-05,0.0003443631576374173,6.955840945011005e-05,10.0,1.0,10.0
504.0,0.0014494191855192184,0.0014494191855192184,4.135985000175424e-05,0.0003430838987696916,6.927368667675182e-05,10.0,1.0,10.0
505.0,0.0014435916673392057,0.0014435916673392057,4.1186092857969925e-05,0.0003418196283746511,6.899111031088978e-05,10.0,1.0,10.0
506.0,0.001437815255485475,0.001437815255485475,4.101406011614017e-05,0.0003405703173484653,6.871043296996504e-05,10.0,1.0,10.0
507.0,0.001432086923159659,0.001432086923159659,4.084376632818021e-05,0.00033933541271835566,6.843138544354588e-05,10.0,1.0,10.0
508.0,0.001426408882252872,0.001426408882252872,4.0674887713976204e-05,0.00033811561297625303,6.815444066887721e-05,10.0,1.0,10.0
509.0,0.0014207810163497925,0.0014207810163497925,4.0507628000341356e-05,0.0003369117621332407,6.787929305573925e-05,10.0,1.0,10.0
510.0,0.0014151991344988346,0.0014151991344988346,4.034199446323328e-05,0.00033572298707440495,6.760562246199697e-05,10.0,1.0,10.0
511.0,0.0014096694067120552,0.0014096694067120552,4.017770697828382e-05,0.0003345485311001539,6.733437476214021e-05,10.0,1.0,10.0
512.0,0.0014041843824088573,0.0014041843824088573,4.001455818070099e-05,0.0003333875793032348,6.706512795062736e-05,10.0,1.0,10.0
513.0,0.0013987480197101831,0.0013987480197101831,3.985314833698794e-05,0.00033224024809896946,6.67976273689419e-05,10.0,1.0,10.0
514.0,0.0013933577574789524,0.0013933577574789524,3.969320096075535e-05,0.00033110659569501877,6.653191667282954e-05,10.0,1.0,10.0
515.0,0.0013880161568522453,0.0013880161568522453,3.953463601646945e-05,0.0003299859818071127,6.626838148804381e-05,10.0,1.0,10.0
516.0,0.0013827220536768436,0.0013827220536768436,3.93776354030706e-05,0.00032888021087273955,6.600655615329742e-05,10.0,1.0,10.0
517.0,0.0013774726539850235,0.0013774726539850235,3.9222242776304483e-05,0.00032778928289189935,6.574609142262489e-05,10.0,1.0,10.0
518.0,0.0013722688890993595,0.0013722688890993595,3.9068156183930114e-05,0.0003267127030994743,6.548745295731351e-05,10.0,1.0,10.0
519.0,0.0013671130873262882,0.0013671130873262882,3.891557207680307e-05,0.000325649423757568,6.523078627651557e-05,10.0,1.0,10.0
520.0,0.001361998962238431,0.001361998962238431,3.876424307236448e-05,0.00032459895010106266,6.497576396213844e-05,10.0,1.0,10.0
521.0,0.0013569315196946263,0.0013569315196946263,3.8614354707533494e-05,0.0003235606709495187,6.472272798418999e-05,10.0,1.0,10.0
522.0,0.001351911691017449,0.001351911691017449,3.84659506380558e-05,0.0003225361870136112,6.447159830713645e-05,10.0,1.0,10.0
523.0,0.001346933888271451,0.001346933888271451,3.8318888982757926e-05,0.00032152418862096965,6.422208389267325e-05,10.0,1.0,10.0
524.0,0.0013419969473034143,0.0013419969473034143,3.817291872110218e-05,0.00032052540336735547,6.397424294846132e-05,10.0,1.0,10.0
525.0,0.001337107620202005,0.001337107620202005,3.8028454582672566e-05,0.00031953948200680315,6.372835196089e-05,10.0,1.0,10.0
526.0,0.001332261716015637,0.001332261716015637,3.7885565689066425e-05,0.00031856668647378683,6.348393799271435e-05,10.0,1.0,10.0
527.0,0.001327456790022552,0.001327456790022552,3.7743739085271955e-05,0.00031760631827637553,6.324130663415417e-05,10.0,1.0,10.0
528.0,0.0013226952869445086,0.0013226952869445086,3.7603476812364534e-05,0.00031665843562223017,6.30002177786082e-05,10.0,1.0,10.0
529.0,0.0013179769739508629,0.0013179769739508629,3.746441507246345e-05,0.00031572236912325025,6.276104977587238e-05,10.0,1.0,10.0
530.0,0.0013132996391505003,0.0013132996391505003,3.732664117706008e-05,0.0003147991665173322,6.252340972423553e-05,10.0,1.0,10.0
531.0,0.001308667124249041,0.001308667124249041,3.7190377042861655e-05,0.0003138872853014618,6.228761048987508e-05,10.0,1.0,10.0
532.0,0.0013040720950812101,0.0013040720950812101,3.705498238559812e-05,0.00031298751127906144,6.205347017385066e-05,10.0,1.0,10.0
533.0,0.001299519557505846,0.001299519557505846,3.692107566166669e-05,0.0003120993496850133,6.18209523963742e-05,10.0,1.0,10.0
534.0,0.0012950074160471559,0.0012950074160471559,3.678827852127142e-05,0.0003112233243882656,6.159012991702184e-05,10.0,1.0,10.0
535.0,0.0012905373005196452,0.0012905373005196452,3.665694748633541e-05,0.00031035905703902245,6.136087176855654e-05,10.0,1.0,10.0
536.0,0.00128610385581851,0.00128610385581851,3.652668965514749e-05,0.000309505732730031,6.113311974331737e-05,10.0,1.0,10.0
537.0,0.0012817115057259798,0.0012817115057259798,3.639777423813939e-05,0.00030866495217196643,6.0906881117261946e-05,10.0,1.0,10.0
538.0,0.0012773603666573763,0.0012773603666573763,3.627009209594689e-05,0.00030783447436988354,6.068250149837695e-05,10.0,1.0,10.0
539.0,0.001273046713322401,0.001273046713322401,3.614342858782038e-05,0.00030701543437317014,6.045970076229423e-05,10.0,1.0,10.0
540.0,0.0012687722919508815,0.0012687722919508815,3.6018194805365056e-05,0.00030620733741670847,6.023829701007344e-05,10.0,1.0,10.0
541.0,0.0012645367532968521,0.0012645367532968521,3.589405969250947e-05,0.000305410532746464,6.0018566728103906e-05,10.0,1.0,10.0
542.0,0.0012603381182998419,0.0012603381182998419,3.577091047191061e-05,0.0003046241763513535,5.980048808851279e-05,10.0,1.0,10.0
543.0,0.0012561801122501493,0.0012561801122501493,3.564937287592329e-05,0.00030384864658117294,5.958377005299553e-05,10.0,1.0,10.0
544.0,0.0012520572636276484,0.0012520572636276484,3.552861380740069e-05,0.00030308362329378724,5.93687582295388e-05,10.0,1.0,10.0
545.0,0.0012479736469686031,0.0012479736469686031,3.540927355061285e-05,0.0003023291064891964,5.915517613175325e-05,10.0,1.0,10.0
546.0,0.0012439253041520715,0.0012439253041520715,3.52906426996924e-05,0.000301584746921435,5.8943420299328864e-05,10.0,1.0,10.0
547.0,0.0012399130500853062,0.0012399130500853062,3.51733215211425e-05,0.00030085083562880754,5.8732905017677695e-05,10.0,1.0,10.0
548.0,0.0012359388638287783,0.0012359388638287783,3.5057368222624063e-05,0.0003001280128955841,5.852372487424873e-05,10.0,1.0,10.0
549.0,0.0012319991365075111,0.0012319991365075111,3.494241536827758e-05,0.00029941476532258093,5.831602538819425e-05,10.0,1.0,10.0
550.0,0.0012280953815206885,0.0012280953815206885,3.48285429936368e-05,0.0002987111220136285,5.810988659504801e-05,10.0,1.0,10.0
551.0,0.0012242293450981379,0.0012242293450981379,3.471579111646861e-05,0.0002980172575917095,5.7905410358216614e-05,10.0,1.0,10.0
552.0,0.0012203955557197332,0.0012203955557197332,3.4604065149324015e-05,0.0002973333466798067,5.7702163758222014e-05,10.0,1.0,10.0
553.0,0.001216598553583026,0.001216598553583026,3.449312862358056e-05,0.00029665869078598917,5.750084892497398e-05,10.0,1.0,10.0
554.0,0.001212833565659821,0.001212833565659821,3.4383294405415654e-05,0.00029599375557154417,5.7300687331007794e-05,10.0,1.0,10.0
555.0,0.0012091039679944515,0.0012091039679944515,3.4274966310476884e-05,0.00029533912311308086,5.710151162929833e-05,10.0,1.0,10.0
556.0,0.0012054089456796646,0.0012054089456796646,3.416737308725715e-05,0.000294693250907585,5.6904198572738096e-05,10.0,1.0,10.0
557.0,0.0012017490807920694,0.0012017490807920694,3.406106407055631e-05,0.00029405663372017443,5.6708184274611995e-05,10.0,1.0,10.0
558.0,0.0011981192510575056,0.0011981192510575056,3.395556268515065e-05,0.0002934289223048836,5.651347601087764e-05,10.0,1.0,10.0
559.0,0.0011945264413952827,0.0011945264413952827,3.385160016478039e-05,0.0002928111352957785,5.631993553834036e-05,10.0,1.0,10.0
560.0,0.0011909615714102983,0.0011909615714102983,3.37478268193081e-05,0.0002922007697634399,5.6128254072973505e-05,10.0,1.0,10.0
561.0,0.0011874319752678275,0.0011874319752678275,3.364504300407134e-05,0.0002915993973147124,5.5938216974027455e-05,10.0,1.0,10.0
562.0,0.0011839347425848246,0.0011839347425848246,3.3543365134391934e-05,0.00029100701794959605,5.5749416787875816e-05,10.0,1.0,10.0
563.0,0.0011804706882685423,0.0011804706882685423,3.344292053952813e-05,0.0002904234279412776,5.556181349675171e-05,10.0,1.0,10.0
564.0,0.0011770344572141767,0.0011770344572141767,3.334349094075151e-05,0.00028984874370507896,5.537507604458369e-05,10.0,1.0,10.0
565.0,0.0011736308224499226,0.0011736308224499226,3.324526915093884e-05,0.0002892826159950346,5.5189553677337244e-05,10.0,1.0,10.0
566.0,0.0011702587362378836,0.0011702587362378836,3.314744753879495e-05,0.0002887244918383658,5.500597762875259e-05,10.0,1.0,10.0
567.0,0.0011669192463159561,0.0011669192463159561,3.3051059290301055e-05,0.00028817448765039444,5.48234093002975e-05,10.0,1.0,10.0
568.0,0.0011636069975793362,0.0011636069975793362,3.295508577139117e-05,0.0002876324288081378,5.4642372560920194e-05,10.0,1.0,10.0
569.0,0.0011603261809796095,0.0011603261809796095,3.2860159990377724e-05,0.0002870985772460699,5.446260911412537e-05,10.0,1.0,10.0
570.0,0.001157074235379696,0.001157074235379696,3.2765903597464785e-05,0.0002865718270186335,5.428434451459907e-05,10.0,1.0,10.0
571.0,0.0011538546532392502,0.0011538546532392502,3.267293868702836e-05,0.00028605389525182545,5.410714220488444e-05,10.0,1.0,10.0
572.0,0.0011506606824696064,0.0011506606824696064,3.25808250636328e-05,0.00028554382151924074,5.393086757976562e-05,10.0,1.0,10.0
573.0,0.0011474989587441087,0.0011474989587441087,3.248977736802772e-05,0.00028504207148216665,5.375591354095377e-05,10.0,1.0,10.0
574.0,0.0011443637777119875,0.0011443637777119875,3.239940997445956e-05,0.00028454672428779304,5.358229100238532e-05,10.0,1.0,10.0
575.0,0.0011412580497562885,0.0011412580497562885,3.230971560697071e-05,0.00028405810007825494,5.3410283726407215e-05,10.0,1.0,10.0
576.0,0.00113818165846169,0.00113818165846169,3.22210144076962e-05,0.0002835773047991097,5.323941513779573e-05,10.0,1.0,10.0
577.0,0.0011351313441991806,0.0011351313441991806,3.2133284548763186e-05,0.0002831040765158832,5.30694451299496e-05,10.0,1.0,10.0
578.0,0.001132110133767128,0.001132110133767128,3.2046260457718745e-05,0.0002826386771630496,5.290088301990181e-05,10.0,1.0,10.0
579.0,0.0011291173286736012,0.0011291173286736012,3.196024408680387e-05,0.0002821806992869824,5.273341594147496e-05,10.0,1.0,10.0
580.0,0.001126148970797658,0.001126148970797658,3.1874747946858406e-05,0.00028172877500765026,5.2567265811376274e-05,10.0,1.0,10.0
581.0,0.0011232101824134588,0.0011232101824134588,3.179034683853388e-05,0.00028128421399742365,5.2402258006623015e-05,10.0,1.0,10.0
582.0,0.001120296074077487,0.001120296074077487,3.1706578738521785e-05,0.00028084576479159296,5.2238450734876096e-05,10.0,1.0,10.0
583.0,0.0011174095561727881,0.0011174095561727881,3.162362190778367e-05,0.00028041371842846274,5.207596404943615e-05,10.0,1.0,10.0
584.0,0.0011145484168082476,0.0011145484168082476,3.154166915919632e-05,0.00027999008307233453,5.1914168579969555e-05,10.0,1.0,10.0
585.0,0.001111712888814509,0.001111712888814509,3.146030940115452e-05,0.0002795713662635535,5.175384285394102e-05,10.0,1.0,10.0
586.0,0.0011089036706835032,0.0011089036706835032,3.137987005175091e-05,0.000279159692581743,5.159452848602086e-05,10.0,1.0,10.0
587.0,0.0011061199475079775,0.0011061199475079775,3.130005279672332e-05,0.0002787546836771071,5.143648013472557e-05,10.0,1.0,10.0
588.0,0.0011033599730581045,0.0011033599730581045,3.122094858554192e-05,0.0002783561358228326,5.1279435865581036e-05,10.0,1.0,10.0
589.0,0.0011006267741322517,0.0011006267741322517,3.114269202342257e-05,0.0002779635542538017,5.11236212332733e-05,10.0,1.0,10.0
590.0,0.0010979174403473735,0.0010979174403473735,3.1065254006534815e-05,0.0002775775210466236,5.096873428556137e-05,10.0,1.0,10.0
591.0,0.0010952327866107225,0.0010952327866107225,3.098825618508272e-05,0.000277196173556149,5.081540803075768e-05,10.0,1.0,10.0
592.0,0.0010925731621682644,0.0010925731621682644,3.091224789386615e-05,0.0002768220438156277,5.066286394139752e-05,10.0,1.0,10.0
593.0,0.0010899354238063097,0.0010899354238063097,3.083681804127991e-05,0.0002764532109722495,5.051140033174306e-05,10.0,1.0,10.0
594.0,0.0010873244609683752,0.0010873244609683752,3.0762425012653694e-05,0.00027609054814092815,5.036096990806982e-05,10.0,1.0,10.0
595.0,0.0010847327066585422,0.0010847327066585422,3.068856676691212e-05,0.0002757335896603763,5.021135075367056e-05,10.0,1.0,10.0
596.0,0.001082166563719511,0.001082166563719511,3.061533789150417e-05,0.0002753821900114417,5.0063099479302764e-05,10.0,1.0,10.0
597.0,0.0010796231217682362,0.0010796231217682362,3.054290937143378e-05,0.00027503661112859845,4.9915743147721514e-05,10.0,1.0,10.0
598.0,0.0010771021479740739,0.0010771021479740739,3.0470975616481155e-05,0.0002746962709352374,4.976960917701945e-05,10.0,1.0,10.0
599.0,0.0010746050393208861,0.0010746050393208861,3.039960029127542e-05,0.00027436151867732406,4.9624755774857476e-05,10.0,1.0,10.0
600.0,0.0010721271391957998,0.0010721271391957998,3.032874155906029e-05,0.00027403177227824926,4.948080095346086e-05,10.0,1.0,10.0
601.0,0.001069673104211688,0.001069673104211688,3.0258865081123076e-05,0.00027370749739930034,4.933769378112629e-05,10.0,1.0,10.0
602.0,0.0010672427015379071,0.0010672427015379071,3.0189963581506163e-05,0.000273388548521325,4.9195448809769005e-05,10.0,1.0,10.0
603.0,0.0010648302268236876,0.0010648302268236876,3.012148226844147e-05,0.0002730746055021882,4.905408059130423e-05,10.0,1.0,10.0
604.0,0.0010624408023431897,0.0010624408023431897,3.00535793940071e-05,0.00027276561013422906,4.891393837169744e-05,10.0,1.0,10.0
605.0,0.0010600725654512644,0.0010600725654512644,2.9986496883793734e-05,0.0002724615333136171,4.877461105934344e-05,10.0,1.0,10.0
606.0,0.0010577253997325897,0.0010577253997325897,2.99198927677935e-05,0.0002721620548982173,4.863643698627129e-05,10.0,1.0,10.0
607.0,0.0010553980246186256,0.0010553980246186256,2.9853728847228922e-05,0.0002718673786148429,4.8499336116947234e-05,10.0,1.0,10.0
608.0,0.001053091837093234,0.001053091837093234,2.978819793497678e-05,0.00027157834847457707,4.8363148380303755e-05,10.0,1.0,10.0
609.0,0.001050805440172553,0.001050805440172553,2.9723138140980154e-05,0.0002712935383897275,4.822805567528121e-05,10.0,1.0,10.0
610.0,0.0010485397651791573,0.0010485397651791573,2.9658836865564808e-05,0.0002710138796828687,4.8093748773681e-05,10.0,1.0,10.0
611.0,0.0010462964419275522,0.0010462964419275522,2.9595448722830042e-05,0.0002707383537199348,4.796036228071898e-05,10.0,1.0,10.0
612.0,0.001044068718329072,0.001044068718329072,2.9532255211961456e-05,0.0002704667276702821,4.782794349011965e-05,10.0,1.0,10.0
613.0,0.001041861716657877,0.001041861716657877,2.946991298813373e-05,0.0002701999619603157,4.769625957123935e-05,10.0,1.0,10.0
614.0,0.0010396739235147834,0.0010396739235147834,2.9408038244582713e-05,0.00026993706705980003,4.756564521812834e-05,10.0,1.0,10.0
615.0,0.0010375042911618948,0.0010375042911618948,2.9346600058488548e-05,0.0002696783049032092,4.74359912914224e-05,10.0,1.0,10.0
616.0,0.0010353551479056478,0.0010353551479056478,2.9285913115018047e-05,0.00026942419935949147,4.73071813757997e-05,10.0,1.0,10.0
617.0,0.0010332231177017093,0.0010332231177017093,2.92256117973011e-05,0.00026917431387118995,4.717926640296355e-05,10.0,1.0,10.0
618.0,0.001031109131872654,0.001031109131872654,2.91658489004476e-05,0.0002689284738153219,4.705221363110468e-05,10.0,1.0,10.0
619.0,0.0010290136560797691,0.0010290136560797691,2.910659350163769e-05,0.0002686868538148701,4.6926088543841615e-05,10.0,1.0,10.0
620.0,0.001026937272399664,0.001026937272399664,2.9048049327684566e-05,0.00026844910462386906,4.680076381191611e-05,10.0,1.0,10.0
621.0,0.001024878234602511,0.001024878234602511,2.8990061764488928e-05,0.0002682151971384883,4.6676246711285785e-05,10.0,1.0,10.0
622.0,0.0010228370083495975,0.0010228370083495975,2.8932574423379265e-05,0.00026798489852808416,4.655263546737842e-05,10.0,1.0,10.0
623.0,0.0010208114981651306,0.0010208114981651306,2.8875454518129118e-05,0.00026775780133903027,4.64299155282788e-05,10.0,1.0,10.0
624.0,0.0010188031010329723,0.0010188031010329723,2.881881664507091e-05,0.0002675348659977317,4.630801049643196e-05,10.0,1.0,10.0
625.0,0.0010168143780902028,0.0010168143780902028,2.8762882720911875e-05,0.0002673156268429011,4.618699676939286e-05,10.0,1.0,10.0
626.0,0.0010148400906473398,0.0010148400906473398,2.8707052479148842e-05,0.00026709953090175986,4.606699803844094e-05,10.0,1.0,10.0
627.0,0.0010128840804100037,0.0010128840804100037,2.865196074708365e-05,0.0002668871602509171,4.5947734179208055e-05,10.0,1.0,10.0
628.0,0.001010943204164505,0.001010943204164505,2.8597498385352083e-05,0.0002666790096554905,4.582892142934725e-05,10.0,1.0,10.0
629.0,0.0010090195573866367,0.0010090195573866367,2.8543465305119753e-05,0.0002664735948201269,4.571112367557362e-05,10.0,1.0,10.0
630.0,0.001007110346108675,0.001007110346108675,2.848983604053501e-05,0.0002662715269252658,4.559404624160379e-05,10.0,1.0,10.0
631.0,0.001005219528451562,0.001005219528451562,2.843665424734354e-05,0.000266072602244094,4.547803837340325e-05,10.0,1.0,10.0
632.0,0.001003342098556459,0.001003342098556459,2.8383901735651307e-05,0.0002658763842191547,4.536267078947276e-05,10.0,1.0,10.0
633.0,0.00100148085039109,0.00100148085039109,2.833153666870203e-05,0.0002656833967193961,4.5248205424286425e-05,10.0,1.0,10.0
634.0,0.0009996361332014203,0.0009996361332014203,2.827966454788111e-05,0.0002654936397448182,4.513458043220453e-05,10.0,1.0,10.0
635.0,0.0009978070156648755,0.0009978070156648755,2.822837996063754e-05,0.0002653075207490474,4.5021566620562226e-05,10.0,1.0,10.0
636.0,0.000995990470983088,0.000995990470983088,2.8177470085211098e-05,0.0002651250397320837,4.4909073039889336e-05,10.0,1.0,10.0
637.0,0.0009941896423697472,0.0009941896423697472,2.8127124096499756e-05,0.00026494526537135243,4.4797317968914285e-05,10.0,1.0,10.0
638.0,0.0009924034820869565,0.0009924034820869565,2.8077110982849263e-05,0.0002647674991749227,4.4686486944556236e-05,10.0,1.0,10.0
639.0,0.0009906316408887506,0.0009906316408887506,2.8027456210111268e-05,0.00026459223590791225,4.4576485379366204e-05,10.0,1.0,10.0
640.0,0.0009888742351904511,0.0009888742351904511,2.7978263460681774e-05,0.0002644196501933038,4.446719685802236e-05,10.0,1.0,10.0
641.0,0.0009871310321614146,0.0009871310321614146,2.7929248972213827e-05,0.00026424910174682736,4.435893788468093e-05,10.0,1.0,10.0
642.0,0.000985402730293572,0.000985402730293572,2.7880738343810663e-05,0.0002640822494868189,4.425130828167312e-05,10.0,1.0,10.0
643.0,0.0009836868848651648,0.0009836868848651648,2.783261334116105e-05,0.00026391888968646526,4.41441879956983e-05,10.0,1.0,10.0
644.0,0.000981984194368124,0.000981984194368124,2.7784999474533834e-05,0.0002637583529576659,4.403758066473529e-05,10.0,1.0,10.0
645.0,0.0009802975691854954,0.0009802975691854954,2.7737944037653506e-05,0.00026359959156252444,4.3931846448685974e-05,10.0,1.0,10.0
646.0,0.000978622934781015,0.000978622934781015,2.7691123250406235e-05,0.00026344257639721036,4.382691258797422e-05,10.0,1.0,10.0
647.0,0.000976960058324039,0.000976960058324039,2.7644688088912517e-05,0.0002632880350574851,4.372251714812592e-05,10.0,1.0,10.0
648.0,0.0009753102785907686,0.0009753102785907686,2.7598591259447858e-05,0.0002631358220241964,4.361885294201784e-05,10.0,1.0,10.0
649.0,0.0009736759820953012,0.0009736759820953012,2.7553171094041318e-05,0.0002629859372973442,4.351582902017981e-05,10.0,1.0,10.0
650.0,0.00097205291967839,0.00097205291967839,2.750787098193541e-05,0.00026283852639608085,4.341356543591246e-05,10.0,1.0,10.0
651.0,0.0009704424883238971,0.0009704424883238971,2.7462794605526142e-05,0.00026269344380125403,4.3312109482940286e-05,10.0,1.0,10.0
652.0,0.000968842941801995,0.000968842941801995,2.741807111306116e-05,0.0002625513297971338,4.3211090087424964e-05,10.0,1.0,10.0
653.0,0.0009672580636106431,0.0009672580636106431,2.7373782359063625e-05,0.00026241131126880646,4.3110892875120044e-05,10.0,1.0,10.0
654.0,0.0009656829643063247,0.0009656829643063247,2.732957545958925e-05,0.00026227274793200195,4.3011445086449385e-05,10.0,1.0,10.0
655.0,0.00096412148559466,0.00096412148559466,2.7285941541776992e-05,0.0002621357562020421,4.291263030609116e-05,10.0,1.0,10.0
656.0,0.0009625719394534826,0.0009625719394534826,2.72428023890825e-05,0.0002620010345708579,4.281428482499905e-05,10.0,1.0,10.0
657.0,0.0009610351989977062,0.0009610351989977062,2.7200181648368016e-05,0.0002618681755848229,4.271652505849488e-05,10.0,1.0,10.0
658.0,0.0009595055598765612,0.0009595055598765612,2.7157542717759497e-05,0.00026173697551712394,4.261931462679058e-05,10.0,1.0,10.0
659.0,0.0009579919278621674,0.0009579919278621674,2.711563865887001e-05,0.00026160801644437015,4.2522755393292755e-05,10.0,1.0,10.0
660.0,0.0009564879583194852,0.0009564879583194852,2.707379280764144e-05,0.00026148135657422245,4.242686554789543e-05,10.0,1.0,10.0
661.0,0.0009549937676638365,0.0009549937676638365,2.703217433008831e-05,0.0002613561227917671,4.2331594158895314e-05,10.0,1.0,10.0
662.0,0.0009535113349556923,0.0009535113349556923,2.6990557671524584e-05,0.00026123266434296966,4.223730866215192e-05,10.0,1.0,10.0
663.0,0.0009520403109490871,0.0009520403109490871,2.6949282982968725e-05,0.0002611110976431519,4.214363798382692e-05,10.0,1.0,10.0
664.0,0.0009505806374363601,0.0009505806374363601,2.690864675969351e-05,0.00026099130627699196,4.205028380965814e-05,10.0,1.0,10.0
665.0,0.0009491294040344656,0.0009491294040344656,2.6868272470892407e-05,0.0002608720969874412,4.1957460780395195e-05,10.0,1.0,10.0
666.0,0.0009476890554651618,0.0009476890554651618,2.682822560018394e-05,0.00026075495406985283,4.1865183447953314e-05,10.0,1.0,10.0
667.0,0.0009462615707889199,0.0009462615707889199,2.678874443517998e-05,0.00026063964469358325,4.177344817435369e-05,10.0,1.0,10.0
668.0,0.0009448425844311714,0.0009448425844311714,2.674941424629651e-05,0.0002605257905088365,4.168225859757513e-05,10.0,1.0,10.0
669.0,0.0009434320963919163,0.0009434320963919163,2.6710342353908345e-05,0.00026041382807306945,4.1591483750380576e-05,10.0,1.0,10.0
670.0,0.0009420325513929129,0.0009420325513929129,2.6671252271626145e-05,0.00026030236040242016,4.150176755501889e-05,10.0,1.0,10.0
671.0,0.0009406433091498911,0.0009406433091498911,2.663241684786044e-05,0.0002601922315079719,4.1412691643927246e-05,10.0,1.0,10.0
672.0,0.0009392643114551902,0.0009392643114551902,2.659397796378471e-05,0.0002600843145046383,4.132401954848319e-05,10.0,1.0,10.0
673.0,0.0009378957329317927,0.0009378957329317927,2.655603748280555e-05,0.00025997779448516667,4.123575854464434e-05,10.0,1.0,10.0
674.0,0.0009365335572510958,0.0009365335572510958,2.651808063092176e-05,0.0002598721766844392,4.1148054151562974e-05,10.0,1.0,10.0
675.0,0.000935183372348547,0.000935183372348547,2.648059671628289e-05,0.00025976807228289545,4.1060928197111934e-05,10.0,1.0,10.0
676.0,0.0009338401141576469,0.0009338401141576469,2.6443100068718195e-05,0.0002596645208541304,4.097446071682498e-05,10.0,1.0,10.0
677.0,0.0009325082064606249,0.0009325082064606249,2.6406261895317584e-05,0.0002595626574475318,4.0888291550800204e-05,10.0,1.0,10.0
678.0,0.0009311847388744354,0.0009311847388744354,2.636950375745073e-05,0.00025946213281713426,4.080275903106667e-05,10.0,1.0,10.0
679.0,0.0009298694785684347,0.0009298694785684347,2.6332909328630194e-05,0.0002593622775748372,4.071780858794227e-05,10.0,1.0,10.0
680.0,0.0009285626001656055,0.0009285626001656055,2.6296671421732754e-05,0.00025926370290108025,4.063322194269858e-05,10.0,1.0,10.0
681.0,0.0009272639290429652,0.0009272639290429652,2.626061177579686e-05,0.00025916643789969385,4.054913733853027e-05,10.0,1.0,10.0
682.0,0.0009259753278456628,0.0009259753278456628,2.6224741304758936e-05,0.00025906978407874703,4.0465813071932644e-05,10.0,1.0,10.0
683.0,0.0009246945264749229,0.0009246945264749229,2.618914732011035e-05,0.00025897452724166214,4.0382852603215724e-05,10.0,1.0,10.0
684.0,0.0009234218159690499,0.0009234218159690499,2.615370976855047e-05,0.0002588795614428818,4.0300517866853625e-05,10.0,1.0,10.0
685.0,0.0009221573127433658,0.0009221573127433658,2.6118577807210386e-05,0.0002587857889011502,4.021856875624508e-05,10.0,1.0,10.0
686.0,0.0009208996780216694,0.0009208996780216694,2.6083534976351075e-05,0.00025869326782412827,4.013710349681787e-05,10.0,1.0,10.0
687.0,0.0009196522296406329,0.0009196522296406329,2.604891051305458e-05,0.0002586015034466982,4.005616210633889e-05,10.0,1.0,10.0
688.0,0.0009184135706163943,0.0009184135706163943,2.601459163997788e-05,0.0002585112815722823,3.997563544544391e-05,10.0,1.0,10.0
689.0,0.0009171796264126897,0.0009171796264126897,2.5980378268286586e-05,0.00025842137984000146,3.9895450754556805e-05,10.0,1.0,10.0
690.0,0.0009159549372270703,0.0009159549372270703,2.5946417736122385e-05,0.0002583321765996516,3.9815855416236445e-05,10.0,1.0,10.0
691.0,0.0009147385717369616,0.0009147385717369616,2.5912508135661483e-05,0.00025824306067079306,3.973704224335961e-05,10.0,1.0,10.0
692.0,0.0009135273867286742,0.0009135273867286742,2.587870585557539e-05,0.00025815502158366144,3.965852738474496e-05,10.0,1.0,10.0
693.0,0.0009123257477767766,0.0009123257477767766,2.58452128036879e-05,0.00025806797202676535,3.9580561860930175e-05,10.0,1.0,10.0
694.0,0.0009111288236454129,0.0009111288236454129,2.5811727027758025e-05,0.00025798153365030885,3.950300015276298e-05,10.0,1.0,10.0
695.0,0.0009099417366087437,0.0009099417366087437,2.5778896088013425e-05,0.00025789611390791833,3.942566763726063e-05,10.0,1.0,10.0
696.0,0.000908758316654712,0.000908758316654712,2.5746223400346935e-05,0.0002578118583187461,3.9348418795270845e-05,10.0,1.0,10.0
697.0,0.000907585141249001,0.000907585141249001,2.5713847207953222e-05,0.0002577276318334043,3.927190482500009e-05,10.0,1.0,10.0
698.0,0.000906417437363416,0.000906417437363416,2.5681447368697263e-05,0.0002576435508672148,3.919594018952921e-05,10.0,1.0,10.0
699.0,0.0009052571840584278,0.0009052571840584278,2.564891656220425e-05,0.0002575592079665512,3.9120881410781294e-05,10.0,1.0,10.0
700.0,0.0009041055454872549,0.0009041055454872549,2.561700966907665e-05,0.00025747664039954543,3.904588083969429e-05,10.0,1.0,10.0
701.0,0.000902957865037024,0.000902957865037024,2.5584986360627227e-05,0.0002573942474555224,3.897137867170386e-05,10.0,1.0,10.0
702.0,0.0009018161799758673,0.0009018161799758673,2.555302853579633e-05,0.0002573129313532263,3.889729123329744e-05,10.0,1.0,10.0
703.0,0.0009006832260638475,0.0009006832260638475,2.5521447241771966e-05,0.0002572321391198784,3.882366218022071e-05,10.0,1.0,10.0
704.0,0.0008995553944259882,0.0008995553944259882,2.5489995095995255e-05,0.00025715160882100463,3.875038237310946e-05,10.0,1.0,10.0
705.0,0.0008984346641227603,0.0008984346641227603,2.545899224060122e-05,0.0002570711949374527,3.86773535865359e-05,10.0,1.0,10.0
706.0,0.0008973177755251527,0.0008973177755251527,2.542797665228136e-05,0.00025699069374240935,3.860472861560993e-05,10.0,1.0,10.0
707.0,0.0008962099673226476,0.0008962099673226476,2.5397355784662068e-05,0.000256911211181432,3.853251473628916e-05,10.0,1.0,10.0
708.0,0.0008951057679951191,0.0008951057679951191,2.5366487534483895e-05,0.0002568319614510983,3.8460893847513944e-05,10.0,1.0,10.0
709.0,0.0008940104162320495,0.0008940104162320495,2.533594124543015e-05,0.00025675282813608646,3.8389815017580986e-05,10.0,1.0,10.0
710.0,0.0008929175673983991,0.0008929175673983991,2.530545498302672e-05,0.00025667433510534465,3.8318867154885083e-05,10.0,1.0,10.0
711.0,0.000891832634806633,0.000891832634806633,2.527531069063116e-05,0.00025659665698185563,3.82482867280487e-05,10.0,1.0,10.0
712.0,0.0008907530573196709,0.0008907530573196709,2.5245184588129632e-05,0.00025651900796219707,3.817822289420292e-05,10.0,1.0,10.0
713.0,0.0008896809304133058,0.0008896809304133058,2.5215438654413447e-05,0.0002564413589425385,3.810852285823785e-05,10.0,1.0,10.0
714.0,0.0008886104915291071,0.0008886104915291071,2.5185529011650942e-05,0.000256363651715219,3.803915751632303e-05,10.0,1.0,10.0
715.0,0.0008875472703948617,0.0008875472703948617,2.515609230613336e-05,0.0002562867884989828,3.796994860749692e-05,10.0,1.0,10.0
716.0,0.0008864895789884031,0.0008864895789884031,2.5126617401838303e-05,0.00025620940141379833,3.7901401810813695e-05,10.0,1.0,10.0
717.0,0.0008854373591020703,0.0008854373591020703,2.509700061636977e-05,0.0002561321889515966,3.783351348829456e-05,10.0,1.0,10.0
718.0,0.0008843903779052198,0.0008843903779052198,2.5067682145163417e-05,0.0002560554421506822,3.776581070269458e-05,10.0,1.0,10.0
719.0,0.0008833493920974433,0.0008833493920974433,2.5038563762791455e-05,0.0002559793065302074,3.7698442611144856e-05,10.0,1.0,10.0
720.0,0.0008823124226182699,0.0008823124226182699,2.5009652745211497e-05,0.00025590366567485034,3.763122731470503e-05,10.0,1.0,10.0
721.0,0.0008812807500362396,0.0008812807500362396,2.4980790840345435e-05,0.00025582723901607096,3.7564557715086266e-05,10.0,1.0,10.0
722.0,0.0008802538504824042,0.0008802538504824042,2.4952223611762747e-05,0.0002557510160841048,3.7498062738450244e-05,10.0,1.0,10.0
723.0,0.0008792320149950683,0.0008792320149950683,2.492389285180252e-05,0.00025567528791725636,3.743178240256384e-05,10.0,1.0,10.0
724.0,0.0008782153599895537,0.0008782153599895537,2.4895607566577382e-05,0.000255599501542747,3.7365978641901165e-05,10.0,1.0,10.0
725.0,0.0008772036526352167,0.0008772036526352167,2.486738594598137e-05,0.0002555238315835595,3.730060052475892e-05,10.0,1.0,10.0
726.0,0.0008761946810409427,0.0008761946810409427,2.483882417436689e-05,0.0002554472303017974,3.723591726156883e-05,10.0,1.0,10.0
727.0,0.0008751926943659782,0.0008751926943659782,2.481089177308604e-05,0.0002553716767579317,3.7171212170505896e-05,10.0,1.0,10.0
728.0,0.000874193909112364,0.000874193909112364,2.4782901164144278e-05,0.00025529612321406603,3.7106878153281286e-05,10.0,1.0,10.0
729.0,0.0008731998968869448,0.0008731998968869448,2.4754972400842234e-05,0.00025522036594338715,3.7042984331492335e-05,10.0,1.0,10.0
730.0,0.0008722112979739904,0.0008722112979739904,2.472742198733613e-05,0.0002551445795688778,3.697924694279209e-05,10.0,1.0,10.0
731.0,0.0008712252601981163,0.0008712252601981163,2.4700006179045886e-05,0.0002550690551288426,3.691561141749844e-05,10.0,1.0,10.0
732.0,0.0008702463237568736,0.0008702463237568736,2.4672735889907926e-05,0.0002549933851696551,3.6852557968813926e-05,10.0,1.0,10.0
733.0,0.0008692685514688492,0.0008692685514688492,2.464514909661375e-05,0.0002549172786530107,3.678998109535314e-05,10.0,1.0,10.0
734.0,0.0008682977641001344,0.0008682977641001344,2.461789881635923e-05,0.00025484137586317956,3.672773891594261e-05,10.0,1.0,10.0
735.0,0.0008673285483382642,0.0008673285483382642,2.4590523025835864e-05,0.00025476524024270475,3.666580960270949e-05,10.0,1.0,10.0
736.0,0.00086636480409652,0.00086636480409652,2.456346555845812e-05,0.00025468890089541674,3.660412767203525e-05,10.0,1.0,10.0
737.0,0.000865405541844666,0.000865405541844666,2.4536642740713432e-05,0.0002546128525864333,3.654262764030136e-05,10.0,1.0,10.0
738.0,0.000864449655637145,0.000864449655637145,2.4509923605364747e-05,0.0002545367169659585,3.648137499112636e-05,10.0,1.0,10.0
739.0,0.000863496505189687,0.000863496505189687,2.4483166271238588e-05,0.00025446034851484,3.6420446122065187e-05,10.0,1.0,10.0
740.0,0.0008625489426776767,0.0008625489426776767,2.4456739993183874e-05,0.0002543838054407388,3.6359779187478125e-05,10.0,1.0,10.0
741.0,0.0008616039413027465,0.0008616039413027465,2.443014454911463e-05,0.00025430682580918074,3.629956700024195e-05,10.0,1.0,10.0
742.0,0.0008606644114479423,0.0008606644114479423,2.440376738377381e-05,0.0002542297588661313,3.623969678301364e-05,10.0,1.0,10.0
743.0,0.00085972691886127,0.00085972691886127,2.437716830172576e-05,0.00025415292475372553,3.618023038143292e-05,10.0,1.0,10.0
744.0,0.0008587939664721489,0.0008587939664721489,2.4350905732717365e-05,0.0002540761779528111,3.612087311921641e-05,10.0,1.0,10.0
745.0,0.0008578660781495273,0.0008578660781495273,2.4324901460204273e-05,0.000253998558036983,3.6061850551050156e-05,10.0,1.0,10.0
746.0,0.0008569388883188367,0.0008569388883188367,2.4298842618009076e-05,0.00025392090901732445,3.600295167416334e-05,10.0,1.0,10.0
747.0,0.0008560160640627146,0.0008560160640627146,2.4272863811347634e-05,0.0002538429107517004,3.5944456612924114e-05,10.0,1.0,10.0
748.0,0.0008550960337743163,0.0008550960337743163,2.4247041437774897e-05,0.0002537649415899068,3.58860706910491e-05,10.0,1.0,10.0
749.0,0.0008541801362298429,0.0008541801362298429,2.4221251806011423e-05,0.0002536870015319437,3.5828059480991215e-05,10.0,1.0,10.0
750.0,0.0008532690117135644,0.0008532690117135644,2.4195494916057214e-05,0.00025360830477438867,3.577057213988155e-05,10.0,1.0,10.0
751.0,0.0008523591095581651,0.0008523591095581651,2.4169805328710936e-05,0.0002535292296670377,3.571317938622087e-05,10.0,1.0,10.0
752.0,0.0008514542132616043,0.0008514542132616043,2.414423397567589e-05,0.0002534498635213822,3.56562013621442e-05,10.0,1.0,10.0
753.0,0.0008505509467795491,0.0008505509467795491,2.4118617147905752e-05,0.0002533706137910485,3.559941615094431e-05,10.0,1.0,10.0
754.0,0.0008496508235111833,0.0008496508235111833,2.409310945949983e-05,0.0002532914513722062,3.554282375262119e-05,10.0,1.0,10.0
755.0,0.0008487534942105412,0.0008487534942105412,2.406771272944752e-05,0.00025321170687675476,3.548646054696292e-05,10.0,1.0,10.0
756.0,0.0008478617528453469,0.0008478617528453469,2.4042767108767293e-05,0.0002531319041736424,3.5430221032584086e-05,10.0,1.0,10.0
757.0,0.0008469716995023191,0.0008469716995023191,2.4017765099415556e-05,0.00025305169401690364,3.5374232538742945e-05,10.0,1.0,10.0
758.0,0.0008460847893729806,0.0008460847893729806,2.3992781279957853e-05,0.0002529708144720644,3.5318618756718934e-05,10.0,1.0,10.0
759.0,0.000845199974719435,0.000845199974719435,2.3967577362782322e-05,0.0002528895274735987,3.5263463360024616e-05,10.0,1.0,10.0
760.0,0.0008443186525255442,0.0008443186525255442,2.3942509869812056e-05,0.0002528076875023544,3.520858444971964e-05,10.0,1.0,10.0
761.0,0.0008434400660917163,0.0008434400660917163,2.3917587895994075e-05,0.0002527260221540928,3.5153821954736486e-05,10.0,1.0,10.0
762.0,0.0008425645646639168,0.0008425645646639168,2.3892625904409215e-05,0.00025264386204071343,3.5099445085506886e-05,10.0,1.0,10.0
763.0,0.0008416915079578757,0.0008416915079578757,2.3867998606874608e-05,0.0002525618765503168,3.504496271489188e-05,10.0,1.0,10.0
764.0,0.000840820255689323,0.000840820255689323,2.3843322196626104e-05,0.00025247965822927654,3.499073864077218e-05,10.0,1.0,10.0
765.0,0.0008399528451263905,0.0008399528451263905,2.381880403845571e-05,0.0002523968287277967,3.493679832899943e-05,10.0,1.0,10.0
766.0,0.000839087413623929,0.000839087413623929,2.379414399911184e-05,0.000252312864176929,3.488331276457757e-05,10.0,1.0,10.0
767.0,0.0008382264641113579,0.0008382264641113579,2.3769709514454007e-05,0.0002522283757571131,3.483009641058743e-05,10.0,1.0,10.0
768.0,0.0008373670279979706,0.0008373670279979706,2.374525138293393e-05,0.00025214412016794086,3.4777036489686e-05,10.0,1.0,10.0
769.0,0.0008365085814148188,0.0008365085814148188,2.3720873286947608e-05,0.0002520596026442945,3.4724027500487864e-05,10.0,1.0,10.0
770.0,0.0008356537437066436,0.0008356537437066436,2.3696720745647326e-05,0.00025197523063980043,3.4671127650653943e-05,10.0,1.0,10.0
771.0,0.0008348015835508704,0.0008348015835508704,2.3672480892855674e-05,0.00025189045118167996,3.461863161646761e-05,10.0,1.0,10.0
772.0,0.0008339513442479074,0.0008339513442479074,2.364822466915939e-05,0.00025180488592013717,3.456642298260704e-05,10.0,1.0,10.0
773.0,0.0008331052958965302,0.0008331052958965302,2.362408849876374e-05,0.00025171865127049387,3.451457814662717e-05,10.0,1.0,10.0
774.0,0.0008322600042447448,0.0008322600042447448,2.359983409405686e-05,0.0002516316017135978,3.4463002521079034e-05,10.0,1.0,10.0
775.0,0.0008314180886372924,0.0008314180886372924,2.3575787054141983e-05,0.0002515447558835149,3.441154331085272e-05,10.0,1.0,10.0
776.0,0.000830577511806041,0.000830577511806041,2.3551856429548934e-05,0.000251457211561501,3.4360175050096586e-05,10.0,1.0,10.0
777.0,0.0008297396125271916,0.0008297396125271916,2.3527991288574412e-05,0.00025136975455097854,3.430899596423842e-05,10.0,1.0,10.0
778.0,0.000828904565423727,0.000828904565423727,2.35042334679747e-05,0.0002512817154638469,3.4258053347002715e-05,10.0,1.0,10.0
779.0,0.0008280709735117853,0.0008280709735117853,2.3480315576307476e-05,0.0002511932689230889,3.420745633775368e-05,10.0,1.0,10.0
780.0,0.0008272401173599064,0.0008272401173599064,2.3456675990018994e-05,0.0002511043567210436,3.415690298425034e-05,10.0,1.0,10.0
781.0,0.0008264097850769758,0.0008264097850769758,2.3432827219949104e-05,0.0002510154154151678,3.41066115652211e-05,10.0,1.0,10.0
782.0,0.0008255825378000736,0.0008255825378000736,2.3409138520946726e-05,0.00025092551368288696,3.405656389077194e-05,10.0,1.0,10.0
783.0,0.0008247573859989643,0.0008247573859989643,2.3385588065139018e-05,0.0002508351462893188,3.4006632631644607e-05,10.0,1.0,10.0
784.0,0.0008239341550506651,0.0008239341550506651,2.33620830840664e-05,0.00025074402219615877,3.395693056518212e-05,10.0,1.0,10.0
785.0,0.0008231141255237162,0.0008231141255237162,2.3338685423368588e-05,0.0002506524615455419,3.390748315723613e-05,10.0,1.0,10.0
786.0,0.0008222934557124972,0.0008222934557124972,2.3315184080274776e-05,0.00025056092999875546,3.385807212907821e-05,10.0,1.0,10.0
787.0,0.0008214769186452031,0.0008214769186452031,2.3291848265216686e-05,0.0002504691365174949,3.380892667337321e-05,10.0,1.0,10.0
788.0,0.0008206625934690237,0.0008206625934690237,2.3268479708349332e-05,0.0002503771393094212,3.376006498001516e-05,10.0,1.0,10.0
789.0,0.0008198483847081661,0.0008198483847081661,2.3244934709509835e-05,0.00025028406525962055,3.371149432496168e-05,10.0,1.0,10.0
790.0,0.0008190365042537451,0.0008190365042537451,2.3221346054924652e-05,0.0002501904091332108,3.366326563991606e-05,10.0,1.0,10.0
791.0,0.000818227999843657,0.000818227999843657,2.3198010239866562e-05,0.000250096432864666,3.361514245625585e-05,10.0,1.0,10.0
792.0,0.0008174196118488908,0.0008174196118488908,2.3174969101091847e-05,0.0002500021073501557,3.3566779165994376e-05,10.0,1.0,10.0
793.0,0.0008166145998984575,0.0008166145998984575,2.3152118956204504e-05,0.0002499076072126627,3.351857594680041e-05,10.0,1.0,10.0
794.0,0.0008158108103089035,0.0008158108103089035,2.3129261535359547e-05,0.00024981246679089963,3.3470572816440836e-05,10.0,1.0,10.0
795.0,0.0008150067878887057,0.0008150067878887057,2.3105976652004756e-05,0.0002497164823580533,3.342305717524141e-05,10.0,1.0,10.0
796.0,0.0008142059086821973,0.0008142059086821973,2.308278089913074e-05,0.00024961985764093697,3.337582529638894e-05,10.0,1.0,10.0
797.0,0.0008134074159897864,0.0008134074159897864,2.305961425008718e-05,0.0002495226508472115,3.332886262796819e-05,10.0,1.0,10.0
798.0,0.0008126103784888983,0.0008126103784888983,2.303646397194825e-05,0.00024942561867646873,3.3282012736890465e-05,10.0,1.0,10.0
799.0,0.0008118137484416366,0.0008118137484416366,2.3013484678813256e-05,0.00024932820815593004,3.3235068258363754e-05,10.0,1.0,10.0
800.0,0.0008110204362310469,0.0008110204362310469,2.299087827850599e-05,0.0002492308267392218,3.318808012409136e-05,10.0,1.0,10.0
801.0,0.0008102285210043192,0.0008102285210043192,2.2968268240219913e-05,0.0002491327759344131,3.314130663056858e-05,10.0,1.0,10.0
802.0,0.0008094374788925052,0.0008094374788925052,2.294553087267559e-05,0.0002490337938070297,3.3094842365244403e-05,10.0,1.0,10.0
803.0,0.0008086476591415703,0.0008086476591415703,2.2922618882148527e-05,0.00024893326917663217,3.3048818295355886e-05,10.0,1.0,10.0
804.0,0.0008078603423200548,0.0008078603423200548,2.2899590476299636e-05,0.0002488325990270823,3.300318348919973e-05,10.0,1.0,10.0
805.0,0.0008070740732364357,0.0008070740732364357,2.287678580614738e-05,0.00024873175425454974,3.295744681963697e-05,10.0,1.0,10.0
806.0,0.0008062887354753911,0.0008062887354753911,2.2854072085465305e-05,0.00024863117141649127,3.291168104624376e-05,10.0,1.0,10.0
807.0,0.0008055057842284441,0.0008055057842284441,2.283131834701635e-05,0.0002485300356056541,3.286625724285841e-05,10.0,1.0,10.0
808.0,0.0008047239971347153,0.0008047239971347153,2.280876833538059e-05,0.0002484286669641733,3.282076431787573e-05,10.0,1.0,10.0
809.0,0.0008039451204240322,0.0008039451204240322,2.27862528845435e-05,0.00024832627968862653,3.277562791481614e-05,10.0,1.0,10.0
810.0,0.0008031649049371481,0.0008031649049371481,2.2763764718547463e-05,0.00024822313571348786,3.27304114762228e-05,10.0,1.0,10.0
811.0,0.0008023877162486315,0.0008023877162486315,2.2741280190530233e-05,0.0002481190604157746,3.2685584301361814e-05,10.0,1.0,10.0
812.0,0.0008016115752980113,0.0008016115752980113,2.271873745485209e-05,0.0002480147231835872,3.2640949939377606e-05,10.0,1.0,10.0
813.0,0.0008008367731235921,0.0008008367731235921,2.269622746098321e-05,0.00024791029863990843,3.2596417440799996e-05,10.0,1.0,10.0
814.0,0.0008000635425560176,0.0008000635425560176,2.26737538469024e-05,0.0002478057285770774,3.255203046137467e-05,10.0,1.0,10.0
815.0,0.0007992906030267477,0.0007992906030267477,2.2651211111224256e-05,0.0002477007801644504,3.25077744491864e-05,10.0,1.0,10.0
816.0,0.0007985210977494717,0.0007985210977494717,2.2628930310020223e-05,0.00024759507505223155,3.2463674870086834e-05,10.0,1.0,10.0
817.0,0.0007977503119036555,0.0007977503119036555,2.2606502170674503e-05,0.000247488816967234,3.241964805056341e-05,10.0,1.0,10.0
818.0,0.000796981796156615,0.000796981796156615,2.258417043776717e-05,0.0002473813365213573,3.237587588955648e-05,10.0,1.0,10.0
819.0,0.0007962140953168273,0.0007962140953168273,2.2561802325071767e-05,0.0002472734486218542,3.233226379961707e-05,10.0,1.0,10.0
820.0,0.000795448140706867,0.000795448140706867,2.253951970487833e-05,0.0002471652114763856,3.2288771762978286e-05,10.0,1.0,10.0
821.0,0.0007946848054416478,0.0007946848054416478,2.2517482648254372e-05,0.00024705746909603477,3.224525062250905e-05,10.0,1.0,10.0
822.0,0.0007939196657389402,0.0007939196657389402,2.2495009034173563e-05,0.00024694876628927886,3.2202086003962904e-05,10.0,1.0,10.0
823.0,0.000793158367741853,0.000793158367741853,2.2472797354566865e-05,0.0002468399179633707,3.21590450766962e-05,10.0,1.0,10.0
824.0,0.0007923963712528348,0.0007923963712528348,2.2450385586125776e-05,0.00024673042935319245,3.2116211514221504e-05,10.0,1.0,10.0
825.0,0.0007916366448625922,0.0007916366448625922,2.2428059310186654e-05,0.0002466196601744741,3.207363988622092e-05,10.0,1.0,10.0
826.0,0.0007908778497949243,0.0007908778497949243,2.240605499537196e-05,0.00024650825071148574,3.2030900911195204e-05,10.0,1.0,10.0
827.0,0.0007901203352957964,0.0007901203352957964,2.238412889710162e-05,0.0002463969576638192,3.198820922989398e-05,10.0,1.0,10.0
828.0,0.0007893636939115822,0.0007893636939115822,2.2362197341863066e-05,0.0002462851407472044,3.194565579178743e-05,10.0,1.0,10.0
829.0,0.0007886079256422818,0.0007886079256422818,2.234021303593181e-05,0.0002461732365190983,3.190325514879078e-05,10.0,1.0,10.0
830.0,0.0007878539618104696,0.0007878539618104696,2.23180468310602e-05,0.0002460604882799089,3.186129833920859e-05,10.0,1.0,10.0
831.0,0.0007870987756177783,0.0007870987756177783,2.2295729650068097e-05,0.0002459471579641104,3.1819432479096577e-05,10.0,1.0,10.0
832.0,0.00078634824603796,0.00078634824603796,2.2273687136475928e-05,0.0002458336530253291,3.177777034579776e-05,10.0,1.0,10.0
833.0,0.0007855957373976707,0.0007855957373976707,2.2251646441873163e-05,0.00024571947869844735,3.17359808832407e-05,10.0,1.0,10.0
834.0,0.0007848435780033469,0.0007848435780033469,2.2229682144825347e-05,0.00024560483871027827,3.1694195058662444e-05,10.0,1.0,10.0
835.0,0.0007840966572985053,0.0007840966572985053,2.2207950678421184e-05,0.00024548941291868687,3.1652776669943705e-05,10.0,1.0,10.0
836.0,0.0007833474664948881,0.0007833474664948881,2.2185984562383965e-05,0.0002453734341543168,3.1611420126864687e-05,10.0,1.0,10.0
837.0,0.0007826010114513338,0.0007826010114513338,2.216418579337187e-05,0.00024525736807845533,3.1570179999107495e-05,10.0,1.0,10.0
838.0,0.0007818537997081876,0.0007818537997081876,2.2142145098769106e-05,0.0002451410691719502,3.152912904624827e-05,10.0,1.0,10.0
839.0,0.0007811085088178515,0.0007811085088178515,2.2120158973848447e-05,0.0002450243919156492,3.14882563543506e-05,10.0,1.0,10.0
840.0,0.00078036222839728,0.00078036222839728,2.2098134650150314e-05,0.000244907132582739,3.144737638649531e-05,10.0,1.0,10.0
841.0,0.0007796200807206333,0.0007796200807206333,2.2076390450820327e-05,0.00024478902923874557,3.140671469736844e-05,10.0,1.0,10.0
842.0,0.0007788775255903602,0.0007788775255903602,2.2054726287024096e-05,0.0002446702856104821,3.136599843855947e-05,10.0,1.0,10.0
843.0,0.0007781344465911388,0.0007781344465911388,2.203294206992723e-05,0.0002445507561787963,3.1325427698902786e-05,10.0,1.0,10.0
844.0,0.0007773941615596414,0.0007773941615596414,2.201115967181977e-05,0.0002444311394356191,3.128514435957186e-05,10.0,1.0,10.0
845.0,0.000776654458604753,0.000776654458604753,2.1989495508023538e-05,0.0002443115517962724,3.12447918986436e-05,10.0,1.0,10.0
846.0,0.0007759147556498647,0.0007759147556498647,2.1967742213746533e-05,0.0002441920223645866,3.1204530387185514e-05,10.0,1.0,10.0
847.0,0.0007751755183562636,0.0007751755183562636,2.1945972548564896e-05,0.00024407125602010638,3.116445441264659e-05,10.0,1.0,10.0
848.0,0.0007744390750303864,0.0007744390750303864,2.192394640587736e-05,0.00024394955835305154,3.112500417046249e-05,10.0,1.0,10.0
849.0,0.0007737014093436301,0.0007737014093436301,2.1902133084950037e-05,0.0002438273368170485,3.108527380391024e-05,10.0,1.0,10.0
850.0,0.0007729671197012067,0.0007729671197012067,2.188050711993128e-05,0.00024370508617721498,3.10456998704467e-05,10.0,1.0,10.0
851.0,0.0007722307927906513,0.0007722307927906513,2.1858892068848945e-05,0.00024358239897992462,3.10059440380428e-05,10.0,1.0,10.0
852.0,0.0007714974926784635,0.0007714974926784635,2.183753349527251e-05,0.0002434597263345495,3.09662391373422e-05,10.0,1.0,10.0
853.0,0.0007707635522820055,0.0007707635522820055,2.181594209105242e-05,0.00024333648616448045,3.0926767067285255e-05,10.0,1.0,10.0
854.0,0.0007700319401919842,0.0007700319401919842,2.179442708438728e-05,0.00024321275122929364,3.08874950860627e-05,10.0,1.0,10.0
855.0,0.0007693000952713192,0.0007693000952713192,2.1772673790110275e-05,0.00024308792490046471,3.084853960899636e-05,10.0,1.0,10.0
856.0,0.0007685672608204186,0.0007685672608204186,2.1750960513600148e-05,0.00024296276387758553,3.080948954448104e-05,10.0,1.0,10.0
857.0,0.0007678377442061901,0.0007678377442061901,2.172928179788869e-05,0.00024283707898575813,3.077078144997358e-05,10.0,1.0,10.0
858.0,0.0007671081693843007,0.0007671081693843007,2.1707573978346772e-05,0.00024271105939988047,3.073213520110585e-05,10.0,1.0,10.0
859.0,0.000766378128901124,0.000766378128901124,2.168593528040219e-05,0.00024258464691229165,3.069340891670436e-05,10.0,1.0,10.0
860.0,0.000765650300309062,0.000765650300309062,2.1664567611878738e-05,0.0002424584818072617,3.065461714868434e-05,10.0,1.0,10.0
861.0,0.0007649245671927929,0.0007649245671927929,2.1643267245963216e-05,0.00024233190924860537,3.061599636566825e-05,10.0,1.0,10.0
862.0,0.0007641961565241218,0.0007641961565241218,2.16217649722239e-05,0.00024220440536737442,3.057740832446143e-05,10.0,1.0,10.0
863.0,0.0007634711801074445,0.0007634711801074445,2.1600288164336234e-05,0.0002420761011308059,3.053922046092339e-05,10.0,1.0,10.0
864.0,0.0007627453887835145,0.0007627453887835145,2.1578680389211513e-05,0.00024194724392145872,3.0501134460791945e-05,10.0,1.0,10.0
865.0,0.0007620203541591763,0.0007620203541591763,2.1557008949457668e-05,0.0002418181102257222,3.0463213988696225e-05,10.0,1.0,10.0
866.0,0.0007612964254803956,0.0007612964254803956,2.1535575797315687e-05,0.0002416886854916811,3.0425197110162117e-05,10.0,1.0,10.0
867.0,0.0007605735445395112,0.0007605735445395112,2.1514060790650547e-05,0.00024155886785592884,3.038740760530345e-05,10.0,1.0,10.0
868.0,0.0007598501979373395,0.0007598501979373395,2.1492594896699302e-05,0.00024142913753166795,3.0349508961080573e-05,10.0,1.0,10.0
869.0,0.0007591280154883862,0.0007591280154883862,2.1471385480253957e-05,0.00024129927624017,3.0311486625578254e-05,10.0,1.0,10.0
870.0,0.0007584077538922429,0.0007584077538922429,2.1450156054925174e-05,0.00024116827989928424,3.027379534614738e-05,10.0,1.0,10.0
871.0,0.0007576855132356286,0.0007576855132356286,2.1428742911666632e-05,0.0002410367305856198,3.023613680852577e-05,10.0,1.0,10.0
872.0,0.0007569669978693128,0.0007569669978693128,2.1407464373623952e-05,0.00024090451188385487,3.0198787499102764e-05,10.0,1.0,10.0
873.0,0.0007562466198578477,0.0007562466198578477,2.1385993022704497e-05,0.0002407717111054808,3.0161500035319477e-05,10.0,1.0,10.0
874.0,0.0007555288029834628,0.0007555288029834628,2.136457260348834e-05,0.00024063867749646306,3.0124439945211634e-05,10.0,1.0,10.0
875.0,0.0007548101712018251,0.0007548101712018251,2.134304122591857e-05,0.0002405055711278692,3.008741987287067e-05,10.0,1.0,10.0
876.0,0.0007540923543274403,0.0007540923543274403,2.1321671738405712e-05,0.0002403727703494951,3.0050287023186684e-05,10.0,1.0,10.0
877.0,0.0007533753523603082,0.0007533753523603082,2.1300471416907385e-05,0.00024023970763664693,3.001309414685238e-05,10.0,1.0,10.0
878.0,0.000752660445868969,0.000752660445868969,2.127931293216534e-05,0.0002401055535301566,2.997617775690742e-05,10.0,1.0,10.0
879.0,0.0007519451319240034,0.0007519451319240034,2.1257990738376975e-05,0.0002399705263087526,2.9939470550743863e-05,10.0,1.0,10.0
880.0,0.0007512286538258195,0.0007512286538258195,2.123658123309724e-05,0.00023983501887414604,2.9902781534474343e-05,10.0,1.0,10.0
881.0,0.0007505138637498021,0.0007505138637498021,2.1215275410213508e-05,0.00023969888570718467,2.986622348544188e-05,10.0,1.0,10.0
882.0,0.0007497996557503939,0.0007497996557503939,2.119393684552051e-05,0.00023956297081895173,2.982973092002794e-05,10.0,1.0,10.0
883.0,0.0007490861462429166,0.0007490861462429166,2.1172712877159938e-05,0.00023942673578858376,2.979322562168818e-05,10.0,1.0,10.0
884.0,0.0007483736262656748,0.0007483736262656748,2.1151468899915926e-05,0.0002392908209003508,2.975680945382919e-05,10.0,1.0,10.0
885.0,0.0007476609898731112,0.0007476609898731112,2.1130170352989808e-05,0.000239154149312526,2.972051515826024e-05,10.0,1.0,10.0
886.0,0.0007469492265954614,0.0007469492265954614,2.1109093722770922e-05,0.0002390169247519225,2.968413900816813e-05,10.0,1.0,10.0
887.0,0.0007462389767169952,0.0007462389767169952,2.1087904315209016e-05,0.00023887846327852458,2.9648148483829573e-05,10.0,1.0,10.0
888.0,0.0007455279119312763,0.0007455279119312763,2.1066762201371603e-05,0.0002387401182204485,2.961202153528575e-05,10.0,1.0,10.0
889.0,0.0007448169053532183,0.0007448169053532183,2.104553823301103e-05,0.00023860122018959373,2.9576027372968383e-05,10.0,1.0,10.0
890.0,0.0007441071793437004,0.0007441071793437004,2.102443431795109e-05,0.00023846220574341714,2.954006049549207e-05,10.0,1.0,10.0
891.0,0.0007433987339027226,0.0007433987339027226,2.1003404981456697e-05,0.0002383232640568167,2.950414091174025e-05,10.0,1.0,10.0
892.0,0.0007426884840242565,0.0007426884840242565,2.098212280543521e-05,0.00023818403133191168,2.9468321372405626e-05,10.0,1.0,10.0
893.0,0.0007419813191518188,0.0007419813191518188,2.0960902475053445e-05,0.00023804418742656708,2.9432807423290797e-05,10.0,1.0,10.0
894.0,0.000741273513995111,0.000741273513995111,2.0939602109137923e-05,0.00023790367413312197,2.9397380785667337e-05,10.0,1.0,10.0
895.0,0.0007405673386529088,0.0007405673386529088,2.0918367226840928e-05,0.00023776259331498295,2.9362106943153776e-05,10.0,1.0,10.0
896.0,0.0007398591842502356,0.0007398591842502356,2.089714143949095e-05,0.00023762087221257389,2.9326693038456142e-05,10.0,1.0,10.0
897.0,0.0007391542894765735,0.0007391542894765735,2.087615939672105e-05,0.0002374792966293171,2.9291344617377035e-05,10.0,1.0,10.0
898.0,0.0007384490454569459,0.0007384490454569459,2.0855277398368344e-05,0.00023733783746138215,2.9255839763209224e-05,10.0,1.0,10.0
899.0,0.0007377448491752148,0.0007377448491752148,2.0834408132941462e-05,0.00023719578166492283,2.9220500437077135e-05,10.0,1.0,10.0
900.0,0.0007370401872321963,0.0007370401872321963,2.081328239000868e-05,0.00023705328931100667,2.9185406674514525e-05,10.0,1.0,10.0
901.0,0.0007363354088738561,0.0007363354088738561,2.0792107534362003e-05,0.00023691050591878593,2.915038203354925e-05,10.0,1.0,10.0
902.0,0.0007356314454227686,0.0007356314454227686,2.0770732589880936e-05,0.00023676702403463423,2.9115706638549455e-05,10.0,1.0,10.0
903.0,0.0007349284132942557,0.0007349284132942557,2.07496814255137e-05,0.00023662355670239776,2.9080802050884813e-05,10.0,1.0,10.0
904.0,0.0007342254393734038,0.0007342254393734038,2.0728748495457694e-05,0.00023647953639738262,2.9045841074548662e-05,10.0,1.0,10.0
905.0,0.0007335229311138391,0.0007335229311138391,2.0707841031253338e-05,0.00023633503587916493,2.9010949219809845e-05,10.0,1.0,10.0
906.0,0.0007328215287998319,0.0007328215287998319,2.0686935386038385e-05,0.0002361906081205234,2.897615559049882e-05,10.0,1.0,10.0
907.0,0.0007321214652620256,0.0007321214652620256,2.06660643016221e-05,0.000236045743804425,2.894150748034008e-05,10.0,1.0,10.0
908.0,0.0007314197719097137,0.0007314197719097137,2.06449294637423e-05,0.00023590042837895453,2.8907006708323024e-05,10.0,1.0,10.0
909.0,0.0007307194173336029,0.0007307194173336029,2.0623761884053238e-05,0.00023575476370751858,2.887270602514036e-05,10.0,1.0,10.0
910.0,0.0007300192955881357,0.0007300192955881357,2.060273618553765e-05,0.00023560911358799785,2.8838283469667658e-05,10.0,1.0,10.0
911.0,0.0007293198141269386,0.0007293198141269386,2.0581752323778346e-05,0.00023546282318420708,2.8803948225686327e-05,10.0,1.0,10.0
912.0,0.0007286210311576724,0.0007286210311576724,2.0560784832923673e-05,0.00023531567421741784,2.876975486287847e-05,10.0,1.0,10.0
913.0,0.0007279220735654235,0.0007279220735654235,2.0539877368719317e-05,0.0002351683797314763,2.873549055948388e-05,10.0,1.0,10.0
914.0,0.000727224862203002,0.000727224862203002,2.0519073586910963e-05,0.00023502153635490686,2.8701257178909145e-05,10.0,1.0,10.0
915.0,0.0007265264866873622,0.0007265264866873622,2.04982134164311e-05,0.00023487460566684604,2.8666972866631113e-05,10.0,1.0,10.0
916.0,0.0007258288096636534,0.0007258288096636534,2.0477158614085056e-05,0.00023472681641578674,2.8633043257286772e-05,10.0,1.0,10.0
917.0,0.0007251322385855019,0.0007251322385855019,2.0456283891689964e-05,0.000234578998060897,2.8599042707355693e-05,10.0,1.0,10.0
918.0,0.0007244356675073504,0.0007244356675073504,2.043526001216378e-05,0.00023443040845450014,2.8565264074131846e-05,10.0,1.0,10.0
919.0,0.0007237390382215381,0.0007237390382215381,2.0414223399711773e-05,0.00023428145505022258,2.8531532734632492e-05,10.0,1.0,10.0
920.0,0.0007230439805425704,0.0007230439805425704,2.0393355953274295e-05,0.00023413232702296227,2.8497808671090752e-05,10.0,1.0,10.0
921.0,0.0007223492721095681,0.0007223492721095681,2.0372463040985167e-05,0.00023398268967866898,2.846419738489203e-05,10.0,1.0,10.0
922.0,0.0007216534577310085,0.0007216534577310085,2.03516010515159e-05,0.00023383292136713862,2.8430449674488045e-05,10.0,1.0,10.0
923.0,0.00072095962241292,0.00072095962241292,2.03310301003512e-05,0.000233683327678591,2.839659464370925e-05,10.0,1.0,10.0
924.0,0.0007202657870948315,0.0007202657870948315,2.031015719694551e-05,0.00023353303549811244,2.8363114324747585e-05,10.0,1.0,10.0
925.0,0.0007195717189460993,0.0007195717189460993,2.0289353415137157e-05,0.00023338269966188818,2.8329550332273357e-05,10.0,1.0,10.0
926.0,0.0007188789313659072,0.0007188789313659072,2.0268274965928867e-05,0.00023323160712607205,2.8296461096033454e-05,10.0,1.0,10.0
927.0,0.0007181861437857151,0.0007181861437857151,2.0247374777682126e-05,0.00023308070376515388,2.8263169951969758e-05,10.0,1.0,10.0
928.0,0.0007174927741289139,0.0007174927741289139,2.022649823629763e-05,0.00023292955302167684,2.8229827876202762e-05,10.0,1.0,10.0
929.0,0.0007168013835325837,0.0007168013835325837,2.020565079874359e-05,0.00023277783475350589,2.8196707717143e-05,10.0,1.0,10.0
930.0,0.0007161099929362535,0.0007161099929362535,2.0185019820928574e-05,0.0002326259418623522,2.8163385650259443e-05,10.0,1.0,10.0
931.0,0.0007154187187552452,0.0007154187187552452,2.0164279703749344e-05,0.00023247340868692845,2.8130249120295048e-05,10.0,1.0,10.0
932.0,0.0007147269789129496,0.0007147269789129496,2.0143468645983376e-05,0.0002323204535059631,2.809718353091739e-05,10.0,1.0,10.0
933.0,0.0007140384404920042,0.0007140384404920042,2.012266486417502e-05,0.00023216777481138706,2.8064401703886688e-05,10.0,1.0,10.0
934.0,0.0007133473409339786,0.0007133473409339786,2.010183197853621e-05,0.00023201516887638718,2.803138158924412e-05,10.0,1.0,10.0
935.0,0.0007126579293981194,0.0007126579293981194,2.0081095499335788e-05,0.00023186198086477816,2.7998497898806818e-05,10.0,1.0,10.0
936.0,0.0007119692163541913,0.0007119692163541913,2.006020258704666e-05,0.00023170844360720366,2.7965876142843626e-05,10.0,1.0,10.0
937.0,0.0007112801540642977,0.0007112801540642977,2.0039582523168065e-05,0.00023155490634962916,2.7932941520703025e-05,10.0,1.0,10.0
938.0,0.0007105907425284386,0.0007105907425284386,2.001894790737424e-05,0.000231400816119276,2.79000450973399e-05,10.0,1.0,10.0
939.0,0.000709903659299016,0.000709903659299016,1.9998460629722103e-05,0.00023124659492168576,2.7867243261425756e-05,10.0,1.0,10.0
940.0,0.0007092162850312889,0.0007092162850312889,1.997761137317866e-05,0.00023109157336875796,2.783485979307443e-05,10.0,1.0,10.0
941.0,0.0007085286779329181,0.0007085286779329181,1.9956843971158378e-05,0.00023093642084859312,2.780238355626352e-05,10.0,1.0,10.0
942.0,0.000707841943949461,0.000707841943949461,1.9935841919505037e-05,0.00023078096273820847,2.7770258384407498e-05,10.0,1.0,10.0
943.0,0.0007071547443047166,0.0007071547443047166,1.9915109078283422e-05,0.0002306259557371959,2.7737773052649572e-05,10.0,1.0,10.0
944.0,0.0007064685923978686,0.0007064685923978686,1.9894565411959775e-05,0.0002304713852936402,2.770515129668638e-05,10.0,1.0,10.0
945.0,0.0007057822658680379,0.0007057822658680379,1.987400173675269e-05,0.00023031598539091647,2.767262776615098e-05,10.0,1.0,10.0
946.0,0.0007050978019833565,0.0007050978019833565,1.9853481717291288e-05,0.0002301596396137029,2.764033524726983e-05,10.0,1.0,10.0
947.0,0.000704412697814405,0.000704412697814405,1.9832928956020623e-05,0.00023000329383648932,2.7608011805568822e-05,10.0,1.0,10.0
948.0,0.000703727244399488,0.000703727244399488,1.98121415451169e-05,0.00022984622046351433,2.757596485025715e-05,10.0,1.0,10.0
949.0,0.0007030427223071456,0.0007030427223071456,1.9791248632827774e-05,0.00022968920529820025,2.7544105250854045e-05,10.0,1.0,10.0
950.0,0.0007023597718216479,0.0007023597718216479,1.977055762836244e-05,0.0002295321028213948,2.751220927166287e-05,10.0,1.0,10.0
951.0,0.0007016758318059146,0.0007016758318059146,1.9749775674426928e-05,0.00022937508765608072,2.7480300559545867e-05,10.0,1.0,10.0
952.0,0.0007009922410361469,0.0007009922410361469,1.972917561943177e-05,0.00022921765048522502,2.744828088907525e-05,10.0,1.0,10.0
953.0,0.00070030870847404,0.00070030870847404,1.9708826584974304e-05,0.00022906048980075866,2.741599382716231e-05,10.0,1.0,10.0
954.0,0.0006996267475187778,0.0006996267475187778,1.9688488464453258e-05,0.00022890290711075068,2.738389594014734e-05,10.0,1.0,10.0
955.0,0.0006989436806179583,0.0006989436806179583,1.966787203855347e-05,0.00022874464048072696,2.7352030883776024e-05,10.0,1.0,10.0
956.0,0.0006982622435316443,0.0006982622435316443,1.9647242879727855e-05,0.0002285859955009073,2.7320378649164923e-05,10.0,1.0,10.0
957.0,0.0006975798751227558,0.0006975798751227558,1.9626437278930098e-05,0.00022842700127512217,2.7288850105833262e-05,10.0,1.0,10.0
958.0,0.0006968992529436946,0.0006968992529436946,1.9605740817496553e-05,0.00022826806525699794,2.725738158915192e-05,10.0,1.0,10.0
959.0,0.0006962188053876162,0.0006962188053876162,1.958537359314505e-05,0.0002281096385559067,2.722554563661106e-05,10.0,1.0,10.0
960.0,0.0006955378921702504,0.0006955378921702504,1.9564880858524702e-05,0.00022795097902417183,2.719380790949799e-05,10.0,1.0,10.0
961.0,0.0006948588998056948,0.0006948588998056948,1.954444633156527e-05,0.00022779150458518416,2.716229391808156e-05,10.0,1.0,10.0
962.0,0.000694178743287921,0.000694178743287921,1.9523806258803234e-05,0.00022763173910789192,2.713089452299755e-05,10.0,1.0,10.0
963.0,0.0006934989360161126,0.0006934989360161126,1.9503271687426604e-05,0.00022747176990378648,2.7099444196210243e-05,10.0,1.0,10.0
964.0,0.0006928206421434879,0.0006928206421434879,1.948274439200759e-05,0.00022731130593456328,2.706819213926792e-05,10.0,1.0,10.0
965.0,0.0006921407766640186,0.0006921407766640186,1.9462197087705135e-05,0.00022715138038620353,2.7036741812480614e-05,10.0,1.0,10.0
966.0,0.0006914633559063077,0.0006914633559063077,1.944184987223707e-05,0.0002269914111820981,2.7005342417396605e-05,10.0,1.0,10.0
967.0,0.0006907852366566658,0.0006907852366566658,1.9421333490754478e-05,0.00022683091810904443,2.69740994554013e-05,10.0,1.0,10.0
968.0,0.0006901066517457366,0.0006901066517457366,1.9400720702833496e-05,0.00022667011944577098,2.694292925298214e-05,10.0,1.0,10.0
969.0,0.0006894305115565658,0.0006894305115565658,1.9380318917683326e-05,0.0002265089424327016,2.6911833629128523e-05,10.0,1.0,10.0
970.0,0.0006887530907988548,0.0006887530907988548,1.935989348567091e-05,0.0002263474598294124,2.6880670702666976e-05,10.0,1.0,10.0
971.0,0.000688076950609684,0.000688076950609684,1.933958446898032e-05,0.00022618625371251255,2.6849485948332585e-05,10.0,1.0,10.0
972.0,0.0006873984821140766,0.0006873984821140766,1.9319128114148043e-05,0.00022602481476496905,2.6818235710379668e-05,10.0,1.0,10.0
973.0,0.0006867234478704631,0.0006867234478704631,1.9298777260701172e-05,0.0002258633467135951,2.6787232854985632e-05,10.0,1.0,10.0
974.0,0.000686047482304275,0.000686047482304275,1.9278324543847702e-05,0.0002257013984490186,2.67562827502843e-05,10.0,1.0,10.0
975.0,0.0006853729137219489,0.0006853729137219489,1.9257862732047215e-05,0.00022553915914613754,2.6725512725533918e-05,10.0,1.0,10.0
976.0,0.0006846975302323699,0.0006846975302323699,1.9237317246734165e-05,0.00022537684708368033,2.6694746338762343e-05,10.0,1.0,10.0
977.0,0.0006840226706117392,0.0006840226706117392,1.9216760847484693e-05,0.00022521434584632516,2.666407272045035e-05,10.0,1.0,10.0
978.0,0.0006833488587290049,0.0006833488587290049,1.9196555513190106e-05,0.00022505191736854613,2.663313534867484e-05,10.0,1.0,10.0
979.0,0.0006826738826930523,0.0006826738826930523,1.917620829772204e-05,0.00022488925606012344,2.6602256184560247e-05,10.0,1.0,10.0
980.0,0.0006820012349635363,0.0006820012349635363,1.915590291901026e-05,0.00022472639102488756,2.657158074725885e-05,10.0,1.0,10.0
981.0,0.0006813275977037847,0.0006813275977037847,1.913561936817132e-05,0.0002245632786070928,2.654081254149787e-05,10.0,1.0,10.0
982.0,0.0006806546007283032,0.0006806546007283032,1.9115293980576098e-05,0.00022440013708546758,2.6510153475101106e-05,10.0,1.0,10.0
983.0,0.0006799815455451608,0.0006799815455451608,1.909497041197028e-05,0.00022423673362936825,2.647950896061957e-05,10.0,1.0,10.0
984.0,0.0006793095963075757,0.0006793095963075757,1.9074608644586988e-05,0.00022407279175240546,2.6449071810930036e-05,10.0,1.0,10.0
985.0,0.0006786368321627378,0.0006786368321627378,1.9054159565712325e-05,0.00022390915546566248,2.6418609195388854e-05,10.0,1.0,10.0
986.0,0.0006779659888707101,0.0006779659888707101,1.9033799617318437e-05,0.00022374524269253016,2.638827390910592e-05,10.0,1.0,10.0
987.0,0.0006772949709556997,0.0006772949709556997,1.901361065392848e-05,0.00022358134447131306,2.6357749447925016e-05,10.0,1.0,10.0
988.0,0.0006766231963410974,0.0006766231963410974,1.899332710308954e-05,0.00022341738804243505,2.6327255909563974e-05,10.0,1.0,10.0
989.0,0.0006759522948414087,0.0006759522948414087,1.8973008991451934e-05,0.00022325270401779562,2.6296955184079707e-05,10.0,1.0,10.0
990.0,0.0006752825574949384,0.0006752825574949384,1.895277455332689e-05,0.00022308775805868208,2.6266709028277546e-05,10.0,1.0,10.0
991.0,0.000674612179864198,0.000674612179864198,1.893247099360451e-05,0.00022292313224170357,2.623643376864493e-05,10.0,1.0,10.0
992.0,0.0006739425007253885,0.0006739425007253885,1.8912271116278134e-05,0.00022275846276897937,2.6206134862150066e-05,10.0,1.0,10.0
993.0,0.0006732726469635963,0.0006732726469635963,1.889200575533323e-05,0.00022259412799030542,2.6175846869591624e-05,10.0,1.0,10.0
994.0,0.0006726040155626833,0.0006726040155626833,1.8871780412155204e-05,0.00022242932755034417,2.6145688025280833e-05,10.0,1.0,10.0
995.0,0.000671934976708144,0.000671934976708144,1.885143865365535e-05,0.00022226394503377378,2.6115663786185905e-05,10.0,1.0,10.0
996.0,0.0006712666945531964,0.0006712666945531964,1.883110417111311e-05,0.00022209796588867903,2.6085766876349226e-05,10.0,1.0,10.0
997.0,0.0006705991690978408,0.0006705991690978408,1.881103526102379e-05,0.00022193211771082133,2.605567169666756e-05,10.0,1.0,10.0
998.0,0.0006699321675114334,0.0006699321675114334,1.8791020920616575e-05,0.00022176660422701389,2.6025536499219015e-05,10.0,1.0,10.0
999.0,0.0006692637107335031,0.0006692637107335031,1.877091381174978e-05,0.0002216011198470369,2.599534491309896e-05,10.0,1.0,10.0
1000.0,0.000668596476316452,0.000668596476316452,1.875054840638768e-05,0.00022143554815556854,2.5965548047679476e-05,10.0,1.0,10.0
1001.0,0.0006679309299215674,0.0006679309299215674,1.8730353986029513e-05,0.00022126968542579561,2.5935774829122238e-05,10.0,1.0,10.0
1002.0,0.0006672630552202463,0.0006672630552202463,1.8710084987105802e-05,0.00022110328427515924,2.5905890652211383e-05,10.0,1.0,10.0
1003.0,0.0006665975088253617,0.0006665975088253617,1.8690043361857533e-05,0.0002209368540206924,2.5876024665194564e-05,10.0,1.0,10.0
1004.0,0.000665930740069598,0.000665930740069598,1.8669787095859647e-05,0.00022077014727983624,2.584627509349957e-05,10.0,1.0,10.0
1005.0,0.0006652665324509144,0.0006652665324509144,1.8649723642738536e-05,0.00022060339688323438,2.5816589186433703e-05,10.0,1.0,10.0
1006.0,0.0006646015681326389,0.0006646015681326389,1.8629654732649215e-05,0.00022043717035558075,2.5786786864046007e-05,10.0,1.0,10.0
1007.0,0.0006639366038143635,0.0006639366038143635,1.8609509425004944e-05,0.00022027049271855503,2.5757097319001332e-05,10.0,1.0,10.0
1008.0,0.0006632719887420535,0.0006632719887420535,1.8589425963000394e-05,0.00022010368411429226,2.5727400497999042e-05,10.0,1.0,10.0
1009.0,0.0006626079557463527,0.0006626079557463527,1.856930975918658e-05,0.0002199368755100295,2.5697798264445737e-05,10.0,1.0,10.0
1010.0,0.0006619440391659737,0.0006619440391659737,1.8549131709733047e-05,0.0002197694848291576,2.5668321541161276e-05,10.0,1.0,10.0
1011.0,0.0006612807046622038,0.0006612807046622038,1.852923378464766e-05,0.0002196023560827598,2.5638597435317934e-05,10.0,1.0,10.0
1012.0,0.0006606172537431121,0.0006606172537431121,1.8509210349293426e-05,0.00021943473257124424,2.5609044314478524e-05,10.0,1.0,10.0
1013.0,0.0006599550833925605,0.0006599550833925605,1.8489065041649155e-05,0.00021926697809249163,2.557974585215561e-05,10.0,1.0,10.0
1014.0,0.0006592923309653997,0.0006592923309653997,1.8469003407517448e-05,0.00021909917995799333,2.555031460360624e-05,10.0,1.0,10.0
1015.0,0.000658630218822509,0.000658630218822509,1.8448965420247987e-05,0.00021893190569244325,2.5520866984152235e-05,10.0,1.0,10.0
1016.0,0.0006579686305485666,0.0006579686305485666,1.8428894691169262e-05,0.000218764238525182,2.5491544874967076e-05,10.0,1.0,10.0
1017.0,0.0006573069840669632,0.0006573069840669632,1.840896948124282e-05,0.0002185966441174969,2.5462066332693212e-05,10.0,1.0,10.0
1018.0,0.0006566450465470552,0.0006566450465470552,1.8388949683867395e-05,0.00021842871501576155,2.543268601584714e-05,10.0,1.0,10.0
1019.0,0.0006559843895956874,0.0006559843895956874,1.8369000827078708e-05,0.0002182606840506196,2.5403371182619594e-05,10.0,1.0,10.0
1020.0,0.0006553238490596414,0.0006553238490596414,1.834895374486223e-05,0.00021809189638588578,2.537424188631121e-05,10.0,1.0,10.0
1021.0,0.0006546629592776299,0.0006546629592776299,1.8328966689296067e-05,0.00021792331244796515,2.5344994355691597e-05,10.0,1.0,10.0
1022.0,0.0006540042813867331,0.0006540042813867331,1.8309092411072925e-05,0.00021775484492536634,2.5315854145446792e-05,10.0,1.0,10.0
1023.0,0.0006533445557579398,0.0006533445557579398,1.8289025319973007e-05,0.0002175863046431914,2.528679760871455e-05,10.0,1.0,10.0
1024.0,0.0006526851793751121,0.0006526851793751121,1.8269085558131337e-05,0.00021741823002230376,2.5257611923734657e-05,10.0,1.0,10.0
1025.0,0.0006520263850688934,0.0006520263850688934,1.8249211279908195e-05,0.00021724970429204404,2.5228453523595817e-05,10.0,1.0,10.0
1026.0,0.0006513678818009794,0.0006513678818009794,1.8229316992801614e-05,0.00021708101849071681,2.5199369702022523e-05,10.0,1.0,10.0
1027.0,0.0006507097859866917,0.0006507097859866917,1.8209388144896366e-05,0.00021691199799533933,2.517038956284523e-05,10.0,1.0,10.0
1028.0,0.0006500519812107086,0.0006500519812107086,1.81895538844401e-05,0.00021674275922123343,2.514136394893285e-05,10.0,1.0,10.0
1029.0,0.0006493933033198118,0.0006493933033198118,1.8169574104831554e-05,0.00021657365141436458,2.5112394723691978e-05,10.0,1.0,10.0
1030.0,0.0006487366044893861,0.0006487366044893861,1.8149710740544833e-05,0.00021640464547090232,2.5083481887122616e-05,10.0,1.0,10.0
1031.0,0.000648079439997673,0.000648079439997673,1.8129914678866044e-05,0.00021623574139084667,2.5054456273210235e-05,10.0,1.0,10.0
1032.0,0.0006474237889051437,0.0006474237889051437,1.8110127712134272e-05,0.0002160667208954692,2.502558345440775e-05,10.0,1.0,10.0
1033.0,0.0006467663333751261,0.0006467663333751261,1.8090218873112462e-05,0.00021589732205029577,2.499668153177481e-05,10.0,1.0,10.0
1034.0,0.0006461113225668669,0.0006461113225668669,1.8070311853080057e-05,0.00021572734112851322,2.496808156138286e-05,10.0,1.0,10.0
1035.0,0.0006454557878896594,0.0006454557878896594,1.8050448488793336e-05,0.00021555763669312,2.4939363356679678e-05,10.0,1.0,10.0
1036.0,0.0006448002532124519,0.0006448002532124519,1.803053601179272e-05,0.00021538749570026994,2.4910743377404287e-05,10.0,1.0,10.0
1037.0,0.0006441451841965318,0.0006441451841965318,1.8010718122241087e-05,0.000215217936784029,2.4882003344828263e-05,10.0,1.0,10.0
1038.0,0.0006434900569729507,0.0006434900569729507,1.799102028599009e-05,0.00021504875621758401,2.4853112336131744e-05,10.0,1.0,10.0
1039.0,0.0006428364431485534,0.0006428364431485534,1.7971371562452987e-05,0.00021487950289156288,2.4824325009831227e-05,10.0,1.0,10.0
1040.0,0.0006421807920560241,0.0006421807920560241,1.7951519112102687e-05,0.0002147098712157458,2.4795570425339974e-05,10.0,1.0,10.0
1041.0,0.0006415282841771841,0.0006415282841771841,1.7931752154254355e-05,0.0002145392500096932,2.476714871590957e-05,10.0,1.0,10.0
1042.0,0.0006408743793144822,0.0006408743793144822,1.791183058230672e-05,0.00021436854149214923,2.473875429132022e-05,10.0,1.0,10.0
1043.0,0.0006402219878509641,0.0006402219878509641,1.7892194591695443e-05,0.00021419822587631643,2.4710183424758725e-05,10.0,1.0,10.0
1044.0,0.0006395686068572104,0.0006395686068572104,1.787243854778353e-05,0.00021402823040261865,2.4681599825271405e-05,10.0,1.0,10.0
1045.0,0.0006389173213392496,0.0006389173213392496,1.7852773453341797e-05,0.00021385843865573406,2.4653112632222474e-05,10.0,1.0,10.0
1046.0,0.0006382656283676624,0.0006382656283676624,1.783311199687887e-05,0.00021368844318203628,2.46246036113007e-05,10.0,1.0,10.0
1047.0,0.0006376134697347879,0.0006376134697347879,1.781349055818282e-05,0.00021351806935854256,2.4596052753622644e-05,10.0,1.0,10.0
1048.0,0.0006369611364789307,0.0006369611364789307,1.77936781255994e-05,0.00021334757911972702,2.4567678337916732e-05,10.0,1.0,10.0
1049.0,0.0006363106076605618,0.0006363106076605618,1.777388752088882e-05,0.00021317650680430233,2.453952401992865e-05,10.0,1.0,10.0
1050.0,0.0006356603698804975,0.0006356603698804975,1.7754335203790106e-05,0.00021300572552718222,2.451112595736049e-05,10.0,1.0,10.0
1051.0,0.0006350097246468067,0.0006350097246468067,1.7734548237058334e-05,0.0002128349442500621,2.4482927983626723e-05,10.0,1.0,10.0
1052.0,0.0006343594868667424,0.0006343594868667424,1.771495044522453e-05,0.00021266454132273793,2.4454546291963197e-05,10.0,1.0,10.0
1053.0,0.0006337104714475572,0.0006337104714475572,1.7695465430733748e-05,0.00021249419660307467,2.442616460029967e-05,10.0,1.0,10.0
1054.0,0.0006330598844215274,0.0006330598844215274,1.7675789422355592e-05,0.00021232376457192004,2.4397824745392427e-05,10.0,1.0,10.0
1055.0,0.0006324114510789514,0.0006324114510789514,1.7656344425631687e-05,0.00021215289598330855,2.4369512175326236e-05,10.0,1.0,10.0
1056.0,0.0006317637162283063,0.0006317637162283063,1.763662658049725e-05,0.00021198161994107068,2.4341583412024193e-05,10.0,1.0,10.0
1057.0,0.0006311142351478338,0.0006311142351478338,1.7616797777009197e-05,0.00021181011106818914,2.431361463095527e-05,10.0,1.0,10.0
1058.0,0.0006304660928435624,0.0006304660928435624,1.7597185433260165e-05,0.00021163906785659492,2.4285518520628102e-05,10.0,1.0,10.0
1059.0,0.0006298181833699346,0.0006298181833699346,1.7577707694726996e-05,0.00021146846120245755,2.425726233923342e-05,10.0,1.0,10.0
1060.0,0.000629171438049525,0.000629171438049525,1.755832818162162e-05,0.00021129794185981154,2.4229018890764564e-05,10.0,1.0,10.0
1061.0,0.0006285234121605754,0.0006285234121605754,1.753877950250171e-05,0.0002111266803694889,2.4200893676606938e-05,10.0,1.0,10.0
1062.0,0.0006278763758018613,0.0006278763758018613,1.7519118046038784e-05,0.00021095541887916625,2.4172975827241316e-05,10.0,1.0,10.0
1063.0,0.0006272315513342619,0.0006272315513342619,1.7499682144261897e-05,0.00021078402642160654,2.414507071080152e-05,10.0,1.0,10.0
1064.0,0.0006265852134674788,0.0006265852134674788,1.7480058886576444e-05,0.00021061263396404684,2.4117198336170986e-05,10.0,1.0,10.0
1065.0,0.0006259380024857819,0.0006259380024857819,1.7460513845435344e-05,0.00021044115419499576,2.4089169528451748e-05,10.0,1.0,10.0
1066.0,0.0006252938183024526,0.0006252938183024526,1.7441045201849192e-05,0.00021026967442594469,2.4061373551376164e-05,10.0,1.0,10.0
1067.0,0.0006246483535505831,0.0006246483535505831,1.7421654774807394e-05,0.00021009845659136772,2.4033333829720505e-05,10.0,1.0,10.0
1068.0,0.0006240037037059665,0.0006240037037059665,1.7402278899680823e-05,0.0002099272096529603,2.400536868663039e-05,10.0,1.0,10.0
1069.0,0.000623359577730298,0.000623359577730298,1.7382792066200636e-05,0.00020975555526092649,2.397761090833228e-05,10.0,1.0,10.0
1070.0,0.0006227153353393078,0.0006227153353393078,1.7363374354317784e-05,0.00020958400273229927,2.3949756723595783e-05,10.0,1.0,10.0
1071.0,0.0006220716168172657,0.0006220716168172657,1.7343774743494578e-05,0.0002094122755806893,2.392216083535459e-05,10.0,1.0,10.0
1072.0,0.0006214281311258674,0.0006214281311258674,1.7324244254268706e-05,0.00020924073760397732,2.3894494006526656e-05,10.0,1.0,10.0
1073.0,0.0006207851693034172,0.0006207851693034172,1.7304761058767326e-05,0.00020906925783492625,2.386683081567753e-05,10.0,1.0,10.0
1074.0,0.0006201417418196797,0.0006201417418196797,1.7285425201407634e-05,0.00020889785082545131,2.3838967535994016e-05,10.0,1.0,10.0
1075.0,0.0006194995949044824,0.0006194995949044824,1.726616028463468e-05,0.00020872605091426522,2.381119702477008e-05,10.0,1.0,10.0
1076.0,0.000618858146481216,0.000618858146481216,1.724700086924713e-05,0.00020855412003584206,2.37834028666839e-05,10.0,1.0,10.0
1077.0,0.0006182161159813404,0.0006182161159813404,1.722761953715235e-05,0.00020838224736507982,2.3755765141686425e-05,10.0,1.0,10.0
1078.0,0.000617573969066143,0.000617573969066143,1.7208170902449638e-05,0.0002082103310385719,2.3728191081318073e-05,10.0,1.0,10.0
1079.0,0.0006169334519654512,0.0006169334519654512,1.718878047540784e-05,0.0002080387930618599,2.3700684323557653e-05,10.0,1.0,10.0
1080.0,0.0006162920617498457,0.0006162920617498457,1.716917904559523e-05,0.0002078668912872672,2.3673339455854148e-05,10.0,1.0,10.0
1081.0,0.0006156523013487458,0.0006156523013487458,1.7149985069409013e-05,0.00020769506227225065,2.3645739929634146e-05,10.0,1.0,10.0
1082.0,0.0006150119006633759,0.0006150119006633759,1.713075653242413e-05,0.00020752336422447115,2.3618094928679056e-05,10.0,1.0,10.0
1083.0,0.0006143723148852587,0.0006143723148852587,1.7111526176449843e-05,0.00020735134603455663,2.3590568162035197e-05,10.0,1.0,10.0
1084.0,0.0006137335440143943,0.0006137335440143943,1.7092301277443767e-05,0.00020717910956591368,2.3563141439808533e-05,10.0,1.0,10.0
1085.0,0.0006130941910669208,0.0006130941910669208,1.707296905806288e-05,0.00020700687309727073,2.3535758373327553e-05,10.0,1.0,10.0
1086.0,0.0006124548963271081,0.0006124548963271081,1.7053625924745575e-05,0.00020683504408225417,2.3508360754931346e-05,10.0,1.0,10.0
1087.0,0.0006118171731941402,0.0006118171731941402,1.7034421034622937e-05,0.00020666338969022036,2.348095949855633e-05,10.0,1.0,10.0
1088.0,0.0006111792754381895,0.0006111792754381895,1.701508699625265e-05,0.0002064915024675429,2.345368920941837e-05,10.0,1.0,10.0
1089.0,0.0006105417269282043,0.0006105417269282043,1.699588574410882e-05,0.0002063193533103913,2.3426349798683077e-05,10.0,1.0,10.0
1090.0,0.0006099037127569318,0.0006099037127569318,1.6976637198240496e-05,0.0002061470877379179,2.339902857784182e-05,10.0,1.0,10.0
1091.0,0.0006092663388699293,0.0006092663388699293,1.6957528714556247e-05,0.0002059746766462922,2.3371638235403225e-05,10.0,1.0,10.0
1092.0,0.0006086304201744497,0.0006086304201744497,1.693846206762828e-05,0.00020580268756020814,2.3344311557593755e-05,10.0,1.0,10.0
1093.0,0.00060799450147897,0.00060799450147897,1.691941542958375e-05,0.0002056305529549718,2.3316975784837268e-05,10.0,1.0,10.0
1094.0,0.0006073571275919676,0.0006073571275919676,1.6900086848181672e-05,0.00020545869483612478,2.328976188437082e-05,10.0,1.0,10.0
1095.0,0.000606722547672689,0.000606722547672689,1.688075644779019e-05,0.0002052862400887534,2.3262875401997007e-05,10.0,1.0,10.0
1096.0,0.0006060873856768012,0.0006060873856768012,1.686156065261457e-05,0.00020511412003543228,2.3235763364937156e-05,10.0,1.0,10.0
1097.0,0.0006054536206647754,0.0006054536206647754,1.684240487520583e-05,0.00020494205818977207,2.3208747734315693e-05,10.0,1.0,10.0
1098.0,0.0006048179347999394,0.0006048179347999394,1.682330184848979e-05,0.00020476969075389206,2.3181522919912823e-05,10.0,1.0,10.0
1099.0,0.0006041832966729999,0.0006041832966729999,1.6804240658530034e-05,0.00020459751249291003,2.3154334485298023e-05,10.0,1.0,10.0
1100.0,0.0006035491824150085,0.0006035491824150085,1.678516127867624e-05,0.00020442530512809753,2.3127227905206382e-05,10.0,1.0,10.0
1101.0,0.0006029156502336264,0.0006029156502336264,1.6766127373557538e-05,0.00020425330149009824,2.3100106773199514e-05,10.0,1.0,10.0
1102.0,0.0006022833986207843,0.0006022833986207843,1.674709710641764e-05,0.00020408097770996392,2.3073145712260157e-05,10.0,1.0,10.0
1103.0,0.0006016495171934366,0.0006016495171934366,1.672785947448574e-05,0.00020390850841067731,2.3046239221002907e-05,10.0,1.0,10.0
1104.0,0.0006010158103890717,0.0006010158103890717,1.6708820112398826e-05,0.0002037362864939496,2.3019132640911266e-05,10.0,1.0,10.0
1105.0,0.0006003850139677525,0.0006003850139677525,1.6689875337760895e-05,0.00020356403547339141,2.2992220692685805e-05,10.0,1.0,10.0
1106.0,0.0005997527623549104,0.0005997527623549104,1.667081414780114e-05,0.00020339153707027435,2.296531238243915e-05,10.0,1.0,10.0
1107.0,0.0005991208599880338,0.0005991208599880338,1.6651789337629452e-05,0.00020321915508247912,2.293838406330906e-05,10.0,1.0,10.0
1108.0,0.0005984905292280018,0.0005984905292280018,1.6632870028843172e-05,0.00020304715144447982,2.2911466658115387e-05,10.0,1.0,10.0
1109.0,0.0005978601984679699,0.0005978601984679699,1.661375972616952e-05,0.00020287504594307393,2.288475661771372e-05,10.0,1.0,10.0
1110.0,0.0005972293438389897,0.0005972293438389897,1.6594787666690536e-05,0.0002027027658186853,2.2857871954329312e-05,10.0,1.0,10.0
1111.0,0.0005965982563793659,0.0005965982563793659,1.657574830460362e-05,0.00020253047114238143,2.2831032765679993e-05,10.0,1.0,10.0
1112.0,0.0005959687987342477,0.0005959687987342477,1.655677260714583e-05,0.00020235775446053594,2.2804331820225343e-05,10.0,1.0,10.0
1113.0,0.0005953384097665548,0.0005953384097665548,1.6537829651497304e-05,0.00020218540157657117,2.2777476260671392e-05,10.0,1.0,10.0
1114.0,0.0005947102908976376,0.0005947102908976376,1.651903585297987e-05,0.00020201329607516527,2.275066071888432e-05,10.0,1.0,10.0
1115.0,0.0005940812989138067,0.0005940812989138067,1.6500267520314083e-05,0.00020184116146992892,2.2723746951669455e-05,10.0,1.0,10.0
1116.0,0.0005934532964602113,0.0005934532964602113,1.6481353668496013e-05,0.0002016689977608621,2.2697076929034665e-05,10.0,1.0,10.0
1117.0,0.000592824537307024,0.000592824537307024,1.646229429752566e-05,0.00020149661577306688,2.267050149384886e-05,10.0,1.0,10.0
1118.0,0.0005921968258917332,0.0005921968258917332,1.644334042794071e-05,0.00020132411736994982,2.2643931515631266e-05,10.0,1.0,10.0
1119.0,0.0005915697547607124,0.0005915697547607124,1.642439929128159e-05,0.00020115141524001956,2.261743793496862e-05,10.0,1.0,10.0
1120.0,0.000590942450799048,0.000590942450799048,1.6405643691541627e-05,0.00020097904780413955,2.2590696971747093e-05,10.0,1.0,10.0
1121.0,0.0005903164856135845,0.0005903164856135845,1.638688081584405e-05,0.00020080694230273366,2.2564068785868585e-05,10.0,1.0,10.0
1122.0,0.0005896898219361901,0.0005896898219361901,1.63682325364789e-05,0.00020063502597622573,2.25372477871133e-05,10.0,1.0,10.0
1123.0,0.000589063623920083,0.000589063623920083,1.6349311408703215e-05,0.00020046302233822644,2.251074511150364e-05,10.0,1.0,10.0
1124.0,0.0005884385900571942,0.0005884385900571942,1.6330457583535463e-05,0.00020029075676575303,2.2484327928395942e-05,10.0,1.0,10.0
1125.0,0.0005878123338334262,0.0005878123338334262,1.631139821256511e-05,0.00020011809829156846,2.2458023522631265e-05,10.0,1.0,10.0
1126.0,0.000587187591008842,0.000587187591008842,1.6292593500111252e-05,0.00019994561444036663,2.243160633952357e-05,10.0,1.0,10.0
1127.0,0.0005865630810149014,0.0005865630810149014,1.6273848814307712e-05,0.00019977321790065616,2.2405134586733766e-05,10.0,1.0,10.0
1128.0,0.0005859386874362826,0.0005859386874362826,1.6255215086857788e-05,0.00019960117060691118,2.237853732367512e-05,10.0,1.0,10.0
1129.0,0.0005853147013112903,0.0005853147013112903,1.6236703231697902e-05,0.00019942971994169056,2.235179090348538e-05,10.0,1.0,10.0
1130.0,0.0005846911226399243,0.0005846911226399243,1.6218038581428118e-05,0.0001992576871998608,2.232530459878035e-05,10.0,1.0,10.0
1131.0,0.0005840687663294375,0.0005840687663294375,1.6199204765143804e-05,0.00019908517424482852,2.229915298812557e-05,10.0,1.0,10.0
1132.0,0.0005834447802044451,0.0005834447802044451,1.618015994608868e-05,0.00019891229749191552,2.2273090507951565e-05,10.0,1.0,10.0
1133.0,0.000582822656724602,0.000582822656724602,1.6161342500708997e-05,0.00019873985729645938,2.2246938897296786e-05,10.0,1.0,10.0
1134.0,0.0005822008824907243,0.0005822008824907243,1.614283064554911e-05,0.00019856795552186668,2.2220461687538773e-05,10.0,1.0,10.0
1135.0,0.0005815791664645076,0.0005815791664645076,1.6124371541081928e-05,0.00019839602464344352,2.2193940822035074e-05,10.0,1.0,10.0
1136.0,0.0005809575086459517,0.0005809575086459517,1.6105785107356496e-05,0.0001982241665245965,2.2167549104779027e-05,10.0,1.0,10.0
1137.0,0.0005803367821499705,0.0005803367821499705,1.6087256881291978e-05,0.00019805217743851244,2.214120831922628e-05,10.0,1.0,10.0
1138.0,0.0005797155317850411,0.0005797155317850411,1.606837031431496e-05,0.00019787982455454767,2.2115198589744978e-05,10.0,1.0,10.0
1139.0,0.0005790962604805827,0.0005790962604805827,1.6049556506914087e-05,0.00019770750077441335,2.2089316189521924e-05,10.0,1.0,10.0
1140.0,0.0005784761160612106,0.0005784761160612106,1.603096279723104e-05,0.0001975355698959902,2.2063088181312196e-05,10.0,1.0,10.0
1141.0,0.0005778558552265167,0.0005778558552265167,1.6012359992600977e-05,0.0001973635226022452,2.2036874725017697e-05,10.0,1.0,10.0
1142.0,0.0005772371659986675,0.0005772371659986675,1.5993971828720532e-05,0.00019719148986041546,2.2010593966115266e-05,10.0,1.0,10.0
1143.0,0.0005766178946942091,0.0005766178946942091,1.5975514543242753e-05,0.0001970193989109248,2.198433139710687e-05,10.0,1.0,10.0
1144.0,0.0005759989144280553,0.0005759989144280553,1.5956869901856408e-05,0.00019684751168824732,2.1958272554911673e-05,10.0,1.0,10.0
1145.0,0.000575381563976407,0.000575381563976407,1.5938308933982626e-05,0.00019667558080982417,2.1932290110271424e-05,10.0,1.0,10.0
1146.0,0.0005747628165408969,0.0005747628165408969,1.5919580619083717e-05,0.00019650373724289238,2.1906327674514614e-05,10.0,1.0,10.0
1147.0,0.0005741455242969096,0.0005741455242969096,1.590101237525232e-05,0.00019633161718957126,2.188037797168363e-05,10.0,1.0,10.0
1148.0,0.0005735289887525141,0.0005735289887525141,1.5882658772170544e-05,0.00019615967175923288,2.185427183576394e-05,10.0,1.0,10.0
1149.0,0.0005729120457544923,0.0005729120457544923,1.586425605637487e-05,0.00019598774088080972,2.1828174794791266e-05,10.0,1.0,10.0
1150.0,0.0005722950445488095,0.0005722950445488095,1.584577330504544e-05,0.00019581591186579317,2.180213778046891e-05,10.0,1.0,10.0
1151.0,0.0005716791492886841,0.0005716791492886841,1.582730510563124e-05,0.0001956440828507766,2.177620081056375e-05,10.0,1.0,10.0
1152.0,0.0005710633704438806,0.0005710633704438806,1.580881144036539e-05,0.0001954724284587428,2.1750280211563222e-05,10.0,1.0,10.0
1153.0,0.0005704485811293125,0.0005704485811293125,1.5790388715686277e-05,0.0001953006867552176,2.1724405087297782e-05,10.0,1.0,10.0
1154.0,0.0005698331515304744,0.0005698331515304744,1.577195871504955e-05,0.00019512891594786197,2.1698464479413815e-05,10.0,1.0,10.0
1155.0,0.0005692182458005846,0.0005692182458005846,1.5753441402921453e-05,0.00019495691230986267,2.1672693037544377e-05,10.0,1.0,10.0
1156.0,0.0005686043296009302,0.0005686043296009302,1.5734991393401287e-05,0.00019478499598335475,2.1646939785568975e-05,10.0,1.0,10.0
1157.0,0.0005679897731170058,0.0005679897731170058,1.5716568668722175e-05,0.00019461329793557525,2.1621079213218763e-05,10.0,1.0,10.0
1158.0,0.0005673760897479951,0.0005673760897479951,1.5698198694735765e-05,0.00019444180361460894,2.1595229554804973e-05,10.0,1.0,10.0
1159.0,0.0005667627556249499,0.0005667627556249499,1.567991239426192e-05,0.0001942702947417274,2.1569330783677287e-05,10.0,1.0,10.0
1160.0,0.000566151225939393,0.000566151225939393,1.5661687939427793e-05,0.00019409862579777837,2.1543573893723078e-05,10.0,1.0,10.0
1161.0,0.0005655372515320778,0.0005655372515320778,1.5643225196981803e-05,0.00019392688409425318,2.151781336579006e-05,10.0,1.0,10.0
1162.0,0.0005649256054311991,0.0005649256054311991,1.5624842490069568e-05,0.00019375527335796505,2.1492187443072908e-05,10.0,1.0,10.0
1163.0,0.0005643139011226594,0.0005643139011226594,1.5606558008585125e-05,0.00019358376448508352,2.1466454199980944e-05,10.0,1.0,10.0
1164.0,0.000563702720683068,0.000563702720683068,1.5588260794174857e-05,0.00019341227016411722,2.1440784621518105e-05,10.0,1.0,10.0
1165.0,0.0005630913656204939,0.0005630913656204939,1.5570041796308942e-05,0.00019324076129123569,2.1415020455606282e-05,10.0,1.0,10.0
1166.0,0.0005624814075417817,0.0005624814075417817,1.5551739124930464e-05,0.00019306916510686278,2.13894836633699e-05,10.0,1.0,10.0
1167.0,0.0005618712748400867,0.0005618712748400867,1.5533476471318863e-05,0.0001928976853378117,2.1363881387514994e-05,10.0,1.0,10.0
1168.0,0.0005612607928924263,0.0005612607928924263,1.5515106497332454e-05,0.00019272611825726926,2.1338360966183245e-05,10.0,1.0,10.0
1169.0,0.0005606510094366968,0.0005606510094366968,1.5496854757657275e-05,0.00019255482766311616,2.1312762328307144e-05,10.0,1.0,10.0
1170.0,0.0005600422737188637,0.0005600422737188637,1.547867759654764e-05,0.00019238372624386102,2.1287174604367465e-05,10.0,1.0,10.0
1171.0,0.0005594335380010307,0.0005594335380010307,1.5460520444321446e-05,0.00019221277034375817,2.1261555957607925e-05,10.0,1.0,10.0
1172.0,0.0005588249186985195,0.0005588249186985195,1.5442385119968094e-05,0.00019204156706109643,2.1235951862763613e-05,10.0,1.0,10.0
1173.0,0.0005582166486419737,0.0005582166486419737,1.5424122466356494e-05,0.00019186998542863876,2.121054603776429e-05,10.0,1.0,10.0
1174.0,0.0005576087860390544,0.0005576087860390544,1.540595621918328e-05,0.00019169860752299428,2.1185063815210015e-05,10.0,1.0,10.0
1175.0,0.0005570010980591178,0.0005570010980591178,1.538772994535975e-05,0.00019152715685777366,2.1159659809200093e-05,10.0,1.0,10.0
1176.0,0.000556394224986434,0.000556394224986434,1.5369612810900435e-05,0.00019135605543851852,2.1134204871486872e-05,10.0,1.0,10.0
1177.0,0.000555787468329072,0.000555787468329072,1.5351539332186803e-05,0.0001911850122269243,2.110870809701737e-05,10.0,1.0,10.0
1178.0,0.0005551811773329973,0.0005551811773329973,1.5333462215494365e-05,0.00019101433281321079,2.108322223648429e-05,10.0,1.0,10.0
1179.0,0.00055457535199821,0.00055457535199821,1.5315343262045644e-05,0.00019084342056885362,2.105785097228363e-05,10.0,1.0,10.0
1180.0,0.000553969934117049,0.000553969934117049,1.5297182471840642e-05,0.00019067231914959848,2.1032577933510765e-05,10.0,1.0,10.0
1181.0,0.0005533650401048362,0.0005533650401048362,1.5278978025889955e-05,0.0001905010431073606,2.100742312904913e-05,10.0,1.0,10.0
1182.0,0.0005527606117539108,0.0005527606117539108,1.526090272818692e-05,0.00019032973796129227,2.098218465107493e-05,10.0,1.0,10.0
1183.0,0.0005521557759493589,0.0005521557759493589,1.524291747045936e-05,0.00019015886937268078,2.0956771550117992e-05,10.0,1.0,10.0
1184.0,0.0005515520460903645,0.0005515520460903645,1.5225058632495347e-05,0.00018998852465301752,2.0931296603521332e-05,10.0,1.0,10.0
1185.0,0.00055094831623137,0.00055094831623137,1.5207098840619437e-05,0.0001898180926218629,2.0905919882352464e-05,10.0,1.0,10.0
1186.0,0.0005503450520336628,0.0005503450520336628,1.51889198605204e-05,0.00018964728224091232,2.0880854208371602e-05,10.0,1.0,10.0
1187.0,0.000549741496797651,0.000549741496797651,1.5170843653322663e-05,0.0001894760935101658,2.085569576593116e-05,10.0,1.0,10.0
1188.0,0.0005491389892995358,0.0005491389892995358,1.5152802916418295e-05,0.00018930493388324976,2.0830597350141034e-05,10.0,1.0,10.0
1189.0,0.0005485371220856905,0.0005485371220856905,1.5134854038478807e-05,0.000189133919775486,2.080546983052045e-05,10.0,1.0,10.0
1190.0,0.0005479345563799143,0.0005479345563799143,1.5117017028387636e-05,0.00018896377878263593,2.0780058548552915e-05,10.0,1.0,10.0
1191.0,0.0005473332712426782,0.0005473332712426782,1.5099138181540184e-05,0.0001887935068225488,2.075483644148335e-05,10.0,1.0,10.0
1192.0,0.0005467319278977811,0.0005467319278977811,1.508111017756164e-05,0.00018862316210288554,2.0729768948513083e-05,10.0,1.0,10.0
1193.0,0.000546131341252476,0.000546131341252476,1.5063213140820153e-05,0.00018845286103896797,2.0704632333945483e-05,10.0,1.0,10.0
1194.0,0.0005455303471535444,0.0005455303471535444,1.5045135114633013e-05,0.0001882820506580174,2.067969398922287e-05,10.0,1.0,10.0
1195.0,0.0005449313903227448,0.0005449313903227448,1.502712802903261e-05,0.000188111123861745,2.0654897525673732e-05,10.0,1.0,10.0
1196.0,0.0005443322588689625,0.0005443322588689625,1.5009371054475196e-05,0.00018794075003825128,2.0629777282010764e-05,10.0,1.0,10.0
1197.0,0.0005437321960926056,0.0005437321960926056,1.4991654097684659e-05,0.0001877708127722144,2.0604482415365055e-05,10.0,1.0,10.0
1198.0,0.0005431336467154324,0.0005431336467154324,1.4973839824961033e-05,0.00018760078819468617,2.057944584521465e-05,10.0,1.0,10.0
1199.0,0.0005425347480922937,0.0005425347480922937,1.4955960068618879e-05,0.00018743050168268383,2.0554465663735755e-05,10.0,1.0,10.0
1200.0,0.0005419363733381033,0.0005419363733381033,1.4937979358364828e-05,0.00018725990958046168,2.052966556220781e-05,10.0,1.0,10.0
1201.0,0.0005413388134911656,0.0005413388134911656,1.4920165085641202e-05,0.0001870897103799507,2.050474358838983e-05,10.0,1.0,10.0
1202.0,0.0005407410790212452,0.0005407410790212452,1.4902304428687785e-05,0.0001869194966275245,2.047985435638111e-05,10.0,1.0,10.0
1203.0,0.0005401447415351868,0.0005401447415351868,1.4884674783388618e-05,0.00018674947204999626,2.045485052803997e-05,10.0,1.0,10.0
1204.0,0.0005395482294261456,0.0005395482294261456,1.4866893252474256e-05,0.0001865794329205528,2.04299867618829e-05,10.0,1.0,10.0
1205.0,0.0005389510188251734,0.0005389510188251734,1.4849139915895648e-05,0.00018640945199877024,2.040501931332983e-05,10.0,1.0,10.0
1206.0,0.0005383561947382987,0.0005383561947382987,1.4831343833066057e-05,0.0001862395292846486,2.038032289419789e-05,10.0,1.0,10.0
1207.0,0.0005377614288590848,0.0005377614288590848,1.4813709640293382e-05,0.00018607002857606858,2.0355430024210364e-05,10.0,1.0,10.0
1208.0,0.0005371657316572964,0.0005371657316572964,1.4795868992223404e-05,0.00018590012041386217,2.033069176832214e-05,10.0,1.0,10.0
1209.0,0.0005365705583244562,0.0005365705583244562,1.4778155673411675e-05,0.00018573006673250347,2.0305895304773003e-05,10.0,1.0,10.0
1210.0,0.0005359766073524952,0.0005359766073524952,1.4760396879864857e-05,0.00018555979477241635,2.028128074016422e-05,10.0,1.0,10.0
1211.0,0.0005353821907192469,0.0005353821907192469,1.4742759049113374e-05,0.0001853898720582947,2.0256469724699855e-05,10.0,1.0,10.0
1212.0,0.0005347892874851823,0.0005347892874851823,1.4725227629242e-05,0.0001852205314207822,2.0231651433277875e-05,10.0,1.0,10.0
1213.0,0.0005341952200978994,0.0005341952200978994,1.470750430598855e-05,0.00018505111802369356,2.020690226345323e-05,10.0,1.0,10.0
1214.0,0.0005336026079021394,0.0005336026079021394,1.4689920135424472e-05,0.0001848820102168247,2.0182138541713357e-05,10.0,1.0,10.0
1215.0,0.0005330101703293622,0.0005330101703293622,1.467222591600148e-05,0.00018471275689080358,2.0157514882157557e-05,10.0,1.0,10.0
1216.0,0.0005324183730408549,0.0005324183730408549,1.465455352445133e-05,0.00018454290693625808,2.013299126701895e-05,10.0,1.0,10.0
1217.0,0.0005318267503753304,0.0005318267503753304,1.4637025742558762e-05,0.00018437314429320395,2.0108334865653887e-05,10.0,1.0,10.0
1218.0,0.0005312351859174669,0.0005312351859174669,1.4619389730796684e-05,0.00018420335254631937,2.0083793060621247e-05,10.0,1.0,10.0
1219.0,0.0005306440871208906,0.0005306440871208906,1.4601827388105448e-05,0.00018403393914923072,2.005918577197008e-05,10.0,1.0,10.0
1220.0,0.0005300534539856017,0.0005300534539856017,1.4584346899937373e-05,0.00018386513693258166,2.0034483895869926e-05,10.0,1.0,10.0
1221.0,0.0005294629954732955,0.0005294629954732955,1.456679638067726e-05,0.00018369618919678032,2.0009885702165775e-05,10.0,1.0,10.0
1222.0,0.0005288731772452593,0.0005288731772452593,1.4549185834766831e-05,0.00018352708138991147,1.998542393266689e-05,10.0,1.0,10.0
1223.0,0.0005282843485474586,0.0005282843485474586,1.453164622944314e-05,0.00018335756612941623,1.9961027646786533e-05,10.0,1.0,10.0
1224.0,0.000527694181073457,0.000527694181073457,1.4514115719066467e-05,0.00018318829825147986,1.9936471289838664e-05,10.0,1.0,10.0
1225.0,0.0005271061672829092,0.0005271061672829092,1.4496681615128182e-05,0.00018301898671779782,1.9912038624170236e-05,10.0,1.0,10.0
1226.0,0.0005265178042463958,0.0005265178042463958,1.4479138371825684e-05,0.0001828498934628442,1.9887655071215704e-05,10.0,1.0,10.0
1227.0,0.0005259296158328652,0.0005259296158328652,1.4461634236795362e-05,0.00018268113490194082,1.986321331060026e-05,10.0,1.0,10.0
1228.0,0.0005253421841189265,0.0005253421841189265,1.4444181942963041e-05,0.0001825125073082745,1.9838784282910638e-05,10.0,1.0,10.0
1229.0,0.000524754635989666,0.000524754635989666,1.4426796951738652e-05,0.00018234380695503205,1.9814286133623682e-05,10.0,1.0,10.0
1230.0,0.0005241684266366065,0.0005241684266366065,1.440936466678977e-05,0.0001821749610826373,1.9789980797213502e-05,10.0,1.0,10.0
1231.0,0.0005235818098299205,0.0005235818098299205,1.4391856893780641e-05,0.0001820058678276837,1.9765737306443043e-05,10.0,1.0,10.0
1232.0,0.0005229961243458092,0.0005229961243458092,1.4374509191839024e-05,0.00018183724023401737,1.974137921934016e-05,10.0,1.0,10.0
1233.0,0.0005224109045229852,0.0005224109045229852,1.4357266991282813e-05,0.00018166893278248608,1.9716932001756504e-05,10.0,1.0,10.0
1234.0,0.0005218251026235521,0.0005218251026235521,1.43399211083306e-05,0.00018150046525988728,1.9692541172844358e-05,10.0,1.0,10.0
1235.0,0.0005212409305386245,0.0005212409305386245,1.4322541574074421e-05,0.0001813317503547296,1.9668374079628848e-05,10.0,1.0,10.0
1236.0,0.0005206554778851569,0.0005206554778851569,1.4305156582850032e-05,0.00018116305000148714,1.96440851141233e-05,10.0,1.0,10.0
1237.0,0.0005200715968385339,0.0005200715968385339,1.4287726116890553e-05,0.00018099449516739696,1.9619981685536914e-05,10.0,1.0,10.0
1238.0,0.0005194871919229627,0.0005194871919229627,1.4270344763644971e-05,0.0001808259985409677,1.9595774574554525e-05,10.0,1.0,10.0
1239.0,0.0005189042421989143,0.0005189042421989143,1.4253089830162935e-05,0.00018065786571241915,1.9571547454688698e-05,10.0,1.0,10.0
1240.0,0.000518321932759136,0.000518321932759136,1.423591766069876e-05,0.00018048984929919243,1.954728941200301e-05,10.0,1.0,10.0
1241.0,0.000517739390488714,0.000517739390488714,1.4218716387404129e-05,0.00018032178923022002,1.952304046426434e-05,10.0,1.0,10.0
1242.0,0.0005171578377485275,0.0005171578377485275,1.420141870767111e-05,0.00018015349633060396,1.949901707121171e-05,10.0,1.0,10.0
1243.0,0.0005165747134014964,0.0005165747134014964,1.4184135579853319e-05,0.0001799851597752422,1.9474817236186936e-05,10.0,1.0,10.0
1244.0,0.0005159940337762237,0.0005159940337762237,1.4166831533657387e-05,0.00017981702694669366,1.945087205967866e-05,10.0,1.0,10.0
1245.0,0.0005154134123586118,0.0005154134123586118,1.4149654816719703e-05,0.0001796491997083649,1.9426764993113466e-05,10.0,1.0,10.0
1246.0,0.0005148324999026954,0.0005148324999026954,1.4132413525658194e-05,0.00017948141612578183,1.9402696125325747e-05,10.0,1.0,10.0
1247.0,0.0005142518784850836,0.0005142518784850836,1.4115289559413213e-05,0.00017931358888745308,1.9378539946046658e-05,10.0,1.0,10.0
1248.0,0.0005136726540513337,0.0005136726540513337,1.4098173778620549e-05,0.00017914583440870047,1.9354505639057606e-05,10.0,1.0,10.0
1249.0,0.0005130931967869401,0.0005130931967869401,1.4080957953410689e-05,0.00017897773068398237,1.9330587747390382e-05,10.0,1.0,10.0
1250.0,0.0005125144962221384,0.0005125144962221384,1.4063723938306794e-05,0.0001788100489648059,1.9306718968437053e-05,10.0,1.0,10.0
1251.0,0.0005119353882037103,0.0005119353882037103,1.404658269166248e-05,0.00017864260007627308,1.9282697394373827e-05,10.0,1.0,10.0
1252.0,0.0005113574443385005,0.0005113574443385005,1.4029457815922797e-05,0.00017847507842816412,1.9258775864727795e-05,10.0,1.0,10.0
1253.0,0.0005107787437736988,0.0005107787437736988,1.4012402061780449e-05,0.00017830739670898765,1.923473428178113e-05,10.0,1.0,10.0
1254.0,0.0005102016730234027,0.0005102016730234027,1.3995410881761927e-05,0.00017813984595704824,1.9210770915378816e-05,10.0,1.0,10.0
1255.0,0.0005096248351037502,0.0005096248351037502,1.397834512317786e-05,0.00017797230975702405,1.91869075933937e-05,10.0,1.0,10.0
1256.0,0.0005090484046377242,0.0005090484046377242,1.3961245713289827e-05,0.0001778049481799826,1.916310066008009e-05,10.0,1.0,10.0
1257.0,0.0005084730219095945,0.0005084730219095945,1.3944094462203793e-05,0.00017763763025868684,1.9139442883897573e-05,10.0,1.0,10.0
1258.0,0.0005078967078588903,0.0005078967078588903,1.3927013242209796e-05,0.00017747045785654336,1.911561230372172e-05,10.0,1.0,10.0
1259.0,0.0005073202773928642,0.0005073202773928642,1.3910021152696572e-05,0.00017730337276589125,1.9091668946202844e-05,10.0,1.0,10.0
1260.0,0.0005067455349490047,0.0005067455349490047,1.3893082723370753e-05,0.0001771363167790696,1.9067840185016394e-05,10.0,1.0,10.0
1261.0,0.0005061700358055532,0.0005061700358055532,1.3876016055291984e-05,0.0001769690279616043,1.9044084183406085e-05,10.0,1.0,10.0
1262.0,0.000505597039591521,0.000505597039591521,1.3859114915248938e-05,0.00017680182645563036,1.9020408217329532e-05,10.0,1.0,10.0
1263.0,0.0005050232284702361,0.0005050232284702361,1.3842283806297928e-05,0.00017663494509179145,1.8996544895344414e-05,10.0,1.0,10.0
1264.0,0.0005044490098953247,0.0005044490098953247,1.382516620651586e-05,0.0001764681946951896,1.8972912585013546e-05,10.0,1.0,10.0
1265.0,0.000503875024151057,0.000503875024151057,1.3808202311338391e-05,0.00017630148795433342,1.8949151126435027e-05,10.0,1.0,10.0
1266.0,0.0005033031920902431,0.0005033031920902431,1.3791315723210573e-05,0.00017613463569432497,1.8925540643977e-05,10.0,1.0,10.0
1267.0,0.0005027299048379064,0.0005027299048379064,1.3774256331089418e-05,0.00017596757970750332,1.8901981093222275e-05,10.0,1.0,10.0
1268.0,0.0005021583056077361,0.0005021583056077361,1.3757393389823847e-05,0.00017580096027813852,1.8878341506933793e-05,10.0,1.0,10.0
1269.0,0.0005015875794924796,0.0005015875794924796,1.3740663234784734e-05,0.00017563447181601077,1.885464916995261e-05,10.0,1.0,10.0
1270.0,0.0005010158056393266,0.0005010158056393266,1.3723897609452251e-05,0.00017546801245771348,1.8830880435416475e-05,10.0,1.0,10.0
1271.0,0.0005004450213164091,0.0005004450213164091,1.3706928257306572e-05,0.00017530148033984005,1.8807428205036558e-05,10.0,1.0,10.0
1272.0,0.0004998748772777617,0.0004998748772777617,1.3690020750800613e-05,0.00017513506463728845,1.878395960375201e-05,10.0,1.0,10.0
1273.0,0.0004993045004084706,0.0004993045004084706,1.3673107787326444e-05,0.00017496876535005867,1.8760467355605215e-05,10.0,1.0,10.0
1274.0,0.0004987353459000587,0.0004987353459000587,1.3656250303029083e-05,0.0001748025242704898,1.8737033315119334e-05,10.0,1.0,10.0
1275.0,0.0004981653764843941,0.0004981653764843941,1.3639502867590636e-05,0.00017463634139858186,1.8713404642767273e-05,10.0,1.0,10.0
1276.0,0.0004975968040525913,0.0004975968040525913,1.3622765436593909e-05,0.00017446998390369117,1.8689914213609882e-05,10.0,1.0,10.0
1277.0,0.0004970280569978058,0.0004970280569978058,1.3605984349851497e-05,0.00017430367006454617,1.866645470727235e-05,10.0,1.0,10.0
1278.0,0.0004964603576809168,0.0004964603576809168,1.3589332411356736e-05,0.00017413751629646868,1.8642955183167942e-05,10.0,1.0,10.0
1279.0,0.000495893182232976,0.000495893182232976,1.357266228296794e-05,0.00017397175543010235,1.8619477486936375e-05,10.0,1.0,10.0
1280.0,0.0004953267052769661,0.0004953267052769661,1.3555997611547355e-05,0.0001738063438097015,1.8596037989482284e-05,10.0,1.0,10.0
1281.0,0.000494759005960077,0.000494759005960077,1.353916377411224e-05,0.0001736404956318438,1.857268944149837e-05,10.0,1.0,10.0
1282.0,0.0004941924707964063,0.0004941924707964063,1.3522319022740703e-05,0.0001734741235850379,1.8549511878518388e-05,10.0,1.0,10.0
1283.0,0.0004936259938403964,0.0004936259938403964,1.3505500646715518e-05,0.00017330804257653654,1.8526296116760932e-05,10.0,1.0,10.0
1284.0,0.0004930605064146221,0.0004930605064146221,1.348888054053532e-05,0.00017314233991783112,1.8502936654840596e-05,10.0,1.0,10.0
1285.0,0.000492495484650135,0.000492495484650135,1.3472456885210704e-05,0.00017297716112807393,1.847937164711766e-05,10.0,1.0,10.0
1286.0,0.0004919304046779871,0.0004919304046779871,1.3455924090521876e-05,0.00017281189502682537,1.8455926692695357e-05,10.0,1.0,10.0
1287.0,0.0004913661978207529,0.0004913661978207529,1.3439189388009254e-05,0.00017264638154301792,1.8432790966471657e-05,10.0,1.0,10.0
1288.0,0.0004908019909635186,0.0004908019909635186,1.3422471056401264e-05,0.00017248076619580388,1.8409653421258554e-05,10.0,1.0,10.0
1289.0,0.000490238075144589,0.000490238075144589,1.3405722711468115e-05,0.00017231506353709847,1.8386581359663978e-05,10.0,1.0,10.0
1290.0,0.0004896744503639638,0.0004896744503639638,1.3389019841270056e-05,0.0001721498410915956,1.8363438357482664e-05,10.0,1.0,10.0
1291.0,0.0004891112330369651,0.0004891112330369651,1.3372598914429545e-05,0.0001719846186460927,1.83400643436471e-05,10.0,1.0,10.0
1292.0,0.0004885501693934202,0.0004885501693934202,1.3356263480091002e-05,0.00017181970179080963,1.8316781279281713e-05,10.0,1.0,10.0
1293.0,0.000487987301312387,0.000487987301312387,1.3339762517716736e-05,0.0001716547121759504,1.8293498214916326e-05,10.0,1.0,10.0
1294.0,0.0004874256846960634,0.0004874256846960634,1.3323115126695484e-05,0.00017148966435343027,1.8270486179972067e-05,10.0,1.0,10.0
1295.0,0.0004868648829869926,0.0004868648829869926,1.3306459550221916e-05,0.0001713243400445208,1.8247594198328443e-05,10.0,1.0,10.0
1296.0,0.0004863050999119878,0.0004863050999119878,1.3290005881572142e-05,0.00017115959781222045,1.822454396460671e-05,10.0,1.0,10.0
1297.0,0.00048574316315352917,0.00048574316315352917,1.3273598597152159e-05,0.0001709947973722592,1.820123907236848e-05,10.0,1.0,10.0
1298.0,0.00048518410767428577,0.00048518410767428577,1.3257308637548704e-05,0.00017083027341868728,1.8178074242314324e-05,10.0,1.0,10.0
1299.0,0.00048462324775755405,0.00048462324775755405,1.3240657608548645e-05,0.00017066553118638694,1.8155114958062768e-05,10.0,1.0,10.0
1300.0,0.000484064978081733,0.000484064978081733,1.322423395322403e-05,0.00017050077440217137,1.8132188415620476e-05,10.0,1.0,10.0
1301.0,0.0004835058643948287,0.0004835058643948287,1.3207703887019306e-05,0.00017033603216987103,1.810928006307222e-05,10.0,1.0,10.0
1302.0,0.00048294843873009086,0.00048294843873009086,1.3191309335525148e-05,0.00017017161007970572,1.8086373529513367e-05,10.0,1.0,10.0
1303.0,0.00048238964518532157,0.00048238964518532157,1.3174947525840253e-05,0.0001700073480606079,1.806327964004595e-05,10.0,1.0,10.0
1304.0,0.00048183236503973603,0.00048183236503973603,1.3158647561795078e-05,0.0001698430860415101,1.804027851903811e-05,10.0,1.0,10.0
1305.0,0.0004812746774405241,0.0004812746774405241,1.314231485594064e-05,0.00016967886767815799,1.8017266484093852e-05,10.0,1.0,10.0
1306.0,0.0004807187360711396,0.0004807187360711396,1.3125946679792833e-05,0.00016951450379565358,1.7994476365856826e-05,10.0,1.0,10.0
1307.0,0.0004801613977178931,0.0004801613977178931,1.3109440260450356e-05,0.0001693500962574035,1.7971689885598607e-05,10.0,1.0,10.0
1308.0,0.0004796060093212873,0.0004796060093212873,1.3093093002680689e-05,0.00016918606706894934,1.794889976736158e-05,10.0,1.0,10.0
1309.0,0.00047904971870593727,0.00047904971870593727,1.3076789400656708e-05,0.00016902218339964747,1.7925965948961675e-05,10.0,1.0,10.0
1310.0,0.0004784947959706187,0.0004784947959706187,1.3060581295576412e-05,0.00016885845980141312,1.790305395843461e-05,10.0,1.0,10.0
1311.0,0.00047793975681997836,0.00047793975681997836,1.3044319530308712e-05,0.00016869457613211125,1.7880196537589654e-05,10.0,1.0,10.0
1312.0,0.00047738535795360804,0.00047738535795360804,1.3027997738390695e-05,0.000168530285009183,1.785751010174863e-05,10.0,1.0,10.0
1313.0,0.0004768319195136428,0.0004768319195136428,1.3011725968681276e-05,0.00016836656141094863,1.7834809113992378e-05,10.0,1.0,10.0
1314.0,0.0004762776952702552,0.0004762776952702552,1.2995493307244033e-05,0.0001682028960203752,1.7811986253946088e-05,10.0,1.0,10.0
1315.0,0.00047572568291798234,0.00047572568291798234,1.2979254279343877e-05,0.00016803928883746266,1.7789383491617627e-05,10.0,1.0,10.0
1316.0,0.0004751725646201521,0.0004751725646201521,1.2963062545168214e-05,0.00016787572531029582,1.7766622477211058e-05,10.0,1.0,10.0
1317.0,0.000474620028398931,0.000474620028398931,1.294693265663227e-05,0.0001677124237176031,1.774382690200582e-05,10.0,1.0,10.0
1318.0,0.0004740678414236754,0.0004740678414236754,1.2930720004078466e-05,0.00016754893295001239,1.7721171388984658e-05,10.0,1.0,10.0
1319.0,0.0004735166730824858,0.0004735166730824858,1.2914523722429294e-05,0.00016738536942284554,1.769860682543367e-05,10.0,1.0,10.0
1320.0,0.0004729661450255662,0.0004729661450255662,1.2898245586256962e-05,0.0001672221114858985,1.767615685821511e-05,10.0,1.0,10.0
1321.0,0.0004724146274384111,0.0004724146274384111,1.28821566249826e-05,0.00016705927555449307,1.7653379472903907e-05,10.0,1.0,10.0
1322.0,0.00047186375013552606,0.00047186375013552606,1.286607493966585e-05,0.00016689638141542673,1.763066029525362e-05,10.0,1.0,10.0
1323.0,0.00047131499741226435,0.00047131499741226435,1.2850076018366963e-05,0.000166733079822734,1.760811392159667e-05,10.0,1.0,10.0
1324.0,0.0004707651387434453,0.0004707651387434453,1.2833839718950912e-05,0.00016656963271088898,1.7585709429113194e-05,10.0,1.0,10.0
1325.0,0.00047021647333167493,0.00047021647333167493,1.2817768038075883e-05,0.00016640644753351808,1.7563233996042982e-05,10.0,1.0,10.0
1326.0,0.00046966836089268327,0.00046966836089268327,1.2801729099010117e-05,0.00016624375712126493,1.7540731278131716e-05,10.0,1.0,10.0
1327.0,0.0004691187641583383,0.0004691187641583383,1.2785552826244384e-05,0.0001660811685724184,1.7518204913358204e-05,10.0,1.0,10.0
1328.0,0.0004685719613917172,0.0004685719613917172,1.2769643944920972e-05,0.0001659187109908089,1.7495678548584692e-05,10.0,1.0,10.0
1329.0,0.0004680242855101824,0.0004680242855101824,1.2753620467265137e-05,0.00016575612244196236,1.7473194020567462e-05,10.0,1.0,10.0
1330.0,0.0004674770752899349,0.0004674770752899349,1.2737600627588108e-05,0.0001655933156143874,1.7450776795158163e-05,10.0,1.0,10.0
1331.0,0.0004669299232773483,0.0004669299232773483,1.2721506209345534e-05,0.00016543053789064288,1.742843414831441e-05,10.0,1.0,10.0
1332.0,0.0004663839645218104,0.0004663839645218104,1.2705613698926754e-05,0.00016526810941286385,1.7405973267159425e-05,10.0,1.0,10.0
1333.0,0.0004658385005313903,0.0004658385005313903,1.2689556569966953e-05,0.0001651057682465762,1.7383714293828234e-05,10.0,1.0,10.0
1334.0,0.0004652923089452088,0.0004652923089452088,1.2673569472099189e-05,0.00016494364535901695,1.7361297068418935e-05,10.0,1.0,10.0
1335.0,0.00046474873670376837,0.00046474873670376837,1.2657656043302268e-05,0.00016478137695230544,1.733908175083343e-05,10.0,1.0,10.0
1336.0,0.00046420423313975334,0.00046420423313975334,1.2641829016502015e-05,0.00016461913764942437,1.7316680896328762e-05,10.0,1.0,10.0
1337.0,0.00046365949674509466,0.00046365949674509466,1.2625897397811059e-05,0.0001644572475925088,1.7294325516559184e-05,10.0,1.0,10.0
1338.0,0.00046311633195728064,0.00046311633195728064,1.2610117664735299e-05,0.0001642950956011191,1.7272006516577676e-05,10.0,1.0,10.0
1339.0,0.00046257273061200976,0.00046257273061200976,1.2594127838383429e-05,0.00016413287085015327,1.72498585016001e-05,10.0,1.0,10.0
1340.0,0.00046202942030504346,0.00046202942030504346,1.2578148016473278e-05,0.00016397095168940723,1.7227697753696702e-05,10.0,1.0,10.0
1341.0,0.0004614866920746863,0.0004614866920746863,1.2562234587676357e-05,0.00016380917804781348,1.7205516996909864e-05,10.0,1.0,10.0
1342.0,0.0004609456518664956,0.0004609456518664956,1.2546464859042317e-05,0.00016364762268494815,1.7183336240123026e-05,10.0,1.0,10.0
1343.0,0.00046040370943956077,0.00046040370943956077,1.2530695130408276e-05,0.00016348614008165896,1.7161062714876607e-05,10.0,1.0,10.0
1344.0,0.0004598621162585914,0.0004598621162585914,1.251486628461862e-05,0.00016332425002474338,1.713891833787784e-05,10.0,1.0,10.0
1345.0,0.0004593213670887053,0.0004593213670887053,1.2499036529334262e-05,0.00016316250548698008,1.7116852177423425e-05,10.0,1.0,10.0
1346.0,0.0004587811417877674,0.0004587811417877674,1.2483335012802854e-05,0.00016300115385092795,1.7094664144678973e-05,10.0,1.0,10.0
1347.0,0.0004582413821481168,0.0004582413821481168,1.2467545275285374e-05,0.00016284006414934993,1.7072587070288137e-05,10.0,1.0,10.0
1348.0,0.00045770208816975355,0.00045770208816975355,1.2451769180188421e-05,0.000162678916240111,1.7050548194674775e-05,10.0,1.0,10.0
1349.0,0.0004571623867377639,0.0004571623867377639,1.2436011274985503e-05,0.00016251756460405886,1.702847112028394e-05,10.0,1.0,10.0
1350.0,0.00045662379125133157,0.00045662379125133157,1.2420243365340866e-05,0.00016235586372204125,1.7006550478981808e-05,10.0,1.0,10.0
1351.0,0.0004560858360491693,0.0004560858360491693,1.2404440894897562e-05,0.0001621943956706673,1.6984704416245222e-05,10.0,1.0,10.0
1352.0,0.00045554741518571973,0.00045554741518571973,1.2388898539938964e-05,0.00016203371342271566,1.6962472727755085e-05,10.0,1.0,10.0
1353.0,0.0004550092271529138,0.0004550092271529138,1.2373361641948577e-05,0.000161873220349662,1.6940239220275544e-05,10.0,1.0,10.0
1354.0,0.0004544737748801708,0.0004544737748801708,1.2357776540738996e-05,0.0001617126981727779,1.6918329492909834e-05,10.0,1.0,10.0
1355.0,0.00045393520849756896,0.00045393520849756896,1.2341936781012919e-05,0.00016155169578269124,1.6896414308575913e-05,10.0,1.0,10.0
1356.0,0.0004533995524980128,0.0004533995524980128,1.2326147043495439e-05,0.0001613904896657914,1.68747592397267e-05,10.0,1.0,10.0
1357.0,0.0004528650315478444,0.0004528650315478444,1.2310576494201086e-05,0.00016122948727570474,1.6852976841619238e-05,10.0,1.0,10.0
1358.0,0.00045232841512188315,0.00045232841512188315,1.2295015039853752e-05,0.00016106892144307494,1.6830936147016473e-05,10.0,1.0,10.0
1359.0,0.00045179377775639296,0.00045179377775639296,1.2279652764846105e-05,0.00016090896679088473,1.6808828149805777e-05,10.0,1.0,10.0
1360.0,0.0004512595769483596,0.0004512595769483596,1.2264089491509367e-05,0.00016074857558123767,1.6787011190899648e-05,10.0,1.0,10.0
1361.0,0.00045072491047903895,0.00045072491047903895,1.2248334314790554e-05,0.0001605881261639297,1.676534338912461e-05,10.0,1.0,10.0
1362.0,0.0004501920775510371,0.0004501920775510371,1.22326600831002e-05,0.00016042751667555422,1.6743793821660802e-05,10.0,1.0,10.0
1363.0,0.0004496583715081215,0.0004496583715081215,1.2217073162901215e-05,0.0001602672564331442,1.6722035070415586e-05,10.0,1.0,10.0
1364.0,0.00044912577141076326,0.00044912577141076326,1.2201699064462446e-05,0.0001601072435732931,1.6700154446880333e-05,10.0,1.0,10.0
1365.0,0.00044859322952106595,0.00044859322952106595,1.218635225086473e-05,0.00015994736168067902,1.6678233805578202e-05,10.0,1.0,10.0
1366.0,0.0004480605712160468,0.0004480605712160468,1.217093176819617e-05,0.00015978747978806496,1.66563786478946e-05,10.0,1.0,10.0
1367.0,0.0004475281748455018,0.0004475281748455018,1.215537304233294e-05,0.00015962753968778998,1.663469083723612e-05,10.0,1.0,10.0
1368.0,0.0004469982231967151,0.0004469982231967151,1.213979885505978e-05,0.0001594674977241084,1.6613275874988176e-05,10.0,1.0,10.0
1369.0,0.0004464666417334229,0.0004464666417334229,1.2124164641136304e-05,0.00015930752852000296,1.659174813539721e-05,10.0,1.0,10.0
1370.0,0.0004459362244233489,0.0004459362244233489,1.2108712326153181e-05,0.00015914783580228686,1.657012580835726e-05,10.0,1.0,10.0
1371.0,0.00044540676753968,0.00044540676753968,1.209347556141438e-05,0.00015898843412287533,1.6548356143175624e-05,10.0,1.0,10.0
1372.0,0.0004448769614100456,0.0004448769614100456,1.207823515869677e-05,0.00015882901789154857,1.652655737416353e-05,10.0,1.0,10.0
1373.0,0.00044434776646085083,0.00044434776646085083,1.2062943824275862e-05,0.00015866952890064567,1.650487865845207e-05,10.0,1.0,10.0
1374.0,0.0004438199975993484,0.0004438199975993484,1.204750151373446e-05,0.0001585098507348448,1.648351280891802e-05,10.0,1.0,10.0
1375.0,0.00044329013326205313,0.00044329013326205313,1.2031863661832176e-05,0.00015835024532862008,1.646212513151113e-05,10.0,1.0,10.0
1376.0,0.00044276242260821164,0.00044276242260821164,1.2016390428470913e-05,0.00015819125110283494,1.644072835915722e-05,10.0,1.0,10.0
1377.0,0.00044223672011867166,0.00044223672011867166,1.2001202776446007e-05,0.00015803254791535437,1.6419215171481483e-05,10.0,1.0,10.0
1378.0,0.00044170828186906874,0.00044170828186906874,1.1986018762399908e-05,0.00015787361189723015,1.639744732528925e-05,10.0,1.0,10.0
1379.0,0.00044118246296420693,0.00044118246296420693,1.1970925697823986e-05,0.00015771426842547953,1.637589230085723e-05,10.0,1.0,10.0
1380.0,0.00044065515976399183,0.00044065515976399183,1.195561435451964e-05,0.0001575550704728812,1.6354393665096723e-05,10.0,1.0,10.0
1381.0,0.0004401293699629605,0.0004401293699629605,1.1940103831875604e-05,0.00015739571244921535,1.633326246519573e-05,10.0,1.0,10.0
1382.0,0.0004396038712002337,0.0004396038712002337,1.1924767022719607e-05,0.0001572373730596155,1.631188024475705e-05,10.0,1.0,10.0
1383.0,0.000439079653006047,0.000439079653006047,1.1909626664419193e-05,0.00015707910642959177,1.6290425264742225e-05,10.0,1.0,10.0
1384.0,0.00043855482363142073,0.00043855482363142073,1.189443082694197e-05,0.00015692046144977212,1.6269006664515473e-05,10.0,1.0,10.0
1385.0,0.00043803127482533455,0.00043803127482533455,1.1879295925609767e-05,0.00015676165639888495,1.6247666280833073e-05,10.0,1.0,10.0
1386.0,0.0004375074349809438,0.0004375074349809438,1.1864111002068967e-05,0.00015660276403650641,1.622635500098113e-05,10.0,1.0,10.0
1387.0,0.0004369847010821104,0.0004369847010821104,1.184885149996262e-05,0.00015644401719328016,1.6205218344111927e-05,10.0,1.0,10.0
1388.0,0.0004364622291177511,0.0004364622291177511,1.1833772987301927e-05,0.00015628605615347624,1.618384339963086e-05,10.0,1.0,10.0
1389.0,0.0004359388549346477,0.0004359388549346477,1.1818490747828037e-05,0.00015612815332133323,1.616257941350341e-05,10.0,1.0,10.0
1390.0,0.0004354179254733026,0.0004354179254733026,1.1803535926446784e-05,0.0001559703960083425,1.614121902093757e-05,10.0,1.0,10.0
1391.0,0.0004348962684161961,0.0004348962684161961,1.1788391930167563e-05,0.0001558120857225731,1.6120025975396857e-05,10.0,1.0,10.0
1392.0,0.00043437513522803783,0.00043437513522803783,1.1773287042160518e-05,0.00015565368812531233,1.6098858395707794e-05,10.0,1.0,10.0
1393.0,0.0004338533617556095,0.0004338533617556095,1.1758093933167402e-05,0.000155495319631882,1.607771082490217e-05,10.0,1.0,10.0
1394.0,0.0004333335382398218,0.0004333335382398218,1.1743005416064989e-05,0.00015533757687080652,1.6056592357927002e-05,10.0,1.0,10.0
1395.0,0.0004328140348661691,0.0004328140348661691,1.172790325654205e-05,0.0001551800814922899,1.603549208084587e-05,10.0,1.0,10.0
1396.0,0.00043229461880400777,0.00043229461880400777,1.171294479718199e-05,0.00015502278984058648,1.601423900865484e-05,10.0,1.0,10.0
1397.0,0.0004317757557146251,0.0004317757557146251,1.1697919035214e-05,0.00015486497431993484,1.5993158740457147e-05,10.0,1.0,10.0
1398.0,0.0004312566888984293,0.0004312566888984293,1.1682858712447342e-05,0.00015470701328013092,1.5972109395079315e-05,10.0,1.0,10.0
1399.0,0.00043073948472738266,0.00043073948472738266,1.1667764738376718e-05,0.00015454913955181837,1.5951267414493486e-05,10.0,1.0,10.0
1400.0,0.00043022079626098275,0.00043022079626098275,1.1652713510557078e-05,0.00015439193521160632,1.593017441336997e-05,10.0,1.0,10.0
1401.0,0.00042970452341251075,0.00042970452341251075,1.1637956959020812e-05,0.0001542349928058684,1.590899410075508e-05,10.0,1.0,10.0
1402.0,0.0004291874065529555,0.0004291874065529555,1.1623043974395841e-05,0.00015407783212140203,1.5887912013567984e-05,10.0,1.0,10.0
1403.0,0.0004286710754968226,0.0004286710754968226,1.1608051863731816e-05,0.00015392049681395292,1.5867008187342435e-05,10.0,1.0,10.0
1404.0,0.0004281545407138765,0.0004281545407138765,1.1593092494877055e-05,0.0001537633506814018,1.5846026144572534e-05,10.0,1.0,10.0
1405.0,0.00042763928649947047,0.00042763928649947047,1.1578144039958715e-05,0.00015360614634118974,1.5825169612071477e-05,10.0,1.0,10.0
1406.0,0.0004271245270501822,0.0004271245270501822,1.1563225598365534e-05,0.0001534492475911975,1.5804302165634e-05,10.0,1.0,10.0
1407.0,0.00042660959297791123,0.00042660959297791123,1.1548419934115373e-05,0.00015329246525652707,1.5783292838023044e-05,10.0,1.0,10.0
1408.0,0.00042609486263245344,0.00042609486263245344,1.1533558790688403e-05,0.00015313565381802619,1.576235990796704e-05,10.0,1.0,10.0
1409.0,0.00042558167479000986,0.00042558167479000986,1.1518693099787924e-05,0.00015297892969101667,1.5741581592010334e-05,10.0,1.0,10.0
1410.0,0.0004250682832207531,0.0004250682832207531,1.150379830505699e-05,0.00015282213280443102,1.5720816008979455e-05,10.0,1.0,10.0
1411.0,0.0004245555610395968,0.0004245555610395968,1.1488898962852545e-05,0.0001526655105408281,1.5700106814620085e-05,10.0,1.0,10.0
1412.0,0.00042404219857417047,0.00042404219857417047,1.1474148777779192e-05,0.00015250906290020794,1.567916478961706e-05,10.0,1.0,10.0
1413.0,0.00042353084427304566,0.00042353084427304566,1.1459476809250191e-05,0.0001523528335383162,1.5658322809031233e-05,10.0,1.0,10.0
1414.0,0.0004230187041684985,0.0004230187041684985,1.14447075247881e-05,0.00015219650231301785,1.5637511751265265e-05,10.0,1.0,10.0
1415.0,0.00042250644764862955,0.00042250644764862955,1.1429869118728675e-05,0.0001520402292953804,1.5616751625202596e-05,10.0,1.0,10.0
1416.0,0.0004219968104735017,0.0004219968104735017,1.1415168955863919e-05,0.0001518840144854039,1.5596109733451158e-05,10.0,1.0,10.0
1417.0,0.00042148641659878194,0.00042148641659878194,1.1400269613659475e-05,0.00015172790153883398,1.557558061904274e-05,10.0,1.0,10.0
1418.0,0.0004209769540466368,0.0004209769540466368,1.1385566722310614e-05,0.00015157205052673817,1.555492235638667e-05,10.0,1.0,10.0
1419.0,0.00042046670569106936,0.00042046670569106936,1.1370839274604805e-05,0.00015141624317038804,1.553420770505909e-05,10.0,1.0,10.0
1420.0,0.0004199582617729902,0.0004199582617729902,1.1356371942383703e-05,0.00015126024663913995,1.5513431208091788e-05,10.0,1.0,10.0
1421.0,0.0004194485954940319,0.0004194485954940319,1.1341597200953402e-05,0.00015110413369257003,1.5492849342990667e-05,10.0,1.0,10.0
1422.0,0.0004189411993138492,0.0004189411993138492,1.1326971616654191e-05,0.000150948268128559,1.547232204757165e-05,10.0,1.0,10.0
1423.0,0.00041843263898044825,0.00041843263898044825,1.1312339665892068e-05,0.00015079299919307232,1.5451623767148703e-05,10.0,1.0,10.0
1424.0,0.0004179253592155874,0.0004179253592155874,1.1297709534119349e-05,0.00015063778846524656,1.5431049178005196e-05,10.0,1.0,10.0
1425.0,0.00041741906898096204,0.00041741906898096204,1.1283041203569155e-05,0.00015048230125103146,1.5410636478918605e-05,10.0,1.0,10.0
1426.0,0.0004169113817624748,0.0004169113817624748,1.126826919062296e-05,0.00015032636292744428,1.539023287477903e-05,10.0,1.0,10.0
1427.0,0.0004164062556810677,0.0004164062556810677,1.1253646334807854e-05,0.00015017081750556827,1.5369894754257984e-05,10.0,1.0,10.0
1428.0,0.0004159000236541033,0.0004159000236541033,1.1239159903198015e-05,0.0001500158541603014,1.5349256500485353e-05,10.0,1.0,10.0
1429.0,0.00041539513040333986,0.00041539513040333986,1.1224700756429229e-05,0.000149861240061,1.5328687368310057e-05,10.0,1.0,10.0
1430.0,0.0004148898005951196,0.0004148898005951196,1.1210290722374339e-05,0.0001497063203714788,1.5308058209484443e-05,10.0,1.0,10.0
1431.0,0.00041438592597842216,0.00041438592597842216,1.1195757906534709e-05,0.00014955108053982258,1.528772736492101e-05,10.0,1.0,10.0
1432.0,0.00041388097451999784,0.00041388097451999784,1.1181125046277884e-05,0.00014939569518901408,1.5267403796315193e-05,10.0,1.0,10.0
1433.0,0.0004133789043407887,0.0004133789043407887,1.1166521289851516e-05,0.00014924058632459491,1.5247311239363626e-05,10.0,1.0,10.0
1434.0,0.00041287505882792175,0.00041287505882792175,1.115191298595164e-05,0.00014908588491380215,1.5227004951157141e-05,10.0,1.0,10.0
1435.0,0.0004123728140257299,0.0004123728140257299,1.1137617548229173e-05,0.00014893172192387283,1.5206491298158653e-05,10.0,1.0,10.0
1436.0,0.0004118708602618426,0.0004118708602618426,1.1123304830107372e-05,0.00014877732610329986,1.5186050404736307e-05,10.0,1.0,10.0
1437.0,0.00041136902291327715,0.00041136902291327715,1.1108832950412761e-05,0.00014862281386740506,1.5165787772275507e-05,10.0,1.0,10.0
1438.0,0.000410867971368134,0.000410867971368134,1.109440654545324e-05,0.00014846793783362955,1.5145598808885552e-05,10.0,1.0,10.0
1439.0,0.0004103659885004163,0.0004103659885004163,1.1079849173256662e-05,0.0001483134983573109,1.5125399841053877e-05,10.0,1.0,10.0
1440.0,0.0004098661884199828,0.0004098661884199828,1.1065480975958053e-05,0.00014815932081546634,1.510520451120101e-05,10.0,1.0,10.0
1441.0,0.00040936609730124474,0.00040936609730124474,1.1051140063500497e-05,0.00014800533244851977,1.5084935512277298e-05,10.0,1.0,10.0
1442.0,0.0004088667337782681,0.0004088667337782681,1.1036951036658138e-05,0.00014785157691221684,1.5064566468936391e-05,10.0,1.0,10.0
1443.0,0.0004083674284629524,0.0004083674284629524,1.102266014640918e-05,0.0001476974575780332,1.5044339306768961e-05,10.0,1.0,10.0
1444.0,0.00040786934550851583,0.00040786934550851583,1.1008190995198674e-05,0.00014754310541320592,1.5024433196231257e-05,10.0,1.0,10.0
1445.0,0.0004073705349583179,0.0004073705349583179,1.0993791875080206e-05,0.0001473893062211573,1.5004331544332672e-05,10.0,1.0,10.0
1446.0,0.000406872684834525,0.000406872684834525,1.0979521903209388e-05,0.00014723566710017622,1.4984179870225489e-05,10.0,1.0,10.0
1447.0,0.0004063755040988326,0.0004063755040988326,1.0965301044052467e-05,0.00014708210073877126,1.4964038200560026e-05,10.0,1.0,10.0
1448.0,0.0004058783524669707,0.0004058783524669707,1.095105199055979e-05,0.00014692824333906174,1.4943958376534283e-05,10.0,1.0,10.0
1449.0,0.00040538201574236155,0.00040538201574236155,1.0936691978713498e-05,0.0001467745896661654,1.4924050447007176e-05,10.0,1.0,10.0
1450.0,0.0004048859409522265,0.0004048859409522265,1.0922433830273803e-05,0.00014662113972008228,1.490404611104168e-05,10.0,1.0,10.0
1451.0,0.00040439044823870063,0.00040439044823870063,1.0908157491940074e-05,0.0001464678207412362,1.4884108168189414e-05,10.0,1.0,10.0
1452.0,0.00040389454807154834,0.00040389454807154834,1.0893965736613609e-05,0.0001463147345930338,1.4864015611237846e-05,10.0,1.0,10.0
1453.0,0.000403400365030393,0.000403400365030393,1.0879975889110938e-05,0.00014616188127547503,1.4843873032077681e-05,10.0,1.0,10.0
1454.0,0.0004029062110930681,0.0004029062110930681,1.0865728654607665e-05,0.00014600862050428987,1.4824030586169101e-05,10.0,1.0,10.0
1455.0,0.00040241226088255644,0.00040241226088255644,1.0851540537260007e-05,0.00014585521421395242,1.4804163583903573e-05,10.0,1.0,10.0
1456.0,0.00040191836887970567,0.00040191836887970567,1.0837366062332876e-05,0.00014570201165042818,1.4784270206291694e-05,10.0,1.0,10.0
1457.0,0.0004014255537185818,0.0004014255537185818,1.08232707134448e-05,0.00014554942026734352,1.4764341358386446e-05,10.0,1.0,10.0
1458.0,0.0004009331460110843,0.0004009331460110843,1.0809182640514337e-05,0.00014539677067659795,1.4744453437742777e-05,10.0,1.0,10.0
1459.0,0.0004004405054729432,0.0004004405054729432,1.0794957233883906e-05,0.00014524410653393716,1.472468466090504e-05,10.0,1.0,10.0
1460.0,0.0003999494656454772,0.0003999494656454772,1.078084187611239e-05,0.00014509129687212408,1.470497500122292e-05,10.0,1.0,10.0
1461.0,0.0003994579310528934,0.0003994579310528934,1.0766728337330278e-05,0.00014493855996988714,1.4685208952869289e-05,10.0,1.0,10.0
1462.0,0.0003989668330177665,0.0003989668330177665,1.0752851267170627e-05,0.0001447862887289375,1.4665205526398495e-05,10.0,1.0,10.0
1463.0,0.00039847666630521417,0.00039847666630521417,1.0738855053205043e-05,0.00014463398838415742,1.4645413102698512e-05,10.0,1.0,10.0
1464.0,0.00039798597572371364,0.00039798597572371364,1.0724778803705703e-05,0.00014448178990278393,1.4625640687881969e-05,10.0,1.0,10.0
1465.0,0.00039749755524098873,0.00039749755524098873,1.0710701644711662e-05,0.00014432946045417339,1.4606108379666694e-05,10.0,1.0,10.0
1466.0,0.0003970081452280283,0.0003970081452280283,1.0696556273614988e-05,0.0001441770582459867,1.4586552424589172e-05,10.0,1.0,10.0
1467.0,0.00039651949191465974,0.00039651949191465974,1.0682663742045406e-05,0.00014402497617993504,1.4566787285730243e-05,10.0,1.0,10.0
1468.0,0.00039603072218596935,0.00039603072218596935,1.066878394340165e-05,0.00014387309784069657,1.4546978491125628e-05,10.0,1.0,10.0
1469.0,0.0003955433494411409,0.0003955433494411409,1.0654922334651928e-05,0.00014372158329933882,1.4527253370033577e-05,10.0,1.0,10.0
1470.0,0.0003950567916035652,0.0003950567916035652,1.0640976142894942e-05,0.00014356971951201558,1.450773015676532e-05,10.0,1.0,10.0
1471.0,0.00039456968079321086,0.00039456968079321086,1.0626899893395603e-05,0.0001434176228940487,1.4488305168924853e-05,10.0,1.0,10.0
1472.0,0.00039408350130543113,0.00039408350130543113,1.0612922778818756e-05,0.0001432658900739625,1.4468839253822807e-05,10.0,1.0,10.0
1473.0,0.0003935970598831773,0.0003935970598831773,1.059897113009356e-05,0.00014311443374026567,1.44492905747029e-05,10.0,1.0,10.0
1474.0,0.00039311061846092343,0.00039311061846092343,1.0585160453047138e-05,0.00014296321023721248,1.442958182451548e-05,10.0,1.0,10.0
1475.0,0.0003926263307221234,0.0003926263307221234,1.0571386155788787e-05,0.00014281200128607452,1.44100467878161e-05,10.0,1.0,10.0
1476.0,0.00039214169373735785,0.00039214169373735785,1.0557673704170156e-05,0.00014266051584854722,1.4390442629519384e-05,10.0,1.0,10.0
1477.0,0.0003916569403372705,0.0003916569403372705,1.0543792996031698e-05,0.00014250908861868083,1.437099308532197e-05,10.0,1.0,10.0
1478.0,0.00039117346750572324,0.00039117346750572324,1.0529965038585942e-05,0.00014235780690796673,1.4351598110806663e-05,10.0,1.0,10.0
1479.0,0.00039069022750481963,0.00039069022750481963,1.0516116162762046e-05,0.00014220693265087903,1.4332213140733074e-05,10.0,1.0,10.0
1480.0,0.00039020643453113735,0.00039020643453113735,1.0502137229195796e-05,0.00014205616025719792,1.4312889106804505e-05,10.0,1.0,10.0
1481.0,0.0003897248534485698,0.0003897248534485698,1.0488462066859938e-05,0.0001419051259290427,1.4293511412688531e-05,10.0,1.0,10.0
1482.0,0.0003892425156664103,0.0003892425156664103,1.0474734153831378e-05,0.00014175419346429408,1.4274098248279188e-05,10.0,1.0,10.0
1483.0,0.0003887603525072336,0.0003887603525072336,1.0461056263011415e-05,0.0001416033919667825,1.4254639609134756e-05,10.0,1.0,10.0
1484.0,0.0003882800228893757,0.0003882800228893757,1.0447363820276223e-05,0.00014145267778076231,1.4235369235393591e-05,10.0,1.0,10.0
1485.0,0.00038779902388341725,0.00038779902388341725,1.0433603165438399e-05,0.00014130216732155532,1.4216083400242496e-05,10.0,1.0,10.0
1486.0,0.0003873186360578984,0.0003873186360578984,1.041984069161117e-05,0.00014115175872575492,1.4196844858815894e-05,10.0,1.0,10.0
1487.0,0.00038683891762048006,0.00038683891762048006,1.0406093679193873e-05,0.0001410014374414459,1.4177653611113783e-05,10.0,1.0,10.0
1488.0,0.00038635951932519674,0.00038635951932519674,1.0392575859441422e-05,0.00014085120346862823,1.4158254998619668e-05,10.0,1.0,10.0
1489.0,0.0003858808777295053,0.0003858808777295053,1.0378937986388337e-05,0.0001407008821843192,1.4139061022433452e-05,10.0,1.0,10.0
1490.0,0.0003854025271721184,0.0003854025271721184,1.0365326488681603e-05,0.00014055072097107768,1.4119856132310815e-05,10.0,1.0,10.0
1491.0,0.0003849243512377143,0.0003849243512377143,1.0351656783313956e-05,0.00014040060341358185,1.410071854479611e-05,10.0,1.0,10.0
1492.0,0.0003844464954454452,0.0003844464954454452,1.033797707350459e-05,0.0001402506313752383,1.4081608242122456e-05,10.0,1.0,10.0
1493.0,0.00038396933814510703,0.00038396933814510703,1.0324325558030978e-05,0.00014010071754455566,1.4062536138226278e-05,10.0,1.0,10.0
1494.0,0.00038349267560988665,0.00038349267560988665,1.0310744983144104e-05,0.00013995084736961871,1.4043439477973152e-05,10.0,1.0,10.0
1495.0,0.000383016507839784,0.000383016507839784,1.0297210792487022e-05,0.00013980106450617313,1.4024332813278306e-05,10.0,1.0,10.0
1496.0,0.0003825406893156469,0.0003825406893156469,1.028382121148752e-05,0.00013965148536954075,1.4005101547809318e-05,10.0,1.0,10.0
1497.0,0.0003820655110757798,0.0003820655110757798,1.0270356142427772e-05,0.00013950190623290837,1.398600397806149e-05,10.0,1.0,10.0
1498.0,0.0003815912059508264,0.0003815912059508264,1.0256830137223005e-05,0.00013935247261542827,1.3967042832518928e-05,10.0,1.0,10.0
1499.0,0.000381116580683738,0.000381116580683738,1.0243201359116938e-05,0.00013920308265369385,1.3948147170594893e-05,10.0,1.0,10.0
1500.0,0.000380641664378345,0.000380641664378345,1.0229658983007539e-05,0.0001390537217957899,1.3929135093349032e-05,10.0,1.0,10.0
