epoch,loss_total,objective_total,loss_data,loss_physics,loss_boundary,weight_data,weight_physics,weight_boundary
1.0,6.149554252624512,6.149554252624512,0.3072446286678314,0.5291623473167419,0.25479453802108765,10.0,1.0,10.0
2.0,5.25700569152832,5.25700569152832,0.24623318016529083,0.5234811305999756,0.2271192967891693,10.0,1.0,10.0
3.0,4.672715187072754,4.672715187072754,0.20185378193855286,0.5185946822166443,0.21355830132961273,10.0,1.0,10.0
4.0,4.329325199127197,4.329325199127197,0.1707128882408142,0.5136364698410034,0.21085599064826965,10.0,1.0,10.0
5.0,4.148940086364746,4.148940086364746,0.14899590611457825,0.5082266926765442,0.21507546305656433,10.0,1.0,10.0
6.0,4.059215068817139,4.059215068817139,0.13313722610473633,0.5024513602256775,0.22253912687301636,10.0,1.0,10.0
7.0,4.009428024291992,4.009428024291992,0.12073003500699997,0.49669402837753296,0.2305433750152588,10.0,1.0,10.0
8.0,3.975104331970215,3.975104331970215,0.11079903692007065,0.4914436340332031,0.23756703734397888,10.0,1.0,10.0
9.0,3.9526214599609375,3.9526214599609375,0.10348131507635117,0.4871681034564972,0.2430640161037445,10.0,1.0,10.0
10.0,3.9476540088653564,3.9476540088653564,0.0993676483631134,0.4842039942741394,0.24697735905647278,10.0,1.0,10.0
11.0,3.9623122215270996,3.9623122215270996,0.09873417019844055,0.48261699080467224,0.2492353618144989,10.0,1.0,10.0
12.0,3.9874446392059326,3.9874446392059326,0.10097479075193405,0.48213428258895874,0.24955624341964722,10.0,1.0,10.0
13.0,4.005665302276611,4.005665302276611,0.10466274619102478,0.48229846358299255,0.2476739138364792,10.0,1.0,10.0
14.0,4.002476692199707,4.002476692199707,0.1082809641957283,0.48275113105773926,0.2436915934085846,10.0,1.0,10.0
15.0,3.974545955657959,3.974545955657959,0.11093241721391678,0.4833655059337616,0.23818562924861908,10.0,1.0,10.0
16.0,3.9293394088745117,3.9293394088745117,0.11249130219221115,0.4841679632663727,0.2320258617401123,10.0,1.0,10.0
17.0,3.87959361076355,3.87959361076355,0.11333617568016052,0.48520445823669434,0.22610273957252502,10.0,1.0,10.0
18.0,3.837529182434082,3.837529182434082,0.11399836093187332,0.486463338136673,0.22110821306705475,10.0,1.0,10.0
19.0,3.8110218048095703,3.8110218048095703,0.11490123718976974,0.4878632128238678,0.21741463243961334,10.0,1.0,10.0
20.0,3.802079200744629,3.802079200744629,0.11622973531484604,0.48927778005599976,0.21505041420459747,10.0,1.0,10.0
21.0,3.807333469390869,3.807333469390869,0.11791695654392242,0.4905703067779541,0.21375934779644012,10.0,1.0,10.0
22.0,3.820035457611084,3.820035457611084,0.11971855163574219,0.4916227161884308,0.21312272548675537,10.0,1.0,10.0
23.0,3.8327560424804688,3.8327560424804688,0.12133248150348663,0.492352694272995,0.21270786225795746,10.0,1.0,10.0
24.0,3.8397951126098633,3.8397951126098633,0.12251247465610504,0.4927177131175995,0.2121952474117279,10.0,1.0,10.0
25.0,3.838480234146118,3.838480234146118,0.12313242256641388,0.4927104115486145,0.21144457161426544,10.0,1.0,10.0
26.0,3.8291549682617188,3.8291549682617188,0.12318909913301468,0.4923487901687622,0.21049152314662933,10.0,1.0,10.0
27.0,3.8142383098602295,3.8142383098602295,0.12276137620210648,0.49166712164878845,0.20949572324752808,10.0,1.0,10.0
28.0,3.796963930130005,3.796963930130005,0.12195491790771484,0.4907100796699524,0.2086704671382904,10.0,1.0,10.0
29.0,3.780273914337158,3.780273914337158,0.12085671722888947,0.4895293712615967,0.20821774005889893,10.0,1.0,10.0
30.0,3.766111373901367,3.766111373901367,0.11951272934675217,0.48818305134773254,0.20828010141849518,10.0,1.0,10.0
31.0,3.7552075386047363,3.7552075386047363,0.11793260276317596,0.48673486709594727,0.208914652466774,10.0,1.0,10.0
32.0,3.747286319732666,3.747286319732666,0.11611615866422653,0.48525190353393555,0.21008728444576263,10.0,1.0,10.0
33.0,3.741514205932617,3.741514205932617,0.1140885278582573,0.48380139470100403,0.2116827666759491,10.0,1.0,10.0
34.0,3.73695707321167,3.73695707321167,0.11192712932825089,0.4824446737766266,0.21352413296699524,10.0,1.0,10.0
35.0,3.7328410148620605,3.7328410148620605,0.10976660251617432,0.48123204708099365,0.21539431810379028,10.0,1.0,10.0
36.0,3.7285733222961426,3.7285733222961426,0.10777892917394638,0.48019903898239136,0.21705849468708038,10.0,1.0,10.0
37.0,3.723625898361206,3.723625898361206,0.10613749176263809,0.47936540842056274,0.2182885706424713,10.0,1.0,10.0
38.0,3.71746826171875,3.71746826171875,0.10498068481683731,0.47873663902282715,0.21889248490333557,10.0,1.0,10.0
39.0,3.7096569538116455,3.7096569538116455,0.10438912361860275,0.4783068001270294,0.2187459021806717,10.0,1.0,10.0
40.0,3.7000479698181152,3.7000479698181152,0.10438092052936554,0.4780607521533966,0.21781779825687408,10.0,1.0,10.0
41.0,3.6889755725860596,3.6889755725860596,0.10491997003555298,0.4779738485813141,0.2161802053451538,10.0,1.0,10.0
42.0,3.677241086959839,3.677241086959839,0.10592713952064514,0.47801071405410767,0.21399591863155365,10.0,1.0,10.0
43.0,3.6658577919006348,3.6658577919006348,0.10728674381971359,0.4781232178211212,0.21148672699928284,10.0,1.0,10.0
44.0,3.6556544303894043,3.6556544303894043,0.10884810984134674,0.47825121879577637,0.20889222621917725,10.0,1.0,10.0
45.0,3.6469123363494873,3.6469123363494873,0.11042822152376175,0.4783264398574829,0.2064303606748581,10.0,1.0,10.0
46.0,3.639221429824829,3.639221429824829,0.11182362586259842,0.47827965021133423,0.20427054166793823,10.0,1.0,10.0
47.0,3.631631851196289,3.631631851196289,0.11283529549837112,0.4780494272708893,0.20252293348312378,10.0,1.0,10.0
48.0,3.6230552196502686,3.6230552196502686,0.11330360919237137,0.4775910973548889,0.20124280452728271,10.0,1.0,10.0
49.0,3.6127219200134277,3.6127219200134277,0.11314239352941513,0.47688302397727966,0.20044149458408356,10.0,1.0,10.0
50.0,3.6004838943481445,3.6004838943481445,0.11235906928777695,0.4759295582771301,0.20009636878967285,10.0,1.0,10.0
51.0,3.5868051052093506,3.5868051052093506,0.11105264723300934,0.4747595191001892,0.20015192031860352,10.0,1.0,10.0
52.0,3.5724682807922363,3.5724682807922363,0.10939078032970428,0.47342103719711304,0.20051394402980804,10.0,1.0,10.0
53.0,3.558149576187134,3.558149576187134,0.1075742170214653,0.4719725251197815,0.2010434865951538,10.0,1.0,10.0
54.0,3.5440926551818848,3.5440926551818848,0.10580068081617355,0.47047296166419983,0.20156128704547882,10.0,1.0,10.0
55.0,3.530033588409424,3.530033588409424,0.10423694550991058,0.46897226572036743,0.2018691748380661,10.0,1.0,10.0
56.0,3.51539945602417,3.51539945602417,0.10300260782241821,0.4675055146217346,0.20178678631782532,10.0,1.0,10.0
57.0,3.4996352195739746,3.4996352195739746,0.1021629199385643,0.4660904109477997,0.20119157433509827,10.0,1.0,10.0
58.0,3.482456922531128,3.482456922531128,0.10172603279352188,0.4647288918495178,0.20004677772521973,10.0,1.0,10.0
59.0,3.4639015197753906,3.4639015197753906,0.10164226591587067,0.4634091556072235,0.19840696454048157,10.0,1.0,10.0
60.0,3.4441885948181152,3.4441885948181152,0.1018076092004776,0.4621068835258484,0.19640058279037476,10.0,1.0,10.0
61.0,3.4235246181488037,3.4235246181488037,0.10207659006118774,0.4607851505279541,0.19419735670089722,10.0,1.0,10.0
62.0,3.4019713401794434,3.4019713401794434,0.1022864356637001,0.4593951106071472,0.19197119772434235,10.0,1.0,10.0
63.0,3.3794400691986084,3.3794400691986084,0.10228809714317322,0.45787888765335083,0.1898680180311203,10.0,1.0,10.0
64.0,3.3557486534118652,3.3557486534118652,0.10197453200817108,0.45617660880088806,0.1879826784133911,10.0,1.0,10.0
65.0,3.3306756019592285,3.3306756019592285,0.10129690170288086,0.45423424243927,0.18634721636772156,10.0,1.0,10.0
66.0,3.303978443145752,3.303978443145752,0.10026628524065018,0.45201244950294495,0.18493032455444336,10.0,1.0,10.0
67.0,3.2754251956939697,3.2754251956939697,0.09894420951604843,0.44949236512184143,0.18364907801151276,10.0,1.0,10.0
68.0,3.2448573112487793,3.2448573112487793,0.09742762893438339,0.4466772675514221,0.18239037692546844,10.0,1.0,10.0
69.0,3.2122623920440674,3.2122623920440674,0.09583064168691635,0.44359052181243896,0.1810365468263626,10.0,1.0,10.0
70.0,3.17775297164917,3.17775297164917,0.09426121413707733,0.4402686059474945,0.1794872134923935,10.0,1.0,10.0
71.0,3.141418695449829,3.141418695449829,0.09279469400644302,0.4367528557777405,0.177671879529953,10.0,1.0,10.0
72.0,3.103160858154297,3.103160858154297,0.09145265817642212,0.4330795109272003,0.1755554974079132,10.0,1.0,10.0
73.0,3.0626745223999023,3.0626745223999023,0.09019972383975983,0.4292714595794678,0.17314060032367706,10.0,1.0,10.0
74.0,3.0196409225463867,3.0196409225463867,0.08896326273679733,0.42533132433891296,0.17046770453453064,10.0,1.0,10.0
75.0,2.9739627838134766,2.9739627838134766,0.08766457438468933,0.4212365448474884,0.16760805249214172,10.0,1.0,10.0
76.0,2.9257893562316895,2.9257893562316895,0.08624161034822464,0.4169374108314514,0.16464358568191528,10.0,1.0,10.0
77.0,2.875277042388916,2.875277042388916,0.0846526175737381,0.41236135363578796,0.16163894534111023,10.0,1.0,10.0
78.0,2.8223180770874023,2.8223180770874023,0.08286945521831512,0.4074242115020752,0.1586199253797531,10.0,1.0,10.0
79.0,2.7665534019470215,2.7665534019470215,0.08087700605392456,0.4020513892173767,0.15557318925857544,10.0,1.0,10.0
80.0,2.707690715789795,2.707690715789795,0.07868363708257675,0.39620086550712585,0.152465358376503,10.0,1.0,10.0
81.0,2.645770788192749,2.645770788192749,0.07632751017808914,0.3898792564868927,0.14926163852214813,10.0,1.0,10.0
82.0,2.5810489654541016,2.5810489654541016,0.07386334985494614,0.3831412196159363,0.14592744410037994,10.0,1.0,10.0
83.0,2.5136332511901855,2.5136332511901855,0.07133659720420837,0.37607085704803467,0.14241965115070343,10.0,1.0,10.0
84.0,2.443342924118042,2.443342924118042,0.06876911222934723,0.36875244975090027,0.13868993520736694,10.0,1.0,10.0
85.0,2.3699846267700195,2.3699846267700195,0.0661667138338089,0.3612406253814697,0.13470768928527832,10.0,1.0,10.0
86.0,2.293656349182129,2.293656349182129,0.0635295882821083,0.3535366952419281,0.13048236072063446,10.0,1.0,10.0
87.0,2.214637517929077,2.214637517929077,0.06084536015987396,0.345576673746109,0.12606072425842285,10.0,1.0,10.0
88.0,2.1330323219299316,2.1330323219299316,0.0580768883228302,0.337241530418396,0.12150219082832336,10.0,1.0,10.0
89.0,2.048717498779297,2.048717498779297,0.05517469719052315,0.3283996284008026,0.11685708910226822,10.0,1.0,10.0
90.0,1.9617115259170532,1.9617115259170532,0.05211601406335831,0.31897416710853577,0.11215773224830627,10.0,1.0,10.0
91.0,1.8723766803741455,1.8723766803741455,0.04893070086836815,0.3089997172355652,0.10740700364112854,10.0,1.0,10.0
92.0,1.7811294794082642,1.7811294794082642,0.04568690434098244,0.29862892627716064,0.10256315767765045,10.0,1.0,10.0
93.0,1.6881787776947021,1.6881787776947021,0.042457498610019684,0.28807833790779114,0.09755255281925201,10.0,1.0,10.0
94.0,1.593764305114746,1.593764305114746,0.039297327399253845,0.27753445506095886,0.09232566505670547,10.0,1.0,10.0
95.0,1.4984357357025146,1.4984357357025146,0.036227189004421234,0.2670596241950989,0.0869104191660881,10.0,1.0,10.0
96.0,1.4028222560882568,1.4028222560882568,0.033220335841178894,0.25655442476272583,0.08140644431114197,10.0,1.0,10.0
97.0,1.3073670864105225,1.3073670864105225,0.030222928151488304,0.24583587050437927,0.07593018561601639,10.0,1.0,10.0
98.0,1.2126095294952393,1.2126095294952393,0.027217397466301918,0.2348254919052124,0.0705610066652298,10.0,1.0,10.0
99.0,1.119425654411316,1.119425654411316,0.02426280453801155,0.22371578216552734,0.06530818343162537,10.0,1.0,10.0
100.0,1.0286853313446045,1.0286853313446045,0.021460646763443947,0.21295298635959625,0.06011258810758591,10.0,1.0,10.0
101.0,0.9411002993583679,0.9411002993583679,0.018892206251621246,0.20301192998886108,0.054916635155677795,10.0,1.0,10.0
102.0,0.8575770854949951,0.8575770854949951,0.016585292294621468,0.19411557912826538,0.049760859459638596,10.0,1.0,10.0
103.0,0.7791156768798828,0.7791156768798828,0.014512061141431332,0.18613380193710327,0.04478612169623375,10.0,1.0,10.0
104.0,0.706459641456604,0.706459641456604,0.012631181627511978,0.1788191795349121,0.04013286903500557,10.0,1.0,10.0
105.0,0.6404081583023071,0.6404081583023071,0.010961329564452171,0.17223790287971497,0.03585569187998772,10.0,1.0,10.0
106.0,0.5818452835083008,0.5818452835083008,0.009580448269844055,0.16691768169403076,0.03191230818629265,10.0,1.0,10.0
107.0,0.5312806367874146,0.5312806367874146,0.00854317657649517,0.16345052421092987,0.028239833191037178,10.0,1.0,10.0
108.0,0.489102303981781,0.489102303981781,0.007840779609978199,0.1619410216808319,0.024875348433852196,10.0,1.0,10.0
109.0,0.4555431008338928,0.4555431008338928,0.007419430185109377,0.16191723942756653,0.02194315381348133,10.0,1.0,10.0
110.0,0.43031948804855347,0.43031948804855347,0.0072293272241950035,0.16288425028324127,0.01951419562101364,10.0,1.0,10.0
111.0,0.41301536560058594,0.41301536560058594,0.007267569191753864,0.16489462554454803,0.01754450425505638,10.0,1.0,10.0
112.0,0.40278851985931396,0.40278851985931396,0.007522875443100929,0.1682538241147995,0.015930593013763428,10.0,1.0,10.0
113.0,0.3983787000179291,0.3983787000179291,0.00793458055704832,0.17272816598415375,0.014630472287535667,10.0,1.0,10.0
114.0,0.39839667081832886,0.39839667081832886,0.008423269726336002,0.17740482091903687,0.013675917871296406,10.0,1.0,10.0
115.0,0.4010850191116333,0.4010850191116333,0.008917666040360928,0.18144448101520538,0.01304638758301735,10.0,1.0,10.0
116.0,0.40482184290885925,0.40482184290885925,0.009373467415571213,0.18469621241092682,0.012639096938073635,10.0,1.0,10.0
117.0,0.4079473316669464,0.4079473316669464,0.009739006869494915,0.18717266619205475,0.012338460423052311,10.0,1.0,10.0
118.0,0.4091433882713318,0.4091433882713318,0.009968866594135761,0.18837444484233856,0.012108029797673225,10.0,1.0,10.0
119.0,0.4074224829673767,0.4074224829673767,0.010034307837486267,0.18760442733764648,0.011947495862841606,10.0,1.0,10.0
120.0,0.4022425711154938,0.4022425711154938,0.009926952421665192,0.18480032682418823,0.011817272752523422,10.0,1.0,10.0
121.0,0.39353707432746887,0.39353707432746887,0.009655267931520939,0.18046364188194275,0.011652076616883278,10.0,1.0,10.0
122.0,0.38160082697868347,0.38160082697868347,0.00923988875001669,0.17485705018043518,0.011434489861130714,10.0,1.0,10.0
123.0,0.3671007752418518,0.3671007752418518,0.008711789734661579,0.1678936779499054,0.011208923533558846,10.0,1.0,10.0
124.0,0.35083669424057007,0.35083669424057007,0.00810260884463787,0.15978357195854187,0.011002703569829464,10.0,1.0,10.0
125.0,0.33375024795532227,0.33375024795532227,0.007454197853803635,0.15120866894721985,0.010799960233271122,10.0,1.0,10.0
126.0,0.31667882204055786,0.31667882204055786,0.0068078129552304745,0.14267729222774506,0.010592340491712093,10.0,1.0,10.0
127.0,0.3003978729248047,0.3003978729248047,0.006193568464368582,0.13422994315624237,0.010423226282000542,10.0,1.0,10.0
128.0,0.2854389250278473,0.2854389250278473,0.005624879617244005,0.12589912116527557,0.010329101234674454,10.0,1.0,10.0
129.0,0.27218085527420044,0.27218085527420044,0.005121132824569941,0.11805151402950287,0.010291801765561104,10.0,1.0,10.0
130.0,0.2607436180114746,0.2607436180114746,0.00470174103975296,0.11100201308727264,0.010272419080138206,10.0,1.0,10.0
131.0,0.25110355019569397,0.25110355019569397,0.004366946406662464,0.10465697944164276,0.010277709923684597,10.0,1.0,10.0
132.0,0.2430512011051178,0.2430512011051178,0.004094127099961042,0.0987967848777771,0.01033131405711174,10.0,1.0,10.0
133.0,0.23630836606025696,0.23630836606025696,0.003871982917189598,0.09348775446414948,0.010410078801214695,10.0,1.0,10.0
134.0,0.23051302134990692,0.23051302134990692,0.0037053378764539957,0.08890135586261749,0.010455829091370106,10.0,1.0,10.0
135.0,0.22531095147132874,0.22531095147132874,0.003585075493901968,0.08493083715438843,0.010452935472130775,10.0,1.0,10.0
136.0,0.22035741806030273,0.22035741806030273,0.0034770858474075794,0.08130443096160889,0.010428212583065033,10.0,1.0,10.0
137.0,0.21537455916404724,0.21537455916404724,0.003362622344866395,0.07798230648040771,0.010376601479947567,10.0,1.0,10.0
138.0,0.21014399826526642,0.21014399826526642,0.003253945615142584,0.07511350512504578,0.010249103419482708,10.0,1.0,10.0
139.0,0.20453166961669922,0.20453166961669922,0.003155163722112775,0.0726696103811264,0.010031042620539665,10.0,1.0,10.0
140.0,0.19847926497459412,0.19847926497459412,0.0030418364331126213,0.07043533772230148,0.009762557223439217,10.0,1.0,10.0
141.0,0.19199919700622559,0.19199919700622559,0.0029031529556959867,0.06835191696882248,0.009461576119065285,10.0,1.0,10.0
142.0,0.1851573884487152,0.1851573884487152,0.002762775868177414,0.06655633449554443,0.009097330272197723,10.0,1.0,10.0
143.0,0.17805799841880798,0.17805799841880798,0.002634217729791999,0.06505662202835083,0.008665920235216618,10.0,1.0,10.0
144.0,0.1708313673734665,0.1708313673734665,0.0024999408051371574,0.0636683776974678,0.008216357789933681,10.0,1.0,10.0
145.0,0.16361048817634583,0.16361048817634583,0.002356036566197872,0.062322672456502914,0.007772746030241251,10.0,1.0,10.0
146.0,0.1565239429473877,0.1565239429473877,0.0022268136963248253,0.06112505495548248,0.007313074544072151,10.0,1.0,10.0
147.0,0.14967891573905945,0.14967891573905945,0.0021181716583669186,0.06005396693944931,0.006844323128461838,10.0,1.0,10.0
148.0,0.14316138625144958,0.14316138625144958,0.002012399025261402,0.058935146778821945,0.006410225294530392,10.0,1.0,10.0
149.0,0.13702461123466492,0.13702461123466492,0.0019112391164526343,0.0577404759824276,0.006017173640429974,10.0,1.0,10.0
150.0,0.13129013776779175,0.13129013776779175,0.0018302110256627202,0.05655859410762787,0.005642943549901247,10.0,1.0,10.0
151.0,0.12595200538635254,0.12595200538635254,0.0017625575419515371,0.05532291159033775,0.005300351418554783,10.0,1.0,10.0
152.0,0.12097436189651489,0.12097436189651489,0.0016951631987467408,0.0539240799844265,0.0050098649226129055,10.0,1.0,10.0
153.0,0.11630445718765259,0.11630445718765259,0.001634700340218842,0.05242042988538742,0.004753702320158482,10.0,1.0,10.0
154.0,0.11187227815389633,0.11187227815389633,0.0015855462988838553,0.05085432156920433,0.004516249056905508,10.0,1.0,10.0
155.0,0.10760898143053055,0.10760898143053055,0.0015364625724032521,0.049151115119457245,0.0043093240819871426,10.0,1.0,10.0
156.0,0.10345077514648438,0.10345077514648438,0.001484234118834138,0.04731953889131546,0.004128890112042427,10.0,1.0,10.0
157.0,0.09935174137353897,0.09935174137353897,0.001436420832760632,0.04543478414416313,0.003955274820327759,10.0,1.0,10.0
158.0,0.09529060125350952,0.09529060125350952,0.0013897084863856435,0.043492287397384644,0.003790123388171196,10.0,1.0,10.0
159.0,0.09127253293991089,0.09127253293991089,0.001337862922810018,0.0414939820766449,0.003639992792159319,10.0,1.0,10.0
160.0,0.08732716739177704,0.08732716739177704,0.0012867089826613665,0.03950725495815277,0.003495281795039773,10.0,1.0,10.0
161.0,0.08349849283695221,0.08349849283695221,0.001239210949279368,0.03757498040795326,0.003353140316903591,10.0,1.0,10.0
162.0,0.07983659207820892,0.07983659207820892,0.001190687995404005,0.03570747375488281,0.0032222240697592497,10.0,1.0,10.0
163.0,0.07638321816921234,0.07638321816921234,0.0011428173165768385,0.03393932431936264,0.0031015719287097454,10.0,1.0,10.0
164.0,0.07316190004348755,0.07316190004348755,0.0011002044193446636,0.03231137990951538,0.0029848478734493256,10.0,1.0,10.0
165.0,0.0701746717095375,0.0701746717095375,0.0010602077236399055,0.03082185797393322,0.0028750738129019737,10.0,1.0,10.0
166.0,0.06740016490221024,0.06740016490221024,0.0010198024101555347,0.029456915333867073,0.002774522639811039,10.0,1.0,10.0
167.0,0.0648001879453659,0.0648001879453659,0.0009828004986047745,0.028227660804986954,0.0026744522619992495,10.0,1.0,10.0
168.0,0.06232961639761925,0.06232961639761925,0.0009479128057137132,0.027115123346447945,0.0025735367089509964,10.0,1.0,10.0
169.0,0.05994683876633644,0.05994683876633644,0.0009100335300900042,0.02607729472219944,0.0024769208393990993,10.0,1.0,10.0
170.0,0.057623475790023804,0.057623475790023804,0.000873266311828047,0.02511722408235073,0.0023773587308824062,10.0,1.0,10.0
171.0,0.055349305272102356,0.055349305272102356,0.0008371795993298292,0.02421862632036209,0.002275888342410326,10.0,1.0,10.0
172.0,0.05313234031200409,0.05313234031200409,0.0007984779658727348,0.02335035614669323,0.002179720439016819,10.0,1.0,10.0
173.0,0.050994522869586945,0.050994522869586945,0.000761465635150671,0.0225303303450346,0.0020849534776061773,10.0,1.0,10.0
174.0,0.048963144421577454,0.048963144421577454,0.0007260243874043226,0.021747583523392677,0.001995531842112541,10.0,1.0,10.0
175.0,0.047062069177627563,0.047062069177627563,0.0006911733653396368,0.02099786512553692,0.0019152469467371702,10.0,1.0,10.0
176.0,0.04530462995171547,0.04530462995171547,0.000659189885482192,0.020290587097406387,0.0018422143766656518,10.0,1.0,10.0
177.0,0.04368986934423447,0.04368986934423447,0.0006301383837126195,0.019619841128587723,0.0017768644029274583,10.0,1.0,10.0
178.0,0.042203452438116074,0.042203452438116074,0.0006027737399563193,0.01898510381579399,0.0017190610524266958,10.0,1.0,10.0
179.0,0.04082266241312027,0.04082266241312027,0.0005779994535259902,0.018376309424638748,0.0016666357405483723,10.0,1.0,10.0
180.0,0.03952280431985855,0.03952280431985855,0.0005555902025662363,0.017804287374019623,0.0016162617830559611,10.0,1.0,10.0
181.0,0.038283757865428925,0.038283757865428925,0.0005342779913917184,0.017242690548300743,0.0015698286006227136,10.0,1.0,10.0
182.0,0.03709414601325989,0.03709414601325989,0.0005152550293132663,0.01671396754682064,0.0015227627009153366,10.0,1.0,10.0
183.0,0.035952128469944,0.035952128469944,0.0004978956421837211,0.01619558222591877,0.0014777588658034801,10.0,1.0,10.0
184.0,0.034862879663705826,0.034862879663705826,0.00048244791105389595,0.015704842284321785,0.0014333557337522507,10.0,1.0,10.0
185.0,0.03383445739746094,0.03383445739746094,0.0004691058420576155,0.015223706141114235,0.0013919691555202007,10.0,1.0,10.0
186.0,0.032873183488845825,0.032873183488845825,0.0004582972906064242,0.014775915071368217,0.0013514294987544417,10.0,1.0,10.0
187.0,0.0319807231426239,0.0319807231426239,0.000448545441031456,0.014322139322757721,0.0013173128245398402,10.0,1.0,10.0
188.0,0.03115278296172619,0.03115278296172619,0.0004421090125106275,0.013917353004217148,0.0012814339715987444,10.0,1.0,10.0
189.0,0.03038174659013748,0.03038174659013748,0.0004340555751696229,0.013477238826453686,0.0012563952477648854,10.0,1.0,10.0
190.0,0.0296602975577116,0.0296602975577116,0.0004315977275837213,0.013124577701091766,0.0012219741474837065,10.0,1.0,10.0
191.0,0.0289916954934597,0.0289916954934597,0.0004217108362354338,0.012672572396695614,0.001210201415233314,10.0,1.0,10.0
192.0,0.028410494327545166,0.028410494327545166,0.00042912340722978115,0.012437017634510994,0.0011682241456583142,10.0,1.0,10.0
193.0,0.028053775429725647,0.028053775429725647,0.0004199882096145302,0.011912993155419827,0.0011940901167690754,10.0,1.0,10.0
194.0,0.028338579460978508,0.028338579460978508,0.00048614214756526053,0.012060512788593769,0.0011416645720601082,10.0,1.0,10.0
195.0,0.030357325449585915,0.030357325449585915,0.0005613520042970777,0.011400759220123291,0.001334304572083056,10.0,1.0,10.0
196.0,0.03490108624100685,0.03490108624100685,0.0008801894728094339,0.012721617706120014,0.001337757334113121,10.0,1.0,10.0
197.0,0.03797922655940056,0.03797922655940056,0.0009708855068311095,0.011503075249493122,0.0016767297638580203,10.0,1.0,10.0
198.0,0.03139358386397362,0.03139358386397362,0.0007255991222336888,0.011967238038778305,0.001217035693116486,10.0,1.0,10.0
199.0,0.024344243109226227,0.024344243109226227,0.00035343586932867765,0.010479697026312351,0.0010330186923965812,10.0,1.0,10.0
200.0,0.028170639649033546,0.028170639649033546,0.0005430503515526652,0.01038444135338068,0.0012355694780126214,10.0,1.0,10.0
201.0,0.030886933207511902,0.030886933207511902,0.0007368360529653728,0.01162094809114933,0.001189762377180159,10.0,1.0,10.0
202.0,0.02482106164097786,0.02482106164097786,0.0004130435409024358,0.009966305457055569,0.0010724321473389864,10.0,1.0,10.0
203.0,0.023460522294044495,0.023460522294044495,0.00035803188802674413,0.009827200323343277,0.001005300204269588,10.0,1.0,10.0
204.0,0.0273037888109684,0.0273037888109684,0.0005909704486839473,0.010832219384610653,0.0010561863891780376,10.0,1.0,10.0
205.0,0.024505142122507095,0.024505142122507095,0.000440224219346419,0.009564768522977829,0.001053813030011952,10.0,1.0,10.0
206.0,0.021480794996023178,0.021480794996023178,0.0003055180422961712,0.00942695140838623,0.000899866281542927,10.0,1.0,10.0
207.0,0.024166414514183998,0.024166414514183998,0.00047444822848774493,0.010022716596722603,0.0009399215923622251,10.0,1.0,10.0
208.0,0.023335954174399376,0.023335954174399376,0.0004245256131980568,0.009080887772142887,0.0010009810794144869,10.0,1.0,10.0
209.0,0.020322127267718315,0.020322127267718315,0.00029401801293715835,0.008985075168311596,0.0008396871853619814,10.0,1.0,10.0
210.0,0.021783990785479546,0.021783990785479546,0.0003971456899307668,0.009252777323126793,0.0008559756097383797,10.0,1.0,10.0
211.0,0.021906621754169464,0.021906621754169464,0.0003940954920835793,0.008559802547097206,0.0009405863238498569,10.0,1.0,10.0
212.0,0.01940970867872238,0.01940970867872238,0.00029189419001340866,0.008521654643118382,0.0007969112484715879,10.0,1.0,10.0
213.0,0.019949445500969887,0.019949445500969887,0.00034229952143505216,0.008576817810535431,0.0007949632708914578,10.0,1.0,10.0
214.0,0.020467616617679596,0.020467616617679596,0.00035843922523781657,0.008082062005996704,0.0008801162475720048,10.0,1.0,10.0
215.0,0.018580244854092598,0.018580244854092598,0.0002868758456315845,0.008109929040074348,0.0007601557299494743,10.0,1.0,10.0
216.0,0.01847497746348381,0.01847497746348381,0.0002979890559799969,0.008035436272621155,0.0007459650514647365,10.0,1.0,10.0
217.0,0.01908748969435692,0.01908748969435692,0.00031953936559148133,0.007689544931054115,0.0008202550234273076,10.0,1.0,10.0
218.0,0.017787761986255646,0.017787761986255646,0.0002764154633041471,0.007776129059493542,0.0007247478934004903,10.0,1.0,10.0
219.0,0.017264841124415398,0.017264841124415398,0.00026106651057489216,0.007611221633851528,0.0007042954675853252,10.0,1.0,10.0
220.0,0.017789021134376526,0.017789021134376526,0.0002807225100696087,0.0073644551448524,0.000761734030675143,10.0,1.0,10.0
221.0,0.017016500234603882,0.017016500234603882,0.0002628661459311843,0.00748458132147789,0.0006903257453814149,10.0,1.0,10.0
222.0,0.016276219859719276,0.016276219859719276,0.00023315317230299115,0.007246868684887886,0.0006697819335386157,10.0,1.0,10.0
223.0,0.01658562384545803,0.01658562384545803,0.0002451431646477431,0.007058532442897558,0.0007075660396367311,10.0,1.0,10.0
224.0,0.01623859442770481,0.01623859442770481,0.00024827741435728967,0.007181352470070124,0.0006574467988684773,10.0,1.0,10.0
225.0,0.015468462370336056,0.015468462370336056,0.00021454188390634954,0.006892423611134291,0.0006430619396269321,10.0,1.0,10.0
226.0,0.01549516525119543,0.01549516525119543,0.00021532723621930927,0.0067421067506074905,0.0006599786574952304,10.0,1.0,10.0
227.0,0.01542530208826065,0.01542530208826065,0.00023238743597175926,0.006841148249804974,0.0006260279333218932,10.0,1.0,10.0
228.0,0.01478969119489193,0.01478969119489193,0.0002026050933636725,0.0065378001891076565,0.0006225840770639479,10.0,1.0,10.0
229.0,0.014551447704434395,0.014551447704434395,0.00019325381435919553,0.006426382809877396,0.0006192526197992265,10.0,1.0,10.0
230.0,0.01457899808883667,0.01457899808883667,0.0002140331343980506,0.006480568088591099,0.000595809833612293,10.0,1.0,10.0
231.0,0.014175692573189735,0.014175692573189735,0.00019305836758576334,0.006206542253494263,0.0006038566934876144,10.0,1.0,10.0
232.0,0.013780578039586544,0.013780578039586544,0.00017934813513420522,0.0061426106840372086,0.0005844485713168979,10.0,1.0,10.0
233.0,0.013740825466811657,0.013740825466811657,0.00019328322377987206,0.006136526353657246,0.0005671466933563352,10.0,1.0,10.0
234.0,0.013556966558098793,0.013556966558098793,0.0001814812421798706,0.005923097487539053,0.0005819055950269103,10.0,1.0,10.0
235.0,0.01316341944038868,0.01316341944038868,0.00017114613729063421,0.005906990263611078,0.0005544968298636377,10.0,1.0,10.0
236.0,0.012978238984942436,0.012978238984942436,0.00017269168165512383,0.005836473777890205,0.0005414848565123975,10.0,1.0,10.0
237.0,0.012896770611405373,0.012896770611405373,0.00016583362594246864,0.0056900158524513245,0.0005548418266698718,10.0,1.0,10.0
238.0,0.012627903372049332,0.012627903372049332,0.00016435970610473305,0.005705426447093487,0.0005278879543766379,10.0,1.0,10.0
239.0,0.012347480282187462,0.012347480282187462,0.00015586243534926325,0.005584219936281443,0.000520463683642447,10.0,1.0,10.0
240.0,0.012229358777403831,0.012229358777403831,0.00014897050277795643,0.005492927506566048,0.0005246726213954389,10.0,1.0,10.0
241.0,0.01208911370486021,0.01208911370486021,0.0001550233573652804,0.005507462192326784,0.0005031417822465301,10.0,1.0,10.0
242.0,0.011837407946586609,0.011837407946586609,0.00014380351058207452,0.005367362406104803,0.000503200979437679,10.0,1.0,10.0
243.0,0.01163604948669672,0.01163604948669672,0.0001362504408461973,0.005316624883562326,0.000495692016556859,10.0,1.0,10.0
244.0,0.01152239553630352,0.01152239553630352,0.00014227449719328433,0.005296137183904648,0.00048035127110779285,10.0,1.0,10.0
245.0,0.01136543694883585,0.01136543694883585,0.00013358038268052042,0.005172607488930225,0.000485702563310042,10.0,1.0,10.0
246.0,0.011154149658977985,0.011154149658977985,0.00012973209959454834,0.005150884855538607,0.0004705943865701556,10.0,1.0,10.0
247.0,0.010989973321557045,0.010989973321557045,0.00012945642811246216,0.005083292257040739,0.00046121171908453107,10.0,1.0,10.0
248.0,0.01087264809757471,0.01087264809757471,0.0001229529152624309,0.004996802192181349,0.00046463165199384093,10.0,1.0,10.0
249.0,0.010724686086177826,0.010724686086177826,0.00012525114289019257,0.004986628890037537,0.0004485545214265585,10.0,1.0,10.0
250.0,0.010548092424869537,0.010548092424869537,0.00011979269766015932,0.004893194884061813,0.000445697020040825,10.0,1.0,10.0
251.0,0.01040111668407917,0.01040111668407917,0.0001143450426752679,0.00484562898054719,0.0004412037378642708,10.0,1.0,10.0
252.0,0.010284299030900002,0.010284299030900002,0.00011798198102042079,0.004820439498871565,0.0004284039605408907,10.0,1.0,10.0
253.0,0.010153746232390404,0.010153746232390404,0.00011185876792296767,0.0047365701757371426,0.0004298588610254228,10.0,1.0,10.0
254.0,0.010004245676100254,0.010004245676100254,0.00010980670776916668,0.004716974217444658,0.00041892044828273356,10.0,1.0,10.0
255.0,0.009867931716144085,0.009867931716144085,0.00010912340803770348,0.004662868566811085,0.000411382905440405,10.0,1.0,10.0
256.0,0.009753784164786339,0.009753784164786339,0.00010374503472121432,0.004608086310327053,0.00041082478128373623,10.0,1.0,10.0
257.0,0.009639453142881393,0.009639453142881393,0.0001055598258972168,0.004592938348650932,0.0003990916593465954,10.0,1.0,10.0
258.0,0.009512905962765217,0.009512905962765217,0.00010150774323847145,0.004526239819824696,0.0003971588739659637,10.0,1.0,10.0
259.0,0.009387210011482239,0.009387210011482239,9.792267519515008e-05,0.004498443566262722,0.00039095396641641855,10.0,1.0,10.0
260.0,0.009275352582335472,0.009275352582335472,9.884379687719047e-05,0.004463026765733957,0.00038238876732066274,10.0,1.0,10.0
261.0,0.009171970188617706,0.009171970188617706,9.432800288777798e-05,0.004409685730934143,0.0003819004923570901,10.0,1.0,10.0
262.0,0.009064977988600731,0.009064977988600731,9.439691348234192e-05,0.0043923319317400455,0.0003728677402250469,10.0,1.0,10.0
263.0,0.008953327313065529,0.008953327313065529,9.225867688655853e-05,0.0043390002101659775,0.00036917405668646097,10.0,1.0,10.0
264.0,0.008845504373311996,0.008845504373311996,8.874003106029704e-05,0.004308008588850498,0.00036500958958640695,10.0,1.0,10.0
265.0,0.008746562525629997,0.008746562525629997,8.960293052950874e-05,0.004278221167623997,0.00035723118344321847,10.0,1.0,10.0
266.0,0.008652469143271446,0.008652469143271446,8.629668445792049e-05,0.004231182858347893,0.0003558319585863501,10.0,1.0,10.0
267.0,0.008556763641536236,0.008556763641536236,8.572574006393552e-05,0.004211898427456617,0.0003487608046270907,10.0,1.0,10.0
268.0,0.008458683267235756,0.008458683267235756,8.448566950391978e-05,0.004167221952229738,0.00034466051147319376,10.0,1.0,10.0
269.0,0.008362891152501106,0.008362891152501106,8.161280857166275e-05,0.004138668533414602,0.0003408094635233283,10.0,1.0,10.0
270.0,0.008273046463727951,0.008273046463727951,8.201529271900654e-05,0.004110138397663832,0.00033427547896280885,10.0,1.0,10.0
271.0,0.008187801577150822,0.008187801577150822,7.961489609442651e-05,0.004070722497999668,0.0003320929827168584,10.0,1.0,10.0
272.0,0.00810297578573227,0.00810297578573227,7.900844502728432e-05,0.004050832241773605,0.0003262059180997312,10.0,1.0,10.0
273.0,0.00801658071577549,0.00801658071577549,7.801279571140185e-05,0.004011253826320171,0.0003225199179723859,10.0,1.0,10.0
274.0,0.007930458523333073,0.007930458523333073,7.586950232507661e-05,0.003986703231930733,0.000318506034091115,10.0,1.0,10.0
275.0,0.007847728207707405,0.007847728207707405,7.573970651719719e-05,0.003956778906285763,0.00031335523817688227,10.0,1.0,10.0
276.0,0.007769296411424875,0.007769296411424875,7.389451639028266e-05,0.003924241755157709,0.000310610921587795,10.0,1.0,10.0
277.0,0.007693283259868622,0.007693283259868622,7.333047688007355e-05,0.0039026723243296146,0.0003057305875699967,10.0,1.0,10.0
278.0,0.007617277558892965,0.007617277558892965,7.238648686325178e-05,0.00386708858422935,0.00030263239750638604,10.0,1.0,10.0
279.0,0.00754061434417963,0.00754061434417963,7.091050792951137e-05,0.0038458663038909435,0.00029856429318897426,10.0,1.0,10.0
280.0,0.007464654743671417,0.007464654743671417,7.035335875116289e-05,0.0038141729310154915,0.00029469479341059923,10.0,1.0,10.0
281.0,0.00739109143614769,0.00739109143614769,6.89423832227476e-05,0.003788551315665245,0.00029131167684681714,10.0,1.0,10.0
282.0,0.007320466451346874,0.007320466451346874,6.824945739936084e-05,0.003763693617656827,0.00028742782888002694,10.0,1.0,10.0
283.0,0.007251898758113384,0.007251898758113384,6.74756956868805e-05,0.0037340305279940367,0.00028431115788407624,10.0,1.0,10.0
284.0,0.0071841049939394,0.0071841049939394,6.644066888839006e-05,0.003713400335982442,0.00028062978526577353,10.0,1.0,10.0
285.0,0.007116410415619612,0.007116410415619612,6.58734206808731e-05,0.003682729322463274,0.0002774946915451437,10.0,1.0,10.0
286.0,0.007049022242426872,0.007049022242426872,6.486579513875768e-05,0.0036622304469347,0.0002738134062383324,10.0,1.0,10.0
287.0,0.006982690654695034,0.006982690654695034,6.404003215720877e-05,0.003633758518844843,0.00027085316833108664,10.0,1.0,10.0
288.0,0.006917942315340042,0.006917942315340042,6.350463081616908e-05,0.0036110482178628445,0.0002671848051249981,10.0,1.0,10.0
289.0,0.00685487687587738,0.00685487687587738,6.239657523110509e-05,0.0035861532669514418,0.0002644757623784244,10.0,1.0,10.0
290.0,0.006793194450438023,0.006793194450438023,6.220962677616626e-05,0.00356086203828454,0.00026102366973645985,10.0,1.0,10.0
291.0,0.0067325071431696415,0.0067325071431696415,6.11261639278382e-05,0.003538934513926506,0.0002582311281003058,10.0,1.0,10.0
292.0,0.006672571878880262,0.006672571878880262,6.078578735468909e-05,0.0035119373351335526,0.00025527767138555646,10.0,1.0,10.0
293.0,0.006613328121602535,0.006613328121602535,6.010831566527486e-05,0.0034916442818939686,0.0002520600683055818,10.0,1.0,10.0
294.0,0.006554849445819855,0.006554849445819855,5.926137600908987e-05,0.003464251756668091,0.0002497983805369586,10.0,1.0,10.0
295.0,0.006497190333902836,0.006497190333902836,5.915742804063484e-05,0.0034444890916347504,0.00024611272965557873,10.0,1.0,10.0
296.0,0.006440397351980209,0.006440397351980209,5.781273284810595e-05,0.0034177429042756557,0.00024445270537398756,10.0,1.0,10.0
297.0,0.006384438835084438,0.006384438835084438,5.81317362957634e-05,0.0033978649880737066,0.0002405256382189691,10.0,1.0,10.0
298.0,0.00632927380502224,0.00632927380502224,5.6561151723144576e-05,0.0033722666557878256,0.0002391395828453824,10.0,1.0,10.0
299.0,0.006274863611906767,0.006274863611906767,5.698081076843664e-05,0.0033520215656608343,0.0002353033924009651,10.0,1.0,10.0
300.0,0.006221202202141285,0.006221202202141285,5.5512846302008256e-05,0.0033276285976171494,0.00023384453379549086,10.0,1.0,10.0
301.0,0.006168288178741932,0.006168288178741932,5.5748394515831023e-05,0.0033070098143070936,0.00023037944629322737,10.0,1.0,10.0
302.0,0.006116124801337719,0.006116124801337719,5.4608022765023634e-05,0.0032836375758051872,0.00022864066704642028,10.0,1.0,10.0
303.0,0.00606470787897706,0.00606470787897706,5.452131517813541e-05,0.0032627421896904707,0.00022567524865735322,10.0,1.0,10.0
304.0,0.006014022510498762,0.006014022510498762,5.377423804020509e-05,0.003240106860175729,0.00022361731680575758,10.0,1.0,10.0
305.0,0.005964044481515884,0.005964044481515884,5.3370793466456234e-05,0.0032190741039812565,0.00022112621809355915,10.0,1.0,10.0
306.0,0.005914745386689901,0.005914745386689901,5.2955758292227983e-05,0.0031968997791409492,0.00021882880537305027,10.0,1.0,10.0
307.0,0.0058660972863435745,0.0058660972863435745,5.232818148215301e-05,0.0031758977565914392,0.00021669181296601892,10.0,1.0,10.0
308.0,0.005818079691380262,0.005818079691380262,5.212593168835156e-05,0.003153956728056073,0.00021428635227493942,10.0,1.0,10.0
309.0,0.0057706753723323345,0.0057706753723323345,5.139284621691331e-05,0.0031332080252468586,0.00021235388703644276,10.0,1.0,10.0
310.0,0.00572388106957078,0.00572388106957078,5.127969416207634e-05,0.0031113014556467533,0.00020997827232349664,10.0,1.0,10.0
311.0,0.005677694454789162,0.005677694454789162,5.0552836910355836e-05,0.0030911127105355263,0.000208105324418284,10.0,1.0,10.0
312.0,0.0056321462616324425,0.0056321462616324425,5.041823169449344e-05,0.0030689691193401814,0.00020589948690030724,10.0,1.0,10.0
313.0,0.005587284453213215,0.005587284453213215,4.981184611096978e-05,0.0030498241540044546,0.0002039341488853097,10.0,1.0,10.0
314.0,0.005543245933949947,0.005543245933949947,4.9544898502063006e-05,0.0030269266571849585,0.00020208705973345786,10.0,1.0,10.0
315.0,0.0055003296583890915,0.0055003296583890915,4.924777749693021e-05,0.0030097467824816704,0.00019981049990747124,10.0,1.0,10.0
316.0,0.005459207110106945,0.005459207110106945,4.870116390520707e-05,0.0029850308783352375,0.00019871644326485693,10.0,1.0,10.0
317.0,0.005421370733529329,0.005421370733529329,4.9196034524356946e-05,0.002971971407532692,0.00019574387988541275,10.0,1.0,10.0
318.0,0.005390302278101444,0.005390302278101444,4.823713607038371e-05,0.0029434191528707743,0.0001964511611731723,10.0,1.0,10.0
319.0,0.005374111235141754,0.005374111235141754,5.113503721076995e-05,0.0029404168017208576,0.00019223440904170275,10.0,1.0,10.0
320.0,0.005392204504460096,0.005392204504460096,5.0512873713159934e-05,0.002905692905187607,0.0001981382811209187,10.0,1.0,10.0
321.0,0.005491501651704311,0.005491501651704311,6.250303704291582e-05,0.002932823495939374,0.00019336478726472706,10.0,1.0,10.0
322.0,0.005786586552858353,0.005786586552858353,7.058674236759543e-05,0.0029005948454141617,0.0002180124429287389,10.0,1.0,10.0
323.0,0.00655511487275362,0.00655511487275362,0.0001246218744199723,0.0030418233945965767,0.00022670728503726423,10.0,1.0,10.0
324.0,0.008437837474048138,0.008437837474048138,0.00019967863045167178,0.0031153401359915733,0.0003325711004436016,10.0,1.0,10.0
325.0,0.012705305591225624,0.012705305591225624,0.00045085232704877853,0.003731639590114355,0.0004465141682885587,10.0,1.0,10.0
326.0,0.020769240334630013,0.020769240334630013,0.0008091793279163539,0.00433838926255703,0.0008339057676494122,10.0,1.0,10.0
327.0,0.030290352180600166,0.030290352180600166,0.0013647431042045355,0.005692468956112862,0.0010950451251119375,10.0,1.0,10.0
328.0,0.02981683611869812,0.02981683611869812,0.0012634005397558212,0.005272224545478821,0.0011910605244338512,10.0,1.0,10.0
329.0,0.014294564723968506,0.014294564723968506,0.0005461512482725084,0.0038532461039721966,0.0004979806253686547,10.0,1.0,10.0
330.0,0.004963877145200968,0.004963877145200968,4.633266507880762e-05,0.0027122790925204754,0.00017882714746519923,10.0,1.0,10.0
331.0,0.01380827371031046,0.01380827371031046,0.0004720574361272156,0.003550961846485734,0.0005536737735383213,10.0,1.0,10.0
332.0,0.019820602610707283,0.019820602610707283,0.0008361879736185074,0.004429919645190239,0.0007028803811408579,10.0,1.0,10.0
333.0,0.010162189602851868,0.010162189602851868,0.00029573935898952186,0.0031662178225815296,0.00040385776082985103,10.0,1.0,10.0
334.0,0.005183655768632889,0.005183655768632889,5.7226730859838426e-05,0.002672874368727207,0.0001938513742061332,10.0,1.0,10.0
335.0,0.012739505618810654,0.012739505618810654,0.00046989027759991586,0.003602063050493598,0.00044385396176949143,10.0,1.0,10.0
336.0,0.012987214140594006,0.012987214140594006,0.0004381046164780855,0.003441217355430126,0.0005164950271137059,10.0,1.0,10.0
337.0,0.005479601677507162,0.005479601677507162,8.517102105543017e-05,0.002734607318416238,0.00018932842067442834,10.0,1.0,10.0
338.0,0.007234408054500818,0.007234408054500818,0.00018388102762401104,0.0029480289667844772,0.0002447568695060909,10.0,1.0,10.0
339.0,0.011481891386210918,0.011481891386210918,0.00036486939643509686,0.0032715769484639168,0.0004561620589811355,10.0,1.0,10.0
340.0,0.007085062097758055,0.007085062097758055,0.00017533183563500643,0.0029095078352838755,0.0002422235847916454,10.0,1.0,10.0
341.0,0.004996348172426224,0.004996348172426224,6.46883127046749e-05,0.002642964478582144,0.00017065004794858396,10.0,1.0,10.0
342.0,0.00888639222830534,0.00888639222830534,0.0002395573101239279,0.00298140337690711,0.0003509415837470442,10.0,1.0,10.0
343.0,0.007777235005050898,0.007777235005050898,0.00021669174020644277,0.0029579668771475554,0.0002652350813150406,10.0,1.0,10.0
344.0,0.0045852879993617535,0.0045852879993617535,4.0386428736383095e-05,0.0025396905839443207,0.00016417332517448813,10.0,1.0,10.0
345.0,0.006705236155539751,0.006705236155539751,0.00013630950707010925,0.002724207006394863,0.00026179343694821,10.0,1.0,10.0
346.0,0.007560684811323881,0.007560684811323881,0.0002097178075928241,0.002895004115998745,0.00025685023865662515,10.0,1.0,10.0
347.0,0.004859583452343941,0.004859583452343941,5.244663043413311e-05,0.002520815934985876,0.00018143010674975812,10.0,1.0,10.0
348.0,0.005289255641400814,0.005289255641400814,7.310367072932422e-05,0.0025491088163107634,0.0002009110030485317,10.0,1.0,10.0
349.0,0.006833754014223814,0.006833754014223814,0.00017439240764360875,0.0027747098356485367,0.00023151202185545117,10.0,1.0,10.0
350.0,0.005218843463808298,0.005218843463808298,7.116288179531693e-05,0.002522336784750223,0.00019848780357278883,10.0,1.0,10.0
351.0,0.0045636799186468124,0.0045636799186468124,4.444169462658465e-05,0.002453339984640479,0.00016659231914673,10.0,1.0,10.0
352.0,0.005948556587100029,0.005948556587100029,0.0001293132663704455,0.0026389779523015022,0.0002016445796471089,10.0,1.0,10.0
353.0,0.005404162220656872,0.005404162220656872,8.352589793503284e-05,0.0025130852591246367,0.00020558178948704153,10.0,1.0,10.0
354.0,0.004325920715928078,0.004325920715928078,3.8922677049413323e-05,0.00241134874522686,0.0001525345433037728,10.0,1.0,10.0
355.0,0.005137523170560598,0.005137523170560598,8.771532156970352e-05,0.0025130899157375097,0.0001747279748087749,10.0,1.0,10.0
356.0,0.005345208570361137,0.005345208570361137,8.411577437072992e-05,0.0024789373856037855,0.00020251134992577136,10.0,1.0,10.0
357.0,0.004366658627986908,0.004366658627986908,4.5935212256154045e-05,0.0023949197493493557,0.00015123870980460197,10.0,1.0,10.0
358.0,0.004536483436822891,0.004536483436822891,5.743352812714875e-05,0.0024088318459689617,0.00015533165424130857,10.0,1.0,10.0
359.0,0.005069745238870382,0.005069745238870382,7.373292464762926e-05,0.002421432873234153,0.00019109829736407846,10.0,1.0,10.0
360.0,0.004492868669331074,0.004492868669331074,5.679423702531494e-05,0.0023827608674764633,0.00015421655552927405,10.0,1.0,10.0
361.0,0.004202262498438358,0.004202262498438358,4.091065056854859e-05,0.002332517644390464,0.0001460638304706663,10.0,1.0,10.0
362.0,0.004677478224039078,0.004677478224039078,5.7976896641775966e-05,0.0023529406171292067,0.00017447685240767896,10.0,1.0,10.0
363.0,0.004551785532385111,0.004551785532385111,6.396987737389281e-05,0.002360499231144786,0.00015515876293648034,10.0,1.0,10.0
364.0,0.00410176906734705,0.00410176906734705,3.623145312303677e-05,0.0022840136662125587,0.00014554406516253948,10.0,1.0,10.0
365.0,0.004298482555896044,0.004298482555896044,4.364097549114376e-05,0.002287717303261161,0.00015743552648928016,10.0,1.0,10.0
366.0,0.004469091072678566,0.004469091072678566,6.299249071162194e-05,0.00232186377979815,0.00015173025894910097,10.0,1.0,10.0
367.0,0.00413254089653492,0.00413254089653492,3.853024463751353e-05,0.002254021354019642,0.00014932171325199306,10.0,1.0,10.0
368.0,0.0040406170301139355,0.0040406170301139355,3.614063825807534e-05,0.0022375034168362617,0.0001441706990590319,10.0,1.0,10.0
369.0,0.004262182861566544,0.004262182861566544,5.431551471701823e-05,0.0022680137772113085,0.00014510139590129256,10.0,1.0,10.0
370.0,0.004163490608334541,0.004163490608334541,4.2045838199555874e-05,0.0022272204514592886,0.00015158118912950158,10.0,1.0,10.0
371.0,0.003939582034945488,0.003939582034945488,3.625689714681357e-05,0.002203896176069975,0.00013731169747188687,10.0,1.0,10.0
372.0,0.004025384318083525,0.004025384318083525,4.3274721974739805e-05,0.002208998892456293,0.00013836381549481302,10.0,1.0,10.0
373.0,0.004103775601834059,0.004103775601834059,4.226320015732199e-05,0.0021926402114331722,0.00014885031851008534,10.0,1.0,10.0
374.0,0.0039368886500597,0.0039368886500597,4.024352892884053e-05,0.002178693888708949,0.00013557593047153205,10.0,1.0,10.0
375.0,0.0038598463870584965,0.0038598463870584965,3.5902889067074284e-05,0.0021575838327407837,0.00013432337436825037,10.0,1.0,10.0
376.0,0.0039552790112793446,0.0039552790112793446,3.83505284844432e-05,0.0021500615403056145,0.00014217120769899338,10.0,1.0,10.0
377.0,0.00392836332321167,0.00392836332321167,4.301037188270129e-05,0.0021508310455828905,0.00013474289153236896,10.0,1.0,10.0
378.0,0.003798744175583124,0.003798744175583124,3.4079912438755855e-05,0.002119026379659772,0.0001338918664259836,10.0,1.0,10.0
379.0,0.0037974356673657894,0.0037974356673657894,3.411114448681474e-05,0.0021085557527840137,0.0001347768702544272,10.0,1.0,10.0
380.0,0.003848216962069273,0.003848216962069273,4.154084308538586e-05,0.002114376053214073,0.0001318432332482189,10.0,1.0,10.0
381.0,0.003784457454457879,0.003784457454457879,3.4876473364420235e-05,0.002088539768010378,0.00013471530110109597,10.0,1.0,10.0
382.0,0.0037053267005831003,0.0037053267005831003,3.356788511155173e-05,0.002075749449431896,0.00012938983854837716,10.0,1.0,10.0
383.0,0.003723137080669403,0.003723137080669403,3.694584302138537e-05,0.002072341274470091,0.00012813374632969499,10.0,1.0,10.0
384.0,0.0037362449802458286,0.0037362449802458286,3.467302303761244e-05,0.002057256642729044,0.00013322581071406603,10.0,1.0,10.0
385.0,0.003672910388559103,0.003672910388559103,3.585740705602802e-05,0.002049163682386279,0.0001265172759303823,10.0,1.0,10.0
386.0,0.0036261477507650852,0.0036261477507650852,3.309955354779959e-05,0.0020330320112407207,0.00012621200585272163,10.0,1.0,10.0
387.0,0.0036396861542016268,0.0036396861542016268,3.3121159503934905e-05,0.002022637752816081,0.00012858367699664086,10.0,1.0,10.0
388.0,0.003633385756984353,0.003633385756984353,3.6709443520521745e-05,0.002019757404923439,0.00012465337931644171,10.0,1.0,10.0
389.0,0.003581298515200615,0.003581298515200615,3.2253446988761425e-05,0.0020001037046313286,0.00012586601951625198,10.0,1.0,10.0
390.0,0.0035499075893312693,0.0035499075893312693,3.226991248084232e-05,0.0019893792923539877,0.0001237829274032265,10.0,1.0,10.0
391.0,0.003554652677848935,0.003554652677848935,3.463102621026337e-05,0.001984214410185814,0.00012241280637681484,10.0,1.0,10.0
392.0,0.0035414271987974644,0.0035414271987974644,3.246154301450588e-05,0.0019695167429745197,0.0001247295003850013,10.0,1.0,10.0
393.0,0.00350026972591877,0.00350026972591877,3.302210825495422e-05,0.001960404682904482,0.00012096438877051696,10.0,1.0,10.0
394.0,0.00347460201010108,0.00347460201010108,3.219841528334655e-05,0.0019485997036099434,0.00012040181900374591,10.0,1.0,10.0
395.0,0.003471941454336047,0.003471941454336047,3.157129685860127e-05,0.0019378814613446593,0.00012183471699245274,10.0,1.0,10.0
396.0,0.0034577110782265663,0.0034577110782265663,3.3657106541795656e-05,0.0019320150604471564,0.00011891248868778348,10.0,1.0,10.0
397.0,0.003424982773140073,0.003424982773140073,3.116329025942832e-05,0.0019175366032868624,0.00011958132381550968,10.0,1.0,10.0
398.0,0.003400991205126047,0.003400991205126047,3.103879134869203e-05,0.0019077977631241083,0.00011828056449303403,10.0,1.0,10.0
399.0,0.0033929047640413046,0.0033929047640413046,3.242894308641553e-05,0.0019007842056453228,0.00011678312148433179,10.0,1.0,10.0
400.0,0.003379605244845152,0.003379605244845152,3.073198240599595e-05,0.0018887383630499244,0.00011835469194920734,10.0,1.0,10.0
401.0,0.003353299107402563,0.003353299107402563,3.174790253979154e-05,0.001880647148936987,0.00011551730131031945,10.0,1.0,10.0
402.0,0.003329862141981721,0.003329862141981721,3.062977339141071e-05,0.0018693708116188645,0.00011541935964487493,10.0,1.0,10.0
403.0,0.0033176157157868147,0.0033176157157868147,3.0323993996717036e-05,0.0018595504807308316,0.00011548253678483889,10.0,1.0,10.0
404.0,0.00330519606359303,0.00330519606359303,3.161176937283017e-05,0.0018524088663980365,0.00011366693797754124,10.0,1.0,10.0
405.0,0.003284056670963764,0.003284056670963764,3.0033193979761563e-05,0.0018404870061203837,0.00011432378960307688,10.0,1.0,10.0
406.0,0.0032615764066576958,0.0032615764066576958,3.03126380458707e-05,0.0018314261687919497,0.00011270240065641701,10.0,1.0,10.0
407.0,0.0032460675574839115,0.0032460675574839115,3.039642069779802e-05,0.001822346355766058,0.00011197571438970044,10.0,1.0,10.0
408.0,0.003233561059460044,0.003233561059460044,2.9667828130186535e-05,0.0018122474430128932,0.00011246353096794337,10.0,1.0,10.0
409.0,0.0032164736185222864,0.0032164736185222864,3.054881381103769e-05,0.0018043778836727142,0.00011066075239796191,10.0,1.0,10.0
410.0,0.0031959498301148415,0.0031959498301148415,2.9491544410120696e-05,0.001793700153939426,0.00011073340283473954,10.0,1.0,10.0
411.0,0.003178307320922613,0.003178307320922613,2.9397662729024887e-05,0.0017846591072157025,0.00010996716446243227,10.0,1.0,10.0
412.0,0.0031645395793020725,0.0031645395793020725,2.9950773750897497e-05,0.0017765602096915245,0.00010884717630688101,10.0,1.0,10.0
413.0,0.0031499681062996387,0.0031499681062996387,2.896319165301975e-05,0.001766724162735045,0.00010936120816040784,10.0,1.0,10.0
414.0,0.003132210113108158,0.003132210113108158,2.967866566905286e-05,0.0017587330657988787,0.00010766902414616197,10.0,1.0,10.0
415.0,0.003114099847152829,0.003114099847152829,2.8856158678536303e-05,0.001749092829413712,0.00010764454054879025,10.0,1.0,10.0
416.0,0.0030985954217612743,0.0030985954217612743,2.8822973035858013e-05,0.0017404283862560987,0.00010699372796807438,10.0,1.0,10.0
417.0,0.0030846199952065945,0.0030846199952065945,2.91332744382089e-05,0.0017323883948847651,0.00010608989396132529,10.0,1.0,10.0
418.0,0.0030694003216922283,0.0030694003216922283,2.849308839358855e-05,0.001723171561025083,0.00010612979531288147,10.0,1.0,10.0
419.0,0.003052571788430214,0.003052571788430214,2.872580080293119e-05,0.0017149383202195168,0.00010503752855584025,10.0,1.0,10.0
420.0,0.0030361395329236984,0.0030361395329236984,2.8460448447731324e-05,0.001706119510345161,0.00010454154835315421,10.0,1.0,10.0
421.0,0.003021355252712965,0.003021355252712965,2.803844108711928e-05,0.0016974357422441244,0.00010435352305648848,10.0,1.0,10.0
422.0,0.003007245250046253,0.003007245250046253,2.8640555683523417e-05,0.0016896442975848913,0.00010311952064512298,10.0,1.0,10.0
423.0,0.0029923426918685436,0.0029923426918685436,2.76918235613266e-05,0.0016806090716272593,0.00010348152136430144,10.0,1.0,10.0
424.0,0.0029766224324703217,0.0029766224324703217,2.834685437846929e-05,0.0016728080809116364,0.00010203459532931447,10.0,1.0,10.0
425.0,0.00296123162843287,0.00296123162843287,2.7548752768780105e-05,0.001664023962803185,0.00010217200906481594,10.0,1.0,10.0
426.0,0.0029468536376953125,0.0029468536376953125,2.7916581530007534e-05,0.001656157779507339,0.00010115300392499194,10.0,1.0,10.0
427.0,0.0029330351389944553,0.0029330351389944553,2.7471300199977122e-05,0.0016478912439197302,0.0001010431005852297,10.0,1.0,10.0
428.0,0.0029189931228756905,0.0029189931228756905,2.7824209610116668e-05,0.0016401507891714573,0.00010006001684814692,10.0,1.0,10.0
429.0,0.002904679160565138,0.002904679160565138,2.6968813472194597e-05,0.0016316691180691123,0.0001003322031465359,10.0,1.0,10.0
430.0,0.002890836913138628,0.002890836913138628,2.8104430384701118e-05,0.0016245974693447351,9.851951472228393e-05,10.0,1.0,10.0
431.0,0.0028782952576875687,0.0028782952576875687,2.6123727366211824e-05,0.001615598681382835,0.0001001459313556552,10.0,1.0,10.0
432.0,0.002867626491934061,0.002867626491934061,2.890026371460408e-05,0.0016099137719720602,9.687101555755362e-05,10.0,1.0,10.0
433.0,0.0028597076889127493,0.0028597076889127493,2.5202296455972828e-05,0.0016001913463696837,0.00010074933379655704,10.0,1.0,10.0
434.0,0.0028569160494953394,0.0028569160494953394,3.0541690648533404e-05,0.0015967779327183962,9.547211811877787e-05,10.0,1.0,10.0
435.0,0.0028646972496062517,0.0028646972496062517,2.43533868342638e-05,0.0015864025335758924,0.00010347608622396365,10.0,1.0,10.0
436.0,0.002894131001085043,0.002894131001085043,3.488547736196779e-05,0.001588660990819335,9.566151857143268e-05,10.0,1.0,10.0
437.0,0.0029672416858375072,0.0029672416858375072,2.5015648134285584e-05,0.0015798110980540514,0.00011372739390935749,10.0,1.0,10.0
438.0,0.0031282403506338596,0.0031282403506338596,4.845205694437027e-05,0.0015993615379557014,0.00010443579958518967,10.0,1.0,10.0
439.0,0.003463266883045435,0.003463266883045435,3.504436608636752e-05,0.0016044958028942347,0.00015083275502547622,10.0,1.0,10.0
440.0,0.004129116889089346,0.004129116889089346,9.277126082452014e-05,0.0016795273404568434,0.00015218769840430468,10.0,1.0,10.0
441.0,0.0053524961695075035,0.0053524961695075035,8.515438821632415e-05,0.0017449093284085393,0.00027560428134165704,10.0,1.0,10.0
442.0,0.007306450977921486,0.007306450977921486,0.00021631574782077223,0.0019507138058543205,0.00031925796065479517,10.0,1.0,10.0
443.0,0.009598396718502045,0.009598396718502045,0.00021043227752670646,0.0020868233405053616,0.000540725071914494,10.0,1.0,10.0
444.0,0.010789637453854084,0.010789637453854084,0.00034480661270208657,0.002240169094875455,0.0005101402057334781,10.0,1.0,10.0
445.0,0.009031027555465698,0.009031027555465698,0.00019510847050696611,0.0020284943748265505,0.0005051448824815452,10.0,1.0,10.0
446.0,0.005166537594050169,0.005166537594050169,0.00013559730723500252,0.0017226987984031439,0.0002087865723297,10.0,1.0,10.0
447.0,0.002730188425630331,0.002730188425630331,2.406129533483181e-05,0.0014921642141416669,9.974114072974771e-05,10.0,1.0,10.0
448.0,0.0037033148109912872,0.0037033148109912872,4.400782199809328e-05,0.0015656292671337724,0.00016976073675323278,10.0,1.0,10.0
449.0,0.006054278463125229,0.006054278463125229,0.00017052893235813826,0.0017837347695603967,0.00025652546901255846,10.0,1.0,10.0
450.0,0.006491916254162788,0.006491916254162788,0.0001217494864249602,0.0017897008219733834,0.0003484720946289599,10.0,1.0,10.0
451.0,0.0044787051156163216,0.0044787051156163216,0.0001104660113924183,0.0016379456501454115,0.00017360990750603378,10.0,1.0,10.0
452.0,0.0026993860956281424,0.0026993860956281424,2.336265788471792e-05,0.0014679732266813517,9.97786337393336e-05,10.0,1.0,10.0
453.0,0.0032027093693614006,0.0032027093693614006,3.185967216268182e-05,0.0015037812991067767,0.0001380331232212484,10.0,1.0,10.0
454.0,0.004676010925322771,0.004676010925322771,0.00011933480709558353,0.0016493097646161914,0.00018333533080294728,10.0,1.0,10.0
455.0,0.004752396140247583,0.004752396140247583,7.202313281595707e-05,0.001621123286895454,0.0002411041350569576,10.0,1.0,10.0
456.0,0.00338688213378191,0.00338688213378191,6.731306348228827e-05,0.001524442806839943,0.00011893086775671691,10.0,1.0,10.0
457.0,0.002556669060140848,0.002556669060140848,2.431272150715813e-05,0.0014377159532159567,8.758258627494797e-05,10.0,1.0,10.0
458.0,0.003169019240885973,0.003169019240885973,3.15842880809214e-05,0.0014771001879125834,0.0001376076106680557,10.0,1.0,10.0
459.0,0.0039577241986989975,0.0039577241986989975,9.203290392179042e-05,0.0015625078231096268,0.00014748873945791274,10.0,1.0,10.0
460.0,0.003648054786026478,0.003648054786026478,4.3977041059406474e-05,0.0015044198371469975,0.00017038646910805255,10.0,1.0,10.0
461.0,0.002761150011792779,0.002761150011792779,4.0693335904506966e-05,0.0014403228415176272,9.138938185060397e-05,10.0,1.0,10.0
462.0,0.002551181009039283,0.002551181009039283,2.960635902127251e-05,0.0014140121638774872,8.411052112933248e-05,10.0,1.0,10.0
463.0,0.003090411191806197,0.003090411191806197,3.1127587135415524e-05,0.0014451113529503345,0.00013340238365344703,10.0,1.0,10.0
464.0,0.003388765500858426,0.003388765500858426,7.025840022834018e-05,0.0014857108471915126,0.00012004705786239356,10.0,1.0,10.0
465.0,0.002985259285196662,0.002985259285196662,2.931068593170494e-05,0.0014272615080699325,0.00012648908887058496,10.0,1.0,10.0
466.0,0.002504212548956275,0.002504212548956275,2.8821566957049072e-05,0.0013922841753810644,8.237126166932285e-05,10.0,1.0,10.0
467.0,0.0025659631937742233,0.0025659631937742233,3.3518834243295714e-05,0.0013952853623777628,8.354895544471219e-05,10.0,1.0,10.0
468.0,0.002918844809755683,0.002918844809755683,2.8224272682564333e-05,0.0014093685895204544,0.00012272335879970342,10.0,1.0,10.0
469.0,0.0029611107893288136,0.0029611107893288136,5.369227073970251e-05,0.0014266297221183777,9.975583088817075e-05,10.0,1.0,10.0
470.0,0.002637605182826519,0.002637605182826519,2.3086031433194876e-05,0.0013787767384201288,0.00010279679554514587,10.0,1.0,10.0
471.0,0.002412450034171343,0.002412450034171343,2.430540007480886e-05,0.0013613358605653048,8.080601401161402e-05,10.0,1.0,10.0
472.0,0.0025284523144364357,0.0025284523144364357,3.366512828506529e-05,0.001371182152070105,8.206188067561015e-05,10.0,1.0,10.0
473.0,0.002722207922488451,0.002722207922488451,2.473100903443992e-05,0.0013705765595659614,0.00011043212725780904,10.0,1.0,10.0
474.0,0.002680655103176832,0.002680655103176832,4.2374223994556814e-05,0.001377928419969976,8.789845742285252e-05,10.0,1.0,10.0
475.0,0.00246671075001359,0.00246671075001359,2.1103078324813396e-05,0.0013426548102870584,9.130251419264823e-05,10.0,1.0,10.0
476.0,0.0023621590808033943,0.0023621590808033943,2.2704511138726957e-05,0.0013326611369848251,8.024527778616175e-05,10.0,1.0,10.0
477.0,0.002451780019327998,0.002451780019327998,3.1503444915870205e-05,0.00134077959228307,7.959660433698446e-05,10.0,1.0,10.0
478.0,0.0025535752065479755,0.0025535752065479755,2.2331047148327343e-05,0.0013338319258764386,9.964329365175217e-05,10.0,1.0,10.0
479.0,0.00250768824480474,0.00250768824480474,3.562953133950941e-05,0.0013380699092522264,8.133230585372075e-05,10.0,1.0,10.0
480.0,0.0023745382204651833,0.0023745382204651833,2.0687244614236988e-05,0.0013128832215443254,8.547824836568907e-05,10.0,1.0,10.0
481.0,0.002314325887709856,0.002314325887709856,2.2327920305542648e-05,0.001305936137214303,7.85110387369059e-05,10.0,1.0,10.0
482.0,0.0023656354751437902,0.0023656354751437902,2.8765174647560343e-05,0.0013100808719173074,7.679028931306675e-05,10.0,1.0,10.0
483.0,0.0024230885319411755,0.0024230885319411755,2.099198172800243e-05,0.001301693031564355,9.114755084738135e-05,10.0,1.0,10.0
484.0,0.0023958617821335793,0.0023958617821335793,3.169949195580557e-05,0.0013050161069259048,7.738508429611102e-05,10.0,1.0,10.0
485.0,0.0023137228563427925,0.0023137228563427925,2.054585092992056e-05,0.001285802572965622,8.224618795793504e-05,10.0,1.0,10.0
486.0,0.0022668461315333843,0.0022668461315333843,2.2472844648291357e-05,0.0012802097480744123,7.619078678544611e-05,10.0,1.0,10.0
487.0,0.0022865524515509605,0.0022865524515509605,2.610284718684852e-05,0.0012799428077414632,7.455813465639949e-05,10.0,1.0,10.0
488.0,0.002321291947737336,0.002321291947737336,2.0284016500227153e-05,0.0012720467057079077,8.46405018819496e-05,10.0,1.0,10.0
489.0,0.0023132958449423313,0.0023132958449423313,2.9089431336615235e-05,0.0012750524329021573,7.473489677067846e-05,10.0,1.0,10.0
490.0,0.002265072427690029,0.002265072427690029,2.024463174166158e-05,0.0012597021413967013,8.029240416362882e-05,10.0,1.0,10.0
491.0,0.0022240476682782173,0.0022240476682782173,2.288828181917779e-05,0.0012556331930682063,7.395316060865298e-05,10.0,1.0,10.0
492.0,0.0022205146960914135,0.0022205146960914135,2.3687302018515766e-05,0.001251727226190269,7.319144060602412e-05,10.0,1.0,10.0
493.0,0.0022383974865078926,0.0022383974865078926,1.9943838196923025e-05,0.0012452001683413982,7.937590271467343e-05,10.0,1.0,10.0
494.0,0.0022423751652240753,0.0022423751652240753,2.6945770514430478e-05,0.0012477367417886853,7.251805800478905e-05,10.0,1.0,10.0
495.0,0.0022191889584064484,0.0022191889584064484,1.983369111258071e-05,0.0012356239603832364,7.852281851228327e-05,10.0,1.0,10.0
496.0,0.002186750527471304,0.002186750527471304,2.3519816750194877e-05,0.001233235583640635,7.183168054325506e-05,10.0,1.0,10.0
497.0,0.002168996725231409,0.002168996725231409,2.1733019821112975e-05,0.0012264004908502102,7.25265999790281e-05,10.0,1.0,10.0
498.0,0.002170473337173462,0.002170473337173462,2.019812018261291e-05,0.0012209106935188174,7.475815073121339e-05,10.0,1.0,10.0
499.0,0.0021760077215731144,0.0021760077215731144,2.4813571144477464e-05,0.0012215193128213286,7.063528028083965e-05,10.0,1.0,10.0
500.0,0.0021697869524359703,0.0021697869524359703,1.9609826267696917e-05,0.0012119882740080357,7.61700575822033e-05,10.0,1.0,10.0
501.0,0.002150665270164609,0.002150665270164609,2.39238088397542e-05,0.0012109228409826756,7.005042425589636e-05,10.0,1.0,10.0
502.0,0.0021300006192177534,0.0021300006192177534,2.0406474504852667e-05,0.0012022849405184388,7.236508827190846e-05,10.0,1.0,10.0
503.0,0.0021183877252042294,0.0021183877252042294,2.099443918268662e-05,0.001197916571982205,7.105265831341967e-05,10.0,1.0,10.0
504.0,0.002116157440468669,0.002116157440468669,2.2616466594627127e-05,0.0011955206282436848,6.944721098989248e-05,10.0,1.0,10.0
505.0,0.0021153385750949383,0.0021153385750949383,1.968392462003976e-05,0.0011882593389600515,7.302401354536414e-05,10.0,1.0,10.0
506.0,0.0021085133776068687,0.0021085133776068687,2.347070403629914e-05,0.001187965739518404,6.858405686216429e-05,10.0,1.0,10.0
507.0,0.0020950445905327797,0.0020950445905327797,1.9709135813172907e-05,0.0011792680015787482,7.186851871665567e-05,10.0,1.0,10.0
508.0,0.0020801136270165443,0.0020801136270165443,2.182107709813863e-05,0.0011769455159083009,6.849574128864333e-05,10.0,1.0,10.0
509.0,0.0020691072568297386,0.0020691072568297386,2.07888224394992e-05,0.0011712859850376844,6.899332220200449e-05,10.0,1.0,10.0
510.0,0.002063201041892171,0.002063201041892171,2.0045496057718992e-05,0.0011665220372378826,6.96224087732844e-05,10.0,1.0,10.0
511.0,0.0020593730732798576,0.0020593730732798576,2.213943844253663e-05,0.0011645995546132326,6.733792542945594e-05,10.0,1.0,10.0
512.0,0.0020537138916552067,0.0020537138916552067,1.9383278413442895e-05,0.0011577170807868242,7.021638884907588e-05,10.0,1.0,10.0
513.0,0.002044584136456251,0.002044584136456251,2.212779872934334e-05,0.001156238722614944,6.670675793429837e-05,10.0,1.0,10.0
514.0,0.002033327706158161,0.002033327706158161,1.958289612957742e-05,0.001149269170127809,6.882294837851077e-05,10.0,1.0,10.0
515.0,0.0020225883927196264,0.0020225883927196264,2.0884441255475394e-05,0.001146126538515091,6.676173507003114e-05,10.0,1.0,10.0
516.0,0.002014137338846922,0.002014137338846922,2.041548395936843e-05,0.001141592743806541,6.683898391202092e-05,10.0,1.0,10.0
517.0,0.002007844392210245,0.002007844392210245,1.9749968487303704e-05,0.0011364894453436136,6.738553202012554e-05,10.0,1.0,10.0
518.0,0.0020022145472466946,0.0020022145472466946,2.1200459741521627e-05,0.0011343269143253565,6.558831228176132e-05,10.0,1.0,10.0
519.0,0.0019956990145146847,0.0019956990145146847,1.9293191144242883e-05,0.0011277747107669711,6.749924796167761e-05,10.0,1.0,10.0
520.0,0.0019876856822520494,0.0019876856822520494,2.1148061932763085e-05,0.0011261621257290244,6.500429299194366e-05,10.0,1.0,10.0
521.0,0.001978691201657057,0.001978691201657057,1.9415841961745173e-05,0.001119550783187151,6.649820716120303e-05,10.0,1.0,10.0
522.0,0.0019697595853358507,0.0019697595853358507,2.0358296751510352e-05,0.001117234118282795,6.489425868494436e-05,10.0,1.0,10.0
523.0,0.0019617429934442043,0.0019617429934442043,1.994695958273951e-05,0.0011118893744423985,6.503839540528134e-05,10.0,1.0,10.0
524.0,0.001954895444214344,0.001954895444214344,1.949213219631929e-05,0.0011086571030318737,6.513171683764085e-05,10.0,1.0,10.0
525.0,0.0019489254336804152,0.0019489254336804152,2.057061283267103e-05,0.0011045483406633139,6.386709719663486e-05,10.0,1.0,10.0
526.0,0.0019434101413935423,0.0019434101413935423,1.8961371097248048e-05,0.001100966241210699,6.52830203762278e-05,10.0,1.0,10.0
527.0,0.0019382310565561056,0.0019382310565561056,2.0980738554499112e-05,0.001096863648854196,6.315600330708548e-05,10.0,1.0,10.0
528.0,0.0019339534919708967,0.0019339534919708967,1.8877171896747313e-05,0.0010944195091724396,6.507622310891747e-05,10.0,1.0,10.0
529.0,0.0019321073777973652,0.0019321073777973652,2.1388907043728977e-05,0.0010888384422287345,6.293798651313409e-05,10.0,1.0,10.0
530.0,0.0019356728298589587,0.0019356728298589587,1.9519502529874444e-05,0.0010902509093284607,6.502269388874993e-05,10.0,1.0,10.0
531.0,0.0019502358045428991,0.0019502358045428991,2.3072723706718534e-05,0.001082226517610252,6.37281991657801e-05,10.0,1.0,10.0
532.0,0.001986678224056959,0.001986678224056959,2.2380683731171302e-05,0.0010930756106972694,6.697956996504217e-05,10.0,1.0,10.0
533.0,0.0020670210942626,0.0020670210942626,3.0285038519650698e-05,0.001084263320080936,6.79907388985157e-05,10.0,1.0,10.0
534.0,0.002236823318526149,0.002236823318526149,3.44683721777983e-05,0.0011207831557840109,7.713564991718158e-05,10.0,1.0,10.0
535.0,0.002591005526483059,0.002591005526483059,5.946931923972443e-05,0.0011266993824392557,8.696128497831523e-05,10.0,1.0,10.0
536.0,0.0033256076276302338,0.0033256076276302338,8.734320726944134e-05,0.0012473097303882241,0.00012048656935803592,10.0,1.0,10.0
537.0,0.00483506266027689,0.00483506266027689,0.0001786806242307648,0.001349407248198986,0.0001698849373497069,10.0,1.0,10.0
538.0,0.007850168272852898,0.007850168272852898,0.00031136503093875945,0.00176572788041085,0.00029707897920161486,10.0,1.0,10.0
539.0,0.01347421109676361,0.01347421109676361,0.0006276794010773301,0.0022609855514019728,0.000493643106892705,10.0,1.0,10.0
540.0,0.022396456450223923,0.022396456450223923,0.0010401931358501315,0.003406423842534423,0.0008588099735789001,10.0,1.0,10.0
541.0,0.0320260226726532,0.0320260226726532,0.0015848589828237891,0.004256459418684244,0.001192097319290042,10.0,1.0,10.0
542.0,0.033395200967788696,0.033395200967788696,0.0015942153986543417,0.00463125528767705,0.0012821790296584368,10.0,1.0,10.0
543.0,0.01996166631579399,0.01996166631579399,0.0009668211569078267,0.002927699126303196,0.0007365756900981069,10.0,1.0,10.0
544.0,0.0041776783764362335,0.0041776783764362335,0.00013120713992975652,0.0013129899743944407,0.00015526171773672104,10.0,1.0,10.0
545.0,0.004245029296725988,0.004245029296725988,0.00012959928426425904,0.0013248419854789972,0.00016241944103967398,10.0,1.0,10.0
546.0,0.01523867528885603,0.01523867528885603,0.0007278841221705079,0.002426913008093834,0.0005532921059057117,10.0,1.0,10.0
547.0,0.017435912042856216,0.017435912042856216,0.000790521502494812,0.002834196900948882,0.0006696500349789858,10.0,1.0,10.0
548.0,0.0071805501356720924,0.0071805501356720924,0.0003027885395567864,0.0015518938889726996,0.00026007709675468504,10.0,1.0,10.0
549.0,0.002041132654994726,0.002041132654994726,3.481122985249385e-05,0.0010462070349603891,6.468132050940767e-05,10.0,1.0,10.0
550.0,0.008462926372885704,0.008462926372885704,0.0003381412534508854,0.001828242326155305,0.00032532718614675105,10.0,1.0,10.0
551.0,0.01181926392018795,0.01181926392018795,0.0005471229669637978,0.002073197392746806,0.00042748363921418786,10.0,1.0,10.0
552.0,0.005541806574910879,0.005541806574910879,0.00019942854123655707,0.0014839887153357267,0.00020635323016904294,10.0,1.0,10.0
553.0,0.0020082539413124323,0.0020082539413124323,1.9892406271537766e-05,0.0010520502692088485,7.572795584565029e-05,10.0,1.0,10.0
554.0,0.006418709643185139,0.006418709643185139,0.00026701914612203836,0.0015057764248922467,0.00022427417570725083,10.0,1.0,10.0
555.0,0.008070583455264568,0.008070583455264568,0.000320792110869661,0.0017836135812103748,0.0003079048765357584,10.0,1.0,10.0
556.0,0.003557876916602254,0.003557876916602254,0.00011347643885528669,0.0011813027085736394,0.00012418099504429847,10.0,1.0,10.0
557.0,0.0021925666369497776,0.0021925666369497776,4.3478157749632373e-05,0.0010546715930104256,7.03113546478562e-05,10.0,1.0,10.0
558.0,0.005484750494360924,0.005484750494360924,0.00018760647799354047,0.0014740809565410018,0.00021346050198189914,10.0,1.0,10.0
559.0,0.005492286756634712,0.005492286756634712,0.0002199043083237484,0.001382992253638804,0.0001910251594381407,10.0,1.0,10.0
560.0,0.00231367745436728,0.00231367745436728,4.1422626964049414e-05,0.0010866388911381364,8.128122135531157e-05,10.0,1.0,10.0
561.0,0.0024845583830028772,0.0024845583830028772,4.4128650188213214e-05,0.0011028593871742487,9.404125739820302e-05,10.0,1.0,10.0
562.0,0.004652423784136772,0.004652423784136772,0.00017644758918322623,0.001293729292228818,0.00015942187746986747,10.0,1.0,10.0
563.0,0.003717258805409074,0.003717258805409074,0.00010498685878701508,0.0012551096733659506,0.00014122805441729724,10.0,1.0,10.0
564.0,0.001814374583773315,0.001814374583773315,2.1978432414471172e-05,0.0010017452295869589,5.9284502640366554e-05,10.0,1.0,10.0
565.0,0.0026883375830948353,0.0026883375830948353,7.27455408195965e-05,0.001086010946892202,8.748711115913466e-05,10.0,1.0,10.0
566.0,0.0037973658181726933,0.0037973658181726933,0.00010767815547296777,0.0012605924857780337,0.00014599917631130666,10.0,1.0,10.0
567.0,0.002618740778416395,0.002618740778416395,6.914992263773456e-05,0.001076602260582149,8.506394078722224e-05,10.0,1.0,10.0
568.0,0.0017506853910163045,0.0017506853910163045,1.8603281205287203e-05,0.000993357039988041,5.7129549531964585e-05,10.0,1.0,10.0
569.0,0.002692815847694874,0.002692815847694874,5.792081719846465e-05,0.0011220728047192097,9.915347618516535e-05,10.0,1.0,10.0
570.0,0.003029070794582367,0.003029070794582367,9.149874676950276e-05,0.0011129863560199738,0.00010010971163865179,10.0,1.0,10.0
571.0,0.0020426250994205475,0.0020426250994205475,2.761909127002582e-05,0.0010329762008041143,7.334580732276663e-05,10.0,1.0,10.0
572.0,0.0018257254268974066,0.0018257254268974066,2.100547862937674e-05,0.001003654906526208,6.12015719525516e-05,10.0,1.0,10.0
573.0,0.0025372877717018127,0.0025372877717018127,6.508945079986006e-05,0.001052158884704113,8.34234306239523e-05,10.0,1.0,10.0
574.0,0.0024590282700955868,0.0024590282700955868,4.789902959601022e-05,0.0010809474624693394,8.990905917016789e-05,10.0,1.0,10.0
575.0,0.0017908754525706172,0.0017908754525706172,2.4030163331190124e-05,0.0009799328399822116,5.7064102293225005e-05,10.0,1.0,10.0
576.0,0.0018805461004376411,0.0018805461004376411,2.8169526558485813e-05,0.000981053221039474,6.17797632003203e-05,10.0,1.0,10.0
577.0,0.002320344327017665,0.002320344327017665,4.3699026718968526e-05,0.001059641712345183,8.237123984145e-05,10.0,1.0,10.0
578.0,0.0020934203639626503,0.0020934203639626503,4.176458969595842e-05,0.0009985009673982859,6.772735650883988e-05,10.0,1.0,10.0
579.0,0.0016978904604911804,0.0016978904604911804,1.621913179405965e-05,0.0009683818789198995,5.673172927345149e-05,10.0,1.0,10.0
580.0,0.001876291586086154,0.001876291586086154,2.4548053261241876e-05,0.0009966108482331038,6.342001870507374e-05,10.0,1.0,10.0
581.0,0.0021144039928913116,0.0021144039928913116,4.3105501390527934e-05,0.000993200927041471,6.901480082888156e-05,10.0,1.0,10.0
582.0,0.0018832202767953277,0.0018832202767953277,2.4822656996548176e-05,0.0009937314316630363,6.4126230427064e-05,10.0,1.0,10.0
583.0,0.0016661759000271559,0.0016661759000271559,1.6883830539882183e-05,0.0009558455785736442,5.414919723989442e-05,10.0,1.0,10.0
584.0,0.0018318761140108109,0.0018318761140108109,2.7933727324125357e-05,0.0009615707094781101,5.9096815675729886e-05,10.0,1.0,10.0
585.0,0.0019499678164720535,0.0019499678164720535,2.8542213840410113e-05,0.0009968164376914501,6.677291094092652e-05,10.0,1.0,10.0
586.0,0.0017666690982878208,0.0017666690982878208,2.434410635032691e-05,0.0009509620140306652,5.722659989260137e-05,10.0,1.0,10.0
587.0,0.0016502200160175562,0.0016502200160175562,1.7468470105086453e-05,0.000944469531532377,5.310657070367597e-05,10.0,1.0,10.0
588.0,0.0017739308532327414,0.0017739308532327414,2.0757523088832386e-05,0.0009653830784372985,6.00972562097013e-05,10.0,1.0,10.0
589.0,0.0018300666706636548,0.0018300666706636548,2.9045104383840226e-05,0.0009499836014583707,5.8963207266060635e-05,10.0,1.0,10.0
590.0,0.0016991086304187775,0.0016991086304187775,1.8593571439851075e-05,0.0009513350669294596,5.618377690552734e-05,10.0,1.0,10.0
591.0,0.0016336208209395409,0.0016336208209395409,1.5814512153156102e-05,0.0009357177186757326,5.3975803893990815e-05,10.0,1.0,10.0
592.0,0.0017179662827402353,0.0017179662827402353,2.349469650653191e-05,0.0009365185396745801,5.465008143801242e-05,10.0,1.0,10.0
593.0,0.00174662284553051,0.00174662284553051,2.0268369553377852e-05,0.0009531446266919374,5.907945160288364e-05,10.0,1.0,10.0
594.0,0.0016565576661378145,0.0016565576661378145,1.9644456187961623e-05,0.0009277547942474484,5.323582445271313e-05,10.0,1.0,10.0
595.0,0.0016136440681293607,0.0016136440681293607,1.7084794308175333e-05,0.0009260661317966878,5.167299968888983e-05,10.0,1.0,10.0
596.0,0.0016682986170053482,0.0016682986170053482,1.7305328583461232e-05,0.0009361963020637631,5.590490036411211e-05,10.0,1.0,10.0
597.0,0.001687498763203621,0.001687498763203621,2.2805974367656745e-05,0.0009247772395610809,5.346617763279937e-05,10.0,1.0,10.0
598.0,0.0016274343943223357,0.0016274343943223357,1.6414778656326234e-05,0.0009264585096389055,5.3682804718846455e-05,10.0,1.0,10.0
599.0,0.0015933827962726355,0.0015933827962726355,1.600742689333856e-05,0.0009172023274004459,5.161061562830582e-05,10.0,1.0,10.0
600.0,0.001625636825338006,0.001625636825338006,1.954862818820402e-05,0.0009139120811596513,5.1623857871163636e-05,10.0,1.0,10.0
601.0,0.0016421102918684483,0.0016421102918684483,1.7142932847491466e-05,0.000923556974157691,5.471239273902029e-05,10.0,1.0,10.0
602.0,0.0016044961521402001,0.0016044961521402001,1.8694041500566527e-05,0.0009085570345632732,5.0899863708764315e-05,10.0,1.0,10.0
603.0,0.0015752229373902082,0.0015752229373902082,1.59083374455804e-05,0.0009062867611646652,5.098527253721841e-05,10.0,1.0,10.0
604.0,0.0015907064080238342,0.0015907064080238342,1.616423287487123e-05,0.0009103009360842407,5.187632268643938e-05,10.0,1.0,10.0
605.0,0.001604912686161697,0.001604912686161697,1.9349781723576598e-05,0.000901544583030045,5.098702240502462e-05,10.0,1.0,10.0
606.0,0.0015834312653169036,0.0015834312653169036,1.5876776160439476e-05,0.0009056911803781986,5.189722651266493e-05,10.0,1.0,10.0
607.0,0.0015586145455017686,0.0015586145455017686,1.6340713045792654e-05,0.0008976412354968488,4.975662159267813e-05,10.0,1.0,10.0
608.0,0.0015623737126588821,0.0015623737126588821,1.6762247469159774e-05,0.0008938583778217435,5.008928928873502e-05,10.0,1.0,10.0
609.0,0.0015735626220703125,0.0015735626220703125,1.6136948033818044e-05,0.0009006728651002049,5.1152033847756684e-05,10.0,1.0,10.0
610.0,0.0015632029389962554,0.0015632029389962554,1.7568125258549117e-05,0.0008899528766050935,4.9756876251194626e-05,10.0,1.0,10.0
611.0,0.0015431549400091171,0.0015431549400091171,1.5465961041627452e-05,0.0008908598683774471,4.976355194230564e-05,10.0,1.0,10.0
612.0,0.0015388736501336098,0.0015388736501336098,1.559542943141423e-05,0.0008889873279258609,4.939320933772251e-05,10.0,1.0,10.0
613.0,0.001545930514112115,0.001545930514112115,1.6987265553325415e-05,0.0008830876904539764,4.9297021178063005e-05,10.0,1.0,10.0
614.0,0.0015429703053086996,0.0015429703053086996,1.5710895240772516e-05,0.0008879315573722124,4.979297227691859e-05,10.0,1.0,10.0
615.0,0.0015286693815141916,0.0015286693815141916,1.6187979781534523e-05,0.0008789139683358371,4.878755862591788e-05,10.0,1.0,10.0
616.0,0.0015197531320154667,0.0015197531320154667,1.568353036418557e-05,0.0008780568605288863,4.8486101150047034e-05,10.0,1.0,10.0
617.0,0.0015214936574921012,0.0015214936574921012,1.5315477867261507e-05,0.0008787009282968938,4.896379687124863e-05,10.0,1.0,10.0
618.0,0.001521947211585939,0.001521947211585939,1.6651951227686368e-05,0.0008720241021364927,4.834036008105613e-05,10.0,1.0,10.0
619.0,0.001513617462478578,0.001513617462478578,1.5350546163972467e-05,0.000874632503837347,4.85479504277464e-05,10.0,1.0,10.0
620.0,0.001503853709436953,0.001503853709436953,1.549238368170336e-05,0.0008686825749464333,4.8024729039752856e-05,10.0,1.0,10.0
621.0,0.0015007908223196864,0.0015007908223196864,1.5825282389414497e-05,0.0008667829679325223,4.7575507778674364e-05,10.0,1.0,10.0
622.0,0.0015010982751846313,0.0015010982751846313,1.5066299056343269e-05,0.0008679850143380463,4.824501957045868e-05,10.0,1.0,10.0
623.0,0.0014972114004194736,0.0014972114004194736,1.6162157407961786e-05,0.000861997832544148,4.7359200834762305e-05,10.0,1.0,10.0
624.0,0.0014892546460032463,0.0014892546460032463,1.509342655481305e-05,0.0008628680952824652,4.754523251904175e-05,10.0,1.0,10.0
625.0,0.0014833000022917986,0.0014833000022917986,1.5163153875619173e-05,0.0008593439124524593,4.723245001514442e-05,10.0,1.0,10.0
626.0,0.001481449929997325,0.001481449929997325,1.5679685020586476e-05,0.0008565211901441216,4.681318023358472e-05,10.0,1.0,10.0
627.0,0.0014796329196542501,0.0014796329196542501,1.4857596397632733e-05,0.0008574399398639798,4.736170012620278e-05,10.0,1.0,10.0
628.0,0.0014745855005457997,0.0014745855005457997,1.5713369066361338e-05,0.0008523302967660129,4.65121484012343e-05,10.0,1.0,10.0
629.0,0.001468229223974049,0.001468229223974049,1.4902242583048064e-05,0.0008519316907040775,4.672751310863532e-05,10.0,1.0,10.0
630.0,0.0014639567816630006,0.0014639567816630006,1.499671816418413e-05,0.0008497551316395402,4.642344720195979e-05,10.0,1.0,10.0
631.0,0.0014617028646171093,0.0014617028646171093,1.5387866369565018e-05,0.0008462867699563503,4.615374200511724e-05,10.0,1.0,10.0
632.0,0.0014587347395718098,0.0014587347395718098,1.4751210073882248e-05,0.0008469552267342806,4.642675048671663e-05,10.0,1.0,10.0
633.0,0.0014538713730871677,0.0014538713730871677,1.5334724594140425e-05,0.0008424607804045081,4.5806333218934014e-05,10.0,1.0,10.0
634.0,0.001448722672648728,0.001448722672648728,1.4786137398914434e-05,0.0008416195632889867,4.5924181904410943e-05,10.0,1.0,10.0
635.0,0.0014449955197051167,0.0014449955197051167,1.4855625522613991e-05,0.0008399816579185426,4.56457601103466e-05,10.0,1.0,10.0
636.0,0.0014422443928197026,0.0014422443928197026,1.5100471500772983e-05,0.0008364927489310503,4.547469143290073e-05,10.0,1.0,10.0
637.0,0.0014388863928616047,0.0014388863928616047,1.4675964848720469e-05,0.0008369843708351254,4.5514236262533814e-05,10.0,1.0,10.0
638.0,0.001434460049495101,0.001434460049495101,1.5010469724074937e-05,0.0008328653639182448,4.514900501817465e-05,10.0,1.0,10.0
639.0,0.001429973402991891,0.001429973402991891,1.4700740393891465e-05,0.0008320992346853018,4.508667188929394e-05,10.0,1.0,10.0
640.0,0.001426346367225051,0.001426346367225051,1.466396679461468e-05,0.0008303066715598106,4.4940010411664844e-05,10.0,1.0,10.0
641.0,0.0014232881367206573,0.0014232881367206573,1.4880984053888824e-05,0.0008272847626358271,4.47193524450995e-05,10.0,1.0,10.0
642.0,0.0014199091820046306,0.0014199091820046306,1.4533827197737992e-05,0.0008272845298051834,4.4728643842972815e-05,10.0,1.0,10.0
643.0,0.001415905193425715,0.001415905193425715,1.4776349416933954e-05,0.0008235707646235824,4.445709055289626e-05,10.0,1.0,10.0
644.0,0.0014118071412667632,0.0014118071412667632,1.4568308870366309e-05,0.0008228376973420382,4.432864079717547e-05,10.0,1.0,10.0
645.0,0.001408176962286234,0.001408176962286234,1.4481945981970057e-05,0.0008207205682992935,4.426368832355365e-05,10.0,1.0,10.0
646.0,0.0014049403835088015,0.0014049403835088015,1.4695790923724417e-05,0.0008183032623492181,4.39679242845159e-05,10.0,1.0,10.0
647.0,0.0014016107888892293,0.0014016107888892293,1.4344332157634199e-05,0.0008176817209459841,4.404857463669032e-05,10.0,1.0,10.0
648.0,0.0013979278737679124,0.0013979278737679124,1.4627258678956423e-05,0.0008145773317664862,4.3707794247893617e-05,10.0,1.0,10.0
649.0,0.0013941081706434488,0.0013941081706434488,1.436143065802753e-05,0.0008136749383993447,4.3681888200808316e-05,10.0,1.0,10.0
650.0,0.0013904912630096078,0.0013904912630096078,1.4381474102265202e-05,0.0008115530945360661,4.351234747446142e-05,10.0,1.0,10.0
651.0,0.001387157361023128,0.001387157361023128,1.4464262676483486e-05,0.0008094646036624908,4.330500814830884e-05,10.0,1.0,10.0
652.0,0.001383882132358849,0.001383882132358849,1.4215416740626097e-05,0.0008085262961685658,4.3320167605997995e-05,10.0,1.0,10.0
653.0,0.001380445552058518,0.001380445552058518,1.4459128578891978e-05,0.0008057993836700916,4.300548243918456e-05,10.0,1.0,10.0
654.0,0.0013768584467470646,0.0013768584467470646,1.4176177501212806e-05,0.0008048301679082215,4.302664819988422e-05,10.0,1.0,10.0
655.0,0.0013733155792579055,0.0013733155792579055,1.4294915672508068e-05,0.000802684691734612,4.2768169805640355e-05,10.0,1.0,10.0
656.0,0.001369931036606431,0.001369931036606431,1.4222872778191231e-05,0.0008008059812709689,4.2689636757131666e-05,10.0,1.0,10.0
657.0,0.0013666641898453236,0.0013666641898453236,1.4136420759314205e-05,0.0007996866479516029,4.2561332520563155e-05,10.0,1.0,10.0
658.0,0.001363379997201264,0.001363379997201264,1.4237504728953354e-05,0.0007970976876094937,4.239072586642578e-05,10.0,1.0,10.0
659.0,0.0013600055826827884,0.0013600055826827884,1.4062345144338906e-05,0.0007962880772538483,4.2309402488172054e-05,10.0,1.0,10.0
660.0,0.001356584718450904,0.001356584718450904,1.4137656762613915e-05,0.0007938722264952958,4.213359352434054e-05,10.0,1.0,10.0
661.0,0.0013532176380977035,0.0013532176380977035,1.4058019587537274e-05,0.0007925219251774251,4.201155388727784e-05,10.0,1.0,10.0
662.0,0.001349948812276125,0.001349948812276125,1.4000335795572028e-05,0.0007909039850346744,4.190414256299846e-05,10.0,1.0,10.0
663.0,0.0013467366807162762,0.0013467366807162762,1.40633164846804e-05,0.0007888399413786829,4.172635453869589e-05,10.0,1.0,10.0
664.0,0.0013435138389468193,0.0013435138389468193,1.391108162351884e-05,0.0007878019823692739,4.166011422057636e-05,10.0,1.0,10.0
665.0,0.001340254326350987,0.001340254326350987,1.4002400348545052e-05,0.0007855093572288752,4.1472099837847054e-05,10.0,1.0,10.0
666.0,0.00133698049467057,0.00133698049467057,1.3881034647056367e-05,0.0007843907224014401,4.1377941670361906e-05,10.0,1.0,10.0
667.0,0.0013337358832359314,0.0013337358832359314,1.3884657164453529e-05,0.0007824672502465546,4.12422014051117e-05,10.0,1.0,10.0
668.0,0.0013305506436154246,0.0013305506436154246,1.3881786799174733e-05,0.0007808664231561124,4.1086634155362844e-05,10.0,1.0,10.0
669.0,0.0013274059165269136,0.0013274059165269136,1.3775118532066699e-05,0.000779470894485712,4.101837839698419e-05,10.0,1.0,10.0
670.0,0.0013242680579423904,0.0013242680579423904,1.3861939805792645e-05,0.0007775014382787049,4.081472070538439e-05,10.0,1.0,10.0
671.0,0.0013211192563176155,0.0013211192563176155,1.3706669051316567e-05,0.0007763020694255829,4.077504127053544e-05,10.0,1.0,10.0
672.0,0.0013179689412936568,0.0013179689412936568,1.3793305697618052e-05,0.0007743806927464902,4.0565519157098606e-05,10.0,1.0,10.0
673.0,0.0013148324796929955,0.0013148324796929955,1.3674452020495664e-05,0.0007729605422355235,4.051273936056532e-05,10.0,1.0,10.0
674.0,0.0013117293128743768,0.0013117293128743768,1.3700452655029949e-05,0.0007714203093200922,4.033044751849957e-05,10.0,1.0,10.0
675.0,0.001308657694607973,0.001308657694607973,1.3651508197654039e-05,0.0007696155807934701,4.0252707549370825e-05,10.0,1.0,10.0
676.0,0.0013056074967607856,0.0013056074967607856,1.3621543985209428e-05,0.000768469471950084,4.009225813206285e-05,10.0,1.0,10.0
677.0,0.0013025662628933787,0.0013025662628933787,1.3605583262688015e-05,0.0007664177683182061,4.000927219749428e-05,10.0,1.0,10.0
678.0,0.0012995253782719374,0.0012995253782719374,1.357239580102032e-05,0.0007654246874153614,3.983767601312138e-05,10.0,1.0,10.0
679.0,0.0012964954366907477,0.0012964954366907477,1.3525937902159058e-05,0.0007633865461684763,3.97849507862702e-05,10.0,1.0,10.0
680.0,0.0012934817932546139,0.0012934817932546139,1.3549519280786626e-05,0.0007623108685947955,3.956757427658886e-05,10.0,1.0,10.0
681.0,0.0012904945760965347,0.0012904945760965347,1.34273113872041e-05,0.0007604435086250305,3.95778042729944e-05,10.0,1.0,10.0
682.0,0.0012875344837084413,0.0012875344837084413,1.3540156942326576e-05,0.0007592326146550477,3.929003287339583e-05,10.0,1.0,10.0
683.0,0.0012845976743847132,0.0012845976743847132,1.3327133274287917e-05,0.0007574779447168112,3.938483860110864e-05,10.0,1.0,10.0
684.0,0.0012816858943551779,0.0012816858943551779,1.3533060155168641e-05,0.0007562926039099693,3.9006274164421484e-05,10.0,1.0,10.0
685.0,0.0012788015883415937,0.0012788015883415937,1.3229096111899707e-05,0.0007544082473032176,3.921023744624108e-05,10.0,1.0,10.0
686.0,0.0012759582605212927,0.0012759582605212927,1.3533180208469275e-05,0.0007535397890023887,3.8708669308107346e-05,10.0,1.0,10.0
687.0,0.0012731761671602726,0.0012731761671602726,1.3121494703227654e-05,0.0007512104348279536,3.9075086533557624e-05,10.0,1.0,10.0
688.0,0.0012705009430646896,0.0012705009430646896,1.3569267139246222e-05,0.000751009036321193,3.837992699118331e-05,10.0,1.0,10.0
689.0,0.0012679931242018938,0.0012679931242018938,1.29814206957235e-05,0.000747891899663955,3.902870957972482e-05,10.0,1.0,10.0
690.0,0.001265765051357448,0.001265765051357448,1.3698105249204673e-05,0.0007487796829082072,3.800042759394273e-05,10.0,1.0,10.0
691.0,0.0012640119530260563,0.0012640119530260563,1.2782633348251693e-05,0.0007444408256560564,3.9174479752546176e-05,10.0,1.0,10.0
692.0,0.001263099955394864,0.001263099955394864,1.4030920283403248e-05,0.0007471012650057673,3.756894511752762e-05,10.0,1.0,10.0
693.0,0.0012636871542781591,0.0012636871542781591,1.252336642210139e-05,0.0007408434757962823,3.9761005609761924e-05,10.0,1.0,10.0
694.0,0.0012670131400227547,0.0012670131400227547,1.4831267435511108e-05,0.0007466905517503619,3.720098902704194e-05,10.0,1.0,10.0
695.0,0.0012753813061863184,0.0012753813061863184,1.2333685845078435e-05,0.00073731888551265,4.1472561861155555e-05,10.0,1.0,10.0
696.0,0.0012931808596476912,0.0012931808596476912,1.6840656826389022e-05,0.0007495578029192984,3.752164411707781e-05,10.0,1.0,10.0
697.0,0.0013287070905789733,0.0013287070905789733,1.2919334039906971e-05,0.0007354000699706376,4.6411369112320244e-05,10.0,1.0,10.0
698.0,0.0013980555813759565,0.0013980555813759565,2.2385829652193934e-05,0.0007618319941684604,4.123653343413025e-05,10.0,1.0,10.0
699.0,0.0015317811630666256,0.0015317811630666256,1.735423575155437e-05,0.0007423334755003452,6.159053737064824e-05,10.0,1.0,10.0
700.0,0.0017894995398819447,0.0017894995398819447,3.9315218600677326e-05,0.000803678180091083,5.9266927564749494e-05,10.0,1.0,10.0
701.0,0.0022806827910244465,0.0022806827910244465,3.794950680457987e-05,0.0007880688062869012,0.00011131187784485519,10.0,1.0,10.0
702.0,0.0032087313011288643,0.0032087313011288643,9.414523810846731e-05,0.0009421813883818686,0.000132509769173339,10.0,1.0,10.0
703.0,0.004883253946900368,0.004883253946900368,0.00011743378126993775,0.000977971125394106,0.0002730945125222206,10.0,1.0,10.0
704.0,0.007715217303484678,0.007715217303484678,0.00025799046852625906,0.001354667590931058,0.0003780644910875708,10.0,1.0,10.0
705.0,0.011691000312566757,0.011691000312566757,0.00033652991987764835,0.0015118217561393976,0.000681387959048152,10.0,1.0,10.0
706.0,0.015704605728387833,0.015704605728387833,0.0005403184914030135,0.0020540656987577677,0.000824735383503139,10.0,1.0,10.0
707.0,0.01631251722574234,0.01631251722574234,0.0004936294863000512,0.001885030185803771,0.0009491192759014666,10.0,1.0,10.0
708.0,0.011476821266114712,0.011476821266114712,0.00039180138264782727,0.001657219254411757,0.0005901588010601699,10.0,1.0,10.0
709.0,0.004196543246507645,0.004196543246507645,0.00010809783998411149,0.0009145760559476912,0.00022009889653418213,10.0,1.0,10.0
710.0,0.001392223872244358,0.001392223872244358,1.762912143021822e-05,0.000737754802685231,4.781778989126906e-05,10.0,1.0,10.0
711.0,0.0045363823883235455,0.0045363823883235455,0.00014170024951454252,0.0010211060289293528,0.0002098273835144937,10.0,1.0,10.0
712.0,0.008292998187243938,0.008292998187243938,0.00022574784816242754,0.0012673032470047474,0.00047682164586149156,10.0,1.0,10.0
713.0,0.007473689503967762,0.007473689503967762,0.0002473026979714632,0.001294760382734239,0.0003705901908688247,10.0,1.0,10.0
714.0,0.003230205737054348,0.003230205737054348,7.161713438108563e-05,0.0008434667834080756,0.00016705674352124333,10.0,1.0,10.0
715.0,0.0013650059700012207,0.0013650059700012207,1.6838097508298233e-05,0.0007412902778014541,4.553347753244452e-05,10.0,1.0,10.0
716.0,0.003539776662364602,0.003539776662364602,0.00010865178046515211,0.0009459330467507243,0.00015073257964104414,10.0,1.0,10.0
717.0,0.005583696532994509,0.005583696532994509,0.00013604942068923265,0.001058216206729412,0.00031649862648919225,10.0,1.0,10.0
718.0,0.004242822527885437,0.004242822527885437,0.00013239655527286232,0.0010162540711462498,0.0001902602962218225,10.0,1.0,10.0
719.0,0.0016580205410718918,0.0016580205410718918,2.0997369574615732e-05,0.0007355981506407261,7.124486728571355e-05,10.0,1.0,10.0
720.0,0.0015428632032126188,0.0015428632032126188,1.7744445358403027e-05,0.0007349861552938819,6.30432550678961e-05,10.0,1.0,10.0
721.0,0.0033448657486587763,0.0033448657486587763,9.96219168882817e-05,0.0009282047394663095,0.00014204418403096497,10.0,1.0,10.0
722.0,0.00379527872428298,0.00379527872428298,8.327080286107957e-05,0.0009110974497161806,0.00020514731295406818,10.0,1.0,10.0
723.0,0.0022555808536708355,0.0022555808536708355,5.9142537793377414e-05,0.0008197256829589605,8.444295963272452e-05,10.0,1.0,10.0
724.0,0.0012106087524443865,0.0012106087524443865,1.2791370863851625e-05,0.0007159886881709099,3.6670629924628884e-05,10.0,1.0,10.0
725.0,0.0019634205382317305,0.0019634205382317305,3.110357647528872e-05,0.0007486719405278563,9.037127892952412e-05,10.0,1.0,10.0
726.0,0.0028506149537861347,0.0028506149537861347,8.037048974074423e-05,0.0008803793461993337,0.00011665307101793587,10.0,1.0,10.0
727.0,0.0023288410156965256,0.0023288410156965256,4.04882084694691e-05,0.0007829066016711295,0.00011410524166421965,10.0,1.0,10.0
728.0,0.0013361243763938546,0.0013361243763938546,2.2358661226462573e-05,0.0007253428339026868,3.871948865707964e-05,10.0,1.0,10.0
729.0,0.0013743797317147255,0.0013743797317147255,2.2965830794419162e-05,0.0007399800815619528,4.047412585350685e-05,10.0,1.0,10.0
730.0,0.0020884277764707804,0.0020884277764707804,3.5264452890260145e-05,0.0007519985665567219,9.837846300797537e-05,10.0,1.0,10.0
731.0,0.0021591230761259794,0.0021591230761259794,5.483349377755076e-05,0.0008206649799831212,7.901231583673507e-05,10.0,1.0,10.0
732.0,0.0014992165379226208,0.0014992165379226208,1.8412563804304227e-05,0.000713272369466722,6.018185376888141e-05,10.0,1.0,10.0
733.0,0.0011713553685694933,0.0011713553685694933,1.1696076398948207e-05,0.0007027012761682272,3.5169323382433504e-05,10.0,1.0,10.0
734.0,0.0015359257813543081,0.0015359257813543081,3.0431519917328842e-05,0.0007518463535234332,4.797642395715229e-05,10.0,1.0,10.0
735.0,0.0018406129674986005,0.0018406129674986005,2.7370351745048538e-05,0.0007316662813536823,8.352431177627295e-05,10.0,1.0,10.0
736.0,0.0015797496307641268,0.0015797496307641268,3.211173680028878e-05,0.0007567725260742009,5.018596857553348e-05,10.0,1.0,10.0
737.0,0.0012044328032061458,0.0012044328032061458,1.2565173165057786e-05,0.0006919815787114203,3.867994746542536e-05,10.0,1.0,10.0
738.0,0.0012578109744936228,0.0012578109744936228,1.2219605196150951e-05,0.0007011825800873339,4.344323315308429e-05,10.0,1.0,10.0
739.0,0.0015341704711318016,0.0015341704711318016,3.113296770607121e-05,0.000743434124160558,4.794066262547858e-05,10.0,1.0,10.0
740.0,0.0015346533618867397,0.0015346533618867397,1.8579212337499484e-05,0.0007120394147932529,6.3682186009828e-05,10.0,1.0,10.0
741.0,0.0012713184114545584,0.0012713184114545584,1.9692115529323928e-05,0.0007130118901841342,3.613853914430365e-05,10.0,1.0,10.0
742.0,0.0011492137564346194,0.0011492137564346194,1.2675802281592041e-05,0.0006931252428330481,3.293304689577781e-05,10.0,1.0,10.0
743.0,0.0012922470923513174,0.0012922470923513174,1.3035256415605545e-05,0.0006942730979062617,4.676215030485764e-05,10.0,1.0,10.0
744.0,0.0014151264913380146,0.0014151264913380146,2.6668882128433324e-05,0.000725875492207706,4.225622251396999e-05,10.0,1.0,10.0
745.0,0.0013195853680372238,0.0013195853680372238,1.3610062524094246e-05,0.0006950368988327682,4.884479130851105e-05,10.0,1.0,10.0
746.0,0.0011652931571006775,0.0011652931571006775,1.4887651559547521e-05,0.000690629065502435,3.257876232964918e-05,10.0,1.0,10.0
747.0,0.0011664017802104354,0.0011664017802104354,1.4479272977041546e-05,0.000695224734954536,3.26384324580431e-05,10.0,1.0,10.0
748.0,0.0012728024739772081,0.0012728024739772081,1.336007881036494e-05,0.0006832442595623434,4.5595741539727896e-05,10.0,1.0,10.0
749.0,0.0012947084615007043,0.0012947084615007043,2.133819361915812e-05,0.0007095523178577423,3.7177418562350795e-05,10.0,1.0,10.0
750.0,0.0011999866692349315,0.0011999866692349315,1.1829876711999532e-05,0.000679302029311657,4.023859219159931e-05,10.0,1.0,10.0
751.0,0.0011293236166238785,0.0011293236166238785,1.2313221304793842e-05,0.0006814110674895346,3.2478033972438425e-05,10.0,1.0,10.0
752.0,0.0011638833675533533,0.0011638833675533533,1.5047162378323264e-05,0.00068893056595698,3.24481152347289e-05,10.0,1.0,10.0
753.0,0.0012242118827998638,0.0012242118827998638,1.2267677448107861e-05,0.0006766239530406892,4.249111589160748e-05,10.0,1.0,10.0
754.0,0.0012120911851525307,0.0012120911851525307,1.7692258552415296e-05,0.0006958103622309864,3.3935819374164566e-05,10.0,1.0,10.0
755.0,0.0011485213181003928,0.0011485213181003928,1.1408472346374765e-05,0.0006727954023517668,3.6164114135317504e-05,10.0,1.0,10.0
756.0,0.0011212022509425879,0.0011212022509425879,1.1481022738735192e-05,0.0006778149399906397,3.2857707992661744e-05,10.0,1.0,10.0
757.0,0.001151855569332838,0.001151855569332838,1.5042644918139558e-05,0.0006824514712207019,3.189776907674968e-05,10.0,1.0,10.0
758.0,0.0011803328525274992,0.0011803328525274992,1.1257499863859266e-05,0.0006744155543856323,3.933423067792319e-05,10.0,1.0,10.0
759.0,0.001161443069577217,0.001161443069577217,1.5772480765008368e-05,0.0006832659128122032,3.204523818567395e-05,10.0,1.0,10.0
760.0,0.0011217854917049408,0.0011217854917049408,1.1008697583747562e-05,0.0006715363706462085,3.4016215067822486e-05,10.0,1.0,10.0
761.0,0.0011105049634352326,0.0011105049634352326,1.1519810868776403e-05,0.0006697232602164149,3.255836418247782e-05,10.0,1.0,10.0
762.0,0.001130592660047114,0.001130592660047114,1.4074050341150723e-05,0.0006774981738999486,3.123539499938488e-05,10.0,1.0,10.0
763.0,0.0011443572584539652,0.0011443572584539652,1.1115088454971556e-05,0.0006666639819741249,3.665423719212413e-05,10.0,1.0,10.0
764.0,0.0011301060440018773,0.0011301060440018773,1.4331592865346465e-05,0.0006753819761797786,3.114081482635811e-05,10.0,1.0,10.0
765.0,0.0011064214631915092,0.0011064214631915092,1.1135484783153515e-05,0.0006661245133727789,3.2894207834033296e-05,10.0,1.0,10.0
766.0,0.0011005098931491375,0.0011005098931491375,1.1508444003993645e-05,0.0006646686233580112,3.20756844303105e-05,10.0,1.0,10.0
767.0,0.001112221973016858,0.001112221973016858,1.329820224782452e-05,0.0006714705959893763,3.077694054809399e-05,10.0,1.0,10.0
768.0,0.0011197470594197512,0.0011197470594197512,1.108975902752718e-05,0.0006609212723560631,3.4792825317708775e-05,10.0,1.0,10.0
769.0,0.0011109031038358808,0.0011109031038358808,1.3388465958996676e-05,0.0006704995757900178,3.065188866457902e-05,10.0,1.0,10.0
770.0,0.0010959930950775743,0.0010959930950775743,1.1294270734651946e-05,0.0006602006033062935,3.2284980989061296e-05,10.0,1.0,10.0
771.0,0.001090760575607419,0.001090760575607419,1.1276217264821753e-05,0.000662856618873775,3.1514176953351125e-05,10.0,1.0,10.0
772.0,0.001096320920623839,0.001096320920623839,1.2861341019743122e-05,0.0006634215824306011,3.0428591344389133e-05,10.0,1.0,10.0
773.0,0.0011008335277438164,0.0011008335277438164,1.0715250027715228e-05,0.0006592544377781451,3.344265860505402e-05,10.0,1.0,10.0
774.0,0.0010961212683469057,0.0010961212683469057,1.3113918612361886e-05,0.0006623546360060573,3.0262743166531436e-05,10.0,1.0,10.0
775.0,0.001086479052901268,0.001086479052901268,1.0919433407252654e-05,0.0006582369678653777,3.190477946191095e-05,10.0,1.0,10.0
776.0,0.0010811502579599619,0.0010811502579599619,1.16496466944227e-05,0.000655878393445164,3.08775415760465e-05,10.0,1.0,10.0
777.0,0.001082697999663651,0.001082697999663651,1.203747797262622e-05,0.0006597911124117672,3.0253209843067452e-05,10.0,1.0,10.0
778.0,0.0010854661231860518,0.0010854661231860518,1.1077896488131955e-05,0.0006517455913126469,3.229415597161278e-05,10.0,1.0,10.0
779.0,0.001083649811334908,0.001083649811334908,1.2447892913769465e-05,0.0006592281861230731,2.9994269425515085e-05,10.0,1.0,10.0
780.0,0.001077813794836402,0.001077813794836402,1.1230704330955632e-05,0.0006502151372842491,3.1529161788057536e-05,10.0,1.0,10.0
781.0,0.0010729720816016197,0.0010729720816016197,1.1452603757788893e-05,0.0006548483506776392,3.035976624232717e-05,10.0,1.0,10.0
782.0,0.0010722156148403883,0.0010722156148403883,1.203386636916548e-05,0.0006507383659482002,3.0113867978798226e-05,10.0,1.0,10.0
783.0,0.0010737976990640163,0.0010737976990640163,1.079667254089145e-05,0.0006516995490528643,3.141314664389938e-05,10.0,1.0,10.0
784.0,0.0010740754660218954,0.0010740754660218954,1.2645896276808344e-05,0.0006502895266748965,2.973269329231698e-05,10.0,1.0,10.0
785.0,0.0010718728881329298,0.0010718728881329298,1.0798096809594426e-05,0.0006510058883577585,3.128860771539621e-05,10.0,1.0,10.0
786.0,0.0010693550575524569,0.0010693550575524569,1.2319953384576365e-05,0.0006464071338996291,2.9974831704748794e-05,10.0,1.0,10.0
787.0,0.0010693345684558153,0.0010693345684558153,1.1355906281096395e-05,0.000652473361697048,3.0330216759466566e-05,10.0,1.0,10.0
788.0,0.0010726270265877247,0.0010726270265877247,1.2173784853075631e-05,0.0006419555866159499,3.0893355869920924e-05,10.0,1.0,10.0
789.0,0.0010782526805996895,0.0010782526805996895,1.2161879567429423e-05,0.0006551726837642491,3.0146113203954883e-05,10.0,1.0,10.0
790.0,0.0010857881279662251,0.0010857881279662251,1.3053499060333706e-05,0.0006391236674971879,3.161294443998486e-05,10.0,1.0,10.0
791.0,0.0010972931049764156,0.0010972931049764156,1.285104463022435e-05,0.0006584884249605238,3.102942355326377e-05,10.0,1.0,10.0
792.0,0.0011174320243299007,0.0011174320243299007,1.5604453437845223e-05,0.0006388022447936237,3.225852924515493e-05,10.0,1.0,10.0
793.0,0.001152816112153232,0.001152816112153232,1.485149005020503e-05,0.0006669647409580648,3.373364597791806e-05,10.0,1.0,10.0
794.0,0.0012126791989430785,0.0012126791989430785,2.166780541301705e-05,0.0006433757371269166,3.526253567542881e-05,10.0,1.0,10.0
795.0,0.0013121208176016808,0.0013121208176016808,2.1895615645917132e-05,0.000691023888066411,4.0214079490397125e-05,10.0,1.0,10.0
796.0,0.0014779467601329088,0.0014779467601329088,3.6545661714626476e-05,0.0006613886798731983,4.511015140451491e-05,10.0,1.0,10.0
797.0,0.0017575626261532307,0.0017575626261532307,4.3356292735552415e-05,0.0007541841478087008,5.698155291611329e-05,10.0,1.0,10.0
798.0,0.0022315755486488342,0.0022315755486488342,7.68939353292808e-05,0.0007248224574141204,7.378137524938211e-05,10.0,1.0,10.0
799.0,0.003033196087926626,0.003033196087926626,0.00010632435441948473,0.0009205667884089053,0.00010493859008420259,10.0,1.0,10.0
800.0,0.00437132827937603,0.00437132827937603,0.00018931507656816393,0.000929691712372005,0.00015484855975955725,10.0,1.0,10.0
801.0,0.006540210917592049,0.006540210917592049,0.0002812269958667457,0.0013513716403394938,0.00023765697551425546,10.0,1.0,10.0
802.0,0.009855376556515694,0.009855376556515694,0.00047452468425035477,0.001491691917181015,0.0003618437622208148,10.0,1.0,10.0
803.0,0.014372747391462326,0.014372747391462326,0.0006744806305505335,0.0022805153857916594,0.0005347426631487906,10.0,1.0,10.0
804.0,0.019256995990872383,0.019256995990872383,0.0009609648259356618,0.0024845011066645384,0.0007162846741266549,10.0,1.0,10.0
805.0,0.02210383117198944,0.02210383117198944,0.0010638781823217869,0.0031803178135305643,0.0008284732466563582,10.0,1.0,10.0
806.0,0.019792767241597176,0.019792767241597176,0.0009902218589559197,0.00253010424785316,0.0007360444869846106,10.0,1.0,10.0
807.0,0.012014899402856827,0.012014899402856827,0.0005555027164518833,0.0019949886482208967,0.00044648838229477406,10.0,1.0,10.0
808.0,0.003775638295337558,0.003775638295337558,0.00015936796262394637,0.00085155398119241,0.00013304047752171755,10.0,1.0,10.0
809.0,0.0011144480668008327,0.0011144480668008327,1.7695601854939014e-05,0.0006265735137276351,3.1091847631614655e-05,10.0,1.0,10.0
810.0,0.004644331522285938,0.004644331522285938,0.00018487279885448515,0.0011150669306516647,0.00016805368068162352,10.0,1.0,10.0
811.0,0.009357862174510956,0.009357862174510956,0.0004503679519984871,0.0014313404681161046,0.0003422842128202319,10.0,1.0,10.0
812.0,0.009890387766063213,0.009890387766063213,0.0004502254305407405,0.0017500394023954868,0.00036380940582603216,10.0,1.0,10.0
813.0,0.005762514658272266,0.005762514658272266,0.00026041397359222174,0.001055068802088499,0.00021033058874309063,10.0,1.0,10.0
814.0,0.0016445592045783997,0.0016445592045783997,3.990830009570345e-05,0.0007389617385342717,5.065144068794325e-05,10.0,1.0,10.0
815.0,0.001620735740289092,0.001620735740289092,3.567881867638789e-05,0.0007314753602258861,5.3247214964358136e-05,10.0,1.0,10.0
816.0,0.0045237052254378796,0.0045237052254378796,0.00019770883955061436,0.0009456871193833649,0.00016009296814445406,10.0,1.0,10.0
817.0,0.00611460767686367,0.00611460767686367,0.00026060472009703517,0.0013003350468352437,0.00022082256327848881,10.0,1.0,10.0
818.0,0.004423786420375109,0.004423786420375109,0.00019029394024983048,0.0009192490251734853,0.00016015980509109795,10.0,1.0,10.0
819.0,0.0017364242812618613,0.0017364242812618613,4.4141132093500346e-05,0.0007501556538045406,5.4485732107423246e-05,10.0,1.0,10.0
820.0,0.00120214419439435,0.00120214419439435,1.6194717318285257e-05,0.0006648603593930602,3.7533663999056444e-05,10.0,1.0,10.0
821.0,0.0028056534938514233,0.0028056534938514233,0.0001081227746908553,0.0007699478301219642,9.544778731651604e-05,10.0,1.0,10.0
822.0,0.003950349520891905,0.003950349520891905,0.00015241946675814688,0.001031681546010077,0.00013944735110271722,10.0,1.0,10.0
823.0,0.003101307898759842,0.003101307898759842,0.00012217012408655137,0.0007860909099690616,0.00010935157479252666,10.0,1.0,10.0
824.0,0.001495450851507485,0.001495450851507485,3.257398202549666e-05,0.000712212931830436,4.574980994220823e-05,10.0,1.0,10.0
825.0,0.0011157625121995807,0.0011157625121995807,1.2879172572866082e-05,0.0006478314171545208,3.391393693163991e-05,10.0,1.0,10.0
826.0,0.0020522484555840492,0.0020522484555840492,6.851874059066176e-05,0.0006995563162490726,6.675048643955961e-05,10.0,1.0,10.0
827.0,0.002745819976553321,0.002745819976553321,9.338009840575978e-05,0.0008791593136265874,9.328596934210509e-05,10.0,1.0,10.0
828.0,0.0022495391312986612,0.0022495391312986612,7.697645196458325e-05,0.0007088370039127767,7.709376222919673e-05,10.0,1.0,10.0
829.0,0.0012982902117073536,0.0012982902117073536,2.3635331672267057e-05,0.0006837476976215839,3.781892519327812e-05,10.0,1.0,10.0
830.0,0.0010731492657214403,0.0010731492657214403,1.146064641943667e-05,0.0006400261190719903,3.185166497132741e-05,10.0,1.0,10.0
831.0,0.0016281177522614598,0.0016281177522614598,4.561635068967007e-05,0.0006606608512811363,5.112934377393685e-05,10.0,1.0,10.0
832.0,0.0020415058825165033,0.0020415058825165033,5.919876275584102e-05,0.0007851851987652481,6.643330561928451e-05,10.0,1.0,10.0
833.0,0.0017525663133710623,0.0017525663133710623,5.0625680160010234e-05,0.0006628208793699741,5.834885814692825e-05,10.0,1.0,10.0
834.0,0.0011866462882608175,0.0011866462882608175,1.8607290257932618e-05,0.0006629875279031694,3.375858796061948e-05,10.0,1.0,10.0
835.0,0.001038110931403935,0.001038110931403935,1.0468364962434862e-05,0.0006298352964222431,3.0359198717633262e-05,10.0,1.0,10.0
836.0,0.001357668312266469,0.001357668312266469,3.103763810941018e-05,0.0006345089059323072,4.127830106881447e-05,10.0,1.0,10.0
837.0,0.0016171103343367577,0.0016171103343367577,3.88562330044806e-05,0.00072445411933586,5.040939504397102e-05,10.0,1.0,10.0
838.0,0.0014683004701510072,0.0014683004701510072,3.5737542930291966e-05,0.0006371245835907757,4.738005009130575e-05,10.0,1.0,10.0
839.0,0.0011297280434519053,0.0011297280434519053,1.6284306184388697e-05,0.0006514783017337322,3.154067599098198e-05,10.0,1.0,10.0
840.0,0.0010110109578818083,0.0010110109578818083,9.913933354255278e-06,0.0006218557246029377,2.900159415730741e-05,10.0,1.0,10.0
841.0,0.0011813449673354626,0.0011813449673354626,2.1550424207816832e-05,0.0006201286450959742,3.4571203286759555e-05,10.0,1.0,10.0
842.0,0.0013546773698180914,0.0013546773698180914,2.6618014089763165e-05,0.0006849010824225843,4.0359620470553637e-05,10.0,1.0,10.0
843.0,0.0012996674049645662,0.0012996674049645662,2.7139736630488187e-05,0.0006228997372090816,4.0537026507081464e-05,10.0,1.0,10.0
844.0,0.0011006761342287064,0.0011006761342287064,1.5209617231448647e-05,0.0006438762065954506,3.0470380806946196e-05,10.0,1.0,10.0
845.0,0.0009962646290659904,0.0009962646290659904,9.94904348772252e-06,0.0006138843600638211,2.8288977773627266e-05,10.0,1.0,10.0
846.0,0.0010706059401854873,0.0010706059401854873,1.5621271813870408e-05,0.0006109833484515548,3.0340988814714365e-05,10.0,1.0,10.0
847.0,0.0011873615439981222,0.0011873615439981222,1.898784830700606e-05,0.0006560171605087817,3.414660022826865e-05,10.0,1.0,10.0
848.0,0.0011899082455784082,0.0011899082455784082,2.1617848688038066e-05,0.000612426083534956,3.613036824390292e-05,10.0,1.0,10.0
849.0,0.001082753879018128,0.001082753879018128,1.4549605111824349e-05,0.0006375375669449568,2.9972030461067334e-05,10.0,1.0,10.0
850.0,0.0009940501768141985,0.0009940501768141985,1.0466581443324685e-05,0.0006071275565773249,2.822568239935208e-05,10.0,1.0,10.0
851.0,0.0010074226884171367,0.0010074226884171367,1.2141965271439403e-05,0.0006069535738788545,2.7904947273782454e-05,10.0,1.0,10.0
852.0,0.0010783900506794453,0.0010783900506794453,1.4119937986833975e-05,0.0006351517513394356,3.0203887945390306e-05,10.0,1.0,10.0
853.0,0.00110905384644866,0.00110905384644866,1.7514839782961644e-05,0.0006060954765416682,3.278099757153541e-05,10.0,1.0,10.0
854.0,0.0010650921612977982,0.0010650921612977982,1.3896840755478479e-05,0.0006326964357867837,2.9342734706006013e-05,10.0,1.0,10.0
855.0,0.0009997632587328553,0.0009997632587328553,1.128414623963181e-05,0.0006031514494679868,2.8377040507621132e-05,10.0,1.0,10.0
856.0,0.0009792251512408257,0.0009792251512408257,1.0570427548373118e-05,0.0006069780793040991,2.6654272005544044e-05,10.0,1.0,10.0
857.0,0.00101000489667058,0.00101000489667058,1.129051270254422e-05,0.0006194634479470551,2.7763628168031573e-05,10.0,1.0,10.0
858.0,0.0010443099308758974,0.0010443099308758974,1.434943169442704e-05,0.0006011304212734103,2.9968521630507894e-05,10.0,1.0,10.0
859.0,0.0010405423818156123,0.0010405423818156123,1.2987982699996792e-05,0.0006255544140003622,2.8510814445326105e-05,10.0,1.0,10.0
860.0,0.0010046056704595685,0.0010046056704595685,1.208684807352256e-05,0.0005990059580653906,2.8473121346905828e-05,10.0,1.0,10.0
861.0,0.000974150316324085,0.000974150316324085,1.0329631550121121e-05,0.0006073105032555759,2.635434975672979e-05,10.0,1.0,10.0
862.0,0.0009742304682731628,0.0009742304682731628,1.0120600563823245e-05,0.0006067065987735987,2.663178565853741e-05,10.0,1.0,10.0
863.0,0.000994983478449285,0.000994983478449285,1.1957239621551707e-05,0.0005972844082862139,2.781266812235117e-05,10.0,1.0,10.0
864.0,0.0010084956884384155,0.0010084956884384155,1.1753544640669134e-05,0.0006162129575386643,2.7474725357024e-05,10.0,1.0,10.0
865.0,0.000999636366032064,0.000999636366032064,1.222027640324086e-05,0.0005954818916507065,2.819517430907581e-05,10.0,1.0,10.0
866.0,0.0009779033716768026,0.0009779033716768026,1.057089502864983e-05,0.0006078807637095451,2.643136031110771e-05,10.0,1.0,10.0
867.0,0.0009632823057472706,0.0009632823057472706,1.010110918286955e-05,0.0005985070019960403,2.637641955516301e-05,10.0,1.0,10.0
868.0,0.0009652755688875914,0.0009652755688875914,1.0423047569929622e-05,0.0005966397584415972,2.6440529836690985e-05,10.0,1.0,10.0
869.0,0.0009762757690623403,0.0009762757690623403,1.0547756573942024e-05,0.0006066992064006627,2.6409898055135272e-05,10.0,1.0,10.0
870.0,0.0009821054991334677,0.0009821054991334677,1.1525129593792371e-05,0.0005929772742092609,2.7387690352043137e-05,10.0,1.0,10.0
871.0,0.0009762203553691506,0.0009762203553691506,1.0648626812326256e-05,0.0006062379688955843,2.6349616746301763e-05,10.0,1.0,10.0
872.0,0.0009639346972107887,0.0009639346972107887,1.0574102816462982e-05,0.0005931236664764583,2.650700116646476e-05,10.0,1.0,10.0
873.0,0.0009551943512633443,0.0009551943512633443,9.93772209767485e-06,0.0005972028593532741,2.58614236372523e-05,10.0,1.0,10.0
874.0,0.0009549608221277595,0.0009549608221277595,9.967347978090402e-06,0.0005974448285996914,2.578425483079627e-05,10.0,1.0,10.0
875.0,0.0009599683107808232,0.0009599683107808232,1.0536444278841373e-05,0.000590896001085639,2.6370787963969633e-05,10.0,1.0,10.0
876.0,0.0009632628643885255,0.0009632628643885255,1.0332341844332404e-05,0.0006006959010846913,2.5924349756678566e-05,10.0,1.0,10.0
877.0,0.0009608047548681498,0.0009608047548681498,1.0761061275843531e-05,0.000589076429605484,2.6411771614220925e-05,10.0,1.0,10.0
878.0,0.0009541516192257404,0.0009541516192257404,1.0028416909335647e-05,0.000596905592828989,2.5696183001855388e-05,10.0,1.0,10.0
879.0,0.0009479871368966997,0.0009479871368966997,1.0094072422361933e-05,0.0005903630517423153,2.566833791206591e-05,10.0,1.0,10.0
880.0,0.0009456858970224857,0.0009456858970224857,9.889409739116672e-06,0.0005905093275941908,2.5628247385611758e-05,10.0,1.0,10.0
881.0,0.0009469275246374309,0.0009469275246374309,9.940614290826488e-06,0.0005935527151450515,2.5396868295501918e-05,10.0,1.0,10.0
882.0,0.0009487527422606945,0.0009487527422606945,1.0315979125152808e-05,0.0005868339212611318,2.5875897335936315e-05,10.0,1.0,10.0
883.0,0.0009484092006459832,0.0009484092006459832,9.999799658544362e-06,0.0005942111019976437,2.5420009478693828e-05,10.0,1.0,10.0
884.0,0.0009453746024519205,0.0009453746024519205,1.0288918019796256e-05,0.0005859690136276186,2.5651639589341357e-05,10.0,1.0,10.0
885.0,0.0009412450017407537,0.0009412450017407537,9.771332770469598e-06,0.0005905852885916829,2.5294639272033237e-05,10.0,1.0,10.0
886.0,0.0009380950941704214,0.0009380950941704214,9.92233253782615e-06,0.0005870289751328528,2.5184277546941303e-05,10.0,1.0,10.0
887.0,0.0009368857135996222,0.0009368857135996222,9.789737305254675e-06,0.0005859876982867718,2.5300061679445207e-05,10.0,1.0,10.0
888.0,0.0009370303014293313,0.0009370303014293313,9.814320947043598e-06,0.0005885694990865886,2.5031760742422193e-05,10.0,1.0,10.0
889.0,0.0009371588239446282,0.0009371588239446282,1.0048197509604506e-05,0.0005831702146679163,2.535066414566245e-05,10.0,1.0,10.0
890.0,0.0009362139971926808,0.0009362139971926808,9.776711522135884e-06,0.0005881801480427384,2.5026671210071072e-05,10.0,1.0,10.0
891.0,0.0009340989054180682,0.0009340989054180682,1.0048687727248762e-05,0.0005822558887302876,2.5135615942417644e-05,10.0,1.0,10.0
892.0,0.0009315053466707468,0.0009315053466707468,9.652942935645115e-06,0.0005853629554621875,2.4961296730907634e-05,10.0,1.0,10.0
893.0,0.000929294154047966,0.000929294154047966,9.844971827988047e-06,0.0005826106644235551,2.4823375497362576e-05,10.0,1.0,10.0
894.0,0.0009279055520892143,0.0009279055520892143,9.675372893980239e-06,0.0005819664802402258,2.4918539565987885e-05,10.0,1.0,10.0
895.0,0.00092719541862607,0.00092719541862607,9.71796725934837e-06,0.0005832196911796927,2.4679602574906312e-05,10.0,1.0,10.0
896.0,0.0009266495471820235,0.0009266495471820235,9.835925993684214e-06,0.0005795666947960854,2.487236270098947e-05,10.0,1.0,10.0
897.0,0.0009257807396352291,0.0009257807396352291,9.64907758316258e-06,0.0005827679415233433,2.46522031375207e-05,10.0,1.0,10.0
898.0,0.0009244006942026317,0.0009244006942026317,9.888310160022229e-06,0.0005783768137916923,2.4714076062082313e-05,10.0,1.0,10.0
899.0,0.0009226521942764521,0.0009226521942764521,9.569925168761984e-06,0.0005808452260680497,2.4610772015876137e-05,10.0,1.0,10.0
900.0,0.0009208593983203173,0.0009208593983203173,9.784719622984994e-06,0.0005780194187536836,2.44992806983646e-05,10.0,1.0,10.0
901.0,0.0009192987345159054,0.0009192987345159054,9.558890269545373e-06,0.0005782649968750775,2.454448076605331e-05,10.0,1.0,10.0
902.0,0.0009180714259855449,0.0009180714259855449,9.655312169343233e-06,0.0005779466009698808,2.435717215121258e-05,10.0,1.0,10.0
903.0,0.0009170915000140667,0.0009170915000140667,9.643637895351276e-06,0.0005760038620792329,2.446513099130243e-05,10.0,1.0,10.0
904.0,0.0009161728667095304,0.0009161728667095304,9.563682397129014e-06,0.0005775039899162948,2.4303206373588182e-05,10.0,1.0,10.0
905.0,0.000915143231395632,0.000915143231395632,9.721390597405843e-06,0.0005744472146034241,2.4348213628400117e-05,10.0,1.0,10.0
906.0,0.0009139272151514888,0.0009139272151514888,9.496593520452734e-06,0.0005763124208897352,2.426488572382368e-05,10.0,1.0,10.0
907.0,0.0009125512442551553,0.0009125512442551553,9.707996468932834e-06,0.0005735111772082746,2.419601150904782e-05,10.0,1.0,10.0
908.0,0.0009111128747463226,0.0009111128747463226,9.462896741752047e-06,0.0005745328380726278,2.4195105652324855e-05,10.0,1.0,10.0
909.0,0.0009097151923924685,0.0009097151923924685,9.623168807593174e-06,0.0005729218246415257,2.405616396572441e-05,10.0,1.0,10.0
910.0,0.0009084262419492006,0.0009084262419492006,9.483716894465033e-06,0.000572599412407726,2.4098964786389843e-05,10.0,1.0,10.0
911.0,0.0009072534739971161,0.0009072534739971161,9.526507710688747e-06,0.0005723502254113555,2.3963817511685193e-05,10.0,1.0,10.0
912.0,0.000906165863852948,0.000906165863852948,9.539411621517502e-06,0.0005708604585379362,2.3991129637579434e-05,10.0,1.0,10.0
913.0,0.0009050980443134904,0.0009050980443134904,9.450250217923895e-06,0.0005715364823117852,2.39059045270551e-05,10.0,1.0,10.0
914.0,0.0009040047880262136,0.0009040047880262136,9.57892098085722e-06,0.0005694569554179907,2.3875862098066136e-05,10.0,1.0,10.0
915.0,0.0009028512286022305,0.0009028512286022305,9.400098861078732e-06,0.0005703886854462326,2.3846154363127425e-05,10.0,1.0,10.0
916.0,0.0009016419644467533,0.0009016419644467533,9.568503628543112e-06,0.0005683462950401008,2.3761065676808357e-05,10.0,1.0,10.0
917.0,0.0009003942250274122,0.0009003942250274122,9.377038622915279e-06,0.0005689687677659094,2.3765507648931816e-05,10.0,1.0,10.0
918.0,0.0008991368813440204,0.0008991368813440204,9.51370475377189e-06,0.0005674176500178874,2.3658216377953067e-05,10.0,1.0,10.0
919.0,0.000897900084964931,0.000897900084964931,9.380788469570689e-06,0.0005674384883604944,2.366537410125602e-05,10.0,1.0,10.0
920.0,0.0008966989698819816,0.0008966989698819816,9.440714165975805e-06,0.0005665589706040919,2.3573289581690915e-05,10.0,1.0,10.0
921.0,0.0008955370867624879,0.0008955370867624879,9.401527677255217e-06,0.000565946800634265,2.3557500753668137e-05,10.0,1.0,10.0
922.0,0.0008944070432335138,0.0008944070432335138,9.373441571369767e-06,0.0005656710127368569,2.350016075070016e-05,10.0,1.0,10.0
923.0,0.0008932932978495955,0.0008932932978495955,9.421179129276425e-06,0.0005645570927299559,2.345244138268754e-05,10.0,1.0,10.0
924.0,0.0008921868866309524,0.0008921868866309524,9.32281091081677e-06,0.0005646818317472935,2.3427694031852297e-05,10.0,1.0,10.0
925.0,0.0008910716278478503,0.0008910716278478503,9.424513336853124e-06,0.000563275592867285,2.3355090888799168e-05,10.0,1.0,10.0
926.0,0.0008899449603632092,0.0008899449603632092,9.290509296988603e-06,0.0005635756533592939,2.3346423404291272e-05,10.0,1.0,10.0
927.0,0.0008888057200238109,0.0008888057200238109,9.406429853697773e-06,0.0005620886804535985,2.326527283003088e-05,10.0,1.0,10.0
928.0,0.0008876546053215861,0.0008876546053215861,9.273422620026395e-06,0.0005623754695989192,2.3254488041857257e-05,10.0,1.0,10.0
929.0,0.000886499707121402,0.000886499707121402,9.37108325160807e-06,0.0005609684740193188,2.318203951290343e-05,10.0,1.0,10.0
930.0,0.0008853436447679996,0.0008853436447679996,9.266121196560562e-06,0.0005611171945929527,2.3156517272582278e-05,10.0,1.0,10.0
931.0,0.0008841934031806886,0.0008841934031806886,9.327161933470052e-06,0.0005598962889052927,2.310255149495788e-05,10.0,1.0,10.0
932.0,0.0008830517763271928,0.0008830517763271928,9.262779713026248e-06,0.0005598421557806432,2.3058186343405396e-05,10.0,1.0,10.0
933.0,0.0008819147478789091,0.0008819147478789091,9.282745850214269e-06,0.0005588539061136544,2.3023332687444054e-05,10.0,1.0,10.0
934.0,0.0008807874983176589,0.0008807874983176589,9.258342288376298e-06,0.0005585749167948961,2.2962914954405278e-05,10.0,1.0,10.0
935.0,0.0008796707261353731,0.0008796707261353731,9.242831765732262e-06,0.0005578246200457215,2.2941778297536075e-05,10.0,1.0,10.0
936.0,0.0008785579120740294,0.0008785579120740294,9.249988579540513e-06,0.0005573228700086474,2.2873513444210403e-05,10.0,1.0,10.0
937.0,0.0008774501038715243,0.0008774501038715243,9.209053132508416e-06,0.0005567885236814618,2.2857109797769226e-05,10.0,1.0,10.0
938.0,0.0008763473015278578,0.0008763473015278578,9.237196536560077e-06,0.0005560852587223053,2.2789008653489873e-05,10.0,1.0,10.0
939.0,0.0008752467110753059,0.0008752467110753059,9.180701454170048e-06,0.0005557408439926803,2.2769881979911588e-05,10.0,1.0,10.0
940.0,0.0008741530473344028,0.0008741530473344028,9.221005711879116e-06,0.0005548626650124788,2.2708032702212222e-05,10.0,1.0,10.0
941.0,0.0008730597328394651,0.0008730597328394651,9.156125997833442e-06,0.0005546844331547618,2.2681406335323118e-05,10.0,1.0,10.0
942.0,0.0008719710749574006,0.0008719710749574006,9.202703949995339e-06,0.0005536532844416797,2.2629070372204296e-05,10.0,1.0,10.0
943.0,0.0008708847453817725,0.0008708847453817725,9.133452294918243e-06,0.0005536220269277692,2.2592823370359838e-05,10.0,1.0,10.0
944.0,0.0008698002202436328,0.0008698002202436328,9.183962902170606e-06,0.0005524532753042877,2.255072831758298e-05,10.0,1.0,10.0
945.0,0.0008687216322869062,0.0008687216322869062,9.11074585019378e-06,0.0005525637534447014,2.2505042579723522e-05,10.0,1.0,10.0
946.0,0.0008676454890519381,0.0008676454890519381,9.166833478957415e-06,0.0005512599018402398,2.2471724150818773e-05,10.0,1.0,10.0
947.0,0.0008665767963975668,0.0008665767963975668,9.086288628168404e-06,0.000551518751308322,2.2419517335947603e-05,10.0,1.0,10.0
948.0,0.000865513808093965,0.000865513808093965,9.152958227787167e-06,0.0005500604747794569,2.23923780140467e-05,10.0,1.0,10.0
949.0,0.0008644605986773968,0.0008644605986773968,9.059323019755539e-06,0.0005505022127181292,2.2336513211485e-05,10.0,1.0,10.0
950.0,0.0008634182158857584,0.0008634182158857584,9.144407158601098e-06,0.0005488382303155959,2.2313595763989724e-05,10.0,1.0,10.0
951.0,0.0008623919566161931,0.0008623919566161931,9.029280590766575e-06,0.0005495345685631037,2.2256457668845542e-05,10.0,1.0,10.0
952.0,0.0008613852551206946,0.0008613852551206946,9.144554496742785e-06,0.0005475744255818427,2.2236528820940293e-05,10.0,1.0,10.0
953.0,0.0008604094618931413,0.0008604094618931413,8.9960003606393e-06,0.0005486425361596048,2.218069312220905e-05,10.0,1.0,10.0
954.0,0.0008594777900725603,0.0008594777900725603,9.159668479696847e-06,0.000546242285054177,2.2163880203152075e-05,10.0,1.0,10.0
955.0,0.000858606887049973,0.000858606887049973,8.960674676927738e-06,0.0005478770472109318,2.2112313672550954e-05,10.0,1.0,10.0
956.0,0.0008578369161114097,0.0008578369161114097,9.201657121593598e-06,0.0005448060110211372,2.210143065894954e-05,10.0,1.0,10.0
957.0,0.0008572122314944863,0.0008572122314944863,8.928609531722032e-06,0.0005473343189805746,2.205917553510517e-05,10.0,1.0,10.0
958.0,0.0008568191551603377,0.0008568191551603377,9.296885764342733e-06,0.0005432178149931133,2.2063246433390304e-05,10.0,1.0,10.0
959.0,0.0008567849872633815,0.0008567849872633815,8.917387276596855e-06,0.000547190080396831,2.2042102500563487e-05,10.0,1.0,10.0
960.0,0.0008573202649131417,0.0008573202649131417,9.505233720119577e-06,0.0005414370680227876,2.208308069384657e-05,10.0,1.0,10.0
961.0,0.0008587747579440475,0.0008587747579440475,8.982377948996145e-06,0.0005477947415784001,2.211562605225481e-05,10.0,1.0,10.0
962.0,0.0008617282728664577,0.0008617282728664577,9.973120540962555e-06,0.0005394750623963773,2.2252201233641244e-05,10.0,1.0,10.0
963.0,0.0008671510731801391,0.0008671510731801391,9.292928552895319e-06,0.0005499284015968442,2.2429336240747944e-05,10.0,1.0,10.0
964.0,0.0008766938699409366,0.0008766938699409366,1.1084001926064957e-05,0.0005376290064305067,2.2822481696493924e-05,10.0,1.0,10.0
965.0,0.0008931783377192914,0.0008931783377192914,1.0364115041738842e-05,0.0005554476520046592,2.3408954803016968e-05,10.0,1.0,10.0
966.0,0.0009214848978444934,0.0009214848978444934,1.3899391888116952e-05,0.0005372551386244595,2.4523582396795973e-05,10.0,1.0,10.0
967.0,0.0009701204253360629,0.0009701204253360629,1.3784759175905492e-05,0.0005691515980288386,2.6312121917726472e-05,10.0,1.0,10.0
968.0,0.0010540203657001257,0.0010540203657001257,2.1515968910534866e-05,0.0005433847545646131,2.9547587473643944e-05,10.0,1.0,10.0
969.0,0.0011995519744232297,0.0011995519744232297,2.4537783247069456e-05,0.0006043760804459453,3.497980287647806e-05,10.0,1.0,10.0
970.0,0.0014533408684656024,0.0014533408684656024,4.332368553150445e-05,0.0005734299193136394,4.466740938369185e-05,10.0,1.0,10.0
971.0,0.0018975506536662579,0.0018975506536662579,5.838162178406492e-05,0.0007000172627158463,6.137172022135928e-05,10.0,1.0,10.0
972.0,0.0026748834643512964,0.0026748834643512964,0.00010810634557856247,0.0006849532946944237,9.088667866308242e-05,10.0,1.0,10.0
973.0,0.0040248362347483635,0.0040248362347483635,0.00016368587967008352,0.0009694530162960291,0.000141852447995916,10.0,1.0,10.0
974.0,0.006320474669337273,0.006320474669337273,0.00029827060643583536,0.0010502495570108294,0.0002287519455421716,10.0,1.0,10.0
975.0,0.010051141493022442,0.010051141493022442,0.000465586461359635,0.0016956336330622435,0.0003699643712025136,10.0,1.0,10.0
976.0,0.01558811403810978,0.01558811403810978,0.0007776021375320852,0.0020219439174979925,0.0005790148861706257,10.0,1.0,10.0
977.0,0.02243809401988983,0.02243809401988983,0.0010901023633778095,0.0031453403644263744,0.0008391729206778109,10.0,1.0,10.0
978.0,0.02801034413278103,0.02801034413278103,0.0014188309432938695,0.0033416650258004665,0.0010480370838195086,10.0,1.0,10.0
979.0,0.02756974846124649,0.02756974846124649,0.0013495374005287886,0.003730553900822997,0.0010343820322304964,10.0,1.0,10.0
980.0,0.018603431060910225,0.018603431060910225,0.0009363086428493261,0.0023055083584040403,0.0006934835691936314,10.0,1.0,10.0
981.0,0.0065048253163695335,0.0065048253163695335,0.0002870536991395056,0.0012550639221444726,0.00023792247520759702,10.0,1.0,10.0
982.0,0.001062604133039713,0.001062604133039713,1.5085626728250645e-05,0.0005353423184715211,3.764055873034522e-05,10.0,1.0,10.0
983.0,0.0051666852086782455,0.0051666852086782455,0.00023724703351035714,0.0009417424444109201,0.0001852472487371415,10.0,1.0,10.0
984.0,0.011909552849829197,0.011909552849829197,0.0005499685648828745,0.0019171141320839524,0.0004492753359954804,10.0,1.0,10.0
985.0,0.012629266828298569,0.012629266828298569,0.0006246507982723415,0.0017211101949214935,0.0004661648999899626,10.0,1.0,10.0
986.0,0.006535018794238567,0.006535018794238567,0.00028915400616824627,0.0012799529358744621,0.0002363525563850999,10.0,1.0,10.0
987.0,0.0012761412654072046,0.0012761412654072046,3.0769930162932724e-05,0.0005523081636056304,4.161338074482046e-05,10.0,1.0,10.0
988.0,0.002530359197407961,0.002530359197407961,9.779806714504957e-05,0.0006942186737433076,8.581599104218185e-05,10.0,1.0,10.0
989.0,0.006868830882012844,0.006868830882012844,0.0002943962172139436,0.0013127803103998303,0.00026120885740965605,10.0,1.0,10.0
990.0,0.007497112266719341,0.007497112266719341,0.00035577398375608027,0.0012028836645185947,0.00027364891138859093,10.0,1.0,10.0
991.0,0.003671332262456417,0.003671332262456417,0.00014192752132657915,0.0009272163733839989,0.00013248408504296094,10.0,1.0,10.0
992.0,0.0008812741143628955,0.0008812741143628955,1.1303956853225827e-05,0.000535046448931098,2.331881296413485e-05,10.0,1.0,10.0
993.0,0.0023474134504795074,0.0023474134504795074,9.004739695228636e-05,0.0006638804916292429,7.830590766388923e-05,10.0,1.0,10.0
994.0,0.004847882315516472,0.004847882315516472,0.00019744342716876417,0.0010697690304368734,0.00018036790424957871,10.0,1.0,10.0
995.0,0.004318276420235634,0.004318276420235634,0.00019209386664442718,0.0008615718688815832,0.00015357656229753047,10.0,1.0,10.0
996.0,0.0017554572550579906,0.0017554572550579906,4.778377115144394e-05,0.0006742331897839904,6.033862882759422e-05,10.0,1.0,10.0
997.0,0.0009300654055550694,0.0009300654055550694,1.2238855561008677e-05,0.0005609006620943546,2.4677614419488236e-05,10.0,1.0,10.0
998.0,0.0024415189400315285,0.0024415189400315285,9.668424900155514e-05,0.0006666717818006873,8.080047700786963e-05,10.0,1.0,10.0
999.0,0.0034128488041460514,0.0034128488041460514,0.00012972447439096868,0.0008907844894565642,0.00012248195707798004,10.0,1.0,10.0
1000.0,0.0023120504338294268,0.0023120504338294268,8.915289799915627e-05,0.0006609801203012466,7.595413626404479e-05,10.0,1.0,10.0
1001.0,0.0009561162441968918,0.0009561162441968918,1.197691381094046e-05,0.0005604244070127606,2.759227209025994e-05,10.0,1.0,10.0
1002.0,0.0012206444516777992,0.0012206444516777992,2.5635756173869595e-05,0.0006073068943805993,3.569799446268007e-05,10.0,1.0,10.0
1003.0,0.0022594681940972805,0.0022594681940972805,8.664155757287517e-05,0.0006487180944532156,7.443345384672284e-05,10.0,1.0,10.0
1004.0,0.0022582937963306904,0.0022582937963306904,7.515326433349401e-05,0.0007441078778356314,7.626533624716103e-05,10.0,1.0,10.0
1005.0,0.0012842919677495956,0.0012842919677495956,3.456046761129983e-05,0.0005600088043138385,3.7867852370254695e-05,10.0,1.0,10.0
1006.0,0.0008390707080252469,0.0008390707080252469,9.22769231692655e-06,0.0005318605108186603,2.1493324311450124e-05,10.0,1.0,10.0
1007.0,0.0013754256069660187,0.0013754256069660187,3.256130003137514e-05,0.0006239174981601536,4.2589505028445274e-05,10.0,1.0,10.0
1008.0,0.0018317365320399404,0.0018317365320399404,6.399792619049549e-05,0.0006064281915314496,5.8532910770736635e-05,10.0,1.0,10.0
1009.0,0.001475746394135058,0.001475746394135058,3.767306770896539e-05,0.0006373971700668335,4.616185469785705e-05,10.0,1.0,10.0
1010.0,0.0009087785729207098,0.0009087785729207098,1.3457045497489162e-05,0.0005278807366266847,2.4632738131913356e-05,10.0,1.0,10.0
1011.0,0.0009310434688813984,0.0009310434688813984,1.5340017853304744e-05,0.0005339671624824405,2.436761133139953e-05,10.0,1.0,10.0
1012.0,0.001337358495220542,0.001337358495220542,3.0273498850874603e-05,0.0006146188243292272,4.200046896585263e-05,10.0,1.0,10.0
1013.0,0.0014108289033174515,0.0014108289033174515,4.1698174754856154e-05,0.0005695589352399111,4.242882278049365e-05,10.0,1.0,10.0
1014.0,0.0010589862940832973,0.0010589862940832973,1.798876292014029e-05,0.0005754188750870526,3.0367977160494775e-05,10.0,1.0,10.0
1015.0,0.0008248763042502105,0.0008248763042502105,8.366700967599172e-06,0.0005274997092783451,2.1370960894273594e-05,10.0,1.0,10.0
1016.0,0.000983589794486761,0.000983589794486761,1.8686467228690162e-05,0.0005346565740182996,2.6206857000943273e-05,10.0,1.0,10.0
1017.0,0.00120035489089787,0.00120035489089787,2.385726293141488e-05,0.0005916054360568523,3.701769310282543e-05,10.0,1.0,10.0
1018.0,0.0011249141534790397,0.0011249141534790397,2.656509605003521e-05,0.0005438461666926742,3.1541698263026774e-05,10.0,1.0,10.0
1019.0,0.0008900569519028068,0.0008900569519028068,1.0349500371376052e-05,0.0005429965094663203,2.435654096188955e-05,10.0,1.0,10.0
1020.0,0.0008293231367133558,0.0008293231367133558,8.554587111575529e-06,0.0005317637696862221,2.1201347408350557e-05,10.0,1.0,10.0
1021.0,0.0009705220581963658,0.0009705220581963658,1.7963764548767358e-05,0.0005283030332066119,2.6258137950208038e-05,10.0,1.0,10.0
1022.0,0.0010575331980362535,0.0010575331980362535,1.795488060452044e-05,0.0005695314612239599,3.0845294531900436e-05,10.0,1.0,10.0
1023.0,0.0009612782741896808,0.0009612782741896808,1.75657060026424e-05,0.0005283058853819966,2.57315332419239e-05,10.0,1.0,10.0
1024.0,0.0008322381181642413,0.0008322381181642413,8.26729228720069e-06,0.0005295217270031571,2.2004349375492893e-05,10.0,1.0,10.0
1025.0,0.0008380662184208632,0.0008380662184208632,8.998305929708295e-06,0.0005335120367817581,2.145711005141493e-05,10.0,1.0,10.0
1026.0,0.0009313975460827351,0.0009313975460827351,1.567023718962446e-05,0.000523392460308969,2.5130275389528833e-05,10.0,1.0,10.0
1027.0,0.0009565869113430381,0.0009565869113430381,1.3938554729975294e-05,0.0005541877471841872,2.6301364414393902e-05,10.0,1.0,10.0
1028.0,0.0008807315607555211,0.0008807315607555211,1.2894162864540704e-05,0.0005204906337894499,2.312993092346005e-05,10.0,1.0,10.0
1029.0,0.0008133548544719815,0.0008133548544719815,8.168627573468257e-06,0.0005249048699624836,2.0676374333561398e-05,10.0,1.0,10.0
1030.0,0.0008324186783283949,0.0008324186783283949,8.685085049364716e-06,0.0005297730094753206,2.1579480744549073e-05,10.0,1.0,10.0
1031.0,0.0008876377250999212,0.0008876377250999212,1.3538998246076517e-05,0.0005193122196942568,2.3293554477277212e-05,10.0,1.0,10.0
1032.0,0.000892041134648025,0.000892041134648025,1.1259628990956116e-05,0.0005408601718954742,2.3858472559368238e-05,10.0,1.0,10.0
1033.0,0.0008425096166320145,0.0008425096166320145,1.0860087968467269e-05,0.0005158255808055401,2.1808315068483353e-05,10.0,1.0,10.0
1034.0,0.0008068807073868811,0.0008068807073868811,8.344023626705166e-06,0.0005207504727877676,2.0269002561690286e-05,10.0,1.0,10.0
1035.0,0.0008222907781600952,0.0008222907781600952,8.310911653097719e-06,0.0005240339669398963,2.151477019651793e-05,10.0,1.0,10.0
1036.0,0.0008538172114640474,0.0008538172114640474,1.1945739061047789e-05,0.0005161835579201579,2.1817626475240104e-05,10.0,1.0,10.0
1037.0,0.0008532969513908029,0.0008532969513908029,9.542645784677006e-06,0.0005306171951815486,2.2725333110429347e-05,10.0,1.0,10.0
1038.0,0.0008226267527788877,0.0008226267527788877,9.988609235733747e-06,0.0005145387258380651,2.0820194549742155e-05,10.0,1.0,10.0
1039.0,0.0008013865444809198,0.0008013865444809198,8.084261025942396e-06,0.0005172708188183606,2.0327317542978562e-05,10.0,1.0,10.0
1040.0,0.0008100693812593818,0.0008100693812593818,8.148257620632648e-06,0.0005208083894103765,2.077783938148059e-05,10.0,1.0,10.0
1041.0,0.0008286588126793504,0.0008286588126793504,1.0508063496672548e-05,0.0005133289960213006,2.102492180711124e-05,10.0,1.0,10.0
1042.0,0.00082925776951015,0.00082925776951015,8.73782300914172e-06,0.000524644972756505,2.1723457393818535e-05,10.0,1.0,10.0
1043.0,0.0008114806842058897,0.0008114806842058897,9.486298949923366e-06,0.0005127571057528257,2.038605816778727e-05,10.0,1.0,10.0
1044.0,0.0007973257452249527,0.0007973257452249527,7.927466867840849e-06,0.0005146509502083063,2.0340014089015312e-05,10.0,1.0,10.0
1045.0,0.0008002794347703457,0.0008002794347703457,8.123867701215204e-06,0.0005171525408513844,2.0188821508781984e-05,10.0,1.0,10.0
1046.0,0.0008110437775030732,0.0008110437775030732,9.475103070144542e-06,0.0005098066758364439,2.0648605641326867e-05,10.0,1.0,10.0
1047.0,0.0008130761561915278,0.0008130761561915278,8.488305866194423e-06,0.0005200369632802904,2.0815612515434623e-05,10.0,1.0,10.0
1048.0,0.0008033820195123553,0.0008033820195123553,9.081950338440947e-06,0.0005090656341053545,2.0349691112642176e-05,10.0,1.0,10.0
1049.0,0.0007932253065519035,0.0007932253065519035,8.031082870729733e-06,0.0005130429053679109,1.9987155610579066e-05,10.0,1.0,10.0
1050.0,0.0007922885706648231,0.0007922885706648231,7.957820344017819e-06,0.0005121888243593276,2.005215355893597e-05,10.0,1.0,10.0
1051.0,0.0007979728979989886,0.0007979728979989886,8.917874765757006e-06,0.0005081624258309603,2.0063174815732054e-05,10.0,1.0,10.0
1052.0,0.0008008239092305303,0.0008008239092305303,8.144141247612424e-06,0.0005152309313416481,2.0415156541275792e-05,10.0,1.0,10.0
1053.0,0.0007965152035467327,0.0007965152035467327,8.89076545718126e-06,0.0005070727784186602,2.0053475964232348e-05,10.0,1.0,10.0
1054.0,0.0007895829621702433,0.0007895829621702433,7.970906153786927e-06,0.0005112597136758268,1.9861419787048362e-05,10.0,1.0,10.0
1055.0,0.0007866136729717255,0.0007866136729717255,7.948285201564431e-06,0.0005086917080916464,1.9843913833028637e-05,10.0,1.0,10.0
1056.0,0.0007886324892751873,0.0007886324892751873,8.489888386975508e-06,0.0005069603212177753,1.9677325326483697e-05,10.0,1.0,10.0
1057.0,0.0007911200518719852,0.0007911200518719852,7.879857548687141e-06,0.0005109720514155924,2.0134943042648956e-05,10.0,1.0,10.0
1058.0,0.0007899921620264649,0.0007899921620264649,8.744231308810413e-06,0.0005055104847997427,1.9703937141457573e-05,10.0,1.0,10.0
1059.0,0.0007858361932449043,0.0007858361932449043,7.814134733052924e-06,0.00050860590999946,1.990889541048091e-05,10.0,1.0,10.0
1060.0,0.0007823315681889653,0.0007823315681889653,8.123874067678116e-06,0.0005060328403487802,1.9506001990521327e-05,10.0,1.0,10.0
1061.0,0.0007817772566340864,0.0007817772566340864,8.06964817456901e-06,0.0005046151345595717,1.964656257769093e-05,10.0,1.0,10.0
1062.0,0.000783005147241056,0.000783005147241056,7.902815923443995e-06,0.0005076443776488304,1.963325667020399e-05,10.0,1.0,10.0
1063.0,0.0007832829724065959,0.0007832829724065959,8.417368917434942e-06,0.000502703245729208,1.964060174941551e-05,10.0,1.0,10.0
1064.0,0.0007814050186425447,0.0007814050186425447,7.877633834141307e-06,0.0005067030433565378,1.9592567696236074e-05,10.0,1.0,10.0
1065.0,0.0007785836351104081,0.0007785836351104081,8.111258466669824e-06,0.0005025928257964551,1.9487819372443482e-05,10.0,1.0,10.0
1066.0,0.0007767421193420887,0.0007767421193420887,7.955501132528298e-06,0.0005035179201513529,1.9366914784768596e-05,10.0,1.0,10.0
1067.0,0.0007764814654365182,0.0007764814654365182,7.81540984462481e-06,0.0005036522052250803,1.94675139937317e-05,10.0,1.0,10.0
1068.0,0.0007767624920234084,0.0007767624920234084,8.231911124312319e-06,0.0005011595785617828,1.9328374037286267e-05,10.0,1.0,10.0
1069.0,0.0007762499153614044,0.0007762499153614044,7.780419764458202e-06,0.0005036741495132446,1.9477156456559896e-05,10.0,1.0,10.0
1070.0,0.0007746439659968019,0.0007746439659968019,8.167174200934824e-06,0.0005002612015232444,1.9271097698947415e-05,10.0,1.0,10.0
1071.0,0.0007727412739768624,0.0007727412739768624,7.808891496097203e-06,0.0005015869392082095,1.9306544345454313e-05,10.0,1.0,10.0
1072.0,0.0007714686798863113,0.0007714686798863113,7.883551006671041e-06,0.0005004517734050751,1.921813964145258e-05,10.0,1.0,10.0
1073.0,0.0007709972560405731,0.0007709972560405731,7.989238838490564e-06,0.0004992072936147451,1.9189759768778458e-05,10.0,1.0,10.0
1074.0,0.0007707451586611569,0.0007707451586611569,7.764893780404236e-06,0.0005006422288715839,1.9245395378675312e-05,10.0,1.0,10.0
1075.0,0.000770053593441844,0.000770053593441844,8.08500135462964e-06,0.0004978327197022736,1.9137085473630577e-05,10.0,1.0,10.0
1076.0,0.0007687999750487506,0.0007687999750487506,7.749990800220985e-06,0.0004995010676793754,1.9179902665200643e-05,10.0,1.0,10.0
1077.0,0.0007673815707676113,0.0007673815707676113,7.933599590614904e-06,0.000497440982144326,1.9060458726016805e-05,10.0,1.0,10.0
1078.0,0.000766267825383693,0.000766267825383693,7.821949111530557e-06,0.000497453729622066,1.9059458281844854e-05,10.0,1.0,10.0
1079.0,0.0007655762601643801,0.0007655762601643801,7.777625796734355e-06,0.0004975158954039216,1.9028411770705134e-05,10.0,1.0,10.0
1080.0,0.0007650498300790787,0.0007650498300790787,7.938950147945434e-06,0.0004957257770001888,1.8993459889316e-05,10.0,1.0,10.0
1081.0,0.0007643456337973475,0.0007643456337973475,7.730367542535532e-06,0.0004970794543623924,1.8996248400071636e-05,10.0,1.0,10.0
1082.0,0.0007633432978764176,0.0007633432978764176,7.921205906313844e-06,0.0004947332781739533,1.8939794244943187e-05,10.0,1.0,10.0
1083.0,0.0007621987606398761,0.0007621987606398761,7.749767064524349e-06,0.0004957013297826052,1.8899974747910164e-05,10.0,1.0,10.0
1084.0,0.0007611470646224916,0.0007611470646224916,7.78900630393764e-06,0.0004943030653521419,1.8895392713602632e-05,10.0,1.0,10.0
1085.0,0.0007603109115734696,0.0007603109115734696,7.83019913797034e-06,0.0004940102808177471,1.879986302810721e-05,10.0,1.0,10.0
1086.0,0.0007596219656988978,0.0007596219656988978,7.686528078920674e-06,0.0004939438076689839,1.8881280993809924e-05,10.0,1.0,10.0
1087.0,0.0007589163724333048,0.0007589163724333048,7.89729892858304e-06,0.0004927038098685443,1.8723956600297242e-05,10.0,1.0,10.0
1088.0,0.0007580808596685529,0.0007580808596685529,7.644819561392069e-06,0.0004930821596644819,1.8855052985600196e-05,10.0,1.0,10.0
1089.0,0.0007571300375275314,0.0007571300375275314,7.87218777986709e-06,0.0004919604980386794,1.8644768715603277e-05,10.0,1.0,10.0
1090.0,0.0007561695529147983,0.0007561695529147983,7.64494325267151e-06,0.0004916471079923213,1.880730633274652e-05,10.0,1.0,10.0
1091.0,0.0007553050527349114,0.0007553050527349114,7.80641676101368e-06,0.0004916227189823985,1.856181916082278e-05,10.0,1.0,10.0
1092.0,0.0007545680273324251,0.0007545680273324251,7.667276804568246e-06,0.0004900509957224131,1.878442708402872e-05,10.0,1.0,10.0
1093.0,0.0007539205835200846,0.0007539205835200846,7.786423338984605e-06,0.0004913507727906108,1.8470560462446883e-05,10.0,1.0,10.0
1094.0,0.0007533153402619064,0.0007533153402619064,7.653267857676838e-06,0.0004886098904535174,1.881727803265676e-05,10.0,1.0,10.0
1095.0,0.0007527575362473726,0.0007527575362473726,7.844668289180845e-06,0.0004908929695375264,1.834178874560166e-05,10.0,1.0,10.0
1096.0,0.0007523366948589683,0.0007523366948589683,7.56236204324523e-06,0.0004873438738286495,1.8936922060674988e-05,10.0,1.0,10.0
1097.0,0.0007522247033193707,0.0007522247033193707,8.00664201960899e-06,0.0004904141533188522,1.817440897866618e-05,10.0,1.0,10.0
1098.0,0.0007526878034695983,0.0007526878034695983,7.427278433169704e-06,0.00048606301425024867,1.923519630508963e-05,10.0,1.0,10.0
1099.0,0.0007541178492829204,0.0007541178492829204,8.338385669048876e-06,0.0004905064124614,1.802275983209256e-05,10.0,1.0,10.0
1100.0,0.0007571633905172348,0.0007571633905172348,7.334690963034518e-06,0.0004845042712986469,1.9931219867430627e-05,10.0,1.0,10.0
1101.0,0.0007629852625541389,0.0007629852625541389,9.023006896313746e-06,0.0004921345389448106,1.8062062736134976e-05,10.0,1.0,10.0
1102.0,0.0007736730040051043,0.0007736730040051043,7.492439181078225e-06,0.00048268912360072136,2.160594885936007e-05,10.0,1.0,10.0
1103.0,0.0007930493447929621,0.0007930493447929621,1.064324260369176e-05,0.0004972271854057908,1.8938977518700995e-05,10.0,1.0,10.0
1104.0,0.0008279574103653431,0.0008279574103653431,8.625922419014387e-06,0.000481904367916286,2.597937964310404e-05,10.0,1.0,10.0
1105.0,0.0008910195319913328,0.0008910195319913328,1.5007681213319302e-05,0.0005108554032631218,2.3008733478491195e-05,10.0,1.0,10.0
1106.0,0.0010047671385109425,0.0010047671385109425,1.3321042388270143e-05,0.0004877786268480122,3.837780968751758e-05,10.0,1.0,10.0
1107.0,0.0012112241238355637,0.0012112241238355637,2.7755158953368664e-05,0.0005480824038386345,3.85590064979624e-05,10.0,1.0,10.0
1108.0,0.0015835787635296583,0.0015835787635296583,3.0541603337042034e-05,0.0005211008829064667,7.570618618046865e-05,10.0,1.0,10.0
1109.0,0.0022564560640603304,0.0022564560640603304,6.658178608631715e-05,0.0006549442186951637,9.356938971905038e-05,10.0,1.0,10.0
1110.0,0.0034394357353448868,0.0034394357353448868,8.920903201214969e-05,0.0006513430271297693,0.000189600235898979,10.0,1.0,10.0
1111.0,0.005472404882311821,0.005472404882311821,0.0001812203845474869,0.0009576122974976897,0.0002702588972169906,10.0,1.0,10.0
1112.0,0.008644293062388897,0.008644293062388897,0.00025947156245820224,0.0010510196443647146,0.0004998557851649821,10.0,1.0,10.0
1113.0,0.013028977438807487,0.013028977438807487,0.00044446520041674376,0.0016323230229318142,0.0006952002877369523,10.0,1.0,10.0
1114.0,0.01718186028301716,0.01718186028301716,0.0005457481020130217,0.0017371571157127619,0.000998722156509757,10.0,1.0,10.0
1115.0,0.0185070987790823,0.0185070987790823,0.0006328116287477314,0.002089939545840025,0.001008904306218028,10.0,1.0,10.0
1116.0,0.013911763206124306,0.013911763206124306,0.00044525781413540244,0.001484649139456451,0.0007974535692483187,10.0,1.0,10.0
1117.0,0.0060002608224749565,0.0060002608224749565,0.00019883300410583615,0.0009659638162702322,0.0003045966732315719,10.0,1.0,10.0
1118.0,0.0010327587369829416,0.0010327587369829416,2.0788787878700532e-05,0.0004757816204801202,3.490892413537949e-05,10.0,1.0,10.0
1119.0,0.0025610211305320263,0.0025610211305320263,6.226892583072186e-05,0.0006101714679971337,0.00013281602878123522,10.0,1.0,10.0
1120.0,0.007180485874414444,0.007180485874414444,0.00023680007143411785,0.0010681870626285672,0.00037442983011715114,10.0,1.0,10.0
1121.0,0.008808634243905544,0.008808634243905544,0.0002669678651727736,0.0010861506452783942,0.0005052805063314736,10.0,1.0,10.0
1122.0,0.005614558234810829,0.005614558234810829,0.00018748617731034756,0.0009472573874518275,0.0002792439190670848,10.0,1.0,10.0
1123.0,0.0015862814616411924,0.0015862814616411924,3.753359487745911e-05,0.0005154463578946888,6.95499184075743e-05,10.0,1.0,10.0
1124.0,0.0013601859100162983,0.0013601859100162983,2.404701808700338e-05,0.0005327758844941854,5.869397864444181e-05,10.0,1.0,10.0
1125.0,0.00404745526611805,0.00404745526611805,0.00012994985445402563,0.0008080696570686996,0.0001939887151820585,10.0,1.0,10.0
1126.0,0.005274009890854359,0.005274009890854359,0.00014614399697165936,0.0008087682072073221,0.0003003801975864917,10.0,1.0,10.0
1127.0,0.003375179599970579,0.003375179599970579,0.00010560207738308236,0.0007509636343456805,0.00015681952936574817,10.0,1.0,10.0
1128.0,0.0010963998502120376,0.0010963998502120376,2.0327108359197155e-05,0.0004826876684091985,4.104410618310794e-05,10.0,1.0,10.0
1129.0,0.0013200824614614248,0.0013200824614614248,2.3694910851190798e-05,0.0005296863382682204,5.534469164558686e-05,10.0,1.0,10.0
1130.0,0.0030212176498025656,0.0030212176498025656,9.325880091637373e-05,0.0007065980462357402,0.00013820316235069185,10.0,1.0,10.0
1131.0,0.0033442992717027664,0.0033442992717027664,8.606648771092296e-05,0.0006684999680146575,0.00018151344556827098,10.0,1.0,10.0
1132.0,0.0018663126975297928,0.0018663126975297928,5.0964208639925346e-05,0.0005992652149870992,7.574054325232282e-05,10.0,1.0,10.0
1133.0,0.0007662037969566882,0.0007662037969566882,9.33481442189077e-06,0.00046919629676267505,2.0365936507005244e-05,10.0,1.0,10.0
1134.0,0.0013557777274399996,0.0013557777274399996,2.4189615942304954e-05,0.0005219388986006379,5.9194262576056644e-05,10.0,1.0,10.0
1135.0,0.0023553790524601936,0.0023553790524601936,7.050437125144526e-05,0.0006460371660068631,0.00010042981739388779,10.0,1.0,10.0
1136.0,0.002146594924852252,0.002146594924852252,4.785142664331943e-05,0.0005784246604889631,0.00010896560706896707,10.0,1.0,10.0
1137.0,0.001117028179578483,0.001117028179578483,2.4759379812167026e-05,0.0005249233217909932,3.4451106330379844e-05,10.0,1.0,10.0
1138.0,0.0007457311730831861,0.0007457311730831861,8.993520168587565e-06,0.000483669457025826,1.7212654711329378e-05,10.0,1.0,10.0
1139.0,0.0013249858748167753,0.0013249858748167753,2.270829827466514e-05,0.0005091206403449178,5.887822771910578e-05,10.0,1.0,10.0
1140.0,0.0017712393309921026,0.0017712393309921026,4.89142257720232e-05,0.0005938158719800413,6.882811430841684e-05,10.0,1.0,10.0
1141.0,0.001403891947120428,0.001403891947120428,2.5113266019616276e-05,0.0005182604072615504,6.344988651107997e-05,10.0,1.0,10.0
1142.0,0.0008271351689472795,0.0008271351689472795,1.3479186236509122e-05,0.0004870981792919338,2.0524506908259355e-05,10.0,1.0,10.0
1143.0,0.0008234598208218813,0.0008234598208218813,1.2328509910730645e-05,0.000495635496918112,2.045392284344416e-05,10.0,1.0,10.0
1144.0,0.001222030259668827,0.001222030259668827,2.0167582988506183e-05,0.0004919512430205941,5.2840325224678963e-05,10.0,1.0,10.0
1145.0,0.0013288119807839394,0.0013288119807839394,3.2279654988087714e-05,0.0005482251872308552,4.5779026550007984e-05,10.0,1.0,10.0
1146.0,0.0009983842028304935,0.0009983842028304935,1.3265562301967293e-05,0.00048391069867648184,3.818178447545506e-05,10.0,1.0,10.0
1147.0,0.0007356287678703666,0.0007356287678703666,9.03113505046349e-06,0.0004709935747087002,1.7432386812288314e-05,10.0,1.0,10.0
1148.0,0.0008578529814258218,0.0008578529814258218,1.4161384569888469e-05,0.0004983326070941985,2.179065631935373e-05,10.0,1.0,10.0
1149.0,0.00108755799010396,0.00108755799010396,1.653483195696026e-05,0.0004790255334228277,4.4318410800769925e-05,10.0,1.0,10.0
1150.0,0.0010525884572416544,0.0010525884572416544,2.2241054466576315e-05,0.0005177594139240682,3.1241845135809854e-05,10.0,1.0,10.0
1151.0,0.0008172928937710822,0.0008172928937710822,8.812745363684371e-06,0.0004670783819165081,2.6208705094177276e-05,10.0,1.0,10.0
1152.0,0.0007148993317969143,0.0007148993317969143,7.3585970312706195e-06,0.0004653467331081629,1.7596663383301347e-05,10.0,1.0,10.0
1153.0,0.0008371744188480079,0.0008371744188480079,1.3675294212589506e-05,0.0004902271903119981,2.1019428459112532e-05,10.0,1.0,10.0
1154.0,0.0009559153113514185,0.0009559153113514185,1.2891804544779006e-05,0.0004688339540734887,3.581633427529596e-05,10.0,1.0,10.0
1155.0,0.0008938752580434084,0.0008938752580434084,1.6045703887357377e-05,0.000496661348734051,2.367568959016353e-05,10.0,1.0,10.0
1156.0,0.0007512746378779411,0.0007512746378779411,7.840088983357418e-06,0.00045987620251253247,2.1299754735082388e-05,10.0,1.0,10.0
1157.0,0.0007179004023782909,0.0007179004023782909,6.931086318218149e-06,0.0004642084240913391,1.8438107872498222e-05,10.0,1.0,10.0
1158.0,0.0008015125640667975,0.0008015125640667975,1.2408409929776099e-05,0.00048111024079844356,1.963181966857519e-05,10.0,1.0,10.0
1159.0,0.0008549153571948409,0.0008549153571948409,9.759281056176405e-06,0.00046354340156540275,2.9377910323091783e-05,10.0,1.0,10.0
1160.0,0.0008021033718250692,0.0008021033718250692,1.2324821000220254e-05,0.0004828795790672302,1.9597559003159404e-05,10.0,1.0,10.0
1161.0,0.0007230537012219429,0.0007230537012219429,7.268467925314326e-06,0.0004587967414408922,1.915722714329604e-05,10.0,1.0,10.0
1162.0,0.0007176573271863163,0.0007176573271863163,6.814163043600274e-06,0.00046362372813746333,1.858919858932495e-05,10.0,1.0,10.0
1163.0,0.0007705158786848187,0.0007705158786848187,1.1301461199764162e-05,0.000474957370897755,1.825438448577188e-05,10.0,1.0,10.0
1164.0,0.0007937741465866566,0.0007937741465866566,8.06469779490726e-06,0.000462190480902791,2.5093668227782473e-05,10.0,1.0,10.0
1165.0,0.0007551182061433792,0.0007551182061433792,1.0530998224567156e-05,0.00047325112973339856,1.7655711417319253e-05,10.0,1.0,10.0
1166.0,0.0007084384560585022,0.0007084384560585022,6.9030038503115065e-06,0.0004591158067341894,1.8029262719210237e-05,10.0,1.0,10.0
1167.0,0.0007085494580678642,0.0007085494580678642,6.83644520904636e-06,0.00045963554293848574,1.8054946849588305e-05,10.0,1.0,10.0
1168.0,0.0007413855637423694,0.0007413855637423694,1.004962541628629e-05,0.00046873174142092466,1.7215761545230635e-05,10.0,1.0,10.0
1169.0,0.0007550580776296556,0.0007550580776296556,7.4097888500546105e-06,0.0004588138253893703,2.2214633645489812e-05,10.0,1.0,10.0
1170.0,0.0007319769938476384,0.0007319769938476384,9.651460459281225e-06,0.0004661718849092722,1.6929050616454333e-05,10.0,1.0,10.0
1171.0,0.0007035578601062298,0.0007035578601062298,6.8539147832780145e-06,0.00045858873636461794,1.7642996681388468e-05,10.0,1.0,10.0
1172.0,0.000701720651704818,0.000701720651704818,7.025467311905231e-06,0.0004559968365356326,1.7546915842103772e-05,10.0,1.0,10.0
1173.0,0.0007197154918685555,0.0007197154918685555,8.893512131180614e-06,0.000465337245259434,1.654431071074214e-05,10.0,1.0,10.0
1174.0,0.0007283141603693366,0.0007283141603693366,7.0116520873853005e-06,0.00045501795830205083,2.0317967937444337e-05,10.0,1.0,10.0
1175.0,0.0007158712251111865,0.0007158712251111865,8.806970072328113e-06,0.0004633755888789892,1.644259100430645e-05,10.0,1.0,10.0
1176.0,0.0006987108499743044,0.0006987108499743044,6.764196768926922e-06,0.0004565214621834457,1.7454742192057893e-05,10.0,1.0,10.0
1177.0,0.0006958905723877251,0.0006958905723877251,7.034447662590537e-06,0.00045472424244508147,1.7082184058381245e-05,10.0,1.0,10.0
1178.0,0.0007058159681037068,0.0007058159681037068,8.143058039422613e-06,0.0004619289538823068,1.6245639926637523e-05,10.0,1.0,10.0
1179.0,0.0007121784728951752,0.0007121784728951752,6.918407052580733e-06,0.0004520204965956509,1.90973914868664e-05,10.0,1.0,10.0
1180.0,0.0007060411153361201,0.0007060411153361201,8.268938472610898e-06,0.0004609858151525259,1.623658863536548e-05,10.0,1.0,10.0
1181.0,0.0006947698420844972,0.0006947698420844972,6.842015864094719e-06,0.0004526267875917256,1.737229285936337e-05,10.0,1.0,10.0
1182.0,0.0006903538014739752,0.0006903538014739752,6.9818088377360255e-06,0.00045399009832181036,1.6654561477480456e-05,10.0,1.0,10.0
1183.0,0.0006947335787117481,0.0006947335787117481,7.704801646468695e-06,0.00045649759704247117,1.6118794519570656e-05,10.0,1.0,10.0
1184.0,0.0006996287847869098,0.0006996287847869098,6.787550319131697e-06,0.00045041850535199046,1.8133479898096994e-05,10.0,1.0,10.0
1185.0,0.0006979565368965268,0.0006979565368965268,7.988716788531747e-06,0.00045715150190517306,1.6091789802885614e-05,10.0,1.0,10.0
1186.0,0.0006914768600836396,0.0006914768600836396,6.85912937115063e-06,0.0004499799106270075,1.7290560208493844e-05,10.0,1.0,10.0
1187.0,0.0006870139040984213,0.0006870139040984213,7.060712960083038e-06,0.00045289553236216307,1.635112494113855e-05,10.0,1.0,10.0
1188.0,0.0006878302665427327,0.0006878302665427327,7.435150109813549e-06,0.0004522886883933097,1.6119005522341467e-05,10.0,1.0,10.0
1189.0,0.0006907462375238538,0.0006907462375238538,6.67410949972691e-06,0.00044988433364778757,1.7412081433576532e-05,10.0,1.0,10.0
1190.0,0.0006909368676133454,0.0006909368676133454,7.792503311065957e-06,0.0004533776664175093,1.5963414625730366e-05,10.0,1.0,10.0
1191.0,0.0006874949322082102,0.0006874949322082102,6.695724096061895e-06,0.0004489923012442887,1.7154536180896685e-05,10.0,1.0,10.0
1192.0,0.0006836415268480778,0.0006836415268480778,7.186442417150829e-06,0.0004506344557739794,1.6114265235955827e-05,10.0,1.0,10.0
1193.0,0.0006824559532105923,0.0006824559532105923,7.080368050083052e-06,0.0004498347989283502,1.6181747923837975e-05,10.0,1.0,10.0
1194.0,0.0006836532847955823,0.0006836532847955823,6.72189435135806e-06,0.00044792084372602403,1.6851354303071275e-05,10.0,1.0,10.0
1195.0,0.0006845590542070568,0.0006845590542070568,7.509107035730267e-06,0.00045046128798276186,1.5900666767265648e-05,10.0,1.0,10.0
1196.0,0.0006833607330918312,0.0006833607330918312,6.660373401246034e-06,0.00044700491707772017,1.69752020156011e-05,10.0,1.0,10.0
1197.0,0.0006807975005358458,0.0006807975005358458,7.268100034707459e-06,0.0004484882520046085,1.596282163518481e-05,10.0,1.0,10.0
1198.0,0.000678864074870944,0.000678864074870944,6.859497261757497e-06,0.0004474861198104918,1.6278294424409978e-05,10.0,1.0,10.0
1199.0,0.0006785289151594043,0.0006785289151594043,6.859633231215412e-06,0.00044580092071555555,1.6413167031714693e-05,10.0,1.0,10.0
1200.0,0.0006789604085497558,0.0006789604085497558,7.208062015706673e-06,0.0004481996002141386,1.5868017726461403e-05,10.0,1.0,10.0
1201.0,0.0006787342135794461,0.0006787342135794461,6.7271307671035174e-06,0.0004444178193807602,1.6704509107512422e-05,10.0,1.0,10.0
1202.0,0.0006773638306185603,0.0006773638306185603,7.190340056695277e-06,0.0004471701686270535,1.58290295075858e-05,10.0,1.0,10.0
1203.0,0.0006755923968739808,0.0006755923968739808,6.801009931223234e-06,0.000444344972493127,1.6323734598699957e-05,10.0,1.0,10.0
1204.0,0.0006744182319380343,0.0006744182319380343,6.8854487835778855e-06,0.0004448182589840144,1.6074547602329403e-05,10.0,1.0,10.0
1205.0,0.0006740820244885981,0.0006740820244885981,7.03075556884869e-06,0.00044490338768810034,1.588710438227281e-05,10.0,1.0,10.0
1206.0,0.0006739934906363487,0.0006739934906363487,6.711415153404232e-06,0.00044292124221101403,1.6395813872804865e-05,10.0,1.0,10.0
1207.0,0.0006734572816640139,0.0006734572816640139,7.122391707525821e-06,0.0004446906386874616,1.575427086208947e-05,10.0,1.0,10.0
1208.0,0.0006723457481712103,0.0006723457481712103,6.724424110871041e-06,0.000442060234490782,1.630412953090854e-05,10.0,1.0,10.0
1209.0,0.0006711002788506448,0.0006711002788506448,6.936002591828583e-06,0.0004432070709299296,1.5853314835112542e-05,10.0,1.0,10.0
1210.0,0.0006702054524794221,0.0006702054524794221,6.876241968711838e-06,0.0004419615142978728,1.5948151485645212e-05,10.0,1.0,10.0
1211.0,0.0006697308272123337,0.0006697308272123337,6.7263454184285365e-06,0.0004414888098835945,1.609785613254644e-05,10.0,1.0,10.0
1212.0,0.0006693600444123149,0.0006693600444123149,7.026153070910368e-06,0.0004418189637362957,1.5727955542388372e-05,10.0,1.0,10.0
1213.0,0.0006687486311420798,0.0006687486311420798,6.655470315308776e-06,0.00044038210762664676,1.618118039914407e-05,10.0,1.0,10.0
1214.0,0.0006678365753032267,0.0006678365753032267,6.98998292136821e-06,0.000440867937868461,1.5706882550148293e-05,10.0,1.0,10.0
1215.0,0.0006668379064649343,0.0006668379064649343,6.713833499816246e-06,0.0004399266326799989,1.5977289876900613e-05,10.0,1.0,10.0
1216.0,0.0006660072831436992,0.0006660072831436992,6.830262009316357e-06,0.000439340336015448,1.583643097546883e-05,10.0,1.0,10.0
1217.0,0.0006653990130871534,0.0006653990130871534,6.837310138507746e-06,0.00043970669503323734,1.5731920939288102e-05,10.0,1.0,10.0
1218.0,0.0006648750277236104,0.0006648750277236104,6.716261395922629e-06,0.000437968410551548,1.597439950273838e-05,10.0,1.0,10.0
1219.0,0.0006642545340582728,0.0006642545340582728,6.892327292007394e-06,0.00043911850661970675,1.5621275451849215e-05,10.0,1.0,10.0
1220.0,0.0006634755991399288,0.0006634755991399288,6.702182872686535e-06,0.000437103706644848,1.593500746821519e-05,10.0,1.0,10.0
1221.0,0.0006626212853007019,0.0006626212853007019,6.818163910793373e-06,0.00043797085527330637,1.564687590871472e-05,10.0,1.0,10.0
1222.0,0.0006618225015699863,0.0006618225015699863,6.764930276403902e-06,0.0004366509383544326,1.575222995597869e-05,10.0,1.0,10.0
1223.0,0.0006611380376853049,0.0006611380376853049,6.700977337459335e-06,0.00043664785334840417,1.574804264237173e-05,10.0,1.0,10.0
1224.0,0.0006605326198041439,0.0006605326198041439,6.838704393885564e-06,0.0004362374893389642,1.5590803741361015e-05,10.0,1.0,10.0
1225.0,0.0006599135231226683,0.0006599135231226683,6.631961696257349e-06,0.0004355772689450532,1.580166644998826e-05,10.0,1.0,10.0
1226.0,0.0006592185236513615,0.0006592185236513615,6.845094503660221e-06,0.00043548678513616323,1.552808316773735e-05,10.0,1.0,10.0
1227.0,0.0006584662478417158,0.0006584662478417158,6.631651103816694e-06,0.0004348733928054571,1.572763721924275e-05,10.0,1.0,10.0
1228.0,0.000657710013911128,0.000657710013911128,6.77976504448452e-06,0.0004343616892583668,1.5555067875538953e-05,10.0,1.0,10.0
1229.0,0.0006570047116838396,0.0006570047116838396,6.675430995528586e-06,0.0004344034241512418,1.5584699212922715e-05,10.0,1.0,10.0
1230.0,0.0006563588976860046,0.0006563588976860046,6.7072201090923045e-06,0.00043313513742759824,1.5615150914527476e-05,10.0,1.0,10.0
1231.0,0.0006557427113875747,0.0006557427113875747,6.711504738632357e-06,0.00043391456711106,1.547131068946328e-05,10.0,1.0,10.0
1232.0,0.0006551188416779041,0.0006551188416779041,6.6787620198738296e-06,0.00043204991379752755,1.5628127584932372e-05,10.0,1.0,10.0
1233.0,0.0006544737261720002,0.0006544737261720002,6.694901458104141e-06,0.00043323368299752474,1.5429104678332806e-05,10.0,1.0,10.0
1234.0,0.0006538305897265673,0.0006538305897265673,6.706023668812122e-06,0.0004311498487368226,1.5562050975859165e-05,10.0,1.0,10.0
1235.0,0.0006532263942062855,0.0006532263942062855,6.6313314164290205e-06,0.0004324234905652702,1.544895894767251e-05,10.0,1.0,10.0
1236.0,0.0006527014775201678,0.0006527014775201678,6.7755868258245755e-06,0.0004303165478631854,1.5462906958418898e-05,10.0,1.0,10.0
1237.0,0.0006522837211377919,0.0006522837211377919,6.562132966791978e-06,0.00043172878213226795,1.549335866002366e-05,10.0,1.0,10.0
1238.0,0.0006520056631416082,0.0006520056631416082,6.868384843983222e-06,0.000429358275141567,1.5396355593111366e-05,10.0,1.0,10.0
1239.0,0.000651915033813566,0.000651915033813566,6.5274771259282716e-06,0.0004313957178965211,1.5524454283877276e-05,10.0,1.0,10.0
1240.0,0.0006521194591186941,0.0006521194591186941,6.993025635892991e-06,0.000428124243626371,1.5406496459036134e-05,10.0,1.0,10.0
1241.0,0.0006528082303702831,0.0006528082303702831,6.562189810210839e-06,0.0004316452832426876,1.5554103811155073e-05,10.0,1.0,10.0
1242.0,0.0006542913615703583,0.0006542913615703583,7.233251380966976e-06,0.00042661867337301373,1.5534020349150524e-05,10.0,1.0,10.0
1243.0,0.0006570662371814251,0.0006570662371814251,6.7403079810901545e-06,0.00043282294063828886,1.5684017853345722e-05,10.0,1.0,10.0
1244.0,0.0006619493360631168,0.0006619493360631168,7.809007001924329e-06,0.00042507241596467793,1.5878684280323796e-05,10.0,1.0,10.0
1245.0,0.0006702974787913263,0.0006702974787913263,7.291871497727698e-06,0.00043577607721090317,1.6160269296960905e-05,10.0,1.0,10.0
1246.0,0.0006844057352282107,0.0006844057352282107,9.259326361643616e-06,0.00042420506360940635,1.6760739526944235e-05,10.0,1.0,10.0
1247.0,0.0007081927033141255,0.0007081927033141255,8.944101864472032e-06,0.00044278206769376993,1.759696169756353e-05,10.0,1.0,10.0
1248.0,0.0007483933004550636,0.0007483933004550636,1.303389399254229e-05,0.000426302693085745,1.9175167835783213e-05,10.0,1.0,10.0
1249.0,0.0008166616898961365,0.0008166616898961365,1.393308411934413e-05,0.0004600385727826506,2.1729227228206582e-05,10.0,1.0,10.0
1250.0,0.0009332488407380879,0.0009332488407380879,2.331374525965657e-05,0.0004389045643620193,2.612068237795029e-05,10.0,1.0,10.0
1251.0,0.0011334526352584362,0.0011334526352584362,2.910739931394346e-05,0.0005049160099588335,3.374626248842105e-05,10.0,1.0,10.0
1252.0,0.001478681922890246,0.001478681922890246,5.2568240789696574e-05,0.00048648679512552917,4.665127562475391e-05,10.0,1.0,10.0
1253.0,0.002075019758194685,0.002075019758194685,7.539383659604937e-05,0.0006274705519899726,6.936109275557101e-05,10.0,1.0,10.0
1254.0,0.0031014634296298027,0.0031014634296298027,0.00013780019071418792,0.0006454929825849831,0.00010779686272144318,10.0,1.0,10.0
1255.0,0.004846791736781597,0.004846791736781597,0.0002137595001840964,0.0009681438095867634,0.00017410525470040739,10.0,1.0,10.0
1256.0,0.0077308970503509045,0.0077308970503509045,0.000378131284378469,0.0011270196409896016,0.0002822564565576613,10.0,1.0,10.0
1257.0,0.012233569286763668,0.012233569286763668,0.0005856643547303975,0.0018439185805618763,0.0004533007158897817,10.0,1.0,10.0
1258.0,0.018522655591368675,0.018522655591368675,0.0009351777844130993,0.002282912377268076,0.0006887964555062354,10.0,1.0,10.0
1259.0,0.0255485400557518,0.0255485400557518,0.0012587354285642505,0.0033891056664288044,0.0009572079288773239,10.0,1.0,10.0
1260.0,0.02995271235704422,0.02995271235704422,0.0015251892618834972,0.003512452356517315,0.0011188366916030645,10.0,1.0,10.0
1261.0,0.0270526260137558,0.0270526260137558,0.0013339538127183914,0.0035541877150535583,0.0010158899240195751,10.0,1.0,10.0
1262.0,0.016099408268928528,0.016099408268928528,0.0008141918806359172,0.001990873133763671,0.000596661469899118,10.0,1.0,10.0
1263.0,0.004346586763858795,0.004346586763858795,0.00018785953579936177,0.000898110622074455,0.00015698809875175357,10.0,1.0,10.0
1264.0,0.0008517106180079281,0.0008517106180079281,1.4188832210493274e-05,0.00045166039490140975,2.5816190827754326e-05,10.0,1.0,10.0
1265.0,0.006272303871810436,0.006272303871810436,0.0003044875047635287,0.0009703050018288195,0.00022571235604118556,10.0,1.0,10.0
1266.0,0.012676138430833817,0.012676138430833817,0.000606341811362654,0.0018975900020450354,0.0004715130780823529,10.0,1.0,10.0
1267.0,0.01228824257850647,0.01228824257850647,0.0006136497831903398,0.0015986256767064333,0.0004553119360934943,10.0,1.0,10.0
1268.0,0.005742226727306843,0.005742226727306843,0.00025962991639971733,0.0010760893346741796,0.00020698385196737945,10.0,1.0,10.0
1269.0,0.0009189501870423555,0.0009189501870423555,1.8867885955842212e-05,0.0004325156915001571,2.9775561415590346e-05,10.0,1.0,10.0
1270.0,0.0025670777540653944,0.0025670777540653944,0.0001087887430912815,0.0006081376341171563,8.710527617949992e-05,10.0,1.0,10.0
1271.0,0.006790591403841972,0.006790591403841972,0.00030892915674485266,0.0012055345578119159,0.00024957655114121735,10.0,1.0,10.0
1272.0,0.007230269256979227,0.007230269256979227,0.0003521327453199774,0.0010728202760219574,0.00026361216441728175,10.0,1.0,10.0
1273.0,0.0034896708093583584,0.0034896708093583584,0.0001455264718970284,0.0008055532816797495,0.00012288527796044946,10.0,1.0,10.0
1274.0,0.0008029227610677481,0.0008029227610677481,1.215937936649425e-05,0.0004249087942298502,2.5642013497417793e-05,10.0,1.0,10.0
1275.0,0.002126473467797041,0.002126473467797041,8.53712554089725e-05,0.000559136678930372,7.136243220884353e-05,10.0,1.0,10.0
1276.0,0.004504665732383728,0.004504665732383728,0.0001937342167366296,0.0009285375708714128,0.000163878605235368,10.0,1.0,10.0
1277.0,0.004130867309868336,0.004130867309868336,0.0001925171964103356,0.0007469039992429316,0.00014587915211450309,10.0,1.0,10.0
1278.0,0.001735190162435174,0.001735190162435174,5.787305417470634e-05,0.0005827860441058874,5.7367346016690135e-05,10.0,1.0,10.0
1279.0,0.0007794764824211597,0.0007794764824211597,9.486961062066257e-06,0.00043603021185845137,2.4857661628630012e-05,10.0,1.0,10.0
1280.0,0.0020755089353770018,0.0020755089353770018,8.338461339008063e-05,0.0005564671009778976,6.851957004982978e-05,10.0,1.0,10.0
1281.0,0.0031215285416692495,0.0031215285416692495,0.0001248142507392913,0.0007556167547591031,0.00011177694250363857,10.0,1.0,10.0
1282.0,0.002265406306833029,0.002265406306833029,9.426719043403864e-05,0.0005634925910271704,7.59241811465472e-05,10.0,1.0,10.0
1283.0,0.0009115692228078842,0.0009115692228078842,1.8465194443706423e-05,0.00047459412598982453,2.5232318876078352e-05,10.0,1.0,10.0
1284.0,0.0009360363474115729,0.0009360363474115729,1.628059908398427e-05,0.0004645916342269629,3.0863870051689446e-05,10.0,1.0,10.0
1285.0,0.0018892907537519932,0.0018892907537519932,7.35165158403106e-05,0.0005383878014981747,6.157378084026277e-05,10.0,1.0,10.0
1286.0,0.002083330415189266,0.002083330415189266,7.389159873127937e-05,0.0006233372841961682,7.210770854726434e-05,10.0,1.0,10.0
1287.0,0.0012548798695206642,0.0012548798695206642,4.051979340147227e-05,0.00046463729813694954,3.850445864372887e-05,10.0,1.0,10.0
1288.0,0.0006843588198535144,0.0006843588198535144,8.399621947319247e-06,0.00043437021668069065,1.6599235095782205e-05,10.0,1.0,10.0
1289.0,0.0010513743618503213,0.0010513743618503213,2.2235164578887634e-05,0.00048002501716837287,3.4899767342722043e-05,10.0,1.0,10.0
1290.0,0.0015628495020791888,0.0015628495020791888,5.6477980251656845e-05,0.0005032268818467855,4.948427886120044e-05,10.0,1.0,10.0
1291.0,0.0013733940431848168,0.0013733940431848168,3.9508620830019936e-05,0.0005292755085974932,4.490322680794634e-05,10.0,1.0,10.0
1292.0,0.0008099612896330655,0.0008099612896330655,1.6398793377447873e-05,0.00042561127338558435,2.2036210793885402e-05,10.0,1.0,10.0
1293.0,0.0006860739085823298,0.0006860739085823298,9.566708286001813e-06,0.0004260807763785124,1.643260839045979e-05,10.0,1.0,10.0
1294.0,0.001041538082063198,0.001041538082063198,2.2394227926270105e-05,0.00047919421922415495,3.3840151445474476e-05,10.0,1.0,10.0
1295.0,0.0012293204199522734,0.0012293204199522734,3.9157406718004495e-05,0.00047009321860969067,3.676531196106225e-05,10.0,1.0,10.0
1296.0,0.0009653475135564804,0.0009653475135564804,2.0188999769743532e-05,0.0004723218153230846,2.9113569326000288e-05,10.0,1.0,10.0
1297.0,0.0006621563225053251,0.0006621563225053251,8.179657015716657e-06,0.0004158809606451541,1.6447878806502558e-05,10.0,1.0,10.0
1298.0,0.0007163721602410078,0.0007163721602410078,1.173982036561938e-05,0.0004233099170960486,1.7566406313562766e-05,10.0,1.0,10.0
1299.0,0.0009527236106805503,0.0009527236106805503,1.8833929061656818e-05,0.00046570677659474313,2.9867755074519664e-05,10.0,1.0,10.0
1300.0,0.0009771180339157581,0.0009771180339157581,2.5977627956308424e-05,0.00044341100146993995,2.739307819865644e-05,10.0,1.0,10.0
1301.0,0.0007668915204703808,0.0007668915204703808,1.117306874220958e-05,0.00044081773376092315,2.143430720025208e-05,10.0,1.0,10.0
1302.0,0.0006303617847152054,0.0006303617847152054,6.237470643100096e-06,0.0004151066532358527,1.5288043869077228e-05,10.0,1.0,10.0
1303.0,0.0007187493611127138,0.0007187493611127138,1.1981643183389679e-05,0.00041990529280155897,1.790276110114064e-05,10.0,1.0,10.0
1304.0,0.0008490749751217663,0.0008490749751217663,1.4500441466225311e-05,0.00045050898916088045,2.535615931265056e-05,10.0,1.0,10.0
1305.0,0.0008183052996173501,0.0008183052996173501,1.751346280798316e-05,0.0004283153684809804,2.1485531760845333e-05,10.0,1.0,10.0
1306.0,0.0006822323193773627,0.0006822323193773627,7.4876243161270395e-06,0.0004258036206010729,1.8155245925299823e-05,10.0,1.0,10.0
1307.0,0.0006286447169259191,0.0006286447169259191,6.072818905522581e-06,0.0004170020401943475,1.5091444765857887e-05,10.0,1.0,10.0
1308.0,0.0006996458978392184,0.0006996458978392184,1.095499192160787e-05,0.0004167795996181667,1.7331640265183523e-05,10.0,1.0,10.0
1309.0,0.000764658791013062,0.000764658791013062,1.107636489905417e-05,0.0004382073529995978,2.1568779629888013e-05,10.0,1.0,10.0
1310.0,0.0007280335994437337,0.0007280335994437337,1.2720804079435766e-05,0.0004193482454866171,1.8147731680073775e-05,10.0,1.0,10.0
1311.0,0.0006479763542301953,0.0006479763542301953,6.279468834691215e-06,0.0004177556256763637,1.6742604202590883e-05,10.0,1.0,10.0
1312.0,0.0006286381394602358,0.0006286381394602358,6.257830136746634e-06,0.0004159869276918471,1.5007291949586943e-05,10.0,1.0,10.0
1313.0,0.000674916198477149,0.000674916198477149,9.68781387200579e-06,0.000411695713410154,1.663423790887464e-05,10.0,1.0,10.0
1314.0,0.0007063886150717735,0.0007063886150717735,8.917134437069762e-06,0.0004278809064999223,1.893363514682278e-05,10.0,1.0,10.0
1315.0,0.0006786385201849043,0.0006786385201849043,1.0112922609550878e-05,0.00041268375935032964,1.6482554201502353e-05,10.0,1.0,10.0
1316.0,0.0006329005118459463,0.0006329005118459463,5.949819751549512e-06,0.0004127767460886389,1.606255682418123e-05,10.0,1.0,10.0
1317.0,0.0006255355547182262,0.0006255355547182262,6.291156751103699e-06,0.00041378921014256775,1.4883479707350489e-05,10.0,1.0,10.0
1318.0,0.0006531774997711182,0.0006531774997711182,8.445468665740918e-06,0.0004081648075953126,1.6055804735515267e-05,10.0,1.0,10.0
1319.0,0.0006692159804515541,0.0006692159804515541,7.608221949340077e-06,0.00042133426177315414,1.7179951100843027e-05,10.0,1.0,10.0
1320.0,0.0006513653206638992,0.0006513653206638992,8.54978588904487e-06,0.00040924656786955893,1.566209175507538e-05,10.0,1.0,10.0
1321.0,0.0006246278062462807,0.0006246278062462807,5.814046744490042e-06,0.00041063313256017864,1.558542498969473e-05,10.0,1.0,10.0
1322.0,0.0006204587407410145,0.0006204587407410145,6.185093752719695e-06,0.00041161372791975737,1.4699407984153368e-05,10.0,1.0,10.0
1323.0,0.0006363983848132193,0.0006363983848132193,7.4573890742613e-06,0.0004058286140207201,1.5599587641190737e-05,10.0,1.0,10.0
1324.0,0.0006458870484493673,0.0006458870484493673,6.872460744489217e-06,0.0004163552075624466,1.6080721252365038e-05,10.0,1.0,10.0
1325.0,0.0006356264348141849,0.0006356264348141849,7.662330972380005e-06,0.00040604660171084106,1.5295650882762857e-05,10.0,1.0,10.0
1326.0,0.000619145983364433,0.000619145983364433,5.838623565068701e-06,0.00040856184205040336,1.5219788110698573e-05,10.0,1.0,10.0
1327.0,0.0006151056149974465,0.0006151056149974465,6.103517080191523e-06,0.00040820532012730837,1.4586516954295803e-05,10.0,1.0,10.0
1328.0,0.0006238334462977946,0.0006238334462977946,6.816493623773567e-06,0.0004034911107737571,1.521773992863018e-05,10.0,1.0,10.0
1329.0,0.0006305024726316333,0.0006305024726316333,6.472512723121326e-06,0.00041188864270225167,1.538887227070518e-05,10.0,1.0,10.0
1330.0,0.000625638582278043,0.000625638582278043,7.13770896254573e-06,0.0004032349679619074,1.5102652469067834e-05,10.0,1.0,10.0
1331.0,0.0006152073037810624,0.0006152073037810624,5.901633812754881e-06,0.000406934559578076,1.4925639334251173e-05,10.0,1.0,10.0
1332.0,0.0006106333457864821,0.0006106333457864821,6.031600150890881e-06,0.00040512392297387123,1.4519342585117556e-05,10.0,1.0,10.0
1333.0,0.0006145327351987362,0.0006145327351987362,6.370294613589067e-06,0.0004022509674541652,1.4857881069474388e-05,10.0,1.0,10.0
1334.0,0.0006194110028445721,0.0006194110028445721,6.174370355438441e-06,0.00040836900006979704,1.492982937634224e-05,10.0,1.0,10.0
1335.0,0.0006181583157740533,0.0006181583157740533,6.745017344655935e-06,0.00040139982593245804,1.4930833458492998e-05,10.0,1.0,10.0
1336.0,0.0006119768368080258,0.0006119768368080258,5.926837729930412e-06,0.00040561496280133724,1.470935058023315e-05,10.0,1.0,10.0
1337.0,0.0006073807016946375,0.0006073807016946375,5.983813480270328e-06,0.00040238758083432913,1.4515498151013162e-05,10.0,1.0,10.0
1338.0,0.0006079314043745399,0.0006079314043745399,6.093358024372719e-06,0.00040125774103216827,1.4574005945178214e-05,10.0,1.0,10.0
1339.0,0.0006109211826696992,0.0006109211826696992,5.948281796008814e-06,0.0004047906550113112,1.4664768968941644e-05,10.0,1.0,10.0
1340.0,0.0006115703145042062,0.0006115703145042062,6.464174020948121e-06,0.0003996059822384268,1.4732258932781406e-05,10.0,1.0,10.0
1341.0,0.0006085988716222346,0.0006085988716222346,5.920925104874186e-06,0.0004036397731397301,1.4574985470972024e-05,10.0,1.0,10.0
1342.0,0.0006048704963177443,0.0006048704963177443,6.001000656397082e-06,0.000399729295168072,1.4513116184389219e-05,10.0,1.0,10.0
1343.0,0.0006035090191289783,0.0006035090191289783,5.96001700614579e-06,0.00040015741251409054,1.4375144928635564e-05,10.0,1.0,10.0
1344.0,0.0006045514601282775,0.0006045514601282775,5.8134855862590484e-06,0.00040136423194780946,1.450523723178776e-05,10.0,1.0,10.0
1345.0,0.0006055542035028338,0.0006055542035028338,6.254738309507957e-06,0.00039815547643229365,1.448513285140507e-05,10.0,1.0,10.0
1346.0,0.0006046367343515158,0.0006046367343515158,5.861978479515528e-06,0.0004013623110949993,1.4465464118984528e-05,10.0,1.0,10.0
1347.0,0.0006022896850481629,0.0006022896850481629,6.0323241086734924e-06,0.00039763227687217295,1.4433415344683453e-05,10.0,1.0,10.0
1348.0,0.0006003762246109545,0.0006003762246109545,5.881197466806043e-06,0.00039897317765280604,1.4259108866099268e-05,10.0,1.0,10.0
1349.0,0.0005999546265229583,0.0005999546265229583,5.7650049711810425e-06,0.00039835640927776694,1.439481638954021e-05,10.0,1.0,10.0
1350.0,0.0006003834423609078,0.0006003834423609078,6.08538130109082e-06,0.00039684103103354573,1.4268858649302274e-05,10.0,1.0,10.0
1351.0,0.0006003206362947822,0.0006003206362947822,5.772597432951443e-06,0.00039871310582384467,1.4388153431355022e-05,10.0,1.0,10.0
1352.0,0.0005991955986246467,0.0005991955986246467,6.040236712578917e-06,0.0003957943990826607,1.4299885151558556e-05,10.0,1.0,10.0
1353.0,0.0005976124666631222,0.0005976124666631222,5.805447472084779e-06,0.0003973169077653438,1.4224106962501537e-05,10.0,1.0,10.0
1354.0,0.0005965002346783876,0.0005965002346783876,5.789328497485258e-06,0.0003957441367674619,1.4286284567788243e-05,10.0,1.0,10.0
1355.0,0.0005961653660051525,0.0005961653660051525,5.939073616900714e-06,0.00039543831371702254,1.4133631339063868e-05,10.0,1.0,10.0
1356.0,0.000596107798628509,0.000596107798628509,5.7081451814156026e-06,0.0003960152971558273,1.4301105693448335e-05,10.0,1.0,10.0
1357.0,0.0005956733366474509,0.0005956733366474509,6.003567250445485e-06,0.0003941935137845576,1.4144413398753386e-05,10.0,1.0,10.0
1358.0,0.0005946998717263341,0.0005946998717263341,5.728931682824623e-06,0.0003953554551117122,1.4205510524334386e-05,10.0,1.0,10.0
1359.0,0.0005935609224252403,0.0005935609224252403,5.8476143749430776e-06,0.000393650378100574,1.414344114891719e-05,10.0,1.0,10.0
1360.0,0.0005927230231463909,0.0005927230231463909,5.811940354760736e-06,0.0003939123125746846,1.4069129974814132e-05,10.0,1.0,10.0
1361.0,0.0005922867567278445,0.0005922867567278445,5.706704541807994e-06,0.0003935598360840231,1.4165985703584738e-05,10.0,1.0,10.0
1362.0,0.0005919772665947676,0.0005919772665947676,5.9179042182222474e-06,0.00039261174970306456,1.4018647561897524e-05,10.0,1.0,10.0
1363.0,0.000591463758610189,0.000591463758610189,5.679733021679567e-06,0.0003931723767891526,1.4149408343655523e-05,10.0,1.0,10.0
1364.0,0.0005906611331738532,0.0005906611331738532,5.8837667893385515e-06,0.00039176782593131065,1.4005563571117818e-05,10.0,1.0,10.0
1365.0,0.0005897577502764761,0.0005897577502764761,5.714789494959405e-06,0.00039212332922033966,1.4048651792109013e-05,10.0,1.0,10.0
1366.0,0.000588993716519326,0.000588993716519326,5.754337053076597e-06,0.00039132588426582515,1.4012447536515538e-05,10.0,1.0,10.0
1367.0,0.0005884483689442277,0.0005884483689442277,5.798598976980429e-06,0.000390904227970168,1.3955816939414944e-05,10.0,1.0,10.0
1368.0,0.0005880044773221016,0.0005880044773221016,5.672728548233863e-06,0.0003909692750312388,1.4030790225660894e-05,10.0,1.0,10.0
1369.0,0.0005874845082871616,0.0005874845082871616,5.8442101362743415e-06,0.00038996682269498706,1.3907560969528276e-05,10.0,1.0,10.0
1370.0,0.0005868129665032029,0.0005868129665032029,5.6571780078229494e-06,0.00039026321610435843,1.3997796486364678e-05,10.0,1.0,10.0
1371.0,0.0005860523087903857,0.0005860523087903857,5.787996997241862e-06,0.000389350694604218,1.3882160601497162e-05,10.0,1.0,10.0
1372.0,0.0005853282636962831,0.0005853282636962831,5.691211754310643e-06,0.0003892256645485759,1.3919045159127563e-05,10.0,1.0,10.0
1373.0,0.0005847076536156237,0.0005847076536156237,5.699490884580882e-06,0.0003888981882482767,1.388145665259799e-05,10.0,1.0,10.0
1374.0,0.0005841705133207142,0.0005841705133207142,5.74835212319158e-06,0.0003882066230289638,1.384803545079194e-05,10.0,1.0,10.0
1375.0,0.0005836363416165113,0.0005836363416165113,5.647611942549702e-06,0.0003883338940795511,1.3882630810257979e-05,10.0,1.0,10.0
1376.0,0.00058303790865466,0.00058303790865466,5.7648048823466524e-06,0.00038740987656638026,1.3797997780784499e-05,10.0,1.0,10.0
1377.0,0.0005823748651891947,0.0005823748651891947,5.637985395878786e-06,0.00038748077349737287,1.3851425137545448e-05,10.0,1.0,10.0
1378.0,0.0005816949415020645,0.0005816949415020645,5.722222795156995e-06,0.0003868136554956436,1.3765907169727143e-05,10.0,1.0,10.0
1379.0,0.0005810502334497869,0.0005810502334497869,5.6618841881572735e-06,0.00038646976463496685,1.3796163329971023e-05,10.0,1.0,10.0
1380.0,0.0005804571555927396,0.0005804571555927396,5.665315256919712e-06,0.0003862844896502793,1.3751951883023139e-05,10.0,1.0,10.0
1381.0,0.0005798899219371378,0.0005798899219371378,5.693483217328321e-06,0.00038554181810468435,1.3741327165917028e-05,10.0,1.0,10.0
1382.0,0.0005793162272311747,0.0005793162272311747,5.6283997764694504e-06,0.0003856417315546423,1.3739049791183788e-05,10.0,1.0,10.0
1383.0,0.0005787094705738127,0.0005787094705738127,5.696439984603785e-06,0.00038480409421026707,1.3694095287064556e-05,10.0,1.0,10.0
1384.0,0.000578074948862195,0.000578074948862195,5.616377620754065e-06,0.00038480680086649954,1.3710439816350117e-05,10.0,1.0,10.0
1385.0,0.00057743932120502,0.00057743932120502,5.666348897648277e-06,0.0003842137521132827,1.3656205737788696e-05,10.0,1.0,10.0
1386.0,0.0005768219707533717,0.0005768219707533717,5.624369805445895e-06,0.00038387306267395616,1.3670517546415795e-05,10.0,1.0,10.0
1387.0,0.0005762262735515833,0.0005762262735515833,5.628234248433728e-06,0.00038365565706044436,1.362882994726533e-05,10.0,1.0,10.0
1388.0,0.0005756444297730923,0.0005756444297730923,5.6370909078395925e-06,0.0003829882189165801,1.3628528904519044e-05,10.0,1.0,10.0
1389.0,0.0005750592099502683,0.0005750592099502683,5.601305474556284e-06,0.00038300183950923383,1.3604428204416763e-05,10.0,1.0,10.0
1390.0,0.0005744611844420433,0.0005744611844420433,5.6351482271566056e-06,0.00038222546572797,1.358842655463377e-05,10.0,1.0,10.0
1391.0,0.0005738484906032681,0.0005738484906032681,5.589300599240232e-06,0.0003822061698883772,1.357493511022767e-05,10.0,1.0,10.0
1392.0,0.0005732337012887001,0.0005732337012887001,5.615088412014302e-06,0.0003815743839368224,1.3550845324061811e-05,10.0,1.0,10.0
1393.0,0.000572624325286597,0.000572624325286597,5.5888913266244344e-06,0.00038133043562993407,1.3540497093345039e-05,10.0,1.0,10.0
1394.0,0.0005720281624235213,0.0005720281624235213,5.588876774709206e-06,0.00038097292417660356,1.3516646504285745e-05,10.0,1.0,10.0
1395.0,0.0005714386352337897,0.0005714386352337897,5.591286935668904e-06,0.00038047137786634266,1.3505440620065201e-05,10.0,1.0,10.0
1396.0,0.0005708526005037129,0.0005708526005037129,5.5678269745840225e-06,0.0003803341242019087,1.3484019291354343e-05,10.0,1.0,10.0
1397.0,0.0005702623748220503,0.0005702623748220503,5.5861037253635e-06,0.00037968644755892456,1.3471488273353316e-05,10.0,1.0,10.0
1398.0,0.0005696665612049401,0.0005696665612049401,5.555571988224983e-06,0.00037961037014611065,1.3450046026264317e-05,10.0,1.0,10.0
1399.0,0.0005690660327672958,0.0005690660327672958,5.570027042267611e-06,0.00037898309528827667,1.343826443189755e-05,10.0,1.0,10.0
1400.0,0.0005684637580998242,0.0005684637580998242,5.550437890633475e-06,0.0003788138856180012,1.3414550267043523e-05,10.0,1.0,10.0
1401.0,0.0005678688175976276,0.0005678688175976276,5.548440640268382e-06,0.00037832887028343976,1.3405551726464182e-05,10.0,1.0,10.0
1402.0,0.0005672749830409884,0.0005672749830409884,5.548099125007866e-06,0.00037799531128257513,1.3379872143559624e-05,10.0,1.0,10.0
1403.0,0.0005666876095347106,0.0005666876095347106,5.5285909184021875e-06,0.00037767310277558863,1.3372860848903656e-05,10.0,1.0,10.0
1404.0,0.000566100119613111,0.000566100119613111,5.542774943023687e-06,0.00037719961255788803,1.334727494395338e-05,10.0,1.0,10.0
1405.0,0.0005655146669596434,0.0005655146669596434,5.514663371286588e-06,0.0003769828472286463,1.3338521966943517e-05,10.0,1.0,10.0
1406.0,0.0005649231607094407,0.0005649231607094407,5.530989255930763e-06,0.000376450945623219,1.3316231161297765e-05,10.0,1.0,10.0
1407.0,0.000564331712666899,0.000564331712666899,5.506263278221013e-06,0.0003762475971598178,1.3302145816851407e-05,10.0,1.0,10.0
1408.0,0.000563740381039679,0.000563740381039679,5.513628821063321e-06,0.0003757441299967468,1.3285995919432025e-05,10.0,1.0,10.0
1409.0,0.0005631485837511718,0.0005631485837511718,5.501321084011579e-06,0.00037548228283412755,1.3265310371934902e-05,10.0,1.0,10.0
1410.0,0.0005625621415674686,0.0005625621415674686,5.494764991453849e-06,0.00037505829823203385,1.3255620615382213e-05,10.0,1.0,10.0
1411.0,0.00056197599042207,0.00056197599042207,5.496686299011344e-06,0.0003747129812836647,1.3229618161858525e-05,10.0,1.0,10.0
1412.0,0.0005613910616375506,0.0005613910616375506,5.477777904161485e-06,0.0003743692359421402,1.3224404028733261e-05,10.0,1.0,10.0
1413.0,0.000560807588044554,0.000560807588044554,5.489396244229283e-06,0.0003739558160305023,1.3195780411479063e-05,10.0,1.0,10.0
1414.0,0.0005602234159596264,0.0005602234159596264,5.464456080517266e-06,0.00037366102333180606,1.3191783182264771e-05,10.0,1.0,10.0
1415.0,0.0005596389528363943,0.0005596389528363943,5.478246293932898e-06,0.0003732202167157084,1.3163626135792583e-05,10.0,1.0,10.0
1416.0,0.0005590555956587195,0.0005590555956587195,5.454510755953379e-06,0.0003729302843566984,1.3158019100956153e-05,10.0,1.0,10.0
1417.0,0.0005584702594205737,0.0005584702594205737,5.4638012443319894e-06,0.0003725059505086392,1.3132630556356162e-05,10.0,1.0,10.0
1418.0,0.0005578860291279852,0.0005578860291279852,5.446740942716133e-06,0.00037218580837361515,1.3123280950821936e-05,10.0,1.0,10.0
1419.0,0.0005573015660047531,0.0005573015660047531,5.4478400670632254e-06,0.00037180387880653143,1.3101924196234904e-05,10.0,1.0,10.0
1420.0,0.0005567212938331068,0.0005567212938331068,5.439601864054566e-06,0.0003714398480951786,1.3088543710182421e-05,10.0,1.0,10.0
1421.0,0.0005561390426009893,0.0005561390426009893,5.432302714325488e-06,0.00037110355333425105,1.3071249668428209e-05,10.0,1.0,10.0
1422.0,0.000555560109205544,0.000555560109205544,5.431532827060437e-06,0.00037069982499815524,1.305449586652685e-05,10.0,1.0,10.0
1423.0,0.0005549806519411504,0.0005549806519411504,5.418433829618152e-06,0.00037039531162008643,1.3040099474892486e-05,10.0,1.0,10.0
1424.0,0.0005544015439227223,0.0005544015439227223,5.4218289733398706e-06,0.0003699710068758577,1.30212283693254e-05,10.0,1.0,10.0
1425.0,0.000553821912035346,0.000553821912035346,5.40626979272929e-06,0.00036967697087675333,1.3008228052058257e-05,10.0,1.0,10.0
1426.0,0.0005532438517548144,0.0005532438517548144,5.410473022493534e-06,0.0003692538302857429,1.2988529306312557e-05,10.0,1.0,10.0
1427.0,0.0005526651511900127,0.0005526651511900127,5.395670086727478e-06,0.00036894858931191266,1.297598828386981e-05,10.0,1.0,10.0
1428.0,0.0005520884296856821,0.0005520884296856821,5.397775566962082e-06,0.00036854506470263004,1.2956557839061134e-05,10.0,1.0,10.0
1429.0,0.0005515108350664377,0.0005515108350664377,5.386095381254563e-06,0.00036821619141846895,1.2943370165885426e-05,10.0,1.0,10.0
1430.0,0.0005509341135621071,0.0005509341135621071,5.38448284714832e-06,0.0003678413340821862,1.2924795555591118e-05,10.0,1.0,10.0
1431.0,0.0005503589636646211,0.0005503589636646211,5.3766052587889135e-06,0.0003674846375361085,1.2910825716971885e-05,10.0,1.0,10.0
1432.0,0.0005497834645211697,0.0005497834645211697,5.371425686462317e-06,0.0003671388258226216,1.2893035091110505e-05,10.0,1.0,10.0
1433.0,0.0005492086638696492,0.0005492086638696492,5.366745426726993e-06,0.00036675555747933686,1.2878564120910596e-05,10.0,1.0,10.0
1434.0,0.0005486359586939216,0.0005486359586939216,5.358853286452359e-06,0.00036643457133322954,1.2861286450061016e-05,10.0,1.0,10.0
1435.0,0.0005480604013428092,0.0005480604013428092,5.356092060537776e-06,0.0003660312504507601,1.2846823665313423e-05,10.0,1.0,10.0
1436.0,0.0005474880454130471,0.0005474880454130471,5.346987109078327e-06,0.0003657274064607918,1.2829075785703026e-05,10.0,1.0,10.0
1437.0,0.0005469152820296586,0.0005469152820296586,5.344849796529161e-06,0.0003653137246146798,1.2815305126423482e-05,10.0,1.0,10.0
1438.0,0.0005463434499688447,0.0005463434499688447,5.3360113270173315e-06,0.00036501733120530844,1.2796597729902714e-05,10.0,1.0,10.0
1439.0,0.0005457719089463353,0.0005457719089463353,5.33292222826276e-06,0.00036459710099734366,1.2784557839040644e-05,10.0,1.0,10.0
1440.0,0.0005452013574540615,0.0005452013574540615,5.32555577592575e-06,0.0003643056843429804,1.27640150822117e-05,10.0,1.0,10.0
1441.0,0.0005446294089779258,0.0005446294089779258,5.320391665009083e-06,0.0003638834459707141,1.2754203453368973e-05,10.0,1.0,10.0
1442.0,0.0005440595559775829,0.0005440595559775829,5.315735506883357e-06,0.00036359441583044827,1.2730776688840706e-05,10.0,1.0,10.0
1443.0,0.0005434894119389355,0.0005434894119389355,5.307448645908153e-06,0.00036316976184025407,1.2724514817819e-05,10.0,1.0,10.0
1444.0,0.0005429212469607592,0.0005429212469607592,5.306550519890152e-06,0.0003628870181273669,1.269687527383212e-05,10.0,1.0,10.0
1445.0,0.0005423530237749219,0.0005423530237749219,5.293764843372628e-06,0.0003624549717642367,1.269603944820119e-05,10.0,1.0,10.0
1446.0,0.0005417846259661019,0.0005417846259661019,5.297933967085555e-06,0.00036218343302607536,1.2662184417422395e-05,10.0,1.0,10.0
1447.0,0.0005412176251411438,0.0005412176251411438,5.279406195768388e-06,0.00036173537955619395,1.2668821000261232e-05,10.0,1.0,10.0
1448.0,0.0005406502168625593,0.0005406502168625593,5.290468379826052e-06,0.00036148785147815943,1.2625769159058109e-05,10.0,1.0,10.0
1449.0,0.0005400849040597677,0.0005400849040597677,5.263602361083031e-06,0.00036100909346714616,1.26439754239982e-05,10.0,1.0,10.0
1450.0,0.0005395221523940563,0.0005395221523940563,5.284877715894254e-06,0.00036080542486160994,1.2586793673108332e-05,10.0,1.0,10.0
1451.0,0.0005389610305428505,0.0005389610305428505,5.245866304903757e-06,0.0003602714277803898,1.26230970636243e-05,10.0,1.0,10.0
1452.0,0.000538400374352932,0.000538400374352932,5.282186066324357e-06,0.00036014043143950403,1.2543805496534333e-05,10.0,1.0,10.0
1453.0,0.0005378450732678175,0.0005378450732678175,5.224749202170642e-06,0.0003595122543629259,1.2608534234459512e-05,10.0,1.0,10.0
1454.0,0.0005372955347411335,0.0005372955347411335,5.284673079586355e-06,0.00035950547317042947,1.2494334441726096e-05,10.0,1.0,10.0
1455.0,0.0005367547273635864,0.0005367547273635864,5.198274266149383e-06,0.0003587206010706723,1.2605139090737794e-05,10.0,1.0,10.0
1456.0,0.0005362302763387561,0.0005362302763387561,5.2966352086514235e-06,0.0003589210391510278,1.2434289601515047e-05,10.0,1.0,10.0
1457.0,0.0005357316695153713,0.0005357316695153713,5.163278274267213e-06,0.00035787513479590416,1.2622375834325794e-05,10.0,1.0,10.0
1458.0,0.0005352748557925224,0.0005352748557925224,5.32663807462086e-06,0.0003584272926673293,1.2358120329736266e-05,10.0,1.0,10.0
1459.0,0.0005348903359845281,0.0005348903359845281,5.115175554237794e-06,0.00035693959216587245,1.2679896826739423e-05,10.0,1.0,10.0
1460.0,0.0005346303223632276,0.0005346303223632276,5.392268121795496e-06,0.0003581004566513002,1.2260719813639298e-05,10.0,1.0,10.0
1461.0,0.0005345848039723933,0.0005345848039723933,5.051599600847112e-06,0.00035586394369602203,1.2820488336728886e-05,10.0,1.0,10.0
1462.0,0.0005349083803594112,0.0005349083803594112,5.533600415219553e-06,0.0003580999909900129,1.2147235793236177e-05,10.0,1.0,10.0
1463.0,0.0005358839989639819,0.0005358839989639819,4.982215159543557e-06,0.0003545922809280455,1.3146958735887893e-05,10.0,1.0,10.0
1464.0,0.000538012245669961,0.000538012245669961,5.850440629728837e-06,0.0003587867831811309,1.2072105164406821e-05,10.0,1.0,10.0
1465.0,0.0005421933019533753,0.0005421933019533753,4.972995157004334e-06,0.0003531417460180819,1.3932162801211234e-05,10.0,1.0,10.0
1466.0,0.0005500681581906974,0.0005500681581906974,6.615826350753196e-06,0.00036104474565945566,1.2286515811865684e-05,10.0,1.0,10.0
1467.0,0.000564608839340508,0.000564608839340508,5.306649200065294e-06,0.00035194470547139645,1.5959760276018642e-05,10.0,1.0,10.0
1468.0,0.0005913237691856921,0.0005913237691856921,8.636528946226463e-06,0.00036727459519170225,1.3768387361778878e-05,10.0,1.0,10.0
1469.0,0.0006402614526450634,0.0006402614526450634,7.06323817212251e-06,0.00035319183371029794,2.1643723812303506e-05,10.0,1.0,10.0
1470.0,0.0007303656311705709,0.0007303656311705709,1.4457092220254708e-05,0.0003845649480354041,2.0122975911363028e-05,10.0,1.0,10.0
1471.0,0.0008960095001384616,0.0008960095001384616,1.4197541531757452e-05,0.0003658275818452239,3.8820649933768436e-05,10.0,1.0,10.0
1472.0,0.0012026579352095723,0.0012026579352095723,3.2440482755191624e-05,0.0004351810202933848,4.4307202188065276e-05,10.0,1.0,10.0
1473.0,0.0017650367226451635,0.0017650367226451635,4.074097887496464e-05,0.0004232933570165187,9.343335113953799e-05,10.0,1.0,10.0
1474.0,0.0027975791599601507,0.0027975791599601507,8.988365152617916e-05,0.0005896592629142106,0.00013090833090245724,10.0,1.0,10.0
1475.0,0.004625900648534298,0.004625900648534298,0.00013239677355159074,0.0006376264500431716,0.0002664306084625423,10.0,1.0,10.0
1476.0,0.007771952543407679,0.007771952543407679,0.00026343384524807334,0.0010415102588012815,0.0004096103657502681,10.0,1.0,10.0
1477.0,0.012549820356070995,0.012549820356070995,0.00039322080556303263,0.0012688447022810578,0.0007348767830990255,10.0,1.0,10.0
1478.0,0.018763486295938492,0.018763486295938492,0.0006400304846465588,0.0019968508277088404,0.0010366331553086638,10.0,1.0,10.0
1479.0,0.023421578109264374,0.023421578109264374,0.0007598004885949194,0.002168441191315651,0.0013655130751430988,10.0,1.0,10.0
1480.0,0.022576261311769485,0.022576261311769485,0.000767724821344018,0.0022801437880843878,0.0012618870241567492,10.0,1.0,10.0
1481.0,0.01362662948668003,0.01362662948668003,0.000445163605036214,0.0013874283758923411,0.0007787565118633211,10.0,1.0,10.0
1482.0,0.003586661070585251,0.003586661070585251,0.00011709869431797415,0.0006182597717270255,0.00017974144429899752,10.0,1.0,10.0
1483.0,0.001036033732816577,0.001036033732816577,2.9599805202451535e-05,0.0003851215587928891,3.5491415474098176e-05,10.0,1.0,10.0
1484.0,0.006350025534629822,0.006350025534629822,0.00019056154997088015,0.0008415321935899556,0.00036028778413310647,10.0,1.0,10.0
1485.0,0.011475964449346066,0.011475964449346066,0.000384862651117146,0.0013239160180091858,0.0006303422269411385,10.0,1.0,10.0
1486.0,0.009482135064899921,0.009482135064899921,0.0002882334229070693,0.0010857570450752974,0.000551404373254627,10.0,1.0,10.0
1487.0,0.003196386620402336,0.003196386620402336,0.00010349168587708846,0.0006025906186550856,0.00015588791575282812,10.0,1.0,10.0
1488.0,0.0006080251769162714,0.0006080251769162714,9.110593055083882e-06,0.0003647470148280263,1.5217223335639574e-05,10.0,1.0,10.0
1489.0,0.003796603763476014,0.003796603763476014,0.00010608380398480222,0.0005884917336516082,0.00021472742082551122,10.0,1.0,10.0
1490.0,0.006841845810413361,0.006841845810413361,0.00022825905762147158,0.0009412019862793386,0.0003618053160607815,10.0,1.0,10.0
1491.0,0.004988308064639568,0.004988308064639568,0.00014426882262341678,0.0006879466236568987,0.000285767309833318,10.0,1.0,10.0
1492.0,0.001287093386054039,0.001287093386054039,3.428033960517496e-05,0.0004301620356272906,5.141280416864902e-05,10.0,1.0,10.0
1493.0,0.0009395350934937596,0.0009395350934937596,2.136838338628877e-05,0.0003993821155745536,3.264691258664243e-05,10.0,1.0,10.0
1494.0,0.003443622961640358,0.003443622961640358,9.912061068462208e-05,0.0005549460765905678,0.00018974707927554846,10.0,1.0,10.0
1495.0,0.00426732562482357,0.00426732562482357,0.00013751447841059417,0.000705342332366854,0.00021868388284929097,10.0,1.0,10.0
1496.0,0.002152696717530489,0.002152696717530489,5.761694046668708e-05,0.00045414300984703004,0.00011223843466723338,10.0,1.0,10.0
1497.0,0.0005558524280786514,0.0005558524280786514,6.692506758554373e-06,0.0003572507994249463,1.3167656106816139e-05,10.0,1.0,10.0
1498.0,0.0015236411709338427,0.0015236411709338427,4.2870393372140825e-05,0.00045408637379296124,6.408509216271341e-05,10.0,1.0,10.0
1499.0,0.002851748839020729,0.002851748839020729,7.643490971531719e-05,0.0005157560226507485,0.00015716435154899955,10.0,1.0,10.0
1500.0,0.0022308218758553267,0.0022308218758553267,6.788767495891079e-05,0.0005273890565149486,0.00010245561134070158,10.0,1.0,10.0
