epoch,loss_total,objective_total,loss_data,loss_physics,loss_boundary,weight_data,weight_physics,weight_boundary
1.0,6.1607160568237305,6.1607160568237305,0.2917768061161041,0.5462096333503723,0.26967382431030273,10.0,1.0,10.0
2.0,5.529228210449219,5.529228210449219,0.25479352474212646,0.5469576716423035,0.24343352019786835,10.0,1.0,10.0
3.0,5.002868175506592,5.002868175506592,0.22139061987400055,0.5462619662284851,0.22426998615264893,10.0,1.0,10.0
4.0,4.5770721435546875,4.5770721435546875,0.19133298099040985,0.5443964600563049,0.2119346261024475,10.0,1.0,10.0
5.0,4.251160621643066,4.251160621643066,0.16451901197433472,0.5417054891586304,0.2064264714717865,10.0,1.0,10.0
6.0,4.027892112731934,4.027892112731934,0.14108999073505402,0.538519024848938,0.20784734189510345,10.0,1.0,10.0
7.0,3.9097118377685547,3.9097118377685547,0.12144332379102707,0.5350573658943176,0.21602213382720947,10.0,1.0,10.0
8.0,3.890531063079834,3.890531063079834,0.10608843713998795,0.5313097238540649,0.2298336923122406,10.0,1.0,10.0
9.0,3.9442977905273438,3.9442977905273438,0.09527130424976349,0.5271733999252319,0.24644112586975098,10.0,1.0,10.0
10.0,4.022671222686768,4.022671222686768,0.08855791389942169,0.5226592421531677,0.26144328713417053,10.0,1.0,10.0
11.0,4.077358245849609,4.077358245849609,0.08497804403305054,0.5178170204162598,0.27097606658935547,10.0,1.0,10.0
12.0,4.085239887237549,4.085239887237549,0.0836821123957634,0.5127550363540649,0.2735663652420044,10.0,1.0,10.0
13.0,4.04999303817749,4.04999303817749,0.08423374593257904,0.5078700184822083,0.2699785530567169,10.0,1.0,10.0
14.0,3.9895129203796387,3.9895129203796387,0.08646569401025772,0.503764271736145,0.2621091604232788,10.0,1.0,10.0
15.0,3.9240612983703613,3.9240612983703613,0.09025421738624573,0.5009475350379944,0.25205716490745544,10.0,1.0,10.0
16.0,3.8693854808807373,3.8693854808807373,0.09537158906459808,0.4996209740638733,0.24160484969615936,10.0,1.0,10.0
17.0,3.833991527557373,3.833991527557373,0.1014334186911583,0.49963778257369995,0.23200194537639618,10.0,1.0,10.0
18.0,3.819190502166748,3.819190502166748,0.10791897773742676,0.5006020069122314,0.22393986582756042,10.0,1.0,10.0
19.0,3.8208131790161133,3.8208131790161133,0.11423847079277039,0.5020235776901245,0.21764050424098969,10.0,1.0,10.0
20.0,3.831696033477783,3.831696033477783,0.11982086300849915,0.5034604072570801,0.21300269663333893,10.0,1.0,10.0
21.0,3.8441920280456543,3.8441920280456543,0.12419979274272919,0.5046064257621765,0.20975875854492188,10.0,1.0,10.0
22.0,3.8521347045898438,3.8521347045898438,0.12707509100437164,0.5053178071975708,0.20760659873485565,10.0,1.0,10.0
23.0,3.851910352706909,3.851910352706909,0.12833355367183685,0.5055908560752869,0.20629839599132538,10.0,1.0,10.0
24.0,3.8426249027252197,3.8426249027252197,0.1280311644077301,0.505516767501831,0.20567965507507324,10.0,1.0,10.0
25.0,3.825636386871338,3.825636386871338,0.12635353207588196,0.5052360892295837,0.20568649470806122,10.0,1.0,10.0
26.0,3.803786277770996,3.803786277770996,0.1235726922750473,0.5049020051956177,0.20631572604179382,10.0,1.0,10.0
27.0,3.780561685562134,3.780561685562134,0.1200089156627655,0.5046519637107849,0.2075820416212082,10.0,1.0,10.0
28.0,3.759303092956543,3.759303092956543,0.1159992665052414,0.504585862159729,0.2094724476337433,10.0,1.0,10.0
29.0,3.742523431777954,3.742523431777954,0.11187098920345306,0.5047468543052673,0.21190667152404785,10.0,1.0,10.0
30.0,3.731412410736084,3.731412410736084,0.10791826993227005,0.5051092505455017,0.21471205353736877,10.0,1.0,10.0
31.0,3.7256247997283936,3.7256247997283936,0.10438273102045059,0.5055794715881348,0.2176218032836914,10.0,1.0,10.0
32.0,3.7234408855438232,3.7234408855438232,0.10144087672233582,0.5060136914253235,0.22030185163021088,10.0,1.0,10.0
33.0,3.7223098278045654,3.7223098278045654,0.09920141100883484,0.5062528848648071,0.22240428626537323,10.0,1.0,10.0
34.0,3.7196452617645264,3.7196452617645264,0.09771358966827393,0.5061634182929993,0.22363460063934326,10.0,1.0,10.0
35.0,3.7136166095733643,3.7136166095733643,0.09698178619146347,0.5056708455085754,0.2238127887248993,10.0,1.0,10.0
36.0,3.7036397457122803,3.7036397457122803,0.09697841107845306,0.504775881767273,0.22290796041488647,10.0,1.0,10.0
37.0,3.6904027462005615,3.6904027462005615,0.09764865785837173,0.5035473108291626,0.2210368812084198,10.0,1.0,10.0
38.0,3.6754629611968994,3.6754629611968994,0.0989067330956459,0.5020994544029236,0.21842962503433228,10.0,1.0,10.0
39.0,3.6606240272521973,3.6606240272521973,0.10062924027442932,0.5005590915679932,0.21537725627422333,10.0,1.0,10.0
40.0,3.6473309993743896,3.6473309993743896,0.10265258699655533,0.49903616309165955,0.21217688918113708,10.0,1.0,10.0
41.0,3.6362736225128174,3.6362736225128174,0.1047789603471756,0.4976033866405487,0.2090880572795868,10.0,1.0,10.0
42.0,3.6272804737091064,3.6272804737091064,0.10679186880588531,0.49629008769989014,0.20630717277526855,10.0,1.0,10.0
43.0,3.6194868087768555,3.6194868087768555,0.10847911983728409,0.49508851766586304,0.20396070182323456,10.0,1.0,10.0
44.0,3.611694812774658,3.611694812774658,0.1096588522195816,0.49396875500679016,0.2021137773990631,10.0,1.0,10.0
45.0,3.6027989387512207,3.6027989387512207,0.11020379513502121,0.4928964376449585,0.20078644156455994,10.0,1.0,10.0
46.0,3.592123031616211,3.592123031616211,0.11005846410989761,0.49184781312942505,0.1999690681695938,10.0,1.0,10.0
47.0,3.579590082168579,3.579590082168579,0.10924648493528366,0.4908181428909302,0.1996307075023651,10.0,1.0,10.0
48.0,3.5656633377075195,3.5656633377075195,0.1078663319349289,0.4898238778114319,0.19971761107444763,10.0,1.0,10.0
49.0,3.551105499267578,3.551105499267578,0.10607694834470749,0.48889607191085815,0.20014400780200958,10.0,1.0,10.0
50.0,3.5366406440734863,3.5366406440734863,0.1040758267045021,0.48806899785995483,0.20078134536743164,10.0,1.0,10.0
51.0,3.522653579711914,3.522653579711914,0.10207358002662659,0.4873661398887634,0.20145517587661743,10.0,1.0,10.0
52.0,3.509042263031006,3.509042263031006,0.10026862472295761,0.48678889870643616,0.20195671916007996,10.0,1.0,10.0
53.0,3.4952943325042725,3.4952943325042725,0.09882554411888123,0.4863123893737793,0.2020726501941681,10.0,1.0,10.0
54.0,3.480747938156128,3.480747938156128,0.09785875678062439,0.4858904778957367,0.2016269862651825,10.0,1.0,10.0
55.0,3.464920997619629,3.464920997619629,0.09742265194654465,0.4854677617549896,0.20052269101142883,10.0,1.0,10.0
56.0,3.4477357864379883,3.4477357864379883,0.09750719368457794,0.48499083518981934,0.19876731932163239,10.0,1.0,10.0
57.0,3.4295177459716797,3.4295177459716797,0.09803742915391922,0.48441407084465027,0.1964729279279709,10.0,1.0,10.0
58.0,3.410766363143921,3.410766363143921,0.09887678176164627,0.48369693756103516,0.19383016228675842,10.0,1.0,10.0
59.0,3.3918280601501465,3.3918280601501465,0.09983564913272858,0.48280009627342224,0.1910671591758728,10.0,1.0,10.0
60.0,3.3726420402526855,3.3726420402526855,0.10068961977958679,0.4816838502883911,0.18840619921684265,10.0,1.0,10.0
61.0,3.3527235984802246,3.3527235984802246,0.10121094435453415,0.4803130626678467,0.18603011965751648,10.0,1.0,10.0
62.0,3.331411361694336,3.331411361694336,0.10121209174394608,0.47866636514663696,0.1840624064207077,10.0,1.0,10.0
63.0,3.3082313537597656,3.3082313537597656,0.1005910262465477,0.4767434000968933,0.18255776166915894,10.0,1.0,10.0
64.0,3.283146381378174,3.283146381378174,0.09936215728521347,0.4745657444000244,0.18149590492248535,10.0,1.0,10.0
65.0,3.256502628326416,3.256502628326416,0.09765871614217758,0.4721696078777313,0.18077456951141357,10.0,1.0,10.0
66.0,3.228693962097168,3.228693962097168,0.09570375084877014,0.46959227323532104,0.18020640313625336,10.0,1.0,10.0
67.0,3.1997902393341064,3.1997902393341064,0.0937579944729805,0.4668594002723694,0.17953509092330933,10.0,1.0,10.0
68.0,3.1694130897521973,3.1694130897521973,0.09206007421016693,0.4639800786972046,0.17848321795463562,10.0,1.0,10.0
69.0,3.1369848251342773,3.1369848251342773,0.09077376872301102,0.4609530568122864,0.17682939767837524,10.0,1.0,10.0
70.0,3.102139949798584,3.102139949798584,0.08995137363672256,0.45777714252471924,0.17448492348194122,10.0,1.0,10.0
71.0,3.0649449825286865,3.0649449825286865,0.08951602131128311,0.4544532001018524,0.17153315246105194,10.0,1.0,10.0
72.0,3.025693416595459,3.025693416595459,0.08926552534103394,0.4509698748588562,0.1682068407535553,10.0,1.0,10.0
73.0,2.984466791152954,2.984466791152954,0.08890580385923386,0.44728171825408936,0.16481271386146545,10.0,1.0,10.0
74.0,2.9408836364746094,2.9408836364746094,0.08812306821346283,0.44329726696014404,0.16163557767868042,10.0,1.0,10.0
75.0,2.8943395614624023,2.8943395614624023,0.0866875946521759,0.4388943612575531,0.15885691344738007,10.0,1.0,10.0
76.0,2.8445069789886475,2.8445069789886475,0.08454854786396027,0.4339570701122284,0.15650644898414612,10.0,1.0,10.0
77.0,2.7915215492248535,2.7915215492248535,0.08186570554971695,0.4284166097640991,0.15444478392601013,10.0,1.0,10.0
78.0,2.7356069087982178,2.7356069087982178,0.07895305752754211,0.42227303981781006,0.1523803174495697,10.0,1.0,10.0
79.0,2.6766042709350586,2.6766042709350586,0.07615681737661362,0.4155930280685425,0.14994430541992188,10.0,1.0,10.0
80.0,2.614044189453125,2.614044189453125,0.07372192293405533,0.408483624458313,0.146834135055542,10.0,1.0,10.0
81.0,2.5476813316345215,2.5476813316345215,0.0716974064707756,0.40103983879089355,0.14296674728393555,10.0,1.0,10.0
82.0,2.4777162075042725,2.4777162075042725,0.06990863382816315,0.393271267414093,0.13853585720062256,10.0,1.0,10.0
83.0,2.4043331146240234,2.4043331146240234,0.06801021844148636,0.38504505157470703,0.13391858339309692,10.0,1.0,10.0
84.0,2.327254295349121,2.327254295349121,0.06562943756580353,0.3761070668697357,0.12948529422283173,10.0,1.0,10.0
85.0,2.2460923194885254,2.2460923194885254,0.06256696581840515,0.36620908975601196,0.12542134523391724,10.0,1.0,10.0
86.0,2.1609702110290527,2.1609702110290527,0.05893280357122421,0.3552810847759247,0.12163610756397247,10.0,1.0,10.0
87.0,2.072324752807617,2.072324752807617,0.05509409308433533,0.34352803230285645,0.11778557300567627,10.0,1.0,10.0
88.0,1.9802658557891846,1.9802658557891846,0.05145459622144699,0.3313584327697754,0.11343614757061005,10.0,1.0,10.0
89.0,1.884759545326233,1.884759545326233,0.048218030482530594,0.31914177536964417,0.10834375023841858,10.0,1.0,10.0
90.0,1.7862391471862793,1.7862391471862793,0.045278314501047134,0.30692049860954285,0.10265354812145233,10.0,1.0,10.0
91.0,1.6852892637252808,1.6852892637252808,0.04229073226451874,0.2942955791950226,0.09680863469839096,10.0,1.0,10.0
92.0,1.5820986032485962,1.5820986032485962,0.03892068937420845,0.2806706428527832,0.09122210741043091,10.0,1.0,10.0
93.0,1.477070927619934,1.477070927619934,0.03514259308576584,0.26580148935317993,0.08598434925079346,10.0,1.0,10.0
94.0,1.3712583780288696,1.3712583780288696,0.031295046210289,0.2502124309539795,0.08080954849720001,10.0,1.0,10.0
95.0,1.2655760049819946,1.2655760049819946,0.027794552966952324,0.23498579859733582,0.07526446878910065,10.0,1.0,10.0
96.0,1.160811185836792,1.160811185836792,0.024800999090075493,0.2209291011095047,0.0691872090101242,10.0,1.0,10.0
97.0,1.0582647323608398,1.0582647323608398,0.022126454859972,0.20785917341709137,0.06291411072015762,10.0,1.0,10.0
98.0,0.9590734243392944,0.9590734243392944,0.01944088004529476,0.1948670744895935,0.05697975307703018,10.0,1.0,10.0
99.0,0.8642400503158569,0.8642400503158569,0.016671206802129745,0.18153733015060425,0.05159906670451164,10.0,1.0,10.0
100.0,0.7753539085388184,0.7753539085388184,0.014126610942184925,0.1689038723707199,0.046518389135599136,10.0,1.0,10.0
101.0,0.693649411201477,0.693649411201477,0.012109060771763325,0.15871258080005646,0.04138462245464325,10.0,1.0,10.0
102.0,0.6202417612075806,0.6202417612075806,0.01061016134917736,0.15148507058620453,0.03626551106572151,10.0,1.0,10.0
103.0,0.5562911033630371,0.5562911033630371,0.009384889155626297,0.1460394263267517,0.03164028003811836,10.0,1.0,10.0
104.0,0.5022729635238647,0.5022729635238647,0.00832806620746851,0.14144417643547058,0.02775481343269348,10.0,1.0,10.0
105.0,0.45877397060394287,0.45877397060394287,0.0076239220798015594,0.13878455758094788,0.02437501773238182,10.0,1.0,10.0
106.0,0.42550069093704224,0.42550069093704224,0.007329719606786966,0.139478400349617,0.021272512152791023,10.0,1.0,10.0
107.0,0.4018120765686035,0.4018120765686035,0.007345991209149361,0.14262093603610992,0.018573123961687088,10.0,1.0,10.0
108.0,0.38629060983657837,0.38629060983657837,0.007432399317622185,0.1459340751171112,0.0166032537817955,10.0,1.0,10.0
109.0,0.3771488666534424,0.3771488666534424,0.007813408970832825,0.1495821475982666,0.014943261630833149,10.0,1.0,10.0
110.0,0.3723031282424927,0.3723031282424927,0.007861006073653698,0.1532226949930191,0.01404703687876463,10.0,1.0,10.0
111.0,0.3708207607269287,0.3708207607269287,0.008913395926356316,0.15903566777706146,0.012265114113688469,10.0,1.0,10.0
112.0,0.3773009181022644,0.3773009181022644,0.00805564597249031,0.15708956122398376,0.013965491205453873,10.0,1.0,10.0
113.0,0.3814481496810913,0.3814481496810913,0.010857784189283848,0.16561368107795715,0.010725660249590874,10.0,1.0,10.0
114.0,0.357704222202301,0.357704222202301,0.008068984374403954,0.1547667682170868,0.01222475990653038,10.0,1.0,10.0
115.0,0.34643325209617615,0.34643325209617615,0.007738860324025154,0.15054471790790558,0.011849992908537388,10.0,1.0,10.0
116.0,0.33979782462120056,0.33979782462120056,0.009072532877326012,0.1504744440317154,0.009859804064035416,10.0,1.0,10.0
117.0,0.3084836006164551,0.3084836006164551,0.006823084782809019,0.13583436608314514,0.010441838763654232,10.0,1.0,10.0
118.0,0.2968786954879761,0.2968786954879761,0.006115879863500595,0.12462472170591354,0.011109517887234688,10.0,1.0,10.0
119.0,0.2720417082309723,0.2720417082309723,0.006219100207090378,0.11771103739738464,0.009213965386152267,10.0,1.0,10.0
120.0,0.24971303343772888,0.24971303343772888,0.005319930613040924,0.10607922077178955,0.009043450467288494,10.0,1.0,10.0
121.0,0.23668189346790314,0.23668189346790314,0.004355626180768013,0.09313934296369553,0.009998628869652748,10.0,1.0,10.0
122.0,0.2141338586807251,0.2141338586807251,0.003987570758908987,0.08374461531639099,0.009051352739334106,10.0,1.0,10.0
123.0,0.2079015076160431,0.2079015076160431,0.004412200301885605,0.07694392651319504,0.00868355855345726,10.0,1.0,10.0
124.0,0.19366195797920227,0.19366195797920227,0.0035852668806910515,0.06789477914571762,0.008991451933979988,10.0,1.0,10.0
125.0,0.18922685086727142,0.18922685086727142,0.0035971568431705236,0.061474498361349106,0.009178077802062035,10.0,1.0,10.0
126.0,0.18418142199516296,0.18418142199516296,0.003950358834117651,0.05663572996854782,0.008804209530353546,10.0,1.0,10.0
127.0,0.17876896262168884,0.17876896262168884,0.003862303216010332,0.05225455388426781,0.008789138868451118,10.0,1.0,10.0
128.0,0.17860206961631775,0.17860206961631775,0.003921818919479847,0.049396008253097534,0.00899878703057766,10.0,1.0,10.0
129.0,0.1717967391014099,0.1717967391014099,0.003931162878870964,0.04650562256574631,0.008597948588430882,10.0,1.0,10.0
130.0,0.17096498608589172,0.17096498608589172,0.004190998151898384,0.0444476343691349,0.008460735902190208,10.0,1.0,10.0
131.0,0.16410695016384125,0.16410695016384125,0.0038993838243186474,0.043004557490348816,0.008210855536162853,10.0,1.0,10.0
132.0,0.15949715673923492,0.15949715673923492,0.0038837091997265816,0.04239682853221893,0.007826323620975018,10.0,1.0,10.0
133.0,0.15404517948627472,0.15404517948627472,0.003965648822486401,0.041537318378686905,0.007285137660801411,10.0,1.0,10.0
134.0,0.14624197781085968,0.14624197781085968,0.0036922891158610582,0.041186437010765076,0.006813265383243561,10.0,1.0,10.0
135.0,0.14204901456832886,0.14204901456832886,0.00355500727891922,0.04178988188505173,0.006470905616879463,10.0,1.0,10.0
136.0,0.13447420299053192,0.13447420299053192,0.003489960916340351,0.04162122681736946,0.005795336794108152,10.0,1.0,10.0
137.0,0.12966389954090118,0.12966389954090118,0.0034536682069301605,0.04207073152065277,0.005305648781359196,10.0,1.0,10.0
138.0,0.12514573335647583,0.12514573335647583,0.003196941688656807,0.042957138270139694,0.005021918565034866,10.0,1.0,10.0
139.0,0.11934838443994522,0.11934838443994522,0.003131519304588437,0.04264596104621887,0.0045387232676148415,10.0,1.0,10.0
140.0,0.11646370589733124,0.11646370589733124,0.0032203816808760166,0.04244554787874222,0.004181434400379658,10.0,1.0,10.0
141.0,0.11238063126802444,0.11238063126802444,0.002932752715423703,0.04272088408470154,0.004033221863210201,10.0,1.0,10.0
142.0,0.10835053771734238,0.10835053771734238,0.002896912395954132,0.04167332500219345,0.0037708089221268892,10.0,1.0,10.0
143.0,0.10628192126750946,0.10628192126750946,0.00303464662283659,0.04023730009794235,0.0035698148421943188,10.0,1.0,10.0
144.0,0.10305877029895782,0.10305877029895782,0.0027789657469838858,0.0396014079451561,0.0035667698830366135,10.0,1.0,10.0
145.0,0.10005071759223938,0.10005071759223938,0.0027939588762819767,0.03786280378699303,0.003424831898882985,10.0,1.0,10.0
146.0,0.09848333895206451,0.09848333895206451,0.0029500413220375776,0.03585117310285568,0.003313174471259117,10.0,1.0,10.0
147.0,0.09616263955831528,0.09616263955831528,0.0027655225712805986,0.03474591299891472,0.0033761500380933285,10.0,1.0,10.0
148.0,0.09348857402801514,0.09348857402801514,0.0028513188008219004,0.03269103914499283,0.0032284350600093603,10.0,1.0,10.0
149.0,0.09178410470485687,0.09178410470485687,0.0029667080380022526,0.030852992087602615,0.0031264028511941433,10.0,1.0,10.0
150.0,0.08985552191734314,0.08985552191734314,0.002860233886167407,0.02968902885913849,0.0031564156524837017,10.0,1.0,10.0
151.0,0.08716485649347305,0.08716485649347305,0.002988721476867795,0.02774634212255478,0.002953129820525646,10.0,1.0,10.0
152.0,0.0848824679851532,0.0848824679851532,0.0030052789952605963,0.02643366903066635,0.0028396006673574448,10.0,1.0,10.0
153.0,0.08315272629261017,0.08315272629261017,0.002974874572828412,0.025465164333581924,0.0027938818093389273,10.0,1.0,10.0
154.0,0.08118505775928497,0.08118505775928497,0.003113463055342436,0.02414247766137123,0.002590794814750552,10.0,1.0,10.0
155.0,0.0791592001914978,0.0791592001914978,0.0030569410882890224,0.023453151807188988,0.002513663610443473,10.0,1.0,10.0
156.0,0.07776515185832977,0.07776515185832977,0.003090124111622572,0.02281879633665085,0.002404511207714677,10.0,1.0,10.0
157.0,0.07687059044837952,0.07687059044837952,0.003193050157278776,0.02222857065498829,0.002271151402965188,10.0,1.0,10.0
158.0,0.07591085135936737,0.07591085135936737,0.0031493420246988535,0.021901076659560204,0.0022516355384141207,10.0,1.0,10.0
159.0,0.07480368763208389,0.07480368763208389,0.003220635000616312,0.021442413330078125,0.0021154924761503935,10.0,1.0,10.0
160.0,0.07384185492992401,0.07384185492992401,0.0032201772555708885,0.021050043404102325,0.002059003571048379,10.0,1.0,10.0
161.0,0.07306365668773651,0.07306365668773651,0.0032161001581698656,0.020619649440050125,0.0020283006597310305,10.0,1.0,10.0
162.0,0.07221866399049759,0.07221866399049759,0.003286654595285654,0.020105354487895966,0.0019246764713898301,10.0,1.0,10.0
163.0,0.07114994525909424,0.07114994525909424,0.0032185204327106476,0.01961912214756012,0.0019345623441040516,10.0,1.0,10.0
164.0,0.06996499747037888,0.06996499747037888,0.003261072561144829,0.019004978239536285,0.0018349293386563659,10.0,1.0,10.0
165.0,0.06887425482273102,0.06887425482273102,0.003223222913220525,0.018471769988536835,0.0018170259427279234,10.0,1.0,10.0
166.0,0.06798604875802994,0.06798604875802994,0.0032057887874543667,0.01800384372472763,0.0017924318090081215,10.0,1.0,10.0
167.0,0.067275270819664,0.067275270819664,0.003241500584408641,0.017540447413921356,0.0017319821054115891,10.0,1.0,10.0
168.0,0.06665824353694916,0.06665824353694916,0.0031700271647423506,0.01726749911904335,0.001769047463312745,10.0,1.0,10.0
169.0,0.06606986373662949,0.06606986373662949,0.0032397806644439697,0.016878997907042503,0.001679305569268763,10.0,1.0,10.0
170.0,0.06548020243644714,0.06548020243644714,0.0031424721237272024,0.01677808165550232,0.0017277405131608248,10.0,1.0,10.0
171.0,0.06488388031721115,0.06488388031721115,0.003208726877346635,0.016457995399832726,0.001633861567825079,10.0,1.0,10.0
172.0,0.06428566575050354,0.06428566575050354,0.0031248764134943485,0.016397487372159958,0.0016639415407553315,10.0,1.0,10.0
173.0,0.06369129568338394,0.06369129568338394,0.003172327531501651,0.016159847378730774,0.0015808173920959234,10.0,1.0,10.0
174.0,0.06310649961233139,0.06310649961233139,0.0031172772869467735,0.016072161495685577,0.0015861561987549067,10.0,1.0,10.0
175.0,0.06253714114427567,0.06253714114427567,0.0031540400814265013,0.015842370688915253,0.001515437150374055,10.0,1.0,10.0
176.0,0.061986736953258514,0.061986736953258514,0.003122618654742837,0.015700997784733772,0.0015059553552418947,10.0,1.0,10.0
177.0,0.06145794689655304,0.06145794689655304,0.0031572161242365837,0.015439390204846859,0.0014446390559896827,10.0,1.0,10.0
178.0,0.060951609164476395,0.060951609164476395,0.003139293985441327,0.015206612646579742,0.0014352056896314025,10.0,1.0,10.0
179.0,0.06046934053301811,0.06046934053301811,0.003182637970894575,0.01486925221979618,0.001377370674163103,10.0,1.0,10.0
180.0,0.06001836061477661,0.06001836061477661,0.0031565213575959206,0.01457768864929676,0.00138754618819803,10.0,1.0,10.0
181.0,0.05961860716342926,0.05961860716342926,0.003226625267416239,0.014153352938592434,0.0013199003878980875,10.0,1.0,10.0
182.0,0.05932314693927765,0.05932314693927765,0.0031699896790087223,0.013862920925021172,0.001376032829284668,10.0,1.0,10.0
183.0,0.05927007272839546,0.05927007272839546,0.0033104224130511284,0.013420192524790764,0.0012745652347803116,10.0,1.0,10.0
184.0,0.059813402593135834,0.059813402593135834,0.0031973698642104864,0.013305949978530407,0.0014533755602315068,10.0,1.0,10.0
185.0,0.06183364987373352,0.06183364987373352,0.0035910236183553934,0.01301092654466629,0.0012912483653053641,10.0,1.0,10.0
186.0,0.06711655110120773,0.06711655110120773,0.0034821571316570044,0.013642951846122742,0.0018652031430974603,10.0,1.0,10.0
187.0,0.0771576464176178,0.0771576464176178,0.0046184370294213295,0.014070102944970131,0.0016903176438063383,10.0,1.0,10.0
188.0,0.08580188453197479,0.08580188453197479,0.004325253888964653,0.015377767384052277,0.0027171580586582422,10.0,1.0,10.0
189.0,0.07683897763490677,0.07683897763490677,0.0046203043311834335,0.013819355517625809,0.00168165797367692,10.0,1.0,10.0
190.0,0.058163292706012726,0.058163292706012726,0.003187870839610696,0.012045943178236485,0.0014238639269024134,10.0,1.0,10.0
191.0,0.059667862951755524,0.059667862951755524,0.003234690288081765,0.012175955809652805,0.0015145004726946354,10.0,1.0,10.0
192.0,0.07168884575366974,0.07168884575366974,0.004323665052652359,0.013163966126739979,0.0015288232825696468,10.0,1.0,10.0
193.0,0.06535176932811737,0.06535176932811737,0.0034503380302339792,0.012792456895112991,0.0018055926775559783,10.0,1.0,10.0
194.0,0.05447855964303017,0.05447855964303017,0.0031416607089340687,0.011431146413087845,0.0011630808003246784,10.0,1.0,10.0
195.0,0.06128032132983208,0.06128032132983208,0.0036828790325671434,0.012030014768242836,0.0012421514838933945,10.0,1.0,10.0
196.0,0.06467840075492859,0.06467840075492859,0.003422922221943736,0.012612580321729183,0.0017836594488471746,10.0,1.0,10.0
197.0,0.05519292131066322,0.05519292131066322,0.0032714465633034706,0.011323502287268639,0.001115495222620666,10.0,1.0,10.0
198.0,0.055528681725263596,0.055528681725263596,0.003314452711492777,0.011258002370595932,0.0011126152239739895,10.0,1.0,10.0
199.0,0.061092108488082886,0.061092108488082886,0.003293563611805439,0.011960837058722973,0.0016195634379982948,10.0,1.0,10.0
200.0,0.055602893233299255,0.055602893233299255,0.003349263919517398,0.011050878092646599,0.0011059374082833529,10.0,1.0,10.0
201.0,0.05278389900922775,0.05278389900922775,0.0031403868924826384,0.010653907433152199,0.0010726124746724963,10.0,1.0,10.0
202.0,0.05743895843625069,0.05743895843625069,0.003180361120030284,0.011172604747116566,0.0014462743420153856,10.0,1.0,10.0
203.0,0.05513976514339447,0.05513976514339447,0.0033670496195554733,0.010591940023005009,0.001087732845917344,10.0,1.0,10.0
204.0,0.051413193345069885,0.051413193345069885,0.0030623993370682,0.010138520039618015,0.0010650681797415018,10.0,1.0,10.0
205.0,0.05441068857908249,0.05441068857908249,0.0030988375656306744,0.010427035391330719,0.001299527706578374,10.0,1.0,10.0
206.0,0.05414045229554176,0.05414045229554176,0.003345693461596966,0.010098829865455627,0.0010584685951471329,10.0,1.0,10.0
207.0,0.05063924193382263,0.05063924193382263,0.0030253964941948652,0.00972807127982378,0.0010657208040356636,10.0,1.0,10.0
208.0,0.05202479287981987,0.05202479287981987,0.0030410122126340866,0.009822022169828415,0.001179264858365059,10.0,1.0,10.0
209.0,0.052855558693408966,0.052855558693408966,0.00329734873957932,0.009675347246229649,0.001020672614686191,10.0,1.0,10.0
210.0,0.05011291801929474,0.05011291801929474,0.0030038603581488132,0.009429221972823143,0.0010645093861967325,10.0,1.0,10.0
211.0,0.05018271505832672,0.05018271505832672,0.0030013718642294407,0.009374492801725864,0.001079450361430645,10.0,1.0,10.0
212.0,0.051409944891929626,0.051409944891929626,0.0032297095749527216,0.00932981912046671,0.0009783027926459908,10.0,1.0,10.0
213.0,0.04965642839670181,0.04965642839670181,0.002987678861245513,0.009198487736284733,0.0010581150418147445,10.0,1.0,10.0
214.0,0.04881809651851654,0.04881809651851654,0.002979840850457549,0.00903076957911253,0.0009988918900489807,10.0,1.0,10.0
215.0,0.04988956078886986,0.04988956078886986,0.003149778116494417,0.0090089226141572,0.0009382858406752348,10.0,1.0,10.0
216.0,0.049134209752082825,0.049134209752082825,0.0029717604629695415,0.008962084539234638,0.0010454518487676978,10.0,1.0,10.0
217.0,0.04787875711917877,0.04787875711917877,0.0029761840123683214,0.008723413571715355,0.0009393503423780203,10.0,1.0,10.0
218.0,0.04840409383177757,0.04840409383177757,0.0030662701465189457,0.008670630864799023,0.0009070761152543128,10.0,1.0,10.0
219.0,0.048421215265989304,0.048421215265989304,0.002952024806290865,0.00867196824401617,0.0010228999890387058,10.0,1.0,10.0
220.0,0.04726690426468849,0.04726690426468849,0.0029856860637664795,0.008422669023275375,0.0008987373439595103,10.0,1.0,10.0
221.0,0.04711019992828369,0.04711019992828369,0.002990437438711524,0.008324505761265755,0.0008881319663487375,10.0,1.0,10.0
222.0,0.047459471970796585,0.047459471970796585,0.0029283498879522085,0.008331775665283203,0.0009844194864854217,10.0,1.0,10.0
223.0,0.046792399138212204,0.046792399138212204,0.002996589057147503,0.00812998041510582,0.0008696530712768435,10.0,1.0,10.0
224.0,0.04615146294236183,0.04615146294236183,0.0029332651756703854,0.008010460063815117,0.0008808347629383206,10.0,1.0,10.0
225.0,0.04633605480194092,0.04633605480194092,0.002906197216361761,0.00798017531633377,0.0009293907787650824,10.0,1.0,10.0
226.0,0.046208158135414124,0.046208158135414124,0.0029921734239906073,0.007849053479731083,0.0008437369833700359,10.0,1.0,10.0
227.0,0.045529529452323914,0.045529529452323914,0.002898619044572115,0.007751921191811562,0.0008791415020823479,10.0,1.0,10.0
228.0,0.045287683606147766,0.045287683606147766,0.0028943042270839214,0.007660915143787861,0.0008683725609444082,10.0,1.0,10.0
229.0,0.04537380114197731,0.04537380114197731,0.0029618670232594013,0.007576563861221075,0.0008178569842129946,10.0,1.0,10.0
230.0,0.04502950608730316,0.04502950608730316,0.002878888975828886,0.00752622727304697,0.000871438707690686,10.0,1.0,10.0
231.0,0.044530365616083145,0.044530365616083145,0.00289720855653286,0.00739456620067358,0.0008163712336681783,10.0,1.0,10.0
232.0,0.04441839084029198,0.04441839084029198,0.0029129248578101397,0.007315271534025669,0.0007973871543072164,10.0,1.0,10.0
233.0,0.04436909034848213,0.04436909034848213,0.0028625130653381348,0.007287919521331787,0.0008456039940938354,10.0,1.0,10.0
234.0,0.04400549456477165,0.04400549456477165,0.0029040430672466755,0.0071641854010522366,0.0007800881285220385,10.0,1.0,10.0
235.0,0.043635714799165726,0.043635714799165726,0.0028666581492871046,0.00708043621852994,0.0007888696854934096,10.0,1.0,10.0
236.0,0.0435253269970417,0.0435253269970417,0.0028483178466558456,0.007024641148746014,0.0008017506916075945,10.0,1.0,10.0
237.0,0.043409764766693115,0.043409764766693115,0.0028923724312335253,0.006933496333658695,0.0007552547031082213,10.0,1.0,10.0
238.0,0.04309127479791641,0.04309127479791641,0.002836371771991253,0.006870727986097336,0.00078568299068138,10.0,1.0,10.0
239.0,0.042781829833984375,0.042781829833984375,0.0028447979129850864,0.006770574953407049,0.0007563278777524829,10.0,1.0,10.0
240.0,0.042639974504709244,0.042639974504709244,0.002855375874787569,0.006697142031043768,0.000738907721824944,10.0,1.0,10.0
241.0,0.04250653088092804,0.04250653088092804,0.002816514577716589,0.0066557154059410095,0.0007685670279897749,10.0,1.0,10.0
242.0,0.04224415495991707,0.04224415495991707,0.002845636336132884,0.006551663391292095,0.0007236126693896949,10.0,1.0,10.0
243.0,0.04196232184767723,0.04196232184767723,0.0028145199175924063,0.006489286664873362,0.0007327835191972554,10.0,1.0,10.0
244.0,0.041784197092056274,0.041784197092056274,0.0028035135474056005,0.0064297085627913475,0.0007319351425394416,10.0,1.0,10.0
245.0,0.041645776480436325,0.041645776480436325,0.0028269763570278883,0.006351671181619167,0.0007024339865893126,10.0,1.0,10.0
246.0,0.04143751412630081,0.04143751412630081,0.0027874959632754326,0.006309767719358206,0.0007252785144373775,10.0,1.0,10.0
247.0,0.04118252918124199,0.04118252918124199,0.0028011836111545563,0.006226614583283663,0.0006944079068489373,10.0,1.0,10.0
248.0,0.04097208380699158,0.04097208380699158,0.002789650112390518,0.006165306083858013,0.0006910277297720313,10.0,1.0,10.0
249.0,0.04081684723496437,0.04081684723496437,0.002771720290184021,0.006118118762969971,0.0006981525220908225,10.0,1.0,10.0
250.0,0.040649689733982086,0.040649689733982086,0.002791409147903323,0.00604464253410697,0.0006690955488011241,10.0,1.0,10.0
251.0,0.04043686389923096,0.04043686389923096,0.002759793773293495,0.0059984102845191956,0.0006840517744421959,10.0,1.0,10.0
252.0,0.04021592438220978,0.04021592438220978,0.0027671116404235363,0.005923647433519363,0.000662115984596312,10.0,1.0,10.0
253.0,0.040029652416706085,0.040029652416706085,0.002760546747595072,0.005865599028766155,0.0006558587192557752,10.0,1.0,10.0
254.0,0.039870165288448334,0.039870165288448334,0.002743319608271122,0.005817863158881664,0.0006619108025915921,10.0,1.0,10.0
255.0,0.03970041126012802,0.03970041126012802,0.0027583178598433733,0.005744823254644871,0.0006372410571202636,10.0,1.0,10.0
256.0,0.03950594365596771,0.03950594365596771,0.0027318948414176702,0.005701038986444473,0.0006485952762886882,10.0,1.0,10.0
257.0,0.039306171238422394,0.039306171238422394,0.0027377025689929724,0.0056322310119867325,0.0006296912324614823,10.0,1.0,10.0
258.0,0.03912411630153656,0.03912411630153656,0.0027292179875075817,0.005576955620199442,0.0006254978943616152,10.0,1.0,10.0
259.0,0.03896064683794975,0.03896064683794975,0.002716368529945612,0.005530644673854113,0.0006266317795962095,10.0,1.0,10.0
260.0,0.03879887983202934,0.03879887983202934,0.002725121332332492,0.005468391347676516,0.0006079274462535977,10.0,1.0,10.0
261.0,0.03862578049302101,0.03862578049302101,0.0027030748315155506,0.0054293288849294186,0.0006165705271996558,10.0,1.0,10.0
262.0,0.038443777710199356,0.038443777710199356,0.0027100974693894386,0.005367700941860676,0.0005975099629722536,10.0,1.0,10.0
263.0,0.03826455771923065,0.03826455771923065,0.002695441013202071,0.005325497128069401,0.0005984649760648608,10.0,1.0,10.0
264.0,0.03809608891606331,0.03809608891606331,0.0026903687976300716,0.0052768634632229805,0.0005915538058616221,10.0,1.0,10.0
265.0,0.037936851382255554,0.037936851382255554,0.0026903455145657063,0.005226928275078535,0.0005806470289826393,10.0,1.0,10.0
266.0,0.037779614329338074,0.037779614329338074,0.002674096031114459,0.005192472133785486,0.0005846179556101561,10.0,1.0,10.0
267.0,0.03761865943670273,0.03761865943670273,0.002680788980796933,0.00513636227697134,0.0005674408748745918,10.0,1.0,10.0
268.0,0.037453509867191315,0.037453509867191315,0.002662650076672435,0.005103281233459711,0.0005723726935684681,10.0,1.0,10.0
269.0,0.037287719547748566,0.037287719547748566,0.002665446838364005,0.0050512454472482204,0.0005582004087045789,10.0,1.0,10.0
270.0,0.03712523728609085,0.03712523728609085,0.002654218813404441,0.0050122966058552265,0.0005570749053731561,10.0,1.0,10.0
271.0,0.03696808964014053,0.03696808964014053,0.0026491363532841206,0.004969059024006128,0.0005507664754986763,10.0,1.0,10.0
272.0,0.03681559860706329,0.03681559860706329,0.0026465984992682934,0.004924611188471317,0.0005425004055723548,10.0,1.0,10.0
273.0,0.036665793508291245,0.036665793508291245,0.0026346631348133087,0.004889628849923611,0.0005429533775895834,10.0,1.0,10.0
274.0,0.03651665151119232,0.03651665151119232,0.0026376836467534304,0.004840239882469177,0.0005299575859680772,10.0,1.0,10.0
275.0,0.03636715188622475,0.03636715188622475,0.002622358500957489,0.004810730926692486,0.0005332836299203336,10.0,1.0,10.0
276.0,0.03621738776564598,0.03621738776564598,0.002626294270157814,0.004760696552693844,0.0005193748511373997,10.0,1.0,10.0
277.0,0.03606794402003288,0.03606794402003288,0.002611795673146844,0.004731485154479742,0.0005218503065407276,10.0,1.0,10.0
278.0,0.035919565707445145,0.035919565707445145,0.0026133570354431868,0.004685832187533379,0.0005100162816233933,10.0,1.0,10.0
279.0,0.03577292710542679,0.03577292710542679,0.002601906191557646,0.004655047319829464,0.0005098815890960395,10.0,1.0,10.0
280.0,0.035628337413072586,0.035628337413072586,0.002600292442366481,0.004614366218447685,0.0005011046305298805,10.0,1.0,10.0
281.0,0.03548587113618851,0.03548587113618851,0.0025921734049916267,0.00458240881562233,0.000498172827064991,10.0,1.0,10.0
282.0,0.035345371812582016,0.035345371812582016,0.002587496768683195,0.004546842537820339,0.0004923558444716036,10.0,1.0,10.0
283.0,0.035206738859415054,0.035206738859415054,0.002582484856247902,0.004512717016041279,0.00048691744450479746,10.0,1.0,10.0
284.0,0.03506981208920479,0.03506981208920479,0.0025751006323844194,0.00448246207088232,0.000483634474221617,10.0,1.0,10.0
285.0,0.03493458405137062,0.03493458405137062,0.0025726440362632275,0.0044463519006967545,0.0004761792079079896,10.0,1.0,10.0
286.0,0.03480110317468643,0.03480110317468643,0.002563109388574958,0.004420094192028046,0.00047499133506789804,10.0,1.0,10.0
287.0,0.0346694141626358,0.0346694141626358,0.002562953857704997,0.004382566548883915,0.0004657307581510395,10.0,1.0,10.0
288.0,0.03453991189599037,0.03453991189599037,0.002551052952185273,0.004360802471637726,0.000466858153231442,10.0,1.0,10.0
289.0,0.0344131737947464,0.0344131737947464,0.0025541475042700768,0.0043200780637562275,0.00045516210957430303,10.0,1.0,10.0
290.0,0.034290362149477005,0.034290362149477005,0.002538584405556321,0.004305864684283733,0.000459865404991433,10.0,1.0,10.0
291.0,0.03417365998029709,0.03417365998029709,0.0025472904089838266,0.004259207285940647,0.0004441546625457704,10.0,1.0,10.0
292.0,0.034067366272211075,0.034067366272211075,0.0025255950167775154,0.004257936496287584,0.0004553479084279388,10.0,1.0,10.0
293.0,0.03398044779896736,0.03398044779896736,0.002545406809076667,0.004201021511107683,0.000432535947766155,10.0,1.0,10.0
294.0,0.033931054174900055,0.033931054174900055,0.0025129562709480524,0.004227642435580492,0.00045738491462543607,10.0,1.0,10.0
295.0,0.03395796939730644,0.03395796939730644,0.002558337291702628,0.004153263755142689,0.0004221331619191915,10.0,1.0,10.0
296.0,0.034144625067710876,0.034144625067710876,0.0025094652082771063,0.004252222366631031,0.00047977498616091907,10.0,1.0,10.0
297.0,0.034671634435653687,0.034671634435653687,0.0026226663030683994,0.004166001919656992,0.0004278971755411476,10.0,1.0,10.0
298.0,0.03592723608016968,0.03592723608016968,0.002567953197285533,0.004483644850552082,0.0005764059023931623,10.0,1.0,10.0
299.0,0.03869687393307686,0.03869687393307686,0.002887252951040864,0.004496058914810419,0.0005328287952579558,10.0,1.0,10.0
300.0,0.04433884471654892,0.04433884471654892,0.00293312082067132,0.005512826610356569,0.0009494810365140438,10.0,1.0,10.0
301.0,0.05411430075764656,0.05411430075764656,0.0037868735380470753,0.0060038939118385315,0.001024167169816792,10.0,1.0,10.0
302.0,0.0656542032957077,0.0656542032957077,0.003946095239371061,0.008018199354410172,0.001817505108192563,10.0,1.0,10.0
303.0,0.0677407756447792,0.0677407756447792,0.0045499070547521114,0.007391980849206448,0.0014849721919745207,10.0,1.0,10.0
304.0,0.05145402252674103,0.05145402252674103,0.00327653088606894,0.006325414404273033,0.0012363300193101168,10.0,1.0,10.0
305.0,0.03395251929759979,0.03395251929759979,0.0025914376601576805,0.003990699537098408,0.0004047442926093936,10.0,1.0,10.0
306.0,0.03730306029319763,0.03730306029319763,0.0028099690098315477,0.004262121859937906,0.0004941247752867639,10.0,1.0,10.0
307.0,0.050243645906448364,0.050243645906448364,0.0032243854366242886,0.006175700109452009,0.001182408770546317,10.0,1.0,10.0
308.0,0.04798467084765434,0.04798467084765434,0.003433862002566457,0.005314101930707693,0.0008331951103173196,10.0,1.0,10.0
309.0,0.0347113236784935,0.0347113236784935,0.002523077419027686,0.004258821718394756,0.0005221726605668664,10.0,1.0,10.0
310.0,0.034317631274461746,0.034317631274461746,0.0025069154798984528,0.00420882785692811,0.0005039650131948292,10.0,1.0,10.0
311.0,0.04339389130473137,0.04339389130473137,0.0031678054947406054,0.00485091470181942,0.0006864923052489758,10.0,1.0,10.0
312.0,0.04140949621796608,0.04140949621796608,0.0028107445687055588,0.005138039123266935,0.0008164012106135488,10.0,1.0,10.0
313.0,0.03273108974099159,0.03273108974099159,0.0025156857445836067,0.0038558237720280886,0.00037184086977504194,10.0,1.0,10.0
314.0,0.03443825989961624,0.03443825989961624,0.002629421418532729,0.004001561552286148,0.00041424817754887044,10.0,1.0,10.0
315.0,0.039959535002708435,0.039959535002708435,0.002741164993494749,0.0049734096974134445,0.0007574476767331362,10.0,1.0,10.0
316.0,0.036295779049396515,0.036295779049396515,0.0027470469940453768,0.004154964815825224,0.0004670344933401793,10.0,1.0,10.0
317.0,0.031607337296009064,0.031607337296009064,0.00241351081058383,0.0038214910309761763,0.00036507361801341176,10.0,1.0,10.0
318.0,0.03480377793312073,0.03480377793312073,0.0025131916627287865,0.00431233923882246,0.000535952509380877,10.0,1.0,10.0
319.0,0.03695368021726608,0.03695368021726608,0.0027879811823368073,0.004201056901365519,0.0004872809222433716,10.0,1.0,10.0
320.0,0.03300168365240097,0.03300168365240097,0.002441221382468939,0.0040571801364421844,0.0004532290331553668,10.0,1.0,10.0
321.0,0.03157975524663925,0.03157975524663925,0.002396490890532732,0.0038318363949656487,0.0003783009306062013,10.0,1.0,10.0
322.0,0.034516774117946625,0.034516774117946625,0.0026415057945996523,0.003950956277549267,0.0004150761233177036,10.0,1.0,10.0
323.0,0.03427518531680107,0.03427518531680107,0.0024915330577641726,0.004217941779643297,0.0005141913425177336,10.0,1.0,10.0
324.0,0.0313766673207283,0.0313766673207283,0.002430420834571123,0.0036954942625015974,0.00033769645961001515,10.0,1.0,10.0
325.0,0.03181944787502289,0.03181944787502289,0.0024686246179044247,0.0037033080589026213,0.00034298928221687675,10.0,1.0,10.0
326.0,0.0335807241499424,0.0335807241499424,0.002464305842295289,0.004109269939363003,0.00048283959040418267,10.0,1.0,10.0
327.0,0.032324135303497314,0.032324135303497314,0.0025076207239180803,0.0037234125193208456,0.00035245149047113955,10.0,1.0,10.0
328.0,0.03077859617769718,0.03077859617769718,0.002380975289270282,0.0036496059037745,0.0003319238021504134,10.0,1.0,10.0
329.0,0.03177982196211815,0.03177982196211815,0.0023967004381120205,0.003841259516775608,0.00039715575985610485,10.0,1.0,10.0
330.0,0.03244927525520325,0.03244927525520325,0.0025216860231012106,0.0037048878148198128,0.00035275251138955355,10.0,1.0,10.0
331.0,0.031149771064519882,0.031149771064519882,0.0023759077303111553,0.0037387069314718246,0.00036519861896522343,10.0,1.0,10.0
332.0,0.030551206320524216,0.030551206320524216,0.0023655074182897806,0.003619146766141057,0.00032769859535619617,10.0,1.0,10.0
333.0,0.031426895409822464,0.031426895409822464,0.002457672730088234,0.0036027238238602877,0.00032474423642270267,10.0,1.0,10.0
334.0,0.031480491161346436,0.031480491161346436,0.0023842384107410908,0.003790691727772355,0.000384741579182446,10.0,1.0,10.0
335.0,0.03049415349960327,0.03049415349960327,0.0023908033035695553,0.003533622482791543,0.0003052497922908515,10.0,1.0,10.0
336.0,0.030347712337970734,0.030347712337970734,0.002379457466304302,0.0035251048393547535,0.00030280332430265844,10.0,1.0,10.0
337.0,0.030935820192098618,0.030935820192098618,0.0023642005398869514,0.0037029290106147528,0.00035908861900679767,10.0,1.0,10.0
338.0,0.030765684321522713,0.030765684321522713,0.0024200910702347755,0.00351376342587173,0.000305101100821048,10.0,1.0,10.0
339.0,0.03009246662259102,0.03009246662259102,0.002343718893826008,0.003544389270246029,0.0003110889228992164,10.0,1.0,10.0
340.0,0.030085263773798943,0.030085263773798943,0.002340854611247778,0.0035469476133584976,0.00031297688838094473,10.0,1.0,10.0
341.0,0.030444134026765823,0.030444134026765823,0.002401889069005847,0.0034708415623754263,0.0002954402007162571,10.0,1.0,10.0
342.0,0.030253583565354347,0.030253583565354347,0.0023401060607284307,0.0035869665443897247,0.0003265556297264993,10.0,1.0,10.0
343.0,0.029793303459882736,0.029793303459882736,0.0023489617742598057,0.0034443847835063934,0.0002859302330762148,10.0,1.0,10.0
344.0,0.02978627197444439,0.02978627197444439,0.00235348311252892,0.0034266659058630466,0.00028247752925381064,10.0,1.0,10.0
345.0,0.03000328131020069,0.03000328131020069,0.0023311483673751354,0.003541900310665369,0.00031498970929533243,10.0,1.0,10.0
346.0,0.029865486547350883,0.029865486547350883,0.002367188688367605,0.0034035290591418743,0.00027900689747184515,10.0,1.0,10.0
347.0,0.029536571353673935,0.029536571353673935,0.0023239259608089924,0.0034369705244898796,0.00028603419195860624,10.0,1.0,10.0
348.0,0.02948523871600628,0.02948523871600628,0.0023208644706755877,0.003430545562878251,0.0002846049901563674,10.0,1.0,10.0
349.0,0.02961447834968567,0.02961447834968567,0.00235384120605886,0.00336695765145123,0.0002709108230192214,10.0,1.0,10.0
350.0,0.02954309619963169,0.02954309619963169,0.0023166032042354345,0.003452844452112913,0.00029242190066725016,10.0,1.0,10.0
351.0,0.029304584488272667,0.029304584488272667,0.0023297553416341543,0.0033496690448373556,0.0002657360746525228,10.0,1.0,10.0
352.0,0.029205720871686935,0.029205720871686935,0.0023211606312543154,0.003346288576722145,0.00026478266227059066,10.0,1.0,10.0
353.0,0.029267117381095886,0.029267117381095886,0.0023085360880941153,0.003397517604753375,0.0002784239186439663,10.0,1.0,10.0
354.0,0.029249489307403564,0.029249489307403564,0.0023353274445980787,0.0033101809676736593,0.0002586033951956779,10.0,1.0,10.0
355.0,0.029088925570249557,0.029088925570249557,0.002303706482052803,0.0033611904364079237,0.00026906709535978734,10.0,1.0,10.0
356.0,0.02896048314869404,0.02896048314869404,0.0023073216434568167,0.0033129830844700336,0.0002574284153524786,10.0,1.0,10.0
357.0,0.028956657275557518,0.028956657275557518,0.002315069315955043,0.003286492545157671,0.00025194723275490105,10.0,1.0,10.0
358.0,0.028963832184672356,0.028963832184672356,0.0022962158545851707,0.0033464247826486826,0.0002655249845702201,10.0,1.0,10.0
359.0,0.02887626178562641,0.02887626178562641,0.002313949167728424,0.003264116123318672,0.0002472654450684786,10.0,1.0,10.0
360.0,0.028750907629728317,0.028750907629728317,0.002293600933626294,0.0032937335781753063,0.00025211647152900696,10.0,1.0,10.0
361.0,0.02868959866464138,0.02868959866464138,0.0022919524926692247,0.003280871082097292,0.00024892043438740075,10.0,1.0,10.0
362.0,0.02868364006280899,0.02868364006280899,0.002303069457411766,0.0032412991859018803,0.00024116462736856192,10.0,1.0,10.0
363.0,0.028649786487221718,0.028649786487221718,0.002284263027831912,0.0032933750189840794,0.0002513781073503196,10.0,1.0,10.0
364.0,0.028561314567923546,0.028561314567923546,0.00229601189494133,0.0032277798745781183,0.0002373415627516806,10.0,1.0,10.0
365.0,0.02847224660217762,0.02847224660217762,0.002283387118950486,0.0032436875626444817,0.0002394688781350851,10.0,1.0,10.0
366.0,0.028427543118596077,0.028427543118596077,0.0022797391284257174,0.0032425979152321815,0.0002387554559390992,10.0,1.0,10.0
367.0,0.028405964374542236,0.028405964374542236,0.002288968302309513,0.003203368978574872,0.00023129115288611501,10.0,1.0,10.0
368.0,0.028362080454826355,0.028362080454826355,0.002273340942338109,0.0032439331989735365,0.0002384738327236846,10.0,1.0,10.0
369.0,0.028288662433624268,0.028288662433624268,0.002281974768266082,0.0031911672558635473,0.00022777468257118016,10.0,1.0,10.0
370.0,0.02821739949285984,0.02821739949285984,0.0022722184658050537,0.003203697968274355,0.00022915180306881666,10.0,1.0,10.0
371.0,0.02817167341709137,0.02817167341709137,0.002269263146445155,0.0031997612677514553,0.000227927986998111,10.0,1.0,10.0
372.0,0.028140567243099213,0.028140567243099213,0.002275168662890792,0.00316832959651947,0.00022205503773875535,10.0,1.0,10.0
373.0,0.028099313378334045,0.028099313378334045,0.002262819791212678,0.0032002651132643223,0.00022708519827574492,10.0,1.0,10.0
374.0,0.028040554374456406,0.028040554374456406,0.0022701555863022804,0.003154594684019685,0.0002184404293075204,10.0,1.0,10.0
375.0,0.0279785618185997,0.0279785618185997,0.0022606803104281425,0.003170505166053772,0.00022012541012372822,10.0,1.0,10.0
376.0,0.027928750962018967,0.027928750962018967,0.002259596483781934,0.0031586666591465473,0.00021741213276982307,10.0,1.0,10.0
377.0,0.02789108268916607,0.02789108268916607,0.002261761575937271,0.003138227155432105,0.00021352396288421005,10.0,1.0,10.0
378.0,0.027853598818182945,0.027853598818182945,0.002252659760415554,0.003161161206662655,0.00021658409968949854,10.0,1.0,10.0
379.0,0.02780725061893463,0.02780725061893463,0.002258801367133856,0.003122359048575163,0.00020968758326489478,10.0,1.0,10.0
380.0,0.027754196897149086,0.027754196897149086,0.0022493298165500164,0.0031423200853168964,0.00021185781224630773,10.0,1.0,10.0
381.0,0.027703076601028442,0.027703076601028442,0.0022505605593323708,0.003121029818430543,0.00020764415967278183,10.0,1.0,10.0
382.0,0.02765931375324726,0.02765931375324726,0.0022485041990876198,0.003114834427833557,0.00020594366651494056,10.0,1.0,10.0
383.0,0.027621062472462654,0.027621062472462654,0.002243245951831341,0.003123456845059991,0.000206514640012756,10.0,1.0,10.0
384.0,0.02758249267935753,0.02758249267935753,0.0022469484247267246,0.0030957385897636414,0.0002017271181102842,10.0,1.0,10.0
385.0,0.027539707720279694,0.027539707720279694,0.0022386605851352215,0.003115431172773242,0.00020376713655423373,10.0,1.0,10.0
386.0,0.02749365195631981,0.02749365195631981,0.002241776091977954,0.003087344579398632,0.00019885448273271322,10.0,1.0,10.0
387.0,0.027447976171970367,0.027447976171970367,0.0022360491566359997,0.0030959746800363064,0.0001991508324863389,10.0,1.0,10.0
388.0,0.027405625209212303,0.027405625209212303,0.0022350014187395573,0.003086167387664318,0.00019694436923600733,10.0,1.0,10.0
389.0,0.027366826310753822,0.027366826310753822,0.002234505955129862,0.003075226442888379,0.00019465408695396036,10.0,1.0,10.0
390.0,0.027329450473189354,0.027329450473189354,0.002229341771453619,0.0030846826266497374,0.0001951350423041731,10.0,1.0,10.0
391.0,0.02729124203324318,0.02729124203324318,0.0022319171112030745,0.0030605383217334747,0.00019115324539598078,10.0,1.0,10.0
392.0,0.0272513460367918,0.0272513460367918,0.0022253214847296476,0.003075692104175687,0.0001922437222674489,10.0,1.0,10.0
393.0,0.027210436761379242,0.027210436761379242,0.002227258635684848,0.0030531364027410746,0.00018847135652322322,10.0,1.0,10.0
394.0,0.027169903740286827,0.027169903740286827,0.0022225549910217524,0.003059993963688612,0.00018843593716155738,10.0,1.0,10.0
395.0,0.02713090367615223,0.02713090367615223,0.0022217496298253536,0.0030501163564622402,0.000186328892596066,10.0,1.0,10.0
396.0,0.027093634009361267,0.027093634009361267,0.002220314694568515,0.003043550066649914,0.00018469360657036304,10.0,1.0,10.0
397.0,0.02705768495798111,0.02705768495798111,0.00221679313108325,0.0030469768680632114,0.00018427756731398404,10.0,1.0,10.0
398.0,0.027022069320082664,0.027022069320082664,0.0022176881320774555,0.0030303127132356167,0.00018148763047065586,10.0,1.0,10.0
399.0,0.02698630839586258,0.02698630839586258,0.0022127064876258373,0.0030406273435801268,0.00018186165834777057,10.0,1.0,10.0
400.0,0.0269501730799675,0.0269501730799675,0.00221418309956789,0.0030208700336515903,0.00017874724289868027,10.0,1.0,10.0
401.0,0.026913858950138092,0.026913858950138092,0.002209317171946168,0.0030306894332170486,0.0001789999078027904,10.0,1.0,10.0
402.0,0.0268777534365654,0.0268777534365654,0.002209979807958007,0.003014518413692713,0.00017634360119700432,10.0,1.0,10.0
403.0,0.026842208579182625,0.026842208579182625,0.0022064291406422853,0.0030185726936906576,0.00017593445954844356,10.0,1.0,10.0
404.0,0.02680736966431141,0.02680736966431141,0.002205575816333294,0.003009972395375371,0.00017416376795154065,10.0,1.0,10.0
405.0,0.026773283258080482,0.026773283258080482,0.0022037543822079897,0.003006288083270192,0.0001729451905703172,10.0,1.0,10.0
406.0,0.026739876717329025,0.026739876717329025,0.0022013909183442593,0.0030055262614041567,0.00017204393225256354,10.0,1.0,10.0
407.0,0.026707053184509277,0.026707053184509277,0.002200997667387128,0.002995294751599431,0.0001701781147858128,10.0,1.0,10.0
408.0,0.026674529537558556,0.026674529537558556,0.002197590423747897,0.0030000731348991394,0.00016985525144264102,10.0,1.0,10.0
409.0,0.026642322540283203,0.026642322540283203,0.0021980253513902426,0.002985843922942877,0.000167622507433407,10.0,1.0,10.0
410.0,0.0266103632748127,0.0266103632748127,0.002194090513512492,0.002993609057739377,0.00016758471610955894,10.0,1.0,10.0
411.0,0.026578636839985847,0.026578636839985847,0.002194900531321764,0.002977505326271057,0.00016521269571967423,10.0,1.0,10.0
412.0,0.026547152549028397,0.026547152549028397,0.002190788509324193,0.002986520528793335,0.00016527467232663184,10.0,1.0,10.0
413.0,0.02651592157781124,0.02651592157781124,0.0021916984114795923,0.0029698910657316446,0.00016290464554913342,10.0,1.0,10.0
414.0,0.026485078036785126,0.026485078036785126,0.0021876231767237186,0.00297913933172822,0.0001629708567634225,10.0,1.0,10.0
415.0,0.026454538106918335,0.026454538106918335,0.00218851282261312,0.002962683793157339,0.00016067260003183037,10.0,1.0,10.0
416.0,0.02642432227730751,0.02642432227730751,0.0021845209412276745,0.0029718868900090456,0.0001607224839972332,10.0,1.0,10.0
417.0,0.026394562795758247,0.026394562795758247,0.002185430843383074,0.002955436008051038,0.00015848185284994543,10.0,1.0,10.0
418.0,0.026365187019109726,0.026365187019109726,0.0021814105566591024,0.002965283114463091,0.00015857975813560188,10.0,1.0,10.0
419.0,0.026336226612329483,0.026336226612329483,0.002182547003030777,0.002947719069197774,0.00015630375128239393,10.0,1.0,10.0
420.0,0.02630781941115856,0.02630781941115856,0.002178221708163619,0.0029597580432891846,0.000156584384967573,10.0,1.0,10.0
421.0,0.026279952377080917,0.026279952377080917,0.002179949777200818,0.0029392032884061337,0.00015412505308631808,10.0,1.0,10.0
422.0,0.02625284530222416,0.02625284530222416,0.0021749178413301706,0.0029557980597019196,0.00015478691784664989,10.0,1.0,10.0
423.0,0.026226796209812164,0.026226796209812164,0.0021777846850454807,0.002929455367848277,0.00015194964362308383,10.0,1.0,10.0
424.0,0.026202229782938957,0.026202229782938957,0.0021714691538363695,0.002954422729089856,0.00015331152826547623,10.0,1.0,10.0
425.0,0.02617991901934147,0.02617991901934147,0.0021764275152236223,0.002917576115578413,0.00014980669948272407,10.0,1.0,10.0
426.0,0.02616140991449356,0.02616140991449356,0.0021678477060049772,0.0029580334667116404,0.00015248983982019126,10.0,1.0,10.0
427.0,0.026149362325668335,0.026149362325668335,0.002176821231842041,0.002902211621403694,0.00014789374836254865,10.0,1.0,10.0
428.0,0.026148779317736626,0.026148779317736626,0.0021644383668899536,0.002972085028886795,0.00015323105617426336,10.0,1.0,10.0
429.0,0.026168854907155037,0.026168854907155037,0.00218152510933578,0.0028822969179600477,0.000147130704135634,10.0,1.0,10.0
430.0,0.026227476075291634,0.026227476075291634,0.002163378521800041,0.003010430606082082,0.0001583258854225278,10.0,1.0,10.0
431.0,0.026358969509601593,0.026358969509601593,0.0021984195336699486,0.0028615021146833897,0.00015132715634535998,10.0,1.0,10.0
432.0,0.026630572974681854,0.026630572974681854,0.0021744482219219208,0.003113111946731806,0.00017729788669385016,10.0,1.0,10.0
433.0,0.027173476293683052,0.027173476293683052,0.0022543715313076973,0.0028702733106911182,0.0001759488513926044,10.0,1.0,10.0
434.0,0.028243377804756165,0.028243377804756165,0.0022389546502381563,0.0034072943963110447,0.0002446538128424436,10.0,1.0,10.0
435.0,0.030315952375531197,0.030315952375531197,0.0024440858978778124,0.0030597695149481297,0.0002815324696712196,10.0,1.0,10.0
436.0,0.03420829400420189,0.03420829400420189,0.002512280596420169,0.00429224967956543,0.00047932376037351787,10.0,1.0,10.0
437.0,0.040983568876981735,0.040983568876981735,0.003045035991817713,0.003960156347602606,0.0006573055288754404,10.0,1.0,10.0
438.0,0.05103351175785065,0.05103351175785065,0.0033305964898318052,0.006513779051601887,0.0011213766410946846,10.0,1.0,10.0
439.0,0.06110062450170517,0.06110062450170517,0.004141461569815874,0.005879619158804417,0.0013806390343233943,10.0,1.0,10.0
440.0,0.062230441719293594,0.062230441719293594,0.0038920056540519,0.007923059165477753,0.0015387325547635555,10.0,1.0,10.0
441.0,0.04787849634885788,0.04787849634885788,0.003417389467358589,0.004628411494195461,0.0009076191345229745,10.0,1.0,10.0
442.0,0.029821842908859253,0.029821842908859253,0.0023172025103121996,0.0036437828093767166,0.0003006035403814167,10.0,1.0,10.0
443.0,0.027013683691620827,0.027013683691620827,0.0021860050037503242,0.003228067420423031,0.00019255666120443493,10.0,1.0,10.0
444.0,0.038204729557037354,0.038204729557037354,0.002883858047425747,0.0037164140958338976,0.000564973393920809,10.0,1.0,10.0
445.0,0.044505663216114044,0.044505663216114044,0.003024585545063019,0.005678034853190184,0.0008581771398894489,10.0,1.0,10.0
446.0,0.03608345240354538,0.03608345240354538,0.00276031787507236,0.0035596685484051704,0.0004920607316307724,10.0,1.0,10.0
447.0,0.026256229728460312,0.026256229728460312,0.002159892115741968,0.003067603800445795,0.0001589705643709749,10.0,1.0,10.0
448.0,0.028987163677811623,0.028987163677811623,0.0022737407125532627,0.003559815464541316,0.00026899430667981505,10.0,1.0,10.0
449.0,0.03636859729886055,0.03636859729886055,0.002774027641862631,0.0035918906796723604,0.0005036428337916732,10.0,1.0,10.0
450.0,0.03449360653758049,0.03449360653758049,0.0025323310401290655,0.0043602874502539635,0.00048100081039592624,10.0,1.0,10.0
451.0,0.027045011520385742,0.027045011520385742,0.002239990746602416,0.0028762836009263992,0.00017688199295662344,10.0,1.0,10.0
452.0,0.026661209762096405,0.026661209762096405,0.0022140832152217627,0.0028698237147182226,0.00016505527310073376,10.0,1.0,10.0
453.0,0.03181412070989609,0.03181412070989609,0.002400736091658473,0.0039895642548799515,0.0003817196993622929,10.0,1.0,10.0
454.0,0.03181501850485802,0.03181501850485802,0.002517699496820569,0.003209773451089859,0.00034282522392459214,10.0,1.0,10.0
455.0,0.026900915428996086,0.026900915428996086,0.00217291503213346,0.00324280746281147,0.00019289579358883202,10.0,1.0,10.0
456.0,0.025992779061198235,0.025992779061198235,0.002141273347660899,0.0030424832366406918,0.00015375616203527898,10.0,1.0,10.0
457.0,0.029368050396442413,0.029368050396442413,0.002377184573560953,0.0030177480075508356,0.00025784579338505864,10.0,1.0,10.0
458.0,0.029711052775382996,0.029711052775382996,0.002298204228281975,0.0036933780647814274,0.0003035632544197142,10.0,1.0,10.0
459.0,0.02649495378136635,0.02649495378136635,0.0022083627991378307,0.0028239560779184103,0.0001587369479238987,10.0,1.0,10.0
460.0,0.025715388357639313,0.025715388357639313,0.0021516350097954273,0.002840994391590357,0.00013580457016360015,10.0,1.0,10.0
461.0,0.027922488749027252,0.027922488749027252,0.0022181521635502577,0.0034085107035934925,0.00023324566427618265,10.0,1.0,10.0
462.0,0.028245285153388977,0.028245285153388977,0.002315978519618511,0.002910695970058441,0.00021748029394075274,10.0,1.0,10.0
463.0,0.026135249063372612,0.026135249063372612,0.0021406784653663635,0.0031030308455228806,0.0001625433942535892,10.0,1.0,10.0
464.0,0.025541353970766068,0.025541353970766068,0.0021251135040074587,0.002940649166703224,0.0001349570375168696,10.0,1.0,10.0
465.0,0.026979412883520126,0.026979412883520126,0.0022398519795387983,0.0028363363817334175,0.00017445575213059783,10.0,1.0,10.0
466.0,0.02726011537015438,0.02726011537015438,0.0021866883616894484,0.0033132347743958235,0.00020799977937713265,10.0,1.0,10.0
467.0,0.02587914653122425,0.02587914653122425,0.0021705711260437965,0.0027924873866140842,0.00013809488154947758,10.0,1.0,10.0
468.0,0.02540399879217148,0.02540399879217148,0.0021326644346117973,0.002825347939506173,0.00012520066229626536,10.0,1.0,10.0
469.0,0.026324370875954628,0.026324370875954628,0.0021481348667293787,0.003142664674669504,0.0001700358116067946,10.0,1.0,10.0
470.0,0.02658943459391594,0.02658943459391594,0.0022178448271006346,0.002798832254484296,0.00016121528460644186,10.0,1.0,10.0
471.0,0.025704501196742058,0.025704501196742058,0.0021251027937978506,0.003010393586009741,0.00014430783630814403,10.0,1.0,10.0
472.0,0.02529188059270382,0.02529188059270382,0.002116550225764513,0.00287665706127882,0.00012497216812334955,10.0,1.0,10.0
473.0,0.02585277333855629,0.02585277333855629,0.002170151798054576,0.0027749272994697094,0.00013763265451416373,10.0,1.0,10.0
474.0,0.026118678972125053,0.026118678972125053,0.0021387001033872366,0.0031056851148605347,0.0001625993027118966,10.0,1.0,10.0
475.0,0.025580385699868202,0.025580385699868202,0.00215044803917408,0.00277788657695055,0.0001298018905799836,10.0,1.0,10.0
476.0,0.0252087265253067,0.0252087265253067,0.0021172973792999983,0.002829271834343672,0.00012064803013345227,10.0,1.0,10.0
477.0,0.025511236861348152,0.025511236861348152,0.0021166526712477207,0.002970735775306821,0.0001373974373564124,10.0,1.0,10.0
478.0,0.025767294690012932,0.025767294690012932,0.0021649172995239496,0.002762542339041829,0.00013555792975239456,10.0,1.0,10.0
479.0,0.02547917515039444,0.02547917515039444,0.0021166708320379257,0.0029568627942353487,0.00013556034537032247,10.0,1.0,10.0
480.0,0.025154778733849525,0.025154778733849525,0.0021153308916836977,0.002811853773891926,0.00011896165960934013,10.0,1.0,10.0
481.0,0.02526809275150299,0.02526809275150299,0.0021295701153576374,0.002768055535852909,0.0001204337168019265,10.0,1.0,10.0
482.0,0.02548874169588089,0.02548874169588089,0.0021161730401217937,0.002963312668725848,0.00013636982475873083,10.0,1.0,10.0
483.0,0.025379793718457222,0.025379793718457222,0.0021384048741310835,0.002756634261459112,0.00012391101336106658,10.0,1.0,10.0
484.0,0.025123722851276398,0.025123722851276398,0.0021083683241158724,0.0028452284168452024,0.00011948127939831465,10.0,1.0,10.0
485.0,0.02510559745132923,0.02510559745132923,0.0021068123169243336,0.002845569048076868,0.00011919066309928894,10.0,1.0,10.0
486.0,0.025261089205741882,0.025261089205741882,0.0021310278680175543,0.002749706618487835,0.00012011038779746741,10.0,1.0,10.0
487.0,0.025268135592341423,0.025268135592341423,0.0021093629766255617,0.002905844943597913,0.00012686611444223672,10.0,1.0,10.0
488.0,0.025100816041231155,0.025100816041231155,0.002118355594575405,0.0027604238130152225,0.00011568360787350684,10.0,1.0,10.0
489.0,0.025009505450725555,0.025009505450725555,0.002108133165165782,0.002788901561871171,0.00011392729356884956,10.0,1.0,10.0
490.0,0.02508114092051983,0.02508114092051983,0.0021042635198682547,0.0028507618699222803,0.00011877428914885968,10.0,1.0,10.0
491.0,0.02514028176665306,0.02514028176665306,0.0021235861349850893,0.002739863470196724,0.00011645565245999023,10.0,1.0,10.0
492.0,0.02506614848971367,0.02506614848971367,0.0021028947085142136,0.0028520545456558466,0.00011851471936097369,10.0,1.0,10.0
493.0,0.024960989132523537,0.024960989132523537,0.0021075690165162086,0.002766755875200033,0.00011185433686478063,10.0,1.0,10.0
494.0,0.02495383471250534,0.02495383471250534,0.0021074546966701746,0.002762584714218974,0.000111670364276506,10.0,1.0,10.0
495.0,0.0250066090375185,0.0250066090375185,0.0021004928275942802,0.0028387184720486403,0.00011629623622866347,10.0,1.0,10.0
496.0,0.02500336803495884,0.02500336803495884,0.0021145089995115995,0.0027347696013748646,0.00011235083366045728,10.0,1.0,10.0
497.0,0.02493184059858322,0.02493184059858322,0.0020983582362532616,0.0028155508916825056,0.00011327082029310986,10.0,1.0,10.0
498.0,0.02487933076918125,0.02487933076918125,0.0021012569777667522,0.0027693412266671658,0.0001097418789868243,10.0,1.0,10.0
499.0,0.024890031665563583,0.024890031665563583,0.0021047748159617186,0.002747509628534317,0.00010947731061605737,10.0,1.0,10.0
500.0,0.024912798777222633,0.024912798777222633,0.0020963912829756737,0.002819528104737401,0.00011293572606518865,10.0,1.0,10.0
501.0,0.024890780448913574,0.024890780448913574,0.0021071077790111303,0.002730513922870159,0.00010891900456044823,10.0,1.0,10.0
502.0,0.024839384481310844,0.024839384481310844,0.0020953607745468616,0.002789645455777645,0.00010961321095237508,10.0,1.0,10.0
503.0,0.024810604751110077,0.024810604751110077,0.002096910262480378,0.0027645521331578493,0.0001076949411071837,10.0,1.0,10.0
504.0,0.024816812947392464,0.024816812947392464,0.0021010227501392365,0.0027366545982658863,0.00010699321137508377,10.0,1.0,10.0
505.0,0.024822669103741646,0.024822669103741646,0.00209287041798234,0.0027985586784780025,0.00010954070603474975,10.0,1.0,10.0
506.0,0.024800755083560944,0.024800755083560944,0.0021012271754443645,0.0027263795491307974,0.00010621018009260297,10.0,1.0,10.0
507.0,0.02476479858160019,0.02476479858160019,0.002092554233968258,0.0027713554445654154,0.00010679019760573283,10.0,1.0,10.0
508.0,0.024743719026446342,0.024743719026446342,0.0020932676270604134,0.002755178837105632,0.00010558651410974562,10.0,1.0,10.0
509.0,0.0247424878180027,0.0247424878180027,0.0020965307485312223,0.002730091568082571,0.00010470871347934008,10.0,1.0,10.0
510.0,0.024741098284721375,0.024741098284721375,0.0020896687638014555,0.0027790574822574854,0.0001065352771547623,10.0,1.0,10.0
511.0,0.02472393587231636,0.02472393587231636,0.002096146112307906,0.0027220535557717085,0.00010404212662251666,10.0,1.0,10.0
512.0,0.02469761110842228,0.02469761110842228,0.0020893786568194628,0.0027586077339947224,0.0001045216922648251,10.0,1.0,10.0
513.0,0.02467840537428856,0.02467840537428856,0.002090027555823326,0.0027429983019828796,0.00010351308446843177,10.0,1.0,10.0
514.0,0.024671195074915886,0.024671195074915886,0.002091728150844574,0.0027264116797596216,0.00010275020031258464,10.0,1.0,10.0
515.0,0.02466638572514057,0.02466638572514057,0.002086613094434142,0.002761232201009989,0.00010390231909696013,10.0,1.0,10.0
516.0,0.024653788655996323,0.024653788655996323,0.0020915158092975616,0.0027172379195690155,0.00010213935456704348,10.0,1.0,10.0
517.0,0.0246341060847044,0.0246341060847044,0.0020858945790678263,0.0027493147645145655,0.00010258457041345537,10.0,1.0,10.0
518.0,0.024615725502371788,0.024615725502371788,0.0020870871376246214,0.0027297544293105602,0.00010150983871426433,10.0,1.0,10.0
519.0,0.02460414171218872,0.02460414171218872,0.0020869767758995295,0.0027243560180068016,0.0001010019113891758,10.0,1.0,10.0
520.0,0.02459665760397911,0.02459665760397911,0.002083756262436509,0.002744274213910103,0.00010148208093596622,10.0,1.0,10.0
521.0,0.024586845189332962,0.024586845189332962,0.0020872026216238737,0.002712080953642726,0.00010027374082710594,10.0,1.0,10.0
522.0,0.024572230875492096,0.024572230875492096,0.0020824840757995844,0.002740385476499796,0.00010070055577671155,10.0,1.0,10.0
523.0,0.02455572970211506,0.02455572970211506,0.002084387931972742,0.0027163769118487835,9.954731649486348e-05,10.0,1.0,10.0
524.0,0.02454170398414135,0.02454170398414135,0.002082615392282605,0.002722195815294981,9.93353605736047e-05,10.0,1.0,10.0
525.0,0.02453126199543476,0.02453126199543476,0.0020811890717595816,0.0027272943407297134,9.920761658577248e-05,10.0,1.0,10.0
526.0,0.02452188916504383,0.02452188916504383,0.0020829997956752777,0.0027074844110757113,9.844053420238197e-05,10.0,1.0,10.0
527.0,0.024510815739631653,0.024510815739631653,0.002079322002828121,0.0027297441847622395,9.878519631456584e-05,10.0,1.0,10.0
528.0,0.02449725940823555,0.02449725940823555,0.0020815576426684856,0.002704615704715252,9.770652104634792e-05,10.0,1.0,10.0
529.0,0.02448316104710102,0.02448316104710102,0.0020786605309695005,0.0027188973035663366,9.776571823749691e-05,10.0,1.0,10.0
530.0,0.02447054162621498,0.02447054162621498,0.0020787997636944056,0.00271079083904624,9.7175310656894e-05,10.0,1.0,10.0
531.0,0.024459699168801308,0.024459699168801308,0.0020787981338799,0.002704144222661853,9.675745241111144e-05,10.0,1.0,10.0
532.0,0.02444956637918949,0.02444956637918949,0.002076496370136738,0.0027161429170519114,9.684601536719128e-05,10.0,1.0,10.0
533.0,0.02443856932222843,0.02443856932222843,0.0020782961510121822,0.0026956438086926937,9.599619079381227e-05,10.0,1.0,10.0
534.0,0.024426374584436417,0.024426374584436417,0.002075214870274067,0.0027123393956571817,9.618858166504651e-05,10.0,1.0,10.0
535.0,0.024413716048002243,0.024413716048002243,0.0020764032378792763,0.002695860341191292,9.538237645756453e-05,10.0,1.0,10.0
536.0,0.024401569738984108,0.024401569738984108,0.0020748116075992584,0.002701020333915949,9.524333290755749e-05,10.0,1.0,10.0
537.0,0.024390405043959618,0.024390405043959618,0.0020740823820233345,0.0027000755071640015,9.495062113273889e-05,10.0,1.0,10.0
538.0,0.024379855021834373,0.024379855021834373,0.0020745694637298584,0.0026900367811322212,9.441253496333957e-05,10.0,1.0,10.0
539.0,0.02436922863125801,0.02436922863125801,0.0020723314955830574,0.00270103570073843,9.448788478039205e-05,10.0,1.0,10.0
540.0,0.02435808815062046,0.02435808815062046,0.0020735906437039375,0.0026845955289900303,9.375863737659529e-05,10.0,1.0,10.0
541.0,0.024346521124243736,0.024346521124243736,0.0020713256672024727,0.0026955062057822943,9.37758813961409e-05,10.0,1.0,10.0
542.0,0.024334868416190147,0.024334868416190147,0.002071849536150694,0.002684342907741666,9.320279787061736e-05,10.0,1.0,10.0
543.0,0.024323593825101852,0.024323593825101852,0.002070774557068944,0.0026862446684390306,9.296039206674322e-05,10.0,1.0,10.0
544.0,0.024312706664204597,0.024312706664204597,0.002070015762001276,0.0026855289470404387,9.270225564250723e-05,10.0,1.0,10.0
545.0,0.02430216409265995,0.02430216409265995,0.0020701978355646133,0.0026777838356792927,9.224018140230328e-05,10.0,1.0,10.0
546.0,0.02429167553782463,0.02429167553782463,0.002068551955744624,0.0026844916865229607,9.2166374088265e-05,10.0,1.0,10.0
547.0,0.024280942976474762,0.024280942976474762,0.00206923158839345,0.002672471571713686,9.161564958048984e-05,10.0,1.0,10.0
548.0,0.02427009493112564,0.02427009493112564,0.002067480469122529,0.002679959638044238,9.153317660093307e-05,10.0,1.0,10.0
549.0,0.02425917237997055,0.02425917237997055,0.0020678730215877295,0.0026700752787292004,9.10366652533412e-05,10.0,1.0,10.0
550.0,0.024248294532299042,0.024248294532299042,0.0020666765049099922,0.0026730415411293507,9.084893099498004e-05,10.0,1.0,10.0
551.0,0.024237612262368202,0.024237612262368202,0.0020663596224039793,0.002669033594429493,9.049830987351015e-05,10.0,1.0,10.0
552.0,0.02422715164721012,0.02422715164721012,0.00206595822237432,0.002665718551725149,9.018494165502489e-05,10.0,1.0,10.0
553.0,0.02421683818101883,0.02421683818101883,0.00206494377925992,0.0026675653643906116,8.998355770017952e-05,10.0,1.0,10.0
554.0,0.024206556379795074,0.024206556379795074,0.0020651414524763823,0.002659520832821727,8.956214151112363e-05,10.0,1.0,10.0
555.0,0.024196213111281395,0.024196213111281395,0.0020637246780097485,0.0026644919998943806,8.944740693550557e-05,10.0,1.0,10.0
556.0,0.02418583258986473,0.02418583258986473,0.0020640951115638018,0.0026550819166004658,8.898014493752271e-05,10.0,1.0,10.0
557.0,0.024175427854061127,0.024175427854061127,0.0020627244375646114,0.002659550402313471,8.88631766429171e-05,10.0,1.0,10.0
558.0,0.024165069684386253,0.024165069684386253,0.0020628473721444607,0.002652171067893505,8.84423716343008e-05,10.0,1.0,10.0
559.0,0.024154776707291603,0.024154776707291603,0.0020618874114006758,0.002653410891070962,8.824915857985616e-05,10.0,1.0,10.0
560.0,0.024144649505615234,0.024144649505615234,0.0020615365356206894,0.002649916335940361,8.793680171947926e-05,10.0,1.0,10.0
561.0,0.02413453906774521,0.02413453906774521,0.002061098115518689,0.0026471305172890425,8.76427729963325e-05,10.0,1.0,10.0
562.0,0.024124503135681152,0.024124503135681152,0.002060284372419119,0.0026473295874893665,8.743302169023082e-05,10.0,1.0,10.0
563.0,0.024114534258842468,0.024114534258842468,0.0020602347794920206,0.002641508588567376,8.706787775736302e-05,10.0,1.0,10.0
564.0,0.024104628711938858,0.024104628711938858,0.0020591674838215113,0.0026438601780682802,8.690929098520428e-05,10.0,1.0,10.0
565.0,0.024094732478260994,0.024094732478260994,0.0020592736545950174,0.0026367581449449062,8.652385440655053e-05,10.0,1.0,10.0
566.0,0.024084845557808876,0.024084845557808876,0.0020581642165780067,0.002639531623572111,8.636720303911716e-05,10.0,1.0,10.0
567.0,0.02407495118677616,0.02407495118677616,0.0020582263823598623,0.0026326964143663645,8.599901048000902e-05,10.0,1.0,10.0
568.0,0.024065110832452774,0.024065110832452774,0.002057224279269576,0.0026346577797085047,8.582096052123234e-05,10.0,1.0,10.0
569.0,0.024055343121290207,0.024055343121290207,0.0020571514032781124,0.002628989750519395,8.548386540496722e-05,10.0,1.0,10.0
570.0,0.024045560508966446,0.024045560508966446,0.0020563192665576935,0.0026295525021851063,8.528152829967439e-05,10.0,1.0,10.0
571.0,0.0240358617156744,0.0240358617156744,0.002056070137768984,0.0026253939140588045,8.497668022755533e-05,10.0,1.0,10.0
572.0,0.024026237428188324,0.024026237428188324,0.0020554340444505215,0.002624394139274955,8.475013601128012e-05,10.0,1.0,10.0
573.0,0.024016644805669785,0.024016644805669785,0.002055006567388773,0.0026217831764370203,8.447977597825229e-05,10.0,1.0,10.0
574.0,0.024007074534893036,0.024007074534893036,0.002054554643109441,0.0026192793156951666,8.422491373494267e-05,10.0,1.0,10.0
575.0,0.02399757318198681,0.02399757318198681,0.0020539567340165377,0.002618082333356142,8.399237412959337e-05,10.0,1.0,10.0
576.0,0.02398810163140297,0.02398810163140297,0.0020536722149699926,0.0026142916176468134,8.370868454221636e-05,10.0,1.0,10.0
577.0,0.023978659883141518,0.023978659883141518,0.0020529350731521845,0.002614223165437579,8.350878488272429e-05,10.0,1.0,10.0
578.0,0.023969298228621483,0.023969298228621483,0.0020527809392660856,0.0026094545610249043,8.320339111378416e-05,10.0,1.0,10.0
579.0,0.023959945887327194,0.023959945887327194,0.002051946008577943,0.002610217547044158,8.302680362248793e-05,10.0,1.0,10.0
580.0,0.023950651288032532,0.023950651288032532,0.0020518845412880182,0.0026047215797007084,8.270845137303695e-05,10.0,1.0,10.0
581.0,0.023941386491060257,0.023941386491060257,0.0020509783644229174,0.0026061313692480326,8.254727435996756e-05,10.0,1.0,10.0
582.0,0.02393217198550701,0.02393217198550701,0.002050993498414755,0.0026000184006989002,8.222176984418184e-05,10.0,1.0,10.0
583.0,0.023922966793179512,0.023922966793179512,0.002050016075372696,0.002602068707346916,8.207367500290275e-05,10.0,1.0,10.0
584.0,0.02391383796930313,0.02391383796930313,0.0020501234102994204,0.0025952160358428955,8.173890091711655e-05,10.0,1.0,10.0
585.0,0.023904770612716675,0.023904770612716675,0.002049049362540245,0.0025981618091464043,8.161152072716504e-05,10.0,1.0,10.0
586.0,0.023895740509033203,0.023895740509033203,0.0020492952316999435,0.002590208314359188,8.125783642753959e-05,10.0,1.0,10.0
587.0,0.023886770009994507,0.023886770009994507,0.0020480600651353598,0.0025945340748876333,8.11635036370717e-05,10.0,1.0,10.0
588.0,0.023877831175923347,0.023877831175923347,0.0020485175773501396,0.0025848711375147104,8.077838720055297e-05,10.0,1.0,10.0
589.0,0.023868996649980545,0.023868996649980545,0.0020470283925533295,0.0025913596618920565,8.073532080743462e-05,10.0,1.0,10.0
590.0,0.023860309273004532,0.023860309273004532,0.0020478302612900734,0.0025789965875446796,8.030104072531685e-05,10.0,1.0,10.0
591.0,0.023851735517382622,0.023851735517382622,0.002045940374955535,0.002588940318673849,8.033908670768142e-05,10.0,1.0,10.0
592.0,0.02384340390563011,0.02384340390563011,0.002047286368906498,0.002572240075096488,7.982997340150177e-05,10.0,1.0,10.0
593.0,0.02383541874587536,0.02383541874587536,0.002044753637164831,0.002587853465229273,8.000290836207569e-05,10.0,1.0,10.0
594.0,0.023827990517020226,0.023827990517020226,0.0020470195449888706,0.0025640001986175776,7.937964255688712e-05,10.0,1.0,10.0
595.0,0.023821456357836723,0.023821456357836723,0.002043429994955659,0.002589189913123846,7.979660585988313e-05,10.0,1.0,10.0
596.0,0.02381640300154686,0.02381640300154686,0.002047301270067692,0.002553283702582121,7.901062053861097e-05,10.0,1.0,10.0
597.0,0.02381386235356331,0.02381386235356331,0.002041976200416684,0.002595089143142104,7.990123413037509e-05,10.0,1.0,10.0
598.0,0.023815667256712914,0.023815667256712914,0.002048773691058159,0.00253857858479023,7.893516158219427e-05,10.0,1.0,10.0
599.0,0.02382507734000683,0.02382507734000683,0.002040657214820385,0.0026101332623511553,8.083711145445704e-05,10.0,1.0,10.0
600.0,0.02384813316166401,0.02384813316166401,0.0020531294867396355,0.002517977263778448,7.988602010300383e-05,10.0,1.0,10.0
601.0,0.02389579638838768,0.02389579638838768,0.0020408621057868004,0.0026450036093592644,8.421736129093915e-05,10.0,1.0,10.0
602.0,0.023988524451851845,0.023988524451851845,0.0020652851089835167,0.002491343067958951,8.443296246696264e-05,10.0,1.0,10.0
603.0,0.024164574220776558,0.024164574220776558,0.0020483904518187046,0.002727104350924492,9.535664139548317e-05,10.0,1.0,10.0
604.0,0.024496037513017654,0.024496037513017654,0.002100727055221796,0.0024711769074201584,0.00010175901115871966,10.0,1.0,10.0
605.0,0.02511860989034176,0.02511860989034176,0.0020858945790678263,0.002934021409600973,0.00013256430975161493,10.0,1.0,10.0
606.0,0.026283761486411095,0.026283761486411095,0.0022108035627752542,0.0025283596478402615,0.00016473660070914775,10.0,1.0,10.0
607.0,0.02844349853694439,0.02844349853694439,0.0022362798918038607,0.003496413351967931,0.0002584285684861243,10.0,1.0,10.0
608.0,0.032338324934244156,0.032338324934244156,0.0025572660379111767,0.002946126740425825,0.00038195354864001274,10.0,1.0,10.0
609.0,0.03896000608801842,0.03896000608801842,0.0027446576859802008,0.00500794081017375,0.0006505487835966051,10.0,1.0,10.0
610.0,0.04884826019406319,0.04884826019406319,0.00346551975235343,0.0043906839564442635,0.00098023796454072,10.0,1.0,10.0
611.0,0.060031719505786896,0.060031719505786896,0.0037947148084640503,0.007781727705150843,0.0014302842319011688,10.0,1.0,10.0
612.0,0.06527064740657806,0.06527064740657806,0.004353043157607317,0.0059498674236238,0.0015790348406881094,10.0,1.0,10.0
613.0,0.055978044867515564,0.055978044867515564,0.0035935062915086746,0.00726277194917202,0.0012780210236087441,10.0,1.0,10.0
614.0,0.035958461463451385,0.035958461463451385,0.0027565076015889645,0.00324203516356647,0.0005151351215317845,10.0,1.0,10.0
615.0,0.023874754086136818,0.023874754086136818,0.0020383752416819334,0.0026585215236991644,8.324792725034058e-05,10.0,1.0,10.0
616.0,0.029636137187480927,0.029636137187480927,0.0022953515872359276,0.0036892988719046116,0.00029933234327472746,10.0,1.0,10.0
617.0,0.04136750474572182,0.04136750474572182,0.003051415551453829,0.0037049180828034878,0.0007148432778194547,10.0,1.0,10.0
618.0,0.04165313020348549,0.04165313020348549,0.00288206385448575,0.0053932019509375095,0.0007439288310706615,10.0,1.0,10.0
619.0,0.030219193547964096,0.030219193547964096,0.002433194313198328,0.0027754828333854675,0.00031117687467485666,10.0,1.0,10.0
620.0,0.02363838255405426,0.02363838255405426,0.0020340699702501297,0.002540076384320855,7.576073403470218e-05,10.0,1.0,10.0
621.0,0.02922285906970501,0.02922285906970501,0.0022728145122528076,0.0036313263699412346,0.0002863386762328446,10.0,1.0,10.0
622.0,0.03522754833102226,0.03522754833102226,0.0027110392693430185,0.003188242670148611,0.0004928911803290248,10.0,1.0,10.0
623.0,0.03134172037243843,0.03134172037243843,0.0023693835828453302,0.00395722733810544,0.000369065732229501,10.0,1.0,10.0
624.0,0.02440943941473961,0.02440943941473961,0.0020916941575706005,0.0024611148983240128,0.00010313822713214904,10.0,1.0,10.0
625.0,0.025136496871709824,0.025136496871709824,0.0021353955380618572,0.002488878555595875,0.0001293662062380463,10.0,1.0,10.0
626.0,0.03010702133178711,0.03010702133178711,0.00230910861864686,0.0037653823383152485,0.00032505535637028515,10.0,1.0,10.0
627.0,0.029703650623559952,0.029703650623559952,0.002403683727607131,0.0027498099952936172,0.0002917001838795841,10.0,1.0,10.0
628.0,0.024925541132688522,0.024925541132688522,0.002069662092253566,0.0029194168746471405,0.00013095038593746722,10.0,1.0,10.0
629.0,0.02396486885845661,0.02396486885845661,0.0020353891886770725,0.0026881597004830837,9.228181443177164e-05,10.0,1.0,10.0
630.0,0.027180030941963196,0.027180030941963196,0.002259046770632267,0.002578999614343047,0.00020105642033740878,10.0,1.0,10.0
631.0,0.02787752076983452,0.02787752076983452,0.0022034626454114914,0.003415032522752881,0.0002427860745228827,10.0,1.0,10.0
632.0,0.024904517456889153,0.024904517456889153,0.0021261943038553,0.00244731898419559,0.0001195255754282698,10.0,1.0,10.0
633.0,0.02363266982138157,0.02363266982138157,0.0020356792956590652,0.0024961442686617374,7.797333819326013e-05,10.0,1.0,10.0
634.0,0.025563234463334084,0.025563234463334084,0.002100136363878846,0.003013729816302657,0.0001548140571685508,10.0,1.0,10.0
635.0,0.026462526991963387,0.026462526991963387,0.002219661371782422,0.0025219193194061518,0.00017439947987440974,10.0,1.0,10.0
636.0,0.024690840393304825,0.024690840393304825,0.0020596596878021955,0.0028647431172430515,0.00012294997577555478,10.0,1.0,10.0
637.0,0.02353729121387005,0.02353729121387005,0.002027988201007247,0.002514429157599807,7.429797551594675e-05,10.0,1.0,10.0
638.0,0.024634961038827896,0.024634961038827896,0.0021076607517898083,0.002447931095957756,0.00011104224540758878,10.0,1.0,10.0
639.0,0.025460269302129745,0.025460269302129745,0.002094592433422804,0.002996656810864806,0.00015176866145338863,10.0,1.0,10.0
640.0,0.024454673752188683,0.024454673752188683,0.0021000592969357967,0.0024167061783373356,0.00010373743862146512,10.0,1.0,10.0
641.0,0.023513400927186012,0.023513400927186012,0.0020216885022819042,0.002538510598242283,7.580052624689415e-05,10.0,1.0,10.0
642.0,0.02407744713127613,0.02407744713127613,0.00203995150513947,0.002701836870983243,9.760958346305415e-05,10.0,1.0,10.0
643.0,0.024757523089647293,0.024757523089647293,0.00211771740578115,0.002429644577205181,0.00011507050658110529,10.0,1.0,10.0
644.0,0.02424541488289833,0.02424541488289833,0.0020423145033419132,0.0027596252039074898,0.00010626455332385376,10.0,1.0,10.0
645.0,0.023517567664384842,0.023517567664384842,0.002033902332186699,0.002447335748001933,7.312092202482745e-05,10.0,1.0,10.0
646.0,0.023739567026495934,0.023739567026495934,0.00204825890250504,0.0024394397623836994,8.175384573405609e-05,10.0,1.0,10.0
647.0,0.024261508136987686,0.024261508136987686,0.0020454772748053074,0.002744586206972599,0.00010621505498420447,10.0,1.0,10.0
648.0,0.024063633754849434,0.024063633754849434,0.0020748244132846594,0.002401018049567938,9.143713396042585e-05,10.0,1.0,10.0
649.0,0.023532364517450333,0.023532364517450333,0.0020189827773720026,0.0025598607026040554,7.826760702300817e-05,10.0,1.0,10.0
650.0,0.023541470989584923,0.023541470989584923,0.00202407524921,0.0025340276770293713,7.66691446187906e-05,10.0,1.0,10.0
651.0,0.023907311260700226,0.023907311260700226,0.002062446903437376,0.002408695872873068,8.741442434256896e-05,10.0,1.0,10.0
652.0,0.02389916405081749,0.02389916405081749,0.0020316385198384523,0.002656669123098254,9.261106606572866e-05,10.0,1.0,10.0
653.0,0.023545462638139725,0.023545462638139725,0.002039185957983136,0.002408078871667385,7.455236482201144e-05,10.0,1.0,10.0
654.0,0.023437494412064552,0.023437494412064552,0.0020244468469172716,0.0024603833444416523,7.326440390897915e-05,10.0,1.0,10.0
655.0,0.023657193407416344,0.023657193407416344,0.002026160014793277,0.002574380487203598,8.212115790229291e-05,10.0,1.0,10.0
656.0,0.02374556101858616,0.02374556101858616,0.002053202362731099,0.0023945511784404516,8.189857908291742e-05,10.0,1.0,10.0
657.0,0.023546211421489716,0.023546211421489716,0.0020202414598315954,0.0025545230600982904,7.892726716818288e-05,10.0,1.0,10.0
658.0,0.023395130410790443,0.023395130410790443,0.002024899236857891,0.0024414530489593744,7.04684789525345e-05,10.0,1.0,10.0
659.0,0.02348904125392437,0.02348904125392437,0.002032587071880698,0.0024194021243602037,7.437667227350175e-05,10.0,1.0,10.0
660.0,0.023602662608027458,0.023602662608027458,0.0020239490550011396,0.0025588637217879295,8.043072011787444e-05,10.0,1.0,10.0
661.0,0.0235255416482687,0.0235255416482687,0.0020386725664138794,0.0023927949368953705,7.460213964805007e-05,10.0,1.0,10.0
662.0,0.023386824876070023,0.023386824876070023,0.002017817460000515,0.002484380267560482,7.242706487886608e-05,10.0,1.0,10.0
663.0,0.023387528955936432,0.023387528955936432,0.002020859392359853,0.0024670278653502464,7.119059591786936e-05,10.0,1.0,10.0
664.0,0.023476801812648773,0.023476801812648773,0.002033461816608906,0.002402716316282749,7.394669955829158e-05,10.0,1.0,10.0
665.0,0.023480141535401344,0.023480141535401344,0.0020195958204567432,0.0025225942954421043,7.615885988343507e-05,10.0,1.0,10.0
666.0,0.023388216271996498,0.023388216271996498,0.0020280235912650824,0.002402703510597348,7.052758883219212e-05,10.0,1.0,10.0
667.0,0.023337969556450844,0.023337969556450844,0.002018755069002509,0.0024458710104227066,7.045477832434699e-05,10.0,1.0,10.0
668.0,0.023378334939479828,0.023378334939479828,0.0020188114140182734,0.0024743909016251564,7.158298831200227e-05,10.0,1.0,10.0
669.0,0.02341531217098236,0.02341531217098236,0.0020297730807214975,0.0023971355985850096,7.204473513411358e-05,10.0,1.0,10.0
670.0,0.023378999903798103,0.023378999903798103,0.0020167485345155,0.0024872184731066227,7.24297424312681e-05,10.0,1.0,10.0
671.0,0.0233208779245615,0.0233208779245615,0.0020221464801579714,0.0024123131297528744,6.87100036884658e-05,10.0,1.0,10.0
672.0,0.02331460453569889,0.02331460453569889,0.002019597915932536,0.0024244142696261406,6.942091567907482e-05,10.0,1.0,10.0
673.0,0.023345446214079857,0.023345446214079857,0.0020172372460365295,0.0024669505655765533,7.06123246345669e-05,10.0,1.0,10.0
674.0,0.023349134251475334,0.023349134251475334,0.00202542869374156,0.0023956771474331617,6.99170195730403e-05,10.0,1.0,10.0
675.0,0.023312890902161598,0.023312890902161598,0.0020154230296611786,0.0024599735625088215,6.986870721448213e-05,10.0,1.0,10.0
676.0,0.023282887414097786,0.023282887414097786,0.002018780680373311,0.0024172072298824787,6.778739771107212e-05,10.0,1.0,10.0
677.0,0.02328803762793541,0.02328803762793541,0.0020189578644931316,0.002413313603028655,6.85143459122628e-05,10.0,1.0,10.0
678.0,0.023303288966417313,0.023303288966417313,0.0020155012607574463,0.0024550161324441433,6.932588439667597e-05,10.0,1.0,10.0
679.0,0.023295031860470772,0.023295031860470772,0.0020214112009853125,0.002396801020950079,6.841177673777565e-05,10.0,1.0,10.0
680.0,0.02326837182044983,0.02326837182044983,0.0020142921712249517,0.002441785763949156,6.836625107098371e-05,10.0,1.0,10.0
681.0,0.0232525784522295,0.0232525784522295,0.0020163028966635466,0.00241747940890491,6.7207045503892e-05,10.0,1.0,10.0
682.0,0.02325683832168579,0.02325683832168579,0.0020172540098428726,0.0024072639644145966,6.770349864382297e-05,10.0,1.0,10.0
683.0,0.023262178525328636,0.023262178525328636,0.002013817895203829,0.0024425468873232603,6.814542575739324e-05,10.0,1.0,10.0
684.0,0.023252170532941818,0.023252170532941818,0.002018079161643982,0.0023974385112524033,6.739399395883083e-05,10.0,1.0,10.0
685.0,0.023233680054545403,0.023233680054545403,0.002013052348047495,0.0024296678602695465,6.734889029758051e-05,10.0,1.0,10.0
686.0,0.023223407566547394,0.023223407566547394,0.002014236291870475,0.0024147373624145985,6.663073145318776e-05,10.0,1.0,10.0
687.0,0.023224350064992905,0.023224350064992905,0.0020151420030742884,0.0024040588177740574,6.688723078696057e-05,10.0,1.0,10.0
688.0,0.02322487160563469,0.02322487160563469,0.0020122311543673277,0.0024317223578691483,6.708377622999251e-05,10.0,1.0,10.0
689.0,0.023216335102915764,0.023216335102915764,0.002015386475250125,0.0023971309419721365,6.65339466650039e-05,10.0,1.0,10.0
690.0,0.02320304699242115,0.02320304699242115,0.002011744538322091,0.002421119250357151,6.644825043622404e-05,10.0,1.0,10.0
691.0,0.02319454774260521,0.02319454774260521,0.0020125338342040777,0.00240984745323658,6.59361103316769e-05,10.0,1.0,10.0
692.0,0.023192601278424263,0.023192601278424263,0.002013113582506776,0.0024012993089854717,6.601658969884738e-05,10.0,1.0,10.0
693.0,0.023190990090370178,0.023190990090370178,0.0020108430180698633,0.002421767683699727,6.607911927858368e-05,10.0,1.0,10.0
694.0,0.023184223100543022,0.023184223100543022,0.0020131915807724,0.002395116724073887,6.571907579200342e-05,10.0,1.0,10.0
695.0,0.023174244910478592,0.023174244910478592,0.0020103980787098408,0.0024141024332493544,6.561626651091501e-05,10.0,1.0,10.0
696.0,0.02316625788807869,0.02316625788807869,0.002011013450101018,0.002403705380856991,6.524182390421629e-05,10.0,1.0,10.0
697.0,0.023162316530942917,0.023162316530942917,0.0020111599005758762,0.002398534445092082,6.521842442452908e-05,10.0,1.0,10.0
698.0,0.023159483447670937,0.023159483447670937,0.0020094607025384903,0.002412650967016816,6.52226444799453e-05,10.0,1.0,10.0
699.0,0.023154137656092644,0.023154137656092644,0.0020112062338739634,0.002392186550423503,6.498903530882671e-05,10.0,1.0,10.0
700.0,0.02314632572233677,0.02314632572233677,0.002008954994380474,0.0024079089052975178,6.488682265626267e-05,10.0,1.0,10.0
701.0,0.023138809949159622,0.023138809949159622,0.0020095754880458117,0.0023970967158675194,6.459585711127147e-05,10.0,1.0,10.0
702.0,0.023133521899580956,0.023133521899580956,0.0020093158818781376,0.0023954829666763544,6.448821659432724e-05,10.0,1.0,10.0
703.0,0.023129668086767197,0.023129668086767197,0.0020081386901438236,0.0024037696421146393,6.445117469411343e-05,10.0,1.0,10.0
704.0,0.023125074803829193,0.023125074803829193,0.0020093927159905434,0.002388427499681711,6.427198240999132e-05,10.0,1.0,10.0
705.0,0.02311886101961136,0.02311886101961136,0.0020075435750186443,0.0024015353992581367,6.418890552595258e-05,10.0,1.0,10.0
706.0,0.023112034425139427,0.023112034425139427,0.00200822320766747,0.00239021354354918,6.395897071342915e-05,10.0,1.0,10.0
707.0,0.023106124252080917,0.023106124252080917,0.0020076006185263395,0.0023920349776744843,6.380830018315464e-05,10.0,1.0,10.0
708.0,0.02310129813849926,0.02310129813849926,0.002006873022764921,0.002395093906670809,6.374736403813586e-05,10.0,1.0,10.0
709.0,0.02309682033956051,0.02309682033956051,0.002007654868066311,0.0023845257237553596,6.357446545735002e-05,10.0,1.0,10.0
710.0,0.023091616109013557,0.023091616109013557,0.002006150782108307,0.0023948615416884422,6.352462514769286e-05,10.0,1.0,10.0
711.0,0.023085666820406914,0.023085666820406914,0.002006895374506712,0.0023834826424717903,6.332299381028861e-05,10.0,1.0,10.0
712.0,0.02307967096567154,0.02307967096567154,0.0020059864036738873,0.0023880803491920233,6.317248335108161e-05,10.0,1.0,10.0
713.0,0.023074248805642128,0.023074248805642128,0.0020057077053934336,0.002386384643614292,6.307869625743479e-05,10.0,1.0,10.0
714.0,0.023069454357028008,0.023069454357028008,0.0020059978123754263,0.002380562014877796,6.289135490078479e-05,10.0,1.0,10.0
715.0,0.0230646301060915,0.0230646301060915,0.002004859037697315,0.0023873986210674047,6.286404823185876e-05,10.0,1.0,10.0
716.0,0.023059437051415443,0.023059437051415443,0.002005551941692829,0.0023772267159074545,6.266900163609535e-05,10.0,1.0,10.0
717.0,0.023053880780935287,0.023053880780935287,0.002004481852054596,0.0023834018502384424,6.256609049160033e-05,10.0,1.0,10.0
718.0,0.02304835617542267,0.02304835617542267,0.0020045985002070665,0.0023779806215316057,6.243900861591101e-05,10.0,1.0,10.0
719.0,0.023043127730488777,0.023043127730488777,0.0020043656695634127,0.002376836258918047,6.226364348549396e-05,10.0,1.0,10.0
720.0,0.023038240149617195,0.023038240149617195,0.0020036669448018074,0.0023792702704668045,6.223004311323166e-05,10.0,1.0,10.0
721.0,0.023033350706100464,0.023033350706100464,0.0020041109528392553,0.002371908398345113,6.203315570019186e-05,10.0,1.0,10.0
722.0,0.023028289899230003,0.023028289899230003,0.002003076486289501,0.0023776316083967686,6.1989419918973e-05,10.0,1.0,10.0
723.0,0.023023052141070366,0.023023052141070366,0.0020034448243677616,0.0023703379556536674,6.182656215969473e-05,10.0,1.0,10.0
724.0,0.02301778458058834,0.02301778458058834,0.002002791501581669,0.002372840652242303,6.170293636387214e-05,10.0,1.0,10.0
725.0,0.023012671619653702,0.023012671619653702,0.002002567984163761,0.002370742615312338,6.162489444250241e-05,10.0,1.0,10.0
726.0,0.02300773561000824,0.02300773561000824,0.002002580789849162,0.002367487410083413,6.144392682472244e-05,10.0,1.0,10.0
727.0,0.02300284057855606,0.02300284057855606,0.0020018171053379774,0.0023704832419753075,6.141858466435224e-05,10.0,1.0,10.0
728.0,0.02299797162413597,0.02299797162413597,0.0020021693781018257,0.0023639716673642397,6.123058847151697e-05,10.0,1.0,10.0
729.0,0.02299298346042633,0.02299298346042633,0.002001334447413683,0.002367905341088772,6.117345037637278e-05,10.0,1.0,10.0
730.0,0.02298792265355587,0.02298792265355587,0.002001489745453,0.002362704835832119,6.1031962104607373e-05,10.0,1.0,10.0
731.0,0.02298291027545929,0.02298291027545929,0.0020010373555123806,0.0023634987883269787,6.090364695410244e-05,10.0,1.0,10.0
732.0,0.022977979853749275,0.022977979853749275,0.002000724198296666,0.002362397499382496,6.083418702473864e-05,10.0,1.0,10.0
733.0,0.022973140701651573,0.022973140701651573,0.0020007507409900427,0.002359071047976613,6.06561079621315e-05,10.0,1.0,10.0
734.0,0.0229683518409729,0.0229683518409729,0.002000073902308941,0.0023613711819052696,6.062419561203569e-05,10.0,1.0,10.0
735.0,0.022963542491197586,0.022963542491197586,0.0020003102254122496,0.002356016542762518,6.044235487934202e-05,10.0,1.0,10.0
736.0,0.02295866422355175,0.02295866422355175,0.0019996005576103926,0.002358773723244667,6.0388359997887164e-05,10.0,1.0,10.0
737.0,0.02295384183526039,0.02295384183526039,0.001999687170609832,0.002354482188820839,6.0248745285207406e-05,10.0,1.0,10.0
738.0,0.022948939353227615,0.022948939353227615,0.0019992543384432793,0.002355005359277129,6.013907477608882e-05,10.0,1.0,10.0
739.0,0.022944185882806778,0.022944185882806778,0.0019989926367998123,0.0023536337539553642,6.006241892464459e-05,10.0,1.0,10.0
740.0,0.02293943054974079,0.02293943054974079,0.001998921623453498,0.002351168543100357,5.990453792037442e-05,10.0,1.0,10.0
741.0,0.02293471246957779,0.02293471246957779,0.0019983642268925905,0.002352394163608551,5.9867557865800336e-05,10.0,1.0,10.0
742.0,0.022929992526769638,0.022929992526769638,0.00199848972260952,0.002348153619095683,5.969429184915498e-05,10.0,1.0,10.0
743.0,0.02292531728744507,0.02292531728744507,0.0019978624768555164,0.0023501617833971977,5.965310265310109e-05,10.0,1.0,10.0
744.0,0.022920604795217514,0.022920604795217514,0.001997942104935646,0.0023461556993424892,5.950273043708876e-05,10.0,1.0,10.0
745.0,0.022915927693247795,0.022915927693247795,0.0019974622409790754,0.002347063273191452,5.942410643910989e-05,10.0,1.0,10.0
746.0,0.022911222651600838,0.022911222651600838,0.0019973230082541704,0.0023447927087545395,5.9320002037566155e-05,10.0,1.0,10.0
747.0,0.022906579077243805,0.022906579077243805,0.0019970922730863094,0.0023436842020601034,5.919703471590765e-05,10.0,1.0,10.0
748.0,0.022901972755789757,0.022901972755789757,0.001996717182919383,0.0023434441536664963,5.91356038057711e-05,10.0,1.0,10.0
749.0,0.02289736457169056,0.02289736457169056,0.0019966918043792248,0.0023406054824590683,5.8983961935155094e-05,10.0,1.0,10.0
750.0,0.022892799228429794,0.022892799228429794,0.001996174920350313,0.0023416331969201565,5.8941805036738515e-05,10.0,1.0,10.0
751.0,0.022888237610459328,0.022888237610459328,0.001996224746108055,0.002338121412321925,5.878701631445438e-05,10.0,1.0,10.0
752.0,0.022883672267198563,0.022883672267198563,0.0019957066979259253,0.0023392350412905216,5.873705231351778e-05,10.0,1.0,10.0
753.0,0.0228790994733572,0.0228790994733572,0.001995688769966364,0.0023361898493021727,5.8602348872227594e-05,10.0,1.0,10.0
754.0,0.02287457510828972,0.02287457510828972,0.0019952869042754173,0.00233643501996994,5.8527057262836024e-05,10.0,1.0,10.0
755.0,0.022870047017931938,0.022870047017931938,0.0019951274152845144,0.0023345400113612413,5.842312384629622e-05,10.0,1.0,10.0
756.0,0.022865591570734978,0.022865591570734978,0.0019948864355683327,0.002333534648641944,5.831916496390477e-05,10.0,1.0,10.0
757.0,0.02286108396947384,0.02286108396947384,0.0019945744425058365,0.002332893665879965,5.824463005410507e-05,10.0,1.0,10.0
758.0,0.022856632247567177,0.022856632247567177,0.0019944640807807446,0.0023307979572564363,5.811914161313325e-05,10.0,1.0,10.0
759.0,0.022852234542369843,0.022852234542369843,0.0019940563943237066,0.002331044524908066,5.806248736917041e-05,10.0,1.0,10.0
760.0,0.022847801446914673,0.022847801446914673,0.00199401518329978,0.002328365109860897,5.792835872853175e-05,10.0,1.0,10.0
761.0,0.02284337766468525,0.02284337766468525,0.001993571873754263,0.0023289062082767487,5.7875113270711154e-05,10.0,1.0,10.0
762.0,0.022838998585939407,0.022838998585939407,0.00199353089556098,0.002326232148334384,5.774575402028859e-05,10.0,1.0,10.0
763.0,0.022834619507193565,0.022834619507193565,0.0019931241404265165,0.0023265371564775705,5.768414484919049e-05,10.0,1.0,10.0
764.0,0.022830240428447723,0.022830240428447723,0.0019930254202336073,0.0023243059404194355,5.7567965995986015e-05,10.0,1.0,10.0
765.0,0.022825896739959717,0.022825896739959717,0.0019926915410906076,0.0023240537848323584,5.7492736232234165e-05,10.0,1.0,10.0
766.0,0.022821549326181412,0.022821549326181412,0.001992512959986925,0.002322482643648982,5.739381958846934e-05,10.0,1.0,10.0
767.0,0.022817282006144524,0.022817282006144524,0.0019922691863030195,0.0023215594701468945,5.730295379180461e-05,10.0,1.0,10.0
768.0,0.02281297743320465,0.02281297743320465,0.0019920107442885637,0.0023206567857414484,5.722139758290723e-05,10.0,1.0,10.0
769.0,0.022808657959103584,0.022808657959103584,0.001991834957152605,0.002319139428436756,5.7117027608910576e-05,10.0,1.0,10.0
770.0,0.02280440740287304,0.02280440740287304,0.0019915138836950064,0.002318775048479438,5.7049353927141055e-05,10.0,1.0,10.0
771.0,0.02280018851161003,0.02280018851161003,0.0019914009608328342,0.0023168278858065605,5.6935146858450025e-05,10.0,1.0,10.0
772.0,0.022795941680669785,0.022795941680669785,0.001991037279367447,0.002316804137080908,5.687652082997374e-05,10.0,1.0,10.0
773.0,0.02279173769056797,0.02279173769056797,0.001990952529013157,0.0023146390449255705,5.6757442507660016e-05,10.0,1.0,10.0
774.0,0.02278752624988556,0.02278752624988556,0.001990573713555932,0.0023147561587393284,5.6703429436311126e-05,10.0,1.0,10.0
775.0,0.02278330735862255,0.02278330735862255,0.0019904926884919405,0.0023125449661165476,5.658366353600286e-05,10.0,1.0,10.0
776.0,0.022779155522584915,0.022779155522584915,0.001990117132663727,0.002312673721462488,5.653117113979533e-05,10.0,1.0,10.0
777.0,0.022775011137127876,0.022775011137127876,0.001990037504583597,0.0023105123545974493,5.64123984077014e-05,10.0,1.0,10.0
778.0,0.022770844399929047,0.022770844399929047,0.0019896659068763256,0.0023105773143470287,5.636061541736126e-05,10.0,1.0,10.0
779.0,0.022766705602407455,0.022766705602407455,0.001989575568586588,0.002308516064658761,5.6243523431476206e-05,10.0,1.0,10.0
780.0,0.022762589156627655,0.022762589156627655,0.001989218173548579,0.0023084902204573154,5.619164221570827e-05,10.0,1.0,10.0
781.0,0.022758489474654198,0.022758489474654198,0.0019891185220330954,0.002306539798155427,5.6076452892739326e-05,10.0,1.0,10.0
782.0,0.022754454985260963,0.022754454985260963,0.001988777657970786,0.002306427340954542,5.602503370027989e-05,10.0,1.0,10.0
783.0,0.02275031991302967,0.02275031991302967,0.0019886624068021774,0.002304584952071309,5.5911074014147744e-05,10.0,1.0,10.0
784.0,0.022746341302990913,0.022746341302990913,0.001988332951441407,0.0023044035769999027,5.5860924476291984e-05,10.0,1.0,10.0
785.0,0.02274227887392044,0.02274227887392044,0.0019882209599018097,0.0023026112467050552,5.574588431045413e-05,10.0,1.0,10.0
786.0,0.02273823507130146,0.02273823507130146,0.0019878793973475695,0.0023024389520287514,5.57004168513231e-05,10.0,1.0,10.0
787.0,0.022734245285391808,0.022734245285391808,0.001987784169614315,0.002300604246556759,5.5580108892172575e-05,10.0,1.0,10.0
788.0,0.022730229422450066,0.022730229422450066,0.001987423747777939,0.0023005472030490637,5.554451490752399e-05,10.0,1.0,10.0
789.0,0.022726263850927353,0.022726263850927353,0.00198735692538321,0.002298561157658696,5.541337304748595e-05,10.0,1.0,10.0
790.0,0.022722283378243446,0.022722283378243446,0.0019869604147970676,0.002298743464052677,5.5393851653207093e-05,10.0,1.0,10.0
791.0,0.022718360647559166,0.022718360647559166,0.00198694528080523,0.0022964607924222946,5.524466178030707e-05,10.0,1.0,10.0
792.0,0.022714396938681602,0.022714396938681602,0.0019864856731146574,0.002297044964507222,5.5249471188290045e-05,10.0,1.0,10.0
793.0,0.022710490971803665,0.022710490971803665,0.0019865508656948805,0.0022942686919122934,5.50713884877041e-05,10.0,1.0,10.0
794.0,0.022706588730216026,0.022706588730216026,0.0019859918393194675,0.002295512706041336,5.511585186468437e-05,10.0,1.0,10.0
795.0,0.02270270325243473,0.02270270325243473,0.0019861909095197916,0.002291907789185643,5.488865645020269e-05,10.0,1.0,10.0
796.0,0.022698819637298584,0.022698819637298584,0.0019854579586535692,0.0022942523937672377,5.49989563296549e-05,10.0,1.0,10.0
797.0,0.02269495464861393,0.02269495464861393,0.0019858814775943756,0.0022892418783158064,5.4689844546373934e-05,10.0,1.0,10.0
798.0,0.022691139951348305,0.022691139951348305,0.0019848612137138844,0.0022934325970709324,5.490963303600438e-05,10.0,1.0,10.0
799.0,0.022687340155243874,0.022687340155243874,0.001985667273402214,0.0022860481403768063,5.446188151836395e-05,10.0,1.0,10.0
800.0,0.022683557122945786,0.022683557122945786,0.0019841522444039583,0.0022933611180633307,5.486742884386331e-05,10.0,1.0,10.0
801.0,0.02267981506884098,0.02267981506884098,0.001985606737434864,0.0022819184232503176,5.418289583758451e-05,10.0,1.0,10.0
802.0,0.022676149383187294,0.022676149383187294,0.001983241643756628,0.0022946130484342575,5.4911852203076705e-05,10.0,1.0,10.0
803.0,0.02267259731888771,0.02267259731888771,0.001985834678635001,0.0022760871797800064,5.3816351282875985e-05,10.0,1.0,10.0
804.0,0.02266925573348999,0.02266925573348999,0.001981972949579358,0.00229828548617661,5.5124019127106294e-05,10.0,1.0,10.0
805.0,0.02266623266041279,0.02266623266041279,0.0019866032525897026,0.002267141593620181,5.330590647645295e-05,10.0,1.0,10.0
806.0,0.02266380563378334,0.02266380563378334,0.0019800530280917883,0.0023064655251801014,5.5680895457044244e-05,10.0,1.0,10.0
807.0,0.022662518545985222,0.022662518545985222,0.001988418400287628,0.002252456732094288,5.25877985637635e-05,10.0,1.0,10.0
808.0,0.022663220763206482,0.022663220763206482,0.0019769789651036263,0.0023233345709741116,5.700960900867358e-05,10.0,1.0,10.0
809.0,0.02266768179833889,0.02266768179833889,0.001992350211367011,0.002227161778137088,5.170187068870291e-05,10.0,1.0,10.0
810.0,0.02267931029200554,0.02267931029200554,0.001971922814846039,0.0023575101513415575,6.02572072239127e-05,10.0,1.0,10.0
811.0,0.022704478353261948,0.022704478353261948,0.002000862965360284,0.002182613592594862,5.132353908265941e-05,10.0,1.0,10.0
812.0,0.02275550365447998,0.02275550365447998,0.00196395767852664,0.002427598461508751,6.88328145770356e-05,10.0,1.0,10.0
813.0,0.02285582944750786,0.02285582944750786,0.0020199890714138746,0.002105550840497017,5.5038795835571364e-05,10.0,1.0,10.0
814.0,0.02304925210773945,0.02304925210773945,0.001953842118382454,0.0025752861984074116,9.355445945402607e-05,10.0,1.0,10.0
815.0,0.023414049297571182,0.023414049297571182,0.0020652462262660265,0.0019851254764944315,7.76462402427569e-05,10.0,1.0,10.0
816.0,0.0240744948387146,0.0240744948387146,0.0019517350010573864,0.0028890827670693398,0.0001668061304371804,10.0,1.0,10.0
817.0,0.025190060958266258,0.025190060958266258,0.002170151099562645,0.0018499383004382253,0.0001638612011447549,10.0,1.0,10.0
818.0,0.026829583570361137,0.026829583570361137,0.00198846822604537,0.0034737526439130306,0.00034711475018411875,10.0,1.0,10.0
819.0,0.02870756760239601,0.02870756760239601,0.002342761727049947,0.0017995837843045592,0.00034803675953298807,10.0,1.0,10.0
820.0,0.029828103259205818,0.029828103259205818,0.0020474339835345745,0.004007379990071058,0.0005346382386051118,10.0,1.0,10.0
821.0,0.029020408168435097,0.029020408168435097,0.0023604671005159616,0.001770586590282619,0.0003645152028184384,10.0,1.0,10.0
822.0,0.026324022561311722,0.026324022561311722,0.001983232796192169,0.0034287013113498688,0.00030629930552095175,10.0,1.0,10.0
823.0,0.02386550046503544,0.02386550046503544,0.0020994802471250296,0.001935287844389677,9.354088979307562e-05,10.0,1.0,10.0
824.0,0.023821929469704628,0.023821929469704628,0.0020420586224645376,0.0024628392420709133,9.385030716657639e-05,10.0,1.0,10.0
825.0,0.026229137554764748,0.026229137554764748,0.0020893514156341553,0.0029138829559087753,0.00024217405007220805,10.0,1.0,10.0
826.0,0.02932605892419815,0.02932605892419815,0.0023472518660128117,0.0026138732209801674,0.0003239669604226947,10.0,1.0,10.0
827.0,0.03170458972454071,0.03170458972454071,0.0023492679465562105,0.003496297402307391,0.0004715613031294197,10.0,1.0,10.0
828.0,0.03403429687023163,0.03403429687023163,0.0025605568662285805,0.0037273401394486427,0.0004701385914813727,10.0,1.0,10.0
829.0,0.039018627256155014,0.039018627256155014,0.002922423416748643,0.0034205149859189987,0.0006373879732564092,10.0,1.0,10.0
830.0,0.047958098351955414,0.047958098351955414,0.0031179713550955057,0.006329679861664772,0.001044870470650494,10.0,1.0,10.0
831.0,0.057473741471767426,0.057473741471767426,0.0039647347293794155,0.0043853772804141045,0.001344101270660758,10.0,1.0,10.0
832.0,0.060036610811948776,0.060036610811948776,0.0036589112132787704,0.008023723028600216,0.001542377402074635,10.0,1.0,10.0
833.0,0.05018078163266182,0.05018078163266182,0.0035636373795568943,0.004076823126524687,0.0010467584943398833,10.0,1.0,10.0
834.0,0.034691620618104935,0.034691620618104935,0.002567104296758771,0.0041083707474172115,0.0004912206786684692,10.0,1.0,10.0
835.0,0.025460584089159966,0.025460584089159966,0.0020364969968795776,0.0029234059620648623,0.00021722068777307868,10.0,1.0,10.0
836.0,0.026680966839194298,0.026680966839194298,0.002262452617287636,0.0018313979962840676,0.00022250440088100731,10.0,1.0,10.0
837.0,0.03337198495864868,0.03337198495864868,0.002428945153951645,0.0043197255581617355,0.00047628069296479225,10.0,1.0,10.0
838.0,0.03769281506538391,0.03769281506538391,0.00281685683876276,0.003464355133473873,0.0006059893639758229,10.0,1.0,10.0
839.0,0.03444039821624756,0.03444039821624756,0.0025793989188969135,0.003732852404937148,0.0004913558950647712,10.0,1.0,10.0
840.0,0.026467788964509964,0.026467788964509964,0.0021092561073601246,0.0029113560449332,0.00024638738250359893,10.0,1.0,10.0
841.0,0.023016391322016716,0.023016391322016716,0.002029001247137785,0.0020665267948061228,6.598510663025081e-05,10.0,1.0,10.0
842.0,0.02751249261200428,0.02751249261200428,0.002215439220890403,0.0030388226732611656,0.00023192782828118652,10.0,1.0,10.0
843.0,0.03191407024860382,0.03191407024860382,0.0024375813081860542,0.003238614182919264,0.0004299642750993371,10.0,1.0,10.0
844.0,0.02902975119650364,0.02902975119650364,0.0023027563001960516,0.0031144788954406977,0.00028877085424028337,10.0,1.0,10.0
845.0,0.02361806109547615,0.02361806109547615,0.002043419284746051,0.00225460366345942,9.29264206206426e-05,10.0,1.0,10.0
846.0,0.023376986384391785,0.023376986384391785,0.0019796411506831646,0.0025201670359820127,0.00010604066483210772,10.0,1.0,10.0
847.0,0.026743492111563683,0.026743492111563683,0.0021932669915258884,0.002720427932217717,0.00020903939730487764,10.0,1.0,10.0
848.0,0.027543827891349792,0.027543827891349792,0.0022475612349808216,0.002657134784385562,0.0002411082823527977,10.0,1.0,10.0
849.0,0.025099661201238632,0.025099661201238632,0.0020560771226882935,0.002933456329628825,0.0001605433353688568,10.0,1.0,10.0
850.0,0.02329336665570736,0.02329336665570736,0.0020541411358863115,0.0019687556196004152,7.832000846974552e-05,10.0,1.0,10.0
851.0,0.02379154972732067,0.02379154972732067,0.0020016212947666645,0.0025541495997458696,0.00012211875582579523,10.0,1.0,10.0
852.0,0.025036325678229332,0.025036325678229332,0.002081038895994425,0.002750441199168563,0.00014754959556739777,10.0,1.0,10.0
853.0,0.02518101967871189,0.02518101967871189,0.002167966216802597,0.0021014332305639982,0.00013999252405483276,10.0,1.0,10.0
854.0,0.023942260071635246,0.023942260071635246,0.0019680815748870373,0.002869107061997056,0.00013923365622758865,10.0,1.0,10.0
855.0,0.022839119657874107,0.022839119657874107,0.002015382517129183,0.0020828109700232744,6.024843969498761e-05,10.0,1.0,10.0
856.0,0.023319875821471214,0.023319875821471214,0.0020347335375845432,0.0021882192231714725,7.843227649573237e-05,10.0,1.0,10.0
857.0,0.024401262402534485,0.024401262402534485,0.0020046953577548265,0.0028962395153939724,0.00014580690185539424,10.0,1.0,10.0
858.0,0.024104183539748192,0.024104183539748192,0.002110622124746442,0.0019653814379125834,0.00010325812763767317,10.0,1.0,10.0
859.0,0.02284582518041134,0.02284582518041134,0.0019552805460989475,0.002513672923669219,7.793478289386258e-05,10.0,1.0,10.0
860.0,0.02261803299188614,0.02261803299188614,0.001961441244930029,0.0023818498011678457,6.217686313902959e-05,10.0,1.0,10.0
861.0,0.023475274443626404,0.023475274443626404,0.00206727534532547,0.0020010725129395723,8.014474587980658e-05,10.0,1.0,10.0
862.0,0.023740623146295547,0.023740623146295547,0.0019779663998633623,0.0027630634140223265,0.0001197896635858342,10.0,1.0,10.0
863.0,0.02304476872086525,0.02304476872086525,0.002026451053097844,0.0021131541579961777,6.671046139672399e-05,10.0,1.0,10.0
864.0,0.022579967975616455,0.022579967975616455,0.0019852383993566036,0.0022015722934156656,5.260106627247296e-05,10.0,1.0,10.0
865.0,0.022842448204755783,0.022842448204755783,0.0019506370881572366,0.002524669747799635,8.114067168207839e-05,10.0,1.0,10.0
866.0,0.023164713755249977,0.023164713755249977,0.0020419517531991005,0.002046810230240226,6.983856292208657e-05,10.0,1.0,10.0
867.0,0.023067336529493332,0.023067336529493332,0.001982754562050104,0.0024626157246530056,7.771766104269773e-05,10.0,1.0,10.0
868.0,0.02276069112122059,0.02276069112122059,0.0019797030836343765,0.002286901930347085,6.767592276446521e-05,10.0,1.0,10.0
869.0,0.022599171847105026,0.022599171847105026,0.0019960738718509674,0.002118565607815981,5.1986859034514055e-05,10.0,1.0,10.0
870.0,0.02269703708589077,0.02269703708589077,0.0019602368120104074,0.0024153280537575483,6.793424108764157e-05,10.0,1.0,10.0
871.0,0.022879093885421753,0.022879093885421753,0.002002628520131111,0.002190549625083804,6.622594082728028e-05,10.0,1.0,10.0
872.0,0.02285194583237171,0.02285194583237171,0.001992124831303954,0.002287920331582427,6.427768676076084e-05,10.0,1.0,10.0
873.0,0.022608499974012375,0.022608499974012375,0.001968435477465391,0.0022922013886272907,6.319430394796655e-05,10.0,1.0,10.0
874.0,0.022486131638288498,0.022486131638288498,0.001979029504582286,0.0021838846150785685,5.1195151172578335e-05,10.0,1.0,10.0
875.0,0.02263403870165348,0.02263403870165348,0.001977815991267562,0.0022779053542762995,5.779740968137048e-05,10.0,1.0,10.0
876.0,0.02276618592441082,0.02276618592441082,0.0019844421185553074,0.0022534430027008057,6.683223909931257e-05,10.0,1.0,10.0
877.0,0.022655608132481575,0.022655608132481575,0.001981415320187807,0.0022636165376752615,5.7783996453508735e-05,10.0,1.0,10.0
878.0,0.022485777735710144,0.022485777735710144,0.001975470222532749,0.0022040430922061205,5.270316614769399e-05,10.0,1.0,10.0
879.0,0.02249009534716606,0.02249009534716606,0.0019663949497044086,0.002262658439576626,5.6348726502619684e-05,10.0,1.0,10.0
880.0,0.022594941779971123,0.022594941779971123,0.001981022534891963,0.0022343022283166647,5.5041382438503206e-05,10.0,1.0,10.0
881.0,0.022614389657974243,0.022614389657974243,0.001981469802558422,0.002212391933426261,5.872995825484395e-05,10.0,1.0,10.0
882.0,0.022539235651493073,0.022539235651493073,0.00196571322157979,0.002307737246155739,5.743662404711358e-05,10.0,1.0,10.0
883.0,0.022477084770798683,0.022477084770798683,0.0019824490882456303,0.002154437592253089,4.9815618694992736e-05,10.0,1.0,10.0
884.0,0.022476354613900185,0.022476354613900185,0.0019642740953713655,0.002268871758133173,5.64742113056127e-05,10.0,1.0,10.0
885.0,0.022509276866912842,0.022509276866912842,0.001971180783584714,0.002258222084492445,5.3924690291751176e-05,10.0,1.0,10.0
886.0,0.02252941206097603,0.02252941206097603,0.0019845906645059586,0.0021580809261649847,5.254249845165759e-05,10.0,1.0,10.0
887.0,0.02250552549958229,0.02250552549958229,0.0019590037409216166,0.002328841481357813,5.866477295057848e-05,10.0,1.0,10.0
888.0,0.022455057129263878,0.022455057129263878,0.0019797019194811583,0.0021632611751556396,4.947757406625897e-05,10.0,1.0,10.0
889.0,0.02243543602526188,0.02243543602526188,0.0019682880956679583,0.002229484962299466,5.230694659985602e-05,10.0,1.0,10.0
890.0,0.022464539855718613,0.022464539855718613,0.001962630543857813,0.002288531046360731,5.497042729984969e-05,10.0,1.0,10.0
891.0,0.022489257156848907,0.022489257156848907,0.0019840148743242025,0.0021447930485010147,5.043141572969034e-05,10.0,1.0,10.0
892.0,0.02246684581041336,0.02246684581041336,0.0019598931539803743,0.002305793110281229,5.621222226181999e-05,10.0,1.0,10.0
893.0,0.022427428513765335,0.022427428513765335,0.0019722888246178627,0.0021994831040501595,5.050560139352456e-05,10.0,1.0,10.0
894.0,0.02241929993033409,0.02241929993033409,0.001971817808225751,0.0022011338733136654,4.999883458367549e-05,10.0,1.0,10.0
895.0,0.022437958046793938,0.022437958046793938,0.001960008405148983,0.0022894719149917364,5.484011853695847e-05,10.0,1.0,10.0
896.0,0.022446850314736366,0.022446850314736366,0.0019779165741056204,0.002167152240872383,5.005318598705344e-05,10.0,1.0,10.0
897.0,0.02243417128920555,0.02243417128920555,0.0019636056385934353,0.0022676102817058563,5.305044396664016e-05,10.0,1.0,10.0
898.0,0.02241658791899681,0.02241658791899681,0.001967035001143813,0.0022264018189162016,5.198354119784199e-05,10.0,1.0,10.0
899.0,0.022408027201890945,0.022408027201890945,0.001971054822206497,0.0022011108230799437,4.9636928451946005e-05,10.0,1.0,10.0
900.0,0.02240905351936817,0.02240905351936817,0.0019614379853010178,0.002265297807753086,5.293776484904811e-05,10.0,1.0,10.0
901.0,0.022413894534111023,0.022413894534111023,0.001970565179362893,0.002201121300458908,5.071216219221242e-05,10.0,1.0,10.0
902.0,0.02241438254714012,0.02241438254714012,0.001965857343748212,0.002242717193439603,5.130924182594754e-05,10.0,1.0,10.0
903.0,0.0224054753780365,0.0224054753780365,0.0019650948233902454,0.0022327210754156113,5.218061414780095e-05,10.0,1.0,10.0
904.0,0.02239290252327919,0.02239290252327919,0.001967198448255658,0.002220120280981064,5.007975414628163e-05,10.0,1.0,10.0
905.0,0.022388191893696785,0.022388191893696785,0.001964158145710826,0.0022372035309672356,5.094050720799714e-05,10.0,1.0,10.0
906.0,0.022392531856894493,0.022392531856894493,0.001965389819815755,0.0022261706180870533,5.12463811901398e-05,10.0,1.0,10.0
907.0,0.02239523082971573,0.02239523082971573,0.001965680392459035,0.002233989769592881,5.044371937401593e-05,10.0,1.0,10.0
908.0,0.022389499470591545,0.022389499470591545,0.0019652575720101595,0.002225204138085246,5.1172159146517515e-05,10.0,1.0,10.0
909.0,0.02238033525645733,0.02238033525645733,0.0019632610492408276,0.002240669447928667,5.070554470876232e-05,10.0,1.0,10.0
910.0,0.022375352680683136,0.022375352680683136,0.001965932548046112,0.0022184893023222685,4.975385672878474e-05,10.0,1.0,10.0
911.0,0.02237512916326523,0.02237512916326523,0.0019626154098659754,0.002237738110125065,5.112360304337926e-05,10.0,1.0,10.0
912.0,0.02237529493868351,0.02237529493868351,0.0019639802630990744,0.002234219340607524,5.012726614950225e-05,10.0,1.0,10.0
913.0,0.02237323671579361,0.02237323671579361,0.001965505303815007,0.002216832945123315,5.013516783947125e-05,10.0,1.0,10.0
914.0,0.022369252517819405,0.022369252517819405,0.001960610970854759,0.002252307254821062,5.1083672587992623e-05,10.0,1.0,10.0
915.0,0.02236446551978588,0.02236446551978588,0.0019659961108118296,0.002211393788456917,4.9311092880088836e-05,10.0,1.0,10.0
916.0,0.02236037887632847,0.02236037887632847,0.0019613862968981266,0.002240217989310622,5.062982381787151e-05,10.0,1.0,10.0
917.0,0.022358408197760582,0.022358408197760582,0.001962275942787528,0.0022352261003106833,5.004219201509841e-05,10.0,1.0,10.0
918.0,0.022357912734150887,0.022357912734150887,0.001964906696230173,0.0022142017260193825,4.946457556798123e-05,10.0,1.0,10.0
919.0,0.022356437519192696,0.022356437519192696,0.001959484536200762,0.0022526539396494627,5.0894057494588196e-05,10.0,1.0,10.0
920.0,0.022352755069732666,0.022352755069732666,0.001964809140190482,0.00221238867379725,4.9227419367525727e-05,10.0,1.0,10.0
921.0,0.022348325699567795,0.022348325699567795,0.0019608400762081146,0.0022388219367712736,5.01103131682612e-05,10.0,1.0,10.0
922.0,0.022345231845974922,0.022345231845974922,0.0019611946772783995,0.002233747858554125,4.9953796406043693e-05,10.0,1.0,10.0
923.0,0.022343672811985016,0.022343672811985016,0.001963369781151414,0.002218069275841117,4.919067214359529e-05,10.0,1.0,10.0
924.0,0.02234218455851078,0.02234218455851078,0.001959332963451743,0.002245455514639616,5.033978959545493e-05,10.0,1.0,10.0
925.0,0.022339913994073868,0.022339913994073868,0.0019629274029284716,0.0022178334183990955,4.928083217237145e-05,10.0,1.0,10.0
926.0,0.02233707159757614,0.02233707159757614,0.0019604400731623173,0.0022358230780810118,4.968496068613604e-05,10.0,1.0,10.0
927.0,0.02233400195837021,0.02233400195837021,0.0019605993293225765,0.0022303247824311256,4.976848140358925e-05,10.0,1.0,10.0
928.0,0.022331196814775467,0.022331196814775467,0.0019615059718489647,0.002224542200565338,4.915951649309136e-05,10.0,1.0,10.0
929.0,0.022328734397888184,0.022328734397888184,0.0019596428610384464,0.0022352091036736965,4.970977897755802e-05,10.0,1.0,10.0
930.0,0.022326763719320297,0.022326763719320297,0.0019608899019658566,0.0022246125154197216,4.932512456434779e-05,10.0,1.0,10.0
931.0,0.022324861958622932,0.022324861958622932,0.0019600281957536936,0.0022315324749797583,4.930477007292211e-05,10.0,1.0,10.0
932.0,0.02232261188328266,0.02232261188328266,0.001959981396794319,0.0022277412936091423,4.9505633796798065e-05,10.0,1.0,10.0
933.0,0.02231978252530098,0.02231978252530098,0.001959820045158267,0.0022297799587249756,4.9180111091118306e-05,10.0,1.0,10.0
934.0,0.022317025810480118,0.022317025810480118,0.001959845656529069,0.0022265068255364895,4.920621358905919e-05,10.0,1.0,10.0
935.0,0.02231457456946373,0.02231457456946373,0.001959077315405011,0.0022305964957922697,4.932059164275415e-05,10.0,1.0,10.0
936.0,0.022312503308057785,0.022312503308057785,0.0019596524070948362,0.002226343145594001,4.89635240228381e-05,10.0,1.0,10.0
937.0,0.022310376167297363,0.022310376167297363,0.001959058688953519,0.0022274618968367577,4.9232614401262254e-05,10.0,1.0,10.0
938.0,0.022308185696601868,0.022308185696601868,0.001958639593794942,0.0022308549378067255,4.909360359306447e-05,10.0,1.0,10.0
939.0,0.022305825725197792,0.022305825725197792,0.0019595196936279535,0.0022219137754291296,4.887152317678556e-05,10.0,1.0,10.0
940.0,0.022303419187664986,0.022303419187664986,0.0019577504135668278,0.0022334991954267025,4.924171298625879e-05,10.0,1.0,10.0
941.0,0.022300951182842255,0.022300951182842255,0.001959173008799553,0.002221980830654502,4.8724083171691746e-05,10.0,1.0,10.0
942.0,0.02229861170053482,0.02229861170053482,0.001957949250936508,0.002228820463642478,4.9029928050003946e-05,10.0,1.0,10.0
943.0,0.0222963597625494,0.0222963597625494,0.0019579140935093164,0.0022281187120825052,4.891013668384403e-05,10.0,1.0,10.0
944.0,0.02229425124824047,0.02229425124824047,0.0019585606642067432,0.002221866277977824,4.867794632446021e-05,10.0,1.0,10.0
945.0,0.022292064502835274,0.022292064502835274,0.001956958556547761,0.00223208824172616,4.90392412757501e-05,10.0,1.0,10.0
946.0,0.02228984795510769,0.02228984795510769,0.0019583648536354303,0.0022204979322850704,4.857013846049085e-05,10.0,1.0,10.0
947.0,0.02228749729692936,0.02228749729692936,0.001956988824531436,0.0022292297799140215,4.883777000941336e-05,10.0,1.0,10.0
948.0,0.02228517271578312,0.02228517271578312,0.0019573760218918324,0.0022244981955736876,4.869154508924112e-05,10.0,1.0,10.0
949.0,0.02228294126689434,0.02228294126689434,0.0019573394674807787,0.0022240206599235535,4.855262523051351e-05,10.0,1.0,10.0
950.0,0.0222807377576828,0.0222807377576828,0.0019565734546631575,0.002227592281997204,4.874094884144142e-05,10.0,1.0,10.0
951.0,0.02227853611111641,0.02227853611111641,0.001957173924893141,0.0022221370600163937,4.8465873987879604e-05,10.0,1.0,10.0
952.0,0.022276392206549644,0.022276392206549644,0.001956366701051593,0.0022268083412200212,4.8591562517685816e-05,10.0,1.0,10.0
953.0,0.022274227812886238,0.022274227812886238,0.001956584630534053,0.0022232290357351303,4.851519042858854e-05,10.0,1.0,10.0
954.0,0.022272061556577682,0.022272061556577682,0.001956295920535922,0.0022248453460633755,4.8425517888972536e-05,10.0,1.0,10.0
955.0,0.022269845008850098,0.022269845008850098,0.0019561329390853643,0.002223718212917447,4.847962554777041e-05,10.0,1.0,10.0
956.0,0.022267600521445274,0.022267600521445274,0.0019559389911592007,0.002224364085122943,4.838456879951991e-05,10.0,1.0,10.0
957.0,0.022265415638685226,0.022265415638685226,0.0019559201318770647,0.002222859999164939,4.833548155147582e-05,10.0,1.0,10.0
958.0,0.02226324938237667,0.02226324938237667,0.0019555070903152227,0.00222431356087327,4.8386427806690335e-05,10.0,1.0,10.0
959.0,0.022261107340455055,0.022261107340455055,0.0019555967301130295,0.0022227484732866287,4.8239096940960735e-05,10.0,1.0,10.0
960.0,0.022258996963500977,0.022258996963500977,0.0019553201273083687,0.0022228353191167116,4.8295914893969893e-05,10.0,1.0,10.0
961.0,0.02225692756474018,0.02225692756474018,0.0019550437573343515,0.002224027644842863,4.82462091895286e-05,10.0,1.0,10.0
962.0,0.02225474640727043,0.02225474640727043,0.001955262618139386,0.002220707479864359,4.8141326260520145e-05,10.0,1.0,10.0
963.0,0.022252624854445457,0.022252624854445457,0.0019545292016118765,0.002224808558821678,4.825246287509799e-05,10.0,1.0,10.0
964.0,0.022250480949878693,0.022250480949878693,0.0019549885764718056,0.0022200969979166985,4.8049940232886e-05,10.0,1.0,10.0
965.0,0.022248346358537674,0.022248346358537674,0.0019543187227100134,0.0022235566284507513,4.816012005903758e-05,10.0,1.0,10.0
966.0,0.022246215492486954,0.022246215492486954,0.0019544363021850586,0.0022213307674974203,4.805221033166163e-05,10.0,1.0,10.0
967.0,0.022244103252887726,0.022244103252887726,0.0019542728550732136,0.0022212339099496603,4.801405520993285e-05,10.0,1.0,10.0
968.0,0.02224203757941723,0.02224203757941723,0.001953886589035392,0.002222582697868347,4.805882053915411e-05,10.0,1.0,10.0
969.0,0.022239945828914642,0.022239945828914642,0.0019540952052921057,0.0022198206279426813,4.791721949004568e-05,10.0,1.0,10.0
970.0,0.022237880155444145,0.022237880155444145,0.001953551545739174,0.002222418086603284,4.7994559281505644e-05,10.0,1.0,10.0
971.0,0.022235792130231857,0.022235792130231857,0.00195370614528656,0.002219822257757187,4.789089871337637e-05,10.0,1.0,10.0
972.0,0.022233720868825912,0.022233720868825912,0.001953353639692068,0.002221303293481469,4.788795922650024e-05,10.0,1.0,10.0
973.0,0.022231679409742355,0.022231679409742355,0.0019532835576683283,0.002220145659521222,4.7869882109807804e-05,10.0,1.0,10.0
974.0,0.022229554131627083,0.022229554131627083,0.0019530984573066235,0.002220476046204567,4.780928429681808e-05,10.0,1.0,10.0
975.0,0.022227531298995018,0.022227531298995018,0.0019529648125171661,0.0022198520600795746,4.780315430252813e-05,10.0,1.0,10.0
976.0,0.022225482389330864,0.022225482389330864,0.001952751656062901,0.002220247872173786,4.7771773097338155e-05,10.0,1.0,10.0
977.0,0.022223418578505516,0.022223418578505516,0.0019527034601196647,0.0022192364558577538,4.771490057464689e-05,10.0,1.0,10.0
978.0,0.0222213976085186,0.0222213976085186,0.001952414633706212,0.0022199389059096575,4.77312714792788e-05,10.0,1.0,10.0
979.0,0.022219356149435043,0.022219356149435043,0.001952377031557262,0.002219055313616991,4.765317862620577e-05,10.0,1.0,10.0
980.0,0.022217344492673874,0.022217344492673874,0.0019521708600223064,0.002219074871391058,4.765597986988723e-05,10.0,1.0,10.0
981.0,0.02221532166004181,0.02221532166004181,0.0019519724883139133,0.0022193575277924538,4.7624154831282794e-05,10.0,1.0,10.0
982.0,0.02221331000328064,0.02221331000328064,0.0019519650377333164,0.002218011999502778,4.7564972192049026e-05,10.0,1.0,10.0
983.0,0.02221130207180977,0.02221130207180977,0.0019515882013365626,0.0022194969933480024,4.759240982821211e-05,10.0,1.0,10.0
984.0,0.022209323942661285,0.022209323942661285,0.0019516957690939307,0.0022174043115228415,4.749610889120959e-05,10.0,1.0,10.0
985.0,0.022207308560609818,0.022207308560609818,0.0019512971630319953,0.002219034591689706,4.753020766656846e-05,10.0,1.0,10.0
986.0,0.022205336019396782,0.022205336019396782,0.0019513401202857494,0.002217363566160202,4.7457007894990966e-05,10.0,1.0,10.0
987.0,0.02220328524708748,0.02220328524708748,0.0019510567653924227,0.002218211069703102,4.745071055367589e-05,10.0,1.0,10.0
988.0,0.02220134437084198,0.02220134437084198,0.0019509688718244433,0.0022174327168613672,4.7422294301213697e-05,10.0,1.0,10.0
989.0,0.0221993550658226,0.0221993550658226,0.0019508000696077943,0.0022175353951752186,4.738197094411589e-05,10.0,1.0,10.0
990.0,0.02219739742577076,0.02219739742577076,0.0019506507087498903,0.0022171956952661276,4.73694053653162e-05,10.0,1.0,10.0
991.0,0.02219543792307377,0.02219543792307377,0.0019504902884364128,0.0022171996533870697,4.733353853225708e-05,10.0,1.0,10.0
992.0,0.022193461656570435,0.022193461656570435,0.0019503735238686204,0.00221670581959188,4.730214277515188e-05,10.0,1.0,10.0
993.0,0.022191554307937622,0.022191554307937622,0.0019501660717651248,0.00221697217784822,4.729224383481778e-05,10.0,1.0,10.0
994.0,0.022189613431692123,0.022189613431692123,0.0019500920316204429,0.002216289984062314,4.724026075564325e-05,10.0,1.0,10.0
995.0,0.022187642753124237,0.022187642753124237,0.001949870027601719,0.0022165519185364246,4.7239140258170664e-05,10.0,1.0,10.0
996.0,0.022185640409588814,0.022185640409588814,0.001949755591340363,0.0022161337547004223,4.7195018851198256e-05,10.0,1.0,10.0
997.0,0.022183731198310852,0.022183731198310852,0.0019496085587888956,0.002215913962572813,4.7173256461974233e-05,10.0,1.0,10.0
998.0,0.022181818261742592,0.022181818261742592,0.0019494150765240192,0.0022160939406603575,4.715751128969714e-05,10.0,1.0,10.0
999.0,0.022179901599884033,0.022179901599884033,0.0019493515137583017,0.0022153013851493597,4.710846042144112e-05,10.0,1.0,10.0
1000.0,0.022177977487444878,0.022177977487444878,0.001949093770235777,0.0022159148938953876,4.711251676781103e-05,10.0,1.0,10.0
1001.0,0.022176086902618408,0.022176086902618408,0.0019490611739456654,0.002214913023635745,4.705643732449971e-05,10.0,1.0,10.0
1002.0,0.022174160927534103,0.022174160927534103,0.00194880785420537,0.0022155235055834055,4.70559170935303e-05,10.0,1.0,10.0
1003.0,0.022172274067997932,0.022172274067997932,0.0019487465033307672,0.002214671578258276,4.7013738367240876e-05,10.0,1.0,10.0
1004.0,0.022170379757881165,0.022170379757881165,0.0019485309021547437,0.0022151002194732428,4.69969745608978e-05,10.0,1.0,10.0
1005.0,0.022168489173054695,0.022168489173054695,0.0019484437070786953,0.0022143726237118244,4.696784890256822e-05,10.0,1.0,10.0
1006.0,0.02216661348938942,0.02216661348938942,0.0019482317147776484,0.002214830368757248,4.694660674431361e-05,10.0,1.0,10.0
1007.0,0.022164717316627502,0.022164717316627502,0.0019481703639030457,0.002213885076344013,4.6913042751839384e-05,10.0,1.0,10.0
1008.0,0.022162839770317078,0.022162839770317078,0.0019479033071547747,0.002214746782556176,4.690609057433903e-05,10.0,1.0,10.0
1009.0,0.022161006927490234,0.022161006927490234,0.0019479210022836924,0.00221327249892056,4.6852423110976815e-05,10.0,1.0,10.0
1010.0,0.02215912565588951,0.02215912565588951,0.0019475696608424187,0.0022147437557578087,4.686853208113462e-05,10.0,1.0,10.0
1011.0,0.02215726673603058,0.02215726673603058,0.0019476688466966152,0.002212636172771454,4.6794157242402434e-05,10.0,1.0,10.0
1012.0,0.0221554022282362,0.0221554022282362,0.0019472376443445683,0.002214745618402958,4.682819053414278e-05,10.0,1.0,10.0
1013.0,0.022153571248054504,0.022153571248054504,0.0019474175060167909,0.00221199169754982,4.6740417019464076e-05,10.0,1.0,10.0
1014.0,0.022151758894324303,0.022151758894324303,0.0019469060935080051,0.0022148271091282368,4.678720506490208e-05,10.0,1.0,10.0
1015.0,0.022149918600916862,0.022149918600916862,0.0019471828127279878,0.00221121939830482,4.668720794143155e-05,10.0,1.0,10.0
1016.0,0.0221481341868639,0.0221481341868639,0.0019465453224256635,0.002215154003351927,4.675256059272215e-05,10.0,1.0,10.0
1017.0,0.02214638702571392,0.02214638702571392,0.0019470008555799723,0.0022101032081991434,4.6627686970168725e-05,10.0,1.0,10.0
1018.0,0.02214464358985424,0.02214464358985424,0.001946133328601718,0.0022159679792821407,4.673409421229735e-05,10.0,1.0,10.0
1019.0,0.022142929956316948,0.022142929956316948,0.00194689747877419,0.0022083900403231382,4.6556648158002645e-05,10.0,1.0,10.0
1020.0,0.022141341120004654,0.022141341120004654,0.0019456309964880347,0.0022175940684974194,4.674367664847523e-05,10.0,1.0,10.0
1021.0,0.022139860317111015,0.022139860317111015,0.00194693508092314,0.002205758821219206,4.6475026465486735e-05,10.0,1.0,10.0
1022.0,0.022138603031635284,0.022138603031635284,0.0019450115505605936,0.0022204790730029345,4.680090569308959e-05,10.0,1.0,10.0
1023.0,0.022137703374028206,0.022137703374028206,0.001947205513715744,0.002201705239713192,4.639427788788453e-05,10.0,1.0,10.0
1024.0,0.022137442603707314,0.022137442603707314,0.0019442326156422496,0.0022255515214055777,4.6956574806245044e-05,10.0,1.0,10.0
1025.0,0.022138159722089767,0.022138159722089767,0.001947936718352139,0.0021952856332063675,4.635064397007227e-05,10.0,1.0,10.0
1026.0,0.022140610963106155,0.022140610963106155,0.0019432459957897663,0.002234670566394925,4.734813410323113e-05,10.0,1.0,10.0
1027.0,0.022146131843328476,0.022146131843328476,0.001949642552062869,0.002184928860515356,4.647763125831261e-05,10.0,1.0,10.0
1028.0,0.022156894207000732,0.022156894207000732,0.0019421597244217992,0.0022517198231071234,4.835762229049578e-05,10.0,1.0,10.0
1029.0,0.022176990285515785,0.022176990285515785,0.0019536102190613747,0.0021684071980416775,4.724798782262951e-05,10.0,1.0,10.0
1030.0,0.022213809192180634,0.022213809192180634,0.001941753551363945,0.0022851696703583,5.1110513595631346e-05,10.0,1.0,10.0
1031.0,0.022280562669038773,0.022280562669038773,0.001963352784514427,0.0021439394913613796,5.0309448852203786e-05,10.0,1.0,10.0
1032.0,0.02240154705941677,0.02240154705941677,0.0019455223809927702,0.002355168340727687,5.9115543990628794e-05,10.0,1.0,10.0
1033.0,0.022621475160121918,0.022621475160121918,0.0019891622941941023,0.00211619446054101,6.136576121207327e-05,10.0,1.0,10.0
1034.0,0.023022549226880074,0.023022549226880074,0.0019669923931360245,0.0025144782848656178,8.381483348784968e-05,10.0,1.0,10.0
1035.0,0.023755993694067,0.023755993694067,0.0020632902160286903,0.0021216683089733124,0.00010014238068833947,10.0,1.0,10.0
1036.0,0.025094950571656227,0.025094950571656227,0.002055241260677576,0.002911816816776991,0.00016307219630107284,10.0,1.0,10.0
1037.0,0.027517637237906456,0.027517637237906456,0.0022872034460306168,0.0023201650474220514,0.00023254378174897283,10.0,1.0,10.0
1038.0,0.031796835362911224,0.031796835362911224,0.0023698911536484957,0.003958728164434433,0.0004139197408221662,10.0,1.0,10.0
1039.0,0.03897758573293686,0.03897758573293686,0.002933170646429062,0.0032199653796851635,0.0006425912724807858,10.0,1.0,10.0
1040.0,0.04981116205453873,0.04981116205453873,0.003256352851167321,0.00644022598862648,0.001080740592442453,10.0,1.0,10.0
1041.0,0.06292804330587387,0.06292804330587387,0.004245007876306772,0.005398137960582972,0.0015079823788255453,10.0,1.0,10.0
1042.0,0.07191230356693268,0.07191230356693268,0.004364774562418461,0.009310579858720303,0.001895398017950356,10.0,1.0,10.0
1043.0,0.06663855910301208,0.06663855910301208,0.004443450830876827,0.005728720221668482,0.0016475330339744687,10.0,1.0,10.0
1044.0,0.04555497318506241,0.04555497318506241,0.0030418233945965767,0.005904638674110174,0.0009232098236680031,10.0,1.0,10.0
1045.0,0.025480329990386963,0.025480329990386963,0.0021681725047528744,0.002166971331462264,0.00016316314577125013,10.0,1.0,10.0
1046.0,0.024207670241594315,0.024207670241594315,0.002083395142108202,0.0021768705919384956,0.00011968503531534225,10.0,1.0,10.0
1047.0,0.03745526820421219,0.03745526820421219,0.002650017151609063,0.004781567025929689,0.0006173527799546719,10.0,1.0,10.0
1048.0,0.0451095774769783,0.0451095774769783,0.0032617237884551287,0.0037261745892465115,0.0008766168029978871,10.0,1.0,10.0
1049.0,0.03650679066777229,0.03650679066777229,0.0025935776066035032,0.004695945419371128,0.0005875069182366133,10.0,1.0,10.0
1050.0,0.023987794294953346,0.023987794294953346,0.00207658507861197,0.0020892906468361616,0.00011326543608447537,10.0,1.0,10.0
1051.0,0.024048469960689545,0.024048469960689545,0.0020682476460933685,0.002185626421123743,0.00011803681263700128,10.0,1.0,10.0
1052.0,0.032804980874061584,0.032804980874061584,0.0024159345775842667,0.004133368842303753,0.00045122651499696076,10.0,1.0,10.0
1053.0,0.034525126218795776,0.034525126218795776,0.0026778026949614286,0.0028425813652575016,0.0004904517554678023,10.0,1.0,10.0
1054.0,0.026711411774158478,0.026711411774158478,0.0021120673045516014,0.0032637366093695164,0.00023270015663001686,10.0,1.0,10.0
1055.0,0.02213851548731327,0.02213851548731327,0.0019424303900450468,0.0022159870713949203,4.982245809515007e-05,10.0,1.0,10.0
1056.0,0.02643433026969433,0.02643433026969433,0.0022130697034299374,0.0023119335528463125,0.00019916979363188148,10.0,1.0,10.0
1057.0,0.030206240713596344,0.030206240713596344,0.002284035086631775,0.00376312667503953,0.0003602763172239065,10.0,1.0,10.0
1058.0,0.026673950254917145,0.026673950254917145,0.002237838227301836,0.002239816589280963,0.00020557519746944308,10.0,1.0,10.0
1059.0,0.022308379411697388,0.022308379411697388,0.001927778939716518,0.0024065664038062096,6.2402272305917e-05,10.0,1.0,10.0
1060.0,0.023878905922174454,0.023878905922174454,0.0020024655386805534,0.002670359332114458,0.00011838921636808664,10.0,1.0,10.0
1061.0,0.02705969847738743,0.02705969847738743,0.0022560853976756334,0.002317781327292323,0.000218106375541538,10.0,1.0,10.0
1062.0,0.02567639760673046,0.02567639760673046,0.0020672809332609177,0.003068329766392708,0.000193525935173966,10.0,1.0,10.0
1063.0,0.02248726412653923,0.02248726412653923,0.0019826721400022507,0.002079141093418002,5.8140190958511084e-05,10.0,1.0,10.0
1064.0,0.02287307381629944,0.02287307381629944,0.0019937227480113506,0.0021872941870242357,7.485499372705817e-05,10.0,1.0,10.0
1065.0,0.025113007053732872,0.025113007053732872,0.002051415154710412,0.0029150526970624924,0.0001683803420746699,10.0,1.0,10.0
1066.0,0.024665016680955887,0.024665016680955887,0.0021195742301642895,0.0021400160621851683,0.0001329258520854637,10.0,1.0,10.0
1067.0,0.02251720428466797,0.02251720428466797,0.0019331926014274359,0.0024636932648718357,7.215856749098748e-05,10.0,1.0,10.0
1068.0,0.022443737834692,0.022443737834692,0.001950110075995326,0.002321310341358185,6.21325452812016e-05,10.0,1.0,10.0
1069.0,0.023929208517074585,0.023929208517074585,0.002067661378532648,0.002165807643905282,0.00010867886885534972,10.0,1.0,10.0
1070.0,0.023876938968896866,0.023876938968896866,0.001992488047108054,0.002721065655350685,0.000123099162010476,10.0,1.0,10.0
1071.0,0.02247648499906063,0.02247648499906063,0.0019832926336675882,0.0020731736440211535,5.703852730221115e-05,10.0,1.0,10.0
1072.0,0.022242724895477295,0.022242724895477295,0.0019473041174933314,0.002217441564425826,5.522429637494497e-05,10.0,1.0,10.0
1073.0,0.023195477202534676,0.023195477202534676,0.0019737877883017063,0.0025256481021642685,9.319519449491054e-05,10.0,1.0,10.0
1074.0,0.023309076204895973,0.023309076204895973,0.0020339360926300287,0.0021084649488329887,8.612517558503896e-05,10.0,1.0,10.0
1075.0,0.022418882697820663,0.022418882697820663,0.0019332257797941566,0.0024146325886249542,6.719923112541437e-05,10.0,1.0,10.0
1076.0,0.022144272923469543,0.022144272923469543,0.001945015275850892,0.0022004744969308376,4.9364494770998135e-05,10.0,1.0,10.0
1077.0,0.02273593097925186,0.02273593097925186,0.0019881566986441612,0.0021556210704147816,6.987436063354835e-05,10.0,1.0,10.0
1078.0,0.022909097373485565,0.022909097373485565,0.0019585902336984873,0.0024848058819770813,8.38389023556374e-05,10.0,1.0,10.0
1079.0,0.02236039750277996,0.02236039750277996,0.001972818048670888,0.0020873015746474266,5.449145828606561e-05,10.0,1.0,10.0
1080.0,0.02209601178765297,0.02209601178765297,0.001933543593622744,0.0022383953910320997,5.2218099881429225e-05,10.0,1.0,10.0
1081.0,0.022445136681199074,0.022445136681199074,0.001949744881130755,0.0023189277853816748,6.2876075389795e-05,10.0,1.0,10.0
1082.0,0.022628432139754295,0.022628432139754295,0.001985216047614813,0.002120635472238064,6.556345033459365e-05,10.0,1.0,10.0
1083.0,0.022307591512799263,0.022307591512799263,0.001934874919243157,0.0023466337006539106,6.122093327576295e-05,10.0,1.0,10.0
1084.0,0.02207551896572113,0.02207551896572113,0.0019462648779153824,0.002147986786440015,4.648830145015381e-05,10.0,1.0,10.0
1085.0,0.022263335064053535,0.022263335064053535,0.0019529047422111034,0.0021760347299277782,5.582515586866066e-05,10.0,1.0,10.0
1086.0,0.022429756820201874,0.022429756820201874,0.001945965108461678,0.002335992408916354,6.341134576359764e-05,10.0,1.0,10.0
1087.0,0.022259527817368507,0.022259527817368507,0.0019621257670223713,0.0021138000302016735,5.2447041525738314e-05,10.0,1.0,10.0
1088.0,0.022069351747632027,0.022069351747632027,0.0019312243675813079,0.0022475235164165497,5.095851520309225e-05,10.0,1.0,10.0
1089.0,0.022151241078972816,0.022151241078972816,0.0019426627550274134,0.0022187293507158756,5.05884709127713e-05,10.0,1.0,10.0
1090.0,0.022288020700216293,0.022288020700216293,0.0019581750966608524,0.0021518233697861433,5.544488158193417e-05,10.0,1.0,10.0
1091.0,0.022215306758880615,0.022215306758880615,0.0019365532789379358,0.0022927108220756054,5.570630310103297e-05,10.0,1.0,10.0
1092.0,0.02207030914723873,0.02207030914723873,0.0019462070195004344,0.0021430321503430605,4.652076313504949e-05,10.0,1.0,10.0
1093.0,0.022085482254624367,0.022085482254624367,0.0019378329161554575,0.0022022558841854334,5.0489819841459394e-05,10.0,1.0,10.0
1094.0,0.022186152637004852,0.022186152637004852,0.0019404720515012741,0.002252348233014345,5.290851549943909e-05,10.0,1.0,10.0
1095.0,0.022173278033733368,0.022173278033733368,0.0019512017024680972,0.002149700652807951,5.115603926242329e-05,10.0,1.0,10.0
1096.0,0.022073067724704742,0.022073067724704742,0.0019322196021676064,0.0022476869635283947,5.031834007240832e-05,10.0,1.0,10.0
1097.0,0.022050438448786736,0.022050438448786736,0.0019401648314669728,0.002182337688282132,4.664509469876066e-05,10.0,1.0,10.0
1098.0,0.02211415022611618,0.02211415022611618,0.0019422799814492464,0.0021848324686288834,5.065175719209947e-05,10.0,1.0,10.0
1099.0,0.022132720798254013,0.022132720798254013,0.0019370581721886992,0.0022503032814711332,5.118357512401417e-05,10.0,1.0,10.0
1100.0,0.0220734141767025,0.0220734141767025,0.0019435858121141791,0.0021620537154376507,4.755016925628297e-05,10.0,1.0,10.0
1101.0,0.02203509211540222,0.02203509211540222,0.0019332094816491008,0.0022198206279426813,4.831770638702437e-05,10.0,1.0,10.0
1102.0,0.022065408527851105,0.022065408527851105,0.0019379116129130125,0.002209615195170045,4.766769416164607e-05,10.0,1.0,10.0
1103.0,0.022094666957855225,0.022094666957855225,0.0019417196745052934,0.002182310912758112,4.951598748448305e-05,10.0,1.0,10.0
1104.0,0.022068651393055916,0.022068651393055916,0.0019341525621712208,0.0022374812979251146,4.896451719105244e-05,10.0,1.0,10.0
1105.0,0.022030873224139214,0.022030873224139214,0.0019384438637644053,0.0021821281407028437,4.643071224563755e-05,10.0,1.0,10.0
1106.0,0.02203545719385147,0.02203545719385147,0.001934549887664616,0.002208334393799305,4.816236469196156e-05,10.0,1.0,10.0
1107.0,0.022060919553041458,0.022060919553041458,0.001935787731781602,0.0022227871231734753,4.8025580326793715e-05,10.0,1.0,10.0
1108.0,0.0220579132437706,0.0220579132437706,0.0019386475905776024,0.0021883840672671795,4.8305268137482926e-05,10.0,1.0,10.0
1109.0,0.022030606865882874,0.022030606865882874,0.0019326586043462157,0.002226675860583782,4.7734407417010516e-05,10.0,1.0,10.0
1110.0,0.022019898518919945,0.022019898518919945,0.001935487031005323,0.0022002465557307005,4.6478129661409184e-05,10.0,1.0,10.0
1111.0,0.022034086287021637,0.022034086287021637,0.0019347798079252243,0.0022056056186556816,4.8068173782667145e-05,10.0,1.0,10.0
1112.0,0.02204238437116146,0.02204238437116146,0.001933953957632184,0.002226428594440222,4.764166078530252e-05,10.0,1.0,10.0
1113.0,0.022028978914022446,0.022028978914022446,0.0019357195124030113,0.0021980179008096457,4.737664494314231e-05,10.0,1.0,10.0
1114.0,0.02201368287205696,0.02201368287205696,0.001932143815793097,0.0022208215668797493,4.714252281701192e-05,10.0,1.0,10.0
1115.0,0.022015709429979324,0.022015709429979324,0.0019336447585374117,0.0022133318707346916,4.6592987928306684e-05,10.0,1.0,10.0
1116.0,0.022025002166628838,0.022025002166628838,0.0019340524449944496,0.0022078449837863445,4.766322672367096e-05,10.0,1.0,10.0
1117.0,0.022023020312190056,0.022023020312190056,0.0019325984176248312,0.002226317534223199,4.707185871666297e-05,10.0,1.0,10.0
1118.0,0.02201131172478199,0.02201131172478199,0.001933569903485477,0.002207400044426322,4.682126746047288e-05,10.0,1.0,10.0
1119.0,0.022005438804626465,0.022005438804626465,0.0019319255370646715,0.002218002686277032,4.6818211558274925e-05,10.0,1.0,10.0
1120.0,0.022009681910276413,0.022009681910276413,0.0019323683809489012,0.0022204206325113773,4.655782686313614e-05,10.0,1.0,10.0
1121.0,0.02201305329799652,0.02201305329799652,0.0019329567439854145,0.002211146755144,4.723407619167119e-05,10.0,1.0,10.0
1122.0,0.022008022293448448,0.022008022293448448,0.0019316396210342646,0.002225021831691265,4.6660585212521255e-05,10.0,1.0,10.0
1123.0,0.0220005065202713,0.0220005065202713,0.001931967562995851,0.002214943990111351,4.658861507778056e-05,10.0,1.0,10.0
1124.0,0.021998843178153038,0.021998843178153038,0.0019314764067530632,0.0022176196798682213,4.6646098780911416e-05,10.0,1.0,10.0
1125.0,0.022001715376973152,0.022001715376973152,0.0019312555668875575,0.0022243650164455175,4.64795230072923e-05,10.0,1.0,10.0
1126.0,0.022001683712005615,0.022001683712005615,0.0019317849073559046,0.002214963547885418,4.6887234930181876e-05,10.0,1.0,10.0
1127.0,0.02199692465364933,0.02199692465364933,0.0019308914197608829,0.002224174328148365,4.638377868104726e-05,10.0,1.0,10.0
1128.0,0.021992521360516548,0.021992521360516548,0.0019308010814711452,0.0022202222608029842,4.6428907808149233e-05,10.0,1.0,10.0
1129.0,0.021992074325680733,0.021992074325680733,0.0019309506751596928,0.0022182026877999306,4.643674401449971e-05,10.0,1.0,10.0
1130.0,0.02199322171509266,0.02199322171509266,0.0019303776789456606,0.0022262458223849535,4.631989577319473e-05,10.0,1.0,10.0
1131.0,0.021991854533553123,0.021991854533553123,0.0019307947950437665,0.0022180776577442884,4.6582867071265355e-05,10.0,1.0,10.0
1132.0,0.021988172084093094,0.021988172084093094,0.0019302577711641788,0.002223796211183071,4.617981903720647e-05,10.0,1.0,10.0
1133.0,0.021985407918691635,0.021985407918691635,0.001929872902110219,0.0022235484793782234,4.631311821867712e-05,10.0,1.0,10.0
1134.0,0.021984990686178207,0.021984990686178207,0.001930315513163805,0.0022191712632775307,4.626659210771322e-05,10.0,1.0,10.0
1135.0,0.021984968334436417,0.021984968334436417,0.0019295671954751015,0.0022272386122494936,4.6205655962694436e-05,10.0,1.0,10.0
1136.0,0.021983299404382706,0.021983299404382706,0.0019299059640616179,0.0022204178385436535,4.6382170694414526e-05,10.0,1.0,10.0
1137.0,0.021980544552206993,0.021980544552206993,0.0019296046812087297,0.002223951742053032,4.605468348017894e-05,10.0,1.0,10.0
1138.0,0.021978477016091347,0.021978477016091347,0.0019290780182927847,0.0022255373187363148,4.6216013288358226e-05,10.0,1.0,10.0
1139.0,0.021977799013257027,0.021977799013257027,0.001929656253196299,0.00222020223736763,4.610342512023635e-05,10.0,1.0,10.0
1140.0,0.021977216005325317,0.021977216005325317,0.0019288520561531186,0.002227828837931156,4.608677409123629e-05,10.0,1.0,10.0
1141.0,0.021975643932819366,0.021975643932819366,0.0019291829084977508,0.0022219319362193346,4.618817911250517e-05,10.0,1.0,10.0
1142.0,0.021973418071866035,0.021973418071866035,0.0019289578776806593,0.0022245170548558235,4.593231278704479e-05,10.0,1.0,10.0
1143.0,0.021971656009554863,0.021971656009554863,0.0019283992005512118,0.002226681914180517,4.6098317397991195e-05,10.0,1.0,10.0
1144.0,0.021970748901367188,0.021970748901367188,0.0019289797637611628,0.002221437403932214,4.595148129737936e-05,10.0,1.0,10.0
1145.0,0.021969834342598915,0.021969834342598915,0.0019281443674117327,0.0022285000886768103,4.598909799824469e-05,10.0,1.0,10.0
1146.0,0.02196836657822132,0.02196836657822132,0.0019284938462078571,0.0022231177426874638,4.6031105739530176e-05,10.0,1.0,10.0
1147.0,0.02196654863655567,0.02196654863655567,0.0019282554276287556,0.0022255016956478357,4.584937050822191e-05,10.0,1.0,10.0
1148.0,0.02196497656404972,0.02196497656404972,0.001927770208567381,0.002227296121418476,4.599782914738171e-05,10.0,1.0,10.0
1149.0,0.021963825449347496,0.021963825449347496,0.0019282863941043615,0.002222622511908412,4.5833941840101033e-05,10.0,1.0,10.0
1150.0,0.021962791681289673,0.021962791681289673,0.0019274679943919182,0.0022289955522865057,4.591152537614107e-05,10.0,1.0,10.0
1151.0,0.02196144312620163,0.02196144312620163,0.0019278652034699917,0.00222385092638433,4.5893819333286956e-05,10.0,1.0,10.0
1152.0,0.02195987105369568,0.02195987105369568,0.0019275437807664275,0.0022266178857535124,4.578162406687625e-05,10.0,1.0,10.0
1153.0,0.0219583623111248,0.0219583623111248,0.001927195000462234,0.0022275219671428204,4.588910815073177e-05,10.0,1.0,10.0
1154.0,0.021957118064165115,0.021957118064165115,0.0019275913946330547,0.002223923336714506,4.572801117319614e-05,10.0,1.0,10.0
1155.0,0.02195597253739834,0.02195597253739834,0.001926833763718605,0.002229403704404831,4.582304245559499e-05,10.0,1.0,10.0
1156.0,0.021954700350761414,0.021954700350761414,0.0019272686913609505,0.002224479801952839,4.575336060952395e-05,10.0,1.0,10.0
1157.0,0.02195323444902897,0.02195323444902897,0.0019268400501459837,0.0022277897223830223,4.570431701722555e-05,10.0,1.0,10.0
1158.0,0.021951811388134956,0.021951811388134956,0.0019266693852841854,0.0022275124210864305,4.576038190862164e-05,10.0,1.0,10.0
1159.0,0.021950528025627136,0.021950528025627136,0.0019268972100690007,0.002225299132987857,4.562562389764935e-05,10.0,1.0,10.0
1160.0,0.02194935269653797,0.02194935269653797,0.0019262467976659536,0.0022296421229839325,4.5724162191618234e-05,10.0,1.0,10.0
1161.0,0.021948089823126793,0.021948089823126793,0.0019266684539616108,0.00222514639608562,4.5626053179148585e-05,10.0,1.0,10.0
1162.0,0.021946756169199944,0.021946756169199944,0.001926148310303688,0.002228901954367757,4.5637021685251966e-05,10.0,1.0,10.0
1163.0,0.02194538526237011,0.02194538526237011,0.0019261508714407682,0.0022274416405707598,4.564331902656704e-05,10.0,1.0,10.0
1164.0,0.021944059059023857,0.021944059059023857,0.0019261713605374098,0.002226789714768529,4.555537452688441e-05,10.0,1.0,10.0
1165.0,0.021942781284451485,0.021942781284451485,0.0019256750820204616,0.0022296938113868237,4.56337038485799e-05,10.0,1.0,10.0
1166.0,0.021941572427749634,0.021941572427749634,0.0019260271219536662,0.002226023469120264,4.5527907786890864e-05,10.0,1.0,10.0
1167.0,0.021940290927886963,0.021940290927886963,0.0019254728686064482,0.002229817910119891,4.557448119157925e-05,10.0,1.0,10.0
1168.0,0.021938959136605263,0.021938959136605263,0.0019256231607869267,0.0022274204529821873,4.553072358248755e-05,10.0,1.0,10.0
1169.0,0.021937672048807144,0.021937672048807144,0.0019254483049735427,0.0022282556165009737,4.5493281504604965e-05,10.0,1.0,10.0
1170.0,0.02193639427423477,0.02193639427423477,0.001925160875543952,0.0022294921800494194,4.552943573798984e-05,10.0,1.0,10.0
1171.0,0.021935181692242622,0.021935181692242622,0.0019253677455708385,0.002227089134976268,4.544172406895086e-05,10.0,1.0,10.0
1172.0,0.02193392813205719,0.02193392813205719,0.0019248630851507187,0.0022303257137537003,4.549713776214048e-05,10.0,1.0,10.0
1173.0,0.021932655945420265,0.021932655945420265,0.0019250770565122366,0.002227609744295478,4.5427510485751554e-05,10.0,1.0,10.0
1174.0,0.021931380033493042,0.021931380033493042,0.0019247523741796613,0.0022295089438557625,4.543480463325977e-05,10.0,1.0,10.0
1175.0,0.021930087357759476,0.021930087357759476,0.001924657728523016,0.002229231409728527,4.542765600490384e-05,10.0,1.0,10.0
1176.0,0.021928880363702774,0.021928880363702774,0.0019246801966801286,0.0022283163852989674,4.53761822427623e-05,10.0,1.0,10.0
1177.0,0.021927637979388237,0.021927637979388237,0.0019243040587753057,0.0022304493468254805,4.5414875785354525e-05,10.0,1.0,10.0
1178.0,0.02192639745771885,0.02192639745771885,0.0019244867144152522,0.0022280975244939327,4.5343349484028295e-05,10.0,1.0,10.0
1179.0,0.021925127133727074,0.021925127133727074,0.0019240983529016376,0.0022304023150354624,4.537414133665152e-05,10.0,1.0,10.0
1180.0,0.02192385122179985,0.02192385122179985,0.0019241475965827703,0.0022290567867457867,4.533169703790918e-05,10.0,1.0,10.0
1181.0,0.02192264050245285,0.02192264050245285,0.0019239907851442695,0.0022295413073152304,4.531915328698233e-05,10.0,1.0,10.0
1182.0,0.021921372041106224,0.021921372041106224,0.001923785312101245,0.0022302924189716578,4.5322711230255663e-05,10.0,1.0,10.0
1183.0,0.02192017436027527,0.02192017436027527,0.0019238503882661462,0.002228938741609454,4.5273187424754724e-05,10.0,1.0,10.0
1184.0,0.021918954327702522,0.021918954327702522,0.0019235117360949516,0.0022308449260890484,4.5299104385776445e-05,10.0,1.0,10.0
1185.0,0.021917706355452538,0.021917706355452538,0.0019236032385379076,0.0022292216308414936,4.524528048932552e-05,10.0,1.0,10.0
1186.0,0.021916482597589493,0.021916482597589493,0.0019233371131122112,0.002230535028502345,4.525759140960872e-05,10.0,1.0,10.0
1187.0,0.021915264427661896,0.021915264427661896,0.00192328542470932,0.0022301136050373316,4.522959716268815e-05,10.0,1.0,10.0
1188.0,0.021914035081863403,0.021914035081863403,0.0019232005579397082,0.002229927806183696,4.521026858128607e-05,10.0,1.0,10.0
1189.0,0.021912831813097,0.021912831813097,0.001922979368828237,0.002230902900919318,4.521338269114494e-05,10.0,1.0,10.0
1190.0,0.021911613643169403,0.021911613643169403,0.001923018484376371,0.0022297147661447525,4.5171462261350825e-05,10.0,1.0,10.0
1191.0,0.02191038802266121,0.02191038802266121,0.001922741299495101,0.00223111012019217,4.51864289061632e-05,10.0,1.0,10.0
1192.0,0.021909166127443314,0.021909166127443314,0.0019227612065151334,0.0022301028948277235,4.5145145122660324e-05,10.0,1.0,10.0
1193.0,0.02190793864428997,0.02190793864428997,0.0019225607393309474,0.0022308325860649347,4.5149885409045964e-05,10.0,1.0,10.0
1194.0,0.02190675586462021,0.02190675586462021,0.0019224723801016808,0.0022307713516056538,4.512613668339327e-05,10.0,1.0,10.0
1195.0,0.02190556563436985,0.02190556563436985,0.0019223971758037806,0.0022304921876639128,4.511034057941288e-05,10.0,1.0,10.0
1196.0,0.021904343739151955,0.021904343739151955,0.0019222010159865022,0.0022312714718282223,4.5106251491233706e-05,10.0,1.0,10.0
1197.0,0.021903146058321,0.021903146058321,0.001922193798236549,0.002230455633252859,4.507523772190325e-05,10.0,1.0,10.0
1198.0,0.02190195769071579,0.02190195769071579,0.0019219783134758472,0.0022313797380775213,4.507955600274727e-05,10.0,1.0,10.0
1199.0,0.021900739520788193,0.021900739520788193,0.001921949558891356,0.0022307736799120903,4.5047036110190675e-05,10.0,1.0,10.0
1200.0,0.021899554878473282,0.021899554878473282,0.0019217859953641891,0.0022312202490866184,4.504754542722367e-05,10.0,1.0,10.0
1201.0,0.02189839817583561,0.02189839817583561,0.0019216915825381875,0.002231233986094594,4.502479714574292e-05,10.0,1.0,10.0
1202.0,0.021897200495004654,0.021897200495004654,0.0019215996144339442,0.002231063088402152,4.5014225179329515e-05,10.0,1.0,10.0
1203.0,0.021896028891205788,0.021896028891205788,0.001921442337334156,0.0022315692622214556,4.5003605919191614e-05,10.0,1.0,10.0
1204.0,0.02189485728740692,0.02189485728740692,0.0019213927444070578,0.0022310984786599874,4.498301132116467e-05,10.0,1.0,10.0
1205.0,0.021893691271543503,0.021893691271543503,0.0019212233601137996,0.002231666585430503,4.4979075028095394e-05,10.0,1.0,10.0
1206.0,0.021892480552196503,0.021892480552196503,0.0019211580511182547,0.0022313424851745367,4.495574103202671e-05,10.0,1.0,10.0
1207.0,0.021891305223107338,0.021891305223107338,0.0019210195168852806,0.002231602557003498,4.495073153520934e-05,10.0,1.0,10.0
1208.0,0.02189013920724392,0.02189013920724392,0.0019209173042327166,0.0022316542454063892,4.4931326556252316e-05,10.0,1.0,10.0
1209.0,0.02188894897699356,0.02188894897699356,0.0019208191661164165,0.002231552265584469,4.492074003792368e-05,10.0,1.0,10.0
1210.0,0.02188779227435589,0.02188779227435589,0.0019206837750971317,0.002231885213404894,4.490709397941828e-05,10.0,1.0,10.0
1211.0,0.021886631846427917,0.021886631846427917,0.0019206097349524498,0.0022316179238259792,4.4891647121403366e-05,10.0,1.0,10.0
1212.0,0.021885467693209648,0.021885467693209648,0.0019204660784453154,0.0022319857962429523,4.488208287511952e-05,10.0,1.0,10.0
1213.0,0.021884294226765633,0.021884294226765633,0.0019203845877200365,0.0022318027913570404,4.4864606024930254e-05,10.0,1.0,10.0
1214.0,0.021883144974708557,0.021883144974708557,0.001920257811434567,0.002232004189863801,4.4856260501546785e-05,10.0,1.0,10.0
1215.0,0.021882008761167526,0.021882008761167526,0.0019201601389795542,0.002232019789516926,4.4838772737421095e-05,10.0,1.0,10.0
1216.0,0.021880825981497765,0.021880825981497765,0.0019200511742383242,0.002232019091024995,4.482949952944182e-05,10.0,1.0,10.0
1217.0,0.021879691630601883,0.021879691630601883,0.0019199344096705317,0.0022322044242173433,4.481433279579505e-05,10.0,1.0,10.0
1218.0,0.021878555417060852,0.021878555417060852,0.0019198423251509666,0.002232098253443837,4.480333882384002e-05,10.0,1.0,10.0
1219.0,0.02187737450003624,0.02187737450003624,0.0019197154324501753,0.0022323206067085266,4.4789838284486905e-05,10.0,1.0,10.0
1220.0,0.02187626250088215,0.02187626250088215,0.001919626141898334,0.002232231665402651,4.477705806493759e-05,10.0,1.0,10.0
1221.0,0.02187507040798664,0.02187507040798664,0.0019195028580725193,0.0022323867306113243,4.4765420170733705e-05,10.0,1.0,10.0
1222.0,0.0218739565461874,0.0218739565461874,0.0019194042542949319,0.0022324007004499435,4.475133755477145e-05,10.0,1.0,10.0
1223.0,0.02187282219529152,0.02187282219529152,0.0019192969193682075,0.0022324456367641687,4.474078377825208e-05,10.0,1.0,10.0
1224.0,0.021871689707040787,0.021871689707040787,0.0019191870233044028,0.002232558559626341,4.472603541216813e-05,10.0,1.0,10.0
1225.0,0.02187056466937065,0.02187056466937065,0.001919086673296988,0.0022325345780700445,4.471625652513467e-05,10.0,1.0,10.0
1226.0,0.021869424730539322,0.021869424730539322,0.0019189737504348159,0.002232675440609455,4.470120620680973e-05,10.0,1.0,10.0
1227.0,0.02186829224228859,0.02186829224228859,0.0019188723526895046,0.0022326528560370207,4.469148188945837e-05,10.0,1.0,10.0
1228.0,0.021867139264941216,0.021867139264941216,0.001918761059641838,0.0022327618207782507,4.4676722609438e-05,10.0,1.0,10.0
1229.0,0.021866021677851677,0.021866021677851677,0.0019186546560376883,0.0022328009363263845,4.466734390007332e-05,10.0,1.0,10.0
1230.0,0.021864892914891243,0.021864892914891243,0.0019185529090464115,0.0022328388877213,4.465263191377744e-05,10.0,1.0,10.0
1231.0,0.0218637827783823,0.0218637827783823,0.0019184404518455267,0.0022329476196318865,4.464287849259563e-05,10.0,1.0,10.0
1232.0,0.021862667053937912,0.021862667053937912,0.0019183448748663068,0.0022329259663820267,4.462914512259886e-05,10.0,1.0,10.0
1233.0,0.021861551329493523,0.021861551329493523,0.001918229041621089,0.002233074279502034,4.461846765480004e-05,10.0,1.0,10.0
1234.0,0.02186041884124279,0.02186041884124279,0.001918132184073329,0.0022330372594296932,4.460596392164007e-05,10.0,1.0,10.0
1235.0,0.02185932733118534,0.02185932733118534,0.0019180206581950188,0.0022331797517836094,4.4594173232326284e-05,10.0,1.0,10.0
1236.0,0.02185818925499916,0.02185818925499916,0.0019179187947884202,0.002233172068372369,4.458292096387595e-05,10.0,1.0,10.0
1237.0,0.021857084706425667,0.021857084706425667,0.0019178118091076612,0.0022332677617669106,4.456996248336509e-05,10.0,1.0,10.0
1238.0,0.02185601368546486,0.02185601368546486,0.001917709014378488,0.002233318518847227,4.456041278899647e-05,10.0,1.0,10.0
1239.0,0.021854864433407784,0.021854864433407784,0.0019176062196493149,0.0022333450615406036,4.45456535089761e-05,10.0,1.0,10.0
1240.0,0.02185375615954399,0.02185375615954399,0.001917489804327488,0.002233476610854268,4.453807923709974e-05,10.0,1.0,10.0
1241.0,0.02185267023742199,0.02185267023742199,0.0019174019107595086,0.0022334307432174683,4.452203575056046e-05,10.0,1.0,10.0
1242.0,0.021851573139429092,0.021851573139429092,0.001917281886562705,0.0022336060646921396,4.4514828914543614e-05,10.0,1.0,10.0
1243.0,0.021850448101758957,0.021850448101758957,0.00191719108261168,0.0022335457615554333,4.44990728283301e-05,10.0,1.0,10.0
1244.0,0.02184935472905636,0.02184935472905636,0.0019170718733221292,0.0022337210830301046,4.449145853868686e-05,10.0,1.0,10.0
1245.0,0.02184825949370861,0.02184825949370861,0.0019169821171090007,0.0022336721885949373,4.447658284334466e-05,10.0,1.0,10.0
1246.0,0.0218471921980381,0.0218471921980381,0.0019168674480170012,0.0022338316775858402,4.446863385965116e-05,10.0,1.0,10.0
1247.0,0.021846124902367592,0.021846124902367592,0.0019167768768966198,0.0022338093258440495,4.445456215762533e-05,10.0,1.0,10.0
1248.0,0.021845027804374695,0.021845027804374695,0.0019166639540344477,0.002233932726085186,4.444565638550557e-05,10.0,1.0,10.0
1249.0,0.021843932569026947,0.021843932569026947,0.0019165663979947567,0.0022339459974318743,4.44320758106187e-05,10.0,1.0,10.0
1250.0,0.021842826157808304,0.021842826157808304,0.0019164563855156302,0.002234035637229681,4.442261706572026e-05,10.0,1.0,10.0
1251.0,0.0218417476862669,0.0218417476862669,0.001916357665322721,0.002234075916931033,4.440953489392996e-05,10.0,1.0,10.0
1252.0,0.021840663626790047,0.021840663626790047,0.0019162505632266402,0.00223415344953537,4.440034899744205e-05,10.0,1.0,10.0
1253.0,0.02183958888053894,0.02183958888053894,0.0019161517266184092,0.0022342007141560316,4.438725227373652e-05,10.0,1.0,10.0
1254.0,0.02183852158486843,0.02183852158486843,0.0019160449737682939,0.0022342847660183907,4.437878669705242e-05,10.0,1.0,10.0
1255.0,0.02183745615184307,0.02183745615184307,0.0019159485818818212,0.002234317595139146,4.436513700056821e-05,10.0,1.0,10.0
1256.0,0.021836381405591965,0.021836381405591965,0.0019158393843099475,0.0022344153840094805,4.435726077645086e-05,10.0,1.0,10.0
1257.0,0.021835315972566605,0.021835315972566605,0.001915745553560555,0.0022344314493238926,4.4342792534735054e-05,10.0,1.0,10.0
1258.0,0.0218342375010252,0.0218342375010252,0.0019156322814524174,0.0022345567122101784,4.433596768649295e-05,10.0,1.0,10.0
1259.0,0.021833138540387154,0.021833138540387154,0.0019155393820255995,0.0022345413453876972,4.4320273445919156e-05,10.0,1.0,10.0
1260.0,0.021832097321748734,0.021832097321748734,0.0019154251785948873,0.0022346978075802326,4.4314670958556235e-05,10.0,1.0,10.0
1261.0,0.02183099091053009,0.02183099091053009,0.0019153348403051496,0.0022346586920320988,4.4298310967860743e-05,10.0,1.0,10.0
1262.0,0.021829990670084953,0.021829990670084953,0.001915222266688943,0.00223483401350677,4.4293428800301626e-05,10.0,1.0,10.0
1263.0,0.02182886376976967,0.02182886376976967,0.0019151321612298489,0.002234778134152293,4.427633757586591e-05,10.0,1.0,10.0
1264.0,0.02182786352932453,0.02182786352932453,0.0019150160951539874,0.0022349783685058355,4.4272539525991306e-05,10.0,1.0,10.0
1265.0,0.02182677388191223,0.02182677388191223,0.0019149325089529157,0.002234900603070855,4.425486258696765e-05,10.0,1.0,10.0
1266.0,0.021825751289725304,0.021825751289725304,0.0019148117862641811,0.002235117368400097,4.425137012731284e-05,10.0,1.0,10.0
1267.0,0.021824665367603302,0.021824665367603302,0.001914730528369546,0.002235025865957141,4.4233449443709105e-05,10.0,1.0,10.0
1268.0,0.02182362973690033,0.02182362973690033,0.0019146074773743749,0.002235251711681485,4.4230113417143e-05,10.0,1.0,10.0
1269.0,0.021822577342391014,0.021822577342391014,0.001914530759677291,0.002235149033367634,4.4211996282683685e-05,10.0,1.0,10.0
1270.0,0.02182154729962349,0.02182154729962349,0.0019144047982990742,0.0022353995591402054,4.4209995394339785e-05,10.0,1.0,10.0
1271.0,0.021820491179823875,0.021820491179823875,0.001914332271553576,0.0022352654486894608,4.419027754920535e-05,10.0,1.0,10.0
1272.0,0.021819457411766052,0.021819457411766052,0.0019141989760100842,0.0022355590481311083,4.4190619519213215e-05,10.0,1.0,10.0
1273.0,0.02181839570403099,0.02181839570403099,0.001914134481921792,0.00223537371493876,4.416785668581724e-05,10.0,1.0,10.0
1274.0,0.021817350760102272,0.021817350760102272,0.0019139904761686921,0.0022357283160090446,4.417171294335276e-05,10.0,1.0,10.0
1275.0,0.0218163151293993,0.0218163151293993,0.001913938787765801,0.002235476626083255,4.414504655869678e-05,10.0,1.0,10.0
1276.0,0.021815279498696327,0.021815279498696327,0.0019137829076498747,0.002235912252217531,4.415385046740994e-05,10.0,1.0,10.0
1277.0,0.021814245730638504,0.021814245730638504,0.0019137487979605794,0.0022355508990585804,4.412067573866807e-05,10.0,1.0,10.0
1278.0,0.021813225001096725,0.021813225001096725,0.0019135730108246207,0.002236120169982314,4.413734859554097e-05,10.0,1.0,10.0
1279.0,0.021812187507748604,0.021812187507748604,0.0019135632319375873,0.002235604217275977,4.409519169712439e-05,10.0,1.0,10.0
1280.0,0.021811164915561676,0.021811164915561676,0.0019133554305881262,0.0022363769821822643,4.4123295083409175e-05,10.0,1.0,10.0
1281.0,0.02181011438369751,0.02181011438369751,0.0019133836030960083,0.002235604915767908,4.40673393313773e-05,10.0,1.0,10.0
1282.0,0.021809101104736328,0.021809101104736328,0.0019131265580654144,0.002236704807728529,4.4113025069236755e-05,10.0,1.0,10.0
1283.0,0.021808084100484848,0.021808084100484848,0.0019132227171212435,0.0022355124820023775,4.4034506572643295e-05,10.0,1.0,10.0
1284.0,0.021807031705975533,0.021807031705975533,0.0019128783605992794,0.002237156732007861,4.4109172449680045e-05,10.0,1.0,10.0
1285.0,0.02180604450404644,0.02180604450404644,0.0019130839500576258,0.0022352654486894608,4.399392491905019e-05,10.0,1.0,10.0
1286.0,0.021805018186569214,0.021805018186569214,0.0019126037368550897,0.0022378182038664818,4.411636837176047e-05,10.0,1.0,10.0
1287.0,0.021804016083478928,0.021804016083478928,0.0019129866268485785,0.002234752057120204,4.3939737224718556e-05,10.0,1.0,10.0
1288.0,0.021802980452775955,0.021802980452775955,0.001912274514324963,0.0022388119250535965,4.4142307160655037e-05,10.0,1.0,10.0
1289.0,0.021802008152008057,0.021802008152008057,0.0019129569409415126,0.002233803039416671,4.386366708786227e-05,10.0,1.0,10.0
1290.0,0.02180102840065956,0.02180102840065956,0.0019118607742711902,0.0022404077462852,4.4201362470630556e-05,10.0,1.0,10.0
1291.0,0.02180008962750435,0.02180008962750435,0.0019130511209368706,0.0022320784628391266,4.37500566476956e-05,10.0,1.0,10.0
1292.0,0.021799150854349136,0.021799150854349136,0.0019112882437184453,0.002243056893348694,4.432115383679047e-05,10.0,1.0,10.0
1293.0,0.021798312664031982,0.021798312664031982,0.0019133600872009993,0.002228976460173726,4.3573374568950385e-05,10.0,1.0,10.0
1294.0,0.02179757133126259,0.02179757133126259,0.001910442253574729,0.002247595926746726,4.455528687685728e-05,10.0,1.0,10.0
1295.0,0.021797088906168938,0.021797088906168938,0.0019140731310471892,0.002223408315330744,4.329499279265292e-05,10.0,1.0,10.0
1296.0,0.021796932443976402,0.021796932443976402,0.0019091119756922126,0.0022556092590093613,4.502033334574662e-05,10.0,1.0,10.0
1297.0,0.021797509863972664,0.021797509863972664,0.0019155405461788177,0.0022133877500891685,4.287149931769818e-05,10.0,1.0,10.0
1298.0,0.021799305453896523,0.021799305453896523,0.0019069333793595433,0.0022701278794556856,4.598418308887631e-05,10.0,1.0,10.0
1299.0,0.02180333621799946,0.02180333621799946,0.0019184882985427976,0.0021953133400529623,4.231392085785046e-05,10.0,1.0,10.0
1300.0,0.021811481565237045,0.021811481565237045,0.0019033042481169105,0.002297172322869301,4.812666156794876e-05,10.0,1.0,10.0
1301.0,0.02182723581790924,0.02182723581790924,0.0019244790310040116,0.0021627945825457573,4.196508234599605e-05,10.0,1.0,10.0
1302.0,0.02185722440481186,0.02185722440481186,0.0018974448321387172,0.002349180867895484,5.3359570301836357e-05,10.0,1.0,10.0
1303.0,0.021913811564445496,0.021913811564445496,0.001937210327014327,0.0021052774973213673,4.3643172830343246e-05,10.0,1.0,10.0
1304.0,0.022020168602466583,0.022020168602466583,0.0018891355721279979,0.0024533425457775593,6.754705827916041e-05,10.0,1.0,10.0
1305.0,0.022220294922590256,0.022220294922590256,0.00196612486615777,0.002008964540436864,5.5008109484333545e-05,10.0,1.0,10.0
1306.0,0.022594217211008072,0.022594217211008072,0.0018826319137588143,0.0026723211631178856,0.00010955777543131262,10.0,1.0,10.0
1307.0,0.0232863649725914,0.0232863649725914,0.0020367479883134365,0.0018717461498454213,0.00010471380664967,10.0,1.0,10.0
1308.0,0.02452772669494152,0.02452772669494152,0.0019009445095434785,0.0031482831109315157,0.00023699986923020333,10.0,1.0,10.0
1309.0,0.02663869969546795,0.02663869969546795,0.00220971810631454,0.0017631762893870473,0.000277834216831252,10.0,1.0,10.0
1310.0,0.029809478670358658,0.029809478670358658,0.002007008297368884,0.004091425333172083,0.0005647970247082412,10.0,1.0,10.0
1311.0,0.03361242264509201,0.03361242264509201,0.0025223838165402412,0.001849563093855977,0.0006539022433571517,10.0,1.0,10.0
1312.0,0.03608757629990578,0.03608757629990578,0.0021669224370270967,0.0050586555153131485,0.0009359698160551488,10.0,1.0,10.0
1313.0,0.03471261262893677,0.03471261262893677,0.002583365421742201,0.0018392420606687665,0.00070397142553702,10.0,1.0,10.0
1314.0,0.02950942888855934,0.02950942888855934,0.002034537959843874,0.004139350727200508,0.0005024700658395886,10.0,1.0,10.0
1315.0,0.025215251371264458,0.025215251371264458,0.002160608535632491,0.0019586782436817884,0.0001650487829465419,10.0,1.0,10.0
1316.0,0.026246393099427223,0.026246393099427223,0.002136214869096875,0.002796664834022522,0.00020875796326436102,10.0,1.0,10.0
1317.0,0.031411245465278625,0.031411245465278625,0.002260592533275485,0.003643303643912077,0.0005162015440873802,10.0,1.0,10.0
1318.0,0.03534316271543503,0.03534316271543503,0.0025856236461549997,0.003159605199471116,0.0006327322917059064,10.0,1.0,10.0
1319.0,0.03460860624909401,0.03460860624909401,0.002442572033032775,0.003894277848303318,0.000628860667347908,10.0,1.0,10.0
1320.0,0.0317375585436821,0.0317375585436821,0.0023969868198037148,0.003658238099887967,0.00041094524203799665,10.0,1.0,10.0
1321.0,0.03173131123185158,0.03173131123185158,0.00253002205863595,0.0024675317108631134,0.000396355870179832,10.0,1.0,10.0
1322.0,0.03405346721410751,0.03405346721410751,0.0022979741916060448,0.00479524303227663,0.0006278481450863183,10.0,1.0,10.0
1323.0,0.03341589868068695,0.03341589868068695,0.0026057218201458454,0.0020478693768382072,0.0005310812848620117,10.0,1.0,10.0
1324.0,0.028405768796801567,0.028405768796801567,0.0020802882499992847,0.0038980282843112946,0.0003704858827404678,10.0,1.0,10.0
1325.0,0.023907339200377464,0.023907339200377464,0.0020595835521817207,0.002158394316211343,0.00011531090422067791,10.0,1.0,10.0
1326.0,0.023585472255945206,0.023585472255945206,0.002027799841016531,0.002129959175363183,0.00011775138409575447,10.0,1.0,10.0
1327.0,0.024756554514169693,0.024756554514169693,0.0019079695921391249,0.003187087131664157,0.00024897707044146955,10.0,1.0,10.0
1328.0,0.024251103401184082,0.024251103401184082,0.0020944946445524693,0.0018016376998275518,0.00015045203326735646,10.0,1.0,10.0
1329.0,0.02352261357009411,0.02352261357009411,0.0019431356340646744,0.002849086420610547,0.00012421695282682776,10.0,1.0,10.0
1330.0,0.02480066381394863,0.02480066381394863,0.0020519073586910963,0.002566201612353325,0.00017153873341158032,10.0,1.0,10.0
1331.0,0.026354053989052773,0.026354053989052773,0.0021494468674063683,0.0025771302171051502,0.0002282455243403092,10.0,1.0,10.0
1332.0,0.025531232357025146,0.025531232357025146,0.0020450062584131956,0.0028202938847243786,0.00022608748986385763,10.0,1.0,10.0
1333.0,0.023340824991464615,0.023340824991464615,0.0019826823845505714,0.002504070522263646,0.00010099302016897127,10.0,1.0,10.0
1334.0,0.022505570203065872,0.022505570203065872,0.001985199050977826,0.001995307393372059,6.582738569704816e-05,10.0,1.0,10.0
1335.0,0.02295473963022232,0.02295473963022232,0.001881998497992754,0.002797461114823818,0.00013372927787713706,10.0,1.0,10.0
1336.0,0.022911768406629562,0.022911768406629562,0.001998764695599675,0.002023984445258975,9.001391299534589e-05,10.0,1.0,10.0
1337.0,0.02243526093661785,0.02243526093661785,0.0019315795507282019,0.002346288412809372,7.731769437668845e-05,10.0,1.0,10.0
1338.0,0.0227806456387043,0.0227806456387043,0.0019150841981172562,0.0026773337740451097,9.524700726615265e-05,10.0,1.0,10.0
1339.0,0.023588504642248154,0.023588504642248154,0.002061608713120222,0.0018922403687611222,0.00010801762255141512,10.0,1.0,10.0
1340.0,0.023488333448767662,0.023488333448767662,0.001908201607875526,0.002938981633633375,0.00014673355326522142,10.0,1.0,10.0
1341.0,0.022567037492990494,0.022567037492990494,0.0019885350484400988,0.002012366894632578,6.693204340990633e-05,10.0,1.0,10.0
1342.0,0.022074326872825623,0.022074326872825623,0.0019228735473006964,0.002296861493960023,5.4872936743777245e-05,10.0,1.0,10.0
1343.0,0.022237682715058327,0.022237682715058327,0.0018903829623013735,0.0024978462606668472,8.360072388313711e-05,10.0,1.0,10.0
1344.0,0.022277718409895897,0.022277718409895897,0.0019692969508469105,0.0019871690310537815,5.9758054703706875e-05,10.0,1.0,10.0
1345.0,0.02205600216984749,0.02205600216984749,0.0018894117092713714,0.0024860792327672243,6.758044037269428e-05,10.0,1.0,10.0
1346.0,0.02213415689766407,0.02213415689766407,0.0019339838763698936,0.0022097802720963955,5.845367559231818e-05,10.0,1.0,10.0
1347.0,0.02249993197619915,0.02249993197619915,0.001955219078809023,0.0022584302350878716,6.893116369610652e-05,10.0,1.0,10.0
1348.0,0.022550703957676888,0.022550703957676888,0.001926591619849205,0.002400703262537718,8.840845839586109e-05,10.0,1.0,10.0
1349.0,0.022187544032931328,0.022187544032931328,0.0019332256633788347,0.0022749416530132294,5.803462045150809e-05,10.0,1.0,10.0
1350.0,0.021921798586845398,0.021921798586845398,0.001931021804921329,0.0021386360749602318,4.7294353862525895e-05,10.0,1.0,10.0
1351.0,0.021954139694571495,0.021954139694571495,0.0018863717559725046,0.002443895675241947,6.465263868449256e-05,10.0,1.0,10.0
1352.0,0.02198115549981594,0.02198115549981594,0.0019430593820288777,0.0020711880642920732,4.793713742401451e-05,10.0,1.0,10.0
1353.0,0.021872907876968384,0.021872907876968384,0.0019002711633220315,0.002314334036782384,5.558611883316189e-05,10.0,1.0,10.0
1354.0,0.021861035376787186,0.021861035376787186,0.0019038394093513489,0.0023196572437882423,5.0298429414397106e-05,10.0,1.0,10.0
1355.0,0.022019900381565094,0.022019900381565094,0.0019485915545374155,0.0020519671961665154,4.820182948606089e-05,10.0,1.0,10.0
1356.0,0.022108182311058044,0.022108182311058044,0.0018892610678449273,0.0025026053190231323,7.129662844818085e-05,10.0,1.0,10.0
1357.0,0.02199970930814743,0.02199970930814743,0.0019458174938336015,0.0020633027888834476,4.782317046192475e-05,10.0,1.0,10.0
1358.0,0.02186778001487255,0.02186778001487255,0.001904028351418674,0.002319994615390897,5.0750255468301475e-05,10.0,1.0,10.0
1359.0,0.02185049280524254,0.02185049280524254,0.0019052712013944983,0.0022723341826349497,5.254471761872992e-05,10.0,1.0,10.0
1360.0,0.021857768297195435,0.021857768297195435,0.0019267783500254154,0.0021445732563734055,4.454117879504338e-05,10.0,1.0,10.0
1361.0,0.02179991453886032,0.02179991453886032,0.0018945579649880528,0.002326318994164467,5.2801471611019224e-05,10.0,1.0,10.0
1362.0,0.021755298599600792,0.021755298599600792,0.0019136997871100903,0.0021864043083041906,4.3189611460547894e-05,10.0,1.0,10.0
1363.0,0.021802421659231186,0.021802421659231186,0.0019136028131470084,0.002220641355961561,4.4575182982953265e-05,10.0,1.0,10.0
1364.0,0.021871402859687805,0.021871402859687805,0.0019047405803576112,0.0022824592888355255,5.415383930085227e-05,10.0,1.0,10.0
1365.0,0.021869223564863205,0.021869223564863205,0.0019185692071914673,0.002220028080046177,4.6350436605280265e-05,10.0,1.0,10.0
1366.0,0.021823788061738014,0.021823788061738014,0.0019138535717502236,0.002209617756307125,4.7563571570208296e-05,10.0,1.0,10.0
1367.0,0.02180776745080948,0.02180776745080948,0.0018984924536198378,0.0023240086156874895,4.9883292376762256e-05,10.0,1.0,10.0
1368.0,0.021812928840517998,0.021812928840517998,0.0019260235130786896,0.002124231308698654,4.2846237192861736e-05,10.0,1.0,10.0
1369.0,0.021789008751511574,0.021789008751511574,0.0018935489933937788,0.0023378722835332155,5.156455881660804e-05,10.0,1.0,10.0
1370.0,0.02174549177289009,0.02174549177289009,0.0019137290073558688,0.002184104872867465,4.240983980707824e-05,10.0,1.0,10.0
1371.0,0.021732473745942116,0.021732473745942116,0.0019082481740042567,0.002217960311099887,4.320333755458705e-05,10.0,1.0,10.0
1372.0,0.02175411581993103,0.02175411581993103,0.0018967671785503626,0.0023019625805318356,4.844806608161889e-05,10.0,1.0,10.0
1373.0,0.021769274026155472,0.021769274026155472,0.0019196313805878162,0.0021526976488530636,4.202626587357372e-05,10.0,1.0,10.0
1374.0,0.021762290969491005,0.021762290969491005,0.0018971655517816544,0.0023090620525181293,4.8157402488868684e-05,10.0,1.0,10.0
1375.0,0.021757708862423897,0.021757708862423897,0.0019112707814201713,0.0022035527508705854,4.414486829773523e-05,10.0,1.0,10.0
1376.0,0.021768175065517426,0.021768175065517426,0.001908157835714519,0.002243615221232176,4.4298220018390566e-05,10.0,1.0,10.0
1377.0,0.021773923188447952,0.021773923188447952,0.001903813099488616,0.0022570164874196053,4.787745274370536e-05,10.0,1.0,10.0
1378.0,0.021760381758213043,0.021760381758213043,0.0019086453830823302,0.002235728781670332,4.381979670142755e-05,10.0,1.0,10.0
1379.0,0.02174183912575245,0.02174183912575245,0.0019071217393502593,0.00222557270899415,4.45048681285698e-05,10.0,1.0,10.0
1380.0,0.021735575050115585,0.021735575050115585,0.0018994795391336083,0.0022821633610874414,4.58617287222296e-05,10.0,1.0,10.0
1381.0,0.021736595779657364,0.021736595779657364,0.0019123995443806052,0.0021908842027187347,4.2171588575001806e-05,10.0,1.0,10.0
1382.0,0.021731603890657425,0.021731603890657425,0.0018981046741828322,0.002285569906234741,4.649877882911824e-05,10.0,1.0,10.0
1383.0,0.02172265201807022,0.02172265201807022,0.0019069141708314419,0.0022247391752898693,4.287700357963331e-05,10.0,1.0,10.0
1384.0,0.021720822900533676,0.021720822900533676,0.0019059113692492247,0.0022291308268904686,4.325762711232528e-05,10.0,1.0,10.0
1385.0,0.021726788952946663,0.021726788952946663,0.001898616668768227,0.002282411325722933,4.582108886097558e-05,10.0,1.0,10.0
1386.0,0.021730853244662285,0.021730853244662285,0.0019110400462523103,0.0021975222043693066,4.229303158354014e-05,10.0,1.0,10.0
1387.0,0.021728727966547012,0.021728727966547012,0.001898307353258133,0.0022872856352478266,4.583696136251092e-05,10.0,1.0,10.0
1388.0,0.021726254373788834,0.021726254373788834,0.001906872377730906,0.00222275173291564,4.347795038484037e-05,10.0,1.0,10.0
1389.0,0.02172783762216568,0.02172783762216568,0.0019035390578210354,0.0022544933017343283,4.379520396469161e-05,10.0,1.0,10.0
1390.0,0.02172972448170185,0.02172972448170185,0.0019026000518351793,0.0022516013123095036,4.5212418626761064e-05,10.0,1.0,10.0
1391.0,0.021727290004491806,0.021727290004491806,0.0019046049565076828,0.0022473144344985485,4.3392556108301505e-05,10.0,1.0,10.0
1392.0,0.021722346544265747,0.021722346544265747,0.0019042155472561717,0.0022390123922377825,4.4117878132965416e-05,10.0,1.0,10.0
1393.0,0.02171940542757511,0.02171940542757511,0.001900218310765922,0.00227207038551569,4.4515101762954146e-05,10.0,1.0,10.0
1394.0,0.021718734875321388,0.021718734875321388,0.0019076052121818066,0.002216208726167679,4.264737799530849e-05,10.0,1.0,10.0
1395.0,0.021717116236686707,0.021717116236686707,0.001898120273835957,0.002283336827531457,4.5257660531206056e-05,10.0,1.0,10.0
1396.0,0.021713484078645706,0.021713484078645706,0.001906146644614637,0.002224523341283202,4.27494705945719e-05,10.0,1.0,10.0
1397.0,0.021710198372602463,0.021710198372602463,0.0019009236712008715,0.0022616081405431032,4.393537892610766e-05,10.0,1.0,10.0
1398.0,0.02170904539525509,0.02170904539525509,0.0019016956211999059,0.0022524932865053415,4.395949508761987e-05,10.0,1.0,10.0
1399.0,0.021708767861127853,0.021708767861127853,0.0019039858598262072,0.0022400703746825457,4.28838211519178e-05,10.0,1.0,10.0
1400.0,0.02170739322900772,0.02170739322900772,0.0019001566106453538,0.0022625389974564314,4.432897549122572e-05,10.0,1.0,10.0
1401.0,0.021705295890569687,0.021705295890569687,0.0019029728136956692,0.0022445362992584705,4.310304575483315e-05,10.0,1.0,10.0
1402.0,0.021704046055674553,0.021704046055674553,0.001902070827782154,0.002249765209853649,4.3357318645576015e-05,10.0,1.0,10.0
1403.0,0.02170392870903015,0.02170392870903015,0.0019004893256351352,0.0022593680769205093,4.3966832890873775e-05,10.0,1.0,10.0
1404.0,0.02170368656516075,0.02170368656516075,0.0019032572163268924,0.002242457587271929,4.286570765543729e-05,10.0,1.0,10.0
1405.0,0.02170264534652233,0.02170264534652233,0.0019005582435056567,0.002257801126688719,4.392622213345021e-05,10.0,1.0,10.0
1406.0,0.021701453253626823,0.021701453253626823,0.0019013676792383194,0.002254278166219592,4.33499735663645e-05,10.0,1.0,10.0
1407.0,0.021700890734791756,0.021700890734791756,0.0019027476664632559,0.0022424315102398396,4.309821088099852e-05,10.0,1.0,10.0
1408.0,0.021700790151953697,0.021700790151953697,0.0018990655662491918,0.0022691586054861546,4.4097603677073494e-05,10.0,1.0,10.0
1409.0,0.02170044369995594,0.02170044369995594,0.001903759897686541,0.0022351471707224846,4.276989784557372e-05,10.0,1.0,10.0
1410.0,0.0216996930539608,0.0216996930539608,0.0018990227254107594,0.002269434742629528,4.40030635218136e-05,10.0,1.0,10.0
1411.0,0.021699057891964912,0.021699057891964912,0.00190253765322268,0.0022420587483793497,4.316238482715562e-05,10.0,1.0,10.0
1412.0,0.021698955446481705,0.021698955446481705,0.0019003150518983603,0.0022613268811255693,4.3447609641589224e-05,10.0,1.0,10.0
1413.0,0.021699177101254463,0.021699177101254463,0.0019014404388144612,0.0022485533263534307,4.3621785152936354e-05,10.0,1.0,10.0
1414.0,0.021699314936995506,0.021699314936995506,0.0019003537017852068,0.0022618514485657215,4.3392719817347825e-05,10.0,1.0,10.0
1415.0,0.021699612960219383,0.021699612960219383,0.0019022496417164803,0.0022427558433264494,4.3436062696855515e-05,10.0,1.0,10.0
1416.0,0.02170044742524624,0.02170044742524624,0.001898685353808105,0.0022740450222045183,4.3954947614111006e-05,10.0,1.0,10.0
1417.0,0.02170209400355816,0.02170209400355816,0.001904132543131709,0.0022305769380182028,4.301917942939326e-05,10.0,1.0,10.0
1418.0,0.021704766899347305,0.021704766899347305,0.0018971915123984218,0.002286830684170127,4.460208583623171e-05,10.0,1.0,10.0
1419.0,0.02170851267874241,0.02170851267874241,0.0019054519943892956,0.0022233272902667522,4.306635673856363e-05,10.0,1.0,10.0
1420.0,0.021714044734835625,0.021714044734835625,0.0018970577511936426,0.002293812111020088,4.496561814448796e-05,10.0,1.0,10.0
1421.0,0.02172243595123291,0.02172243595123291,0.0019064247608184814,0.002221032977104187,4.371561226435006e-05,10.0,1.0,10.0
1422.0,0.021735019981861115,0.021735019981861115,0.0018975395942106843,0.0023030403535813093,4.565843482851051e-05,10.0,1.0,10.0
1423.0,0.021753733977675438,0.021753733977675438,0.0019091671565547585,0.002213943051174283,4.48119462816976e-05,10.0,1.0,10.0
1424.0,0.021781425923109055,0.021781425923109055,0.0018977096769958735,0.002327132038772106,4.7719910071464255e-05,10.0,1.0,10.0
1425.0,0.021822892129421234,0.021822892129421234,0.0019159128423780203,0.002196194604039192,4.6756867959629744e-05,10.0,1.0,10.0
1426.0,0.021885544061660767,0.021885544061660767,0.0018988328520208597,0.002373276511207223,5.239402889856137e-05,10.0,1.0,10.0
1427.0,0.02198074199259281,0.02198074199259281,0.0019291965290904045,0.0021731844171881676,5.1559338317019865e-05,10.0,1.0,10.0
1428.0,0.022126084193587303,0.022126084193587303,0.0019053928554058075,0.0024494577664881945,6.226963887456805e-05,10.0,1.0,10.0
1429.0,0.022349370643496513,0.022349370643496513,0.0019553457386791706,0.0021575335413217545,6.38380297459662e-05,10.0,1.0,10.0
1430.0,0.022693516686558723,0.022693516686558723,0.0019268111791461706,0.0025831928942352533,8.42211302369833e-05,10.0,1.0,10.0
1431.0,0.02322573773562908,0.02322573773562908,0.0020113876089453697,0.002170640742406249,9.412213694304228e-05,10.0,1.0,10.0
1432.0,0.0240456685423851,0.0240456685423851,0.0019848004449158907,0.00284397741779685,0.00013536859478335828,10.0,1.0,10.0
1433.0,0.025301342830061913,0.025301342830061913,0.0021363880950957537,0.0022677688393741846,0.00016696930106263608,10.0,1.0,10.0
1434.0,0.02718542143702507,0.02718542143702507,0.002128942869603634,0.003367658006027341,0.0002528333861846477,10.0,1.0,10.0
1435.0,0.029929498210549355,0.029929498210549355,0.002403676277026534,0.0025803479366004467,0.00033123863977380097,10.0,1.0,10.0
1436.0,0.03368174284696579,0.03368174284696579,0.002440333366394043,0.004339267965406179,0.0004939140053465962,10.0,1.0,10.0
1437.0,0.03833191469311714,0.03833191469311714,0.002875229576602578,0.0032583633437752724,0.0006321254768408835,10.0,1.0,10.0
1438.0,0.04304013028740883,0.04304013028740883,0.002899877494201064,0.005645995028316975,0.0008395359618589282,10.0,1.0,10.0
1439.0,0.046072665601968765,0.046072665601968765,0.0033029804471880198,0.003927856218069792,0.0009115003049373627,10.0,1.0,10.0
1440.0,0.04505994915962219,0.04505994915962219,0.002998003037646413,0.005933369975537062,0.0009146546944975853,10.0,1.0,10.0
1441.0,0.03904203325510025,0.03904203325510025,0.0029152126517146826,0.003288043662905693,0.0006601862260140479,10.0,1.0,10.0
1442.0,0.030200716108083725,0.030200716108083725,0.0022663427516818047,0.003873656503856182,0.000366363296052441,10.0,1.0,10.0
1443.0,0.02331225387752056,0.02331225387752056,0.00201856205239892,0.0021470640785992146,9.795707592274994e-05,10.0,1.0,10.0
1444.0,0.02187604270875454,0.02187604270875454,0.0019162186654284596,0.0022108126431703568,5.03042247146368e-05,10.0,1.0,10.0
1445.0,0.025296200066804886,0.025296200066804886,0.002038820879533887,0.003085642121732235,0.0001822349295252934,10.0,1.0,10.0
1446.0,0.029706120491027832,0.029706120491027832,0.0023897921200841665,0.0025305035524070263,0.00032776937587186694,10.0,1.0,10.0
1447.0,0.031110730022192,0.031110730022192,0.0023072960320860147,0.004020608961582184,0.00040171609725803137,10.0,1.0,10.0
1448.0,0.028398912400007248,0.028398912400007248,0.0023168527986854315,0.0024249367415905,0.0002805447147693485,10.0,1.0,10.0
1449.0,0.02405383065342903,0.02405383065342903,0.0019760120194405317,0.002894688630476594,0.00013990218576509506,10.0,1.0,10.0
1450.0,0.021719692274928093,0.021719692274928093,0.0019036801531910896,0.0022236742079257965,4.5921726268716156e-05,10.0,1.0,10.0
1451.0,0.022735826671123505,0.022735826671123505,0.001978430198505521,0.002160462783649564,7.910625572549179e-05,10.0,1.0,10.0
1452.0,0.02525358833372593,0.02525358833372593,0.0020285616628825665,0.0031057102605700493,0.00018622592324391007,10.0,1.0,10.0
1453.0,0.026423130184412003,0.026423130184412003,0.00220498931594193,0.002302807755768299,0.00020704304915852845,10.0,1.0,10.0
1454.0,0.025138484314084053,0.025138484314084053,0.002024231944233179,0.003082990413531661,0.00018131750402972102,10.0,1.0,10.0
1455.0,0.022821033373475075,0.022821033373475075,0.0019860940519720316,0.0021522582974284887,8.078345126705244e-05,10.0,1.0,10.0
1456.0,0.021673616021871567,0.021673616021871567,0.001894832355901599,0.002279459498822689,4.458324838196859e-05,10.0,1.0,10.0
1457.0,0.02239844761788845,0.02239844761788845,0.0019094878807663918,0.002545120194554329,7.584490958834067e-05,10.0,1.0,10.0
1458.0,0.023767171427607536,0.023767171427607536,0.0020470572635531425,0.0021680467762053013,0.00011285518121439964,10.0,1.0,10.0
1459.0,0.02416609413921833,0.02416609413921833,0.001981114037334919,0.0029036528430879116,0.000145130034070462,10.0,1.0,10.0
1460.0,0.023242905735969543,0.023242905735969543,0.0020137587562203407,0.0021568064112216234,9.485112241236493e-05,10.0,1.0,10.0
1461.0,0.022034304216504097,0.022034304216504097,0.0018981082830578089,0.00243926327675581,6.139602191979066e-05,10.0,1.0,10.0
1462.0,0.02168651856482029,0.02168651856482029,0.0018926160410046577,0.002298724837601185,4.616322985384613e-05,10.0,1.0,10.0
1463.0,0.02228291518986225,0.02228291518986225,0.001951092854142189,0.0021483092568814754,6.236767512746155e-05,10.0,1.0,10.0
1464.0,0.022960055619478226,0.022960055619478226,0.0019316254183650017,0.0026618747506290674,9.819275874178857e-05,10.0,1.0,10.0
1465.0,0.022946704179048538,0.022946704179048538,0.001995908562093973,0.0021429923363029957,8.446268475381657e-05,10.0,1.0,10.0
1466.0,0.022312168031930923,0.022312168031930923,0.0019072666764259338,0.0025133537128567696,7.261491555254906e-05,10.0,1.0,10.0
1467.0,0.021740641444921494,0.021740641444921494,0.0019088878761976957,0.002199698006734252,4.520647780736908e-05,10.0,1.0,10.0
1468.0,0.02173016592860222,0.02173016592860222,0.0019074976444244385,0.0022043122444301844,4.508767233346589e-05,10.0,1.0,10.0
1469.0,0.022131403908133507,0.022131403908133507,0.0019014610443264246,0.002462672768160701,6.541210314026102e-05,10.0,1.0,10.0
1470.0,0.022421807050704956,0.022421807050704956,0.001961261499673128,0.002140251686796546,6.689406291116029e-05,10.0,1.0,10.0
1471.0,0.022293055430054665,0.022293055430054665,0.0019064421067014337,0.0025061652995646,7.224706496344879e-05,10.0,1.0,10.0
1472.0,0.021912334486842155,0.021912334486842155,0.0019245269941166043,0.002162093995139003,5.049711762694642e-05,10.0,1.0,10.0
1473.0,0.021665558218955994,0.021665558218955994,0.0018934020772576332,0.0022779046557843685,4.5363201934378594e-05,10.0,1.0,10.0
1474.0,0.02173653244972229,0.02173653244972229,0.00189266970846802,0.0023220002185553312,4.878365507465787e-05,10.0,1.0,10.0
1475.0,0.02196788415312767,0.02196788415312767,0.0019286549650132656,0.0021561014000326395,5.2523282647598535e-05,10.0,1.0,10.0
1476.0,0.022080600261688232,0.022080600261688232,0.0018997197039425373,0.0024463075678795576,6.370967457769439e-05,10.0,1.0,10.0
1477.0,0.021966373547911644,0.021966373547911644,0.0019290822092443705,0.002152003115043044,5.235491335042752e-05,10.0,1.0,10.0
1478.0,0.021756824105978012,0.021756824105978012,0.0018919785507023335,0.0023366098757833242,5.004298873245716e-05,10.0,1.0,10.0
1479.0,0.02165054902434349,0.02165054902434349,0.0018972278339788318,0.0022399933077394962,4.382790211820975e-05,10.0,1.0,10.0
1480.0,0.02171146497130394,0.02171146497130394,0.0019064754014834762,0.0021983569022268057,4.483531665755436e-05,10.0,1.0,10.0
1481.0,0.02183564379811287,0.02183564379811287,0.0018931555096060038,0.0023698736913502216,5.3421565098688006e-05,10.0,1.0,10.0
1482.0,0.02188209444284439,0.02188209444284439,0.0019225485157221556,0.0021615009754896164,4.9510836106492206e-05,10.0,1.0,10.0
1483.0,0.02181045152246952,0.02181045152246952,0.001892454456537962,0.002362396102398634,5.2350984333315864e-05,10.0,1.0,10.0
1484.0,0.021697979420423508,0.021697979420423508,0.0019053976284340024,0.0022009951062500477,4.4300850277068093e-05,10.0,1.0,10.0
1485.0,0.02164495177567005,0.02164495177567005,0.0018953667022287846,0.0022525140084326267,4.3877174903173e-05,10.0,1.0,10.0
1486.0,0.021678967401385307,0.021678967401385307,0.0018917821580544114,0.0022985441610217094,4.6260032831924036e-05,10.0,1.0,10.0
1487.0,0.021744808182120323,0.021744808182120323,0.001910167164169252,0.0021876036189496517,4.5553311792900786e-05,10.0,1.0,10.0
1488.0,0.02177058532834053,0.02177058532834053,0.0018912123050540686,0.0023508865851908922,5.075749504612759e-05,10.0,1.0,10.0
1489.0,0.021734533831477165,0.021734533831477165,0.0019089017296209931,0.0021923405583947897,4.531765807769261e-05,10.0,1.0,10.0
1490.0,0.02167404256761074,0.02167404256761074,0.001891366671770811,0.0022998573258519173,4.605176218319684e-05,10.0,1.0,10.0
1491.0,0.021640731021761894,0.021640731021761894,0.001895588357001543,0.002249065786600113,4.357827128842473e-05,10.0,1.0,10.0
1492.0,0.021653058007359505,0.021653058007359505,0.001899092923849821,0.0022285301238298416,4.335985431680456e-05,10.0,1.0,10.0
1493.0,0.021687287837266922,0.021687287837266922,0.001890644314698875,0.002313818084076047,4.6702742110937834e-05,10.0,1.0,10.0
1494.0,0.02170625329017639,0.02170625329017639,0.0019058053148910403,0.0022036535665392876,4.4454620365286246e-05,10.0,1.0,10.0
1495.0,0.021693207323551178,0.021693207323551178,0.0018904316239058971,0.002319459803402424,4.6943187044234946e-05,10.0,1.0,10.0
1496.0,0.02166171744465828,0.02166171744465828,0.001900132279843092,0.002225381787866354,4.350107701611705e-05,10.0,1.0,10.0
1497.0,0.021638110280036926,0.021638110280036926,0.0018926687771454453,0.0022726492024958134,4.3877356802113354e-05,10.0,1.0,10.0
1498.0,0.021637173369526863,0.021637173369526863,0.0018923566676676273,0.0022743004374206066,4.3930707761319354e-05,10.0,1.0,10.0
1499.0,0.021652769297361374,0.021652769297361374,0.001898678601719439,0.002232025610283017,4.339566294220276e-05,10.0,1.0,10.0
1500.0,0.0216668751090765,0.0216668751090765,0.001889919163659215,0.002309482777491212,4.5820193918189034e-05,10.0,1.0,10.0
