probe_name,case,label,num_observation,noise_std,seed,run_name,rel_l2,reliability_raw,physics_rms,boundary_rms,structure_error,loss_std,loss_ratio,threshold_rel_l2,crosses_threshold,source_file,crosses_original_threshold,analysis_threshold_rel_l2,baseline_q90_rel_l2
burgers_boundary_keypoints_v3_10seed,burgers,safe_clean_obs128_noise000,128,0.0,41,burgers_burgers_boundary_keypoints_v3_10seed_obs128_noise000_seed41,0.029400248080492,0.9142621186509524,0.064217709004879,0.019195057451725,0.0015060305595397,0.0018112632483753,0.0018635107943867,0.0266884599812328,0,probes/burgers_boundary_keypoints_v3_10seed/probe_runs.csv,1,0.03787031248211858,0.03787031248211858
burgers_boundary_keypoints_v3_10seed,burgers,safe_clean_obs128_noise000,128,0.0,42,burgers_burgers_boundary_keypoints_v3_10seed_obs128_noise000_seed42,0.0173284672200679,0.9230001810953764,0.0627797469496727,0.0151767525821924,0.0002889037132263,0.0001631655542015,0.0010115885219787,0.0266884599812328,0,probes/burgers_boundary_keypoints_v3_10seed/probe_runs.csv,0,0.03787031248211858,0.03787031248211858
burgers_boundary_keypoints_v3_10seed,burgers,safe_clean_obs128_noise000,128,0.0,43,burgers_burgers_boundary_keypoints_v3_10seed_obs128_noise000_seed43,0.0262305960059165,0.904266386485128,0.0789592862129211,0.0222741086035966,0.0011461973190307,0.0004844019220544,0.0018442319204719,0.0266884599812328,0,probes/burgers_boundary_keypoints_v3_10seed/probe_runs.csv,0,0.03787031248211858,0.03787031248211858
burgers_boundary_keypoints_v3_10seed,burgers,safe_clean_obs128_noise000,128,0.0,44,burgers_burgers_boundary_keypoints_v3_10seed_obs128_noise000_seed44,0.0330453105270862,0.9108414689263415,0.0605900101363658,0.0197604466229677,0.0018788576126098,0.0032921279078387,0.002023726656395,0.0266884599812328,0,probes/burgers_boundary_keypoints_v3_10seed/probe_runs.csv,1,0.03787031248211858,0.03787031248211858
burgers_boundary_keypoints_v3_10seed,burgers,safe_clean_obs128_noise000,128,0.0,45,burgers_burgers_boundary_keypoints_v3_10seed_obs128_noise000_seed45,0.0188092067837715,0.9273765308176852,0.0568512976169586,0.0135850999504327,0.0009099245071411,0.0001093006059209,0.0009930186920028,0.0266884599812328,0,probes/burgers_boundary_keypoints_v3_10seed/probe_runs.csv,0,0.03787031248211858,0.03787031248211858
burgers_boundary_keypoints_v3_10seed,burgers,safe_clean_obs128_noise000,128,0.0,46,burgers_burgers_boundary_keypoints_v3_10seed_obs128_noise000_seed46,0.0253953654319047,0.9167531525627092,0.0674647614359855,0.0168330818414688,0.0016692876815795,0.0002305708479982,0.0017488038262341,0.0266884599812328,0,probes/burgers_boundary_keypoints_v3_10seed/probe_runs.csv,0,0.03787031248211858,0.03787031248211858
burgers_boundary_keypoints_v3_10seed,burgers,safe_clean_obs128_noise000,128,0.0,47,burgers_burgers_boundary_keypoints_v3_10seed_obs128_noise000_seed47,0.0209522061049938,0.9311560021209,0.0502019375562667,0.0144117791205644,0.0003978013992309,7.228054991586337e-05,0.0010321643940943,0.0266884599812328,0,probes/burgers_boundary_keypoints_v3_10seed/probe_runs.csv,0,0.03787031248211858,0.03787031248211858
burgers_boundary_keypoints_v3_10seed,burgers,safe_clean_obs128_noise000,128,0.0,48,burgers_burgers_boundary_keypoints_v3_10seed_obs128_noise000_seed48,0.0512926653027534,0.840741135891597,0.0842269882559776,0.0265571642667055,0.0048673152923583,0.0087269729707855,0.0058222378196418,0.0266884599812328,1,probes/burgers_boundary_keypoints_v3_10seed/probe_runs.csv,1,0.03787031248211858,0.03787031248211858
burgers_boundary_keypoints_v3_10seed,burgers,safe_clean_obs128_noise000,128,0.0,49,burgers_burgers_boundary_keypoints_v3_10seed_obs128_noise000_seed49,0.0179551783949136,0.9261965736979162,0.0585630722343921,0.0144648756831884,0.000350534915924,0.0001361794205995,0.0010626401644563,0.0266884599812328,0,probes/burgers_boundary_keypoints_v3_10seed/probe_runs.csv,0,0.03787031248211858,0.03787031248211858
burgers_boundary_keypoints_v3_10seed,burgers,safe_clean_obs128_noise000,128,0.0,50,burgers_burgers_boundary_keypoints_v3_10seed_obs128_noise000_seed50,0.0373868495225906,0.9126511333842164,0.0675775334239006,0.0205801073461771,0.0028762817382812,0.0001841291453504,0.0020253739923122,0.0266884599812328,0,probes/burgers_boundary_keypoints_v3_10seed/probe_runs.csv,1,0.03787031248211858,0.03787031248211858
burgers_boundary_keypoints_v3_10seed,burgers,safe_edge_obs64_noise005,64,0.05,41,burgers_burgers_boundary_keypoints_v3_10seed_obs64_noise050_seed41,0.0283857509493827,0.9164170417262236,0.0664348602294921,0.0206496212631464,0.0011206269264221,1.6177965922197862e-05,0.0028684602336142,0.0266884599812328,0,probes/burgers_boundary_keypoints_v3_10seed/probe_runs.csv,1,0.03787031248211858,0.03787031248211858
burgers_boundary_keypoints_v3_10seed,burgers,safe_edge_obs64_noise005,64,0.05,42,burgers_burgers_boundary_keypoints_v3_10seed_obs64_noise050_seed42,0.0201235525310039,0.923083759085068,0.0617731139063835,0.0146148931235075,0.0010572671890258,0.0002165250809333,0.0017685289318926,0.0266884599812328,0,probes/burgers_boundary_keypoints_v3_10seed/probe_runs.csv,0,0.03787031248211858,0.03787031248211858
burgers_boundary_keypoints_v3_10seed,burgers,safe_edge_obs64_noise005,64,0.05,43,burgers_burgers_boundary_keypoints_v3_10seed_obs64_noise050_seed43,0.0250421091914176,0.9018224869965664,0.0811778604984283,0.0244276914745569,0.0019257068634033,0.0003591127589948,0.0030599904364892,0.0266884599812328,0,probes/burgers_boundary_keypoints_v3_10seed/probe_runs.csv,0,0.03787031248211858,0.03787031248211858
burgers_boundary_keypoints_v3_10seed,burgers,safe_edge_obs64_noise005,64,0.05,44,burgers_burgers_boundary_keypoints_v3_10seed_obs64_noise050_seed44,0.0592927113175392,0.8863193522067103,0.0696487948298454,0.0261441860347986,0.007013201713562,0.0046771805306565,0.0044546725126184,0.0266884599812328,1,probes/burgers_boundary_keypoints_v3_10seed/probe_runs.csv,1,0.03787031248211858,0.03787031248211858
burgers_boundary_keypoints_v3_10seed,burgers,safe_edge_obs64_noise005,64,0.05,45,burgers_burgers_boundary_keypoints_v3_10seed_obs64_noise050_seed45,0.0257116686552763,0.9182714883621108,0.0659999996423721,0.0153043549507856,0.0019454956054687,0.0001878904155673,0.0023114340473199,0.0266884599812328,0,probes/burgers_boundary_keypoints_v3_10seed/probe_runs.csv,0,0.03787031248211858,0.03787031248211858
burgers_boundary_keypoints_v3_10seed,burgers,safe_edge_obs64_noise005,64,0.05,46,burgers_burgers_boundary_keypoints_v3_10seed_obs64_noise050_seed46,0.0287686437368392,0.9144795859687852,0.0689368918538093,0.0177461002022027,0.0025415420532226,0.0001582229802478,0.0025325570149743,0.0266884599812328,0,probes/burgers_boundary_keypoints_v3_10seed/probe_runs.csv,1,0.03787031248211858,0.03787031248211858
burgers_boundary_keypoints_v3_10seed,burgers,safe_edge_obs64_noise005,64,0.05,47,burgers_burgers_boundary_keypoints_v3_10seed_obs64_noise050_seed47,0.0258013848215341,0.9231391348295236,0.0584698654711246,0.0172328613698482,0.0021517872810363,0.0003796202265473,0.0021643111577041,0.0266884599812328,0,probes/burgers_boundary_keypoints_v3_10seed/probe_runs.csv,0,0.03787031248211858,0.03787031248211858
burgers_boundary_keypoints_v3_10seed,burgers,safe_edge_obs64_noise005,64,0.05,48,burgers_burgers_boundary_keypoints_v3_10seed_obs64_noise050_seed48,0.0308978017419576,0.8886520155404372,0.0901761353015899,0.0255102235823869,0.0022653937339782,0.0011402713583784,0.0044611229524939,0.0266884599812328,0,probes/burgers_boundary_keypoints_v3_10seed/probe_runs.csv,1,0.03787031248211858,0.03787031248211858
burgers_boundary_keypoints_v3_10seed,burgers,safe_edge_obs64_noise005,64,0.05,49,burgers_burgers_boundary_keypoints_v3_10seed_obs64_noise050_seed49,0.0261504389345645,0.9151225099679444,0.0692799985408783,0.0169610101729631,0.0014347434043884,0.0001846768348315,0.002213407149049,0.0266884599812328,0,probes/burgers_boundary_keypoints_v3_10seed/probe_runs.csv,0,0.03787031248211858,0.03787031248211858
burgers_boundary_keypoints_v3_10seed,burgers,safe_edge_obs64_noise005,64,0.05,50,burgers_burgers_boundary_keypoints_v3_10seed_obs64_noise050_seed50,0.024699542671442,0.913408953951292,0.0701612681150436,0.0211127549409866,0.001234233379364,0.0003334751715068,0.0025647286213209,0.0266884599812328,0,probes/burgers_boundary_keypoints_v3_10seed/probe_runs.csv,0,0.03787031248211858,0.03787031248211858
burgers_boundary_keypoints_v3_10seed,burgers,transition_obs48_noise005,48,0.05,41,burgers_burgers_boundary_keypoints_v3_10seed_obs48_noise050_seed41,0.0245791282504796,0.91807035828516,0.0656203031539917,0.0186195373535156,0.0006784200668334,0.0002834348779483,0.0026295255380461,0.0266884599812328,0,probes/burgers_boundary_keypoints_v3_10seed/probe_runs.csv,0,0.03787031248211858,0.03787031248211858
burgers_boundary_keypoints_v3_10seed,burgers,transition_obs48_noise005,48,0.05,42,burgers_burgers_boundary_keypoints_v3_10seed_obs48_noise050_seed42,0.0199148301035165,0.9240983348038752,0.0606631264090538,0.014614749699831,0.0009499192237854,0.0001482344957035,0.0019047190114691,0.0266884599812328,0,probes/burgers_boundary_keypoints_v3_10seed/probe_runs.csv,0,0.03787031248211858,0.03787031248211858
burgers_boundary_keypoints_v3_10seed,burgers,transition_obs48_noise005,48,0.05,43,burgers_burgers_boundary_keypoints_v3_10seed_obs48_noise050_seed43,0.0386453606188297,0.8974504550782487,0.0823544114828109,0.0242724902927875,0.0015705823898315,0.000295879183141,0.0028617894381588,0.0266884599812328,1,probes/burgers_boundary_keypoints_v3_10seed/probe_runs.csv,1,0.03787031248211858,0.03787031248211858
burgers_boundary_keypoints_v3_10seed,burgers,transition_obs48_noise005,48,0.05,44,burgers_burgers_boundary_keypoints_v3_10seed_obs48_noise050_seed44,0.0468756221234798,0.8989329569643001,0.0663650035858154,0.0215948224067688,0.0030052661895751,0.0039486151492785,0.0031149974265997,0.0266884599812328,1,probes/burgers_boundary_keypoints_v3_10seed/probe_runs.csv,1,0.03787031248211858,0.03787031248211858
burgers_boundary_keypoints_v3_10seed,burgers,transition_obs48_noise005,48,0.05,45,burgers_burgers_boundary_keypoints_v3_10seed_obs48_noise050_seed45,0.0416828580200672,0.8697895731163772,0.0675782635807991,0.0200429800897836,0.0039252638816833,0.0079603788944056,0.0022111569306715,0.0266884599812328,1,probes/burgers_boundary_keypoints_v3_10seed/probe_runs.csv,1,0.03787031248211858,0.03787031248211858
burgers_boundary_keypoints_v3_10seed,burgers,transition_obs48_noise005,48,0.05,46,burgers_burgers_boundary_keypoints_v3_10seed_obs48_noise050_seed46,0.0289251767098903,0.9128469182879856,0.0708498433232307,0.0169313419610261,0.0032519102096557,0.000161568474439,0.0022866103008798,0.0266884599812328,0,probes/burgers_boundary_keypoints_v3_10seed/probe_runs.csv,1,0.03787031248211858,0.03787031248211858
burgers_boundary_keypoints_v3_10seed,burgers,transition_obs48_noise005,48,0.05,47,burgers_burgers_boundary_keypoints_v3_10seed_obs48_noise050_seed47,0.0294052138924598,0.9250737737841276,0.0548419468104839,0.0175191108137369,0.0026607513427734,0.0001337454397153,0.0020371755141495,0.0266884599812328,0,probes/burgers_boundary_keypoints_v3_10seed/probe_runs.csv,1,0.03787031248211858,0.03787031248211858
burgers_boundary_keypoints_v3_10seed,burgers,transition_obs48_noise005,48,0.05,48,burgers_burgers_boundary_keypoints_v3_10seed_obs48_noise050_seed48,0.0314500257372856,0.8942555321853949,0.086728923022747,0.0246785394847393,0.0019449591636657,0.0003939400578849,0.0039437116296561,0.0266884599812328,0,probes/burgers_boundary_keypoints_v3_10seed/probe_runs.csv,1,0.03787031248211858,0.03787031248211858
burgers_boundary_keypoints_v3_10seed,burgers,transition_obs48_noise005,48,0.05,49,burgers_burgers_boundary_keypoints_v3_10seed_obs48_noise050_seed49,0.0278748869895935,0.9125060504307712,0.0683627650141716,0.0182684287428855,0.0011232495307922,0.0014424152658668,0.002686656801308,0.0266884599812328,0,probes/burgers_boundary_keypoints_v3_10seed/probe_runs.csv,1,0.03787031248211858,0.03787031248211858
burgers_boundary_keypoints_v3_10seed,burgers,transition_obs48_noise005,48,0.05,50,burgers_burgers_boundary_keypoints_v3_10seed_obs48_noise050_seed50,0.0240921340882778,0.9163444779854334,0.0674342513084411,0.0192722175270319,0.0007511973381042,0.0003751544229578,0.002402304303785,0.0266884599812328,0,probes/burgers_boundary_keypoints_v3_10seed/probe_runs.csv,0,0.03787031248211858,0.03787031248211858
burgers_boundary_keypoints_v3_10seed,burgers,seed_sensitive_obs32_noise010,32,0.1,41,burgers_burgers_boundary_keypoints_v3_10seed_obs32_noise100_seed41,0.0318551547825336,0.8543020354429665,0.0677852928638458,0.0218578390777111,0.0029214024543762,0.0094975575178509,0.0075000304277304,0.0266884599812328,0,probes/burgers_boundary_keypoints_v3_10seed/probe_runs.csv,1,0.03787031248211858,0.03787031248211858
burgers_boundary_keypoints_v3_10seed,burgers,seed_sensitive_obs32_noise010,32,0.1,42,burgers_burgers_boundary_keypoints_v3_10seed_obs32_noise100_seed42,0.0325656235218048,0.9156532003736756,0.0666037574410438,0.0158490724861621,0.0027045011520385,0.000302048541347,0.0036222866686368,0.0266884599812328,0,probes/burgers_boundary_keypoints_v3_10seed/probe_runs.csv,1,0.03787031248211858,0.03787031248211858
burgers_boundary_keypoints_v3_10seed,burgers,seed_sensitive_obs32_noise010,32,0.1,43,burgers_burgers_boundary_keypoints_v3_10seed_obs32_noise100_seed43,0.1055488884449005,0.8095366332431876,0.1093872711062431,0.0408943891525268,0.0327081680297851,0.0048746677959671,0.009028355845208,0.0266884599812328,1,probes/burgers_boundary_keypoints_v3_10seed/probe_runs.csv,1,0.03787031248211858,0.03787031248211858
burgers_boundary_keypoints_v3_10seed,burgers,seed_sensitive_obs32_noise010,32,0.1,44,burgers_burgers_boundary_keypoints_v3_10seed_obs32_noise100_seed44,0.0407907739281654,0.9055460387619648,0.074928268790245,0.0175551809370517,0.0026788711547851,0.0003763091979176,0.0053962027625368,0.0266884599812328,1,probes/burgers_boundary_keypoints_v3_10seed/probe_runs.csv,1,0.03787031248211858,0.03787031248211858
burgers_boundary_keypoints_v3_10seed,burgers,seed_sensitive_obs32_noise010,32,0.1,45,burgers_burgers_boundary_keypoints_v3_10seed_obs32_noise100_seed45,0.0255660600960254,0.9185908549840026,0.0647999197244644,0.0185853615403175,0.0012070536613464,0.0001654135011155,0.0060938860440078,0.0266884599812328,0,probes/burgers_boundary_keypoints_v3_10seed/probe_runs.csv,0,0.03787031248211858,0.03787031248211858
burgers_boundary_keypoints_v3_10seed,burgers,seed_sensitive_obs32_noise010,32,0.1,46,burgers_burgers_boundary_keypoints_v3_10seed_obs32_noise100_seed46,0.032937716692686,0.9088219400979668,0.073151521384716,0.0197416264563798,0.0029903650283813,0.0003173855746455,0.0051231285856908,0.0266884599812328,0,probes/burgers_boundary_keypoints_v3_10seed/probe_runs.csv,1,0.03787031248211858,0.03787031248211858
burgers_boundary_keypoints_v3_10seed,burgers,seed_sensitive_obs32_noise010,32,0.1,47,burgers_burgers_boundary_keypoints_v3_10seed_obs32_noise100_seed47,0.0371198989450931,0.9177796191369236,0.0625854432582855,0.0162007175385952,0.0031280517578125,0.0001500346218255,0.0050796200197709,0.0266884599812328,0,probes/burgers_boundary_keypoints_v3_10seed/probe_runs.csv,1,0.03787031248211858,0.03787031248211858
burgers_boundary_keypoints_v3_10seed,burgers,seed_sensitive_obs32_noise010,32,0.1,48,burgers_burgers_boundary_keypoints_v3_10seed_obs32_noise100_seed48,0.0336255766451358,0.8837035611875684,0.0950687453150749,0.0261531844735145,0.0015772581100463,0.0004140280554439,0.0073376250624873,0.0266884599812328,0,probes/burgers_boundary_keypoints_v3_10seed/probe_runs.csv,1,0.03787031248211858,0.03787031248211858
burgers_boundary_keypoints_v3_10seed,burgers,seed_sensitive_obs32_noise010,32,0.1,49,burgers_burgers_boundary_keypoints_v3_10seed_obs32_noise100_seed49,0.0344578325748443,0.9133145011023932,0.0694374069571495,0.0147673515602946,0.0024563670158386,0.0001490881623413,0.0054028366351753,0.0266884599812328,0,probes/burgers_boundary_keypoints_v3_10seed/probe_runs.csv,1,0.03787031248211858,0.03787031248211858
burgers_boundary_keypoints_v3_10seed,burgers,seed_sensitive_obs32_noise010,32,0.1,50,burgers_burgers_boundary_keypoints_v3_10seed_obs32_noise100_seed50,0.0310141444206237,0.9071911303127892,0.0763563513755798,0.017647448927164,0.0023064613342285,0.0001680515206183,0.0041396143109677,0.0266884599812328,0,probes/burgers_boundary_keypoints_v3_10seed/probe_runs.csv,1,0.03787031248211858,0.03787031248211858
burgers_boundary_keypoints_v3_10seed,burgers,transition_obs24_noise0125,24,0.125,41,burgers_burgers_boundary_keypoints_v3_10seed_obs24_noise125_seed41,0.0394151173532009,0.8865743711834273,0.0884936302900314,0.0231468975543975,0.0007921457290649,0.0021021153500183,0.0068602252400543,0.0266884599812328,1,probes/burgers_boundary_keypoints_v3_10seed/probe_runs.csv,1,0.03787031248211858,0.03787031248211858
burgers_boundary_keypoints_v3_10seed,burgers,transition_obs24_noise0125,24,0.125,42,burgers_burgers_boundary_keypoints_v3_10seed_obs24_noise125_seed42,0.0515722334384918,0.8968314508239483,0.0737605318427085,0.0187785681337118,0.0026235580444335,0.0027267556054932,0.0068920505569053,0.0266884599812328,1,probes/burgers_boundary_keypoints_v3_10seed/probe_runs.csv,1,0.03787031248211858,0.03787031248211858
burgers_boundary_keypoints_v3_10seed,burgers,transition_obs24_noise0125,24,0.125,43,burgers_burgers_boundary_keypoints_v3_10seed_obs24_noise125_seed43,0.095845453441143,0.733702520965217,0.1234325170516967,0.0360382013022899,0.0242709517478942,0.0112982422026591,0.0069696448738727,0.0266884599812328,1,probes/burgers_boundary_keypoints_v3_10seed/probe_runs.csv,1,0.03787031248211858,0.03787031248211858
burgers_boundary_keypoints_v3_10seed,burgers,transition_obs24_noise0125,24,0.125,44,burgers_burgers_boundary_keypoints_v3_10seed_obs24_noise125_seed44,0.0793410316109657,0.86932321362777,0.0934744998812675,0.0236083082854747,0.0101517438888549,0.0002634974709651,0.0049492824221826,0.0266884599812328,1,probes/burgers_boundary_keypoints_v3_10seed/probe_runs.csv,1,0.03787031248211858,0.03787031248211858
burgers_boundary_keypoints_v3_10seed,burgers,transition_obs24_noise0125,24,0.125,45,burgers_burgers_boundary_keypoints_v3_10seed_obs24_noise125_seed45,0.0196246765553951,0.9248090054704712,0.0592662580311298,0.0159273259341716,0.0010267496109008,0.0001470096056512,0.0053516343643897,0.0266884599812328,0,probes/burgers_boundary_keypoints_v3_10seed/probe_runs.csv,0,0.03787031248211858,0.03787031248211858
burgers_boundary_keypoints_v3_10seed,burgers,transition_obs24_noise0125,24,0.125,46,burgers_burgers_boundary_keypoints_v3_10seed_obs24_noise125_seed46,0.0469251051545143,0.9042004421773896,0.0742144137620925,0.0185728501528501,0.0048165321350097,0.0001740152832243,0.0060232104409955,0.0266884599812328,1,probes/burgers_boundary_keypoints_v3_10seed/probe_runs.csv,1,0.03787031248211858,0.03787031248211858
burgers_boundary_keypoints_v3_10seed,burgers,transition_obs24_noise0125,24,0.125,47,burgers_burgers_boundary_keypoints_v3_10seed_obs24_noise125_seed47,0.0415467657148838,0.8997403515328825,0.0650494024157524,0.0206084586679935,0.0052521228790283,0.004275549924467,0.007268227860214,0.0266884599812328,1,probes/burgers_boundary_keypoints_v3_10seed/probe_runs.csv,1,0.03787031248211858,0.03787031248211858
burgers_boundary_keypoints_v3_10seed,burgers,transition_obs24_noise0125,24,0.125,48,burgers_burgers_boundary_keypoints_v3_10seed_obs24_noise125_seed48,0.0521696582436561,0.8668551874564167,0.1004169657826423,0.0285652112215757,0.0022463202476501,0.0021217657228457,0.0096917167902284,0.0266884599812328,1,probes/burgers_boundary_keypoints_v3_10seed/probe_runs.csv,1,0.03787031248211858,0.03787031248211858
burgers_boundary_keypoints_v3_10seed,burgers,transition_obs24_noise0125,24,0.125,49,burgers_burgers_boundary_keypoints_v3_10seed_obs24_noise125_seed49,0.0690569728612899,0.8654992152101693,0.0941389352083206,0.0225664246827363,0.0171182751655578,0.0026671940138484,0.0055194522646933,0.0266884599812328,1,probes/burgers_boundary_keypoints_v3_10seed/probe_runs.csv,1,0.03787031248211858,0.03787031248211858
burgers_boundary_keypoints_v3_10seed,burgers,transition_obs24_noise0125,24,0.125,50,burgers_burgers_boundary_keypoints_v3_10seed_obs24_noise125_seed50,0.0533551163971424,0.8887858431226271,0.0857060626149177,0.0252236034721136,0.0050222277641296,0.0001774468239361,0.0082492793304152,0.0266884599812328,1,probes/burgers_boundary_keypoints_v3_10seed/probe_runs.csv,1,0.03787031248211858,0.03787031248211858
burgers_boundary_keypoints_v3_10seed,burgers,failure_obs16_noise0125,16,0.125,41,burgers_burgers_boundary_keypoints_v3_10seed_obs16_noise125_seed41,0.0629701763391494,0.883710343281372,0.0878891199827194,0.0196265615522861,0.0089945197105407,0.0002141617418336,0.0040995176827381,0.0266884599812328,1,probes/burgers_boundary_keypoints_v3_10seed/probe_runs.csv,1,0.03787031248211858,0.03787031248211858
burgers_boundary_keypoints_v3_10seed,burgers,failure_obs16_noise0125,16,0.125,42,burgers_burgers_boundary_keypoints_v3_10seed_obs16_noise125_seed42,0.0846471935510635,0.8814108706214301,0.0750312432646751,0.0276733171194791,0.0166046619415283,0.0014910123415434,0.0054085056248464,0.0266884599812328,1,probes/burgers_boundary_keypoints_v3_10seed/probe_runs.csv,1,0.03787031248211858,0.03787031248211858
burgers_boundary_keypoints_v3_10seed,burgers,failure_obs16_noise0125,16,0.125,43,burgers_burgers_boundary_keypoints_v3_10seed_obs16_noise125_seed43,0.0353984795510768,0.8966555632582777,0.0823672860860824,0.0259876027703285,0.0019587278366088,0.0008159467588646,0.0069527428212787,0.0266884599812328,0,probes/burgers_boundary_keypoints_v3_10seed/probe_runs.csv,1,0.03787031248211858,0.03787031248211858
burgers_boundary_keypoints_v3_10seed,burgers,failure_obs16_noise0125,16,0.125,44,burgers_burgers_boundary_keypoints_v3_10seed_obs16_noise125_seed44,0.068244569003582,0.8899958582053045,0.0797915458679199,0.023500895127654,0.0030133724212646,0.000404620193397,0.0076810011495585,0.0266884599812328,1,probes/burgers_boundary_keypoints_v3_10seed/probe_runs.csv,1,0.03787031248211858,0.03787031248211858
burgers_boundary_keypoints_v3_10seed,burgers,failure_obs16_noise0125,16,0.125,45,burgers_burgers_boundary_keypoints_v3_10seed_obs16_noise125_seed45,0.0677839890122413,0.8883600605928481,0.0827047452330589,0.0198567565530538,0.0033601522445678,0.0002367970336011,0.0070309995605996,0.0266884599812328,1,probes/burgers_boundary_keypoints_v3_10seed/probe_runs.csv,1,0.03787031248211858,0.03787031248211858
burgers_boundary_keypoints_v3_10seed,burgers,failure_obs16_noise0125,16,0.125,46,burgers_burgers_boundary_keypoints_v3_10seed_obs16_noise125_seed46,0.0312426406890153,0.9012737848711933,0.0811672955751419,0.0226967763155698,0.0009936094284057,0.0001706016890615,0.0065594694664358,0.0266884599812328,0,probes/burgers_boundary_keypoints_v3_10seed/probe_runs.csv,1,0.03787031248211858,0.03787031248211858
burgers_boundary_keypoints_v3_10seed,burgers,failure_obs16_noise0125,16,0.125,47,burgers_burgers_boundary_keypoints_v3_10seed_obs16_noise125_seed47,0.0342401079833507,0.908085304081932,0.0745822638273239,0.0169162228703498,0.0033334493637084,0.0001512795414068,0.0052024903931005,0.0266884599812328,0,probes/burgers_boundary_keypoints_v3_10seed/probe_runs.csv,1,0.03787031248211858,0.03787031248211858
burgers_boundary_keypoints_v3_10seed,burgers,failure_obs16_noise0125,16,0.125,48,burgers_burgers_boundary_keypoints_v3_10seed_obs16_noise125_seed48,0.0686699971556663,0.8565438119040131,0.103553406894207,0.0321148261427879,0.0151457786560058,0.0010370639655212,0.0117808924661013,0.0266884599812328,1,probes/burgers_boundary_keypoints_v3_10seed/probe_runs.csv,1,0.03787031248211858,0.03787031248211858
burgers_boundary_keypoints_v3_10seed,burgers,failure_obs16_noise0125,16,0.125,49,burgers_burgers_boundary_keypoints_v3_10seed_obs16_noise125_seed49,0.0658171400427818,0.8782653965421124,0.085622489452362,0.0267607308924198,0.000411033630371,0.0026983894177341,0.0077345654001754,0.0266884599812328,1,probes/burgers_boundary_keypoints_v3_10seed/probe_runs.csv,1,0.03787031248211858,0.03787031248211858
burgers_boundary_keypoints_v3_10seed,burgers,failure_obs16_noise0125,16,0.125,50,burgers_burgers_boundary_keypoints_v3_10seed_obs16_noise125_seed50,0.0381677001714706,0.895215004475654,0.0839208513498306,0.0250528845936059,0.0032169222831726,0.0003976171802073,0.0055013431574545,0.0266884599812328,1,probes/burgers_boundary_keypoints_v3_10seed/probe_runs.csv,1,0.03787031248211858,0.03787031248211858
burgers_boundary_keypoints_v3_10seed,burgers,failure_obs64_noise015,64,0.15,41,burgers_burgers_boundary_keypoints_v3_10seed_obs64_noise150_seed41,0.0512215867638587,0.8889315604659962,0.0743056684732437,0.0227521881461143,0.0084403157234191,0.0040166976011984,0.0121594844153645,0.0266884599812328,1,probes/burgers_boundary_keypoints_v3_10seed/probe_runs.csv,1,0.03787031248211858,0.03787031248211858
burgers_boundary_keypoints_v3_10seed,burgers,failure_obs64_noise015,64,0.15,42,burgers_burgers_boundary_keypoints_v3_10seed_obs64_noise150_seed42,0.0563258007168769,0.8696027628033142,0.0705814287066459,0.024410480633378,0.0073328614234924,0.0070502657220864,0.0109858832455251,0.0266884599812328,1,probes/burgers_boundary_keypoints_v3_10seed/probe_runs.csv,1,0.03787031248211858,0.03787031248211858
burgers_boundary_keypoints_v3_10seed,burgers,failure_obs64_noise015,64,0.15,43,burgers_burgers_boundary_keypoints_v3_10seed_obs64_noise150_seed43,0.030551254749298,0.8909826802058282,0.0886232703924179,0.0257261041551828,0.0048440098762512,0.0006558949296991,0.0103431087727626,0.0266884599812328,0,probes/burgers_boundary_keypoints_v3_10seed/probe_runs.csv,1,0.03787031248211858,0.03787031248211858
burgers_boundary_keypoints_v3_10seed,burgers,failure_obs64_noise015,64,0.15,44,burgers_burgers_boundary_keypoints_v3_10seed_obs64_noise150_seed44,0.0372965931892395,0.8976927046597861,0.0832288339734077,0.0185444727540016,0.0014499425888061,0.0005621232661561,0.0104152210967125,0.0266884599812328,0,probes/burgers_boundary_keypoints_v3_10seed/probe_runs.csv,1,0.03787031248211858,0.03787031248211858
burgers_boundary_keypoints_v3_10seed,burgers,failure_obs64_noise015,64,0.15,45,burgers_burgers_boundary_keypoints_v3_10seed_obs64_noise150_seed45,0.0443700142204761,0.902522872028787,0.0768640711903572,0.0163126178085804,0.0075305700302124,0.0001055460646934,0.0111740700863608,0.0266884599812328,1,probes/burgers_boundary_keypoints_v3_10seed/probe_runs.csv,1,0.03787031248211858,0.03787031248211858
burgers_boundary_keypoints_v3_10seed,burgers,failure_obs64_noise015,64,0.15,46,burgers_burgers_boundary_keypoints_v3_10seed_obs64_noise150_seed46,0.0380695946514606,0.9089208255821262,0.0714197531342506,0.0202376879751682,0.0045394897460937,0.0001455816148472,0.0089631553438512,0.0266884599812328,1,probes/burgers_boundary_keypoints_v3_10seed/probe_runs.csv,1,0.03787031248211858,0.03787031248211858
burgers_boundary_keypoints_v3_10seed,burgers,failure_obs64_noise015,64,0.15,47,burgers_burgers_boundary_keypoints_v3_10seed_obs64_noise150_seed47,0.0492327585816383,0.905011593887188,0.0711892023682594,0.0200145076960325,0.0079995393753051,0.0003265684190909,0.008628434204695,0.0266884599812328,1,probes/burgers_boundary_keypoints_v3_10seed/probe_runs.csv,1,0.03787031248211858,0.03787031248211858
burgers_boundary_keypoints_v3_10seed,burgers,failure_obs64_noise015,64,0.15,48,burgers_burgers_boundary_keypoints_v3_10seed_obs64_noise150_seed48,0.0491185262799263,0.8717414618732683,0.100111149251461,0.0278632771223783,0.0047743320465087,0.0005903429045438,0.0141143400668104,0.0266884599812328,1,probes/burgers_boundary_keypoints_v3_10seed/probe_runs.csv,1,0.03787031248211858,0.03787031248211858
burgers_boundary_keypoints_v3_10seed,burgers,failure_obs64_noise015,64,0.15,49,burgers_burgers_boundary_keypoints_v3_10seed_obs64_noise150_seed49,0.0480642616748809,0.9009113804790316,0.0769349336624145,0.0172955505549907,0.0069451928138732,0.0003005933350755,0.0086731290264839,0.0266884599812328,1,probes/burgers_boundary_keypoints_v3_10seed/probe_runs.csv,1,0.03787031248211858,0.03787031248211858
burgers_boundary_keypoints_v3_10seed,burgers,failure_obs64_noise015,64,0.15,50,burgers_burgers_boundary_keypoints_v3_10seed_obs64_noise150_seed50,0.0375175848603248,0.8948206206724855,0.0789164081215858,0.0240940898656845,0.0022902488708496,0.0026881777966829,0.0077231276711017,0.0266884599812328,0,probes/burgers_boundary_keypoints_v3_10seed/probe_runs.csv,1,0.03787031248211858,0.03787031248211858
burgers_boundary_keypoints_v3_10seed,burgers,failure_obs32_noise0175,32,0.175,41,burgers_burgers_boundary_keypoints_v3_10seed_obs32_noise175_seed41,0.0607360862195491,0.8789021076397261,0.0821794047951698,0.0210888851433992,0.0109179019927978,0.0038021908609213,0.0133604196694669,0.0266884599812328,1,probes/burgers_boundary_keypoints_v3_10seed/probe_runs.csv,1,0.03787031248211858,0.03787031248211858
burgers_boundary_keypoints_v3_10seed,burgers,failure_obs32_noise0175,32,0.175,42,burgers_burgers_boundary_keypoints_v3_10seed_obs32_noise175_seed42,0.0945163369178772,0.8663964228978438,0.0831736177206039,0.0280003733932971,0.0162159800529479,0.0021596927582576,0.0102260899725839,0.0266884599812328,1,probes/burgers_boundary_keypoints_v3_10seed/probe_runs.csv,1,0.03787031248211858,0.03787031248211858
burgers_boundary_keypoints_v3_10seed,burgers,failure_obs32_noise0175,32,0.175,43,burgers_burgers_boundary_keypoints_v3_10seed_obs32_noise175_seed43,0.1005407348275184,0.6853910135647524,0.1072512194514274,0.0349249243736267,0.0373377799987793,0.0160892632588837,0.0153154352388484,0.0266884599812328,1,probes/burgers_boundary_keypoints_v3_10seed/probe_runs.csv,1,0.03787031248211858,0.03787031248211858
burgers_boundary_keypoints_v3_10seed,burgers,failure_obs32_noise0175,32,0.175,44,burgers_burgers_boundary_keypoints_v3_10seed_obs32_noise175_seed44,0.0622188113629817,0.87202816684322,0.0973950624465942,0.0213015023618936,0.0067510604858398,0.0005454921840321,0.0130804457538464,0.0266884599812328,1,probes/burgers_boundary_keypoints_v3_10seed/probe_runs.csv,1,0.03787031248211858,0.03787031248211858
burgers_boundary_keypoints_v3_10seed,burgers,failure_obs32_noise0175,32,0.175,45,burgers_burgers_boundary_keypoints_v3_10seed_obs32_noise175_seed45,0.0437563769519329,0.8939318573176054,0.0839095190167427,0.0236803479492664,0.004967987537384,0.0001950116776759,0.0166041099744631,0.0266884599812328,1,probes/burgers_boundary_keypoints_v3_10seed/probe_runs.csv,1,0.03787031248211858,0.03787031248211858
burgers_boundary_keypoints_v3_10seed,burgers,failure_obs32_noise0175,32,0.175,46,burgers_burgers_boundary_keypoints_v3_10seed_obs32_noise175_seed46,0.0422631315886974,0.8897884008630518,0.0871800705790519,0.0269628372043371,0.0043606162071228,0.0003642504576271,0.0125793297556606,0.0266884599812328,1,probes/burgers_boundary_keypoints_v3_10seed/probe_runs.csv,1,0.03787031248211858,0.03787031248211858
burgers_boundary_keypoints_v3_10seed,burgers,failure_obs32_noise0175,32,0.175,47,burgers_burgers_boundary_keypoints_v3_10seed_obs32_noise175_seed47,0.0618527457118034,0.8924395453499667,0.079837828874588,0.0216962229460477,0.0078948140144348,0.0001187671094028,0.0132494776588957,0.0266884599812328,1,probes/burgers_boundary_keypoints_v3_10seed/probe_runs.csv,1,0.03787031248211858,0.03787031248211858
burgers_boundary_keypoints_v3_10seed,burgers,failure_obs32_noise0175,32,0.175,48,burgers_burgers_boundary_keypoints_v3_10seed_obs32_noise175_seed48,0.0485283061861991,0.8438952282525951,0.1068249121308326,0.0306859500706195,0.0032129883766174,0.0053754752338819,0.0160780559067782,0.0266884599812328,1,probes/burgers_boundary_keypoints_v3_10seed/probe_runs.csv,1,0.03787031248211858,0.03787031248211858
burgers_boundary_keypoints_v3_10seed,burgers,failure_obs32_noise0175,32,0.175,49,burgers_burgers_boundary_keypoints_v3_10seed_obs32_noise175_seed49,0.0493872575461864,0.8664609227188572,0.0884239077568054,0.0287474039942026,0.0011044740676879,0.0054279814442619,0.0173105733377172,0.0266884599812328,1,probes/burgers_boundary_keypoints_v3_10seed/probe_runs.csv,1,0.03787031248211858,0.03787031248211858
burgers_boundary_keypoints_v3_10seed,burgers,failure_obs32_noise0175,32,0.175,50,burgers_burgers_boundary_keypoints_v3_10seed_obs32_noise175_seed50,0.0398606918752193,0.8891890331473027,0.0854312255978584,0.0236945543438196,0.0039496421813964,0.0020830644498537,0.0095647362303407,0.0266884599812328,1,probes/burgers_boundary_keypoints_v3_10seed/probe_runs.csv,1,0.03787031248211858,0.03787031248211858
burgers_boundary_keypoints_v4_extra_seed51_70,burgers,safe_clean_obs128_noise000,128,0.0,51,burgers_burgers_boundary_keypoints_v4_extra_seed51_70_obs128_noise000_seed51,0.0290728695690631,0.910813130188076,0.0705734118819236,0.0214651525020599,0.0021284818649291,0.0008239964211178,0.0016547724623047,0.0266884599812328,0,probes/burgers_boundary_keypoints_v4_extra_seed51_70/probe_runs.csv,1,0.03787031248211858,0.03787031248211858
burgers_boundary_keypoints_v4_extra_seed51_70,burgers,safe_clean_obs128_noise000,128,0.0,52,burgers_burgers_boundary_keypoints_v4_extra_seed51_70_obs128_noise000_seed52,0.0199054181575775,0.9255716166665408,0.0583722330629825,0.0152077870443463,0.0004866123199462,0.0002242979463266,0.0010531641495233,0.0266884599812328,0,probes/burgers_boundary_keypoints_v4_extra_seed51_70/probe_runs.csv,0,0.03787031248211858,0.03787031248211858
burgers_boundary_keypoints_v4_extra_seed51_70,burgers,safe_clean_obs128_noise000,128,0.0,53,burgers_burgers_boundary_keypoints_v4_extra_seed51_70_obs128_noise000_seed53,0.0422214791178703,0.8439271384447781,0.0615318790078163,0.0204991530627012,0.0031057596206665,0.0105024251855904,0.0029541511339687,0.0266884599812328,1,probes/burgers_boundary_keypoints_v4_extra_seed51_70/probe_runs.csv,1,0.03787031248211858,0.03787031248211858
burgers_boundary_keypoints_v4_extra_seed51_70,burgers,safe_clean_obs128_noise000,128,0.0,54,burgers_burgers_boundary_keypoints_v4_extra_seed51_70_obs128_noise000_seed54,0.0236833300441503,0.9070327611929492,0.0750218406319618,0.0229907687753438,0.0005874633789062,0.0011814408432955,0.0024712538871875,0.0266884599812328,0,probes/burgers_boundary_keypoints_v4_extra_seed51_70/probe_runs.csv,0,0.03787031248211858,0.03787031248211858
burgers_boundary_keypoints_v4_extra_seed51_70,burgers,safe_clean_obs128_noise000,128,0.0,55,burgers_burgers_boundary_keypoints_v4_extra_seed51_70_obs128_noise000_seed55,0.0271481797099113,0.8963438737768389,0.0529407449066638,0.0158954747021198,0.0014545917510986,0.0068459736554396,0.0012497388430219,0.0266884599812328,0,probes/burgers_boundary_keypoints_v4_extra_seed51_70/probe_runs.csv,1,0.03787031248211858,0.03787031248211858
burgers_boundary_keypoints_v4_extra_seed51_70,burgers,safe_clean_obs128_noise000,128,0.0,56,burgers_burgers_boundary_keypoints_v4_extra_seed51_70_obs128_noise000_seed56,0.0268825739622116,0.9029036640214136,0.0791692361235618,0.02265958301723,0.0023026466369628,0.0008264286239295,0.0021287774921087,0.0266884599812328,0,probes/burgers_boundary_keypoints_v4_extra_seed51_70/probe_runs.csv,1,0.03787031248211858,0.03787031248211858
burgers_boundary_keypoints_v4_extra_seed51_70,burgers,safe_clean_obs128_noise000,128,0.0,57,burgers_burgers_boundary_keypoints_v4_extra_seed51_70_obs128_noise000_seed57,0.0221999082714319,0.9152974577863088,0.0698766633868217,0.0184008385986089,0.0012214183807373,0.0001229928768579,0.0017660179795038,0.0266884599812328,0,probes/burgers_boundary_keypoints_v4_extra_seed51_70/probe_runs.csv,0,0.03787031248211858,0.03787031248211858
burgers_boundary_keypoints_v4_extra_seed51_70,burgers,safe_clean_obs128_noise000,128,0.0,58,burgers_burgers_boundary_keypoints_v4_extra_seed51_70_obs128_noise000_seed58,0.0227128379046916,0.9104352379117048,0.0734542161226272,0.0191333033144474,0.0011797547340393,0.0008180113021588,0.0018147607304724,0.0266884599812328,0,probes/burgers_boundary_keypoints_v4_extra_seed51_70/probe_runs.csv,0,0.03787031248211858,0.03787031248211858
burgers_boundary_keypoints_v4_extra_seed51_70,burgers,safe_clean_obs128_noise000,128,0.0,59,burgers_burgers_boundary_keypoints_v4_extra_seed51_70_obs128_noise000_seed59,0.0228894911706447,0.9222957470077215,0.0618632733821868,0.0159110073000192,0.0013483166694641,9.625573350458272e-05,0.0013098863877209,0.0266884599812328,0,probes/burgers_boundary_keypoints_v4_extra_seed51_70/probe_runs.csv,0,0.03787031248211858,0.03787031248211858
burgers_boundary_keypoints_v4_extra_seed51_70,burgers,safe_clean_obs128_noise000,128,0.0,60,burgers_burgers_boundary_keypoints_v4_extra_seed51_70_obs128_noise000_seed60,0.0285894349217414,0.902485494146175,0.0797714591026306,0.0239320304244756,0.0020452737808227,0.0003897121565555,0.0029559942594372,0.0266884599812328,0,probes/burgers_boundary_keypoints_v4_extra_seed51_70/probe_runs.csv,1,0.03787031248211858,0.03787031248211858
burgers_boundary_keypoints_v4_extra_seed51_70,burgers,safe_clean_obs128_noise000,128,0.0,61,burgers_burgers_boundary_keypoints_v4_extra_seed51_70_obs128_noise000_seed61,0.0184228811413049,0.9289907598105388,0.0533897802233696,0.015867855399847,0.000562310218811,0.0002640786216606,0.0012188338349314,0.0266884599812328,0,probes/burgers_boundary_keypoints_v4_extra_seed51_70/probe_runs.csv,0,0.03787031248211858,0.03787031248211858
burgers_boundary_keypoints_v4_extra_seed51_70,burgers,safe_clean_obs128_noise000,128,0.0,62,burgers_burgers_boundary_keypoints_v4_extra_seed51_70_obs128_noise000_seed62,0.0237369574606418,0.9094487637461288,0.0715698525309562,0.0177320260554552,0.0018126964569091,0.0018949818926647,0.0022676480922465,0.0266884599812328,0,probes/burgers_boundary_keypoints_v4_extra_seed51_70/probe_runs.csv,0,0.03787031248211858,0.03787031248211858
burgers_boundary_keypoints_v4_extra_seed51_70,burgers,safe_clean_obs128_noise000,128,0.0,63,burgers_burgers_boundary_keypoints_v4_extra_seed51_70_obs128_noise000_seed63,0.0685794502496719,0.8588820152835386,0.0880195572972297,0.0338518992066383,0.0097723603248596,0.0051792283689352,0.0040493724047361,0.0266884599812328,1,probes/burgers_boundary_keypoints_v4_extra_seed51_70/probe_runs.csv,1,0.03787031248211858,0.03787031248211858
burgers_boundary_keypoints_v4_extra_seed51_70,burgers,safe_clean_obs128_noise000,128,0.0,64,burgers_burgers_boundary_keypoints_v4_extra_seed51_70_obs128_noise000_seed64,0.0138029372319579,0.9343552674961686,0.0473664253950119,0.0130307395011186,0.0003762245178222,0.0002017026951807,0.000830127182557,0.0266884599812328,0,probes/burgers_boundary_keypoints_v4_extra_seed51_70/probe_runs.csv,0,0.03787031248211858,0.03787031248211858
burgers_boundary_keypoints_v4_extra_seed51_70,burgers,safe_clean_obs128_noise000,128,0.0,65,burgers_burgers_boundary_keypoints_v4_extra_seed51_70_obs128_noise000_seed65,0.0230966880917549,0.9193481174947392,0.0646026730537414,0.0184245612472295,0.0006220936775207,0.000254556050569,0.0012801875617369,0.0266884599812328,0,probes/burgers_boundary_keypoints_v4_extra_seed51_70/probe_runs.csv,0,0.03787031248211858,0.03787031248211858
burgers_boundary_keypoints_v4_extra_seed51_70,burgers,safe_clean_obs128_noise000,128,0.0,66,burgers_burgers_boundary_keypoints_v4_extra_seed51_70_obs128_noise000_seed66,0.0343141518533229,0.9124376359294044,0.0680107176303863,0.0202077887952327,0.0021969676017761,0.0006304506787496,0.0019605808793848,0.0266884599812328,0,probes/burgers_boundary_keypoints_v4_extra_seed51_70/probe_runs.csv,1,0.03787031248211858,0.03787031248211858
burgers_boundary_keypoints_v4_extra_seed51_70,burgers,safe_clean_obs128_noise000,128,0.0,67,burgers_burgers_boundary_keypoints_v4_extra_seed51_70_obs128_noise000_seed67,0.0264045223593711,0.9080824712043404,0.0762429758906364,0.0199128910899162,0.0015443563461303,0.0001296981889419,0.0020656396537034,0.0266884599812328,0,probes/burgers_boundary_keypoints_v4_extra_seed51_70/probe_runs.csv,0,0.03787031248211858,0.03787031248211858
burgers_boundary_keypoints_v4_extra_seed51_70,burgers,safe_clean_obs128_noise000,128,0.0,68,burgers_burgers_boundary_keypoints_v4_extra_seed51_70_obs128_noise000_seed68,0.0285029411315917,0.914573869210384,0.0644286051392555,0.0205222517251968,0.0019873976707458,0.0015562814279783,0.0024391132173243,0.0266884599812328,0,probes/burgers_boundary_keypoints_v4_extra_seed51_70/probe_runs.csv,1,0.03787031248211858,0.03787031248211858
burgers_boundary_keypoints_v4_extra_seed51_70,burgers,safe_clean_obs128_noise000,128,0.0,69,burgers_burgers_boundary_keypoints_v4_extra_seed51_70_obs128_noise000_seed69,0.0193978305906057,0.921969110112538,0.0616688877344131,0.0173665862530469,0.0004800558090209,0.0006267361702944,0.0012302394127063,0.0266884599812328,0,probes/burgers_boundary_keypoints_v4_extra_seed51_70/probe_runs.csv,0,0.03787031248211858,0.03787031248211858
burgers_boundary_keypoints_v4_extra_seed51_70,burgers,safe_clean_obs128_noise000,128,0.0,70,burgers_burgers_boundary_keypoints_v4_extra_seed51_70_obs128_noise000_seed70,0.0237110294401645,0.9162154937314094,0.0678141415119171,0.0196018852293491,0.0006768703460693,0.0002901621493681,0.0015034297598432,0.0266884599812328,0,probes/burgers_boundary_keypoints_v4_extra_seed51_70/probe_runs.csv,0,0.03787031248211858,0.03787031248211858
burgers_boundary_keypoints_v4_extra_seed51_70,burgers,safe_edge_obs64_noise005,64,0.05,51,burgers_burgers_boundary_keypoints_v4_extra_seed51_70_obs64_noise050_seed51,0.0324167236685752,0.9023170115963632,0.0729162767529487,0.0204459503293037,0.0021523237228393,0.0028554222282109,0.0025997670240664,0.0266884599812328,0,probes/burgers_boundary_keypoints_v4_extra_seed51_70/probe_runs.csv,1,0.03787031248211858,0.03787031248211858
burgers_boundary_keypoints_v4_extra_seed51_70,burgers,safe_edge_obs64_noise005,64,0.05,52,burgers_burgers_boundary_keypoints_v4_extra_seed51_70_obs64_noise050_seed52,0.0343503579497337,0.922226760426572,0.0580262169241905,0.0150681873783469,0.0013807415962219,0.0002701025680842,0.0025984763962365,0.0266884599812328,0,probes/burgers_boundary_keypoints_v4_extra_seed51_70/probe_runs.csv,1,0.03787031248211858,0.03787031248211858
burgers_boundary_keypoints_v4_extra_seed51_70,burgers,safe_edge_obs64_noise005,64,0.05,53,burgers_burgers_boundary_keypoints_v4_extra_seed51_70_obs64_noise050_seed53,0.026940805837512,0.9240545225882144,0.0580284819006919,0.0153224887326359,0.0012271404266357,0.0002449888787692,0.0020986186765586,0.0266884599812328,0,probes/burgers_boundary_keypoints_v4_extra_seed51_70/probe_runs.csv,1,0.03787031248211858,0.03787031248211858
burgers_boundary_keypoints_v4_extra_seed51_70,burgers,safe_edge_obs64_noise005,64,0.05,54,burgers_burgers_boundary_keypoints_v4_extra_seed51_70_obs64_noise050_seed54,0.0235520284622907,0.912364891298476,0.0718268975615501,0.0212632920593023,0.0012017488479614,0.0002199572476314,0.0029856109606624,0.0266884599812328,0,probes/burgers_boundary_keypoints_v4_extra_seed51_70/probe_runs.csv,0,0.03787031248211858,0.03787031248211858
burgers_boundary_keypoints_v4_extra_seed51_70,burgers,safe_edge_obs64_noise005,64,0.05,55,burgers_burgers_boundary_keypoints_v4_extra_seed51_70_obs64_noise050_seed55,0.0229444857686758,0.9278497110130464,0.0537551939487457,0.0158367995172739,0.0009289979934692,0.0001963983648534,0.0021815469234514,0.0266884599812328,0,probes/burgers_boundary_keypoints_v4_extra_seed51_70/probe_runs.csv,0,0.03787031248211858,0.03787031248211858
burgers_boundary_keypoints_v4_extra_seed51_70,burgers,safe_edge_obs64_noise005,64,0.05,56,burgers_burgers_boundary_keypoints_v4_extra_seed51_70_obs64_noise050_seed56,0.0300944969058036,0.9022204919704856,0.0780454650521278,0.0212411805987358,0.0030533671379089,0.0013712879785591,0.002349222642483,0.0266884599812328,0,probes/burgers_boundary_keypoints_v4_extra_seed51_70/probe_runs.csv,1,0.03787031248211858,0.03787031248211858
burgers_boundary_keypoints_v4_extra_seed51_70,burgers,safe_edge_obs64_noise005,64,0.05,57,burgers_burgers_boundary_keypoints_v4_extra_seed51_70_obs64_noise050_seed57,0.0510411895811557,0.8505670531407765,0.0803988873958587,0.0265384390950202,0.0050734877586364,0.0082034027286635,0.0054966906730626,0.0266884599812328,1,probes/burgers_boundary_keypoints_v4_extra_seed51_70/probe_runs.csv,1,0.03787031248211858,0.03787031248211858
burgers_boundary_keypoints_v4_extra_seed51_70,burgers,safe_edge_obs64_noise005,64,0.05,58,burgers_burgers_boundary_keypoints_v4_extra_seed51_70_obs64_noise050_seed58,0.0181676279753446,0.9197758554942654,0.0664323344826698,0.0143463956192135,0.0008212924003601,0.000282157220568,0.0025387255646033,0.0266884599812328,0,probes/burgers_boundary_keypoints_v4_extra_seed51_70/probe_runs.csv,0,0.03787031248211858,0.03787031248211858
burgers_boundary_keypoints_v4_extra_seed51_70,burgers,safe_edge_obs64_noise005,64,0.05,59,burgers_burgers_boundary_keypoints_v4_extra_seed51_70_obs64_noise050_seed59,0.0225668121129274,0.9165209761572743,0.0685525462031364,0.0170807857066392,0.0016762018203735,0.0001588425839673,0.0027597106616332,0.0266884599812328,0,probes/burgers_boundary_keypoints_v4_extra_seed51_70/probe_runs.csv,0,0.03787031248211858,0.03787031248211858
burgers_boundary_keypoints_v4_extra_seed51_70,burgers,safe_edge_obs64_noise005,64,0.05,60,burgers_burgers_boundary_keypoints_v4_extra_seed51_70_obs64_noise050_seed60,0.0337590165436267,0.899487787178939,0.0799886658787727,0.0243428088724613,0.0025523900985717,0.0010036095901265,0.004637639255781,0.0266884599812328,0,probes/burgers_boundary_keypoints_v4_extra_seed51_70/probe_runs.csv,1,0.03787031248211858,0.03787031248211858
burgers_boundary_keypoints_v4_extra_seed51_70,burgers,safe_edge_obs64_noise005,64,0.05,61,burgers_burgers_boundary_keypoints_v4_extra_seed51_70_obs64_noise050_seed61,0.0273352805525064,0.8731274424929458,0.0567941330373287,0.0192418042570352,0.0010532736778259,0.0088004096970081,0.0031109589730802,0.0266884599812328,0,probes/burgers_boundary_keypoints_v4_extra_seed51_70/probe_runs.csv,1,0.03787031248211858,0.03787031248211858
burgers_boundary_keypoints_v4_extra_seed51_70,burgers,safe_edge_obs64_noise005,64,0.05,62,burgers_burgers_boundary_keypoints_v4_extra_seed51_70_obs64_noise050_seed62,0.0246282424777746,0.9117862157561734,0.071726843714714,0.0188201125711202,0.0029419064521789,0.0006127848893476,0.0026655138135678,0.0266884599812328,0,probes/burgers_boundary_keypoints_v4_extra_seed51_70/probe_runs.csv,0,0.03787031248211858,0.03787031248211858
burgers_boundary_keypoints_v4_extra_seed51_70,burgers,safe_edge_obs64_noise005,64,0.05,63,burgers_burgers_boundary_keypoints_v4_extra_seed51_70_obs64_noise050_seed63,0.0773850157856941,0.8615361590022483,0.0854176580905914,0.0351098738610744,0.0129187107086181,0.0043995977595263,0.0047534193007728,0.0266884599812328,1,probes/burgers_boundary_keypoints_v4_extra_seed51_70/probe_runs.csv,1,0.03787031248211858,0.03787031248211858
burgers_boundary_keypoints_v4_extra_seed51_70,burgers,safe_edge_obs64_noise005,64,0.05,64,burgers_burgers_boundary_keypoints_v4_extra_seed51_70_obs64_noise050_seed64,0.0156026277691125,0.9298821173087444,0.0535906292498111,0.0142924506217241,0.000397503376007,0.0002336252184855,0.0017454030994498,0.0266884599812328,0,probes/burgers_boundary_keypoints_v4_extra_seed51_70/probe_runs.csv,0,0.03787031248211858,0.03787031248211858
burgers_boundary_keypoints_v4_extra_seed51_70,burgers,safe_edge_obs64_noise005,64,0.05,65,burgers_burgers_boundary_keypoints_v4_extra_seed51_70_obs64_noise050_seed65,0.0267883706837892,0.9145426324721048,0.0686792805790901,0.0179193150252103,0.0007912516593933,0.0006100418137854,0.0023830537564882,0.0266884599812328,0,probes/burgers_boundary_keypoints_v4_extra_seed51_70/probe_runs.csv,1,0.03787031248211858,0.03787031248211858
burgers_boundary_keypoints_v4_extra_seed51_70,burgers,safe_edge_obs64_noise005,64,0.05,66,burgers_burgers_boundary_keypoints_v4_extra_seed51_70_obs64_noise050_seed66,0.0838472172617912,0.8245904327474006,0.0883338302373886,0.0356806814670562,0.0144322514533996,0.0082155289646792,0.0071399089062163,0.0266884599812328,1,probes/burgers_boundary_keypoints_v4_extra_seed51_70/probe_runs.csv,1,0.03787031248211858,0.03787031248211858
burgers_boundary_keypoints_v4_extra_seed51_70,burgers,safe_edge_obs64_noise005,64,0.05,67,burgers_burgers_boundary_keypoints_v4_extra_seed51_70_obs64_noise050_seed67,0.0282832290977239,0.9090662001534852,0.0747881680727005,0.0196684189140796,0.0018204450607299,0.0001087532901032,0.0029534796403332,0.0266884599812328,0,probes/burgers_boundary_keypoints_v4_extra_seed51_70/probe_runs.csv,1,0.03787031248211858,0.03787031248211858
burgers_boundary_keypoints_v4_extra_seed51_70,burgers,safe_edge_obs64_noise005,64,0.05,68,burgers_burgers_boundary_keypoints_v4_extra_seed51_70_obs64_noise050_seed68,0.0210366565734148,0.926860695421348,0.0561436042189598,0.015102076344192,0.001228392124176,0.0001677644086738,0.0024407559257902,0.0266884599812328,0,probes/burgers_boundary_keypoints_v4_extra_seed51_70/probe_runs.csv,0,0.03787031248211858,0.03787031248211858
burgers_boundary_keypoints_v4_extra_seed51_70,burgers,safe_edge_obs64_noise005,64,0.05,69,burgers_burgers_boundary_keypoints_v4_extra_seed51_70_obs64_noise050_seed69,0.0245247352868318,0.8958673748344376,0.0632820054888725,0.020434895530343,0.0007346868515014,0.0059432084229365,0.0039963022737391,0.0266884599812328,0,probes/burgers_boundary_keypoints_v4_extra_seed51_70/probe_runs.csv,0,0.03787031248211858,0.03787031248211858
burgers_boundary_keypoints_v4_extra_seed51_70,burgers,safe_edge_obs64_noise005,64,0.05,70,burgers_burgers_boundary_keypoints_v4_extra_seed51_70_obs64_noise050_seed70,0.0247089769691228,0.9144259405829924,0.0681787058711052,0.019849382340908,0.0007330179214477,0.0008675800031852,0.0024682585222623,0.0266884599812328,0,probes/burgers_boundary_keypoints_v4_extra_seed51_70/probe_runs.csv,0,0.03787031248211858,0.03787031248211858
burgers_boundary_keypoints_v4_extra_seed51_70,burgers,transition_obs48_noise005,48,0.05,51,burgers_burgers_boundary_keypoints_v4_extra_seed51_70_obs48_noise050_seed51,0.028455825522542,0.9121457246477064,0.0713979229331016,0.0180855263024568,0.0023095607757568,0.0002755620634115,0.0022241820551761,0.0266884599812328,0,probes/burgers_boundary_keypoints_v4_extra_seed51_70/probe_runs.csv,1,0.03787031248211858,0.03787031248211858
burgers_boundary_keypoints_v4_extra_seed51_70,burgers,transition_obs48_noise005,48,0.05,52,burgers_burgers_boundary_keypoints_v4_extra_seed51_70_obs48_noise050_seed52,0.0387030318379402,0.9195561168291396,0.0597240589559078,0.01662920974195,0.0027776956558227,0.0001088867648803,0.0026856934052781,0.0266884599812328,1,probes/burgers_boundary_keypoints_v4_extra_seed51_70/probe_runs.csv,1,0.03787031248211858,0.03787031248211858
burgers_boundary_keypoints_v4_extra_seed51_70,burgers,transition_obs48_noise005,48,0.05,53,burgers_burgers_boundary_keypoints_v4_extra_seed51_70_obs48_noise050_seed53,0.0179317388683557,0.9238740953324258,0.0577889047563076,0.0154285198077559,0.0004703998565673,0.0013616349692549,0.0020909987913779,0.0266884599812328,0,probes/burgers_boundary_keypoints_v4_extra_seed51_70/probe_runs.csv,0,0.03787031248211858,0.03787031248211858
burgers_boundary_keypoints_v4_extra_seed51_70,burgers,transition_obs48_noise005,48,0.05,54,burgers_burgers_boundary_keypoints_v4_extra_seed51_70_obs48_noise050_seed54,0.0270155742764472,0.9105490311246708,0.072441428899765,0.0209407471120357,0.0013384819030761,0.0005041144885039,0.0025767392951534,0.0266884599812328,0,probes/burgers_boundary_keypoints_v4_extra_seed51_70/probe_runs.csv,1,0.03787031248211858,0.03787031248211858
burgers_boundary_keypoints_v4_extra_seed51_70,burgers,transition_obs48_noise005,48,0.05,55,burgers_burgers_boundary_keypoints_v4_extra_seed51_70_obs48_noise050_seed55,0.0410789996385574,0.9051652865942538,0.0611925683915615,0.0194561388343572,0.0032069087028503,0.0039548513119971,0.0024224498688324,0.0266884599812328,1,probes/burgers_boundary_keypoints_v4_extra_seed51_70/probe_runs.csv,1,0.03787031248211858,0.03787031248211858
burgers_boundary_keypoints_v4_extra_seed51_70,burgers,transition_obs48_noise005,48,0.05,56,burgers_burgers_boundary_keypoints_v4_extra_seed51_70_obs48_noise050_seed56,0.0261061191558837,0.9019050570682464,0.0808830261230468,0.0227498356252908,0.0018562078475952,0.0005811116897891,0.0026845878819009,0.0266884599812328,0,probes/burgers_boundary_keypoints_v4_extra_seed51_70/probe_runs.csv,0,0.03787031248211858,0.03787031248211858
burgers_boundary_keypoints_v4_extra_seed51_70,burgers,transition_obs48_noise005,48,0.05,57,burgers_burgers_boundary_keypoints_v4_extra_seed51_70_obs48_noise050_seed57,0.0293417852371931,0.912628417292407,0.0702250301837921,0.0197856444865465,0.0018995404243469,0.0002662386382176,0.0027992585422202,0.0266884599812328,0,probes/burgers_boundary_keypoints_v4_extra_seed51_70/probe_runs.csv,1,0.03787031248211858,0.03787031248211858
burgers_boundary_keypoints_v4_extra_seed51_70,burgers,transition_obs48_noise005,48,0.05,58,burgers_burgers_boundary_keypoints_v4_extra_seed51_70_obs48_noise050_seed58,0.0183064546436071,0.9163680252491648,0.0694783180952072,0.015826616436243,0.0008084774017333,0.0005226805460292,0.0029840083685349,0.0266884599812328,0,probes/burgers_boundary_keypoints_v4_extra_seed51_70/probe_runs.csv,0,0.03787031248211858,0.03787031248211858
burgers_boundary_keypoints_v4_extra_seed51_70,burgers,transition_obs48_noise005,48,0.05,59,burgers_burgers_boundary_keypoints_v4_extra_seed51_70_obs48_noise050_seed59,0.0282264836132526,0.909042327653921,0.0743247494101524,0.020150851458311,0.0018694400787353,0.000292811296093,0.0034090394498326,0.0266884599812328,0,probes/burgers_boundary_keypoints_v4_extra_seed51_70/probe_runs.csv,1,0.03787031248211858,0.03787031248211858
burgers_boundary_keypoints_v4_extra_seed51_70,burgers,transition_obs48_noise005,48,0.05,60,burgers_burgers_boundary_keypoints_v4_extra_seed51_70_obs48_noise050_seed60,0.0441635735332965,0.9015542646136676,0.0749871879816055,0.0260418877005577,0.0045105814933776,0.0006170674289709,0.0039379865238489,0.0266884599812328,1,probes/burgers_boundary_keypoints_v4_extra_seed51_70/probe_runs.csv,1,0.03787031248211858,0.03787031248211858
burgers_boundary_keypoints_v4_extra_seed51_70,burgers,transition_obs48_noise005,48,0.05,61,burgers_burgers_boundary_keypoints_v4_extra_seed51_70_obs48_noise050_seed61,0.0838377401232719,0.8475390699120374,0.0776901468634605,0.0358206108212471,0.0101398229598999,0.0070835786299528,0.0069908802813039,0.0266884599812328,1,probes/burgers_boundary_keypoints_v4_extra_seed51_70/probe_runs.csv,1,0.03787031248211858,0.03787031248211858
burgers_boundary_keypoints_v4_extra_seed51_70,burgers,transition_obs48_noise005,48,0.05,62,burgers_burgers_boundary_keypoints_v4_extra_seed51_70_obs48_noise050_seed62,0.0221767462790012,0.9148357444484554,0.0702801495790481,0.0180476661771535,0.0021411776542663,0.0001467635501842,0.0021839081036318,0.0266884599812328,0,probes/burgers_boundary_keypoints_v4_extra_seed51_70/probe_runs.csv,0,0.03787031248211858,0.03787031248211858
burgers_boundary_keypoints_v4_extra_seed51_70,burgers,transition_obs48_noise005,48,0.05,63,burgers_burgers_boundary_keypoints_v4_extra_seed51_70_obs48_noise050_seed63,0.0277860686182975,0.9031435274096316,0.076407141983509,0.0208409987390041,0.0012534856796264,0.0019681736650534,0.0022897438986735,0.0266884599812328,0,probes/burgers_boundary_keypoints_v4_extra_seed51_70/probe_runs.csv,1,0.03787031248211858,0.03787031248211858
burgers_boundary_keypoints_v4_extra_seed51_70,burgers,transition_obs48_noise005,48,0.05,64,burgers_burgers_boundary_keypoints_v4_extra_seed51_70_obs48_noise050_seed64,0.0154826156795024,0.929243961870547,0.0542500913143157,0.0155591079965233,0.0002919435501098,0.0002052435453595,0.0021205712080915,0.0266884599812328,0,probes/burgers_boundary_keypoints_v4_extra_seed51_70/probe_runs.csv,0,0.03787031248211858,0.03787031248211858
burgers_boundary_keypoints_v4_extra_seed51_70,burgers,transition_obs48_noise005,48,0.05,65,burgers_burgers_boundary_keypoints_v4_extra_seed51_70_obs48_noise050_seed65,0.0229021962732076,0.9160179764346176,0.0678526759147644,0.0184236448258161,0.0005635023117065,0.0006176137583544,0.0024249772798534,0.0266884599812328,0,probes/burgers_boundary_keypoints_v4_extra_seed51_70/probe_runs.csv,0,0.03787031248211858,0.03787031248211858
burgers_boundary_keypoints_v4_extra_seed51_70,burgers,transition_obs48_noise005,48,0.05,66,burgers_burgers_boundary_keypoints_v4_extra_seed51_70_obs48_noise050_seed66,0.0667663067579269,0.745667756245137,0.0815422683954238,0.0286614634096622,0.0092394948005676,0.0155853834204246,0.004177816141303,0.0266884599812328,1,probes/burgers_boundary_keypoints_v4_extra_seed51_70/probe_runs.csv,1,0.03787031248211858,0.03787031248211858
burgers_boundary_keypoints_v4_extra_seed51_70,burgers,transition_obs48_noise005,48,0.05,67,burgers_burgers_boundary_keypoints_v4_extra_seed51_70_obs48_noise050_seed67,0.0414732247591018,0.895997075895611,0.0769177228212356,0.022769009694457,0.0023460984230041,0.0027207171956781,0.0030233288570764,0.0266884599812328,1,probes/burgers_boundary_keypoints_v4_extra_seed51_70/probe_runs.csv,1,0.03787031248211858,0.03787031248211858
burgers_boundary_keypoints_v4_extra_seed51_70,burgers,transition_obs48_noise005,48,0.05,68,burgers_burgers_boundary_keypoints_v4_extra_seed51_70_obs48_noise050_seed68,0.0660498440265655,0.8900828680857722,0.0743078738451004,0.0292199198156595,0.0078555345535278,0.001920516986768,0.0041045751683892,0.0266884599812328,1,probes/burgers_boundary_keypoints_v4_extra_seed51_70/probe_runs.csv,1,0.03787031248211858,0.03787031248211858
burgers_boundary_keypoints_v4_extra_seed51_70,burgers,transition_obs48_noise005,48,0.05,69,burgers_burgers_boundary_keypoints_v4_extra_seed51_70_obs48_noise050_seed69,0.0368462763726711,0.911244935999982,0.0680492296814918,0.0205149240791797,0.0039702057838439,0.0006870062097045,0.0024317779219374,0.0266884599812328,0,probes/burgers_boundary_keypoints_v4_extra_seed51_70/probe_runs.csv,1,0.03787031248211858,0.03787031248211858
burgers_boundary_keypoints_v4_extra_seed51_70,burgers,transition_obs48_noise005,48,0.05,70,burgers_burgers_boundary_keypoints_v4_extra_seed51_70_obs48_noise050_seed70,0.0269801449030637,0.9136822679001498,0.0672367289662361,0.0214168783277273,0.0005457997322082,0.0011434330563568,0.0028248399054639,0.0266884599812328,0,probes/burgers_boundary_keypoints_v4_extra_seed51_70/probe_runs.csv,1,0.03787031248211858,0.03787031248211858
burgers_boundary_keypoints_v4_extra_seed51_70,burgers,seed_sensitive_obs32_noise010,32,0.1,51,burgers_burgers_boundary_keypoints_v4_extra_seed51_70_obs32_noise100_seed51,0.0338856354355812,0.9105536405821342,0.070551611483097,0.0202351659536361,0.0023201704025268,0.0004978405586224,0.0051093754218251,0.0266884599812328,0,probes/burgers_boundary_keypoints_v4_extra_seed51_70/probe_runs.csv,1,0.03787031248211858,0.03787031248211858
burgers_boundary_keypoints_v4_extra_seed51_70,burgers,seed_sensitive_obs32_noise010,32,0.1,52,burgers_burgers_boundary_keypoints_v4_extra_seed51_70_obs32_noise100_seed52,0.0932756215333938,0.875984930123784,0.0771325901150703,0.024840947240591,0.0143443942070007,0.0016131214128247,0.0099877380543939,0.0266884599812328,1,probes/burgers_boundary_keypoints_v4_extra_seed51_70/probe_runs.csv,1,0.03787031248211858,0.03787031248211858
burgers_boundary_keypoints_v4_extra_seed51_70,burgers,seed_sensitive_obs32_noise010,32,0.1,53,burgers_burgers_boundary_keypoints_v4_extra_seed51_70_obs32_noise100_seed53,0.0227938164025545,0.9161023872042529,0.0692546814680099,0.0154702793806791,0.0006145238876342,0.0003122785297111,0.0045459214626913,0.0266884599812328,0,probes/burgers_boundary_keypoints_v4_extra_seed51_70/probe_runs.csv,0,0.03787031248211858,0.03787031248211858
burgers_boundary_keypoints_v4_extra_seed51_70,burgers,seed_sensitive_obs32_noise010,32,0.1,54,burgers_burgers_boundary_keypoints_v4_extra_seed51_70_obs32_noise100_seed54,0.0321547128260135,0.8930265715415895,0.0822835266590118,0.0226764399558305,0.002688705921173,0.002714341976859,0.0052819618860606,0.0266884599812328,0,probes/burgers_boundary_keypoints_v4_extra_seed51_70/probe_runs.csv,1,0.03787031248211858,0.03787031248211858
burgers_boundary_keypoints_v4_extra_seed51_70,burgers,seed_sensitive_obs32_noise010,32,0.1,55,burgers_burgers_boundary_keypoints_v4_extra_seed51_70_obs32_noise100_seed55,0.0525576844811439,0.8989074367457494,0.0694951489567756,0.0203404892235994,0.0082331299781799,0.0027507213642495,0.0055577925691531,0.0266884599812328,1,probes/burgers_boundary_keypoints_v4_extra_seed51_70/probe_runs.csv,1,0.03787031248211858,0.03787031248211858
burgers_boundary_keypoints_v4_extra_seed51_70,burgers,seed_sensitive_obs32_noise010,32,0.1,56,burgers_burgers_boundary_keypoints_v4_extra_seed51_70_obs32_noise100_seed56,0.0297785904258489,0.8951592407399507,0.081612654030323,0.0224365424364805,0.0023062229156494,0.0025040053680176,0.0052511442024803,0.0266884599812328,0,probes/burgers_boundary_keypoints_v4_extra_seed51_70/probe_runs.csv,1,0.03787031248211858,0.03787031248211858
burgers_boundary_keypoints_v4_extra_seed51_70,burgers,seed_sensitive_obs32_noise010,32,0.1,57,burgers_burgers_boundary_keypoints_v4_extra_seed51_70_obs32_noise100_seed57,0.0413849651813507,0.9081537325154196,0.0706236883997917,0.0201606601476669,0.0062461495399475,0.0003324134995226,0.0050941479366535,0.0266884599812328,1,probes/burgers_boundary_keypoints_v4_extra_seed51_70/probe_runs.csv,1,0.03787031248211858,0.03787031248211858
burgers_boundary_keypoints_v4_extra_seed51_70,burgers,seed_sensitive_obs32_noise010,32,0.1,58,burgers_burgers_boundary_keypoints_v4_extra_seed51_70_obs32_noise100_seed58,0.0239558089524507,0.9081645553963202,0.07634237408638,0.0208106189966201,0.0013612508773803,0.0001774187740445,0.0082781612826495,0.0266884599812328,0,probes/burgers_boundary_keypoints_v4_extra_seed51_70/probe_runs.csv,0,0.03787031248211858,0.03787031248211858
burgers_boundary_keypoints_v4_extra_seed51_70,burgers,seed_sensitive_obs32_noise010,32,0.1,59,burgers_burgers_boundary_keypoints_v4_extra_seed51_70_obs32_noise100_seed59,0.035919465124607,0.9012309177244422,0.0804860070347786,0.0203246194869279,0.0013364553451538,0.0002250769595994,0.0060924679616947,0.0266884599812328,0,probes/burgers_boundary_keypoints_v4_extra_seed51_70/probe_runs.csv,1,0.03787031248211858,0.03787031248211858
burgers_boundary_keypoints_v4_extra_seed51_70,burgers,seed_sensitive_obs32_noise010,32,0.1,60,burgers_burgers_boundary_keypoints_v4_extra_seed51_70_obs32_noise100_seed60,0.0392553433775901,0.8899521316785006,0.0875974968075752,0.0259764399379491,0.0042505264282226,0.0006538376711866,0.0080220341611593,0.0266884599812328,1,probes/burgers_boundary_keypoints_v4_extra_seed51_70/probe_runs.csv,1,0.03787031248211858,0.03787031248211858
burgers_boundary_keypoints_v4_extra_seed51_70,burgers,seed_sensitive_obs32_noise010,32,0.1,61,burgers_burgers_boundary_keypoints_v4_extra_seed51_70_obs32_noise100_seed61,0.0329035557806491,0.900610807195092,0.0601223073899745,0.0196677725762128,0.0005136728286743,0.0053449306573936,0.0062154294245142,0.0266884599812328,0,probes/burgers_boundary_keypoints_v4_extra_seed51_70/probe_runs.csv,1,0.03787031248211858,0.03787031248211858
burgers_boundary_keypoints_v4_extra_seed51_70,burgers,seed_sensitive_obs32_noise010,32,0.1,62,burgers_burgers_boundary_keypoints_v4_extra_seed51_70_obs32_noise100_seed62,0.0288422014564275,0.9046709643598376,0.0759614706039428,0.0193674825131893,0.0024950504302978,0.0015323503900719,0.0036559097203338,0.0266884599812328,0,probes/burgers_boundary_keypoints_v4_extra_seed51_70/probe_runs.csv,1,0.03787031248211858,0.03787031248211858
burgers_boundary_keypoints_v4_extra_seed51_70,burgers,seed_sensitive_obs32_noise010,32,0.1,63,burgers_burgers_boundary_keypoints_v4_extra_seed51_70_obs32_noise100_seed63,0.0442952699959278,0.8942147049274527,0.0780841037631034,0.0239192601293325,0.0014621019363403,0.0026251437029076,0.0036125363023644,0.0266884599812328,1,probes/burgers_boundary_keypoints_v4_extra_seed51_70/probe_runs.csv,1,0.03787031248211858,0.03787031248211858
burgers_boundary_keypoints_v4_extra_seed51_70,burgers,seed_sensitive_obs32_noise010,32,0.1,64,burgers_burgers_boundary_keypoints_v4_extra_seed51_70_obs32_noise100_seed64,0.031427651643753,0.9161657174169956,0.0660085901618003,0.018416054546833,0.0020453929901123,0.0001539372594235,0.0052721525103504,0.0266884599812328,0,probes/burgers_boundary_keypoints_v4_extra_seed51_70/probe_runs.csv,1,0.03787031248211858,0.03787031248211858
burgers_boundary_keypoints_v4_extra_seed51_70,burgers,seed_sensitive_obs32_noise010,32,0.1,65,burgers_burgers_boundary_keypoints_v4_extra_seed51_70_obs32_noise100_seed65,0.0241682976484298,0.9118184608504988,0.0743123292922973,0.0127703864127397,0.0020777583122253,0.0001775668810454,0.0049928196301375,0.0266884599812328,0,probes/burgers_boundary_keypoints_v4_extra_seed51_70/probe_runs.csv,0,0.03787031248211858,0.03787031248211858
burgers_boundary_keypoints_v4_extra_seed51_70,burgers,seed_sensitive_obs32_noise010,32,0.1,66,burgers_burgers_boundary_keypoints_v4_extra_seed51_70_obs32_noise100_seed66,0.0911275148391723,0.626657756572949,0.0928379967808723,0.0390977971255779,0.0141507387161254,0.0342919688429759,0.0236165647665333,0.0266884599812328,1,probes/burgers_boundary_keypoints_v4_extra_seed51_70/probe_runs.csv,1,0.03787031248211858,0.03787031248211858
burgers_boundary_keypoints_v4_extra_seed51_70,burgers,seed_sensitive_obs32_noise010,32,0.1,67,burgers_burgers_boundary_keypoints_v4_extra_seed51_70_obs32_noise100_seed67,0.0388722121715545,0.8992023702410937,0.0794775635004043,0.0243472866714,0.0016255378723144,0.0008237473812976,0.0048825523828196,0.0266884599812328,1,probes/burgers_boundary_keypoints_v4_extra_seed51_70/probe_runs.csv,1,0.03787031248211858,0.03787031248211858
burgers_boundary_keypoints_v4_extra_seed51_70,burgers,seed_sensitive_obs32_noise010,32,0.1,68,burgers_burgers_boundary_keypoints_v4_extra_seed51_70_obs32_noise100_seed68,0.0370873399078846,0.9101513054286312,0.0706802904605865,0.0176753029227256,0.0052986741065979,0.0002793922049874,0.005381531866851,0.0266884599812328,0,probes/burgers_boundary_keypoints_v4_extra_seed51_70/probe_runs.csv,1,0.03787031248211858,0.03787031248211858
burgers_boundary_keypoints_v4_extra_seed51_70,burgers,seed_sensitive_obs32_noise010,32,0.1,69,burgers_burgers_boundary_keypoints_v4_extra_seed51_70_obs32_noise100_seed69,0.0593085885047912,0.8855195166799099,0.0847086384892463,0.0204890947788953,0.0148994326591491,0.001035865998966,0.004525932763999,0.0266884599812328,1,probes/burgers_boundary_keypoints_v4_extra_seed51_70/probe_runs.csv,1,0.03787031248211858,0.03787031248211858
burgers_boundary_keypoints_v4_extra_seed51_70,burgers,seed_sensitive_obs32_noise010,32,0.1,70,burgers_burgers_boundary_keypoints_v4_extra_seed51_70_obs32_noise100_seed70,0.0371905341744422,0.897927013958734,0.0818851217627525,0.0218424834311008,0.0032049417495727,0.000657055279227,0.0060010805492813,0.0266884599812328,0,probes/burgers_boundary_keypoints_v4_extra_seed51_70/probe_runs.csv,1,0.03787031248211858,0.03787031248211858
burgers_boundary_keypoints_v4_extra_seed51_70,burgers,transition_obs24_noise0125,24,0.125,51,burgers_burgers_boundary_keypoints_v4_extra_seed51_70_obs24_noise125_seed51,0.086130790412426,0.855434157635493,0.0958161428570747,0.0313174575567245,0.0237676501274108,0.0016253201002416,0.007769918577064,0.0266884599812328,1,probes/burgers_boundary_keypoints_v4_extra_seed51_70/probe_runs.csv,1,0.03787031248211858,0.03787031248211858
burgers_boundary_keypoints_v4_extra_seed51_70,burgers,transition_obs24_noise0125,24,0.125,52,burgers_burgers_boundary_keypoints_v4_extra_seed51_70_obs24_noise125_seed52,0.084298275411129,0.8864374781392146,0.0676609948277473,0.0242020264267921,0.0137003660202026,0.0025690564047684,0.0064760437612246,0.0266884599812328,1,probes/burgers_boundary_keypoints_v4_extra_seed51_70/probe_runs.csv,1,0.03787031248211858,0.03787031248211858
burgers_boundary_keypoints_v4_extra_seed51_70,burgers,transition_obs24_noise0125,24,0.125,53,burgers_burgers_boundary_keypoints_v4_extra_seed51_70_obs24_noise125_seed53,0.044151023030281,0.909587121107601,0.0691380351781845,0.0156038636341691,0.0028847455978393,0.0007124577479685,0.0036956217762183,0.0266884599812328,1,probes/burgers_boundary_keypoints_v4_extra_seed51_70/probe_runs.csv,1,0.03787031248211858,0.03787031248211858
burgers_boundary_keypoints_v4_extra_seed51_70,burgers,transition_obs24_noise0125,24,0.125,54,burgers_burgers_boundary_keypoints_v4_extra_seed51_70_obs24_noise125_seed54,0.0751058980822563,0.8599567292626131,0.1031660810112953,0.0239157881587743,0.006446897983551,0.0001670047990265,0.006998427585157,0.0266884599812328,1,probes/burgers_boundary_keypoints_v4_extra_seed51_70/probe_runs.csv,1,0.03787031248211858,0.03787031248211858
burgers_boundary_keypoints_v4_extra_seed51_70,burgers,transition_obs24_noise0125,24,0.125,55,burgers_burgers_boundary_keypoints_v4_extra_seed51_70_obs24_noise125_seed55,0.0320005230605602,0.9087475982339236,0.07383893430233,0.0209803897887468,0.0013874173164367,0.0001017488183943,0.0065622526901908,0.0266884599812328,0,probes/burgers_boundary_keypoints_v4_extra_seed51_70/probe_runs.csv,1,0.03787031248211858,0.03787031248211858
burgers_boundary_keypoints_v4_extra_seed51_70,burgers,transition_obs24_noise0125,24,0.125,56,burgers_burgers_boundary_keypoints_v4_extra_seed51_70_obs24_noise125_seed56,0.0427873991429805,0.8873884940899093,0.0897281616926193,0.0250941198319196,0.0041022896766662,0.0003902025767399,0.0059602113384811,0.0266884599812328,1,probes/burgers_boundary_keypoints_v4_extra_seed51_70/probe_runs.csv,1,0.03787031248211858,0.03787031248211858
burgers_boundary_keypoints_v4_extra_seed51_70,burgers,transition_obs24_noise0125,24,0.125,57,burgers_burgers_boundary_keypoints_v4_extra_seed51_70_obs24_noise125_seed57,0.0360294021666049,0.911335925025848,0.0704275518655777,0.0180307459086179,0.0023337602615356,0.0001307723842074,0.0056897990338304,0.0266884599812328,0,probes/burgers_boundary_keypoints_v4_extra_seed51_70/probe_runs.csv,1,0.03787031248211858,0.03787031248211858
burgers_boundary_keypoints_v4_extra_seed51_70,burgers,transition_obs24_noise0125,24,0.125,58,burgers_burgers_boundary_keypoints_v4_extra_seed51_70_obs24_noise125_seed58,0.0543691143393516,0.8793914764102218,0.0941290482878685,0.0205069594085216,0.0081360936164855,0.0002171654120216,0.0070537265048607,0.0266884599812328,1,probes/burgers_boundary_keypoints_v4_extra_seed51_70/probe_runs.csv,1,0.03787031248211858,0.03787031248211858
burgers_boundary_keypoints_v4_extra_seed51_70,burgers,transition_obs24_noise0125,24,0.125,59,burgers_burgers_boundary_keypoints_v4_extra_seed51_70_obs24_noise125_seed59,0.0319429337978363,0.88681421498971,0.0882695019245147,0.0237377434968948,0.001047134399414,0.0026434018201098,0.0073838819587301,0.0266884599812328,0,probes/burgers_boundary_keypoints_v4_extra_seed51_70/probe_runs.csv,1,0.03787031248211858,0.03787031248211858
burgers_boundary_keypoints_v4_extra_seed51_70,burgers,transition_obs24_noise0125,24,0.125,60,burgers_burgers_boundary_keypoints_v4_extra_seed51_70_obs24_noise125_seed60,0.0462350845336914,0.8908131704518012,0.0844948887825012,0.0283383578062057,0.0062505006790161,0.000387464057366,0.0102087918079304,0.0266884599812328,1,probes/burgers_boundary_keypoints_v4_extra_seed51_70/probe_runs.csv,1,0.03787031248211858,0.03787031248211858
burgers_boundary_keypoints_v4_extra_seed51_70,burgers,transition_obs24_noise0125,24,0.125,61,burgers_burgers_boundary_keypoints_v4_extra_seed51_70_obs24_noise125_seed61,0.0523727275431156,0.905138868668337,0.0706125125288963,0.0213161800056695,0.0045139789581298,0.000152599432502,0.0073547285205391,0.0266884599812328,1,probes/burgers_boundary_keypoints_v4_extra_seed51_70/probe_runs.csv,1,0.03787031248211858,0.03787031248211858
burgers_boundary_keypoints_v4_extra_seed51_70,burgers,transition_obs24_noise0125,24,0.125,62,burgers_burgers_boundary_keypoints_v4_extra_seed51_70_obs24_noise125_seed62,0.0322154611349105,0.9040214208269192,0.0788344368338584,0.0183406304568052,0.0039448142051696,0.000148782987724,0.0064016785430966,0.0266884599812328,0,probes/burgers_boundary_keypoints_v4_extra_seed51_70/probe_runs.csv,1,0.03787031248211858,0.03787031248211858
burgers_boundary_keypoints_v4_extra_seed51_70,burgers,transition_obs24_noise0125,24,0.125,63,burgers_burgers_boundary_keypoints_v4_extra_seed51_70_obs24_noise125_seed63,0.0599934794008731,0.8813899382952884,0.0889323726296424,0.0261029433459043,0.0067328810691833,0.0007239864335971,0.0052652495224123,0.0266884599812328,1,probes/burgers_boundary_keypoints_v4_extra_seed51_70/probe_runs.csv,1,0.03787031248211858,0.03787031248211858
burgers_boundary_keypoints_v4_extra_seed51_70,burgers,transition_obs24_noise0125,24,0.125,64,burgers_burgers_boundary_keypoints_v4_extra_seed51_70_obs24_noise125_seed64,0.0534051321446895,0.8888185330897456,0.0870288833975792,0.0191115196794271,0.0052845478057861,0.0001562460498302,0.008349075162842,0.0266884599812328,1,probes/burgers_boundary_keypoints_v4_extra_seed51_70/probe_runs.csv,1,0.03787031248211858,0.03787031248211858
burgers_boundary_keypoints_v4_extra_seed51_70,burgers,transition_obs24_noise0125,24,0.125,65,burgers_burgers_boundary_keypoints_v4_extra_seed51_70_obs24_noise125_seed65,0.0483115501701831,0.8940570051934973,0.0827449038624763,0.0179142970591783,0.0094900727272033,0.0004816020031432,0.0043051487642508,0.0266884599812328,1,probes/burgers_boundary_keypoints_v4_extra_seed51_70/probe_runs.csv,1,0.03787031248211858,0.03787031248211858
burgers_boundary_keypoints_v4_extra_seed51_70,burgers,transition_obs24_noise0125,24,0.125,66,burgers_burgers_boundary_keypoints_v4_extra_seed51_70_obs24_noise125_seed66,0.0895629376173019,0.8620272357470178,0.093127354979515,0.0246844869107007,0.0207830667495727,0.0004758438516227,0.0090365190652691,0.0266884599812328,1,probes/burgers_boundary_keypoints_v4_extra_seed51_70/probe_runs.csv,1,0.03787031248211858,0.03787031248211858
burgers_boundary_keypoints_v4_extra_seed51_70,burgers,transition_obs24_noise0125,24,0.125,67,burgers_burgers_boundary_keypoints_v4_extra_seed51_70_obs24_noise125_seed67,0.0340843796730041,0.9040540099446313,0.0772993564605712,0.0230204202234745,0.0025893449783325,0.0001980267072166,0.0053239652058211,0.0266884599812328,0,probes/burgers_boundary_keypoints_v4_extra_seed51_70/probe_runs.csv,1,0.03787031248211858,0.03787031248211858
burgers_boundary_keypoints_v4_extra_seed51_70,burgers,transition_obs24_noise0125,24,0.125,68,burgers_burgers_boundary_keypoints_v4_extra_seed51_70_obs24_noise125_seed68,0.0546695329248905,0.901152807120434,0.0733039751648902,0.025174980983138,0.0034042596817016,9.200050503114668e-05,0.0111523159544032,0.0266884599812328,1,probes/burgers_boundary_keypoints_v4_extra_seed51_70/probe_runs.csv,1,0.03787031248211858,0.03787031248211858
burgers_boundary_keypoints_v4_extra_seed51_70,burgers,transition_obs24_noise0125,24,0.125,69,burgers_burgers_boundary_keypoints_v4_extra_seed51_70_obs24_noise125_seed69,0.0332939624786376,0.9062683018430404,0.0762092024087905,0.0196120478212833,0.0011776089668273,0.000281871592263,0.0044260162973596,0.0266884599812328,0,probes/burgers_boundary_keypoints_v4_extra_seed51_70/probe_runs.csv,1,0.03787031248211858,0.03787031248211858
burgers_boundary_keypoints_v4_extra_seed51_70,burgers,transition_obs24_noise0125,24,0.125,70,burgers_burgers_boundary_keypoints_v4_extra_seed51_70_obs24_noise125_seed70,0.0749147981405258,0.8552711483737725,0.1039824858307838,0.0277775377035141,0.0058117508888244,0.001483979770321,0.0092037454696775,0.0266884599812328,1,probes/burgers_boundary_keypoints_v4_extra_seed51_70/probe_runs.csv,1,0.03787031248211858,0.03787031248211858
burgers_boundary_keypoints_v4_extra_seed51_70,burgers,failure_obs16_noise0125,16,0.125,51,burgers_burgers_boundary_keypoints_v4_extra_seed51_70_obs16_noise125_seed51,0.0717960596084594,0.8495784582182364,0.0995876714587211,0.021882364526391,0.0132724642753601,0.0046728000586643,0.0054482598836831,0.0266884599812328,1,probes/burgers_boundary_keypoints_v4_extra_seed51_70/probe_runs.csv,1,0.03787031248211858,0.03787031248211858
burgers_boundary_keypoints_v4_extra_seed51_70,burgers,failure_obs16_noise0125,16,0.125,52,burgers_burgers_boundary_keypoints_v4_extra_seed51_70_obs16_noise125_seed52,0.0567667745053768,0.894524557098177,0.0798878297209739,0.0217310506850481,0.0068339109420776,9.210767315652e-05,0.006321763308097,0.0266884599812328,1,probes/burgers_boundary_keypoints_v4_extra_seed51_70/probe_runs.csv,1,0.03787031248211858,0.03787031248211858
burgers_boundary_keypoints_v4_extra_seed51_70,burgers,failure_obs16_noise0125,16,0.125,53,burgers_burgers_boundary_keypoints_v4_extra_seed51_70_obs16_noise125_seed53,0.0598955005407333,0.870097345298027,0.0973794534802436,0.0173382777720689,0.0113230943679809,0.001767780838126,0.0066363055366213,0.0266884599812328,1,probes/burgers_boundary_keypoints_v4_extra_seed51_70/probe_runs.csv,1,0.03787031248211858,0.03787031248211858
burgers_boundary_keypoints_v4_extra_seed51_70,burgers,failure_obs16_noise0125,16,0.125,54,burgers_burgers_boundary_keypoints_v4_extra_seed51_70_obs16_noise125_seed54,0.0414648056030273,0.8822525816234501,0.0947454422712326,0.025811256840825,0.0019528269767761,0.0002779085560591,0.0088979593625742,0.0266884599812328,1,probes/burgers_boundary_keypoints_v4_extra_seed51_70/probe_runs.csv,1,0.03787031248211858,0.03787031248211858
burgers_boundary_keypoints_v4_extra_seed51_70,burgers,failure_obs16_noise0125,16,0.125,55,burgers_burgers_boundary_keypoints_v4_extra_seed51_70_obs16_noise125_seed55,0.0526596754789352,0.8641236766394866,0.0990570560097694,0.0237484704703092,0.0144224166870117,0.0030843465091805,0.0062372790347951,0.0266884599812328,1,probes/burgers_boundary_keypoints_v4_extra_seed51_70/probe_runs.csv,1,0.03787031248211858,0.03787031248211858
burgers_boundary_keypoints_v4_extra_seed51_70,burgers,failure_obs16_noise0125,16,0.125,56,burgers_burgers_boundary_keypoints_v4_extra_seed51_70_obs16_noise125_seed56,0.0438525043427944,0.8764795335868618,0.0931063815951347,0.0254620313644409,0.0056125521659851,0.0027593804448447,0.0044088116232901,0.0266884599812328,1,probes/burgers_boundary_keypoints_v4_extra_seed51_70/probe_runs.csv,1,0.03787031248211858,0.03787031248211858
burgers_boundary_keypoints_v4_extra_seed51_70,burgers,failure_obs16_noise0125,16,0.125,57,burgers_burgers_boundary_keypoints_v4_extra_seed51_70_obs16_noise125_seed57,0.0498295240104198,0.8715922869577781,0.0710306912660598,0.0202320422977209,0.003818392753601,0.007218414920525,0.0062204302672686,0.0266884599812328,1,probes/burgers_boundary_keypoints_v4_extra_seed51_70/probe_runs.csv,1,0.03787031248211858,0.03787031248211858
burgers_boundary_keypoints_v4_extra_seed51_70,burgers,failure_obs16_noise0125,16,0.125,58,burgers_burgers_boundary_keypoints_v4_extra_seed51_70_obs16_noise125_seed58,0.0450064837932586,0.9028022831612276,0.07612906396389,0.0187077578157186,0.0055287480354309,0.0001606647359688,0.0076775130394463,0.0266884599812328,1,probes/burgers_boundary_keypoints_v4_extra_seed51_70/probe_runs.csv,1,0.03787031248211858,0.03787031248211858
burgers_boundary_keypoints_v4_extra_seed51_70,burgers,failure_obs16_noise0125,16,0.125,59,burgers_burgers_boundary_keypoints_v4_extra_seed51_70_obs16_noise125_seed59,0.0442111678421497,0.894203561233206,0.0836882069706916,0.0209563225507736,0.0039562582969665,0.0006375253915752,0.0060691036170955,0.0266884599812328,1,probes/burgers_boundary_keypoints_v4_extra_seed51_70/probe_runs.csv,1,0.03787031248211858,0.03787031248211858
burgers_boundary_keypoints_v4_extra_seed51_70,burgers,failure_obs16_noise0125,16,0.125,60,burgers_burgers_boundary_keypoints_v4_extra_seed51_70_obs16_noise125_seed60,0.0477720387279987,0.8983114550590068,0.078095331788063,0.0246182959526777,0.0040395259857177,0.0003845165884602,0.0120549405059695,0.0266884599812328,1,probes/burgers_boundary_keypoints_v4_extra_seed51_70/probe_runs.csv,1,0.03787031248211858,0.03787031248211858
burgers_boundary_keypoints_v4_extra_seed51_70,burgers,failure_obs16_noise0125,16,0.125,61,burgers_burgers_boundary_keypoints_v4_extra_seed51_70_obs16_noise125_seed61,0.0289588198065757,0.9207847781319906,0.0594478845596313,0.0205907188355922,0.0002532005310058,0.0005319225795457,0.0062785897875035,0.0266884599812328,0,probes/burgers_boundary_keypoints_v4_extra_seed51_70/probe_runs.csv,1,0.03787031248211858,0.03787031248211858
burgers_boundary_keypoints_v4_extra_seed51_70,burgers,failure_obs16_noise0125,16,0.125,62,burgers_burgers_boundary_keypoints_v4_extra_seed51_70_obs16_noise125_seed62,0.0334545224905014,0.9107380779513844,0.0711510181427002,0.0185351837426424,0.0026938915252685,0.0003718551312342,0.0052650142716156,0.0266884599812328,0,probes/burgers_boundary_keypoints_v4_extra_seed51_70/probe_runs.csv,1,0.03787031248211858,0.03787031248211858
burgers_boundary_keypoints_v4_extra_seed51_70,burgers,failure_obs16_noise0125,16,0.125,63,burgers_burgers_boundary_keypoints_v4_extra_seed51_70_obs16_noise125_seed63,0.039592083543539,0.8994090485077914,0.0812755078077316,0.0190586652606725,0.0039831399917602,0.0001859574068126,0.0035231765173024,0.0266884599812328,1,probes/burgers_boundary_keypoints_v4_extra_seed51_70/probe_runs.csv,1,0.03787031248211858,0.03787031248211858
burgers_boundary_keypoints_v4_extra_seed51_70,burgers,failure_obs16_noise0125,16,0.125,64,burgers_burgers_boundary_keypoints_v4_extra_seed51_70_obs16_noise125_seed64,0.0590062104165554,0.8773315025037101,0.0904261916875839,0.0247206985950469,0.0083212256431579,0.0018470031552758,0.0071126115829481,0.0266884599812328,1,probes/burgers_boundary_keypoints_v4_extra_seed51_70/probe_runs.csv,1,0.03787031248211858,0.03787031248211858
burgers_boundary_keypoints_v4_extra_seed51_70,burgers,failure_obs16_noise0125,16,0.125,65,burgers_burgers_boundary_keypoints_v4_extra_seed51_70_obs16_noise125_seed65,0.0422272682189941,0.9064595162452778,0.0734848752617836,0.0195159502327442,0.0029150247573852,0.0001237469591987,0.0046386148151129,0.0266884599812328,1,probes/burgers_boundary_keypoints_v4_extra_seed51_70/probe_runs.csv,1,0.03787031248211858,0.03787031248211858
burgers_boundary_keypoints_v4_extra_seed51_70,burgers,failure_obs16_noise0125,16,0.125,66,burgers_burgers_boundary_keypoints_v4_extra_seed51_70_obs16_noise125_seed66,0.123305968940258,0.7239388113479973,0.0967658758163452,0.0400148294866085,0.0411545038223266,0.0128396684717105,0.0136509870768728,0.0266884599812328,1,probes/burgers_boundary_keypoints_v4_extra_seed51_70/probe_runs.csv,1,0.03787031248211858,0.03787031248211858
burgers_boundary_keypoints_v4_extra_seed51_70,burgers,failure_obs16_noise0125,16,0.125,67,burgers_burgers_boundary_keypoints_v4_extra_seed51_70_obs16_noise125_seed67,0.0485660508275032,0.8998652911675438,0.0767955407500267,0.0232080444693565,0.0046268701553344,0.0002969201266728,0.0068545338667155,0.0266884599812328,1,probes/burgers_boundary_keypoints_v4_extra_seed51_70/probe_runs.csv,1,0.03787031248211858,0.03787031248211858
burgers_boundary_keypoints_v4_extra_seed51_70,burgers,failure_obs16_noise0125,16,0.125,68,burgers_burgers_boundary_keypoints_v4_extra_seed51_70_obs16_noise125_seed68,0.0496286042034626,0.8469315294909162,0.1024086996912956,0.0257126800715923,0.0030996799468994,0.0058981841630938,0.0116325310957502,0.0266884599812328,1,probes/burgers_boundary_keypoints_v4_extra_seed51_70/probe_runs.csv,1,0.03787031248211858,0.03787031248211858
burgers_boundary_keypoints_v4_extra_seed51_70,burgers,failure_obs16_noise0125,16,0.125,69,burgers_burgers_boundary_keypoints_v4_extra_seed51_70_obs16_noise125_seed69,0.0508070848882198,0.879961479140885,0.093398205935955,0.0239107850939035,0.0068639516830444,0.000675859872856,0.0059090621290652,0.0266884599812328,1,probes/burgers_boundary_keypoints_v4_extra_seed51_70/probe_runs.csv,1,0.03787031248211858,0.03787031248211858
burgers_boundary_keypoints_v4_extra_seed51_70,burgers,failure_obs16_noise0125,16,0.125,70,burgers_burgers_boundary_keypoints_v4_extra_seed51_70_obs16_noise125_seed70,0.0809826031327247,0.7101968769780674,0.0971713662147522,0.0276377685368061,0.0152174234390258,0.01652136374011,0.006684184439922,0.0266884599812328,1,probes/burgers_boundary_keypoints_v4_extra_seed51_70/probe_runs.csv,1,0.03787031248211858,0.03787031248211858
burgers_boundary_keypoints_v4_extra_seed51_70,burgers,failure_obs64_noise015,64,0.15,51,burgers_burgers_boundary_keypoints_v4_extra_seed51_70_obs64_noise150_seed51,0.0427653305232524,0.9009881992600156,0.0751877799630165,0.0231407452374696,0.0018047094345092,0.0014744130947245,0.0082909374445442,0.0266884599812328,1,probes/burgers_boundary_keypoints_v4_extra_seed51_70/probe_runs.csv,1,0.03787031248211858,0.03787031248211858
burgers_boundary_keypoints_v4_extra_seed51_70,burgers,failure_obs64_noise015,64,0.15,52,burgers_burgers_boundary_keypoints_v4_extra_seed51_70_obs64_noise150_seed52,0.0574241913855075,0.8852964762911075,0.0784792229533195,0.0153879299759864,0.0043213367462158,0.0040156423427116,0.0153371290728153,0.0266884599812328,1,probes/burgers_boundary_keypoints_v4_extra_seed51_70/probe_runs.csv,1,0.03787031248211858,0.03787031248211858
burgers_boundary_keypoints_v4_extra_seed51_70,burgers,failure_obs64_noise015,64,0.15,53,burgers_burgers_boundary_keypoints_v4_extra_seed51_70_obs64_noise150_seed53,0.0262551344931125,0.919722944581894,0.0607911124825477,0.016050536185503,0.0017579793930053,0.001247902936185,0.0086147320669242,0.0266884599812328,0,probes/burgers_boundary_keypoints_v4_extra_seed51_70/probe_runs.csv,0,0.03787031248211858,0.03787031248211858
burgers_boundary_keypoints_v4_extra_seed51_70,burgers,failure_obs64_noise015,64,0.15,54,burgers_burgers_boundary_keypoints_v4_extra_seed51_70_obs64_noise150_seed54,0.0402384102344512,0.8956841149621629,0.081448033452034,0.0247058905661106,0.0041748881340026,0.0010580221566266,0.010961912655951,0.0266884599812328,1,probes/burgers_boundary_keypoints_v4_extra_seed51_70/probe_runs.csv,1,0.03787031248211858,0.03787031248211858
burgers_boundary_keypoints_v4_extra_seed51_70,burgers,failure_obs64_noise015,64,0.15,55,burgers_burgers_boundary_keypoints_v4_extra_seed51_70_obs64_noise150_seed55,0.0304260142147541,0.9224903295938354,0.058348674327135,0.0173420794308185,0.0017231702804565,0.000138883512968,0.0106393888975097,0.0266884599812328,0,probes/burgers_boundary_keypoints_v4_extra_seed51_70/probe_runs.csv,1,0.03787031248211858,0.03787031248211858
burgers_boundary_keypoints_v4_extra_seed51_70,burgers,failure_obs64_noise015,64,0.15,56,burgers_burgers_boundary_keypoints_v4_extra_seed51_70_obs64_noise150_seed56,0.0443323254585266,0.8909918304816375,0.0866057425737381,0.0213820673525333,0.0067771077156066,0.0003428882220696,0.0065050770747668,0.0266884599812328,1,probes/burgers_boundary_keypoints_v4_extra_seed51_70/probe_runs.csv,1,0.03787031248211858,0.03787031248211858
burgers_boundary_keypoints_v4_extra_seed51_70,burgers,failure_obs64_noise015,64,0.15,57,burgers_burgers_boundary_keypoints_v4_extra_seed51_70_obs64_noise150_seed57,0.0610206127166748,0.8956737544771972,0.0749458596110344,0.0191993191838264,0.0133976340293884,0.0008605385001759,0.0118010468334668,0.0266884599812328,1,probes/burgers_boundary_keypoints_v4_extra_seed51_70/probe_runs.csv,1,0.03787031248211858,0.03787031248211858
burgers_boundary_keypoints_v4_extra_seed51_70,burgers,failure_obs64_noise015,64,0.15,58,burgers_burgers_boundary_keypoints_v4_extra_seed51_70_obs64_noise150_seed58,0.0238895546644926,0.913386304167947,0.0721125304698944,0.0155323827639222,0.0010570883750915,0.000176038440022,0.0114708620638344,0.0266884599812328,0,probes/burgers_boundary_keypoints_v4_extra_seed51_70/probe_runs.csv,0,0.03787031248211858,0.03787031248211858
burgers_boundary_keypoints_v4_extra_seed51_70,burgers,failure_obs64_noise015,64,0.15,59,burgers_burgers_boundary_keypoints_v4_extra_seed51_70_obs64_noise150_seed59,0.0248996280133724,0.9119906299239052,0.0727340579032898,0.0170565843582153,0.0027145147323608,0.0001573096526985,0.0125627077131252,0.0266884599812328,0,probes/burgers_boundary_keypoints_v4_extra_seed51_70/probe_runs.csv,0,0.03787031248211858,0.03787031248211858
burgers_boundary_keypoints_v4_extra_seed51_70,burgers,failure_obs64_noise015,64,0.15,60,burgers_burgers_boundary_keypoints_v4_extra_seed51_70_obs64_noise150_seed60,0.0678298994898796,0.827805450667227,0.0931714624166488,0.0306061878800392,0.0087377429008483,0.0082875532862049,0.0151435656886441,0.0266884599812328,1,probes/burgers_boundary_keypoints_v4_extra_seed51_70/probe_runs.csv,1,0.03787031248211858,0.03787031248211858
burgers_boundary_keypoints_v4_extra_seed51_70,burgers,failure_obs64_noise015,64,0.15,61,burgers_burgers_boundary_keypoints_v4_extra_seed51_70_obs64_noise150_seed61,0.0348000898957252,0.9028261526356718,0.0650890916585922,0.0220914836972951,0.0010832548141479,0.0040662178766894,0.011228424405592,0.0266884599812328,0,probes/burgers_boundary_keypoints_v4_extra_seed51_70/probe_runs.csv,1,0.03787031248211858,0.03787031248211858
burgers_boundary_keypoints_v4_extra_seed51_70,burgers,failure_obs64_noise015,64,0.15,62,burgers_burgers_boundary_keypoints_v4_extra_seed51_70_obs64_noise150_seed62,0.0439739488065242,0.8965864063943754,0.0795093178749084,0.0239073075354099,0.0070770382881164,0.0009518241605647,0.0084922570429365,0.0266884599812328,1,probes/burgers_boundary_keypoints_v4_extra_seed51_70/probe_runs.csv,1,0.03787031248211858,0.03787031248211858
burgers_boundary_keypoints_v4_extra_seed51_70,burgers,failure_obs64_noise015,64,0.15,63,burgers_burgers_boundary_keypoints_v4_extra_seed51_70_obs64_noise150_seed63,0.0291360132396221,0.9059426712266764,0.0757905468344688,0.0214151814579963,0.0019899010658264,0.0008325319989966,0.0078594266193414,0.0266884599812328,0,probes/burgers_boundary_keypoints_v4_extra_seed51_70/probe_runs.csv,1,0.03787031248211858,0.03787031248211858
burgers_boundary_keypoints_v4_extra_seed51_70,burgers,failure_obs64_noise015,64,0.15,64,burgers_burgers_boundary_keypoints_v4_extra_seed51_70_obs64_noise150_seed64,0.0280141122639179,0.9185408572478108,0.0646949559450149,0.0169477574527263,0.0013369917869567,0.0001154453161661,0.0083441032332924,0.0266884599812328,0,probes/burgers_boundary_keypoints_v4_extra_seed51_70/probe_runs.csv,1,0.03787031248211858,0.03787031248211858
burgers_boundary_keypoints_v4_extra_seed51_70,burgers,failure_obs64_noise015,64,0.15,65,burgers_burgers_boundary_keypoints_v4_extra_seed51_70_obs64_noise150_seed65,0.0380649976432323,0.8681106576747645,0.0792407393455505,0.0188377071171998,0.0050051808357238,0.0071309759385949,0.0124056953267484,0.0266884599812328,1,probes/burgers_boundary_keypoints_v4_extra_seed51_70/probe_runs.csv,1,0.03787031248211858,0.03787031248211858
burgers_boundary_keypoints_v4_extra_seed51_70,burgers,failure_obs64_noise015,64,0.15,66,burgers_burgers_boundary_keypoints_v4_extra_seed51_70_obs64_noise150_seed66,0.03520193323493,0.8983983973961683,0.0827130153775215,0.0195520110428333,0.0039470791816711,0.000425070368643,0.0112547739799327,0.0266884599812328,0,probes/burgers_boundary_keypoints_v4_extra_seed51_70/probe_runs.csv,1,0.03787031248211858,0.03787031248211858
burgers_boundary_keypoints_v4_extra_seed51_70,burgers,failure_obs64_noise015,64,0.15,67,burgers_burgers_boundary_keypoints_v4_extra_seed51_70_obs64_noise150_seed67,0.0804608985781669,0.8313690970266829,0.0882392525672912,0.0376016423106193,0.0096667408943176,0.0077376103037812,0.0134884667231708,0.0266884599812328,1,probes/burgers_boundary_keypoints_v4_extra_seed51_70/probe_runs.csv,1,0.03787031248211858,0.03787031248211858
burgers_boundary_keypoints_v4_extra_seed51_70,burgers,failure_obs64_noise015,64,0.15,68,burgers_burgers_boundary_keypoints_v4_extra_seed51_70_obs64_noise150_seed68,0.0350090712308883,0.9133538567922076,0.0687122866511344,0.014648487791419,0.0047639608383178,0.0001451501149769,0.0109987586171855,0.0266884599812328,0,probes/burgers_boundary_keypoints_v4_extra_seed51_70/probe_runs.csv,1,0.03787031248211858,0.03787031248211858
burgers_boundary_keypoints_v4_extra_seed51_70,burgers,failure_obs64_noise015,64,0.15,69,burgers_burgers_boundary_keypoints_v4_extra_seed51_70_obs64_noise150_seed69,0.0352033376693725,0.9077514183658686,0.0705630406737327,0.0209290999919176,0.0035376548767089,0.0013929992919801,0.0091228716736219,0.0266884599812328,0,probes/burgers_boundary_keypoints_v4_extra_seed51_70/probe_runs.csv,1,0.03787031248211858,0.03787031248211858
burgers_boundary_keypoints_v4_extra_seed51_70,burgers,failure_obs64_noise015,64,0.15,70,burgers_burgers_boundary_keypoints_v4_extra_seed51_70_obs64_noise150_seed70,0.0403875932097435,0.8255347541412899,0.0735082104802131,0.0205436144024133,0.0040821433067321,0.0111425256624904,0.0087817061612433,0.0266884599812328,1,probes/burgers_boundary_keypoints_v4_extra_seed51_70/probe_runs.csv,1,0.03787031248211858,0.03787031248211858
burgers_boundary_keypoints_v4_extra_seed51_70,burgers,failure_obs32_noise0175,32,0.175,51,burgers_burgers_boundary_keypoints_v4_extra_seed51_70_obs32_noise175_seed51,0.0460923090577125,0.9041473817911578,0.07332793623209,0.0222702324390411,0.0035591721534729,0.0003401214987968,0.0119753544827567,0.0266884599812328,1,probes/burgers_boundary_keypoints_v4_extra_seed51_70/probe_runs.csv,1,0.03787031248211858,0.03787031248211858
burgers_boundary_keypoints_v4_extra_seed51_70,burgers,failure_obs32_noise0175,32,0.175,52,burgers_burgers_boundary_keypoints_v4_extra_seed51_70_obs32_noise175_seed52,0.0973332896828651,0.8453689600383858,0.1044046431779861,0.0213623661547899,0.0150259733200073,0.0006296612814154,0.0252785899673974,0.0266884599812328,1,probes/burgers_boundary_keypoints_v4_extra_seed51_70/probe_runs.csv,1,0.03787031248211858,0.03787031248211858
burgers_boundary_keypoints_v4_extra_seed51_70,burgers,failure_obs32_noise0175,32,0.175,53,burgers_burgers_boundary_keypoints_v4_extra_seed51_70_obs32_noise175_seed53,0.0323243923485279,0.9038435358594826,0.0792534500360488,0.0168133191764354,0.0025396347045898,0.000276072413268,0.0114311906145285,0.0266884599812328,0,probes/burgers_boundary_keypoints_v4_extra_seed51_70/probe_runs.csv,1,0.03787031248211858,0.03787031248211858
burgers_boundary_keypoints_v4_extra_seed51_70,burgers,failure_obs32_noise0175,32,0.175,54,burgers_burgers_boundary_keypoints_v4_extra_seed51_70_obs32_noise175_seed54,0.0461595952510833,0.8765895752903587,0.0979876071214675,0.0249251443892717,0.0043152570724487,0.0003565647311535,0.0119028657086222,0.0266884599812328,1,probes/burgers_boundary_keypoints_v4_extra_seed51_70/probe_runs.csv,1,0.03787031248211858,0.03787031248211858
burgers_boundary_keypoints_v4_extra_seed51_70,burgers,failure_obs32_noise0175,32,0.175,55,burgers_burgers_boundary_keypoints_v4_extra_seed51_70_obs32_noise175_seed55,0.053012728691101,0.8997023285002778,0.0757474303245544,0.0190480835735797,0.0102416276931762,0.0001547400893609,0.0117779709751859,0.0266884599812328,1,probes/burgers_boundary_keypoints_v4_extra_seed51_70/probe_runs.csv,1,0.03787031248211858,0.03787031248211858
burgers_boundary_keypoints_v4_extra_seed51_70,burgers,failure_obs32_noise0175,32,0.175,56,burgers_burgers_boundary_keypoints_v4_extra_seed51_70_obs32_noise175_seed56,0.037820991128683,0.8895634433490714,0.0894653350114822,0.0226409044116735,0.0041272640228271,0.0004153493243094,0.0103561478546864,0.0266884599812328,0,probes/burgers_boundary_keypoints_v4_extra_seed51_70/probe_runs.csv,1,0.03787031248211858,0.03787031248211858
burgers_boundary_keypoints_v4_extra_seed51_70,burgers,failure_obs32_noise0175,32,0.175,57,burgers_burgers_boundary_keypoints_v4_extra_seed51_70_obs32_noise175_seed57,0.0570526905357837,0.8916402588670286,0.081096775829792,0.0217914655804634,0.0121703743934631,0.0003475697913235,0.0121475653590787,0.0266884599812328,1,probes/burgers_boundary_keypoints_v4_extra_seed51_70/probe_runs.csv,1,0.03787031248211858,0.03787031248211858
burgers_boundary_keypoints_v4_extra_seed51_70,burgers,failure_obs32_noise0175,32,0.175,58,burgers_burgers_boundary_keypoints_v4_extra_seed51_70_obs32_noise175_seed58,0.0349705964326858,0.893001793697824,0.0869876593351364,0.0238295793533325,0.004547894001007,0.0001693494137266,0.0214987935301838,0.0266884599812328,0,probes/burgers_boundary_keypoints_v4_extra_seed51_70/probe_runs.csv,1,0.03787031248211858,0.03787031248211858
burgers_boundary_keypoints_v4_extra_seed51_70,burgers,failure_obs32_noise0175,32,0.175,59,burgers_burgers_boundary_keypoints_v4_extra_seed51_70_obs32_noise175_seed59,0.0512042492628097,0.8758350314763107,0.0983687937259674,0.0216776262968778,0.0024645328521728,0.0002202496351314,0.0152148613691114,0.0266884599812328,1,probes/burgers_boundary_keypoints_v4_extra_seed51_70/probe_runs.csv,1,0.03787031248211858,0.03787031248211858
burgers_boundary_keypoints_v4_extra_seed51_70,burgers,failure_obs32_noise0175,32,0.175,60,burgers_burgers_boundary_keypoints_v4_extra_seed51_70_obs32_noise175_seed60,0.0772712305188179,0.7272054855516743,0.1062141731381416,0.0332957357168197,0.010293960571289,0.0143111412454095,0.0173136203443192,0.0266884599812328,1,probes/burgers_boundary_keypoints_v4_extra_seed51_70/probe_runs.csv,1,0.03787031248211858,0.03787031248211858
burgers_boundary_keypoints_v4_extra_seed51_70,burgers,failure_obs32_noise0175,32,0.175,61,burgers_burgers_boundary_keypoints_v4_extra_seed51_70_obs32_noise175_seed61,0.0575732551515102,0.8969977082069723,0.0771088451147079,0.0242379046976566,0.0008844137191772,0.0002393115432631,0.0112084055217161,0.0266884599812328,1,probes/burgers_boundary_keypoints_v4_extra_seed51_70/probe_runs.csv,1,0.03787031248211858,0.03787031248211858
burgers_boundary_keypoints_v4_extra_seed51_70,burgers,failure_obs32_noise0175,32,0.175,62,burgers_burgers_boundary_keypoints_v4_extra_seed51_70_obs32_noise175_seed62,0.0322938226163387,0.9044581890583684,0.078357383608818,0.018875041976571,0.0032007694244384,0.0001538474906281,0.0070090909857157,0.0266884599812328,0,probes/burgers_boundary_keypoints_v4_extra_seed51_70/probe_runs.csv,1,0.03787031248211858,0.03787031248211858
burgers_boundary_keypoints_v4_extra_seed51_70,burgers,failure_obs32_noise0175,32,0.175,63,burgers_burgers_boundary_keypoints_v4_extra_seed51_70_obs32_noise175_seed63,0.0568103492259979,0.8623807046614801,0.0890860557556152,0.0269355680793523,0.0009998083114624,0.0056585319902612,0.0082857389133935,0.0266884599812328,1,probes/burgers_boundary_keypoints_v4_extra_seed51_70/probe_runs.csv,1,0.03787031248211858,0.03787031248211858
burgers_boundary_keypoints_v4_extra_seed51_70,burgers,failure_obs32_noise0175,32,0.175,64,burgers_burgers_boundary_keypoints_v4_extra_seed51_70_obs32_noise175_seed64,0.0474622994661331,0.885856001405781,0.0895616188645362,0.0208975877612829,0.0042698979377746,0.0009784058196426,0.0136380210677741,0.0266884599812328,1,probes/burgers_boundary_keypoints_v4_extra_seed51_70/probe_runs.csv,1,0.03787031248211858,0.03787031248211858
burgers_boundary_keypoints_v4_extra_seed51_70,burgers,failure_obs32_noise0175,32,0.175,65,burgers_burgers_boundary_keypoints_v4_extra_seed51_70_obs32_noise175_seed65,0.0330127105116844,0.8982315451515078,0.0849813893437385,0.0122770061716437,0.0044516921043396,0.0002814191221936,0.0131895377206602,0.0266884599812328,0,probes/burgers_boundary_keypoints_v4_extra_seed51_70/probe_runs.csv,1,0.03787031248211858,0.03787031248211858
burgers_boundary_keypoints_v4_extra_seed51_70,burgers,failure_obs32_noise0175,32,0.175,66,burgers_burgers_boundary_keypoints_v4_extra_seed51_70_obs32_noise175_seed66,0.0302323624491691,0.9056699471407784,0.0771976262331008,0.0187495723366737,0.0014099478721618,0.0004794779978929,0.0162631702063939,0.0266884599812328,0,probes/burgers_boundary_keypoints_v4_extra_seed51_70/probe_runs.csv,1,0.03787031248211858,0.03787031248211858
burgers_boundary_keypoints_v4_extra_seed51_70,burgers,failure_obs32_noise0175,32,0.175,67,burgers_burgers_boundary_keypoints_v4_extra_seed51_70_obs32_noise175_seed67,0.0373640209436416,0.8960631602418555,0.0832619816064834,0.0260014552623033,0.0021587014198303,0.0003539825467938,0.0095342231727835,0.0266884599812328,0,probes/burgers_boundary_keypoints_v4_extra_seed51_70/probe_runs.csv,1,0.03787031248211858,0.03787031248211858
burgers_boundary_keypoints_v4_extra_seed51_70,burgers,failure_obs32_noise0175,32,0.175,68,burgers_burgers_boundary_keypoints_v4_extra_seed51_70_obs32_noise175_seed68,0.0670782029628753,0.8790122359559945,0.0887866988778114,0.0219272747635841,0.0165317058563232,0.0002075385118199,0.0140296890404396,0.0266884599812328,1,probes/burgers_boundary_keypoints_v4_extra_seed51_70/probe_runs.csv,1,0.03787031248211858,0.03787031248211858
burgers_boundary_keypoints_v4_extra_seed51_70,burgers,failure_obs32_noise0175,32,0.175,69,burgers_burgers_boundary_keypoints_v4_extra_seed51_70_obs32_noise175_seed69,0.0876991972327232,0.847106830555423,0.1045019254088401,0.0227486882358789,0.0319761633872985,0.0002825162681478,0.0096383069041337,0.0266884599812328,1,probes/burgers_boundary_keypoints_v4_extra_seed51_70/probe_runs.csv,1,0.03787031248211858,0.03787031248211858
burgers_boundary_keypoints_v4_extra_seed51_70,burgers,failure_obs32_noise0175,32,0.175,70,burgers_burgers_boundary_keypoints_v4_extra_seed51_70_obs32_noise175_seed70,0.0443076118826866,0.8861103193642517,0.0906507596373558,0.0237387120723724,0.0031934976577758,0.0004653326156731,0.0144671990357841,0.0266884599812328,1,probes/burgers_boundary_keypoints_v4_extra_seed51_70/probe_runs.csv,1,0.03787031248211858,0.03787031248211858
burgers_boundary_keypoints_v5_transition_seed71_80,burgers,safe_edge_obs64_noise005,64,0.05,71,burgers_burgers_boundary_keypoints_v5_transition_seed71_80_obs64_noise050_seed71,0.0317566506564617,0.9002608468906631,0.0812898725271225,0.0229410771280527,0.0032529234886169,0.0003744361743168,0.0030102452934587,0.0266884599812328,0,probes/burgers_boundary_keypoints_v5_transition_seed71_80/probe_runs.csv,1,0.03787031248211858,0.03787031248211858
burgers_boundary_keypoints_v5_transition_seed71_80,burgers,safe_edge_obs64_noise005,64,0.05,72,burgers_burgers_boundary_keypoints_v5_transition_seed71_80_obs64_noise050_seed72,0.0222930293530225,0.9225838820235936,0.0609355978667736,0.0168420597910881,0.0009925365447998,0.0002932581398453,0.0021695549689255,0.0266884599812328,0,probes/burgers_boundary_keypoints_v5_transition_seed71_80/probe_runs.csv,0,0.03787031248211858,0.03787031248211858
burgers_boundary_keypoints_v5_transition_seed71_80,burgers,safe_edge_obs64_noise005,64,0.05,73,burgers_burgers_boundary_keypoints_v5_transition_seed71_80_obs64_noise050_seed73,0.0234343484044075,0.9209653893453008,0.0646722689270973,0.0118110226467251,0.0013105273246765,5.302849647716081e-05,0.0023726208577196,0.0266884599812328,0,probes/burgers_boundary_keypoints_v5_transition_seed71_80/probe_runs.csv,0,0.03787031248211858,0.03787031248211858
burgers_boundary_keypoints_v5_transition_seed71_80,burgers,safe_edge_obs64_noise005,64,0.05,74,burgers_burgers_boundary_keypoints_v5_transition_seed71_80_obs64_noise050_seed74,0.0248089134693145,0.9210718432012444,0.062864638864994,0.0154037298634648,0.0018509626388549,0.0001263952306612,0.0021993103211072,0.0266884599812328,0,probes/burgers_boundary_keypoints_v5_transition_seed71_80/probe_runs.csv,0,0.03787031248211858,0.03787031248211858
burgers_boundary_keypoints_v5_transition_seed71_80,burgers,safe_edge_obs64_noise005,64,0.05,75,burgers_burgers_boundary_keypoints_v5_transition_seed71_80_obs64_noise050_seed75,0.0316599793732166,0.9104644536752494,0.0701255574822425,0.0224797762930393,0.0015602707862854,0.0007876544804038,0.0024028697600655,0.0266884599812328,0,probes/burgers_boundary_keypoints_v5_transition_seed71_80/probe_runs.csv,1,0.03787031248211858,0.03787031248211858
burgers_boundary_keypoints_v5_transition_seed71_80,burgers,safe_edge_obs64_noise005,64,0.05,76,burgers_burgers_boundary_keypoints_v5_transition_seed71_80_obs64_noise050_seed76,0.0301627349108457,0.863414910437971,0.0922177657485008,0.0244401711970567,0.0028343200683593,0.0061403476878593,0.0041692633917256,0.0266884599812328,0,probes/burgers_boundary_keypoints_v5_transition_seed71_80/probe_runs.csv,1,0.03787031248211858,0.03787031248211858
burgers_boundary_keypoints_v5_transition_seed71_80,burgers,safe_edge_obs64_noise005,64,0.05,77,burgers_burgers_boundary_keypoints_v5_transition_seed71_80_obs64_noise050_seed77,0.0208221338689327,0.9244391980524136,0.0593421012163162,0.0166866350919008,0.0004093050956726,0.0001615176512053,0.002321825767848,0.0266884599812328,0,probes/burgers_boundary_keypoints_v5_transition_seed71_80/probe_runs.csv,0,0.03787031248211858,0.03787031248211858
burgers_boundary_keypoints_v5_transition_seed71_80,burgers,safe_edge_obs64_noise005,64,0.05,78,burgers_burgers_boundary_keypoints_v5_transition_seed71_80_obs64_noise050_seed78,0.0154054863378405,0.9335731864709004,0.0485005415976047,0.0127445589751005,0.0004422068595886,0.0001246469629085,0.0017427657504955,0.0266884599812328,0,probes/burgers_boundary_keypoints_v5_transition_seed71_80/probe_runs.csv,0,0.03787031248211858,0.03787031248211858
burgers_boundary_keypoints_v5_transition_seed71_80,burgers,safe_edge_obs64_noise005,64,0.05,79,burgers_burgers_boundary_keypoints_v5_transition_seed71_80_obs64_noise050_seed79,0.0213955026119947,0.9166368802264842,0.0686711370944976,0.017177689820528,0.0006178617477416,0.0002625695287778,0.002501690196128,0.0266884599812328,0,probes/burgers_boundary_keypoints_v5_transition_seed71_80/probe_runs.csv,0,0.03787031248211858,0.03787031248211858
burgers_boundary_keypoints_v5_transition_seed71_80,burgers,safe_edge_obs64_noise005,64,0.05,80,burgers_burgers_boundary_keypoints_v5_transition_seed71_80_obs64_noise050_seed80,0.0401946380734443,0.888930083935662,0.0885723307728767,0.0272116865962743,0.0032666325569152,0.0004355917708742,0.0044627764635582,0.0266884599812328,1,probes/burgers_boundary_keypoints_v5_transition_seed71_80/probe_runs.csv,1,0.03787031248211858,0.03787031248211858
burgers_boundary_keypoints_v5_transition_seed71_80,burgers,transition_obs48_noise005,48,0.05,71,burgers_burgers_boundary_keypoints_v5_transition_seed71_80_obs48_noise050_seed71,0.0273211579769849,0.9076299703889148,0.0731554105877876,0.0211743861436843,0.0014297366142272,0.0014422415638632,0.0026307829390762,0.0266884599812328,0,probes/burgers_boundary_keypoints_v5_transition_seed71_80/probe_runs.csv,1,0.03787031248211858,0.03787031248211858
burgers_boundary_keypoints_v5_transition_seed71_80,burgers,transition_obs48_noise005,48,0.05,72,burgers_burgers_boundary_keypoints_v5_transition_seed71_80_obs48_noise050_seed72,0.0227922666817903,0.9219384795495976,0.061288446187973,0.0181066263467073,0.0009465217590332,0.0002780770737647,0.0020427813348656,0.0266884599812328,0,probes/burgers_boundary_keypoints_v5_transition_seed71_80/probe_runs.csv,0,0.03787031248211858,0.03787031248211858
burgers_boundary_keypoints_v5_transition_seed71_80,burgers,transition_obs48_noise005,48,0.05,73,burgers_burgers_boundary_keypoints_v5_transition_seed71_80_obs48_noise050_seed73,0.0409482829272747,0.8832812376495442,0.0723180249333381,0.0168675687164068,0.0032330751419067,0.0061204672209325,0.0045074030967066,0.0266884599812328,1,probes/burgers_boundary_keypoints_v5_transition_seed71_80/probe_runs.csv,1,0.03787031248211858,0.03787031248211858
burgers_boundary_keypoints_v5_transition_seed71_80,burgers,transition_obs48_noise005,48,0.05,74,burgers_burgers_boundary_keypoints_v5_transition_seed71_80_obs48_noise050_seed74,0.0251230299472808,0.9188939196339244,0.065170906484127,0.0162879712879657,0.0021902322769165,0.0001423588276585,0.0021675948509613,0.0266884599812328,0,probes/burgers_boundary_keypoints_v5_transition_seed71_80/probe_runs.csv,0,0.03787031248211858,0.03787031248211858
burgers_boundary_keypoints_v5_transition_seed71_80,burgers,transition_obs48_noise005,48,0.05,75,burgers_burgers_boundary_keypoints_v5_transition_seed71_80_obs48_noise050_seed75,0.0293602980673313,0.906222431035696,0.0742974802851677,0.0228060614317655,0.001937985420227,0.0011833918192696,0.002555557378729,0.0266884599812328,0,probes/burgers_boundary_keypoints_v5_transition_seed71_80/probe_runs.csv,1,0.03787031248211858,0.03787031248211858
burgers_boundary_keypoints_v5_transition_seed71_80,burgers,transition_obs48_noise005,48,0.05,76,burgers_burgers_boundary_keypoints_v5_transition_seed71_80_obs48_noise050_seed76,0.0261467527598142,0.903466682312551,0.0798042640089988,0.0226879548281431,0.0019087195396423,0.0003410808393898,0.0029678137943283,0.0266884599812328,0,probes/burgers_boundary_keypoints_v5_transition_seed71_80/probe_runs.csv,0,0.03787031248211858,0.03787031248211858
burgers_boundary_keypoints_v5_transition_seed71_80,burgers,transition_obs48_noise005,48,0.05,77,burgers_burgers_boundary_keypoints_v5_transition_seed71_80_obs48_noise050_seed77,0.0273278430104255,0.9142152125471166,0.0670057609677314,0.0210534576326608,0.0018914937973022,0.000904463540025,0.0029169918424343,0.0266884599812328,0,probes/burgers_boundary_keypoints_v5_transition_seed71_80/probe_runs.csv,1,0.03787031248211858,0.03787031248211858
burgers_boundary_keypoints_v5_transition_seed71_80,burgers,transition_obs48_noise005,48,0.05,78,burgers_burgers_boundary_keypoints_v5_transition_seed71_80_obs48_noise050_seed78,0.0257584434002637,0.9282053039764786,0.0524682514369487,0.014671292155981,0.001655638217926,0.0001939827073467,0.0019168851651366,0.0266884599812328,0,probes/burgers_boundary_keypoints_v5_transition_seed71_80/probe_runs.csv,0,0.03787031248211858,0.03787031248211858
burgers_boundary_keypoints_v5_transition_seed71_80,burgers,transition_obs48_noise005,48,0.05,79,burgers_burgers_boundary_keypoints_v5_transition_seed71_80_obs48_noise050_seed79,0.0288350321352481,0.9067838931761212,0.0722870901226997,0.0198782719671726,0.001039445400238,0.0020466873097575,0.0023973901512672,0.0266884599812328,0,probes/burgers_boundary_keypoints_v5_transition_seed71_80/probe_runs.csv,1,0.03787031248211858,0.03787031248211858
burgers_boundary_keypoints_v5_transition_seed71_80,burgers,transition_obs48_noise005,48,0.05,80,burgers_burgers_boundary_keypoints_v5_transition_seed71_80_obs48_noise050_seed80,0.0291874520480632,0.9000094736920129,0.082437552511692,0.0229071415960788,0.0025686025619506,0.0002678580519734,0.0037188514745714,0.0266884599812328,0,probes/burgers_boundary_keypoints_v5_transition_seed71_80/probe_runs.csv,1,0.03787031248211858,0.03787031248211858
burgers_boundary_keypoints_v5_transition_seed71_80,burgers,seed_sensitive_obs32_noise010,32,0.1,71,burgers_burgers_boundary_keypoints_v5_transition_seed71_80_obs32_noise100_seed71,0.0277814082801342,0.916711978772006,0.0662537515163421,0.0195817984640598,0.001112937927246,0.0001642690776141,0.0035183063523118,0.0266884599812328,0,probes/burgers_boundary_keypoints_v5_transition_seed71_80/probe_runs.csv,1,0.03787031248211858,0.03787031248211858
burgers_boundary_keypoints_v5_transition_seed71_80,burgers,seed_sensitive_obs32_noise010,32,0.1,72,burgers_burgers_boundary_keypoints_v5_transition_seed71_80_obs32_noise100_seed72,0.0288325790315866,0.9094524964861664,0.0700768753886222,0.0177540723234415,0.0008530616760253,0.0019870242481552,0.0040398257724713,0.0266884599812328,0,probes/burgers_boundary_keypoints_v5_transition_seed71_80/probe_runs.csv,1,0.03787031248211858,0.03787031248211858
burgers_boundary_keypoints_v5_transition_seed71_80,burgers,seed_sensitive_obs32_noise010,32,0.1,73,burgers_burgers_boundary_keypoints_v5_transition_seed71_80_obs32_noise100_seed73,0.0487059988081455,0.8943673441880692,0.0855640992522239,0.0113824997097253,0.0010760426521301,0.0001083837797788,0.0056404969044568,0.0266884599812328,1,probes/burgers_boundary_keypoints_v5_transition_seed71_80/probe_runs.csv,1,0.03787031248211858,0.03787031248211858
burgers_boundary_keypoints_v5_transition_seed71_80,burgers,seed_sensitive_obs32_noise010,32,0.1,74,burgers_burgers_boundary_keypoints_v5_transition_seed71_80_obs32_noise100_seed74,0.0385878756642341,0.909379314040529,0.0712468475103378,0.0181118045002222,0.0055956244468688,0.0001251022944493,0.0049359973996577,0.0266884599812328,1,probes/burgers_boundary_keypoints_v5_transition_seed71_80/probe_runs.csv,1,0.03787031248211858,0.03787031248211858
burgers_boundary_keypoints_v5_transition_seed71_80,burgers,seed_sensitive_obs32_noise010,32,0.1,75,burgers_burgers_boundary_keypoints_v5_transition_seed71_80_obs32_noise100_seed75,0.02757846750319,0.910237761860166,0.0724270269274711,0.0225597601383924,0.0017696619033813,0.0003381299853458,0.003822765739404,0.0266884599812328,0,probes/burgers_boundary_keypoints_v5_transition_seed71_80/probe_runs.csv,1,0.03787031248211858,0.03787031248211858
burgers_boundary_keypoints_v5_transition_seed71_80,burgers,seed_sensitive_obs32_noise010,32,0.1,76,burgers_burgers_boundary_keypoints_v5_transition_seed71_80_obs32_noise100_seed76,0.0338559038937091,0.8773432177829591,0.0997733622789383,0.0239246115088462,0.0033751130104064,0.0007972923556308,0.008315836726281,0.0266884599812328,0,probes/burgers_boundary_keypoints_v5_transition_seed71_80/probe_runs.csv,1,0.03787031248211858,0.03787031248211858
burgers_boundary_keypoints_v5_transition_seed71_80,burgers,seed_sensitive_obs32_noise010,32,0.1,77,burgers_burgers_boundary_keypoints_v5_transition_seed71_80_obs32_noise100_seed77,0.0374056100845336,0.8961304443229653,0.0840976908802986,0.0224043559283018,0.003936231136322,0.0002094153751804,0.0070332097752592,0.0266884599812328,0,probes/burgers_boundary_keypoints_v5_transition_seed71_80/probe_runs.csv,1,0.03787031248211858,0.03787031248211858
burgers_boundary_keypoints_v5_transition_seed71_80,burgers,seed_sensitive_obs32_noise010,32,0.1,78,burgers_burgers_boundary_keypoints_v5_transition_seed71_80_obs32_noise100_seed78,0.0209195483475923,0.9297238425967328,0.0523616634309291,0.0145129095762968,0.0005673170089721,7.898787829902611e-05,0.0044333433357014,0.0266884599812328,0,probes/burgers_boundary_keypoints_v5_transition_seed71_80/probe_runs.csv,0,0.03787031248211858,0.03787031248211858
burgers_boundary_keypoints_v5_transition_seed71_80,burgers,seed_sensitive_obs32_noise010,32,0.1,79,burgers_burgers_boundary_keypoints_v5_transition_seed71_80_obs32_noise100_seed79,0.0471471510827541,0.8968852869202281,0.0815794616937637,0.0203106794506311,0.0017270445823669,0.0002283351792558,0.0052027682048233,0.0266884599812328,1,probes/burgers_boundary_keypoints_v5_transition_seed71_80/probe_runs.csv,1,0.03787031248211858,0.03787031248211858
burgers_boundary_keypoints_v5_transition_seed71_80,burgers,seed_sensitive_obs32_noise010,32,0.1,80,burgers_burgers_boundary_keypoints_v5_transition_seed71_80_obs32_noise100_seed80,0.0470812916755676,0.877236544041371,0.0967505201697349,0.027313008904457,0.0051991343498229,0.0003055132203596,0.0072039229853288,0.0266884599812328,1,probes/burgers_boundary_keypoints_v5_transition_seed71_80/probe_runs.csv,1,0.03787031248211858,0.03787031248211858
burgers_boundary_keypoints_v5_transition_seed71_80,burgers,transition_obs24_noise0125,24,0.125,71,burgers_burgers_boundary_keypoints_v5_transition_seed71_80_obs24_noise125_seed71,0.0576957985758781,0.8742512282921563,0.0928699076175689,0.0270446352660655,0.009069800376892,0.0018183596674578,0.0097608492814457,0.0266884599812328,1,probes/burgers_boundary_keypoints_v5_transition_seed71_80/probe_runs.csv,1,0.03787031248211858,0.03787031248211858
burgers_boundary_keypoints_v5_transition_seed71_80,burgers,transition_obs24_noise0125,24,0.125,72,burgers_burgers_boundary_keypoints_v5_transition_seed71_80_obs24_noise125_seed72,0.0676144063472747,0.8903381603735548,0.076718583703041,0.0230116359889507,0.0061061382293701,0.0015392030247389,0.0057824509094699,0.0266884599812328,1,probes/burgers_boundary_keypoints_v5_transition_seed71_80/probe_runs.csv,1,0.03787031248211858,0.03787031248211858
burgers_boundary_keypoints_v5_transition_seed71_80,burgers,transition_obs24_noise0125,24,0.125,73,burgers_burgers_boundary_keypoints_v5_transition_seed71_80_obs24_noise125_seed73,0.0691270008683204,0.8692689210363851,0.0949271693825721,0.0189300589263439,0.0198168754577636,0.0011130249701496,0.0066030987995468,0.0266884599812328,1,probes/burgers_boundary_keypoints_v5_transition_seed71_80/probe_runs.csv,1,0.03787031248211858,0.03787031248211858
burgers_boundary_keypoints_v5_transition_seed71_80,burgers,transition_obs24_noise0125,24,0.125,74,burgers_burgers_boundary_keypoints_v5_transition_seed71_80_obs24_noise125_seed74,0.0548065155744552,0.898282764540059,0.0766203254461288,0.0196166262030601,0.0061410665512084,0.0004792407191431,0.0100913293941525,0.0266884599812328,1,probes/burgers_boundary_keypoints_v5_transition_seed71_80/probe_runs.csv,1,0.03787031248211858,0.03787031248211858
burgers_boundary_keypoints_v5_transition_seed71_80,burgers,transition_obs24_noise0125,24,0.125,75,burgers_burgers_boundary_keypoints_v5_transition_seed71_80_obs24_noise125_seed75,0.0395964793860912,0.8962488764336174,0.0826003775000572,0.0247070547193288,0.0036453604698181,0.0003919021068782,0.005525312851713,0.0266884599812328,1,probes/burgers_boundary_keypoints_v5_transition_seed71_80/probe_runs.csv,1,0.03787031248211858,0.03787031248211858
burgers_boundary_keypoints_v5_transition_seed71_80,burgers,transition_obs24_noise0125,24,0.125,76,burgers_burgers_boundary_keypoints_v5_transition_seed71_80_obs24_noise125_seed76,0.0455390065908432,0.8668973744902433,0.1032525226473808,0.0297176502645015,0.0026983022689819,0.0014398547826483,0.0081282911959042,0.0266884599812328,1,probes/burgers_boundary_keypoints_v5_transition_seed71_80/probe_runs.csv,1,0.03787031248211858,0.03787031248211858
burgers_boundary_keypoints_v5_transition_seed71_80,burgers,transition_obs24_noise0125,24,0.125,77,burgers_burgers_boundary_keypoints_v5_transition_seed71_80_obs24_noise125_seed77,0.0345074906945228,0.905614057090238,0.0743671804666519,0.0185260269790887,0.0032641887664794,0.0012170239126531,0.0056900383119668,0.0266884599812328,0,probes/burgers_boundary_keypoints_v5_transition_seed71_80/probe_runs.csv,1,0.03787031248211858,0.03787031248211858
burgers_boundary_keypoints_v5_transition_seed71_80,burgers,transition_obs24_noise0125,24,0.125,78,burgers_burgers_boundary_keypoints_v5_transition_seed71_80_obs24_noise125_seed78,0.0495809130370616,0.8115937921375181,0.0681033879518508,0.0277469884604215,0.004354178905487,0.0121406558171573,0.0078642277938763,0.0266884599812328,1,probes/burgers_boundary_keypoints_v5_transition_seed71_80/probe_runs.csv,1,0.03787031248211858,0.03787031248211858
burgers_boundary_keypoints_v5_transition_seed71_80,burgers,transition_obs24_noise0125,24,0.125,79,burgers_burgers_boundary_keypoints_v5_transition_seed71_80_obs24_noise125_seed79,0.0392377488315105,0.9019359934951812,0.0789646059274673,0.0174046568572521,0.0026102066040039,0.0004674991976399,0.0037689827625832,0.0266884599812328,1,probes/burgers_boundary_keypoints_v5_transition_seed71_80/probe_runs.csv,1,0.03787031248211858,0.03787031248211858
burgers_boundary_keypoints_v5_transition_seed71_80,burgers,transition_obs24_noise0125,24,0.125,80,burgers_burgers_boundary_keypoints_v5_transition_seed71_80_obs24_noise125_seed80,0.0340094827115535,0.8790048064568861,0.0992238447070121,0.0236787609755992,0.0038277506828308,0.0002989671770396,0.0063444631530359,0.0266884599812328,0,probes/burgers_boundary_keypoints_v5_transition_seed71_80/probe_runs.csv,1,0.03787031248211858,0.03787031248211858
burgers_boundary_keypoints_v5_transition_seed71_80,burgers,failure_obs64_noise015,64,0.15,71,burgers_burgers_boundary_keypoints_v5_transition_seed71_80_obs64_noise150_seed71,0.055271927267313,0.8744504708256987,0.0904331058263778,0.0270564444363117,0.0068870782852172,0.0029824708202957,0.0099810575131415,0.0266884599812328,1,probes/burgers_boundary_keypoints_v5_transition_seed71_80/probe_runs.csv,1,0.03787031248211858,0.03787031248211858
burgers_boundary_keypoints_v5_transition_seed71_80,burgers,failure_obs64_noise015,64,0.15,72,burgers_burgers_boundary_keypoints_v5_transition_seed71_80_obs64_noise150_seed72,0.0628738924860954,0.8860116663061519,0.0762033909559249,0.026325961574912,0.0107965469360351,0.0030310178234968,0.010888041540117,0.0266884599812328,1,probes/burgers_boundary_keypoints_v5_transition_seed71_80/probe_runs.csv,1,0.03787031248211858,0.03787031248211858
burgers_boundary_keypoints_v5_transition_seed71_80,burgers,failure_obs64_noise015,64,0.15,73,burgers_burgers_boundary_keypoints_v5_transition_seed71_80_obs64_noise150_seed73,0.0389007069170475,0.9047946094928512,0.0777479484677314,0.013066035695374,0.0019284486770629,0.0001259693683124,0.012324229368698,0.0266884599812328,1,probes/burgers_boundary_keypoints_v5_transition_seed71_80/probe_runs.csv,1,0.03787031248211858,0.03787031248211858
burgers_boundary_keypoints_v5_transition_seed71_80,burgers,failure_obs64_noise015,64,0.15,74,burgers_burgers_boundary_keypoints_v5_transition_seed71_80_obs64_noise150_seed74,0.0388295799493789,0.908722541826994,0.0694875344634056,0.017325036227703,0.0045755505561828,0.0012838899805581,0.0087030699046513,0.0266884599812328,1,probes/burgers_boundary_keypoints_v5_transition_seed71_80/probe_runs.csv,1,0.03787031248211858,0.03787031248211858
burgers_boundary_keypoints_v5_transition_seed71_80,burgers,failure_obs64_noise015,64,0.15,75,burgers_burgers_boundary_keypoints_v5_transition_seed71_80_obs64_noise150_seed75,0.0581974498927593,0.7969844632865795,0.0813007652759552,0.0281714014708995,0.0048412680625915,0.0120910452402422,0.007218444543387,0.0266884599812328,1,probes/burgers_boundary_keypoints_v5_transition_seed71_80/probe_runs.csv,1,0.03787031248211858,0.03787031248211858
burgers_boundary_keypoints_v5_transition_seed71_80,burgers,failure_obs64_noise015,64,0.15,76,burgers_burgers_boundary_keypoints_v5_transition_seed71_80_obs64_noise150_seed76,0.0461681187152862,0.8616292197974877,0.1072407066822052,0.0278894118964672,0.0063166618347167,0.0013411838046561,0.0116612527509064,0.0266884599812328,1,probes/burgers_boundary_keypoints_v5_transition_seed71_80/probe_runs.csv,1,0.03787031248211858,0.03787031248211858
burgers_boundary_keypoints_v5_transition_seed71_80,burgers,failure_obs64_noise015,64,0.15,77,burgers_burgers_boundary_keypoints_v5_transition_seed71_80_obs64_noise150_seed77,0.0304304007440805,0.9153771630818754,0.066142663359642,0.0183615703135728,0.0010265707969665,0.0006749061096175,0.0111121404129174,0.0266884599812328,0,probes/burgers_boundary_keypoints_v5_transition_seed71_80/probe_runs.csv,1,0.03787031248211858,0.03787031248211858
burgers_boundary_keypoints_v5_transition_seed71_80,burgers,failure_obs64_noise015,64,0.15,78,burgers_burgers_boundary_keypoints_v5_transition_seed71_80_obs64_noise150_seed78,0.0245554856956005,0.927246178873818,0.0544756762683391,0.0136984437704086,0.0010231733322143,0.0002839226011284,0.0086250689030949,0.0266884599812328,0,probes/burgers_boundary_keypoints_v5_transition_seed71_80/probe_runs.csv,0,0.03787031248211858,0.03787031248211858
burgers_boundary_keypoints_v5_transition_seed71_80,burgers,failure_obs64_noise015,64,0.15,79,burgers_burgers_boundary_keypoints_v5_transition_seed71_80_obs64_noise150_seed79,0.0388565100729465,0.8977998524656678,0.0759765729308128,0.0207654032856225,0.0005368590354919,0.0028623249811338,0.0112495187284069,0.0266884599812328,1,probes/burgers_boundary_keypoints_v5_transition_seed71_80/probe_runs.csv,1,0.03787031248211858,0.03787031248211858
burgers_boundary_keypoints_v5_transition_seed71_80,burgers,failure_obs64_noise015,64,0.15,80,burgers_burgers_boundary_keypoints_v5_transition_seed71_80_obs64_noise150_seed80,0.0455620102584362,0.8809855272341831,0.0946077704429626,0.0241268947720527,0.0063138008117675,0.0001985039575518,0.0137018265732181,0.0266884599812328,1,probes/burgers_boundary_keypoints_v5_transition_seed71_80/probe_runs.csv,1,0.03787031248211858,0.03787031248211858
burgers_boundary_keypoints_v5_transition_seed71_80,burgers,failure_obs32_noise0175,32,0.175,71,burgers_burgers_boundary_keypoints_v5_transition_seed71_80_obs32_noise175_seed71,0.0411921516060829,0.9033148878189508,0.0750937312841415,0.0220957454293966,0.0015950798988342,0.0008494535600969,0.0085584366799643,0.0266884599812328,1,probes/burgers_boundary_keypoints_v5_transition_seed71_80/probe_runs.csv,1,0.03787031248211858,0.03787031248211858
burgers_boundary_keypoints_v5_transition_seed71_80,burgers,failure_obs32_noise0175,32,0.175,72,burgers_burgers_boundary_keypoints_v5_transition_seed71_80_obs32_noise175_seed72,0.0403328873217105,0.8818391475628845,0.0854474231600761,0.0196767244488,0.0024899244308471,0.0041957272669914,0.0106480433061707,0.0266884599812328,1,probes/burgers_boundary_keypoints_v5_transition_seed71_80/probe_runs.csv,1,0.03787031248211858,0.03787031248211858
burgers_boundary_keypoints_v5_transition_seed71_80,burgers,failure_obs32_noise0175,32,0.175,73,burgers_burgers_boundary_keypoints_v5_transition_seed71_80_obs32_noise175_seed73,0.0757777020335197,0.8470746159505714,0.1146737113595008,0.0142717594280838,0.0012650489807128,0.0001516878685399,0.0147272256554392,0.0266884599812328,1,probes/burgers_boundary_keypoints_v5_transition_seed71_80/probe_runs.csv,1,0.03787031248211858,0.03787031248211858
burgers_boundary_keypoints_v5_transition_seed71_80,burgers,failure_obs32_noise0175,32,0.175,74,burgers_burgers_boundary_keypoints_v5_transition_seed71_80_obs32_noise175_seed74,0.0554532781243324,0.8958005953662974,0.0783157050609588,0.0199113823473453,0.0112167000770568,0.0002629917547876,0.0119625825348963,0.0266884599812328,1,probes/burgers_boundary_keypoints_v5_transition_seed71_80/probe_runs.csv,1,0.03787031248211858,0.03787031248211858
burgers_boundary_keypoints_v5_transition_seed71_80,burgers,failure_obs32_noise0175,32,0.175,75,burgers_burgers_boundary_keypoints_v5_transition_seed71_80_obs32_noise175_seed75,0.0373487137258052,0.8980913195400159,0.0804359912872314,0.0261694844812154,0.0032896399497985,0.0006949863504792,0.0080680895520678,0.0266884599812328,0,probes/burgers_boundary_keypoints_v5_transition_seed71_80/probe_runs.csv,1,0.03787031248211858,0.03787031248211858
burgers_boundary_keypoints_v5_transition_seed71_80,burgers,failure_obs32_noise0175,32,0.175,76,burgers_burgers_boundary_keypoints_v5_transition_seed71_80_obs32_noise175_seed76,0.0703470930457115,0.7985139955650347,0.1240262538194656,0.0266080237925052,0.0061417818069458,0.0072737202114148,0.0214004659661549,0.0266884599812328,1,probes/burgers_boundary_keypoints_v5_transition_seed71_80/probe_runs.csv,1,0.03787031248211858,0.03787031248211858
burgers_boundary_keypoints_v5_transition_seed71_80,burgers,failure_obs32_noise0175,32,0.175,77,burgers_burgers_boundary_keypoints_v5_transition_seed71_80_obs32_noise175_seed77,0.0452692471444606,0.876390734810453,0.091104544699192,0.0262466948479414,0.0043999552726745,0.0032347531266578,0.0168647469980933,0.0266884599812328,1,probes/burgers_boundary_keypoints_v5_transition_seed71_80/probe_runs.csv,1,0.03787031248211858,0.03787031248211858
burgers_boundary_keypoints_v5_transition_seed71_80,burgers,failure_obs32_noise0175,32,0.175,78,burgers_burgers_boundary_keypoints_v5_transition_seed71_80_obs32_noise175_seed78,0.0303042046725749,0.92009137234494,0.0624847076833248,0.0155200930312275,0.000848114490509,0.0001116228976826,0.0115442103573796,0.0266884599812328,0,probes/burgers_boundary_keypoints_v5_transition_seed71_80/probe_runs.csv,1,0.03787031248211858,0.03787031248211858
burgers_boundary_keypoints_v5_transition_seed71_80,burgers,failure_obs32_noise0175,32,0.175,79,burgers_burgers_boundary_keypoints_v5_transition_seed71_80_obs32_noise175_seed79,0.0746171176433563,0.8651219168833145,0.0971103236079216,0.0246401466429233,0.0050065517425537,0.0013772788213048,0.0133011724804682,0.0266884599812328,1,probes/burgers_boundary_keypoints_v5_transition_seed71_80/probe_runs.csv,1,0.03787031248211858,0.03787031248211858
burgers_boundary_keypoints_v5_transition_seed71_80,burgers,failure_obs32_noise0175,32,0.175,80,burgers_burgers_boundary_keypoints_v5_transition_seed71_80_obs32_noise175_seed80,0.0604060404002666,0.8520568124740603,0.1091208308935165,0.0284214969724416,0.0096814036369323,0.001957484035823,0.0144929506610312,0.0266884599812328,1,probes/burgers_boundary_keypoints_v5_transition_seed71_80/probe_runs.csv,1,0.03787031248211858,0.03787031248211858
fisher_kpp_boundary_keypoints_v1_10seed,fisher_kpp,safe_clean_obs64_noise000,64,0.0,41,fisher_kpp_fisher_kpp_boundary_keypoints_v1_10seed_obs64_noise000_seed41,0.0119209587574005,0.9478313762969104,0.0192983448505401,0.0078724799677729,0.0001266002655029,2.102337505798441e-05,0.0001811401349878,0.0188607699237763,0,probes/fisher_kpp_boundary_keypoints_v1_10seed/probe_runs.csv,0,0.0188607699237763,0.014486629795283052
fisher_kpp_boundary_keypoints_v1_10seed,fisher_kpp,safe_clean_obs64_noise000,64,0.0,42,fisher_kpp_fisher_kpp_boundary_keypoints_v1_10seed_obs64_noise000_seed42,0.0116400346159935,0.9492179350294464,0.0173405669629573,0.0040600476786494,0.0001564025878906,4.135591166993528e-06,7.045991161417816e-05,0.0188607699237763,0,probes/fisher_kpp_boundary_keypoints_v1_10seed/probe_runs.csv,0,0.0188607699237763,0.014486629795283052
fisher_kpp_boundary_keypoints_v1_10seed,fisher_kpp,safe_clean_obs64_noise000,64,0.0,43,fisher_kpp_fisher_kpp_boundary_keypoints_v1_10seed_obs64_noise000_seed43,0.0157233867794275,0.9453717801798522,0.0242071822285652,0.0087240254506468,0.0002889037132263,2.9104502746604904e-05,0.0002277126915143,0.0188607699237763,0,probes/fisher_kpp_boundary_keypoints_v1_10seed/probe_runs.csv,0,0.0188607699237763,0.014486629795283052
fisher_kpp_boundary_keypoints_v1_10seed,fisher_kpp,safe_clean_obs64_noise000,64,0.0,44,fisher_kpp_fisher_kpp_boundary_keypoints_v1_10seed_obs64_noise000_seed44,0.00793416518718,0.9504158393390992,0.0152963241562247,0.0042836815118789,4.792213439941406e-05,4.58471190520834e-06,0.0001032229926224,0.0188607699237763,0,probes/fisher_kpp_boundary_keypoints_v1_10seed/probe_runs.csv,0,0.0188607699237763,0.014486629795283052
fisher_kpp_boundary_keypoints_v1_10seed,fisher_kpp,safe_clean_obs64_noise000,64,0.0,45,fisher_kpp_fisher_kpp_boundary_keypoints_v1_10seed_obs64_noise000_seed45,0.0099215544760227,0.9498425693743472,0.0150802470743656,0.0055594416335225,0.000117540359497,1.0256618924170024e-05,0.0001136667543668,0.0188607699237763,0,probes/fisher_kpp_boundary_keypoints_v1_10seed/probe_runs.csv,0,0.0188607699237763,0.014486629795283052
fisher_kpp_boundary_keypoints_v1_10seed,fisher_kpp,safe_clean_obs64_noise000,64,0.0,46,fisher_kpp_fisher_kpp_boundary_keypoints_v1_10seed_obs64_noise000_seed46,0.0113150626420974,0.9479449678966656,0.0212300401180982,0.0051555088721215,0.0001448988914489,7.546451077714836e-06,0.000140998711982,0.0188607699237763,0,probes/fisher_kpp_boundary_keypoints_v1_10seed/probe_runs.csv,0,0.0188607699237763,0.014486629795283052
fisher_kpp_boundary_keypoints_v1_10seed,fisher_kpp,safe_clean_obs64_noise000,64,0.0,47,fisher_kpp_fisher_kpp_boundary_keypoints_v1_10seed_obs64_noise000_seed47,0.0123883765190839,0.948484382659238,0.0191402193158864,0.0044987681321799,0.0001489520072937,7.196073137207069e-06,0.0001073042542917,0.0188607699237763,0,probes/fisher_kpp_boundary_keypoints_v1_10seed/probe_runs.csv,0,0.0188607699237763,0.014486629795283052
fisher_kpp_boundary_keypoints_v1_10seed,fisher_kpp,safe_clean_obs64_noise000,64,0.0,48,fisher_kpp_fisher_kpp_boundary_keypoints_v1_10seed_obs64_noise000_seed48,0.0095084700733423,0.947816190788068,0.022719994187355,0.0052237026393413,7.12275505065918e-05,9.3893075089445e-06,9.559201855369295e-05,0.0188607699237763,0,probes/fisher_kpp_boundary_keypoints_v1_10seed/probe_runs.csv,0,0.0188607699237763,0.014486629795283052
fisher_kpp_boundary_keypoints_v1_10seed,fisher_kpp,safe_clean_obs64_noise000,64,0.0,49,fisher_kpp_fisher_kpp_boundary_keypoints_v1_10seed_obs64_noise000_seed49,0.0104091698303818,0.9479440309508906,0.0218613911420106,0.0050480356439948,0.0001078844070434,1.0224858681722836e-05,9.455292198229184e-05,0.0188607699237763,0,probes/fisher_kpp_boundary_keypoints_v1_10seed/probe_runs.csv,0,0.0188607699237763,0.014486629795283052
fisher_kpp_boundary_keypoints_v1_10seed,fisher_kpp,safe_clean_obs64_noise000,64,0.0,50,fisher_kpp_fisher_kpp_boundary_keypoints_v1_10seed_obs64_noise000_seed50,0.0094404546543955,0.94909428650686,0.0186890363693237,0.0049234298057854,6.42538070678711e-05,7.373957694487907e-06,9.163601161519812e-05,0.0188607699237763,0,probes/fisher_kpp_boundary_keypoints_v1_10seed/probe_runs.csv,0,0.0188607699237763,0.014486629795283052
fisher_kpp_boundary_keypoints_v1_10seed,fisher_kpp,edge_obs16_noise005,16,0.05,41,fisher_kpp_fisher_kpp_boundary_keypoints_v1_10seed_obs16_noise050_seed41,0.0135655729100108,0.9472816121830808,0.0199658907949924,0.008001385256648,0.0001422762870788,2.471342661682802e-05,0.0005805668893491,0.0188607699237763,0,probes/fisher_kpp_boundary_keypoints_v1_10seed/probe_runs.csv,0,0.0188607699237763,0.014486629795283052
fisher_kpp_boundary_keypoints_v1_10seed,fisher_kpp,edge_obs16_noise005,16,0.05,42,fisher_kpp_fisher_kpp_boundary_keypoints_v1_10seed_obs16_noise050_seed42,0.021828755736351,0.9445221799273036,0.0229935515671968,0.0088396836072206,0.0001777410507202,6.1721873922943465e-06,0.0003838406426141,0.0188607699237763,1,probes/fisher_kpp_boundary_keypoints_v1_10seed/probe_runs.csv,1,0.0188607699237763,0.014486629795283052
fisher_kpp_boundary_keypoints_v1_10seed,fisher_kpp,edge_obs16_noise005,16,0.05,43,fisher_kpp_fisher_kpp_boundary_keypoints_v1_10seed_obs16_noise050_seed43,0.024307694286108,0.9389624247620084,0.0352082848548889,0.0105993459001183,0.0006617903709411,3.267966808724846e-05,0.0005551224422019,0.0188607699237763,1,probes/fisher_kpp_boundary_keypoints_v1_10seed/probe_runs.csv,1,0.0188607699237763,0.014486629795283052
fisher_kpp_boundary_keypoints_v1_10seed,fisher_kpp,edge_obs16_noise005,16,0.05,44,fisher_kpp_fisher_kpp_boundary_keypoints_v1_10seed_obs16_noise050_seed44,0.0098821353167295,0.9499008591845132,0.0153419896960258,0.0049836123362183,4.589557647705078e-05,8.507572298154264e-06,0.0006727395090853,0.0188607699237763,0,probes/fisher_kpp_boundary_keypoints_v1_10seed/probe_runs.csv,0,0.0188607699237763,0.014486629795283052
fisher_kpp_boundary_keypoints_v1_10seed,fisher_kpp,edge_obs16_noise005,16,0.05,45,fisher_kpp_fisher_kpp_boundary_keypoints_v1_10seed_obs16_noise050_seed45,0.0147104589268565,0.9480488235802262,0.0175138805061578,0.00666696857661,0.0001271367073059,1.368064434729804e-05,0.0006063539612235,0.0188607699237763,0,probes/fisher_kpp_boundary_keypoints_v1_10seed/probe_runs.csv,0,0.0188607699237763,0.014486629795283052
fisher_kpp_boundary_keypoints_v1_10seed,fisher_kpp,edge_obs16_noise005,16,0.05,46,fisher_kpp_fisher_kpp_boundary_keypoints_v1_10seed_obs16_noise050_seed46,0.0302082393318414,0.9428779157718464,0.0228482112288475,0.0067998589947819,0.0012288689613342,1.702902274112299e-05,0.0005672581643551,0.0188607699237763,1,probes/fisher_kpp_boundary_keypoints_v1_10seed/probe_runs.csv,1,0.0188607699237763,0.014486629795283052
fisher_kpp_boundary_keypoints_v1_10seed,fisher_kpp,edge_obs16_noise005,16,0.05,47,fisher_kpp_fisher_kpp_boundary_keypoints_v1_10seed_obs16_noise050_seed47,0.0171713437885046,0.9450254642163876,0.0263279974460601,0.0056785186752676,0.0002858638763427,7.148937639696737e-06,0.0005302661549327,0.0188607699237763,0,probes/fisher_kpp_boundary_keypoints_v1_10seed/probe_runs.csv,0,0.0188607699237763,0.014486629795283052
fisher_kpp_boundary_keypoints_v1_10seed,fisher_kpp,edge_obs16_noise005,16,0.05,48,fisher_kpp_fisher_kpp_boundary_keypoints_v1_10seed_obs16_noise050_seed48,0.0119102206081151,0.9457453037051704,0.0266872718930244,0.0067268414422869,0.0001083016395568,1.3705901946743396e-05,0.0003292340429171,0.0188607699237763,0,probes/fisher_kpp_boundary_keypoints_v1_10seed/probe_runs.csv,0,0.0188607699237763,0.014486629795283052
fisher_kpp_boundary_keypoints_v1_10seed,fisher_kpp,edge_obs16_noise005,16,0.05,49,fisher_kpp_fisher_kpp_boundary_keypoints_v1_10seed_obs16_noise050_seed49,0.0183936189860105,0.9459774661222784,0.0224493220448493,0.0060070855543017,0.0002825260162353,1.1557131709267788e-05,0.0003453828850866,0.0188607699237763,0,probes/fisher_kpp_boundary_keypoints_v1_10seed/probe_runs.csv,0,0.0188607699237763,0.014486629795283052
fisher_kpp_boundary_keypoints_v1_10seed,fisher_kpp,edge_obs16_noise005,16,0.05,50,fisher_kpp_fisher_kpp_boundary_keypoints_v1_10seed_obs16_noise050_seed50,0.0128309726715087,0.9487702833764292,0.017049791291356,0.0056347525678575,0.0001428723335266,2.5415671266393184e-06,0.0001560615948638,0.0188607699237763,0,probes/fisher_kpp_boundary_keypoints_v1_10seed/probe_runs.csv,0,0.0188607699237763,0.014486629795283052
fisher_kpp_boundary_keypoints_v1_10seed,fisher_kpp,edge_obs32_noise010,32,0.1,41,fisher_kpp_fisher_kpp_boundary_keypoints_v1_10seed_obs32_noise100_seed41,0.0235220473259687,0.9422460576029016,0.0292823184281587,0.0073517691344022,0.0001996159553527,2.815466657867617e-05,0.0017761162855778,0.0188607699237763,1,probes/fisher_kpp_boundary_keypoints_v1_10seed/probe_runs.csv,1,0.0188607699237763,0.014486629795283052
fisher_kpp_boundary_keypoints_v1_10seed,fisher_kpp,edge_obs32_noise010,32,0.1,42,fisher_kpp_fisher_kpp_boundary_keypoints_v1_10seed_obs32_noise100_seed42,0.0225600656121969,0.9438359872710036,0.0229823272675275,0.0108817787840962,0.0004531145095825,1.7670334661761636e-05,0.001512195576681,0.0188607699237763,1,probes/fisher_kpp_boundary_keypoints_v1_10seed/probe_runs.csv,1,0.0188607699237763,0.014486629795283052
fisher_kpp_boundary_keypoints_v1_10seed,fisher_kpp,edge_obs32_noise010,32,0.1,43,fisher_kpp_fisher_kpp_boundary_keypoints_v1_10seed_obs32_noise100_seed43,0.022676445543766,0.941415614957686,0.0278144795447587,0.0140789281576871,0.000478446483612,3.0240662231880425e-05,0.0016717236037224,0.0188607699237763,1,probes/fisher_kpp_boundary_keypoints_v1_10seed/probe_runs.csv,1,0.0188607699237763,0.014486629795283052
fisher_kpp_boundary_keypoints_v1_10seed,fisher_kpp,edge_obs32_noise010,32,0.1,44,fisher_kpp_fisher_kpp_boundary_keypoints_v1_10seed_obs32_noise100_seed44,0.0176013894379138,0.946408920117952,0.0214645620435476,0.0058148633688688,0.0005514025688171,1.3935643842716484e-05,0.0019685508838157,0.0188607699237763,0,probes/fisher_kpp_boundary_keypoints_v1_10seed/probe_runs.csv,0,0.0188607699237763,0.014486629795283052
fisher_kpp_boundary_keypoints_v1_10seed,fisher_kpp,edge_obs32_noise010,32,0.1,45,fisher_kpp_fisher_kpp_boundary_keypoints_v1_10seed_obs32_noise100_seed45,0.0233168005943298,0.944627224759133,0.0201486945152282,0.0105010159313678,0.0003944039344787,7.625896485733433e-06,0.0024711270932469,0.0188607699237763,1,probes/fisher_kpp_boundary_keypoints_v1_10seed/probe_runs.csv,1,0.0188607699237763,0.014486629795283052
fisher_kpp_boundary_keypoints_v1_10seed,fisher_kpp,edge_obs32_noise010,32,0.1,46,fisher_kpp_fisher_kpp_boundary_keypoints_v1_10seed_obs32_noise100_seed46,0.0311154387891292,0.9401872301265216,0.025740036740899,0.013746422715485,0.000406265258789,4.747599747898113e-05,0.0047272544698885,0.0188607699237763,1,probes/fisher_kpp_boundary_keypoints_v1_10seed/probe_runs.csv,1,0.0188607699237763,0.014486629795283052
fisher_kpp_boundary_keypoints_v1_10seed,fisher_kpp,edge_obs32_noise010,32,0.1,47,fisher_kpp_fisher_kpp_boundary_keypoints_v1_10seed_obs32_noise100_seed47,0.0126097481697797,0.9473504886832308,0.0221181828528642,0.0053834305144846,0.0001975297927856,6.203698897624479e-06,0.0019161111500593,0.0188607699237763,0,probes/fisher_kpp_boundary_keypoints_v1_10seed/probe_runs.csv,0,0.0188607699237763,0.014486629795283052
fisher_kpp_boundary_keypoints_v1_10seed,fisher_kpp,edge_obs32_noise010,32,0.1,48,fisher_kpp_fisher_kpp_boundary_keypoints_v1_10seed_obs32_noise100_seed48,0.0178676098585128,0.9449634230760612,0.0251318160444498,0.0073280832730233,0.000135600566864,1.3846867571929984e-05,0.0010378869916666,0.0188607699237763,0,probes/fisher_kpp_boundary_keypoints_v1_10seed/probe_runs.csv,0,0.0188607699237763,0.014486629795283052
fisher_kpp_boundary_keypoints_v1_10seed,fisher_kpp,edge_obs32_noise010,32,0.1,49,fisher_kpp_fisher_kpp_boundary_keypoints_v1_10seed_obs32_noise100_seed49,0.0254991725087165,0.9426835848857892,0.0267515573650598,0.007623444776982,0.0003028512001037,6.299021862337974e-06,0.0012471986599349,0.0188607699237763,1,probes/fisher_kpp_boundary_keypoints_v1_10seed/probe_runs.csv,1,0.0188607699237763,0.014486629795283052
fisher_kpp_boundary_keypoints_v1_10seed,fisher_kpp,edge_obs32_noise010,32,0.1,50,fisher_kpp_fisher_kpp_boundary_keypoints_v1_10seed_obs32_noise100_seed50,0.0166618656367063,0.947708039747715,0.0178899466991424,0.0059897527098655,0.0001026391983032,5.572572867408943e-06,0.0007806522588519,0.0188607699237763,0,probes/fisher_kpp_boundary_keypoints_v1_10seed/probe_runs.csv,0,0.0188607699237763,0.014486629795283052
fisher_kpp_boundary_keypoints_v1_10seed,fisher_kpp,transition_obs128_noise020,128,0.2,41,fisher_kpp_fisher_kpp_boundary_keypoints_v1_10seed_obs128_noise200_seed41,0.0185159798711538,0.9454302469023902,0.0215892139822244,0.0092407818883657,0.0001872777938842,2.508225312241196e-05,0.0072578182571644,0.0188607699237763,0,probes/fisher_kpp_boundary_keypoints_v1_10seed/probe_runs.csv,0,0.0188607699237763,0.014486629795283052
fisher_kpp_boundary_keypoints_v1_10seed,fisher_kpp,transition_obs128_noise020,128,0.2,42,fisher_kpp_fisher_kpp_boundary_keypoints_v1_10seed_obs128_noise200_seed42,0.0223239753395319,0.9423513772141104,0.0273597165942192,0.0109389070421457,0.0004876852035522,1.1743982812177376e-05,0.006033299499287,0.0188607699237763,1,probes/fisher_kpp_boundary_keypoints_v1_10seed/probe_runs.csv,1,0.0188607699237763,0.014486629795283052
fisher_kpp_boundary_keypoints_v1_10seed,fisher_kpp,transition_obs128_noise020,128,0.2,43,fisher_kpp_fisher_kpp_boundary_keypoints_v1_10seed_obs128_noise200_seed43,0.0231874734163284,0.940313898531332,0.0310546290129423,0.0129790445789694,0.0004245042800903,2.4776865797200763e-05,0.0064100689768605,0.0188607699237763,1,probes/fisher_kpp_boundary_keypoints_v1_10seed/probe_runs.csv,1,0.0188607699237763,0.014486629795283052
fisher_kpp_boundary_keypoints_v1_10seed,fisher_kpp,transition_obs128_noise020,128,0.2,44,fisher_kpp_fisher_kpp_boundary_keypoints_v1_10seed_obs128_noise200_seed44,0.0138887986540794,0.9470405347188544,0.0221850257366895,0.005145716946572,0.0001441240310668,1.3602725435023358e-05,0.0073086699571809,0.0188607699237763,0,probes/fisher_kpp_boundary_keypoints_v1_10seed/probe_runs.csv,0,0.0188607699237763,0.014486629795283052
fisher_kpp_boundary_keypoints_v1_10seed,fisher_kpp,transition_obs128_noise020,128,0.2,45,fisher_kpp_fisher_kpp_boundary_keypoints_v1_10seed_obs128_noise200_seed45,0.0284646209329366,0.9385526333214276,0.0345429703593254,0.0091911051422357,0.0005013346672058,9.678085378727384e-06,0.0071197304318925,0.0188607699237763,1,probes/fisher_kpp_boundary_keypoints_v1_10seed/probe_runs.csv,1,0.0188607699237763,0.014486629795283052
fisher_kpp_boundary_keypoints_v1_10seed,fisher_kpp,transition_obs128_noise020,128,0.2,46,fisher_kpp_fisher_kpp_boundary_keypoints_v1_10seed_obs128_noise200_seed46,0.0159119274467229,0.9449829735412544,0.0252078622579574,0.0083354199305176,0.0001516938209533,8.508349862378084e-06,0.0104552816519085,0.0188607699237763,0,probes/fisher_kpp_boundary_keypoints_v1_10seed/probe_runs.csv,0,0.0188607699237763,0.014486629795283052
fisher_kpp_boundary_keypoints_v1_10seed,fisher_kpp,transition_obs128_noise020,128,0.2,47,fisher_kpp_fisher_kpp_boundary_keypoints_v1_10seed_obs128_noise200_seed47,0.015608930028975,0.9456468066356776,0.0245688688009977,0.006729569286108,9.27448272705078e-05,3.577101570567764e-06,0.0077550845040173,0.0188607699237763,0,probes/fisher_kpp_boundary_keypoints_v1_10seed/probe_runs.csv,0,0.0188607699237763,0.014486629795283052
fisher_kpp_boundary_keypoints_v1_10seed,fisher_kpp,transition_obs128_noise020,128,0.2,48,fisher_kpp_fisher_kpp_boundary_keypoints_v1_10seed_obs128_noise200_seed48,0.0298009980469942,0.9413948482499184,0.0245587732642889,0.0118097336962819,0.0005241632461547,1.7323448388054947e-05,0.0045351449760775,0.0188607699237763,1,probes/fisher_kpp_boundary_keypoints_v1_10seed/probe_runs.csv,1,0.0188607699237763,0.014486629795283052
fisher_kpp_boundary_keypoints_v1_10seed,fisher_kpp,transition_obs128_noise020,128,0.2,49,fisher_kpp_fisher_kpp_boundary_keypoints_v1_10seed_obs128_noise200_seed49,0.0343076437711715,0.9406973560738984,0.0243493076413869,0.0099963545799255,0.0008789300918579,8.520768998142218e-06,0.0052722331232513,0.0188607699237763,1,probes/fisher_kpp_boundary_keypoints_v1_10seed/probe_runs.csv,1,0.0188607699237763,0.014486629795283052
fisher_kpp_boundary_keypoints_v1_10seed,fisher_kpp,transition_obs128_noise020,128,0.2,50,fisher_kpp_fisher_kpp_boundary_keypoints_v1_10seed_obs128_noise200_seed50,0.0172774940729141,0.9469768868909864,0.0193520169705152,0.0066936076618731,0.0001090168952941,5.00675490379692e-06,0.0041213427495498,0.0188607699237763,0,probes/fisher_kpp_boundary_keypoints_v1_10seed/probe_runs.csv,0,0.0188607699237763,0.014486629795283052
fisher_kpp_boundary_keypoints_v1_10seed,fisher_kpp,failure_obs32_noise020,32,0.2,41,fisher_kpp_fisher_kpp_boundary_keypoints_v1_10seed_obs32_noise200_seed41,0.0421623513102531,0.9273872862815766,0.0496776662766933,0.0089679937809705,0.0003387928009033,3.918364361625991e-05,0.0064489679893367,0.0188607699237763,1,probes/fisher_kpp_boundary_keypoints_v1_10seed/probe_runs.csv,1,0.0188607699237763,0.014486629795283052
fisher_kpp_boundary_keypoints_v1_10seed,fisher_kpp,failure_obs32_noise020,32,0.2,42,fisher_kpp_fisher_kpp_boundary_keypoints_v1_10seed_obs32_noise200_seed42,0.0462018661201,0.9321034174628726,0.0319589227437973,0.0194419827312231,0.0018960237503051,3.643257867185512e-05,0.005777578416415,0.0188607699237763,1,probes/fisher_kpp_boundary_keypoints_v1_10seed/probe_runs.csv,1,0.0188607699237763,0.014486629795283052
fisher_kpp_boundary_keypoints_v1_10seed,fisher_kpp,failure_obs32_noise020,32,0.2,43,fisher_kpp_fisher_kpp_boundary_keypoints_v1_10seed_obs32_noise200_seed43,0.036584872752428,0.9348327544586328,0.0307348910719156,0.0213693641126155,0.001117467880249,4.792604121365809e-05,0.0059953950282115,0.0188607699237763,1,probes/fisher_kpp_boundary_keypoints_v1_10seed/probe_runs.csv,1,0.0188607699237763,0.014486629795283052
fisher_kpp_boundary_keypoints_v1_10seed,fisher_kpp,failure_obs32_noise020,32,0.2,44,fisher_kpp_fisher_kpp_boundary_keypoints_v1_10seed_obs32_noise200_seed44,0.0338070690631866,0.9364175334416424,0.0359791666269302,0.008898782543838,0.0018568634986877,3.405873334536386e-05,0.0075128582561058,0.0188607699237763,1,probes/fisher_kpp_boundary_keypoints_v1_10seed/probe_runs.csv,1,0.0188607699237763,0.014486629795283052
fisher_kpp_boundary_keypoints_v1_10seed,fisher_kpp,failure_obs32_noise020,32,0.2,45,fisher_kpp_fisher_kpp_boundary_keypoints_v1_10seed_obs32_noise200_seed45,0.042319431900978,0.935373369497281,0.0268878079950809,0.0187060497701168,0.001386284828186,9.328226317321218e-06,0.0096189156345225,0.0188607699237763,1,probes/fisher_kpp_boundary_keypoints_v1_10seed/probe_runs.csv,1,0.0188607699237763,0.014486629795283052
fisher_kpp_boundary_keypoints_v1_10seed,fisher_kpp,failure_obs32_noise020,32,0.2,46,fisher_kpp_fisher_kpp_boundary_keypoints_v1_10seed_obs32_noise200_seed46,0.0678207799792289,0.918364840584196,0.0425300970673561,0.0234291572123765,0.0025299787521362,0.0001231313114777,0.0176085220114226,0.0188607699237763,1,probes/fisher_kpp_boundary_keypoints_v1_10seed/probe_runs.csv,1,0.0188607699237763,0.014486629795283052
fisher_kpp_boundary_keypoints_v1_10seed,fisher_kpp,failure_obs32_noise020,32,0.2,47,fisher_kpp_fisher_kpp_boundary_keypoints_v1_10seed_obs32_noise200_seed47,0.0158644225448369,0.9445826928918268,0.0269254967570304,0.0076097347773611,0.0002883672714233,9.489664064713944e-06,0.0073721326969946,0.0188607699237763,0,probes/fisher_kpp_boundary_keypoints_v1_10seed/probe_runs.csv,0,0.0188607699237763,0.014486629795283052
fisher_kpp_boundary_keypoints_v1_10seed,fisher_kpp,failure_obs32_noise020,32,0.2,48,fisher_kpp_fisher_kpp_boundary_keypoints_v1_10seed_obs32_noise200_seed48,0.0309090185910463,0.9409286316284368,0.0256081596016883,0.0112071689218282,0.0004929900169372,1.739460753181299e-05,0.0039914935645253,0.0188607699237763,1,probes/fisher_kpp_boundary_keypoints_v1_10seed/probe_runs.csv,1,0.0188607699237763,0.014486629795283052
fisher_kpp_boundary_keypoints_v1_10seed,fisher_kpp,failure_obs32_noise020,32,0.2,49,fisher_kpp_fisher_kpp_boundary_keypoints_v1_10seed_obs32_noise200_seed49,0.0419169068336486,0.9332875779944302,0.0372754707932472,0.012030841782689,0.0005519390106201,6.194961351049709e-06,0.0046260193795986,0.0188607699237763,1,probes/fisher_kpp_boundary_keypoints_v1_10seed/probe_runs.csv,1,0.0188607699237763,0.014486629795283052
fisher_kpp_boundary_keypoints_v1_10seed,fisher_kpp,failure_obs32_noise020,32,0.2,50,fisher_kpp_fisher_kpp_boundary_keypoints_v1_10seed_obs32_noise200_seed50,0.0260667447000741,0.9433018728362766,0.0232942439615726,0.0094699319452047,0.0001493096351623,1.1353487804748947e-05,0.0029256621462045,0.0188607699237763,1,probes/fisher_kpp_boundary_keypoints_v1_10seed/probe_runs.csv,1,0.0188607699237763,0.014486629795283052
fisher_kpp_boundary_keypoints_v1_10seed,fisher_kpp,transition_obs64_noise030,64,0.3,41,fisher_kpp_fisher_kpp_boundary_keypoints_v1_10seed_obs64_noise300_seed41,0.034587699919939,0.9388671447054308,0.0293751526623964,0.0097213648259639,0.0004093050956726,2.600455183363912e-05,0.0125133604832561,0.0188607699237763,1,probes/fisher_kpp_boundary_keypoints_v1_10seed/probe_runs.csv,1,0.0188607699237763,0.014486629795283052
fisher_kpp_boundary_keypoints_v1_10seed,fisher_kpp,transition_obs64_noise030,64,0.3,42,fisher_kpp_fisher_kpp_boundary_keypoints_v1_10seed_obs64_noise300_seed42,0.0153525434434413,0.9446640841319848,0.0228691343218088,0.0133251370862126,0.0001439452171325,1.366215473044831e-05,0.0138154376814822,0.0188607699237763,0,probes/fisher_kpp_boundary_keypoints_v1_10seed/probe_runs.csv,0,0.0188607699237763,0.014486629795283052
fisher_kpp_boundary_keypoints_v1_10seed,fisher_kpp,transition_obs64_noise030,64,0.3,43,fisher_kpp_fisher_kpp_boundary_keypoints_v1_10seed_obs64_noise300_seed43,0.0438657216727733,0.925883820760469,0.0477482378482818,0.0176794622093439,0.0006740093231201,2.167537936674324e-05,0.0132536143687407,0.0188607699237763,1,probes/fisher_kpp_boundary_keypoints_v1_10seed/probe_runs.csv,1,0.0188607699237763,0.014486629795283052
fisher_kpp_boundary_keypoints_v1_10seed,fisher_kpp,transition_obs64_noise030,64,0.3,44,fisher_kpp_fisher_kpp_boundary_keypoints_v1_10seed_obs64_noise300_seed44,0.0225639883428812,0.9441454735296946,0.0173489246517419,0.0154573181644082,6.097555160522461e-05,3.739223356269436e-05,0.0178032805976804,0.0188607699237763,1,probes/fisher_kpp_boundary_keypoints_v1_10seed/probe_runs.csv,1,0.0188607699237763,0.014486629795283052
fisher_kpp_boundary_keypoints_v1_10seed,fisher_kpp,transition_obs64_noise030,64,0.3,45,fisher_kpp_fisher_kpp_boundary_keypoints_v1_10seed_obs64_noise300_seed45,0.0280610844492912,0.932656335569854,0.0428877659142017,0.0176643505692482,0.0003183484077453,1.1091168011934547e-05,0.016920775822694,0.0188607699237763,1,probes/fisher_kpp_boundary_keypoints_v1_10seed/probe_runs.csv,1,0.0188607699237763,0.014486629795283052
fisher_kpp_boundary_keypoints_v1_10seed,fisher_kpp,transition_obs64_noise030,64,0.3,46,fisher_kpp_fisher_kpp_boundary_keypoints_v1_10seed_obs64_noise300_seed46,0.0491808131337165,0.9229484676930032,0.0483133196830749,0.0206488333642482,0.0002975463867187,3.34030415059322e-05,0.0288670369832336,0.0188607699237763,1,probes/fisher_kpp_boundary_keypoints_v1_10seed/probe_runs.csv,1,0.0188607699237763,0.014486629795283052
fisher_kpp_boundary_keypoints_v1_10seed,fisher_kpp,transition_obs64_noise030,64,0.3,47,fisher_kpp_fisher_kpp_boundary_keypoints_v1_10seed_obs64_noise300_seed47,0.0272800605744123,0.9322302510077672,0.0456358678638935,0.0146043663844466,0.0001808404922485,2.153674741756371e-05,0.0130554722670418,0.0188607699237763,1,probes/fisher_kpp_boundary_keypoints_v1_10seed/probe_runs.csv,1,0.0188607699237763,0.014486629795283052
fisher_kpp_boundary_keypoints_v1_10seed,fisher_kpp,transition_obs64_noise030,64,0.3,48,fisher_kpp_fisher_kpp_boundary_keypoints_v1_10seed_obs64_noise300_seed48,0.0350618474185466,0.9397407281176684,0.0240684747695922,0.0135645037516951,0.0006541013717651,1.626018896663518e-05,0.0085516002549497,0.0188607699237763,1,probes/fisher_kpp_boundary_keypoints_v1_10seed/probe_runs.csv,1,0.0188607699237763,0.014486629795283052
fisher_kpp_boundary_keypoints_v1_10seed,fisher_kpp,transition_obs64_noise030,64,0.3,49,fisher_kpp_fisher_kpp_boundary_keypoints_v1_10seed_obs64_noise300_seed49,0.0636916235089302,0.9210221718119044,0.0435037091374397,0.0184036456048488,0.0032482743263244,3.780509360802436e-05,0.0106319697271598,0.0188607699237763,1,probes/fisher_kpp_boundary_keypoints_v1_10seed/probe_runs.csv,1,0.0188607699237763,0.014486629795283052
fisher_kpp_boundary_keypoints_v1_10seed,fisher_kpp,transition_obs64_noise030,64,0.3,50,fisher_kpp_fisher_kpp_boundary_keypoints_v1_10seed_obs64_noise300_seed50,0.0305764786899089,0.9359058113571456,0.0396804101765155,0.0086331432685256,0.0004563927650451,1.4057652821055115e-06,0.0057383478717791,0.0188607699237763,1,probes/fisher_kpp_boundary_keypoints_v1_10seed/probe_runs.csv,1,0.0188607699237763,0.014486629795283052
fisher_kpp_boundary_keypoints_v1_10seed,fisher_kpp,failure_obs128_noise030,128,0.3,41,fisher_kpp_fisher_kpp_boundary_keypoints_v1_10seed_obs128_noise300_seed41,0.0236095134168863,0.9431190129481206,0.0237438902258873,0.0110347438603639,0.0002351403236389,2.6042828778666578e-05,0.015887836366704,0.0188607699237763,1,probes/fisher_kpp_boundary_keypoints_v1_10seed/probe_runs.csv,1,0.0188607699237763,0.014486629795283052
fisher_kpp_boundary_keypoints_v1_10seed,fisher_kpp,failure_obs128_noise030,128,0.3,42,fisher_kpp_fisher_kpp_boundary_keypoints_v1_10seed_obs128_noise300_seed42,0.0308739244937896,0.9370707492875928,0.0329609997570514,0.0151531072333455,0.0009257197380065,1.669720399781556e-05,0.0133425815644061,0.0188607699237763,1,probes/fisher_kpp_boundary_keypoints_v1_10seed/probe_runs.csv,1,0.0188607699237763,0.014486629795283052
fisher_kpp_boundary_keypoints_v1_10seed,fisher_kpp,failure_obs128_noise030,128,0.3,43,fisher_kpp_fisher_kpp_boundary_keypoints_v1_10seed_obs128_noise300_seed43,0.0292647629976272,0.9349722237328976,0.0383428111672401,0.0160073898732662,0.0005473494529724,2.3553869894331745e-05,0.0141495521199124,0.0188607699237763,1,probes/fisher_kpp_boundary_keypoints_v1_10seed/probe_runs.csv,1,0.0188607699237763,0.014486629795283052
fisher_kpp_boundary_keypoints_v1_10seed,fisher_kpp,failure_obs128_noise030,128,0.3,44,fisher_kpp_fisher_kpp_boundary_keypoints_v1_10seed_obs128_noise300_seed44,0.0199893768876791,0.9435846393547704,0.0276170205324888,0.0063448110595345,0.0002735257148742,2.197131181855973e-05,0.016259680352303,0.0188607699237763,1,probes/fisher_kpp_boundary_keypoints_v1_10seed/probe_runs.csv,1,0.0188607699237763,0.014486629795283052
fisher_kpp_boundary_keypoints_v1_10seed,fisher_kpp,failure_obs128_noise030,128,0.3,45,fisher_kpp_fisher_kpp_boundary_keypoints_v1_10seed_obs128_noise300_seed45,0.0409979708492755,0.9282216403741456,0.0469609983265399,0.0128820594400167,0.0010310411453247,1.4007228326890325e-05,0.0157979230565103,0.0188607699237763,1,probes/fisher_kpp_boundary_keypoints_v1_10seed/probe_runs.csv,1,0.0188607699237763,0.014486629795283052
fisher_kpp_boundary_keypoints_v1_10seed,fisher_kpp,failure_obs128_noise030,128,0.3,46,fisher_kpp_fisher_kpp_boundary_keypoints_v1_10seed_obs128_noise300_seed46,0.0206253845244646,0.9427711771471918,0.0269093159586191,0.0103791821748018,0.0002058148384094,9.792479111856626e-06,0.0230646068555896,0.0188607699237763,1,probes/fisher_kpp_boundary_keypoints_v1_10seed/probe_runs.csv,1,0.0188607699237763,0.014486629795283052
fisher_kpp_boundary_keypoints_v1_10seed,fisher_kpp,failure_obs128_noise030,128,0.3,47,fisher_kpp_fisher_kpp_boundary_keypoints_v1_10seed_obs128_noise300_seed47,0.019552731886506,0.9428971439181256,0.0284738838672637,0.0088525749742984,9.41753387451172e-05,4.834383383939386e-06,0.0172230326163715,0.0188607699237763,1,probes/fisher_kpp_boundary_keypoints_v1_10seed/probe_runs.csv,1,0.0188607699237763,0.014486629795283052
fisher_kpp_boundary_keypoints_v1_10seed,fisher_kpp,failure_obs128_noise030,128,0.3,48,fisher_kpp_fisher_kpp_boundary_keypoints_v1_10seed_obs128_noise300_seed48,0.0437381453812122,0.9351716130612148,0.0276116468012332,0.0169600900262594,0.0012499690055847,2.518218848216133e-05,0.0101017953761236,0.0188607699237763,1,probes/fisher_kpp_boundary_keypoints_v1_10seed/probe_runs.csv,1,0.0188607699237763,0.014486629795283052
fisher_kpp_boundary_keypoints_v1_10seed,fisher_kpp,failure_obs128_noise030,128,0.3,49,fisher_kpp_fisher_kpp_boundary_keypoints_v1_10seed_obs128_noise300_seed49,0.0504339970648288,0.9324023807989188,0.0311507135629653,0.0141804562881588,0.0018963813781738,3.0768874019e-05,0.0117318442635945,0.0188607699237763,1,probes/fisher_kpp_boundary_keypoints_v1_10seed/probe_runs.csv,1,0.0188607699237763,0.014486629795283052
fisher_kpp_boundary_keypoints_v1_10seed,fisher_kpp,failure_obs128_noise030,128,0.3,50,fisher_kpp_fisher_kpp_boundary_keypoints_v1_10seed_obs128_noise300_seed50,0.022754518315196,0.9447680069671988,0.0210257656872272,0.0089162327349185,0.0001699924468994,8.582667722824207e-06,0.0091510581395383,0.0188607699237763,1,probes/fisher_kpp_boundary_keypoints_v1_10seed/probe_runs.csv,1,0.0188607699237763,0.014486629795283052
fisher_kpp_boundary_keypoints_v1_10seed,fisher_kpp,failure_obs16_noise030,16,0.3,41,fisher_kpp_fisher_kpp_boundary_keypoints_v1_10seed_obs16_noise300_seed41,0.0461932495236396,0.9311028501049914,0.0359561927616596,0.0170392282307147,0.0013651847839355,3.6890041592082345e-05,0.0117547174252741,0.0188607699237763,1,probes/fisher_kpp_boundary_keypoints_v1_10seed/probe_runs.csv,1,0.0188607699237763,0.014486629795283052
fisher_kpp_boundary_keypoints_v1_10seed,fisher_kpp,failure_obs16_noise030,16,0.3,42,fisher_kpp_fisher_kpp_boundary_keypoints_v1_10seed_obs16_noise300_seed42,0.1130756437778472,0.8793187822937356,0.0579703599214553,0.0422258488833904,0.0036888718605041,3.263967389222225e-05,0.0085361020066421,0.0188607699237763,1,probes/fisher_kpp_boundary_keypoints_v1_10seed/probe_runs.csv,1,0.0188607699237763,0.014486629795283052
fisher_kpp_boundary_keypoints_v1_10seed,fisher_kpp,failure_obs16_noise030,16,0.3,43,fisher_kpp_fisher_kpp_boundary_keypoints_v1_10seed_obs16_noise300_seed43,0.0670446455478668,0.857937301992869,0.1065356731414794,0.0276071950793266,0.0071913003921508,9.63452234114728e-05,0.0120391739515247,0.0188607699237763,1,probes/fisher_kpp_boundary_keypoints_v1_10seed/probe_runs.csv,1,0.0188607699237763,0.014486629795283052
fisher_kpp_boundary_keypoints_v1_10seed,fisher_kpp,failure_obs16_noise030,16,0.3,44,fisher_kpp_fisher_kpp_boundary_keypoints_v1_10seed_obs16_noise300_seed44,0.0335053838789463,0.9315212949791302,0.0413419306278228,0.0191222969442605,0.0006288290023803,6.854498503313077e-05,0.0189919990753271,0.0188607699237763,1,probes/fisher_kpp_boundary_keypoints_v1_10seed/probe_runs.csv,1,0.0188607699237763,0.014486629795283052
fisher_kpp_boundary_keypoints_v1_10seed,fisher_kpp,failure_obs16_noise030,16,0.3,45,fisher_kpp_fisher_kpp_boundary_keypoints_v1_10seed_obs16_noise300_seed45,0.0777582079172134,0.9145215552832768,0.0441342443227767,0.0188367385417222,0.0046765804290771,5.405398480321543e-05,0.0154107170787594,0.0188607699237763,1,probes/fisher_kpp_boundary_keypoints_v1_10seed/probe_runs.csv,1,0.0188607699237763,0.014486629795283052
fisher_kpp_boundary_keypoints_v1_10seed,fisher_kpp,failure_obs16_noise030,16,0.3,46,fisher_kpp_fisher_kpp_boundary_keypoints_v1_10seed_obs16_noise300_seed46,0.1527570039033889,0.8147404818612365,0.092992827296257,0.0375050418078899,0.0262951254844665,0.0001330501517574,0.0160808464258367,0.0188607699237763,1,probes/fisher_kpp_boundary_keypoints_v1_10seed/probe_runs.csv,1,0.0188607699237763,0.014486629795283052
fisher_kpp_boundary_keypoints_v1_10seed,fisher_kpp,failure_obs16_noise030,16,0.3,47,fisher_kpp_fisher_kpp_boundary_keypoints_v1_10seed_obs16_noise300_seed47,0.0829204097390174,0.8402793125093836,0.1167883649468422,0.0169744696468114,0.0040425062179565,3.347920313770444e-05,0.0150476171768695,0.0188607699237763,1,probes/fisher_kpp_boundary_keypoints_v1_10seed/probe_runs.csv,1,0.0188607699237763,0.014486629795283052
fisher_kpp_boundary_keypoints_v1_10seed,fisher_kpp,failure_obs16_noise030,16,0.3,48,fisher_kpp_fisher_kpp_boundary_keypoints_v1_10seed_obs16_noise300_seed48,0.0355339422821998,0.9318870602631596,0.0372221916913986,0.0232223086059093,0.0008622407913208,4.251679559140944e-05,0.0100077559638446,0.0188607699237763,1,probes/fisher_kpp_boundary_keypoints_v1_10seed/probe_runs.csv,1,0.0188607699237763,0.014486629795283052
fisher_kpp_boundary_keypoints_v1_10seed,fisher_kpp,failure_obs16_noise030,16,0.3,49,fisher_kpp_fisher_kpp_boundary_keypoints_v1_10seed_obs16_noise300_seed49,0.0817633643746376,0.9053192737040364,0.0569338016211986,0.0168415214866399,0.0065757036209106,4.428886919794945e-05,0.0090870993982247,0.0188607699237763,1,probes/fisher_kpp_boundary_keypoints_v1_10seed/probe_runs.csv,1,0.0188607699237763,0.014486629795283052
fisher_kpp_boundary_keypoints_v1_10seed,fisher_kpp,failure_obs16_noise030,16,0.3,50,fisher_kpp_fisher_kpp_boundary_keypoints_v1_10seed_obs16_noise300_seed50,0.0327837355434894,0.9355615240680814,0.0308585688471794,0.0228130761533975,0.00030118227005,1.610401084455816e-05,0.0033668696482392,0.0188607699237763,1,probes/fisher_kpp_boundary_keypoints_v1_10seed/probe_runs.csv,1,0.0188607699237763,0.014486629795283052
fisher_kpp_boundary_keypoints_v2_extra_seed51_70,fisher_kpp,safe_clean_obs64_noise000,64,0.0,51,fisher_kpp_fisher_kpp_boundary_keypoints_v2_extra_seed51_70_obs64_noise000_seed51,0.0128853498026728,0.948020300277413,0.0194695014506578,0.0058395084924995,0.0001908540725708,1.0348213755620692e-05,0.0002095000132815,0.0188607699237763,0,probes/fisher_kpp_boundary_keypoints_v2_extra_seed51_70/probe_runs.csv,0,0.0188607699237763,0.014486629795283052
fisher_kpp_boundary_keypoints_v2_extra_seed51_70,fisher_kpp,safe_clean_obs64_noise000,64,0.0,52,fisher_kpp_fisher_kpp_boundary_keypoints_v2_extra_seed51_70_obs64_noise000_seed52,0.0095179537311196,0.9493760321323256,0.01708828471601,0.0056531745940446,9.143352508544922e-05,7.836532714598288e-06,9.321884303709247e-05,0.0188607699237763,0,probes/fisher_kpp_boundary_keypoints_v2_extra_seed51_70/probe_runs.csv,0,0.0188607699237763,0.014486629795283052
fisher_kpp_boundary_keypoints_v2_extra_seed51_70,fisher_kpp,safe_clean_obs64_noise000,64,0.0,53,fisher_kpp_fisher_kpp_boundary_keypoints_v2_extra_seed51_70_obs64_noise000_seed53,0.009170539677143,0.9501821006834829,0.0150020895525813,0.0046662655659019,0.0001235604286193,5.461030761337237e-06,8.447820126637988e-05,0.0188607699237763,0,probes/fisher_kpp_boundary_keypoints_v2_extra_seed51_70/probe_runs.csv,0,0.0188607699237763,0.014486629795283052
fisher_kpp_boundary_keypoints_v2_extra_seed51_70,fisher_kpp,safe_clean_obs64_noise000,64,0.0,54,fisher_kpp_fisher_kpp_boundary_keypoints_v2_extra_seed51_70_obs64_noise000_seed54,0.0135856000706553,0.9485864806994876,0.016126437112689,0.0069335843436419,0.0002138018608093,9.6406660098679e-06,0.0002103699791208,0.0188607699237763,0,probes/fisher_kpp_boundary_keypoints_v2_extra_seed51_70/probe_runs.csv,0,0.0188607699237763,0.014486629795283052
fisher_kpp_boundary_keypoints_v2_extra_seed51_70,fisher_kpp,safe_clean_obs64_noise000,64,0.0,55,fisher_kpp_fisher_kpp_boundary_keypoints_v2_extra_seed51_70_obs64_noise000_seed55,0.0162244085222482,0.9474061259731829,0.0185003858059644,0.0069782338105142,0.0002419352531433,9.60311201078635e-06,0.0001852726005309,0.0188607699237763,0,probes/fisher_kpp_boundary_keypoints_v2_extra_seed51_70/probe_runs.csv,0,0.0188607699237763,0.014486629795283052
fisher_kpp_boundary_keypoints_v2_extra_seed51_70,fisher_kpp,safe_clean_obs64_noise000,64,0.0,56,fisher_kpp_fisher_kpp_boundary_keypoints_v2_extra_seed51_70_obs64_noise000_seed56,0.0122804502025246,0.9481069996924352,0.0182017292827367,0.0077775819227099,0.0001206994056701,1.2657741248851988e-05,0.0002958973435291,0.0188607699237763,0,probes/fisher_kpp_boundary_keypoints_v2_extra_seed51_70/probe_runs.csv,0,0.0188607699237763,0.014486629795283052
fisher_kpp_boundary_keypoints_v2_extra_seed51_70,fisher_kpp,safe_clean_obs64_noise000,64,0.0,57,fisher_kpp_fisher_kpp_boundary_keypoints_v2_extra_seed51_70_obs64_noise000_seed57,0.008243360556662,0.9512581610263384,0.0118478145450353,0.0040299044921994,9.685754776000977e-05,3.069615031309587e-06,6.344217113362297e-05,0.0188607699237763,0,probes/fisher_kpp_boundary_keypoints_v2_extra_seed51_70/probe_runs.csv,0,0.0188607699237763,0.014486629795283052
fisher_kpp_boundary_keypoints_v2_extra_seed51_70,fisher_kpp,safe_clean_obs64_noise000,64,0.0,58,fisher_kpp_fisher_kpp_boundary_keypoints_v2_extra_seed51_70_obs64_noise000_seed58,0.0120587050914764,0.9468213562665176,0.0246420390903949,0.0046673766337335,7.474422454833984e-05,1.3305445061487168e-05,0.0001478423850811,0.0188607699237763,0,probes/fisher_kpp_boundary_keypoints_v2_extra_seed51_70/probe_runs.csv,0,0.0188607699237763,0.014486629795283052
fisher_kpp_boundary_keypoints_v2_extra_seed51_70,fisher_kpp,safe_clean_obs64_noise000,64,0.0,59,fisher_kpp_fisher_kpp_boundary_keypoints_v2_extra_seed51_70_obs64_noise000_seed59,0.0133660258725285,0.948494050279463,0.0180896800011396,0.0049317725934088,0.0002624988555908,6.201479273992205e-06,0.0001231696371564,0.0188607699237763,0,probes/fisher_kpp_boundary_keypoints_v2_extra_seed51_70/probe_runs.csv,0,0.0188607699237763,0.014486629795283052
fisher_kpp_boundary_keypoints_v2_extra_seed51_70,fisher_kpp,safe_clean_obs64_noise000,64,0.0,60,fisher_kpp_fisher_kpp_boundary_keypoints_v2_extra_seed51_70_obs64_noise000_seed60,0.0121641755104064,0.9476415870061252,0.0211585443466901,0.0059958505444228,0.0001406073570251,7.695453999322035e-06,0.0001714482385751,0.0188607699237763,0,probes/fisher_kpp_boundary_keypoints_v2_extra_seed51_70/probe_runs.csv,0,0.0188607699237763,0.014486629795283052
fisher_kpp_boundary_keypoints_v2_extra_seed51_70,fisher_kpp,safe_clean_obs64_noise000,64,0.0,61,fisher_kpp_fisher_kpp_boundary_keypoints_v2_extra_seed51_70_obs64_noise000_seed61,0.0098318755626678,0.9492023095107772,0.0181847997009754,0.0047008316032588,0.0001115798950195,5.385842973508297e-06,0.0001511127040882,0.0188607699237763,0,probes/fisher_kpp_boundary_keypoints_v2_extra_seed51_70/probe_runs.csv,0,0.0188607699237763,0.014486629795283052
fisher_kpp_boundary_keypoints_v2_extra_seed51_70,fisher_kpp,safe_clean_obs64_noise000,64,0.0,62,fisher_kpp_fisher_kpp_boundary_keypoints_v2_extra_seed51_70_obs64_noise000_seed62,0.0085247354581952,0.9498071149171038,0.0168659538030624,0.0046840636059641,8.797645568847656e-05,7.138804843159431e-06,0.0001016782887664,0.0188607699237763,0,probes/fisher_kpp_boundary_keypoints_v2_extra_seed51_70/probe_runs.csv,0,0.0188607699237763,0.014486629795283052
fisher_kpp_boundary_keypoints_v2_extra_seed51_70,fisher_kpp,safe_clean_obs64_noise000,64,0.0,63,fisher_kpp_fisher_kpp_boundary_keypoints_v2_extra_seed51_70_obs64_noise000_seed63,0.0106595186516642,0.9494482602343408,0.0155454454943537,0.0062435469590127,7.486343383789062e-05,1.35680008737337e-05,0.0002595718475195,0.0188607699237763,0,probes/fisher_kpp_boundary_keypoints_v2_extra_seed51_70/probe_runs.csv,0,0.0188607699237763,0.014486629795283052
fisher_kpp_boundary_keypoints_v2_extra_seed51_70,fisher_kpp,safe_clean_obs64_noise000,64,0.0,64,fisher_kpp_fisher_kpp_boundary_keypoints_v2_extra_seed51_70_obs64_noise000_seed64,0.0131902890279889,0.948590095003305,0.0171740520745515,0.005883052945137,0.0002385377883911,9.399737042540206e-06,0.0002256253461467,0.0188607699237763,0,probes/fisher_kpp_boundary_keypoints_v2_extra_seed51_70/probe_runs.csv,0,0.0188607699237763,0.014486629795283052
fisher_kpp_boundary_keypoints_v2_extra_seed51_70,fisher_kpp,safe_clean_obs64_noise000,64,0.0,65,fisher_kpp_fisher_kpp_boundary_keypoints_v2_extra_seed51_70_obs64_noise000_seed65,0.0154788484796881,0.946570264776915,0.0216655414551496,0.0072734393179416,0.0002110600471496,1.0470923839342018e-05,0.000185504207697,0.0188607699237763,0,probes/fisher_kpp_boundary_keypoints_v2_extra_seed51_70/probe_runs.csv,0,0.0188607699237763,0.014486629795283052
fisher_kpp_boundary_keypoints_v2_extra_seed51_70,fisher_kpp,safe_clean_obs64_noise000,64,0.0,66,fisher_kpp_fisher_kpp_boundary_keypoints_v2_extra_seed51_70_obs64_noise000_seed66,0.0143763832747936,0.9474407854092188,0.0193998143076896,0.0072740246541798,0.0002653002738952,1.614596375829132e-05,0.0001668899647633,0.0188607699237763,0,probes/fisher_kpp_boundary_keypoints_v2_extra_seed51_70/probe_runs.csv,0,0.0188607699237763,0.014486629795283052
fisher_kpp_boundary_keypoints_v2_extra_seed51_70,fisher_kpp,safe_clean_obs64_noise000,64,0.0,67,fisher_kpp_fisher_kpp_boundary_keypoints_v2_extra_seed51_70_obs64_noise000_seed67,0.0104306256398558,0.9492488124729838,0.0179173480719327,0.0042581842280924,0.0001143217086791,6.96264729965249e-06,8.843991136278236e-05,0.0188607699237763,0,probes/fisher_kpp_boundary_keypoints_v2_extra_seed51_70/probe_runs.csv,0,0.0188607699237763,0.014486629795283052
fisher_kpp_boundary_keypoints_v2_extra_seed51_70,fisher_kpp,safe_clean_obs64_noise000,64,0.0,68,fisher_kpp_fisher_kpp_boundary_keypoints_v2_extra_seed51_70_obs64_noise000_seed68,0.0081741558387875,0.9504706944243037,0.0148070566356182,0.0043839011341333,6.99758529663086e-05,7.89843223678969e-06,8.368613177179578e-05,0.0188607699237763,0,probes/fisher_kpp_boundary_keypoints_v2_extra_seed51_70/probe_runs.csv,0,0.0188607699237763,0.014486629795283052
fisher_kpp_boundary_keypoints_v2_extra_seed51_70,fisher_kpp,safe_clean_obs64_noise000,64,0.0,69,fisher_kpp_fisher_kpp_boundary_keypoints_v2_extra_seed51_70_obs64_noise000_seed69,0.0088365916162729,0.9505490907473808,0.0141063863411545,0.0043281153775751,5.292892456054688e-05,3.8923305068756105e-06,9.110677261568513e-05,0.0188607699237763,0,probes/fisher_kpp_boundary_keypoints_v2_extra_seed51_70/probe_runs.csv,0,0.0188607699237763,0.014486629795283052
fisher_kpp_boundary_keypoints_v2_extra_seed51_70,fisher_kpp,safe_clean_obs64_noise000,64,0.0,70,fisher_kpp_fisher_kpp_boundary_keypoints_v2_extra_seed51_70_obs64_noise000_seed70,0.0114492969587445,0.948524350997346,0.0185302589088678,0.006115024909377,0.0001216530799865,6.496781011027132e-06,0.000154247731803,0.0188607699237763,0,probes/fisher_kpp_boundary_keypoints_v2_extra_seed51_70/probe_runs.csv,0,0.0188607699237763,0.014486629795283052
fisher_kpp_boundary_keypoints_v2_extra_seed51_70,fisher_kpp,edge_obs16_noise005,16,0.05,51,fisher_kpp_fisher_kpp_boundary_keypoints_v2_extra_seed51_70_obs16_noise050_seed51,0.0227283351123332,0.9452958590589746,0.0217437893152236,0.0057303770445287,0.0005366206169128,5.320449191156488e-06,0.0004122884650329,0.0188607699237763,1,probes/fisher_kpp_boundary_keypoints_v2_extra_seed51_70/probe_runs.csv,1,0.0188607699237763,0.014486629795283052
fisher_kpp_boundary_keypoints_v2_extra_seed51_70,fisher_kpp,edge_obs16_noise005,16,0.05,52,fisher_kpp_fisher_kpp_boundary_keypoints_v2_extra_seed51_70_obs16_noise050_seed52,0.0160197280347347,0.946075358582528,0.022694531828165,0.0075234281830489,0.0003280639648437,5.942714820536403e-06,0.0006045329463734,0.0188607699237763,0,probes/fisher_kpp_boundary_keypoints_v2_extra_seed51_70/probe_runs.csv,0,0.0188607699237763,0.014486629795283052
fisher_kpp_boundary_keypoints_v2_extra_seed51_70,fisher_kpp,edge_obs16_noise005,16,0.05,53,fisher_kpp_fisher_kpp_boundary_keypoints_v2_extra_seed51_70_obs16_noise050_seed53,0.0151059599593281,0.946702448032682,0.0219228435307741,0.0063781300559639,0.0004478693008422,1.1423858712747076e-05,0.0004878718033075,0.0188607699237763,0,probes/fisher_kpp_boundary_keypoints_v2_extra_seed51_70/probe_runs.csv,0,0.0188607699237763,0.014486629795283052
fisher_kpp_boundary_keypoints_v2_extra_seed51_70,fisher_kpp,edge_obs16_noise005,16,0.05,54,fisher_kpp_fisher_kpp_boundary_keypoints_v2_extra_seed51_70_obs16_noise050_seed54,0.0106037193909287,0.9495322884229148,0.0150148402899503,0.0063793817535042,0.0001552700996398,2.140077290141447e-05,0.0008810667820653,0.0188607699237763,0,probes/fisher_kpp_boundary_keypoints_v2_extra_seed51_70/probe_runs.csv,0,0.0188607699237763,0.014486629795283052
fisher_kpp_boundary_keypoints_v2_extra_seed51_70,fisher_kpp,edge_obs16_noise005,16,0.05,55,fisher_kpp_fisher_kpp_boundary_keypoints_v2_extra_seed51_70_obs16_noise050_seed55,0.020724119618535,0.945513862817412,0.021806551143527,0.0068557374179363,0.0002579689025878,1.1445275376328556e-05,0.0007786607480708,0.0188607699237763,1,probes/fisher_kpp_boundary_keypoints_v2_extra_seed51_70/probe_runs.csv,1,0.0188607699237763,0.014486629795283052
fisher_kpp_boundary_keypoints_v2_extra_seed51_70,fisher_kpp,edge_obs16_noise005,16,0.05,56,fisher_kpp_fisher_kpp_boundary_keypoints_v2_extra_seed51_70_obs16_noise050_seed56,0.0124903293326497,0.9474302306854184,0.0202499348670244,0.0080336779356002,0.0001169443130493,8.593233528695805e-06,0.0005724196911163,0.0188607699237763,0,probes/fisher_kpp_boundary_keypoints_v2_extra_seed51_70/probe_runs.csv,0,0.0188607699237763,0.014486629795283052
fisher_kpp_boundary_keypoints_v2_extra_seed51_70,fisher_kpp,edge_obs16_noise005,16,0.05,57,fisher_kpp_fisher_kpp_boundary_keypoints_v2_extra_seed51_70_obs16_noise050_seed57,0.0121695613488554,0.94943664788332,0.0150273507460951,0.0055662421509623,0.0001196861267089,7.295628383726172e-06,0.0003197983010016,0.0188607699237763,0,probes/fisher_kpp_boundary_keypoints_v2_extra_seed51_70/probe_runs.csv,0,0.0188607699237763,0.014486629795283052
fisher_kpp_boundary_keypoints_v2_extra_seed51_70,fisher_kpp,edge_obs16_noise005,16,0.05,58,fisher_kpp_fisher_kpp_boundary_keypoints_v2_extra_seed51_70_obs16_noise050_seed58,0.0114004025235772,0.946492354706655,0.0249889604747295,0.0062885954976081,7.253885269165039e-05,2.178005349812446e-05,0.0006727130439423,0.0188607699237763,0,probes/fisher_kpp_boundary_keypoints_v2_extra_seed51_70/probe_runs.csv,0,0.0188607699237763,0.014486629795283052
fisher_kpp_boundary_keypoints_v2_extra_seed51_70,fisher_kpp,edge_obs16_noise005,16,0.05,59,fisher_kpp_fisher_kpp_boundary_keypoints_v2_extra_seed51_70_obs16_noise050_seed59,0.0193690489977598,0.94747284739709,0.0156428646296262,0.0071593914180994,0.0004025697708129,6.152309785483832e-06,0.0005522987014808,0.0188607699237763,1,probes/fisher_kpp_boundary_keypoints_v2_extra_seed51_70/probe_runs.csv,1,0.0188607699237763,0.014486629795283052
fisher_kpp_boundary_keypoints_v2_extra_seed51_70,fisher_kpp,edge_obs16_noise005,16,0.05,60,fisher_kpp_fisher_kpp_boundary_keypoints_v2_extra_seed51_70_obs16_noise050_seed60,0.0121494214981794,0.9472819826872804,0.0210692845284938,0.0078710969537496,0.0001198649406433,9.119783884429788e-06,0.0007129759707968,0.0188607699237763,0,probes/fisher_kpp_boundary_keypoints_v2_extra_seed51_70/probe_runs.csv,0,0.0188607699237763,0.014486629795283052
fisher_kpp_boundary_keypoints_v2_extra_seed51_70,fisher_kpp,edge_obs16_noise005,16,0.05,61,fisher_kpp_fisher_kpp_boundary_keypoints_v2_extra_seed51_70_obs16_noise050_seed61,0.0124066621065139,0.9473974019004352,0.0208839662373065,0.0073630162514746,0.0001207590103149,5.99008339158482e-06,0.0008362234388159,0.0188607699237763,0,probes/fisher_kpp_boundary_keypoints_v2_extra_seed51_70/probe_runs.csv,0,0.0188607699237763,0.014486629795283052
fisher_kpp_boundary_keypoints_v2_extra_seed51_70,fisher_kpp,edge_obs16_noise005,16,0.05,62,fisher_kpp_fisher_kpp_boundary_keypoints_v2_extra_seed51_70_obs16_noise050_seed62,0.016321750357747,0.9490719858736284,0.0131755089387297,0.0055528930388391,0.000249445438385,6.392828623927646e-06,0.0004389552936512,0.0188607699237763,0,probes/fisher_kpp_boundary_keypoints_v2_extra_seed51_70/probe_runs.csv,0,0.0188607699237763,0.014486629795283052
fisher_kpp_boundary_keypoints_v2_extra_seed51_70,fisher_kpp,edge_obs16_noise005,16,0.05,63,fisher_kpp_fisher_kpp_boundary_keypoints_v2_extra_seed51_70_obs16_noise050_seed63,0.013666583225131,0.9484659366271332,0.0158362369984388,0.0076862489804625,0.0001256465911865,2.361389974210193e-05,0.0011978042115751,0.0188607699237763,0,probes/fisher_kpp_boundary_keypoints_v2_extra_seed51_70/probe_runs.csv,0,0.0188607699237763,0.014486629795283052
fisher_kpp_boundary_keypoints_v2_extra_seed51_70,fisher_kpp,edge_obs16_noise005,16,0.05,64,fisher_kpp_fisher_kpp_boundary_keypoints_v2_extra_seed51_70_obs16_noise050_seed64,0.0166473072022199,0.944745695407862,0.0251139774918556,0.0095039196312427,0.0003223419189453,7.03522663964598e-06,0.0007396883890355,0.0188607699237763,0,probes/fisher_kpp_boundary_keypoints_v2_extra_seed51_70/probe_runs.csv,0,0.0188607699237763,0.014486629795283052
fisher_kpp_boundary_keypoints_v2_extra_seed51_70,fisher_kpp,edge_obs16_noise005,16,0.05,65,fisher_kpp_fisher_kpp_boundary_keypoints_v2_extra_seed51_70_obs16_noise050_seed65,0.0190147925168275,0.9456770134698606,0.0213576909154653,0.0084738470613956,0.0003255605697631,8.592692564622852e-06,0.000290767636522,0.0188607699237763,1,probes/fisher_kpp_boundary_keypoints_v2_extra_seed51_70/probe_runs.csv,1,0.0188607699237763,0.014486629795283052
fisher_kpp_boundary_keypoints_v2_extra_seed51_70,fisher_kpp,edge_obs16_noise005,16,0.05,66,fisher_kpp_fisher_kpp_boundary_keypoints_v2_extra_seed51_70_obs16_noise050_seed66,0.0158354621380567,0.9465087324953564,0.020769452676177,0.0084297489374876,0.000250220298767,1.3735201384276373e-05,0.0006728717151488,0.0188607699237763,0,probes/fisher_kpp_boundary_keypoints_v2_extra_seed51_70/probe_runs.csv,0,0.0188607699237763,0.014486629795283052
fisher_kpp_boundary_keypoints_v2_extra_seed51_70,fisher_kpp,edge_obs16_noise005,16,0.05,67,fisher_kpp_fisher_kpp_boundary_keypoints_v2_extra_seed51_70_obs16_noise050_seed67,0.0139643820002675,0.9473619025988548,0.021276582032442,0.0053879488259553,0.0002202987670898,7.527462292906763e-06,0.0005215441079843,0.0188607699237763,0,probes/fisher_kpp_boundary_keypoints_v2_extra_seed51_70/probe_runs.csv,0,0.0188607699237763,0.014486629795283052
fisher_kpp_boundary_keypoints_v2_extra_seed51_70,fisher_kpp,edge_obs16_noise005,16,0.05,68,fisher_kpp_fisher_kpp_boundary_keypoints_v2_extra_seed51_70_obs16_noise050_seed68,0.0177375227212905,0.9474173789170246,0.0185610502958297,0.0052726794965565,0.0002281665802001,1.041839572425124e-05,0.0006003849828322,0.0188607699237763,0,probes/fisher_kpp_boundary_keypoints_v2_extra_seed51_70/probe_runs.csv,0,0.0188607699237763,0.014486629795283052
fisher_kpp_boundary_keypoints_v2_extra_seed51_70,fisher_kpp,edge_obs16_noise005,16,0.05,69,fisher_kpp_fisher_kpp_boundary_keypoints_v2_extra_seed51_70_obs16_noise050_seed69,0.0129002751782536,0.9487066767136024,0.0162754077464342,0.006928049493581,9.14931297302246e-05,2.5087682114754794e-06,0.0005584268041949,0.0188607699237763,0,probes/fisher_kpp_boundary_keypoints_v2_extra_seed51_70/probe_runs.csv,0,0.0188607699237763,0.014486629795283052
fisher_kpp_boundary_keypoints_v2_extra_seed51_70,fisher_kpp,edge_obs16_noise005,16,0.05,70,fisher_kpp_fisher_kpp_boundary_keypoints_v2_extra_seed51_70_obs16_noise050_seed70,0.0196939278393983,0.946249683063468,0.0193721558898687,0.007792386226356,0.0003579258918762,9.459211193681626e-06,0.0007655547175363,0.0188607699237763,1,probes/fisher_kpp_boundary_keypoints_v2_extra_seed51_70/probe_runs.csv,1,0.0188607699237763,0.014486629795283052
fisher_kpp_boundary_keypoints_v2_extra_seed51_70,fisher_kpp,edge_obs32_noise010,32,0.1,51,fisher_kpp_fisher_kpp_boundary_keypoints_v2_extra_seed51_70_obs32_noise100_seed51,0.0169322807341814,0.946582544535418,0.0196485724300146,0.0084962081164121,0.0001363158226013,1.791595178775144e-05,0.0027039561568625,0.0188607699237763,0,probes/fisher_kpp_boundary_keypoints_v2_extra_seed51_70/probe_runs.csv,0,0.0188607699237763,0.014486629795283052
fisher_kpp_boundary_keypoints_v2_extra_seed51_70,fisher_kpp,edge_obs32_noise010,32,0.1,52,fisher_kpp_fisher_kpp_boundary_keypoints_v2_extra_seed51_70_obs32_noise100_seed52,0.0285609029233455,0.9404197770498514,0.028665816411376,0.0113619063049554,0.0005483627319335,4.943293220326708e-06,0.0029526484527793,0.0188607699237763,1,probes/fisher_kpp_boundary_keypoints_v2_extra_seed51_70/probe_runs.csv,1,0.0188607699237763,0.014486629795283052
fisher_kpp_boundary_keypoints_v2_extra_seed51_70,fisher_kpp,edge_obs32_noise010,32,0.1,53,fisher_kpp_fisher_kpp_boundary_keypoints_v2_extra_seed51_70_obs32_noise100_seed53,0.0172518081963062,0.9454248299593228,0.0240872055292129,0.0071444828063249,0.0003321170806884,1.4443433705031545e-05,0.0018856719616572,0.0188607699237763,0,probes/fisher_kpp_boundary_keypoints_v2_extra_seed51_70/probe_runs.csv,0,0.0188607699237763,0.014486629795283052
fisher_kpp_boundary_keypoints_v2_extra_seed51_70,fisher_kpp,edge_obs32_noise010,32,0.1,54,fisher_kpp_fisher_kpp_boundary_keypoints_v2_extra_seed51_70_obs32_noise100_seed54,0.0259272195398807,0.9398724684650184,0.0334190353751182,0.0077515230514109,0.0010106563568115,2.7146113125105773e-05,0.0023447664429726,0.0188607699237763,1,probes/fisher_kpp_boundary_keypoints_v2_extra_seed51_70/probe_runs.csv,1,0.0188607699237763,0.014486629795283052
fisher_kpp_boundary_keypoints_v2_extra_seed51_70,fisher_kpp,edge_obs32_noise010,32,0.1,55,fisher_kpp_fisher_kpp_boundary_keypoints_v2_extra_seed51_70_obs32_noise100_seed55,0.0243021063506603,0.9434841669523244,0.0249270386993885,0.0080162035301327,0.0002048015594482,1.4138233432555952e-05,0.0018846798773576,0.0188607699237763,1,probes/fisher_kpp_boundary_keypoints_v2_extra_seed51_70/probe_runs.csv,1,0.0188607699237763,0.014486629795283052
fisher_kpp_boundary_keypoints_v2_extra_seed51_70,fisher_kpp,edge_obs32_noise010,32,0.1,56,fisher_kpp_fisher_kpp_boundary_keypoints_v2_extra_seed51_70_obs32_noise100_seed56,0.0119708916172385,0.9479142857004976,0.0182579699903726,0.0088771432638168,6.961822509765625e-05,1.0168849217701515e-05,0.0012590415912825,0.0188607699237763,0,probes/fisher_kpp_boundary_keypoints_v2_extra_seed51_70/probe_runs.csv,0,0.0188607699237763,0.014486629795283052
fisher_kpp_boundary_keypoints_v2_extra_seed51_70,fisher_kpp,edge_obs32_noise010,32,0.1,57,fisher_kpp_fisher_kpp_boundary_keypoints_v2_extra_seed51_70_obs32_noise100_seed57,0.0188927128911018,0.9472810815152914,0.0164496097713708,0.0075627826154232,0.0002656579017639,1.1258626674734684e-05,0.0010758295586293,0.0188607699237763,1,probes/fisher_kpp_boundary_keypoints_v2_extra_seed51_70/probe_runs.csv,1,0.0188607699237763,0.014486629795283052
fisher_kpp_boundary_keypoints_v2_extra_seed51_70,fisher_kpp,edge_obs32_noise010,32,0.1,58,fisher_kpp_fisher_kpp_boundary_keypoints_v2_extra_seed51_70_obs32_noise100_seed58,0.0099426293745636,0.9445068065160132,0.0296712517738342,0.009103731252253,0.0001122951507568,1.8167458004237764e-05,0.002304574204403,0.0188607699237763,0,probes/fisher_kpp_boundary_keypoints_v2_extra_seed51_70/probe_runs.csv,0,0.0188607699237763,0.014486629795283052
fisher_kpp_boundary_keypoints_v2_extra_seed51_70,fisher_kpp,edge_obs32_noise010,32,0.1,59,fisher_kpp_fisher_kpp_boundary_keypoints_v2_extra_seed51_70_obs32_noise100_seed59,0.0314350128173828,0.941687702125621,0.0233755484223365,0.0101991947740316,0.0010316371917724,1.7396474102059556e-05,0.0027777333033617,0.0188607699237763,1,probes/fisher_kpp_boundary_keypoints_v2_extra_seed51_70/probe_runs.csv,1,0.0188607699237763,0.014486629795283052
fisher_kpp_boundary_keypoints_v2_extra_seed51_70,fisher_kpp,edge_obs32_noise010,32,0.1,60,fisher_kpp_fisher_kpp_boundary_keypoints_v2_extra_seed51_70_obs32_noise100_seed60,0.01463811006397,0.945003574672867,0.0249826684594154,0.0103589966893196,5.602836608886719e-05,1.4626941455604183e-05,0.0024997601807007,0.0188607699237763,0,probes/fisher_kpp_boundary_keypoints_v2_extra_seed51_70/probe_runs.csv,0,0.0188607699237763,0.014486629795283052
fisher_kpp_boundary_keypoints_v2_extra_seed51_70,fisher_kpp,edge_obs32_noise010,32,0.1,61,fisher_kpp_fisher_kpp_boundary_keypoints_v2_extra_seed51_70_obs32_noise100_seed61,0.0163748152554035,0.9457748349262431,0.0235257316380739,0.0073657901957631,0.0001875758171081,4.128340669122771e-06,0.0021586533687735,0.0188607699237763,0,probes/fisher_kpp_boundary_keypoints_v2_extra_seed51_70/probe_runs.csv,0,0.0188607699237763,0.014486629795283052
fisher_kpp_boundary_keypoints_v2_extra_seed51_70,fisher_kpp,edge_obs32_noise010,32,0.1,62,fisher_kpp_fisher_kpp_boundary_keypoints_v2_extra_seed51_70_obs32_noise100_seed62,0.0250832717865705,0.9455056245001524,0.0185129437595605,0.0065637715160846,0.000704288482666,5.3623484290560834e-06,0.0017485308543834,0.0188607699237763,1,probes/fisher_kpp_boundary_keypoints_v2_extra_seed51_70/probe_runs.csv,1,0.0188607699237763,0.014486629795283052
fisher_kpp_boundary_keypoints_v2_extra_seed51_70,fisher_kpp,edge_obs32_noise010,32,0.1,63,fisher_kpp_fisher_kpp_boundary_keypoints_v2_extra_seed51_70_obs32_noise100_seed63,0.0210102591663599,0.9449690930211444,0.0227143298834562,0.0075648077763617,0.0002630352973937,1.4791862716330243e-05,0.0040052842239861,0.0188607699237763,1,probes/fisher_kpp_boundary_keypoints_v2_extra_seed51_70/probe_runs.csv,1,0.0188607699237763,0.014486629795283052
fisher_kpp_boundary_keypoints_v2_extra_seed51_70,fisher_kpp,edge_obs32_noise010,32,0.1,64,fisher_kpp_fisher_kpp_boundary_keypoints_v2_extra_seed51_70_obs32_noise100_seed64,0.0197942107915878,0.943234761331704,0.0263055190443992,0.0112850815057754,0.0004950761795043,1.2413124788390395e-05,0.0024846081197323,0.0188607699237763,1,probes/fisher_kpp_boundary_keypoints_v2_extra_seed51_70/probe_runs.csv,1,0.0188607699237763,0.014486629795283052
fisher_kpp_boundary_keypoints_v2_extra_seed51_70,fisher_kpp,edge_obs32_noise010,32,0.1,65,fisher_kpp_fisher_kpp_boundary_keypoints_v2_extra_seed51_70_obs32_noise100_seed65,0.0209441576153039,0.945893194701852,0.0198743976652622,0.0073890923522412,0.0004503726959228,1.2484382225581568e-05,0.0013685777634224,0.0188607699237763,1,probes/fisher_kpp_boundary_keypoints_v2_extra_seed51_70/probe_runs.csv,1,0.0188607699237763,0.014486629795283052
fisher_kpp_boundary_keypoints_v2_extra_seed51_70,fisher_kpp,edge_obs32_noise010,32,0.1,66,fisher_kpp_fisher_kpp_boundary_keypoints_v2_extra_seed51_70_obs32_noise100_seed66,0.0216097272932529,0.94211858862566,0.0288655925542116,0.0105422986671328,0.0004990100860595,1.199663366470288e-05,0.0018555822944595,0.0188607699237763,1,probes/fisher_kpp_boundary_keypoints_v2_extra_seed51_70/probe_runs.csv,1,0.0188607699237763,0.014486629795283052
fisher_kpp_boundary_keypoints_v2_extra_seed51_70,fisher_kpp,edge_obs32_noise010,32,0.1,67,fisher_kpp_fisher_kpp_boundary_keypoints_v2_extra_seed51_70_obs32_noise100_seed67,0.0202694982290267,0.9438320708778204,0.0253389161080122,0.0098332744091749,0.00026136636734,1.09341069180809e-05,0.0020479356996547,0.0188607699237763,1,probes/fisher_kpp_boundary_keypoints_v2_extra_seed51_70/probe_runs.csv,1,0.0188607699237763,0.014486629795283052
fisher_kpp_boundary_keypoints_v2_extra_seed51_70,fisher_kpp,edge_obs32_noise010,32,0.1,68,fisher_kpp_fisher_kpp_boundary_keypoints_v2_extra_seed51_70_obs32_noise100_seed68,0.0241598691791296,0.9432425274049492,0.0266660954803228,0.0063922079280018,0.0003225803375244,1.2537016343150297e-05,0.0017723787797406,0.0188607699237763,1,probes/fisher_kpp_boundary_keypoints_v2_extra_seed51_70/probe_runs.csv,1,0.0188607699237763,0.014486629795283052
fisher_kpp_boundary_keypoints_v2_extra_seed51_70,fisher_kpp,edge_obs32_noise010,32,0.1,69,fisher_kpp_fisher_kpp_boundary_keypoints_v2_extra_seed51_70_obs32_noise100_seed69,0.0133284395560622,0.9475712120052264,0.019385952502489,0.0077042081393301,0.0001431703567504,5.388634850460753e-06,0.0018527335383446,0.0188607699237763,0,probes/fisher_kpp_boundary_keypoints_v2_extra_seed51_70/probe_runs.csv,0,0.0188607699237763,0.014486629795283052
fisher_kpp_boundary_keypoints_v2_extra_seed51_70,fisher_kpp,edge_obs32_noise010,32,0.1,70,fisher_kpp_fisher_kpp_boundary_keypoints_v2_extra_seed51_70_obs32_noise100_seed70,0.0230692401528358,0.9437545894895668,0.023322956636548,0.0104223722591996,0.0001802444458007,9.6814766606333e-06,0.0029662167537143,0.0188607699237763,1,probes/fisher_kpp_boundary_keypoints_v2_extra_seed51_70/probe_runs.csv,1,0.0188607699237763,0.014486629795283052
fisher_kpp_boundary_keypoints_v2_extra_seed51_70,fisher_kpp,transition_obs128_noise020,128,0.2,51,fisher_kpp_fisher_kpp_boundary_keypoints_v2_extra_seed51_70_obs128_noise200_seed51,0.0246451906859874,0.9442419638763754,0.022965345531702,0.0059335567057132,0.0005732774734497,2.430665108941083e-05,0.0111014071032985,0.0188607699237763,1,probes/fisher_kpp_boundary_keypoints_v2_extra_seed51_70/probe_runs.csv,1,0.0188607699237763,0.014486629795283052
fisher_kpp_boundary_keypoints_v2_extra_seed51_70,fisher_kpp,transition_obs128_noise020,128,0.2,52,fisher_kpp_fisher_kpp_boundary_keypoints_v2_extra_seed51_70_obs128_noise200_seed52,0.0341033861041069,0.9375088601523024,0.0316861383616924,0.0121919587254524,0.0013971328735351,1.470133544717011e-05,0.0068886316344814,0.0188607699237763,1,probes/fisher_kpp_boundary_keypoints_v2_extra_seed51_70/probe_runs.csv,1,0.0188607699237763,0.014486629795283052
fisher_kpp_boundary_keypoints_v2_extra_seed51_70,fisher_kpp,transition_obs128_noise020,128,0.2,53,fisher_kpp_fisher_kpp_boundary_keypoints_v2_extra_seed51_70_obs128_noise200_seed53,0.0218080841004848,0.9464394500921296,0.0160075798630714,0.0083337910473346,0.0006170272827148,1.8549035018859443e-05,0.0079463021939136,0.0188607699237763,1,probes/fisher_kpp_boundary_keypoints_v2_extra_seed51_70/probe_runs.csv,1,0.0188607699237763,0.014486629795283052
fisher_kpp_boundary_keypoints_v2_extra_seed51_70,fisher_kpp,transition_obs128_noise020,128,0.2,54,fisher_kpp_fisher_kpp_boundary_keypoints_v2_extra_seed51_70_obs128_noise200_seed54,0.026663327589631,0.9411289144541128,0.0298869460821151,0.0072714057750999,0.0007205009460449,1.9192323967200955e-05,0.0098820380054667,0.0188607699237763,1,probes/fisher_kpp_boundary_keypoints_v2_extra_seed51_70/probe_runs.csv,1,0.0188607699237763,0.014486629795283052
fisher_kpp_boundary_keypoints_v2_extra_seed51_70,fisher_kpp,transition_obs128_noise020,128,0.2,55,fisher_kpp_fisher_kpp_boundary_keypoints_v2_extra_seed51_70_obs128_noise200_seed55,0.0189892798662185,0.9435324021498964,0.0283173788338899,0.0073370947502553,0.000210702419281,9.673328729080515e-06,0.006521050484831,0.0188607699237763,1,probes/fisher_kpp_boundary_keypoints_v2_extra_seed51_70/probe_runs.csv,1,0.0188607699237763,0.014486629795283052
fisher_kpp_boundary_keypoints_v2_extra_seed51_70,fisher_kpp,transition_obs128_noise020,128,0.2,56,fisher_kpp_fisher_kpp_boundary_keypoints_v2_extra_seed51_70_obs128_noise200_seed56,0.0151074454188346,0.9457475539329668,0.0215033423155546,0.0109768481925129,0.0001409649848937,1.995020870098362e-05,0.0091269867995049,0.0188607699237763,0,probes/fisher_kpp_boundary_keypoints_v2_extra_seed51_70/probe_runs.csv,0,0.0188607699237763,0.014486629795283052
fisher_kpp_boundary_keypoints_v2_extra_seed51_70,fisher_kpp,transition_obs128_noise020,128,0.2,57,fisher_kpp_fisher_kpp_boundary_keypoints_v2_extra_seed51_70_obs128_noise200_seed57,0.0212179254740476,0.946528946878334,0.0162916984409093,0.008501305244863,0.0004056096076965,8.72434247654796e-06,0.0065745500383219,0.0188607699237763,1,probes/fisher_kpp_boundary_keypoints_v2_extra_seed51_70/probe_runs.csv,1,0.0188607699237763,0.014486629795283052
fisher_kpp_boundary_keypoints_v2_extra_seed51_70,fisher_kpp,transition_obs128_noise020,128,0.2,58,fisher_kpp_fisher_kpp_boundary_keypoints_v2_extra_seed51_70_obs128_noise200_seed58,0.0103232013061642,0.946871306254127,0.0244012717157602,0.0058158282190561,0.0001367926597595,1.779989495926884e-05,0.0074116973296122,0.0188607699237763,0,probes/fisher_kpp_boundary_keypoints_v2_extra_seed51_70/probe_runs.csv,0,0.0188607699237763,0.014486629795283052
fisher_kpp_boundary_keypoints_v2_extra_seed51_70,fisher_kpp,transition_obs128_noise020,128,0.2,59,fisher_kpp_fisher_kpp_boundary_keypoints_v2_extra_seed51_70_obs128_noise200_seed59,0.0318995602428913,0.940328804339815,0.0283493064343929,0.0073814415372908,0.0013859272003173,8.083724617015092e-06,0.0099234888492235,0.0188607699237763,1,probes/fisher_kpp_boundary_keypoints_v2_extra_seed51_70/probe_runs.csv,1,0.0188607699237763,0.014486629795283052
fisher_kpp_boundary_keypoints_v2_extra_seed51_70,fisher_kpp,transition_obs128_noise020,128,0.2,60,fisher_kpp_fisher_kpp_boundary_keypoints_v2_extra_seed51_70_obs128_noise200_seed60,0.0228633414953947,0.941863677958093,0.0281419567763805,0.0111548658460378,0.0004671812057495,7.821955375726374e-06,0.0093839310356206,0.0188607699237763,1,probes/fisher_kpp_boundary_keypoints_v2_extra_seed51_70/probe_runs.csv,1,0.0188607699237763,0.014486629795283052
fisher_kpp_boundary_keypoints_v2_extra_seed51_70,fisher_kpp,transition_obs128_noise020,128,0.2,61,fisher_kpp_fisher_kpp_boundary_keypoints_v2_extra_seed51_70_obs128_noise200_seed61,0.0194989908486604,0.945490435289284,0.0211274288594722,0.0084658171981573,0.0002642273902893,1.0160201048963843e-05,0.0106500524534678,0.0188607699237763,1,probes/fisher_kpp_boundary_keypoints_v2_extra_seed51_70/probe_runs.csv,1,0.0188607699237763,0.014486629795283052
fisher_kpp_boundary_keypoints_v2_extra_seed51_70,fisher_kpp,transition_obs128_noise020,128,0.2,62,fisher_kpp_fisher_kpp_boundary_keypoints_v2_extra_seed51_70_obs128_noise200_seed62,0.026688914746046,0.943702779999872,0.0220696907490491,0.0079727256670594,0.0006775856018066,7.053354941694824e-06,0.0080258543161459,0.0188607699237763,1,probes/fisher_kpp_boundary_keypoints_v2_extra_seed51_70/probe_runs.csv,1,0.0188607699237763,0.014486629795283052
fisher_kpp_boundary_keypoints_v2_extra_seed51_70,fisher_kpp,transition_obs128_noise020,128,0.2,63,fisher_kpp_fisher_kpp_boundary_keypoints_v2_extra_seed51_70_obs128_noise200_seed63,0.0193449072539806,0.9455859684132076,0.0211196392774581,0.0079224640503525,6.908178329467773e-05,2.6424220983568605e-05,0.0141460726681692,0.0188607699237763,1,probes/fisher_kpp_boundary_keypoints_v2_extra_seed51_70/probe_runs.csv,1,0.0188607699237763,0.014486629795283052
fisher_kpp_boundary_keypoints_v2_extra_seed51_70,fisher_kpp,transition_obs128_noise020,128,0.2,64,fisher_kpp_fisher_kpp_boundary_keypoints_v2_extra_seed51_70_obs128_noise200_seed64,0.016174929216504,0.9441572666627712,0.0280256662517786,0.0072095375508069,0.0003631114959716,5.61446410671509e-06,0.0105327265117269,0.0188607699237763,0,probes/fisher_kpp_boundary_keypoints_v2_extra_seed51_70/probe_runs.csv,0,0.0188607699237763,0.014486629795283052
fisher_kpp_boundary_keypoints_v2_extra_seed51_70,fisher_kpp,transition_obs128_noise020,128,0.2,65,fisher_kpp_fisher_kpp_boundary_keypoints_v2_extra_seed51_70_obs128_noise200_seed65,0.0190190486609935,0.9441436745810948,0.0241472385823726,0.0108374264091253,0.0003830790519714,1.994649484769588e-05,0.0074870824180992,0.0188607699237763,1,probes/fisher_kpp_boundary_keypoints_v2_extra_seed51_70/probe_runs.csv,1,0.0188607699237763,0.014486629795283052
fisher_kpp_boundary_keypoints_v2_extra_seed51_70,fisher_kpp,transition_obs128_noise020,128,0.2,66,fisher_kpp_fisher_kpp_boundary_keypoints_v2_extra_seed51_70_obs128_noise200_seed66,0.016669051721692,0.9445678910476732,0.0250110533088445,0.0099252602085471,0.0003355741500854,8.585804462806757e-06,0.0077894607145444,0.0188607699237763,0,probes/fisher_kpp_boundary_keypoints_v2_extra_seed51_70/probe_runs.csv,0,0.0188607699237763,0.014486629795283052
fisher_kpp_boundary_keypoints_v2_extra_seed51_70,fisher_kpp,transition_obs128_noise020,128,0.2,67,fisher_kpp_fisher_kpp_boundary_keypoints_v2_extra_seed51_70_obs128_noise200_seed67,0.0128286341205239,0.946266244404398,0.0229607857763767,0.0086436187848448,0.0002332925796508,2.664543571203889e-05,0.0066295267959545,0.0188607699237763,0,probes/fisher_kpp_boundary_keypoints_v2_extra_seed51_70/probe_runs.csv,0,0.0188607699237763,0.014486629795283052
fisher_kpp_boundary_keypoints_v2_extra_seed51_70,fisher_kpp,transition_obs128_noise020,128,0.2,68,fisher_kpp_fisher_kpp_boundary_keypoints_v2_extra_seed51_70_obs128_noise200_seed68,0.0183539185672998,0.9450580595971904,0.0236580297350883,0.0080462899059057,0.0001978278160095,6.65145094458502e-06,0.0099967280960452,0.0188607699237763,0,probes/fisher_kpp_boundary_keypoints_v2_extra_seed51_70/probe_runs.csv,0,0.0188607699237763,0.014486629795283052
fisher_kpp_boundary_keypoints_v2_extra_seed51_70,fisher_kpp,transition_obs128_noise020,128,0.2,69,fisher_kpp_fisher_kpp_boundary_keypoints_v2_extra_seed51_70_obs128_noise200_seed69,0.0196075830608606,0.9463563406431028,0.0167812462896108,0.0103509118780493,0.0001278519630432,1.3072811709126628e-05,0.0076086108042711,0.0188607699237763,1,probes/fisher_kpp_boundary_keypoints_v2_extra_seed51_70/probe_runs.csv,1,0.0188607699237763,0.014486629795283052
fisher_kpp_boundary_keypoints_v2_extra_seed51_70,fisher_kpp,transition_obs128_noise020,128,0.2,70,fisher_kpp_fisher_kpp_boundary_keypoints_v2_extra_seed51_70_obs128_noise200_seed70,0.0236671417951583,0.9432407066273574,0.0255468897521495,0.0078776516020298,0.0006513595581054,8.93347244656092e-06,0.0109740069143729,0.0188607699237763,1,probes/fisher_kpp_boundary_keypoints_v2_extra_seed51_70/probe_runs.csv,1,0.0188607699237763,0.014486629795283052
fisher_kpp_boundary_keypoints_v2_extra_seed51_70,fisher_kpp,failure_obs32_noise020,32,0.2,51,fisher_kpp_fisher_kpp_boundary_keypoints_v2_extra_seed51_70_obs32_noise200_seed51,0.0267060920596122,0.940418763205837,0.0281352680176496,0.0135238086804747,0.0002219676971435,4.0368550138950376e-05,0.0100708705386299,0.0188607699237763,1,probes/fisher_kpp_boundary_keypoints_v2_extra_seed51_70/probe_runs.csv,1,0.0188607699237763,0.014486629795283052
fisher_kpp_boundary_keypoints_v2_extra_seed51_70,fisher_kpp,failure_obs32_noise020,32,0.2,52,fisher_kpp_fisher_kpp_boundary_keypoints_v2_extra_seed51_70_obs32_noise200_seed52,0.055922619998455,0.9203405746545176,0.0495138987898826,0.0199852399528026,0.001754879951477,9.794286143776552e-06,0.0114572778582858,0.0188607699237763,1,probes/fisher_kpp_boundary_keypoints_v2_extra_seed51_70/probe_runs.csv,1,0.0188607699237763,0.014486629795283052
fisher_kpp_boundary_keypoints_v2_extra_seed51_70,fisher_kpp,failure_obs32_noise020,32,0.2,53,fisher_kpp_fisher_kpp_boundary_keypoints_v2_extra_seed51_70_obs32_noise200_seed53,0.0322130247950553,0.9328482074884616,0.0434085614979267,0.0118902893736958,0.0005664825439453,3.982111843874426e-05,0.0070628886458885,0.0188607699237763,1,probes/fisher_kpp_boundary_keypoints_v2_extra_seed51_70/probe_runs.csv,1,0.0188607699237763,0.014486629795283052
fisher_kpp_boundary_keypoints_v2_extra_seed51_70,fisher_kpp,failure_obs32_noise020,32,0.2,54,fisher_kpp_fisher_kpp_boundary_keypoints_v2_extra_seed51_70_obs32_noise200_seed54,0.0456891544163227,0.9203612920729504,0.0576632246375083,0.010439658537507,0.0032392144203186,4.838920052151185e-05,0.0086444087774705,0.0188607699237763,1,probes/fisher_kpp_boundary_keypoints_v2_extra_seed51_70/probe_runs.csv,1,0.0188607699237763,0.014486629795283052
fisher_kpp_boundary_keypoints_v2_extra_seed51_70,fisher_kpp,failure_obs32_noise020,32,0.2,55,fisher_kpp_fisher_kpp_boundary_keypoints_v2_extra_seed51_70_obs32_noise200_seed55,0.0392023511230945,0.9322600113894468,0.0413313433527946,0.0114199612289667,0.0002473592758178,2.331541213110765e-05,0.0067599102276155,0.0188607699237763,1,probes/fisher_kpp_boundary_keypoints_v2_extra_seed51_70/probe_runs.csv,1,0.0188607699237763,0.014486629795283052
fisher_kpp_boundary_keypoints_v2_extra_seed51_70,fisher_kpp,failure_obs32_noise020,32,0.2,56,fisher_kpp_fisher_kpp_boundary_keypoints_v2_extra_seed51_70_obs32_noise200_seed56,0.0139791592955589,0.9468287879094304,0.0188926663249731,0.0110107576474547,6.633996963500977e-05,1.3274072306555873e-05,0.0041039594418413,0.0188607699237763,0,probes/fisher_kpp_boundary_keypoints_v2_extra_seed51_70/probe_runs.csv,0,0.0188607699237763,0.014486629795283052
fisher_kpp_boundary_keypoints_v2_extra_seed51_70,fisher_kpp,failure_obs32_noise020,32,0.2,57,fisher_kpp_fisher_kpp_boundary_keypoints_v2_extra_seed51_70_obs32_noise200_seed57,0.0336134061217308,0.9395469096207184,0.025023641064763,0.0145040666684508,0.0009254217147827,4.5561110653020905e-05,0.0040144313854199,0.0188607699237763,1,probes/fisher_kpp_boundary_keypoints_v2_extra_seed51_70/probe_runs.csv,1,0.0188607699237763,0.014486629795283052
fisher_kpp_boundary_keypoints_v2_extra_seed51_70,fisher_kpp,failure_obs32_noise020,32,0.2,58,fisher_kpp_fisher_kpp_boundary_keypoints_v2_extra_seed51_70_obs32_noise200_seed58,0.018292823806405,0.9365143453250884,0.0405382141470909,0.0158286150544881,0.0002329349517822,5.613573377696782e-05,0.0085223641583594,0.0188607699237763,0,probes/fisher_kpp_boundary_keypoints_v2_extra_seed51_70/probe_runs.csv,0,0.0188607699237763,0.014486629795283052
fisher_kpp_boundary_keypoints_v2_extra_seed51_70,fisher_kpp,failure_obs32_noise020,32,0.2,59,fisher_kpp_fisher_kpp_boundary_keypoints_v2_extra_seed51_70_obs32_noise200_seed59,0.058121770620346,0.926284672193162,0.0358522646129131,0.0195155423134565,0.0032106637954711,6.173648867784665e-05,0.0111586256452424,0.0188607699237763,1,probes/fisher_kpp_boundary_keypoints_v2_extra_seed51_70/probe_runs.csv,1,0.0188607699237763,0.014486629795283052
fisher_kpp_boundary_keypoints_v2_extra_seed51_70,fisher_kpp,failure_obs32_noise020,32,0.2,60,fisher_kpp_fisher_kpp_boundary_keypoints_v2_extra_seed51_70_obs32_noise200_seed60,0.0231624469161033,0.9403511097706824,0.0285435803234577,0.0166358444839715,7.128715515136719e-05,2.855985317101062e-05,0.0092603914071248,0.0188607699237763,1,probes/fisher_kpp_boundary_keypoints_v2_extra_seed51_70/probe_runs.csv,1,0.0188607699237763,0.014486629795283052
fisher_kpp_boundary_keypoints_v2_extra_seed51_70,fisher_kpp,failure_obs32_noise020,32,0.2,61,fisher_kpp_fisher_kpp_boundary_keypoints_v2_extra_seed51_70_obs32_noise200_seed61,0.0271185208112001,0.9393128795923616,0.0319239124655723,0.0119329020380973,0.0005795359611511,4.477637170831543e-06,0.0079885377718542,0.0188607699237763,1,probes/fisher_kpp_boundary_keypoints_v2_extra_seed51_70/probe_runs.csv,1,0.0188607699237763,0.014486629795283052
fisher_kpp_boundary_keypoints_v2_extra_seed51_70,fisher_kpp,failure_obs32_noise020,32,0.2,62,fisher_kpp_fisher_kpp_boundary_keypoints_v2_extra_seed51_70_obs32_noise200_seed62,0.0483702458441257,0.9345045456853076,0.0293337851762771,0.0109702171757817,0.002492606639862,5.847437608719982e-06,0.0069073571227064,0.0188607699237763,1,probes/fisher_kpp_boundary_keypoints_v2_extra_seed51_70/probe_runs.csv,1,0.0188607699237763,0.014486629795283052
fisher_kpp_boundary_keypoints_v2_extra_seed51_70,fisher_kpp,failure_obs32_noise020,32,0.2,63,fisher_kpp_fisher_kpp_boundary_keypoints_v2_extra_seed51_70_obs32_noise200_seed63,0.037324458360672,0.9333165472261616,0.0397265888750553,0.0113769415766,0.0007412433624267,3.7028770169125305e-05,0.0150229812794954,0.0188607699237763,1,probes/fisher_kpp_boundary_keypoints_v2_extra_seed51_70/probe_runs.csv,1,0.0188607699237763,0.014486629795283052
fisher_kpp_boundary_keypoints_v2_extra_seed51_70,fisher_kpp,failure_obs32_noise020,32,0.2,64,fisher_kpp_fisher_kpp_boundary_keypoints_v2_extra_seed51_70_obs32_noise200_seed64,0.0353528670966625,0.9308731513507098,0.0424694716930389,0.0181471835821867,0.0013044476509094,2.777288849825242e-05,0.0090722006205891,0.0188607699237763,1,probes/fisher_kpp_boundary_keypoints_v2_extra_seed51_70/probe_runs.csv,1,0.0188607699237763,0.014486629795283052
fisher_kpp_boundary_keypoints_v2_extra_seed51_70,fisher_kpp,failure_obs32_noise020,32,0.2,65,fisher_kpp_fisher_kpp_boundary_keypoints_v2_extra_seed51_70_obs32_noise200_seed65,0.0261846128851175,0.944598857013565,0.019612917676568,0.0079190889373421,0.0006828308105468,1.5625510714488153e-05,0.0048352400853245,0.0188607699237763,1,probes/fisher_kpp_boundary_keypoints_v2_extra_seed51_70/probe_runs.csv,1,0.0188607699237763,0.014486629795283052
fisher_kpp_boundary_keypoints_v2_extra_seed51_70,fisher_kpp,failure_obs32_noise020,32,0.2,66,fisher_kpp_fisher_kpp_boundary_keypoints_v2_extra_seed51_70_obs32_noise200_seed66,0.0353681854903698,0.9300289174810932,0.0447958782315254,0.0168160758912563,0.0014510750770568,2.244253406059866e-05,0.0071992608220359,0.0188607699237763,1,probes/fisher_kpp_boundary_keypoints_v2_extra_seed51_70/probe_runs.csv,1,0.0188607699237763,0.014486629795283052
fisher_kpp_boundary_keypoints_v2_extra_seed51_70,fisher_kpp,failure_obs32_noise020,32,0.2,67,fisher_kpp_fisher_kpp_boundary_keypoints_v2_extra_seed51_70_obs32_noise200_seed67,0.0335646085441112,0.9357235054283544,0.0333063155412673,0.0177638698369264,0.0005846619606018,2.1707035532142147e-05,0.0077732037917894,0.0188607699237763,1,probes/fisher_kpp_boundary_keypoints_v2_extra_seed51_70/probe_runs.csv,1,0.0188607699237763,0.014486629795283052
fisher_kpp_boundary_keypoints_v2_extra_seed51_70,fisher_kpp,failure_obs32_noise020,32,0.2,68,fisher_kpp_fisher_kpp_boundary_keypoints_v2_extra_seed51_70_obs32_noise200_seed68,0.0468537919223308,0.9275870381398388,0.0460290126502513,0.0108665786683559,0.0012367367744445,1.597752916909897e-05,0.0069411867172449,0.0188607699237763,1,probes/fisher_kpp_boundary_keypoints_v2_extra_seed51_70/probe_runs.csv,1,0.0188607699237763,0.014486629795283052
fisher_kpp_boundary_keypoints_v2_extra_seed51_70,fisher_kpp,failure_obs32_noise020,32,0.2,69,fisher_kpp_fisher_kpp_boundary_keypoints_v2_extra_seed51_70_obs32_noise200_seed69,0.0221754629164934,0.9410933381273672,0.0295025371015071,0.0131415305659174,0.0004408359527587,1.1511347728047384e-05,0.0070496725710658,0.0188607699237763,1,probes/fisher_kpp_boundary_keypoints_v2_extra_seed51_70/probe_runs.csv,1,0.0188607699237763,0.014486629795283052
fisher_kpp_boundary_keypoints_v2_extra_seed51_70,fisher_kpp,failure_obs32_noise020,32,0.2,70,fisher_kpp_fisher_kpp_boundary_keypoints_v2_extra_seed51_70_obs32_noise200_seed70,0.0431243106722831,0.9320731279829958,0.0347579941153526,0.0192914567887783,0.0005239248275756,2.521237331726553e-05,0.0112520237154468,0.0188607699237763,1,probes/fisher_kpp_boundary_keypoints_v2_extra_seed51_70/probe_runs.csv,1,0.0188607699237763,0.014486629795283052
fisher_kpp_boundary_keypoints_v2_extra_seed51_70,fisher_kpp,transition_obs64_noise030,64,0.3,51,fisher_kpp_fisher_kpp_boundary_keypoints_v2_extra_seed51_70_obs64_noise300_seed51,0.0279055889695882,0.9380495720137312,0.0335339568555355,0.012031159363687,0.0004022717475891,8.613619645020038e-05,0.0260036741493711,0.0188607699237763,1,probes/fisher_kpp_boundary_keypoints_v2_extra_seed51_70/probe_runs.csv,1,0.0188607699237763,0.014486629795283052
fisher_kpp_boundary_keypoints_v2_extra_seed51_70,fisher_kpp,transition_obs64_noise030,64,0.3,52,fisher_kpp_fisher_kpp_boundary_keypoints_v2_extra_seed51_70_obs64_noise300_seed52,0.0700823366641998,0.9201587803864788,0.0357032231986522,0.0252663232386112,0.0027751922607421,2.7344745106884983e-05,0.0181859743141243,0.0188607699237763,1,probes/fisher_kpp_boundary_keypoints_v2_extra_seed51_70/probe_runs.csv,1,0.0188607699237763,0.014486629795283052
fisher_kpp_boundary_keypoints_v2_extra_seed51_70,fisher_kpp,transition_obs64_noise030,64,0.3,53,fisher_kpp_fisher_kpp_boundary_keypoints_v2_extra_seed51_70_obs64_noise300_seed53,0.047230701893568,0.919377606000094,0.0586462914943695,0.0099053988233208,0.0019553899765014,6.884344955860726e-05,0.0154755919184562,0.0188607699237763,1,probes/fisher_kpp_boundary_keypoints_v2_extra_seed51_70/probe_runs.csv,1,0.0188607699237763,0.014486629795283052
fisher_kpp_boundary_keypoints_v2_extra_seed51_70,fisher_kpp,transition_obs64_noise030,64,0.3,54,fisher_kpp_fisher_kpp_boundary_keypoints_v2_extra_seed51_70_obs64_noise300_seed54,0.0259680449962615,0.9407291563406116,0.0260696820914745,0.0149931656196713,0.0002275109291076,4.966918881145458e-05,0.0223230109372191,0.0188607699237763,1,probes/fisher_kpp_boundary_keypoints_v2_extra_seed51_70/probe_runs.csv,1,0.0188607699237763,0.014486629795283052
fisher_kpp_boundary_keypoints_v2_extra_seed51_70,fisher_kpp,transition_obs64_noise030,64,0.3,55,fisher_kpp_fisher_kpp_boundary_keypoints_v2_extra_seed51_70_obs64_noise300_seed55,0.0385954268276691,0.9312268029831204,0.0407533645629882,0.0172649659216403,0.000272512435913,1.083934732618091e-05,0.0126577666023659,0.0188607699237763,1,probes/fisher_kpp_boundary_keypoints_v2_extra_seed51_70/probe_runs.csv,1,0.0188607699237763,0.014486629795283052
fisher_kpp_boundary_keypoints_v2_extra_seed51_70,fisher_kpp,transition_obs64_noise030,64,0.3,56,fisher_kpp_fisher_kpp_boundary_keypoints_v2_extra_seed51_70_obs64_noise300_seed56,0.0190946832299232,0.94605824368678,0.0156569443643093,0.0125353839248418,0.0002122521400451,4.459618406797839e-05,0.0155767940801122,0.0188607699237763,1,probes/fisher_kpp_boundary_keypoints_v2_extra_seed51_70/probe_runs.csv,1,0.0188607699237763,0.014486629795283052
fisher_kpp_boundary_keypoints_v2_extra_seed51_70,fisher_kpp,transition_obs64_noise030,64,0.3,57,fisher_kpp_fisher_kpp_boundary_keypoints_v2_extra_seed51_70_obs64_noise300_seed57,0.0416816398501396,0.938329017840903,0.0200752895325422,0.0160411987453699,0.0010295510292053,3.3367789403882215e-05,0.0166597218705881,0.0188607699237763,1,probes/fisher_kpp_boundary_keypoints_v2_extra_seed51_70/probe_runs.csv,1,0.0188607699237763,0.014486629795283052
fisher_kpp_boundary_keypoints_v2_extra_seed51_70,fisher_kpp,transition_obs64_noise030,64,0.3,58,fisher_kpp_fisher_kpp_boundary_keypoints_v2_extra_seed51_70_obs64_noise300_seed58,0.0377412848174572,0.9254807761815,0.0514783933758735,0.0165052078664302,0.0016251802444458,1.922409824661025e-05,0.017015790549158,0.0188607699237763,1,probes/fisher_kpp_boundary_keypoints_v2_extra_seed51_70/probe_runs.csv,1,0.0188607699237763,0.014486629795283052
fisher_kpp_boundary_keypoints_v2_extra_seed51_70,fisher_kpp,transition_obs64_noise030,64,0.3,59,fisher_kpp_fisher_kpp_boundary_keypoints_v2_extra_seed51_70_obs64_noise300_seed59,0.0539314188063144,0.9282519545601418,0.029169837012887,0.0263427942991256,0.0019177794456481,3.100776241698886e-05,0.0275532194067832,0.0188607699237763,1,probes/fisher_kpp_boundary_keypoints_v2_extra_seed51_70/probe_runs.csv,1,0.0188607699237763,0.014486629795283052
fisher_kpp_boundary_keypoints_v2_extra_seed51_70,fisher_kpp,transition_obs64_noise030,64,0.3,60,fisher_kpp_fisher_kpp_boundary_keypoints_v2_extra_seed51_70_obs64_noise300_seed60,0.0322566628456115,0.939241854216306,0.0246451329439878,0.0168936513364315,0.0007297992706298,1.813072119364932e-05,0.0188078623300164,0.0188607699237763,1,probes/fisher_kpp_boundary_keypoints_v2_extra_seed51_70/probe_runs.csv,1,0.0188607699237763,0.014486629795283052
fisher_kpp_boundary_keypoints_v2_extra_seed51_70,fisher_kpp,transition_obs64_noise030,64,0.3,61,fisher_kpp_fisher_kpp_boundary_keypoints_v2_extra_seed51_70_obs64_noise300_seed61,0.0362574867904186,0.9354033968693544,0.0356435030698776,0.0111666396260261,0.0006363987922668,8.922451993913248e-06,0.0244449492063964,0.0188607699237763,1,probes/fisher_kpp_boundary_keypoints_v2_extra_seed51_70/probe_runs.csv,1,0.0188607699237763,0.014486629795283052
fisher_kpp_boundary_keypoints_v2_extra_seed51_70,fisher_kpp,transition_obs64_noise030,64,0.3,62,fisher_kpp_fisher_kpp_boundary_keypoints_v2_extra_seed51_70_obs64_noise300_seed62,0.0496282540261745,0.9328205618415664,0.0268041770905256,0.0197838079184293,0.0011525750160217,2.179367980432192e-05,0.0165617504110411,0.0188607699237763,1,probes/fisher_kpp_boundary_keypoints_v2_extra_seed51_70/probe_runs.csv,1,0.0188607699237763,0.014486629795283052
fisher_kpp_boundary_keypoints_v2_extra_seed51_70,fisher_kpp,transition_obs64_noise030,64,0.3,63,fisher_kpp_fisher_kpp_boundary_keypoints_v2_extra_seed51_70_obs64_noise300_seed63,0.0453249104321002,0.9248040836205892,0.050198771059513,0.0132510224357247,0.0007044672966003,1.459185185213053e-05,0.0315383117138513,0.0188607699237763,1,probes/fisher_kpp_boundary_keypoints_v2_extra_seed51_70/probe_runs.csv,1,0.0188607699237763,0.014486629795283052
fisher_kpp_boundary_keypoints_v2_extra_seed51_70,fisher_kpp,transition_obs64_noise030,64,0.3,64,fisher_kpp_fisher_kpp_boundary_keypoints_v2_extra_seed51_70_obs64_noise300_seed64,0.0277386810630559,0.9354820003817236,0.0386280715465545,0.0146702919155359,0.0005299448966979,1.3128947215235166e-05,0.0186230998249867,0.0188607699237763,1,probes/fisher_kpp_boundary_keypoints_v2_extra_seed51_70/probe_runs.csv,1,0.0188607699237763,0.014486629795283052
fisher_kpp_boundary_keypoints_v2_extra_seed51_70,fisher_kpp,transition_obs64_noise030,64,0.3,65,fisher_kpp_fisher_kpp_boundary_keypoints_v2_extra_seed51_70_obs64_noise300_seed65,0.0274741388857364,0.9397753341464796,0.0310867819935083,0.0106080779805779,0.0006234645843505,1.107958593024101e-05,0.0117712095194082,0.0188607699237763,1,probes/fisher_kpp_boundary_keypoints_v2_extra_seed51_70/probe_runs.csv,1,0.0188607699237763,0.014486629795283052
fisher_kpp_boundary_keypoints_v2_extra_seed51_70,fisher_kpp,transition_obs64_noise030,64,0.3,66,fisher_kpp_fisher_kpp_boundary_keypoints_v2_extra_seed51_70_obs64_noise300_seed66,0.0348946452140808,0.9335606797852896,0.0392979905009269,0.0138564184308052,0.0009422302246093,2.2832057891042804e-05,0.0161255125766573,0.0188607699237763,1,probes/fisher_kpp_boundary_keypoints_v2_extra_seed51_70/probe_runs.csv,1,0.0188607699237763,0.014486629795283052
fisher_kpp_boundary_keypoints_v2_extra_seed51_70,fisher_kpp,transition_obs64_noise030,64,0.3,67,fisher_kpp_fisher_kpp_boundary_keypoints_v2_extra_seed51_70_obs64_noise300_seed67,0.0224267113953828,0.9426618070145104,0.0226537808775901,0.0155421365052461,5.364418029785156e-05,2.458124677907134e-05,0.0163562644619002,0.0188607699237763,1,probes/fisher_kpp_boundary_keypoints_v2_extra_seed51_70/probe_runs.csv,1,0.0188607699237763,0.014486629795283052
fisher_kpp_boundary_keypoints_v2_extra_seed51_70,fisher_kpp,transition_obs64_noise030,64,0.3,68,fisher_kpp_fisher_kpp_boundary_keypoints_v2_extra_seed51_70_obs64_noise300_seed68,0.0392786264419555,0.9343267139264322,0.0354898087680339,0.0128647154197096,0.001065969467163,9.610772034405472e-06,0.0168694214508228,0.0188607699237763,1,probes/fisher_kpp_boundary_keypoints_v2_extra_seed51_70/probe_runs.csv,1,0.0188607699237763,0.014486629795283052
fisher_kpp_boundary_keypoints_v2_extra_seed51_70,fisher_kpp,transition_obs64_noise030,64,0.3,69,fisher_kpp_fisher_kpp_boundary_keypoints_v2_extra_seed51_70_obs64_noise300_seed69,0.0115492036566138,0.9468873302700846,0.0196560453623533,0.0111001748591661,2.5272369384765625e-05,1.886859330231899e-05,0.0143823261550039,0.0188607699237763,0,probes/fisher_kpp_boundary_keypoints_v2_extra_seed51_70/probe_runs.csv,0,0.0188607699237763,0.014486629795283052
fisher_kpp_boundary_keypoints_v2_extra_seed51_70,fisher_kpp,transition_obs64_noise030,64,0.3,70,fisher_kpp_fisher_kpp_boundary_keypoints_v2_extra_seed51_70_obs64_noise300_seed70,0.0518313869833946,0.9274840301716252,0.039740115404129,0.0163682550191879,0.0020747780799865,5.390610914840668e-05,0.0230043398398684,0.0188607699237763,1,probes/fisher_kpp_boundary_keypoints_v2_extra_seed51_70/probe_runs.csv,1,0.0188607699237763,0.014486629795283052
fisher_kpp_boundary_keypoints_v2_extra_seed51_70,fisher_kpp,failure_obs128_noise030,128,0.3,51,fisher_kpp_fisher_kpp_boundary_keypoints_v2_extra_seed51_70_obs128_noise300_seed51,0.0333348326385021,0.9403990480035412,0.0266609322279691,0.0071103447116911,0.0010104775428771,3.628445650739669e-05,0.0242247310384222,0.0188607699237763,1,probes/fisher_kpp_boundary_keypoints_v2_extra_seed51_70/probe_runs.csv,1,0.0188607699237763,0.014486629795283052
fisher_kpp_boundary_keypoints_v2_extra_seed51_70,fisher_kpp,failure_obs128_noise030,128,0.3,52,fisher_kpp_fisher_kpp_boundary_keypoints_v2_extra_seed51_70_obs128_noise300_seed52,0.0506174340844154,0.924400828545544,0.0465927459299564,0.0163122881203889,0.0029963850975036,2.8208324193444773e-05,0.0152705590581833,0.0188607699237763,1,probes/fisher_kpp_boundary_keypoints_v2_extra_seed51_70/probe_runs.csv,1,0.0188607699237763,0.014486629795283052
fisher_kpp_boundary_keypoints_v2_extra_seed51_70,fisher_kpp,failure_obs128_noise030,128,0.3,53,fisher_kpp_fisher_kpp_boundary_keypoints_v2_extra_seed51_70_obs128_noise300_seed53,0.0298367850482463,0.9430402832009118,0.0181527771055698,0.0117098474875092,0.0009636282920837,2.931123040945516e-05,0.0176075891389085,0.0188607699237763,1,probes/fisher_kpp_boundary_keypoints_v2_extra_seed51_70/probe_runs.csv,1,0.0188607699237763,0.014486629795283052
fisher_kpp_boundary_keypoints_v2_extra_seed51_70,fisher_kpp,failure_obs128_noise030,128,0.3,54,fisher_kpp_fisher_kpp_boundary_keypoints_v2_extra_seed51_70_obs128_noise300_seed54,0.036879826337099,0.9331743285231936,0.0409544445574283,0.0090031335130333,0.0012411475181579,2.7768671958089563e-05,0.02194705331289,0.0188607699237763,1,probes/fisher_kpp_boundary_keypoints_v2_extra_seed51_70/probe_runs.csv,1,0.0188607699237763,0.014486629795283052
fisher_kpp_boundary_keypoints_v2_extra_seed51_70,fisher_kpp,failure_obs128_noise030,128,0.3,55,fisher_kpp_fisher_kpp_boundary_keypoints_v2_extra_seed51_70_obs128_noise300_seed55,0.0218366365879774,0.9410752341791392,0.0322318524122238,0.0085015939548611,0.000208556652069,1.1171927948626936e-05,0.0142817953169764,0.0188607699237763,1,probes/fisher_kpp_boundary_keypoints_v2_extra_seed51_70/probe_runs.csv,1,0.0188607699237763,0.014486629795283052
fisher_kpp_boundary_keypoints_v2_extra_seed51_70,fisher_kpp,failure_obs128_noise030,128,0.3,56,fisher_kpp_fisher_kpp_boundary_keypoints_v2_extra_seed51_70_obs128_noise300_seed56,0.0195195712149143,0.942464288343518,0.0266835447400808,0.013180011883378,0.0001777410507202,2.7107941233367844e-05,0.020006115854514,0.0188607699237763,1,probes/fisher_kpp_boundary_keypoints_v2_extra_seed51_70/probe_runs.csv,1,0.0188607699237763,0.014486629795283052
fisher_kpp_boundary_keypoints_v2_extra_seed51_70,fisher_kpp,failure_obs128_noise030,128,0.3,57,fisher_kpp_fisher_kpp_boundary_keypoints_v2_extra_seed51_70_obs128_noise300_seed57,0.0317540653049945,0.9417332586530356,0.0213318336755037,0.0116902850568294,0.000942587852478,1.4931596300266815e-05,0.0146440198617093,0.0188607699237763,1,probes/fisher_kpp_boundary_keypoints_v2_extra_seed51_70/probe_runs.csv,1,0.0188607699237763,0.014486629795283052
fisher_kpp_boundary_keypoints_v2_extra_seed51_70,fisher_kpp,failure_obs128_noise030,128,0.3,58,fisher_kpp_fisher_kpp_boundary_keypoints_v2_extra_seed51_70_obs128_noise300_seed58,0.0125415623188018,0.9459034009564876,0.0247796233743429,0.0071489624679088,0.0002083778381347,2.1556242949054963e-05,0.0162141072728744,0.0188607699237763,0,probes/fisher_kpp_boundary_keypoints_v2_extra_seed51_70/probe_runs.csv,0,0.0188607699237763,0.014486629795283052
fisher_kpp_boundary_keypoints_v2_extra_seed51_70,fisher_kpp,failure_obs128_noise030,128,0.3,59,fisher_kpp_fisher_kpp_boundary_keypoints_v2_extra_seed51_70_obs128_noise300_seed59,0.0439783334732055,0.9332912846347624,0.0352002531290054,0.0107404664158821,0.0024462938308715,1.0453836966774774e-05,0.0220965132503313,0.0188607699237763,1,probes/fisher_kpp_boundary_keypoints_v2_extra_seed51_70/probe_runs.csv,1,0.0188607699237763,0.014486629795283052
fisher_kpp_boundary_keypoints_v2_extra_seed51_70,fisher_kpp,failure_obs128_noise030,128,0.3,60,fisher_kpp_fisher_kpp_boundary_keypoints_v2_extra_seed51_70_obs128_noise300_seed60,0.0335443094372749,0.935963531035322,0.034109778702259,0.0145124606788158,0.001071810722351,8.145628959391145e-06,0.0207645800897518,0.0188607699237763,1,probes/fisher_kpp_boundary_keypoints_v2_extra_seed51_70/probe_runs.csv,1,0.0188607699237763,0.014486629795283052
fisher_kpp_boundary_keypoints_v2_extra_seed51_70,fisher_kpp,failure_obs128_noise030,128,0.3,61,fisher_kpp_fisher_kpp_boundary_keypoints_v2_extra_seed51_70_obs128_noise300_seed61,0.0278475359082222,0.9422673888590604,0.0226935744285583,0.0113276112824678,0.0005358457565307,1.3302181133212796e-05,0.0232937311676166,0.0188607699237763,1,probes/fisher_kpp_boundary_keypoints_v2_extra_seed51_70/probe_runs.csv,1,0.0188607699237763,0.014486629795283052
fisher_kpp_boundary_keypoints_v2_extra_seed51_70,fisher_kpp,failure_obs128_noise030,128,0.3,62,fisher_kpp_fisher_kpp_boundary_keypoints_v2_extra_seed51_70_obs128_noise300_seed62,0.0382920876145362,0.9384767913526186,0.0268077459186315,0.0102419201284646,0.0014069080352783,9.920030594085875e-06,0.0178049921595858,0.0188607699237763,1,probes/fisher_kpp_boundary_keypoints_v2_extra_seed51_70/probe_runs.csv,1,0.0188607699237763,0.014486629795283052
fisher_kpp_boundary_keypoints_v2_extra_seed51_70,fisher_kpp,failure_obs128_noise030,128,0.3,63,fisher_kpp_fisher_kpp_boundary_keypoints_v2_extra_seed51_70_obs128_noise300_seed63,0.0269916672259569,0.941017460784248,0.0267633348703384,0.0113687850534915,9.715557098388672e-05,3.901953870106023e-05,0.030781208926693,0.0188607699237763,1,probes/fisher_kpp_boundary_keypoints_v2_extra_seed51_70/probe_runs.csv,1,0.0188607699237763,0.014486629795283052
fisher_kpp_boundary_keypoints_v2_extra_seed51_70,fisher_kpp,failure_obs128_noise030,128,0.3,64,fisher_kpp_fisher_kpp_boundary_keypoints_v2_extra_seed51_70_obs128_noise300_seed64,0.0194914564490318,0.9403177286320232,0.0347055383026599,0.0088132284581661,0.0004541873931884,5.643564525962717e-06,0.0232617991694552,0.0188607699237763,1,probes/fisher_kpp_boundary_keypoints_v2_extra_seed51_70/probe_runs.csv,1,0.0188607699237763,0.014486629795283052
fisher_kpp_boundary_keypoints_v2_extra_seed51_70,fisher_kpp,failure_obs128_noise030,128,0.3,65,fisher_kpp_fisher_kpp_boundary_keypoints_v2_extra_seed51_70_obs128_noise300_seed65,0.0231369752436876,0.9409281295566888,0.0281766951084136,0.0141029292717576,0.0006066560745239,2.712514327638115e-05,0.0164428880068729,0.0188607699237763,1,probes/fisher_kpp_boundary_keypoints_v2_extra_seed51_70/probe_runs.csv,1,0.0188607699237763,0.014486629795283052
fisher_kpp_boundary_keypoints_v2_extra_seed51_70,fisher_kpp,failure_obs128_noise030,128,0.3,66,fisher_kpp_fisher_kpp_boundary_keypoints_v2_extra_seed51_70_obs128_noise300_seed66,0.0209738872945308,0.9408592645714288,0.0310948267579078,0.0119528239592909,0.0004802942276,1.0197181110892672e-05,0.0172890983370968,0.0188607699237763,1,probes/fisher_kpp_boundary_keypoints_v2_extra_seed51_70/probe_runs.csv,1,0.0188607699237763,0.014486629795283052
fisher_kpp_boundary_keypoints_v2_extra_seed51_70,fisher_kpp,failure_obs128_noise030,128,0.3,67,fisher_kpp_fisher_kpp_boundary_keypoints_v2_extra_seed51_70_obs128_noise300_seed67,0.0177523270249366,0.9433602189746652,0.0263506714254617,0.0114874457940459,0.000402808189392,4.6079366537730544e-05,0.0146042224829532,0.0188607699237763,0,probes/fisher_kpp_boundary_keypoints_v2_extra_seed51_70/probe_runs.csv,0,0.0188607699237763,0.014486629795283052
fisher_kpp_boundary_keypoints_v2_extra_seed51_70,fisher_kpp,failure_obs128_noise030,128,0.3,68,fisher_kpp_fisher_kpp_boundary_keypoints_v2_extra_seed51_70_obs128_noise300_seed68,0.0256539024412632,0.9404455371033666,0.0300221536308527,0.0107619781047105,0.0003466010093688,7.731408430537762e-06,0.0222430872235328,0.0188607699237763,1,probes/fisher_kpp_boundary_keypoints_v2_extra_seed51_70/probe_runs.csv,1,0.0188607699237763,0.014486629795283052
fisher_kpp_boundary_keypoints_v2_extra_seed51_70,fisher_kpp,failure_obs128_noise030,128,0.3,69,fisher_kpp_fisher_kpp_boundary_keypoints_v2_extra_seed51_70_obs128_noise300_seed69,0.0290333162993192,0.942215609882232,0.0203831251710653,0.0139354160055518,0.0001797676086425,2.130149508726446e-05,0.0169749573394546,0.0188607699237763,1,probes/fisher_kpp_boundary_keypoints_v2_extra_seed51_70/probe_runs.csv,1,0.0188607699237763,0.014486629795283052
fisher_kpp_boundary_keypoints_v2_extra_seed51_70,fisher_kpp,failure_obs128_noise030,128,0.3,70,fisher_kpp_fisher_kpp_boundary_keypoints_v2_extra_seed51_70_obs128_noise300_seed70,0.0336063466966152,0.9374667824766786,0.0328754223883152,0.0096026519313454,0.0013825893402099,1.1153345554213766e-05,0.0241004024897501,0.0188607699237763,1,probes/fisher_kpp_boundary_keypoints_v2_extra_seed51_70/probe_runs.csv,1,0.0188607699237763,0.014486629795283052
fisher_kpp_boundary_keypoints_v2_extra_seed51_70,fisher_kpp,failure_obs16_noise030,16,0.3,51,fisher_kpp_fisher_kpp_boundary_keypoints_v2_extra_seed51_70_obs16_noise300_seed51,0.0496167205274105,0.922068843248238,0.051311656832695,0.0170996766537427,0.0018385648727416,1.952958481318323e-05,0.0099043135553879,0.0188607699237763,1,probes/fisher_kpp_boundary_keypoints_v2_extra_seed51_70/probe_runs.csv,1,0.0188607699237763,0.014486629795283052
fisher_kpp_boundary_keypoints_v2_extra_seed51_70,fisher_kpp,failure_obs16_noise030,16,0.3,52,fisher_kpp_fisher_kpp_boundary_keypoints_v2_extra_seed51_70_obs16_noise300_seed52,0.0664473101496696,0.882445230443848,0.0874425023794174,0.0225273948162794,0.0082395076751708,3.1419483501155906e-05,0.0179815935350909,0.0188607699237763,1,probes/fisher_kpp_boundary_keypoints_v2_extra_seed51_70/probe_runs.csv,1,0.0188607699237763,0.014486629795283052
fisher_kpp_boundary_keypoints_v2_extra_seed51_70,fisher_kpp,failure_obs16_noise030,16,0.3,53,fisher_kpp_fisher_kpp_boundary_keypoints_v2_extra_seed51_70_obs16_noise300_seed53,0.050454031676054,0.9096940623285557,0.0642683058977127,0.0272961501032114,0.0022163391113281,9.885198854283736e-05,0.0124198048370253,0.0188607699237763,1,probes/fisher_kpp_boundary_keypoints_v2_extra_seed51_70/probe_runs.csv,1,0.0188607699237763,0.014486629795283052
fisher_kpp_boundary_keypoints_v2_extra_seed51_70,fisher_kpp,failure_obs16_noise030,16,0.3,54,fisher_kpp_fisher_kpp_boundary_keypoints_v2_extra_seed51_70_obs16_noise300_seed54,0.0468299984931945,0.933230065134222,0.0253897923976182,0.0219657234847545,0.000942051410675,0.000138271474492,0.0236128725229622,0.0188607699237763,1,probes/fisher_kpp_boundary_keypoints_v2_extra_seed51_70/probe_runs.csv,1,0.0188607699237763,0.014486629795283052
fisher_kpp_boundary_keypoints_v2_extra_seed51_70,fisher_kpp,failure_obs16_noise030,16,0.3,55,fisher_kpp_fisher_kpp_boundary_keypoints_v2_extra_seed51_70_obs16_noise300_seed55,0.0792165026068687,0.8977376712523665,0.0678130313754081,0.0211771093308925,0.0011424422264099,9.620658050589966e-05,0.0198215368367671,0.0188607699237763,1,probes/fisher_kpp_boundary_keypoints_v2_extra_seed51_70/probe_runs.csv,1,0.0188607699237763,0.014486629795283052
fisher_kpp_boundary_keypoints_v2_extra_seed51_70,fisher_kpp,failure_obs16_noise030,16,0.3,56,fisher_kpp_fisher_kpp_boundary_keypoints_v2_extra_seed51_70_obs16_noise300_seed56,0.0196036975830793,0.9400787101080544,0.0318424440920352,0.0157963503152132,0.0001724958419799,8.464771286917421e-06,0.0114625864024176,0.0188607699237763,1,probes/fisher_kpp_boundary_keypoints_v2_extra_seed51_70/probe_runs.csv,1,0.0188607699237763,0.014486629795283052
fisher_kpp_boundary_keypoints_v2_extra_seed51_70,fisher_kpp,failure_obs16_noise030,16,0.3,57,fisher_kpp_fisher_kpp_boundary_keypoints_v2_extra_seed51_70_obs16_noise300_seed57,0.058154109865427,0.9214202178264668,0.0395730137825012,0.0294949766248464,0.0024641752243041,0.0001930717075838,0.0072115033466245,0.0188607699237763,1,probes/fisher_kpp_boundary_keypoints_v2_extra_seed51_70/probe_runs.csv,1,0.0188607699237763,0.014486629795283052
fisher_kpp_boundary_keypoints_v2_extra_seed51_70,fisher_kpp,failure_obs16_noise030,16,0.3,58,fisher_kpp_fisher_kpp_boundary_keypoints_v2_extra_seed51_70_obs16_noise300_seed58,0.0911527201533317,0.8905168008797598,0.0690575987100601,0.0197498649358749,0.0044277906417846,0.0003113154171911,0.0125163985771882,0.0188607699237763,1,probes/fisher_kpp_boundary_keypoints_v2_extra_seed51_70/probe_runs.csv,1,0.0188607699237763,0.014486629795283052
fisher_kpp_boundary_keypoints_v2_extra_seed51_70,fisher_kpp,failure_obs16_noise030,16,0.3,59,fisher_kpp_fisher_kpp_boundary_keypoints_v2_extra_seed51_70_obs16_noise300_seed59,0.0788055881857872,0.9121366062797882,0.0371760427951812,0.0346489436924457,0.0026776790618896,0.0002416247073782,0.0134987291242837,0.0188607699237763,1,probes/fisher_kpp_boundary_keypoints_v2_extra_seed51_70/probe_runs.csv,1,0.0188607699237763,0.014486629795283052
fisher_kpp_boundary_keypoints_v2_extra_seed51_70,fisher_kpp,failure_obs16_noise030,16,0.3,60,fisher_kpp_fisher_kpp_boundary_keypoints_v2_extra_seed51_70_obs16_noise300_seed60,0.0289924498647451,0.9275717492558258,0.047769971191883,0.0251324623823165,0.0002714395523071,7.42226217410745e-05,0.0181105509265075,0.0188607699237763,1,probes/fisher_kpp_boundary_keypoints_v2_extra_seed51_70/probe_runs.csv,1,0.0188607699237763,0.014486629795283052
fisher_kpp_boundary_keypoints_v2_extra_seed51_70,fisher_kpp,failure_obs16_noise030,16,0.3,61,fisher_kpp_fisher_kpp_boundary_keypoints_v2_extra_seed51_70_obs16_noise300_seed61,0.047284048050642,0.9156704384032616,0.0574502907693386,0.0274516772478818,0.0013332366943359,4.4647716125508e-05,0.0235506137611562,0.0188607699237763,1,probes/fisher_kpp_boundary_keypoints_v2_extra_seed51_70/probe_runs.csv,1,0.0188607699237763,0.014486629795283052
fisher_kpp_boundary_keypoints_v2_extra_seed51_70,fisher_kpp,failure_obs16_noise030,16,0.3,62,fisher_kpp_fisher_kpp_boundary_keypoints_v2_extra_seed51_70_obs16_noise300_seed62,0.0843043252825737,0.9179520057092276,0.0252057146281003,0.0242922697216272,0.0048076510429382,1.5524110777521476e-05,0.012184029993526,0.0188607699237763,1,probes/fisher_kpp_boundary_keypoints_v2_extra_seed51_70/probe_runs.csv,1,0.0188607699237763,0.014486629795283052
fisher_kpp_boundary_keypoints_v2_extra_seed51_70,fisher_kpp,failure_obs16_noise030,16,0.3,63,fisher_kpp_fisher_kpp_boundary_keypoints_v2_extra_seed51_70_obs16_noise300_seed63,0.0674616545438766,0.9056542550859846,0.0593336708843708,0.0315693691372871,0.001863956451416,0.0001096163153566,0.0316911034021039,0.0188607699237763,1,probes/fisher_kpp_boundary_keypoints_v2_extra_seed51_70/probe_runs.csv,1,0.0188607699237763,0.014486629795283052
fisher_kpp_boundary_keypoints_v2_extra_seed51_70,fisher_kpp,failure_obs16_noise030,16,0.3,64,fisher_kpp_fisher_kpp_boundary_keypoints_v2_extra_seed51_70_obs16_noise300_seed64,0.0657528489828109,0.902122979746158,0.064133770763874,0.0337356999516487,0.0024648904800415,0.000104684700638,0.018745115076853,0.0188607699237763,1,probes/fisher_kpp_boundary_keypoints_v2_extra_seed51_70/probe_runs.csv,1,0.0188607699237763,0.014486629795283052
fisher_kpp_boundary_keypoints_v2_extra_seed51_70,fisher_kpp,failure_obs16_noise030,16,0.3,65,fisher_kpp_fisher_kpp_boundary_keypoints_v2_extra_seed51_70_obs16_noise300_seed65,0.046174120157957,0.9330108288375818,0.0304502341896295,0.0190193448215723,0.0009006857872009,8.636881583483369e-06,0.0062607541495695,0.0188607699237763,1,probes/fisher_kpp_boundary_keypoints_v2_extra_seed51_70/probe_runs.csv,1,0.0188607699237763,0.014486629795283052
fisher_kpp_boundary_keypoints_v2_extra_seed51_70,fisher_kpp,failure_obs16_noise030,16,0.3,66,fisher_kpp_fisher_kpp_boundary_keypoints_v2_extra_seed51_70_obs16_noise300_seed66,0.0311899241060018,0.9373967728539736,0.0309999790042638,0.0161211658269166,0.0006682872772216,5.3100453484798815e-05,0.0194109827492464,0.0188607699237763,1,probes/fisher_kpp_boundary_keypoints_v2_extra_seed51_70/probe_runs.csv,1,0.0188607699237763,0.014486629795283052
fisher_kpp_boundary_keypoints_v2_extra_seed51_70,fisher_kpp,failure_obs16_noise030,16,0.3,67,fisher_kpp_fisher_kpp_boundary_keypoints_v2_extra_seed51_70_obs16_noise300_seed67,0.0420169197022914,0.9286627227962888,0.0416278652846813,0.0202293843030929,0.0010178089141845,0.0001544362978401,0.0136320627826987,0.0188607699237763,1,probes/fisher_kpp_boundary_keypoints_v2_extra_seed51_70/probe_runs.csv,1,0.0188607699237763,0.014486629795283052
fisher_kpp_boundary_keypoints_v2_extra_seed51_70,fisher_kpp,failure_obs16_noise030,16,0.3,68,fisher_kpp_fisher_kpp_boundary_keypoints_v2_extra_seed51_70_obs16_noise300_seed68,0.0938543006777763,0.8864030056510835,0.0707560554146766,0.0253874938935041,0.0044124126434326,0.0001065078034732,0.0180107766342401,0.0188607699237763,1,probes/fisher_kpp_boundary_keypoints_v2_extra_seed51_70/probe_runs.csv,1,0.0188607699237763,0.014486629795283052
fisher_kpp_boundary_keypoints_v2_extra_seed51_70,fisher_kpp,failure_obs16_noise030,16,0.3,69,fisher_kpp_fisher_kpp_boundary_keypoints_v2_extra_seed51_70_obs16_noise300_seed69,0.0385610274970531,0.9264463386782112,0.047618743032217,0.0211794581264257,0.0004625916481018,3.587368522683918e-05,0.0171980972979278,0.0188607699237763,1,probes/fisher_kpp_boundary_keypoints_v2_extra_seed51_70/probe_runs.csv,1,0.0188607699237763,0.014486629795283052
fisher_kpp_boundary_keypoints_v2_extra_seed51_70,fisher_kpp,failure_obs16_noise030,16,0.3,70,fisher_kpp_fisher_kpp_boundary_keypoints_v2_extra_seed51_70_obs16_noise300_seed70,0.0798781812191009,0.8845281684136951,0.0776471123099327,0.0327179469168186,0.0047154426574707,6.696672143794681e-05,0.0223479892908986,0.0188607699237763,1,probes/fisher_kpp_boundary_keypoints_v2_extra_seed51_70/probe_runs.csv,1,0.0188607699237763,0.014486629795283052
fisher_kpp_boundary_keypoints_v3_transition_seed71_80,fisher_kpp,edge_obs16_noise005,16,0.05,71,fisher_kpp_fisher_kpp_boundary_keypoints_v3_transition_seed71_80_obs16_noise050_seed71,0.0101992599666118,0.950092360253274,0.014376001432538,0.0050324527546763,6.300210952758789e-05,3.7060737607875175e-06,0.0002518935635378,0.0188607699237763,0,probes/fisher_kpp_boundary_keypoints_v3_transition_seed71_80/probe_runs.csv,0,0.0188607699237763,0.014486629795283052
fisher_kpp_boundary_keypoints_v3_transition_seed71_80,fisher_kpp,edge_obs16_noise005,16,0.05,72,fisher_kpp_fisher_kpp_boundary_keypoints_v3_transition_seed71_80_obs16_noise050_seed72,0.0160596426576375,0.9492172795316532,0.0126254605129361,0.0057635311968624,0.0002914071083068,3.7449832689254254e-06,0.0002396158791669,0.0188607699237763,0,probes/fisher_kpp_boundary_keypoints_v3_transition_seed71_80/probe_runs.csv,0,0.0188607699237763,0.014486629795283052
fisher_kpp_boundary_keypoints_v3_transition_seed71_80,fisher_kpp,edge_obs16_noise005,16,0.05,73,fisher_kpp_fisher_kpp_boundary_keypoints_v3_transition_seed71_80_obs16_noise050_seed73,0.0155414268374443,0.9442799162958984,0.0285381413996219,0.0072466367855668,0.0001505613327026,1.0242873492338366e-05,0.0002249113973331,0.0188607699237763,0,probes/fisher_kpp_boundary_keypoints_v3_transition_seed71_80/probe_runs.csv,0,0.0188607699237763,0.014486629795283052
fisher_kpp_boundary_keypoints_v3_transition_seed71_80,fisher_kpp,edge_obs16_noise005,16,0.05,74,fisher_kpp_fisher_kpp_boundary_keypoints_v3_transition_seed71_80_obs16_noise050_seed74,0.0158967021852731,0.9466146840812736,0.0221885088831186,0.0058079767040908,0.0002794861793518,5.822593132561538e-06,0.0004093203958042,0.0188607699237763,0,probes/fisher_kpp_boundary_keypoints_v3_transition_seed71_80/probe_runs.csv,0,0.0188607699237763,0.014486629795283052
fisher_kpp_boundary_keypoints_v3_transition_seed71_80,fisher_kpp,edge_obs16_noise005,16,0.05,75,fisher_kpp_fisher_kpp_boundary_keypoints_v3_transition_seed71_80_obs16_noise050_seed75,0.016011293977499,0.9448687796243226,0.0260372702032327,0.0080506717786192,0.000260055065155,1.7331208682114416e-05,0.0004060119173751,0.0188607699237763,0,probes/fisher_kpp_boundary_keypoints_v3_transition_seed71_80/probe_runs.csv,0,0.0188607699237763,0.014486629795283052
fisher_kpp_boundary_keypoints_v3_transition_seed71_80,fisher_kpp,edge_obs16_noise005,16,0.05,76,fisher_kpp_fisher_kpp_boundary_keypoints_v3_transition_seed71_80_obs16_noise050_seed76,0.011358743533492,0.9488789001515064,0.0183920264244079,0.0045010782778263,0.0001727938652038,8.318128868408055e-06,0.0004996684483829,0.0188607699237763,0,probes/fisher_kpp_boundary_keypoints_v3_transition_seed71_80/probe_runs.csv,0,0.0188607699237763,0.014486629795283052
fisher_kpp_boundary_keypoints_v3_transition_seed71_80,fisher_kpp,edge_obs16_noise005,16,0.05,77,fisher_kpp_fisher_kpp_boundary_keypoints_v3_transition_seed71_80_obs16_noise050_seed77,0.0231635011732578,0.9431944426805472,0.0261767860502004,0.0085186567157506,0.0004940032958984,8.947464759060836e-06,0.0005442627941022,0.0188607699237763,1,probes/fisher_kpp_boundary_keypoints_v3_transition_seed71_80/probe_runs.csv,1,0.0188607699237763,0.014486629795283052
fisher_kpp_boundary_keypoints_v3_transition_seed71_80,fisher_kpp,edge_obs16_noise005,16,0.05,78,fisher_kpp_fisher_kpp_boundary_keypoints_v3_transition_seed71_80_obs16_noise050_seed78,0.0170913822948932,0.9469252117356366,0.0186615940183401,0.0082019390538334,0.0002378821372985,9.371564415732947e-06,0.0006509537198081,0.0188607699237763,0,probes/fisher_kpp_boundary_keypoints_v3_transition_seed71_80/probe_runs.csv,0,0.0188607699237763,0.014486629795283052
fisher_kpp_boundary_keypoints_v3_transition_seed71_80,fisher_kpp,edge_obs16_noise005,16,0.05,79,fisher_kpp_fisher_kpp_boundary_keypoints_v3_transition_seed71_80_obs16_noise050_seed79,0.0179900471121072,0.9457477745102096,0.0228792522102594,0.006873782724142,0.0002464056015014,1.4284543349092928e-05,0.0006997786315582,0.0188607699237763,0,probes/fisher_kpp_boundary_keypoints_v3_transition_seed71_80/probe_runs.csv,0,0.0188607699237763,0.014486629795283052
fisher_kpp_boundary_keypoints_v3_transition_seed71_80,fisher_kpp,edge_obs16_noise005,16,0.05,80,fisher_kpp_fisher_kpp_boundary_keypoints_v3_transition_seed71_80_obs16_noise050_seed80,0.0143691133707761,0.946603142454472,0.0216334629803895,0.0082216281443834,0.000173807144165,9.929704164660305e-06,0.0005297143454721,0.0188607699237763,0,probes/fisher_kpp_boundary_keypoints_v3_transition_seed71_80/probe_runs.csv,0,0.0188607699237763,0.014486629795283052
fisher_kpp_boundary_keypoints_v3_transition_seed71_80,fisher_kpp,edge_obs32_noise010,32,0.1,71,fisher_kpp_fisher_kpp_boundary_keypoints_v3_transition_seed71_80_obs32_noise100_seed71,0.0114463120698928,0.9471419074625148,0.0224906653165817,0.0070887631736695,8.696317672729492e-05,4.112061729537493e-06,0.0015567967370191,0.0188607699237763,0,probes/fisher_kpp_boundary_keypoints_v3_transition_seed71_80/probe_runs.csv,0,0.0188607699237763,0.014486629795283052
fisher_kpp_boundary_keypoints_v3_transition_seed71_80,fisher_kpp,edge_obs32_noise010,32,0.1,72,fisher_kpp_fisher_kpp_boundary_keypoints_v3_transition_seed71_80_obs32_noise100_seed72,0.0154466871172189,0.9482172870322364,0.016394555568695,0.0065565695986151,0.0002430081367492,5.076027857401962e-06,0.0010754620884391,0.0188607699237763,0,probes/fisher_kpp_boundary_keypoints_v3_transition_seed71_80/probe_runs.csv,0,0.0188607699237763,0.014486629795283052
fisher_kpp_boundary_keypoints_v3_transition_seed71_80,fisher_kpp,edge_obs32_noise010,32,0.1,73,fisher_kpp_fisher_kpp_boundary_keypoints_v3_transition_seed71_80_obs32_noise100_seed73,0.0224719960242509,0.9445299967269096,0.0230699963867664,0.0078330570831894,0.0003579854965209,5.952767398057617e-06,0.0011421996391773,0.0188607699237763,1,probes/fisher_kpp_boundary_keypoints_v3_transition_seed71_80/probe_runs.csv,1,0.0188607699237763,0.014486629795283052
fisher_kpp_boundary_keypoints_v3_transition_seed71_80,fisher_kpp,edge_obs32_noise010,32,0.1,74,fisher_kpp_fisher_kpp_boundary_keypoints_v3_transition_seed71_80_obs32_noise100_seed74,0.0155519824475049,0.946217084715663,0.0226349867880344,0.0074244015850126,0.0001922249794006,3.836039967570451e-06,0.0016369893546427,0.0188607699237763,0,probes/fisher_kpp_boundary_keypoints_v3_transition_seed71_80/probe_runs.csv,0,0.0188607699237763,0.014486629795283052
fisher_kpp_boundary_keypoints_v3_transition_seed71_80,fisher_kpp,edge_obs32_noise010,32,0.1,75,fisher_kpp_fisher_kpp_boundary_keypoints_v3_transition_seed71_80_obs32_noise100_seed75,0.0210441295057535,0.944368985535208,0.0239601042121648,0.0085778757929801,0.000394582748413,1.1901548226455186e-05,0.0019658051320637,0.0188607699237763,1,probes/fisher_kpp_boundary_keypoints_v3_transition_seed71_80/probe_runs.csv,1,0.0188607699237763,0.014486629795283052
fisher_kpp_boundary_keypoints_v3_transition_seed71_80,fisher_kpp,edge_obs32_noise010,32,0.1,76,fisher_kpp_fisher_kpp_boundary_keypoints_v3_transition_seed71_80_obs32_noise100_seed76,0.0209051817655563,0.9425892349239196,0.0311545357108116,0.0049408408813178,0.0004549026489257,3.649181539945685e-06,0.0012800680846068,0.0188607699237763,1,probes/fisher_kpp_boundary_keypoints_v3_transition_seed71_80/probe_runs.csv,1,0.0188607699237763,0.014486629795283052
fisher_kpp_boundary_keypoints_v3_transition_seed71_80,fisher_kpp,edge_obs32_noise010,32,0.1,77,fisher_kpp_fisher_kpp_boundary_keypoints_v3_transition_seed71_80_obs32_noise100_seed77,0.0213996432721614,0.9452786473993132,0.0199821349233388,0.0095758056268095,0.0004274845123291,2.0474384032477992e-05,0.0020257862503782,0.0188607699237763,1,probes/fisher_kpp_boundary_keypoints_v3_transition_seed71_80/probe_runs.csv,1,0.0188607699237763,0.014486629795283052
fisher_kpp_boundary_keypoints_v3_transition_seed71_80,fisher_kpp,edge_obs32_noise010,32,0.1,78,fisher_kpp_fisher_kpp_boundary_keypoints_v3_transition_seed71_80_obs32_noise100_seed78,0.0218431558459997,0.9442428586098952,0.0226707737892866,0.0102320658043026,0.0003761053085327,1.6550225025762414e-05,0.001945244367943,0.0188607699237763,1,probes/fisher_kpp_boundary_keypoints_v3_transition_seed71_80/probe_runs.csv,1,0.0188607699237763,0.014486629795283052
fisher_kpp_boundary_keypoints_v3_transition_seed71_80,fisher_kpp,edge_obs32_noise010,32,0.1,79,fisher_kpp_fisher_kpp_boundary_keypoints_v3_transition_seed71_80_obs32_noise100_seed79,0.028834031894803,0.9413471971685384,0.0268217977136373,0.0099832285195589,0.0002676248550415,2.1789926352634203e-05,0.0020500134378519,0.0188607699237763,1,probes/fisher_kpp_boundary_keypoints_v3_transition_seed71_80/probe_runs.csv,1,0.0188607699237763,0.014486629795283052
fisher_kpp_boundary_keypoints_v3_transition_seed71_80,fisher_kpp,edge_obs32_noise010,32,0.1,80,fisher_kpp_fisher_kpp_boundary_keypoints_v3_transition_seed71_80_obs32_noise100_seed80,0.0194226894527673,0.939323939895786,0.0374601818621158,0.0095724752172827,0.0003690123558044,1.0166199285157992e-05,0.0017277276858286,0.0188607699237763,1,probes/fisher_kpp_boundary_keypoints_v3_transition_seed71_80/probe_runs.csv,1,0.0188607699237763,0.014486629795283052
fisher_kpp_boundary_keypoints_v3_transition_seed71_80,fisher_kpp,transition_obs128_noise020,128,0.2,71,fisher_kpp_fisher_kpp_boundary_keypoints_v3_transition_seed71_80_obs128_noise200_seed71,0.0175141748040914,0.9458378480716644,0.0212381295859813,0.0090243462473154,5.549192428588867e-05,1.0703465318179766e-05,0.0071026725154865,0.0188607699237763,0,probes/fisher_kpp_boundary_keypoints_v3_transition_seed71_80/probe_runs.csv,0,0.0188607699237763,0.014486629795283052
fisher_kpp_boundary_keypoints_v3_transition_seed71_80,fisher_kpp,transition_obs128_noise020,128,0.2,72,fisher_kpp_fisher_kpp_boundary_keypoints_v3_transition_seed71_80_obs128_noise200_seed72,0.0121514173224568,0.94854630607285,0.0178308524191379,0.0059466734528541,0.0001022815704345,2.9232009257740785e-06,0.0054993285708922,0.0188607699237763,0,probes/fisher_kpp_boundary_keypoints_v3_transition_seed71_80/probe_runs.csv,0,0.0188607699237763,0.014486629795283052
fisher_kpp_boundary_keypoints_v3_transition_seed71_80,fisher_kpp,transition_obs128_noise020,128,0.2,73,fisher_kpp_fisher_kpp_boundary_keypoints_v3_transition_seed71_80_obs128_noise200_seed73,0.0134302396327257,0.949614474660092,0.0122497463598847,0.006381026469171,0.0001200437545776,1.35206608841192e-05,0.006383854948432,0.0188607699237763,0,probes/fisher_kpp_boundary_keypoints_v3_transition_seed71_80/probe_runs.csv,0,0.0188607699237763,0.014486629795283052
fisher_kpp_boundary_keypoints_v3_transition_seed71_80,fisher_kpp,transition_obs128_noise020,128,0.2,74,fisher_kpp_fisher_kpp_boundary_keypoints_v3_transition_seed71_80_obs128_noise200_seed74,0.01631610840559,0.9475087219207512,0.0189079325646162,0.0053886640816926,0.000214397907257,4.069993130184279e-06,0.006294207246508,0.0188607699237763,0,probes/fisher_kpp_boundary_keypoints_v3_transition_seed71_80/probe_runs.csv,0,0.0188607699237763,0.014486629795283052
fisher_kpp_boundary_keypoints_v3_transition_seed71_80,fisher_kpp,transition_obs128_noise020,128,0.2,75,fisher_kpp_fisher_kpp_boundary_keypoints_v3_transition_seed71_80_obs128_noise200_seed75,0.01417001709342,0.946611637607046,0.0219423491507768,0.0075464774854481,0.0001400113105773,5.6743587586361005e-06,0.0062417488544753,0.0188607699237763,0,probes/fisher_kpp_boundary_keypoints_v3_transition_seed71_80/probe_runs.csv,0,0.0188607699237763,0.014486629795283052
fisher_kpp_boundary_keypoints_v3_transition_seed71_80,fisher_kpp,transition_obs128_noise020,128,0.2,76,fisher_kpp_fisher_kpp_boundary_keypoints_v3_transition_seed71_80_obs128_noise200_seed76,0.0192938186228275,0.942413149334808,0.0302468948066234,0.0087697086855769,0.0005224347114562,1.6942271273576263e-05,0.0053827726773071,0.0188607699237763,1,probes/fisher_kpp_boundary_keypoints_v3_transition_seed71_80/probe_runs.csv,1,0.0188607699237763,0.014486629795283052
fisher_kpp_boundary_keypoints_v3_transition_seed71_80,fisher_kpp,transition_obs128_noise020,128,0.2,77,fisher_kpp_fisher_kpp_boundary_keypoints_v3_transition_seed71_80_obs128_noise200_seed77,0.017331289127469,0.9451268327324625,0.0235208515077829,0.0088691506534814,0.0001736879348754,1.940732117889468e-05,0.0095429703475247,0.0188607699237763,0,probes/fisher_kpp_boundary_keypoints_v3_transition_seed71_80/probe_runs.csv,0,0.0188607699237763,0.014486629795283052
fisher_kpp_boundary_keypoints_v3_transition_seed71_80,fisher_kpp,transition_obs128_noise020,128,0.2,78,fisher_kpp_fisher_kpp_boundary_keypoints_v3_transition_seed71_80_obs128_noise200_seed78,0.0178302228450775,0.9467072374700528,0.0195165202021598,0.0063921213150024,0.0002688765525817,2.6531072737197058e-05,0.0108569934112125,0.0188607699237763,0,probes/fisher_kpp_boundary_keypoints_v3_transition_seed71_80/probe_runs.csv,0,0.0188607699237763,0.014486629795283052
fisher_kpp_boundary_keypoints_v3_transition_seed71_80,fisher_kpp,transition_obs128_noise020,128,0.2,79,fisher_kpp_fisher_kpp_boundary_keypoints_v3_transition_seed71_80_obs128_noise200_seed79,0.0217215847223997,0.943993765293902,0.0219703055918216,0.0119467824697494,0.0001881718635559,1.835500220079473e-05,0.0101207095473156,0.0188607699237763,1,probes/fisher_kpp_boundary_keypoints_v3_transition_seed71_80/probe_runs.csv,1,0.0188607699237763,0.014486629795283052
fisher_kpp_boundary_keypoints_v3_transition_seed71_80,fisher_kpp,transition_obs128_noise020,128,0.2,80,fisher_kpp_fisher_kpp_boundary_keypoints_v3_transition_seed71_80_obs128_noise200_seed80,0.0146219236776232,0.9465045055577456,0.0215742066502571,0.0079497573897242,0.0002720952033996,1.3912847862043229e-05,0.0069983920329805,0.0188607699237763,0,probes/fisher_kpp_boundary_keypoints_v3_transition_seed71_80/probe_runs.csv,0,0.0188607699237763,0.014486629795283052
