epoch,loss_total,objective_total,loss_data,loss_physics,loss_boundary,weight_data,weight_physics,weight_boundary
1.0,5.6812896728515625,5.6812896728515625,0.26041820645332336,0.5291623473167419,0.25479453802108765,10.0,1.0,10.0
2.0,4.848023414611816,4.848023414611816,0.2042076140642166,0.5238853096961975,0.22820623219013214,10.0,1.0,10.0
3.0,4.322110176086426,4.322110176086426,0.16423258185386658,0.5195330381393433,0.21602508425712585,10.0,1.0,10.0
4.0,4.028896331787109,4.028896331787109,0.1368676871061325,0.5151897668838501,0.2145029455423355,10.0,1.0,10.0
5.0,3.8846845626831055,3.8846845626831055,0.11809807270765305,0.5104504227638245,0.21932536363601685,10.0,1.0,10.0
6.0,3.8165392875671387,3.8165392875671387,0.10456772148609161,0.5053417086601257,0.22655202448368073,10.0,1.0,10.0
7.0,3.778855323791504,3.778855323791504,0.0943710058927536,0.5001248121261597,0.23350204527378082,10.0,1.0,10.0
8.0,3.7538681030273438,3.7538681030273438,0.08702275902032852,0.4951307773590088,0.23885098099708557,10.0,1.0,10.0
9.0,3.741598129272461,3.741598129272461,0.08282392472028732,0.4907083511352539,0.24226506054401398,10.0,1.0,10.0
10.0,3.746159076690674,3.746159076690674,0.08204799890518188,0.487205445766449,0.24384737014770508,10.0,1.0,10.0
11.0,3.764427900314331,3.764427900314331,0.08426062017679214,0.48487287759780884,0.24369488656520844,10.0,1.0,10.0
12.0,3.7834577560424805,3.7834577560424805,0.0881597250699997,0.4837420880794525,0.2418118268251419,10.0,1.0,10.0
13.0,3.7881789207458496,3.7881789207458496,0.0921405777335167,0.4836310148239136,0.2383142113685608,10.0,1.0,10.0
14.0,3.7710041999816895,3.7710041999816895,0.09507856518030167,0.484281063079834,0.23359376192092896,10.0,1.0,10.0
15.0,3.7348477840423584,3.7348477840423584,0.09665708243846893,0.48547059297561646,0.22828063368797302,10.0,1.0,10.0
16.0,3.6897168159484863,3.6897168159484863,0.09718993306159973,0.4870321452617645,0.22307854890823364,10.0,1.0,10.0
17.0,3.6473371982574463,3.6473371982574463,0.09726206958293915,0.48882395029067993,0.21858926117420197,10.0,1.0,10.0
18.0,3.6168265342712402,3.6168265342712402,0.09742316603660583,0.49070659279823303,0.21518883109092712,10.0,1.0,10.0
19.0,3.602370023727417,3.602370023727417,0.09800694137811661,0.49253934621810913,0.2129761129617691,10.0,1.0,10.0
20.0,3.60284686088562,3.60284686088562,0.09907444566488266,0.49418917298316956,0.21179133653640747,10.0,1.0,10.0
21.0,3.613079309463501,3.613079309463501,0.10045760869979858,0.49554258584976196,0.21129606664180756,10.0,1.0,10.0
22.0,3.62611722946167,3.62611722946167,0.10186795890331268,0.4965169429779053,0.21109206974506378,10.0,1.0,10.0
23.0,3.6357131004333496,3.6357131004333496,0.10302267968654633,0.4970664978027344,0.21084198355674744,10.0,1.0,10.0
24.0,3.638068675994873,3.638068675994873,0.10373762249946594,0.49718230962753296,0.21035100519657135,10.0,1.0,10.0
25.0,3.6323609352111816,3.6323609352111816,0.10395889729261398,0.4968852400779724,0.2095886617898941,10.0,1.0,10.0
26.0,3.6201891899108887,3.6201891899108887,0.10373860597610474,0.4962165355682373,0.20865865051746368,10.0,1.0,10.0
27.0,3.604463815689087,3.604463815689087,0.10318159312009811,0.4952295422554016,0.20774182677268982,10.0,1.0,10.0
28.0,3.588254451751709,3.588254451751709,0.1023908481001854,0.4939844608306885,0.20703615248203278,10.0,1.0,10.0
29.0,3.5739238262176514,3.5739238262176514,0.1014302596449852,0.4925461411476135,0.20670749247074127,10.0,1.0,10.0
30.0,3.562695026397705,3.562695026397705,0.10031372308731079,0.49098366498947144,0.20685742795467377,10.0,1.0,10.0
31.0,3.5546669960021973,3.5546669960021973,0.09902074933052063,0.4893701374530792,0.20750892162322998,10.0,1.0,10.0
32.0,3.5491530895233154,3.5491530895233154,0.09752996265888214,0.48778003454208374,0.20860734581947327,10.0,1.0,10.0
33.0,3.5451602935791016,3.5451602935791016,0.09585560858249664,0.4862849712371826,0.2100319266319275,10.0,1.0,10.0
34.0,3.541769027709961,3.541769027709961,0.09407010674476624,0.48494723439216614,0.21161207556724548,10.0,1.0,10.0
35.0,3.538297414779663,3.538297414779663,0.09230224043130875,0.4838138818740845,0.21314610540866852,10.0,1.0,10.0
36.0,3.534254312515259,3.534254312515259,0.0907123014330864,0.4829130470752716,0.2144218236207962,10.0,1.0,10.0
37.0,3.529226064682007,3.529226064682007,0.08945552259683609,0.4822532534599304,0.21524177491664886,10.0,1.0,10.0
38.0,3.522848129272461,3.522848129272461,0.08864931017160416,0.4818253517150879,0.21545296907424927,10.0,1.0,10.0
39.0,3.514914035797119,3.514914035797119,0.08835510909557343,0.4816061854362488,0.21497566998004913,10.0,1.0,10.0
40.0,3.505547046661377,3.505547046661377,0.08857660740613937,0.48156100511550903,0.21382197737693787,10.0,1.0,10.0
41.0,3.4952850341796875,3.4952850341796875,0.08926794677972794,0.4816455841064453,0.21209600567817688,10.0,1.0,10.0
42.0,3.4849729537963867,3.4849729537963867,0.09034290164709091,0.48180708289146423,0.20997367799282074,10.0,1.0,10.0
43.0,3.4754581451416016,3.4754581451416016,0.09167994558811188,0.48198577761650085,0.2076673060655594,10.0,1.0,10.0
44.0,3.4672398567199707,3.4672398567199707,0.09312541037797928,0.48211801052093506,0.20538677275180817,10.0,1.0,10.0
45.0,3.4602184295654297,3.4602184295654297,0.0945005938410759,0.48214128613471985,0.20330710709095,10.0,1.0,10.0
46.0,3.4537038803100586,3.4537038803100586,0.09561941027641296,0.48200058937072754,0.2015509009361267,10.0,1.0,10.0
47.0,3.446692943572998,3.446692943572998,0.09631700813770294,0.48165473341941833,0.2001868337392807,10.0,1.0,10.0
48.0,3.4383018016815186,3.4383018016815186,0.0964830070734024,0.4810817837715149,0.19923898577690125,10.0,1.0,10.0
49.0,3.4281375408172607,3.4281375408172607,0.09608690440654755,0.48028138279914856,0.1986987143754959,10.0,1.0,10.0
50.0,3.416433572769165,3.416433572769165,0.09518569707870483,0.47927433252334595,0.19853022694587708,10.0,1.0,10.0
51.0,3.403867244720459,3.403867244720459,0.09390964359045029,0.47809869050979614,0.19866721332073212,10.0,1.0,10.0
52.0,3.391180992126465,3.391180992126465,0.09243277460336685,0.4768032729625702,0.19900497794151306,10.0,1.0,10.0
53.0,3.3787992000579834,3.3787992000579834,0.09093795716762543,0.47543978691101074,0.1993979811668396,10.0,1.0,10.0
54.0,3.3666484355926514,3.3666484355926514,0.0895872712135315,0.47405534982681274,0.19967202842235565,10.0,1.0,10.0
55.0,3.3542518615722656,3.3542518615722656,0.08850297331809998,0.47268640995025635,0.19965356588363647,10.0,1.0,10.0
56.0,3.34102463722229,3.34102463722229,0.08775880932807922,0.4713559150695801,0.199208065867424,10.0,1.0,10.0
57.0,3.3265748023986816,3.3265748023986816,0.08737732470035553,0.4700731039047241,0.19827285408973694,10.0,1.0,10.0
58.0,3.3108391761779785,3.3108391761779785,0.08732931315898895,0.46883532404899597,0.1968710720539093,10.0,1.0,10.0
59.0,3.2940080165863037,3.2940080165863037,0.08753599971532822,0.4676286578178406,0.19510193169116974,10.0,1.0,10.0
60.0,3.2763328552246094,3.2763328552246094,0.08787799626588821,0.4664281904697418,0.19311246275901794,10.0,1.0,10.0
61.0,3.257958173751831,3.257958173751831,0.08821429312229156,0.46519699692726135,0.1910618245601654,10.0,1.0,10.0
62.0,3.238861560821533,3.238861560821533,0.08840890228748322,0.4638870656490326,0.18908855319023132,10.0,1.0,10.0
63.0,3.218891143798828,3.218891143798828,0.08835722506046295,0.4624422788619995,0.18728767335414886,10.0,1.0,10.0
64.0,3.1978273391723633,3.1978273391723633,0.08800294995307922,0.46080565452575684,0.1856992244720459,10.0,1.0,10.0
65.0,3.1754238605499268,3.1754238605499268,0.08734196424484253,0.45892709493637085,0.18430772423744202,10.0,1.0,10.0
66.0,3.151444435119629,3.151444435119629,0.08641574531793594,0.45677173137664795,0.18305152654647827,10.0,1.0,10.0
67.0,3.1257269382476807,3.1257269382476807,0.08530044555664062,0.45432573556900024,0.18183967471122742,10.0,1.0,10.0
68.0,3.0982518196105957,3.0982518196105957,0.08409328013658524,0.4515988826751709,0.1805720180273056,10.0,1.0,10.0
69.0,3.0691304206848145,3.0691304206848145,0.08289412409067154,0.4486226439476013,0.17915666103363037,10.0,1.0,10.0
70.0,3.038461685180664,3.038461685180664,0.0817812830209732,0.4454437494277954,0.1775205135345459,10.0,1.0,10.0
71.0,3.006157636642456,3.006157636642456,0.08078920841217041,0.4421146512031555,0.1756151020526886,10.0,1.0,10.0
72.0,2.971912384033203,2.971912384033203,0.07990066707134247,0.43868160247802734,0.17342239618301392,10.0,1.0,10.0
73.0,2.9353933334350586,2.9353933334350586,0.07906098663806915,0.43517282605171204,0.17096106708049774,10.0,1.0,10.0
74.0,2.896493673324585,2.896493673324585,0.07820416241884232,0.4315861463546753,0.16828659176826477,10.0,1.0,10.0
75.0,2.8553695678710938,2.8553695678710938,0.077271468937397,0.4278806447982788,0.1654774248600006,10.0,1.0,10.0
76.0,2.8121895790100098,2.8121895790100098,0.07621245086193085,0.4239761233329773,0.16260889172554016,10.0,1.0,10.0
77.0,2.766838312149048,2.766838312149048,0.07497899979352951,0.419765830039978,0.1597282439470291,10.0,1.0,10.0
78.0,2.7189323902130127,2.7189323902130127,0.07353176921606064,0.4151459038257599,0.15684688091278076,10.0,1.0,10.0
79.0,2.66817045211792,2.66817045211792,0.0718618780374527,0.4100523293018341,0.15394994616508484,10.0,1.0,10.0
80.0,2.614623546600342,2.614623546600342,0.07000638544559479,0.4044914245605469,0.15100683271884918,10.0,1.0,10.0
81.0,2.558577537536621,2.558577537536621,0.06803432106971741,0.3985448181629181,0.14796896278858185,10.0,1.0,10.0
82.0,2.500122547149658,2.500122547149658,0.06601134687662125,0.39234405755996704,0.14476649463176727,10.0,1.0,10.0
83.0,2.4390387535095215,2.4390387535095215,0.06397451460361481,0.3860216736793518,0.14132718741893768,10.0,1.0,10.0
84.0,2.375154972076416,2.375154972076416,0.06193232908844948,0.3796558976173401,0.1376175582408905,10.0,1.0,10.0
85.0,2.308638572692871,2.308638572692871,0.05987104773521423,0.3732270896434784,0.1336701214313507,10.0,1.0,10.0
86.0,2.2397613525390625,2.2397613525390625,0.05774873495101929,0.366604208946228,0.1295669674873352,10.0,1.0,10.0
87.0,2.1684842109680176,2.1684842109680176,0.055496711283922195,0.3595830202102661,0.12539340555667877,10.0,1.0,10.0
88.0,2.0945801734924316,2.0945801734924316,0.053057409822940826,0.35197997093200684,0.12120261788368225,10.0,1.0,10.0
89.0,2.0181212425231934,2.0181212425231934,0.05043645203113556,0.3437410593032837,0.11700157076120377,10.0,1.0,10.0
90.0,1.939493179321289,1.939493179321289,0.04770822823047638,0.3349904417991638,0.11274204403162003,10.0,1.0,10.0
91.0,1.8589072227478027,1.8589072227478027,0.04496590420603752,0.3259729743003845,0.10832751542329788,10.0,1.0,10.0
92.0,1.7763471603393555,1.7763471603393555,0.04227299243211746,0.31691253185272217,0.10367046296596527,10.0,1.0,10.0
93.0,1.692047357559204,1.692047357559204,0.03964677080512047,0.30786389112472534,0.09877156466245651,10.0,1.0,10.0
94.0,1.606491208076477,1.606491208076477,0.03705162554979324,0.2986481189727783,0.09373268485069275,10.0,1.0,10.0
95.0,1.5199306011199951,1.5199306011199951,0.03441309928894043,0.2889476716518402,0.08868518471717834,10.0,1.0,10.0
96.0,1.432542085647583,1.432542085647583,0.03168848156929016,0.27855202555656433,0.08371052891016006,10.0,1.0,10.0
97.0,1.3449130058288574,1.3449130058288574,0.028931092470884323,0.26758456230163574,0.07880175858736038,10.0,1.0,10.0
98.0,1.2577159404754639,1.2577159404754639,0.026253582909703255,0.25648677349090576,0.07386934012174606,10.0,1.0,10.0
99.0,1.1713790893554688,1.1713790893554688,0.023740794509649277,0.24572527408599854,0.06882458925247192,10.0,1.0,10.0
100.0,1.086557388305664,1.086557388305664,0.021410858258605003,0.23544654250144958,0.06370022147893906,10.0,1.0,10.0
101.0,1.0040898323059082,1.0040898323059082,0.0192184429615736,0.22539153695106506,0.0586513876914978,10.0,1.0,10.0
102.0,0.9245518445968628,0.9245518445968628,0.017107531428337097,0.21523165702819824,0.05382448434829712,10.0,1.0,10.0
103.0,0.8487076759338379,0.8487076759338379,0.015109389089047909,0.20508749783039093,0.04925263300538063,10.0,1.0,10.0
104.0,0.7775224447250366,0.7775224447250366,0.01333647221326828,0.19563175737857819,0.0448525995016098,10.0,1.0,10.0
105.0,0.7116488218307495,0.7116488218307495,0.011868114583194256,0.18753913044929504,0.040542855858802795,10.0,1.0,10.0
106.0,0.6518635749816895,0.6518635749816895,0.010698996484279633,0.18086478114128113,0.03640088811516762,10.0,1.0,10.0
107.0,0.5988631248474121,0.5988631248474121,0.009762389585375786,0.17512089014053345,0.03261183202266693,10.0,1.0,10.0
108.0,0.5530198812484741,0.5530198812484741,0.009024431928992271,0.17010250687599182,0.029267307370901108,10.0,1.0,10.0
109.0,0.5148165822029114,0.5148165822029114,0.008550403639674187,0.16641755402088165,0.026289500296115875,10.0,1.0,10.0
110.0,0.48426616191864014,0.48426616191864014,0.008391600102186203,0.16476789116859436,0.023558227345347404,10.0,1.0,10.0
111.0,0.4611915349960327,0.4611915349960327,0.008501729927957058,0.164918452501297,0.02112557925283909,10.0,1.0,10.0
112.0,0.4450715184211731,0.4450715184211731,0.008770489133894444,0.16593939065933228,0.019142722710967064,10.0,1.0,10.0
113.0,0.43498989939689636,0.43498989939689636,0.009142698720097542,0.16750824451446533,0.01760546863079071,10.0,1.0,10.0
114.0,0.42985573410987854,0.42985573410987854,0.009636614471673965,0.17011059820652008,0.01633789762854576,10.0,1.0,10.0
115.0,0.42816102504730225,0.42816102504730225,0.010208203457295895,0.1735953986644745,0.015248357318341732,10.0,1.0,10.0
116.0,0.4284203052520752,0.4284203052520752,0.01073545403778553,0.17671015858650208,0.014435557648539543,10.0,1.0,10.0
117.0,0.42898648977279663,0.42898648977279663,0.011128311045467854,0.1786256730556488,0.013907774351537228,10.0,1.0,10.0
118.0,0.4285131096839905,0.4285131096839905,0.011401060968637466,0.17969542741775513,0.013480709865689278,10.0,1.0,10.0
119.0,0.42579782009124756,0.42579782009124756,0.011543639935553074,0.17990660667419434,0.013045482337474823,10.0,1.0,10.0
120.0,0.4201532006263733,0.4201532006263733,0.011487303301692009,0.17827975749969482,0.012700038030743599,10.0,1.0,10.0
121.0,0.41122886538505554,0.41122886538505554,0.01121433638036251,0.17451611161231995,0.012456938624382019,10.0,1.0,10.0
122.0,0.39917799830436707,0.39917799830436707,0.010799335315823555,0.16946524381637573,0.012171939015388489,10.0,1.0,10.0
123.0,0.38446205854415894,0.38446205854415894,0.010278118774294853,0.16342543065547943,0.011825541965663433,10.0,1.0,10.0
124.0,0.3678302764892578,0.3678302764892578,0.009634776972234249,0.1559828519821167,0.011549965478479862,10.0,1.0,10.0
125.0,0.3501524031162262,0.3501524031162262,0.008913043886423111,0.14755772054195404,0.011346423998475075,10.0,1.0,10.0
126.0,0.3322919011116028,0.3322919011116028,0.008200659416615963,0.13914084434509277,0.011114446446299553,10.0,1.0,10.0
127.0,0.3150419294834137,0.3150419294834137,0.007519914768636227,0.13085806369781494,0.010898470878601074,10.0,1.0,10.0
128.0,0.2989782691001892,0.2989782691001892,0.006855766288936138,0.12246596813201904,0.010795464739203453,10.0,1.0,10.0
129.0,0.28450435400009155,0.28450435400009155,0.00624957075342536,0.11446402221918106,0.010754461400210857,10.0,1.0,10.0
130.0,0.27174854278564453,0.27174854278564453,0.005744116846472025,0.107353076338768,0.010695429518818855,10.0,1.0,10.0
131.0,0.260678231716156,0.260678231716156,0.005319385789334774,0.10086633265018463,0.010661803185939789,10.0,1.0,10.0
132.0,0.25107142329216003,0.25107142329216003,0.004945805296301842,0.0947929173707962,0.010682044550776482,10.0,1.0,10.0
133.0,0.24263885617256165,0.24263885617256165,0.0046370853669941425,0.0894375890493393,0.01068304106593132,10.0,1.0,10.0
134.0,0.23503771424293518,0.23503771424293518,0.004397060256451368,0.08485591411590576,0.010621120221912861,10.0,1.0,10.0
135.0,0.22794422507286072,0.22794422507286072,0.004192621447145939,0.08072629570960999,0.010529170744121075,10.0,1.0,10.0
136.0,0.22109688818454742,0.22109688818454742,0.0040023731999099255,0.07699128985404968,0.010408187285065651,10.0,1.0,10.0
137.0,0.21429070830345154,0.21429070830345154,0.00383134582079947,0.07378145307302475,0.010219579562544823,10.0,1.0,10.0
138.0,0.20741085708141327,0.20741085708141327,0.003677317639812827,0.07101425528526306,0.00996234267950058,10.0,1.0,10.0
139.0,0.20040318369865417,0.20040318369865417,0.003525383770465851,0.0685691237449646,0.009658022783696651,10.0,1.0,10.0
140.0,0.19328106939792633,0.19328106939792633,0.0033721772488206625,0.06644561886787415,0.009311367757618427,10.0,1.0,10.0
141.0,0.18608972430229187,0.18608972430229187,0.00322305248118937,0.0646224394440651,0.008923675864934921,10.0,1.0,10.0
142.0,0.17888280749320984,0.17888280749320984,0.003080384572967887,0.06306765973567963,0.008501130156219006,10.0,1.0,10.0
143.0,0.17172926664352417,0.17172926664352417,0.0029451483860611916,0.06172637268900871,0.008055141195654869,10.0,1.0,10.0
144.0,0.16467830538749695,0.16467830538749695,0.002816629596054554,0.0604875348508358,0.007602446246892214,10.0,1.0,10.0
145.0,0.1577734351158142,0.1577734351158142,0.0026960717514157295,0.05932428315281868,0.007148842327296734,10.0,1.0,10.0
146.0,0.1510547399520874,0.1510547399520874,0.0025889643002301455,0.05821821466088295,0.0066946884617209435,10.0,1.0,10.0
147.0,0.14455671608448029,0.14455671608448029,0.0024947139900177717,0.057060569524765015,0.006254901178181171,10.0,1.0,10.0
148.0,0.13831909000873566,0.13831909000873566,0.0024074865505099297,0.05581476166844368,0.005842946469783783,10.0,1.0,10.0
149.0,0.13238470256328583,0.13238470256328583,0.002332741627469659,0.054498281329870224,0.005455900449305773,10.0,1.0,10.0
150.0,0.12678983807563782,0.12678983807563782,0.0022734287194907665,0.05309400334954262,0.005096153821796179,10.0,1.0,10.0
151.0,0.12156274914741516,0.12156274914741516,0.0022203035186976194,0.0515928715467453,0.0047766841016709805,10.0,1.0,10.0
152.0,0.11671599745750427,0.11671599745750427,0.0021782545372843742,0.05001330375671387,0.004492015112191439,10.0,1.0,10.0
153.0,0.1122347041964531,0.1122347041964531,0.002148789120838046,0.04839886724948883,0.004234794527292252,10.0,1.0,10.0
154.0,0.10807791352272034,0.10807791352272034,0.0021215984597802162,0.04674800857901573,0.004011392127722502,10.0,1.0,10.0
155.0,0.10418583452701569,0.10418583452701569,0.0020991612691432238,0.04506775736808777,0.0038126464933156967,10.0,1.0,10.0
156.0,0.1004904955625534,0.1004904955625534,0.0020765115041285753,0.04339179769158363,0.003633358282968402,10.0,1.0,10.0
157.0,0.09693066030740738,0.09693066030740738,0.002049833768978715,0.04171882942318916,0.0034713491331785917,10.0,1.0,10.0
158.0,0.09346526116132736,0.09346526116132736,0.002017625607550144,0.040059562772512436,0.0033229440450668335,10.0,1.0,10.0
159.0,0.0900803804397583,0.0900803804397583,0.0019776320550590754,0.03842132166028023,0.003188274335116148,10.0,1.0,10.0
160.0,0.08678732812404633,0.08678732812404633,0.0019354699179530144,0.03684190660715103,0.0030590721871703863,10.0,1.0,10.0
161.0,0.08361177891492844,0.08361177891492844,0.0018876040121540427,0.03530530631542206,0.0029430435970425606,10.0,1.0,10.0
162.0,0.08058109879493713,0.08058109879493713,0.0018400507979094982,0.0338410846889019,0.0028339505661278963,10.0,1.0,10.0
163.0,0.07771266996860504,0.07771266996860504,0.001795802265405655,0.03245651349425316,0.002729813801124692,10.0,1.0,10.0
164.0,0.0750078558921814,0.0750078558921814,0.0017543081194162369,0.031131375581026077,0.00263333972543478,10.0,1.0,10.0
165.0,0.07245220243930817,0.07245220243930817,0.0017177017871290445,0.029877103865146637,0.0025398079305887222,10.0,1.0,10.0
166.0,0.07002045959234238,0.07002045959234238,0.0016884577926248312,0.02866661176085472,0.002446927363052964,10.0,1.0,10.0
167.0,0.06768683344125748,0.06768683344125748,0.0016627105651423335,0.02749655768275261,0.0023563166614621878,10.0,1.0,10.0
168.0,0.06543359905481339,0.06543359905481339,0.001643915893509984,0.026350710541009903,0.002264373004436493,10.0,1.0,10.0
169.0,0.06325770914554596,0.06325770914554596,0.0016288870247080922,0.025229644030332565,0.0021739196963608265,10.0,1.0,10.0
170.0,0.06117290258407593,0.06117290258407593,0.0016186581924557686,0.02415148727595806,0.002083483152091503,10.0,1.0,10.0
171.0,0.059211499989032745,0.059211499989032745,0.0016141498927026987,0.023069527000188828,0.0020000471267849207,10.0,1.0,10.0
172.0,0.05744004249572754,0.05744004249572754,0.0016087671974673867,0.022140324115753174,0.0019212043844163418,10.0,1.0,10.0
173.0,0.05603783577680588,0.05603783577680588,0.0016380922170355916,0.021090079098939896,0.0018566829385235906,10.0,1.0,10.0
174.0,0.05549772083759308,0.05549772083759308,0.0016545795369893312,0.02057419717311859,0.0018377731321379542,10.0,1.0,10.0
175.0,0.057068001478910446,0.057068001478910446,0.0018841958371922374,0.019569482654333115,0.0018656563479453325,10.0,1.0,10.0
176.0,0.060867901891469955,0.060867901891469955,0.0020263120532035828,0.02016768418252468,0.002043709624558687,10.0,1.0,10.0
177.0,0.06130219250917435,0.06130219250917435,0.002268815180286765,0.018624506890773773,0.0019989535212516785,10.0,1.0,10.0
178.0,0.052563585340976715,0.052563585340976715,0.001732335309498012,0.018180642277002335,0.0017059590900316834,10.0,1.0,10.0
179.0,0.047547273337841034,0.047547273337841034,0.0015480145812034607,0.016911517828702927,0.0015155611326918006,10.0,1.0,10.0
180.0,0.052024565637111664,0.052024565637111664,0.001893580425530672,0.016592038795351982,0.0016496727475896478,10.0,1.0,10.0
181.0,0.05167844891548157,0.05167844891548157,0.001817990094423294,0.016863694414496422,0.0016634854255244136,10.0,1.0,10.0
182.0,0.04491762816905975,0.04491762816905975,0.001557583804242313,0.01532810553908348,0.0014013684121891856,10.0,1.0,10.0
183.0,0.045139379799366,0.045139379799366,0.0016117364866659045,0.014993294142186642,0.0014028721489012241,10.0,1.0,10.0
184.0,0.04771087318658829,0.04771087318658829,0.0017427285201847553,0.015238658525049686,0.0015044932952150702,10.0,1.0,10.0
185.0,0.04347240924835205,0.04347240924835205,0.0015824027359485626,0.014130396768450737,0.0013517985353246331,10.0,1.0,10.0
186.0,0.04121611267328262,0.04121611267328262,0.0014903838746249676,0.013632575049996376,0.001267970073968172,10.0,1.0,10.0
187.0,0.04365843906998634,0.04365843906998634,0.001646119519136846,0.013668778352439404,0.001352846622467041,10.0,1.0,10.0
188.0,0.04183002561330795,0.04183002561330795,0.0015857849502936006,0.012959547340869904,0.0013012629933655262,10.0,1.0,10.0
189.0,0.038815535604953766,0.038815535604953766,0.001458464190363884,0.012377070263028145,0.0011853821342810988,10.0,1.0,10.0
190.0,0.040163617581129074,0.040163617581129074,0.0015642689540982246,0.012248924933373928,0.0012272004969418049,10.0,1.0,10.0
191.0,0.039943136274814606,0.039943136274814606,0.0015801184345036745,0.011802726425230503,0.0012339228997007012,10.0,1.0,10.0
192.0,0.03716461360454559,0.03716461360454559,0.0014665208291262388,0.011287123896181583,0.001121228327974677,10.0,1.0,10.0
193.0,0.03726913034915924,0.03726913034915924,0.0015026119071990252,0.011079764924943447,0.0011163247982040048,10.0,1.0,10.0
194.0,0.03787420690059662,0.03787420690059662,0.0015654987655580044,0.01079236064106226,0.0011426858836784959,10.0,1.0,10.0
195.0,0.03591511398553848,0.03591511398553848,0.0014853908214718103,0.010474885813891888,0.0010586322750896215,10.0,1.0,10.0
196.0,0.035013891756534576,0.035013891756534576,0.001466039102524519,0.010210368782281876,0.0010143131949007511,10.0,1.0,10.0
197.0,0.03571348264813423,0.03571348264813423,0.0015351445181295276,0.009987998753786087,0.0010374040575698018,10.0,1.0,10.0
198.0,0.034819573163986206,0.034819573163986206,0.001501044724136591,0.009903973899781704,0.0009905153419822454,10.0,1.0,10.0
199.0,0.033443886786699295,0.033443886786699295,0.0014571989886462688,0.009570082649588585,0.0009301816462539136,10.0,1.0,10.0
200.0,0.033632077276706696,0.033632077276706696,0.0014931699261069298,0.009366950951516628,0.0009333429043181241,10.0,1.0,10.0
201.0,0.033604662865400314,0.033604662865400314,0.001499837264418602,0.009429057128727436,0.0009177234605886042,10.0,1.0,10.0
202.0,0.03244331479072571,0.03244331479072571,0.0014678174629807472,0.009048745036125183,0.0008716393494978547,10.0,1.0,10.0
203.0,0.03190632537007332,0.03190632537007332,0.0014573736116290092,0.008855043910443783,0.0008477545343339443,10.0,1.0,10.0
204.0,0.03211595118045807,0.03211595118045807,0.0014786659739911556,0.008886445313692093,0.0008442846592515707,10.0,1.0,10.0
205.0,0.031630806624889374,0.031630806624889374,0.0014799591153860092,0.008533722721040249,0.0008297489839605987,10.0,1.0,10.0
206.0,0.030759047716856003,0.030759047716856003,0.0014461672399193048,0.00837683491408825,0.0007920539937913418,10.0,1.0,10.0
207.0,0.030573228374123573,0.030573228374123573,0.0014513646019622684,0.008263680152595043,0.0007795901619829237,10.0,1.0,10.0
208.0,0.03058677166700363,0.03058677166700363,0.0014735732693225145,0.00800260528922081,0.000784843519795686,10.0,1.0,10.0
209.0,0.03003886714577675,0.03003886714577675,0.0014549612533301115,0.007914545014500618,0.0007574709015898407,10.0,1.0,10.0
210.0,0.029437486082315445,0.029437486082315445,0.0014406491536647081,0.007684876210987568,0.0007346119964495301,10.0,1.0,10.0
211.0,0.02932126447558403,0.02932126447558403,0.001450459472835064,0.007505681365728378,0.000731098756659776,10.0,1.0,10.0
212.0,0.029235318303108215,0.029235318303108215,0.0014567968901246786,0.007462064269930124,0.0007205285946838558,10.0,1.0,10.0
213.0,0.028778214007616043,0.028778214007616043,0.0014488253509625793,0.0072432346642017365,0.0007046726532280445,10.0,1.0,10.0
214.0,0.028318477794528008,0.028318477794528008,0.0014365108218044043,0.0071254619397223,0.0006827907636761665,10.0,1.0,10.0
215.0,0.028177335858345032,0.028177335858345032,0.0014405978145077825,0.007049942389130592,0.0006721414974890649,10.0,1.0,10.0
216.0,0.028075002133846283,0.028075002133846283,0.0014492099871858954,0.0069101895205676556,0.0006672710878774524,10.0,1.0,10.0
217.0,0.027736211195588112,0.027736211195588112,0.0014407577691599727,0.006854042410850525,0.0006474590045399964,10.0,1.0,10.0
218.0,0.027350250631570816,0.027350250631570816,0.0014332336140796542,0.006714710965752602,0.0006303202244453132,10.0,1.0,10.0
219.0,0.027158867567777634,0.027158867567777634,0.0014343897346407175,0.006622575223445892,0.0006192395812831819,10.0,1.0,10.0
220.0,0.02705944888293743,0.02705944888293743,0.0014381160726770759,0.006580047309398651,0.0006098240846768022,10.0,1.0,10.0
221.0,0.02684199996292591,0.02684199996292591,0.0014396486803889275,0.0064392066560685635,0.0006006306502968073,10.0,1.0,10.0
222.0,0.026528876274824142,0.026528876274824142,0.001431238022632897,0.006381400860846043,0.00058350944891572,10.0,1.0,10.0
223.0,0.026287812739610672,0.026287812739610672,0.00142946420237422,0.00626593129709363,0.0005727238021790981,10.0,1.0,10.0
224.0,0.026157841086387634,0.026157841086387634,0.0014331339625641704,0.0061658937484025955,0.0005660608876496553,10.0,1.0,10.0
225.0,0.026027167215943336,0.026027167215943336,0.0014332964783534408,0.006122072227299213,0.0005572130321525037,10.0,1.0,10.0
226.0,0.025819044560194016,0.025819044560194016,0.00143470021430403,0.005975437816232443,0.0005496604135259986,10.0,1.0,10.0
227.0,0.025580167770385742,0.025580167770385742,0.0014282995834946632,0.005925801582634449,0.0005371369188651443,10.0,1.0,10.0
228.0,0.025392116978764534,0.025392116978764534,0.001428058953024447,0.005820682272315025,0.000529084587469697,10.0,1.0,10.0
229.0,0.025264818221330643,0.025264818221330643,0.0014304611831903458,0.0057309456169605255,0.0005229261005297303,10.0,1.0,10.0
230.0,0.025143399834632874,0.025143399834632874,0.001429557683877647,0.005699572619050741,0.0005148251657374203,10.0,1.0,10.0
231.0,0.02498468942940235,0.02498468942940235,0.0014321396593004465,0.005574600771069527,0.0005088692996650934,10.0,1.0,10.0
232.0,0.024799471721053123,0.024799471721053123,0.0014268751256167889,0.005552050191909075,0.0004978670040145516,10.0,1.0,10.0
233.0,0.024628398939967155,0.024628398939967155,0.0014267327496781945,0.005459319334477186,0.0004901752108708024,10.0,1.0,10.0
234.0,0.024494044482707977,0.024494044482707977,0.001426568953320384,0.0054016076028347015,0.00048267474630847573,10.0,1.0,10.0
235.0,0.024383876472711563,0.024383876472711563,0.0014259974705055356,0.005374345928430557,0.0004749554209411144,10.0,1.0,10.0
236.0,0.024270186200737953,0.024270186200737953,0.0014292506966739893,0.0052802711725234985,0.000469740858534351,10.0,1.0,10.0
237.0,0.024138009175658226,0.024138009175658226,0.0014259780291467905,0.005273743532598019,0.00046044873306527734,10.0,1.0,10.0
238.0,0.023994604125618935,0.023994604125618935,0.0014272835105657578,0.005181789863854647,0.00045399798545986414,10.0,1.0,10.0
239.0,0.02385706827044487,0.02385706827044487,0.0014250241219997406,0.005151705350726843,0.00044551200699061155,10.0,1.0,10.0
240.0,0.02373668923974037,0.02373668923974037,0.0014250538079068065,0.005098104011267424,0.0004388046800158918,10.0,1.0,10.0
241.0,0.02363239787518978,0.02363239787518978,0.0014265996869653463,0.005035736132413149,0.00043306651059538126,10.0,1.0,10.0
242.0,0.023535558953881264,0.023535558953881264,0.0014257082948461175,0.005014872178435326,0.0004263604059815407,10.0,1.0,10.0
243.0,0.02343779429793358,0.02343779429793358,0.0014284253120422363,0.004935466684401035,0.0004218074318487197,10.0,1.0,10.0
244.0,0.023335188627243042,0.023335188627243042,0.0014265654608607292,0.0049219271168112755,0.00041476066689938307,10.0,1.0,10.0
245.0,0.023228824138641357,0.023228824138641357,0.0014281298499554396,0.004847044125199318,0.0004100480873603374,10.0,1.0,10.0
246.0,0.023121971637010574,0.023121971637010574,0.0014263932825997472,0.004825757350772619,0.00040322827408090234,10.0,1.0,10.0
247.0,0.02301846444606781,0.02301846444606781,0.0014268751256167889,0.004767376463860273,0.00039823376573622227,10.0,1.0,10.0
248.0,0.022920627146959305,0.022920627146959305,0.0014261381002143025,0.00473583210259676,0.00039234134601429105,10.0,1.0,10.0
249.0,0.022829171270132065,0.022829171270132065,0.0014262079494073987,0.0046947975642979145,0.0003872293746098876,10.0,1.0,10.0
250.0,0.022743303328752518,0.022743303328752518,0.001426474191248417,0.004654362332075834,0.00038241990841925144,10.0,1.0,10.0
251.0,0.02266163006424904,0.02266163006424904,0.0014262128388509154,0.004628414288163185,0.000377108808606863,10.0,1.0,10.0
252.0,0.022582996636629105,0.022582996636629105,0.0014272513799369335,0.004579263739287853,0.000373121933080256,10.0,1.0,10.0
253.0,0.022506751120090485,0.022506751120090485,0.001426398055627942,0.00456699775531888,0.0003675774787552655,10.0,1.0,10.0
254.0,0.02243291586637497,0.02243291586637497,0.0014282928314059973,0.0045080641284585,0.0003641922667156905,10.0,1.0,10.0
255.0,0.02236180379986763,0.02236180379986763,0.0014267442747950554,0.004508516751229763,0.0003585845115594566,10.0,1.0,10.0
256.0,0.022294258698821068,0.022294258698821068,0.0014296949375420809,0.004439259879291058,0.00035580495023168623,10.0,1.0,10.0
257.0,0.02223161607980728,0.02223161607980728,0.0014275936409831047,0.004452863708138466,0.0003502816252876073,10.0,1.0,10.0
258.0,0.022176306694746017,0.022176306694746017,0.00143193150870502,0.0043726409785449505,0.000348435016348958,10.0,1.0,10.0
259.0,0.022132398560643196,0.022132398560643196,0.0014296374283730984,0.0044042267836630344,0.0003431796794757247,10.0,1.0,10.0
260.0,0.022107532247900963,0.022107532247900963,0.0014366030227392912,0.0043086037039756775,0.00034328983747400343,10.0,1.0,10.0
261.0,0.02211523987352848,0.02211523987352848,0.001435155631043017,0.00437296275049448,0.00033907205215655267,10.0,1.0,10.0
262.0,0.02218087762594223,0.02218087762594223,0.0014489246532320976,0.004251235630363226,0.00034403958125039935,10.0,1.0,10.0
263.0,0.022350909188389778,0.022350909188389778,0.0014524616999551654,0.004385503940284252,0.00034407887142151594,10.0,1.0,10.0
264.0,0.022711463272571564,0.022711463272571564,0.001486002467572689,0.004224061034619808,0.0003627378027886152,10.0,1.0,10.0
265.0,0.023409193381667137,0.023409193381667137,0.001510432455688715,0.004515602253377438,0.000378926721168682,10.0,1.0,10.0
266.0,0.024668872356414795,0.024668872356414795,0.0015993894776329398,0.004315599799156189,0.0004359378363005817,10.0,1.0,10.0
267.0,0.026701007038354874,0.026701007038354874,0.0016822397010400891,0.004924148321151733,0.0004954460891894996,10.0,1.0,10.0
268.0,0.029369821771979332,0.029369821771979332,0.0018576249713078141,0.004671159666031599,0.0006122412742115557,10.0,1.0,10.0
269.0,0.03144928812980652,0.03144928812980652,0.0019311695359647274,0.005481131840497255,0.0006656458717770875,10.0,1.0,10.0
270.0,0.03073921613395214,0.03073921613395214,0.0019361695740371943,0.004760288633406162,0.0006617231410928071,10.0,1.0,10.0
271.0,0.02651669643819332,0.02651669643819332,0.0016850155079737306,0.004820294678211212,0.000484624644741416,10.0,1.0,10.0
272.0,0.022150356322526932,0.022150356322526932,0.0014774416340515018,0.004024917259812355,0.0003351022023707628,10.0,1.0,10.0
273.0,0.021537531167268753,0.021537531167268753,0.001446843147277832,0.0039716195315122604,0.00030974793480709195,10.0,1.0,10.0
274.0,0.024195633828639984,0.024195633828639984,0.0015729498118162155,0.00447829207405448,0.00039878435200080276,10.0,1.0,10.0
275.0,0.026251541450619698,0.026251541450619698,0.001708097755908966,0.004281623754650354,0.0004888940020464361,10.0,1.0,10.0
276.0,0.025007352232933044,0.025007352232933044,0.001619990449398756,0.0045529622584581375,0.0004254485247656703,10.0,1.0,10.0
277.0,0.022076737135648727,0.022076737135648727,0.0014848584542050958,0.003939582034945488,0.00032885707332752645,10.0,1.0,10.0
278.0,0.021061239764094353,0.021061239764094353,0.0014315450098365545,0.003882133401930332,0.00028636548086069524,10.0,1.0,10.0
279.0,0.022578947246074677,0.022578947246074677,0.001501978375017643,0.004197115544229746,0.00033620488829910755,10.0,1.0,10.0
280.0,0.023944422602653503,0.023944422602653503,0.0015952156390994787,0.004022135399281979,0.00039701320929452777,10.0,1.0,10.0
281.0,0.023143768310546875,0.023143768310546875,0.0015359341632574797,0.004243791569024324,0.00035406346432864666,10.0,1.0,10.0
282.0,0.021348660811781883,0.021348660811781883,0.0014553768560290337,0.0038269537035375834,0.00029679384897463024,10.0,1.0,10.0
283.0,0.020878883078694344,0.020878883078694344,0.0014330686535686255,0.003789705689996481,0.0002758490445557982,10.0,1.0,10.0
284.0,0.02189486287534237,0.02189486287534237,0.0014779726043343544,0.0040342602878808975,0.00030808764859102666,10.0,1.0,10.0
285.0,0.022593753412365913,0.022593753412365913,0.00153225043322891,0.003842569887638092,0.00034286786103621125,10.0,1.0,10.0
286.0,0.02193267270922661,0.02193267270922661,0.001485227607190609,0.004003363195806742,0.00030770330340601504,10.0,1.0,10.0
287.0,0.02085842192173004,0.02085842192173004,0.0014378728810697794,0.003727245144546032,0.00027524493634700775,10.0,1.0,10.0
288.0,0.020697040483355522,0.020697040483355522,0.0014331231359392405,0.003696110798045993,0.00026696990244090557,10.0,1.0,10.0
289.0,0.02134275808930397,0.02134275808930397,0.0014596714172512293,0.0038851632270962,0.0002860881795641035,10.0,1.0,10.0
290.0,0.02168671041727066,0.02168671041727066,0.0014915935462340713,0.0037052524276077747,0.00030655221780762076,10.0,1.0,10.0
291.0,0.02122434601187706,0.02122434601187706,0.0014587254263460636,0.0038336964789777994,0.0002803393581416458,10.0,1.0,10.0
292.0,0.020573541522026062,0.020573541522026062,0.001430859905667603,0.0036418300587683916,0.00026231128140352666,10.0,1.0,10.0
293.0,0.0204739049077034,0.0204739049077034,0.001429378637112677,0.0036150498781353235,0.00025650698808021843,10.0,1.0,10.0
294.0,0.020844880491495132,0.020844880491495132,0.0014433009782806039,0.003748736111447215,0.0002663134946487844,10.0,1.0,10.0
295.0,0.02105909213423729,0.02105909213423729,0.0014656687853857875,0.0035976513754576445,0.00028047518571838737,10.0,1.0,10.0
296.0,0.020805712789297104,0.020805712789297104,0.0014460384845733643,0.0037135975435376167,0.0002631731331348419,10.0,1.0,10.0
297.0,0.020389558747410774,0.020389558747410774,0.0014298250898718834,0.0035583714488893747,0.0002532936632633209,10.0,1.0,10.0
298.0,0.0202462300658226,0.0202462300658226,0.0014249695232138038,0.003543454920873046,0.0002453079796396196,10.0,1.0,10.0
299.0,0.02041601575911045,0.02041601575911045,0.0014302997151389718,0.0036182967014610767,0.00024947230122052133,10.0,1.0,10.0
300.0,0.02058659866452217,0.02058659866452217,0.0014484620187431574,0.003502469975501299,0.00025995084433816373,10.0,1.0,10.0
301.0,0.02051212266087532,0.02051212266087532,0.0014390021096915007,0.003612541127949953,0.0002509559562895447,10.0,1.0,10.0
302.0,0.02026059292256832,0.02026059292256832,0.0014321078779175878,0.0034721409901976585,0.00024673735606484115,10.0,1.0,10.0
303.0,0.020072918385267258,0.020072918385267258,0.0014227691572159529,0.0034819231368601322,0.00023633037926629186,10.0,1.0,10.0
304.0,0.020076539367437363,0.020076539367437363,0.0014218342257663608,0.0034923891071230173,0.0002365807886235416,10.0,1.0,10.0
305.0,0.020183684304356575,0.020183684304356575,0.0014342046342790127,0.0034169056452810764,0.00024247312103398144,10.0,1.0,10.0
306.0,0.020226946100592613,0.020226946100592613,0.0014317405875772238,0.003512004157528281,0.0002397534844931215,10.0,1.0,10.0
307.0,0.02013610303401947,0.02013610303401947,0.001433831756003201,0.0033898688852787018,0.00024079153081402183,10.0,1.0,10.0
308.0,0.019979650154709816,0.019979650154709816,0.0014236607821658254,0.0034341379068791866,0.00023089043679647148,10.0,1.0,10.0
309.0,0.01987125352025032,0.01987125352025032,0.0014199374709278345,0.0033812299370765686,0.00022906495723873377,10.0,1.0,10.0
310.0,0.01985921524465084,0.01985921524465084,0.0014226252678781748,0.003352262545377016,0.00022807010100223124,10.0,1.0,10.0
311.0,0.019901763647794724,0.019901763647794724,0.0014222977915778756,0.0034001925960183144,0.0002278591418871656,10.0,1.0,10.0
312.0,0.01992330327630043,0.01992330327630043,0.0014295561704784632,0.0033141737803816795,0.0002313568547833711,10.0,1.0,10.0
313.0,0.0198820848017931,0.0198820848017931,0.001424181740731001,0.0033793936017900705,0.00022608728613704443,10.0,1.0,10.0
314.0,0.01979333907365799,0.01979333907365799,0.001424341811798513,0.003290298394858837,0.00022596222697757185,10.0,1.0,10.0
315.0,0.019703859463334084,0.019703859463334084,0.0014191730879247189,0.0033123509492725134,0.0002199778682552278,10.0,1.0,10.0
316.0,0.019650856032967567,0.019650856032967567,0.001417679712176323,0.0032832890283316374,0.00021907707559876144,10.0,1.0,10.0
317.0,0.01963907666504383,0.01963907666504383,0.001420032000169158,0.003253097413107753,0.00021856599778402597,10.0,1.0,10.0
318.0,0.019646501168608665,0.019646501168608665,0.0014187972992658615,0.0032851281575858593,0.00021733989706262946,10.0,1.0,10.0
319.0,0.01964511163532734,0.01964511163532734,0.0014235747512429953,0.003216709475964308,0.00021926545014139265,10.0,1.0,10.0
320.0,0.01961899921298027,0.01961899921298027,0.0014198096469044685,0.0032655245158821344,0.00021553780243266374,10.0,1.0,10.0
321.0,0.019569916650652885,0.019569916650652885,0.0014217145508155227,0.0031913742423057556,0.00021613974240608513,10.0,1.0,10.0
322.0,0.019511282444000244,0.019511282444000244,0.0014174047391861677,0.003220978192985058,0.00021162544726394117,10.0,1.0,10.0
323.0,0.019458135589957237,0.019458135589957237,0.0014172539813444018,0.00317487888969481,0.00021107157226651907,10.0,1.0,10.0
324.0,0.019419251009821892,0.019419251009821892,0.0014159739948809147,0.003172084456309676,0.00020874278561677784,10.0,1.0,10.0
325.0,0.019395269453525543,0.019395269453525543,0.0014152743387967348,0.0031655612401664257,0.00020769648835994303,10.0,1.0,10.0
326.0,0.01938089169561863,0.01938089169561863,0.0014170582871884108,0.0031320187263190746,0.00020782896899618208,10.0,1.0,10.0
327.0,0.01936882734298706,0.01936882734298706,0.0014154957607388496,0.003154575824737549,0.0002059293765341863,10.0,1.0,10.0
328.0,0.019353464245796204,0.019353464245796204,0.0014182522427290678,0.003100647823885083,0.00020702923939097673,10.0,1.0,10.0
329.0,0.019331879913806915,0.019331879913806915,0.0014155199751257896,0.0031349980272352695,0.00020416820188984275,10.0,1.0,10.0
330.0,0.01930394396185875,0.01930394396185875,0.0014179002027958632,0.0030742741655558348,0.00020506679720710963,10.0,1.0,10.0
331.0,0.019271450117230415,0.019271450117230415,0.0014145651366561651,0.0031070122495293617,0.00020187853078823537,10.0,1.0,10.0
332.0,0.0192366112023592,0.0192366112023592,0.0014163888990879059,0.0030506488401442766,0.0002022072731051594,10.0,1.0,10.0
333.0,0.019201572984457016,0.019201572984457016,0.0014132186770439148,0.003075009910389781,0.00019943766528740525,10.0,1.0,10.0
334.0,0.01916775293648243,0.01916775293648243,0.0014147002948448062,0.003028897801414132,0.0001991851459024474,10.0,1.0,10.0
335.0,0.019135773181915283,0.019135773181915283,0.0014120442792773247,0.003043221542611718,0.0001972110039787367,10.0,1.0,10.0
336.0,0.019105829298496246,0.019105829298496246,0.0014133489457890391,0.0030081637669354677,0.00019641767721623182,10.0,1.0,10.0
337.0,0.019077759236097336,0.019077759236097336,0.0014111620839685202,0.003013487672433257,0.00019526502001099288,10.0,1.0,10.0
338.0,0.019051149487495422,0.019051149487495422,0.00141240656375885,0.002987372688949108,0.0001939710637088865,10.0,1.0,10.0
339.0,0.019025718793272972,0.019025718793272972,0.0014104458969086409,0.002985989209264517,0.00019352689560037106,10.0,1.0,10.0
340.0,0.019001241773366928,0.019001241773366928,0.0014117599930614233,0.0029660635627806187,0.00019175783381797373,10.0,1.0,10.0
341.0,0.018977608531713486,0.018977608531713486,0.001409759046509862,0.0029604732990264893,0.00019195459026377648,10.0,1.0,10.0
342.0,0.018954787403345108,0.018954787403345108,0.001411352539435029,0.0029442820232361555,0.00018969803932122886,10.0,1.0,10.0
343.0,0.018932949751615524,0.018932949751615524,0.0014090238837525249,0.0029365415684878826,0.00019061699276790023,10.0,1.0,10.0
344.0,0.018912555649876595,0.018912555649876595,0.0014112500939518213,0.002922198735177517,0.0001877857866929844,10.0,1.0,10.0
345.0,0.018894346430897713,0.018894346430897713,0.0014082659035921097,0.0029140841215848923,0.00018976026331074536,10.0,1.0,10.0
346.0,0.018879545852541924,0.018879545852541924,0.00141173938754946,0.0029004178941249847,0.00018617341993376613,10.0,1.0,10.0
347.0,0.018870597705245018,0.018870597705245018,0.0014076445950195193,0.002893902361392975,0.00019002496264874935,10.0,1.0,10.0
348.0,0.018871406093239784,0.018871406093239784,0.0014135949313640594,0.0028803213499486446,0.00018551353423390538,10.0,1.0,10.0
349.0,0.01888936385512352,0.01888936385512352,0.0014078575186431408,0.002878553466871381,0.00019322356092743576,10.0,1.0,10.0
350.0,0.01893746666610241,0.01893746666610241,0.0014190025394782424,0.0028657701332122087,0.00018816703232005239,10.0,1.0,10.0
351.0,0.019038714468479156,0.019038714468479156,0.0014115265803411603,0.0028760263230651617,0.0002047422603936866,10.0,1.0,10.0
352.0,0.019232993945479393,0.019232993945479393,0.0014342491049319506,0.002869538962841034,0.00020209648937452585,10.0,1.0,10.0
353.0,0.0195845365524292,0.0195845365524292,0.0014274080749601126,0.002909574657678604,0.00024008807667996734,10.0,1.0,10.0
354.0,0.020183363929390907,0.020183363929390907,0.001475682482123375,0.0029284267220646143,0.00024981124443002045,10.0,1.0,10.0
355.0,0.021113160997629166,0.021113160997629166,0.0014770497800782323,0.0030275105964392424,0.00033151524257846177,10.0,1.0,10.0
356.0,0.022347213700413704,0.022347213700413704,0.0015649122651666403,0.003098721383139491,0.00035993693745695055,10.0,1.0,10.0
357.0,0.023555174469947815,0.023555174469947815,0.0015675765462219715,0.003212733194231987,0.000466667755972594,10.0,1.0,10.0
358.0,0.02408415824174881,0.02408415824174881,0.001645025098696351,0.0032778482418507338,0.00043560605263337493,10.0,1.0,10.0
359.0,0.02349659614264965,0.02349659614264965,0.0015995930880308151,0.0031498062890022993,0.00043508593807928264,10.0,1.0,10.0
360.0,0.022467125207185745,0.022467125207185745,0.0016016443260014057,0.003272157395258546,0.00031785256578586996,10.0,1.0,10.0
361.0,0.022716956213116646,0.022716956213116646,0.0016314985696226358,0.0029825367964804173,0.00034194340696558356,10.0,1.0,10.0
362.0,0.025450803339481354,0.025450803339481354,0.0017079839017242193,0.0037612132728099823,0.00046097507583908737,10.0,1.0,10.0
363.0,0.02966315671801567,0.02966315671801567,0.0019435612484812737,0.003501436673104763,0.0006726107676513493,10.0,1.0,10.0
364.0,0.031526461243629456,0.031526461243629456,0.001950141740962863,0.004466034937649965,0.0007559009827673435,10.0,1.0,10.0
365.0,0.027838824316859245,0.027838824316859245,0.001880848198197782,0.0033586290664970875,0.0005671713734045625,10.0,1.0,10.0
366.0,0.022499334067106247,0.022499334067106247,0.001607474870979786,0.0033244886435568333,0.00031000975286588073,10.0,1.0,10.0
367.0,0.021170644089579582,0.021170644089579582,0.0014951692428439856,0.0029110482428222895,0.00033079038257710636,10.0,1.0,10.0
368.0,0.022276367992162704,0.022276367992162704,0.0015568449161946774,0.0028723664581775665,0.0003835551324300468,10.0,1.0,10.0
369.0,0.021643800660967827,0.021643800660967827,0.0015041821170598269,0.0031647998839616776,0.00034371798392385244,10.0,1.0,10.0
370.0,0.020688416436314583,0.020688416436314583,0.0015290435403585434,0.0027616594452410936,0.0002636321587488055,10.0,1.0,10.0
371.0,0.02209499105811119,0.02209499105811119,0.0015805899165570736,0.0031025600619614124,0.00031865318305790424,10.0,1.0,10.0
372.0,0.023073319345712662,0.023073319345712662,0.0015676661860197783,0.003049923339858651,0.00043467344949021935,10.0,1.0,10.0
373.0,0.02066929079592228,0.02066929079592228,0.00150415173266083,0.0028359571006149054,0.00027918166597373784,10.0,1.0,10.0
374.0,0.018346667289733887,0.018346667289733887,0.0013990571023896337,0.002636719960719347,0.00017193758685607463,10.0,1.0,10.0
375.0,0.019539980217814445,0.019539980217814445,0.0014347948599606752,0.0027326932176947594,0.00024593379930593073,10.0,1.0,10.0
376.0,0.021279944106936455,0.021279944106936455,0.0015337129589170218,0.0028929777909070253,0.0003049835213460028,10.0,1.0,10.0
377.0,0.020460275933146477,0.020460275933146477,0.001485975575633347,0.002764839446172118,0.00028356810798868537,10.0,1.0,10.0
378.0,0.019136883318424225,0.019136883318424225,0.0014421191299334168,0.002789092482998967,0.00019265987793914974,10.0,1.0,10.0
379.0,0.0193506870418787,0.0193506870418787,0.0014556434471160173,0.0026009539142251015,0.00021932998788543046,10.0,1.0,10.0
380.0,0.019504282623529434,0.019504282623529434,0.0014255119021981955,0.0027582708280533552,0.00024908926570788026,10.0,1.0,10.0
381.0,0.01880830153822899,0.01880830153822899,0.0014295519795268774,0.002640985883772373,0.00018717942293733358,10.0,1.0,10.0
382.0,0.018854953348636627,0.018854953348636627,0.0014377215411514044,0.002557933097705245,0.00019198039080947638,10.0,1.0,10.0
383.0,0.019627796486020088,0.019627796486020088,0.001446289592422545,0.0028373904060572386,0.00023275117564480752,10.0,1.0,10.0
384.0,0.019379721954464912,0.019379721954464912,0.0014609717763960361,0.0025675203651189804,0.00022024824284017086,10.0,1.0,10.0
385.0,0.018368076533079147,0.018368076533079147,0.0014017927460372448,0.0026234241668134928,0.0001726723712636158,10.0,1.0,10.0
386.0,0.018260782584547997,0.018260782584547997,0.0013964956160634756,0.0025781202130019665,0.00017177053086925298,10.0,1.0,10.0
387.0,0.018846044316887856,0.018846044316887856,0.0014355976600199938,0.0025270297192037106,0.00019630372116807848,10.0,1.0,10.0
388.0,0.018856234848499298,0.018856234848499298,0.0014183598104864359,0.0026941050309687853,0.00019785304903052747,10.0,1.0,10.0
389.0,0.01848232001066208,0.01848232001066208,0.0014206223422661424,0.0025033638812601566,0.00017727341037243605,10.0,1.0,10.0
390.0,0.01849941350519657,0.01849941350519657,0.0014193535316735506,0.0025830892845988274,0.00017227888747584075,10.0,1.0,10.0
391.0,0.018576864153146744,0.018576864153146744,0.0014064523857086897,0.002564083319157362,0.00019482556672301143,10.0,1.0,10.0
392.0,0.018265053629875183,0.018265053629875183,0.0014097816310822964,0.0025009072851389647,0.00016663290443830192,10.0,1.0,10.0
393.0,0.018056698143482208,0.018056698143482208,0.0013968792045488954,0.002517891814932227,0.00015700134099461138,10.0,1.0,10.0
394.0,0.018303828313946724,0.018303828313946724,0.0014035084750503302,0.0025003748014569283,0.00017683679470792413,10.0,1.0,10.0
395.0,0.01849251054227352,0.01849251054227352,0.0014219569275155663,0.0025372146628797054,0.0001735726691549644,10.0,1.0,10.0
396.0,0.018283847719430923,0.018283847719430923,0.0014052910264581442,0.0024805553257465363,0.00017503826529718935,10.0,1.0,10.0
397.0,0.018066758289933205,0.018066758289933205,0.001399297034367919,0.002509827259927988,0.00015639605408068746,10.0,1.0,10.0
398.0,0.018102234229445457,0.018102234229445457,0.0014058753149583936,0.0024412451311945915,0.0001602236006874591,10.0,1.0,10.0
399.0,0.018126685172319412,0.018126685172319412,0.0013949167914688587,0.0024923584423959255,0.00016851600958034396,10.0,1.0,10.0
400.0,0.018007859587669373,0.018007859587669373,0.00140082195866853,0.002455211477354169,0.00015444282325915992,10.0,1.0,10.0
401.0,0.017973626032471657,0.017973626032471657,0.0013991650193929672,0.002421088283881545,0.00015608871763106436,10.0,1.0,10.0
402.0,0.01808490976691246,0.01808490976691246,0.0013974927132949233,0.0024981447495520115,0.00016118388157337904,10.0,1.0,10.0
403.0,0.018110090866684914,0.018110090866684914,0.00140934600494802,0.0024043009616434574,0.00016123296518344432,10.0,1.0,10.0
404.0,0.01797817461192608,0.01797817461192608,0.0013951819855719805,0.0024686309043318033,0.00015577240264974535,10.0,1.0,10.0
405.0,0.01787908747792244,0.01787908747792244,0.0013948911800980568,0.0024027484469115734,0.00015274275210686028,10.0,1.0,10.0
406.0,0.01789553090929985,0.01789553090929985,0.0013982790987938643,0.0024088448844850063,0.00015038948913570493,10.0,1.0,10.0
407.0,0.017903320491313934,0.017903320491313934,0.001391502097249031,0.0024242147337645292,0.0001564085832796991,10.0,1.0,10.0
408.0,0.01784658245742321,0.01784658245742321,0.001397065119817853,0.0023799773771315813,0.00014959533291403204,10.0,1.0,10.0
409.0,0.017819367349147797,0.017819367349147797,0.0013936753384768963,0.0024075552355498075,0.00014750592526979744,10.0,1.0,10.0
410.0,0.01785852015018463,0.01785852015018463,0.0013939080527052283,0.00237862067297101,0.0001540819794172421,10.0,1.0,10.0
411.0,0.01787620037794113,0.01787620037794113,0.0013994318433105946,0.0023965800646692514,0.00014853004540782422,10.0,1.0,10.0
412.0,0.01782510057091713,0.01782510057091713,0.0013936924515292048,0.002363744890317321,0.00015244321548379958,10.0,1.0,10.0
413.0,0.017768578603863716,0.017768578603863716,0.001393224229104817,0.002382784616202116,0.00014535518130287528,10.0,1.0,10.0
414.0,0.017756663262844086,0.017756663262844086,0.0013953637098893523,0.002340645296499133,0.00014623811875935644,10.0,1.0,10.0
415.0,0.017752692103385925,0.017752692103385925,0.0013900273479521275,0.0023717305157333612,0.000148068749695085,10.0,1.0,10.0
416.0,0.017717860639095306,0.017717860639095306,0.001394163933582604,0.002336137928068638,0.00014400837244465947,10.0,1.0,10.0
417.0,0.017678914591670036,0.017678914591670036,0.0013901216443628073,0.002339834114536643,0.0001437862665625289,10.0,1.0,10.0
418.0,0.017672572284936905,0.017672572284936905,0.0013895980082452297,0.0023419864010065794,0.00014346059469971806,10.0,1.0,10.0
419.0,0.017683248966932297,0.017683248966932297,0.0013938440242782235,0.002314767800271511,0.0001430042611900717,10.0,1.0,10.0
420.0,0.017676016315817833,0.017676016315817833,0.0013892422430217266,0.0023420595098286867,0.0001441535132471472,10.0,1.0,10.0
421.0,0.017652664333581924,0.017652664333581924,0.0013926492538303137,0.002301324624568224,0.00014248478692024946,10.0,1.0,10.0
422.0,0.017639394849538803,0.017639394849538803,0.0013908869586884975,0.002325761364772916,0.0001404764043400064,10.0,1.0,10.0
423.0,0.01764039508998394,0.01764039508998394,0.0013904666993767023,0.002296004444360733,0.00014397235645446926,10.0,1.0,10.0
424.0,0.017635555937886238,0.017635555937886238,0.0013926372630521655,0.0023130401968955994,0.0001396143197780475,10.0,1.0,10.0
425.0,0.017615921795368195,0.017615921795368195,0.001390335033647716,0.0022831468377262354,0.00014294235734269023,10.0,1.0,10.0
426.0,0.017595356330275536,0.017595356330275536,0.0013903550570830703,0.0023049672599881887,0.00013868376845493913,10.0,1.0,10.0
427.0,0.017586015164852142,0.017586015164852142,0.001391818281263113,0.002265455201268196,0.00014023776748217642,10.0,1.0,10.0
428.0,0.017581850290298462,0.017581850290298462,0.0013887555105611682,0.0023002978414297104,0.00013939959171693772,10.0,1.0,10.0
429.0,0.01757166162133217,0.01757166162133217,0.0013924423838034272,0.002253172919154167,0.00013940657663624734,10.0,1.0,10.0
430.0,0.01755697838962078,0.01755697838962078,0.0013889821711927652,0.0022890842519700527,0.0001378073066007346,10.0,1.0,10.0
431.0,0.017548132687807083,0.017548132687807083,0.0013910145498812199,0.0022437728475779295,0.00013942131772637367,10.0,1.0,10.0
432.0,0.017549429088830948,0.017549429088830948,0.0013908508699387312,0.0022782995365560055,0.00013626190775539726,10.0,1.0,10.0
433.0,0.01755637116730213,0.01755637116730213,0.0013913155999034643,0.0022341778967529535,0.00014090377953834832,10.0,1.0,10.0
434.0,0.017566679045557976,0.017566679045557976,0.0013925182865932584,0.0022775393445044756,0.000136395770823583,10.0,1.0,10.0
435.0,0.017587844282388687,0.017587844282388687,0.0013948149280622602,0.0022200087551027536,0.0001419685286236927,10.0,1.0,10.0
436.0,0.017632966861128807,0.017632966861128807,0.0013953985180705786,0.002291247248649597,0.0001387733209412545,10.0,1.0,10.0
437.0,0.017715798690915108,0.017715798690915108,0.0014039389789104462,0.002208900637924671,0.00014675094280391932,10.0,1.0,10.0
438.0,0.017854345962405205,0.017854345962405205,0.00140636065043509,0.002328085945919156,0.00014626533084083349,10.0,1.0,10.0
439.0,0.0180829931050539,0.0180829931050539,0.0014249010710045695,0.0022156748455017805,0.00016183062689378858,10.0,1.0,10.0
440.0,0.01846451684832573,0.01846451684832573,0.0014384707901626825,0.0024169471580535173,0.0001662861177464947,10.0,1.0,10.0
441.0,0.019100137054920197,0.019100137054920197,0.0014795430470257998,0.0022775279358029366,0.0002027180016739294,10.0,1.0,10.0
442.0,0.020134184509515762,0.020134184509515762,0.0015253014862537384,0.002640480175614357,0.00022406902280636132,10.0,1.0,10.0
443.0,0.02175120636820793,0.02175120636820793,0.0016206542495638132,0.0024900371208786964,0.00030546257039532065,10.0,1.0,10.0
444.0,0.0240795835852623,0.0240795835852623,0.001729391049593687,0.0031380713917315006,0.00036476022796705365,10.0,1.0,10.0
445.0,0.02697667106986046,0.02697667106986046,0.0018980945460498333,0.002962870988994837,0.0005032854969613254,10.0,1.0,10.0
446.0,0.029551681131124496,0.029551681131124496,0.002012908225879073,0.0037995653692632914,0.0005623034085147083,10.0,1.0,10.0
447.0,0.03011566773056984,0.03011566773056984,0.002064887434244156,0.003260774305090308,0.0006206019897945225,10.0,1.0,10.0
448.0,0.027222417294979095,0.027222417294979095,0.0018923904281109571,0.0035057493951171637,0.00047927629202604294,10.0,1.0,10.0
449.0,0.02197190374135971,0.02197190374135971,0.0016343345632776618,0.002493973821401596,0.0003134584112558514,10.0,1.0,10.0
450.0,0.017916563898324966,0.017916563898324966,0.0014131389325484633,0.002292062621563673,0.00014931119221728295,10.0,1.0,10.0
451.0,0.017674824222922325,0.017674824222922325,0.0014008686412125826,0.002250887453556061,0.00014152508811093867,10.0,1.0,10.0
452.0,0.02036658488214016,0.02036658488214016,0.0015497044660151005,0.002345712622627616,0.00025238280068151653,10.0,1.0,10.0
453.0,0.022830365225672722,0.022830365225672722,0.0016663072165101767,0.0029464333783835173,0.00032208606717176735,10.0,1.0,10.0
454.0,0.022562429308891296,0.022562429308891296,0.0016666940646246076,0.0025358626153320074,0.0003359624242875725,10.0,1.0,10.0
455.0,0.019890861585736275,0.019890861585736275,0.001515667769126594,0.0025616970378905535,0.00021724874386563897,10.0,1.0,10.0
456.0,0.017544880509376526,0.017544880509376526,0.0013991191517561674,0.0021308863069862127,0.00014228024519979954,10.0,1.0,10.0
457.0,0.017559196799993515,0.017559196799993515,0.0014014497864991426,0.0021258704364299774,0.0001418828178429976,10.0,1.0,10.0
458.0,0.01924898289144039,0.01924898289144039,0.0014829370193183422,0.002471050014719367,0.00019485625671222806,10.0,1.0,10.0
459.0,0.020386839285492897,0.020386839285492897,0.0015540220774710178,0.002326710382476449,0.00025199068477377295,10.0,1.0,10.0
460.0,0.019701432436704636,0.019701432436704636,0.0015075149713084102,0.002523460192605853,0.00021028215996921062,10.0,1.0,10.0
461.0,0.018050288781523705,0.018050288781523705,0.0014292009873315692,0.002135905437171459,0.00016223736747633666,10.0,1.0,10.0
462.0,0.01718924380838871,0.01718924380838871,0.0013818414881825447,0.00211825268343091,0.00012525766214821488,10.0,1.0,10.0
463.0,0.01773718185722828,0.01773718185722828,0.0014080654364079237,0.002233294304460287,0.00014232323155738413,10.0,1.0,10.0
464.0,0.0187253188341856,0.0187253188341856,0.0014664162881672382,0.002173224464058876,0.00018879298295360059,10.0,1.0,10.0
465.0,0.018918313086032867,0.018918313086032867,0.0014685818459838629,0.002403157763183117,0.00018293372704647481,10.0,1.0,10.0
466.0,0.018151162192225456,0.018151162192225456,0.001435559242963791,0.002127512590959668,0.00016680560656823218,10.0,1.0,10.0
467.0,0.017307233065366745,0.017307233065366745,0.0013874080032110214,0.002149014500901103,0.00012841395800933242,10.0,1.0,10.0
468.0,0.017196757718920708,0.017196757718920708,0.0013823688495904207,0.002122054807841778,0.0001251014182344079,10.0,1.0,10.0
469.0,0.017715947702527046,0.017715947702527046,0.0014123666333034635,0.0020937493536621332,0.00014985320740379393,10.0,1.0,10.0
470.0,0.01814129576086998,0.01814129576086998,0.0014301500050351024,0.0022824062034487724,0.00015573899145238101,10.0,1.0,10.0
471.0,0.017992684617638588,0.017992684617638588,0.001428085844963789,0.0021048886701464653,0.00016069378762040287,10.0,1.0,10.0
472.0,0.017467141151428223,0.017467141151428223,0.001396476523950696,0.002171520609408617,0.00013308567577041686,10.0,1.0,10.0
473.0,0.017108850181102753,0.017108850181102753,0.0013806188944727182,0.0020682874601334333,0.00012343749403953552,10.0,1.0,10.0
474.0,0.017191756516695023,0.017191756516695023,0.0013854579301550984,0.002059214748442173,0.00012779618555214256,10.0,1.0,10.0
475.0,0.017506057396531105,0.017506057396531105,0.0013998044887557626,0.002169273793697357,0.0001338738511549309,10.0,1.0,10.0
476.0,0.017665114253759384,0.017665114253759384,0.00141279271338135,0.002067673485726118,0.0001469513081246987,10.0,1.0,10.0
477.0,0.017510080710053444,0.017510080710053444,0.001400370616465807,0.0021655429154634476,0.0001340831076959148,10.0,1.0,10.0
478.0,0.017212145030498505,0.017212145030498505,0.0013890501577407122,0.002041507512331009,0.0001280136057175696,10.0,1.0,10.0
479.0,0.01704302988946438,0.01704302988946438,0.0013785306364297867,0.0020586708560585976,0.00011990541679551825,10.0,1.0,10.0
480.0,0.01710372231900692,0.01710372231900692,0.0013817590661346912,0.002078607678413391,0.00012075246195308864,10.0,1.0,10.0
481.0,0.017270172014832497,0.017270172014832497,0.0013931049033999443,0.002032136544585228,0.00013069869601167738,10.0,1.0,10.0
482.0,0.017352571710944176,0.017352571710944176,0.0013939302880316973,0.002127035055309534,0.00012862346193287522,10.0,1.0,10.0
483.0,0.017274294048547745,0.017274294048547745,0.0013941024662926793,0.0020260601304471493,0.00013072104775346816,10.0,1.0,10.0
484.0,0.017112132161855698,0.017112132161855698,0.0013824875932186842,0.0020769755356013775,0.00012102807522751391,10.0,1.0,10.0
485.0,0.016998527571558952,0.016998527571558952,0.0013786540366709232,0.002025818917900324,0.00011861685197800398,10.0,1.0,10.0
486.0,0.01699966937303543,0.01699966937303543,0.0013789343647658825,0.0020205844193696976,0.00011897423974005505,10.0,1.0,10.0
487.0,0.01707683503627777,0.01707683503627777,0.0013816155260428786,0.0020641798619180918,0.00011965008161496371,10.0,1.0,10.0
488.0,0.017140788957476616,0.017140788957476616,0.0013880862388759851,0.0020075964275747538,0.00012523302575573325,10.0,1.0,10.0
489.0,0.01713206246495247,0.01713206246495247,0.0013846990186721087,0.002072786446660757,0.00012122868065489456,10.0,1.0,10.0
490.0,0.017058737576007843,0.017058737576007843,0.0013841617619618773,0.0020004305988550186,0.00012166887609055266,10.0,1.0,10.0
491.0,0.016975034028291702,0.016975034028291702,0.0013781065354123712,0.00203115027397871,0.0001162819389719516,10.0,1.0,10.0
492.0,0.016931533813476562,0.016931533813476562,0.0013769491342827678,0.002006540074944496,0.00011555027595022693,10.0,1.0,10.0
493.0,0.01694035902619362,0.01694035902619362,0.0013782705646008253,0.0019958773627877235,0.00011617767449934036,10.0,1.0,10.0
494.0,0.01697610318660736,0.01697610318660736,0.0013788678916171193,0.002028109971433878,0.00011593135423026979,10.0,1.0,10.0
495.0,0.017001526430249214,0.017001526430249214,0.0013827518559992313,0.00198367889970541,0.0001190329494420439,10.0,1.0,10.0
496.0,0.01699456386268139,0.01699456386268139,0.001380251138471067,0.002030247123911977,0.0001161805193987675,10.0,1.0,10.0
497.0,0.016958344727754593,0.016958344727754593,0.0013807942159473896,0.0019784830510616302,0.00011719204485416412,10.0,1.0,10.0
498.0,0.016913101077079773,0.016913101077079773,0.001377134001813829,0.0020057838410139084,0.00011359777272446081,10.0,1.0,10.0
499.0,0.016879964619874954,0.016879964619874954,0.001376443193294108,0.0019808965735137463,0.00011346350947860628,10.0,1.0,10.0
500.0,0.01686883345246315,0.01686883345246315,0.0013761105947196484,0.001979879569262266,0.00011278492456767708,10.0,1.0,10.0
501.0,0.016875432804226875,0.016875432804226875,0.001375995110720396,0.0019915145821869373,0.00011239667946938425,10.0,1.0,10.0
502.0,0.01688751019537449,0.01688751019537449,0.0013780796434730291,0.0019655972719192505,0.00011411154991947114,10.0,1.0,10.0
503.0,0.016892896965146065,0.016892896965146065,0.001377086155116558,0.001996503444388509,0.00011255317804170772,10.0,1.0,10.0
504.0,0.01688571833074093,0.01688571833074093,0.0013785697519779205,0.0019583639223128557,0.0001141655957326293,10.0,1.0,10.0
505.0,0.016867317259311676,0.016867317259311676,0.0013763578608632088,0.001987106865271926,0.00011166324111400172,10.0,1.0,10.0
506.0,0.01684390939772129,0.01684390939772129,0.0013766537886112928,0.001954891951754689,0.0001122478352044709,10.0,1.0,10.0
507.0,0.016822408884763718,0.016822408884763718,0.001374884508550167,0.001969468779861927,0.00011040937533834949,10.0,1.0,10.0
508.0,0.016807373613119125,0.016807373613119125,0.001374860410578549,0.0019558221101760864,0.00011029471352230757,10.0,1.0,10.0
509.0,0.01679978333413601,0.01679978333413601,0.0013746490003541112,0.0019530977588146925,0.00011001963139278814,10.0,1.0,10.0
510.0,0.01679770089685917,0.01679770089685917,0.0013744691386818886,0.0019589662551879883,0.00010940430365735665,10.0,1.0,10.0
511.0,0.01679779216647148,0.01679779216647148,0.0013754062820225954,0.0019415643764659762,0.0001102165988413617,10.0,1.0,10.0
512.0,0.016796980053186417,0.016796980053186417,0.0013746463228017092,0.001959725748747587,0.00010907918476732448,10.0,1.0,10.0
513.0,0.01679328642785549,0.01679328642785549,0.0013758452842012048,0.001933956053107977,0.00011008777801180258,10.0,1.0,10.0
514.0,0.016786163672804832,0.016786163672804832,0.001374454121105373,0.001955493353307247,0.00010861287591978908,10.0,1.0,10.0
515.0,0.016776112839579582,0.016776112839579582,0.0013754144310951233,0.0019287194591015577,0.00010932499571936205,10.0,1.0,10.0
516.0,0.016764353960752487,0.016764353960752487,0.0013738521374762058,0.0019469510298222303,0.00010788805229822174,10.0,1.0,10.0
517.0,0.016752105206251144,0.016752105206251144,0.0013744654133915901,0.0019250295590609312,0.0001082421513274312,10.0,1.0,10.0
518.0,0.016740387305617332,0.016740387305617332,0.0013732471270486712,0.0019365230109542608,0.0001071392762241885,10.0,1.0,10.0
519.0,0.01672981306910515,0.01672981306910515,0.001373517676256597,0.0019224665593355894,0.0001072169397957623,10.0,1.0,10.0
520.0,0.016720587387681007,0.016720587387681007,0.001372878672555089,0.0019263478461652994,0.00010654541983967647,10.0,1.0,10.0
521.0,0.01671268232166767,0.01671268232166767,0.0013728253543376923,0.001920437440276146,0.00010639911488397047,10.0,1.0,10.0
522.0,0.016705848276615143,0.016705848276615143,0.0013727375771850348,0.0019172988831996918,0.00010611738252919167,10.0,1.0,10.0
523.0,0.016699787229299545,0.016699787229299545,0.0013724002055823803,0.0019182562828063965,0.00010575275518931448,10.0,1.0,10.0
524.0,0.016694268211722374,0.016694268211722374,0.001372707076370716,0.001909386832267046,0.00010578114597592503,10.0,1.0,10.0
525.0,0.016689112409949303,0.016689112409949303,0.0013721478171646595,0.0019156767521053553,0.00010519568604649976,10.0,1.0,10.0
526.0,0.01668415032327175,0.01668415032327175,0.0013727067271247506,0.0019023463828489184,0.0001054738531820476,10.0,1.0,10.0
527.0,0.016679463908076286,0.016679463908076286,0.0013719727285206318,0.0019128648564219475,0.00010468714754097164,10.0,1.0,10.0
528.0,0.016675062477588654,0.016675062477588654,0.0013727426994591951,0.0018957640277221799,0.00010518722410779446,10.0,1.0,10.0
529.0,0.016671162098646164,0.016671162098646164,0.0013718601549044251,0.00191018870100379,0.00010423707863083109,10.0,1.0,10.0
530.0,0.01666797138750553,0.01666797138750553,0.0013729004422202706,0.0018892381340265274,0.0001049729689839296,10.0,1.0,10.0
531.0,0.016665879637002945,0.016665879637002945,0.0013718607369810343,0.0019083124352619052,0.00010389606904936954,10.0,1.0,10.0
532.0,0.016665514558553696,0.016665514558553696,0.0013733446830883622,0.0018825347069650888,0.00010495338210603222,10.0,1.0,10.0
533.0,0.016667721793055534,0.016667721793055534,0.0013721536379307508,0.001908332109451294,0.00010378532897448167,10.0,1.0,10.0
534.0,0.016673948615789413,0.016673948615789413,0.001374436542391777,0.001875606132671237,0.00010539776849327609,10.0,1.0,10.0
535.0,0.01668640598654747,0.01668640598654747,0.0013732003280892968,0.001912188483402133,0.00010422149352962151,10.0,1.0,10.0
536.0,0.01670871302485466,0.01670871302485466,0.0013770392397418618,0.0018690029392018914,0.000106931765913032,10.0,1.0,10.0
537.0,0.016746748238801956,0.016746748238801956,0.0013762161834165454,0.0019240552792325616,0.00010605299030430615,10.0,1.0,10.0
538.0,0.016810279339551926,0.016810279339551926,0.001383366296067834,0.001865312922745943,0.00011113045911770314,10.0,1.0,10.0
539.0,0.016915589570999146,0.016915589570999146,0.0013845423236489296,0.001953704282641411,0.00011164613533765078,10.0,1.0,10.0
540.0,0.017090216279029846,0.017090216279029846,0.0013994283508509398,0.0018734056502580643,0.00012225272075738758,10.0,1.0,10.0
541.0,0.017379989847540855,0.017379989847540855,0.0014076950028538704,0.002025664784014225,0.0001277373667107895,10.0,1.0,10.0
542.0,0.01786111481487751,0.01786111481487751,0.0014418531209230423,0.001921778661198914,0.00015208046534098685,10.0,1.0,10.0
543.0,0.018654942512512207,0.018654942512512207,0.0014721432235091925,0.0022026619408279657,0.00017308490350842476,10.0,1.0,10.0
544.0,0.019942916929721832,0.019942916929721832,0.0015538462903350592,0.0020918957889080048,0.0002312558062840253,10.0,1.0,10.0
545.0,0.02195165492594242,0.02195165492594242,0.0016406557988375425,0.002623806009069085,0.00029212914523668587,10.0,1.0,10.0
546.0,0.024856116622686386,0.024856116622686386,0.0018148778472095728,0.002545434981584549,0.00041619030525907874,10.0,1.0,10.0
547.0,0.02846313640475273,0.02846313640475273,0.001976137049496174,0.0034111137501895428,0.000529065087903291,10.0,1.0,10.0
548.0,0.03171651065349579,0.03171651065349579,0.0021770005114376545,0.00321565056219697,0.0006730856839567423,10.0,1.0,10.0
549.0,0.03247605264186859,0.03247605264186859,0.0021846129093319178,0.0038761489558964968,0.0006753775523975492,10.0,1.0,10.0
550.0,0.028978189453482628,0.028978189453482628,0.00203151348978281,0.002947080647572875,0.0005715974257327616,10.0,1.0,10.0
551.0,0.02246181108057499,0.02246181108057499,0.0016688008327037096,0.002661145059391856,0.00031126587418839335,10.0,1.0,10.0
552.0,0.01736431196331978,0.01736431196331978,0.0014129937626421452,0.0018732189200818539,0.00013611554459203035,10.0,1.0,10.0
553.0,0.017003731802105904,0.017003731802105904,0.0013952907174825668,0.0018474257085472345,0.00012033990788040683,10.0,1.0,10.0
554.0,0.020327256992459297,0.020327256992459297,0.0015568353701382875,0.002396715572103858,0.00023621873697265983,10.0,1.0,10.0
555.0,0.02335016056895256,0.02335016056895256,0.0017343773506581783,0.0024026231840252876,0.0003603764344006777,10.0,1.0,10.0
556.0,0.022925443947315216,0.022925443947315216,0.0016923368675634265,0.0027172239497303963,0.0003284853883087635,10.0,1.0,10.0
557.0,0.019590020179748535,0.019590020179748535,0.0015339420642703772,0.0020511660259217024,0.00021994327835272998,10.0,1.0,10.0
558.0,0.01682104729115963,0.01682104729115963,0.0013825297355651855,0.0019082054495811462,0.00010875446605496109,10.0,1.0,10.0
559.0,0.017047327011823654,0.017047327011823654,0.0013899242039769888,0.0019499496556818485,0.00011981360876234248,10.0,1.0,10.0
560.0,0.01917542703449726,0.01917542703449726,0.0015154416905716062,0.0020095650106668472,0.00020114463404752314,10.0,1.0,10.0
561.0,0.020353183150291443,0.020353183150291443,0.0015593403950333595,0.0023964231368154287,0.00023633567616343498,10.0,1.0,10.0
562.0,0.019249066710472107,0.019249066710472107,0.0015189374098554254,0.002008897950872779,0.00020507947192527354,10.0,1.0,10.0
563.0,0.017255347222089767,0.017255347222089767,0.0014047971926629543,0.0019708890467882156,0.00012364864232949913,10.0,1.0,10.0
564.0,0.016538210213184357,0.016538210213184357,0.0013668442843481898,0.0018410326447337866,0.00010287337499903515,10.0,1.0,10.0
565.0,0.017466312274336815,0.017466312274336815,0.001423973822966218,0.001857752213254571,0.0001368821831420064,10.0,1.0,10.0
566.0,0.018539264798164368,0.018539264798164368,0.0014665478374809027,0.0021552667021751404,0.00017185197793878615,10.0,1.0,10.0
567.0,0.018395133316516876,0.018395133316516876,0.0014733484713360667,0.0019299036357551813,0.00017317435413133353,10.0,1.0,10.0
568.0,0.01729082688689232,0.01729082688689232,0.0014060658868402243,0.0019769025966525078,0.00012532663822639734,10.0,1.0,10.0
569.0,0.016524167731404305,0.016524167731404305,0.0013674955116584897,0.0018156099831685424,0.00010336039122194052,10.0,1.0,10.0
570.0,0.01677805930376053,0.01677805930376053,0.001385374809615314,0.0018146017100661993,0.00011097091919509694,10.0,1.0,10.0
571.0,0.017477471381425858,0.017477471381425858,0.001412292243912816,0.002006483729928732,0.00013480643974617124,10.0,1.0,10.0
572.0,0.01767616719007492,0.01767616719007492,0.0014345648232847452,0.001871407264843583,0.00014591115177609026,10.0,1.0,10.0
573.0,0.01717129535973072,0.01717129535973072,0.00139999995008111,0.0019591825548559427,0.00012121130566811189,10.0,1.0,10.0
574.0,0.016580281779170036,0.016580281779170036,0.001372962025925517,0.001804392202757299,0.00010462685895618051,10.0,1.0,10.0
575.0,0.016501937061548233,0.016501937061548233,0.0013707592152059078,0.0018044705502688885,9.898756252368912e-05,10.0,1.0,10.0
576.0,0.01686527207493782,0.01686527207493782,0.0013827966758981347,0.0019044512882828712,0.00011328528489684686,10.0,1.0,10.0
577.0,0.017142359167337418,0.017142359167337418,0.0014074795180931687,0.0018247938714921474,0.00012427699402906,10.0,1.0,10.0
578.0,0.017006006091833115,0.017006006091833115,0.0013920748606324196,0.0019256999948993325,0.00011595577234402299,10.0,1.0,10.0
579.0,0.016634490340948105,0.016634490340948105,0.0013791335513815284,0.0017932472983375192,0.00010499064228497446,10.0,1.0,10.0
580.0,0.0164234209805727,0.0164234209805727,0.0013668406754732132,0.0018075702246278524,9.47444059420377e-05,10.0,1.0,10.0
581.0,0.016526853665709496,0.016526853665709496,0.0013683107681572437,0.0018359338864684105,0.00010078128252644092,10.0,1.0,10.0
582.0,0.01674755848944187,0.01674755848944187,0.0013869411777704954,0.0017940354300662875,0.00010841121547855437,10.0,1.0,10.0
583.0,0.016810571774840355,0.016810571774840355,0.0013821956235915422,0.0018887927290052176,0.00010998223297065124,10.0,1.0,10.0
584.0,0.016654791310429573,0.016654791310429573,0.0013817485887557268,0.001787173212505877,0.00010501315409783274,10.0,1.0,10.0
585.0,0.01645084284245968,0.01645084284245968,0.0013671726919710636,0.001821489306166768,9.576277079759166e-05,10.0,1.0,10.0
586.0,0.016385169699788094,0.016385169699788094,0.0013638498494401574,0.0017968711908906698,9.498001600150019e-05,10.0,1.0,10.0
587.0,0.016475537791848183,0.016475537791848183,0.0013719021808356047,0.0017815257888287306,9.74990107351914e-05,10.0,1.0,10.0
588.0,0.016589175909757614,0.016589175909757614,0.0013717587571591139,0.0018471160437911749,0.00010244717122986913,10.0,1.0,10.0
589.0,0.01659882441163063,0.01659882441163063,0.0013794559054076672,0.001779984449967742,0.00010242806456517428,10.0,1.0,10.0
590.0,0.016499599441885948,0.016499599441885948,0.0013688572216778994,0.0018290217267349362,9.820058767218143e-05,10.0,1.0,10.0
591.0,0.016387324780225754,0.016387324780225754,0.0013670191401615739,0.001775491749867797,9.416424290975556e-05,10.0,1.0,10.0
592.0,0.016351602971553802,0.016351602971553802,0.001364798517897725,0.0017812338192015886,9.223854431184009e-05,10.0,1.0,10.0
593.0,0.01639755442738533,0.01639755442738533,0.0013649562606588006,0.001802209997549653,9.457830310566351e-05,10.0,1.0,10.0
594.0,0.01645958051085472,0.01645958051085472,0.001372702419757843,0.0017687894869595766,9.637678158469498e-05,10.0,1.0,10.0
595.0,0.01647256501019001,0.01647256501019001,0.001368178753182292,0.001817756681703031,9.730207966640592e-05,10.0,1.0,10.0
596.0,0.01642582006752491,0.01642582006752491,0.0013710904167965055,0.0017657714197412133,9.491438686382025e-05,10.0,1.0,10.0
597.0,0.01636018604040146,0.01636018604040146,0.0013642989797517657,0.0017910973401740193,9.260996012017131e-05,10.0,1.0,10.0
598.0,0.016323566436767578,0.016323566436767578,0.0013642414705827832,0.0017722084885463119,9.08943111426197e-05,10.0,1.0,10.0
599.0,0.016331559047102928,0.016331559047102928,0.0013653096975758672,0.0017661572201177478,9.123043128056452e-05,10.0,1.0,10.0
600.0,0.016362570226192474,0.016362570226192474,0.0013645619619637728,0.0017916805809363723,9.252711606677622e-05,10.0,1.0,10.0
601.0,0.016382616013288498,0.016382616013288498,0.0013692151987925172,0.0017597043188288808,9.30760070332326e-05,10.0,1.0,10.0
602.0,0.016373317688703537,0.016373317688703537,0.0013648634776473045,0.0017937941011041403,9.308892913395539e-05,10.0,1.0,10.0
603.0,0.01634162850677967,0.01634162850677967,0.001366897951811552,0.0017588281771168113,9.138205496128649e-05,10.0,1.0,10.0
604.0,0.01630912721157074,0.01630912721157074,0.0013628600863739848,0.0017745763761922717,9.059489821083844e-05,10.0,1.0,10.0
605.0,0.016293352469801903,0.016293352469801903,0.001363384653814137,0.001765259774401784,8.942464046413079e-05,10.0,1.0,10.0
606.0,0.01629699021577835,0.01629699021577835,0.0013639614917337894,0.001757755409926176,8.996212272904813e-05,10.0,1.0,10.0
607.0,0.016309475526213646,0.016309475526213646,0.0013632928021252155,0.0017758928006514907,9.006544860312715e-05,10.0,1.0,10.0
608.0,0.016316981986165047,0.016316981986165047,0.001366055803373456,0.0017512677004560828,9.051569941220805e-05,10.0,1.0,10.0
609.0,0.01631205528974533,0.01631205528974533,0.001363294548355043,0.0017762123607099056,9.028961358126253e-05,10.0,1.0,10.0
610.0,0.016296565532684326,0.016296565532684326,0.001365141710266471,0.0017500793328508735,8.950683695729822e-05,10.0,1.0,10.0
611.0,0.01627849042415619,0.01627849042415619,0.0013623132836073637,0.0017643936444073915,8.909629832487553e-05,10.0,1.0,10.0
612.0,0.01626555807888508,0.01626555807888508,0.0013630999019369483,0.0017533790087327361,8.811809675535187e-05,10.0,1.0,10.0
613.0,0.016260962933301926,0.016260962933301926,0.0013625213177874684,0.00175169063732028,8.84058972587809e-05,10.0,1.0,10.0
614.0,0.016262724995613098,0.016262724995613098,0.0013624205021187663,0.0017595825484022498,8.789373532636091e-05,10.0,1.0,10.0
615.0,0.016265885904431343,0.016265885904431343,0.0013636465882882476,0.0017445730045437813,8.848463767208159e-05,10.0,1.0,10.0
616.0,0.016265980899333954,0.016265980899333954,0.001362364855594933,0.0017619982827454805,8.803345554042608e-05,10.0,1.0,10.0
617.0,0.016261156648397446,0.016261156648397446,0.001363779534585774,0.001741636311635375,8.817252091830596e-05,10.0,1.0,10.0
618.0,0.016252359375357628,0.016252359375357628,0.0013619072269648314,0.0017570648342370987,8.762216020841151e-05,10.0,1.0,10.0
619.0,0.016242222860455513,0.016242222860455513,0.001362760434858501,0.0017414194298908114,8.731982234166935e-05,10.0,1.0,10.0
620.0,0.016233444213867188,0.016233444213867188,0.0013614901108667254,0.0017483506817370653,8.701919432496652e-05,10.0,1.0,10.0
621.0,0.01622752472758293,0.01622752472758293,0.0013617611257359385,0.0017436178168281913,8.66296177264303e-05,10.0,1.0,10.0
622.0,0.016224540770053864,0.016224540770053864,0.00136164843570441,0.0017405578400939703,8.674989658175036e-05,10.0,1.0,10.0
623.0,0.016223305836319923,0.016223305836319923,0.0013613514602184296,0.0017461683601140976,8.636232087155804e-05,10.0,1.0,10.0
624.0,0.01622234657406807,0.01622234657406807,0.0013620246900245547,0.001735240570269525,8.668583177495748e-05,10.0,1.0,10.0
625.0,0.016220444813370705,0.016220444813370705,0.001361206523142755,0.0017465004930272698,8.618786523584276e-05,10.0,1.0,10.0
626.0,0.016217075288295746,0.016217075288295746,0.0013620309764519334,0.0017321731429547071,8.645922935102135e-05,10.0,1.0,10.0
627.0,0.016212210059165955,0.016212210059165955,0.0013609948800876737,0.001743903267197311,8.58357670949772e-05,10.0,1.0,10.0
628.0,0.016206471249461174,0.016206471249461174,0.0013615695061162114,0.0017307738307863474,8.600021828897297e-05,10.0,1.0,10.0
629.0,0.016200456768274307,0.016200456768274307,0.001360755180940032,0.0017392084700986743,8.53696110425517e-05,10.0,1.0,10.0
630.0,0.016194762662053108,0.016194762662053108,0.001360944239422679,0.0017303649801760912,8.549559424864128e-05,10.0,1.0,10.0
631.0,0.01618978939950466,0.01618978939950466,0.001360634807497263,0.0017338813049718738,8.49560383358039e-05,10.0,1.0,10.0
632.0,0.016185596585273743,0.016185596585273743,0.001360423630103469,0.0017304376233369112,8.509221515851095e-05,10.0,1.0,10.0
633.0,0.01618204452097416,0.01618204452097416,0.0013606429565697908,0.0017291181720793247,8.464972779620439e-05,10.0,1.0,10.0
634.0,0.01617896743118763,0.01617896743118763,0.0013600543607026339,0.0017304313369095325,8.479931420879439e-05,10.0,1.0,10.0
635.0,0.016176138073205948,0.016176138073205948,0.0013606841675937176,0.001725235371850431,8.440620149485767e-05,10.0,1.0,10.0
636.0,0.01617329753935337,0.01617329753935337,0.0013597875367850065,0.0017297833692282438,8.45638060127385e-05,10.0,1.0,10.0
637.0,0.016170425340533257,0.016170425340533257,0.0013606674037873745,0.0017221333691850305,8.41616783873178e-05,10.0,1.0,10.0
638.0,0.016167372465133667,0.016167372465133667,0.0013595568016171455,0.0017284373752772808,8.433672337559983e-05,10.0,1.0,10.0
639.0,0.016164135187864304,0.016164135187864304,0.0013605646090582013,0.001719719497486949,8.387697744183242e-05,10.0,1.0,10.0
640.0,0.016160765662789345,0.016160765662789345,0.0013593106996268034,0.0017265873029828072,8.410702866967767e-05,10.0,1.0,10.0
641.0,0.016157381236553192,0.016157381236553192,0.0013604146661236882,0.0017177399713546038,8.354945748578757e-05,10.0,1.0,10.0
642.0,0.016154004260897636,0.016154004260897636,0.0013590635498985648,0.0017243558540940285,8.390126458834857e-05,10.0,1.0,10.0
643.0,0.016150739043951035,0.016150739043951035,0.0013602845137938857,0.0017159346025437117,8.319590415339917e-05,10.0,1.0,10.0
644.0,0.016147669404745102,0.016147669404745102,0.0013588042929768562,0.0017219728324562311,8.376533514820039e-05,10.0,1.0,10.0
645.0,0.016144976019859314,0.016144976019859314,0.0013602323597297072,0.001714296406134963,8.283551142085344e-05,10.0,1.0,10.0
646.0,0.016142869368195534,0.016142869368195534,0.0013585316482931376,0.0017197072738781571,8.378460915992036e-05,10.0,1.0,10.0
647.0,0.01614166796207428,0.01614166796207428,0.0013603554107248783,0.0017128997715190053,8.252140105469152e-05,10.0,1.0,10.0
648.0,0.01614191010594368,0.01614191010594368,0.0013582655228674412,0.0017177631380036473,8.414912008447573e-05,10.0,1.0,10.0
649.0,0.016144519671797752,0.016144519671797752,0.001360834576189518,0.0017120587872341275,8.241158502642065e-05,10.0,1.0,10.0
650.0,0.016151048243045807,0.016151048243045807,0.001358119072392583,0.0017166511388495564,8.532061474397779e-05,10.0,1.0,10.0
651.0,0.016164172440767288,0.016164172440767288,0.0013621181715279818,0.001712864264845848,8.301273919641972e-05,10.0,1.0,10.0
652.0,0.016188595443964005,0.016188595443964005,0.001358531415462494,0.001717813778668642,8.85467161424458e-05,10.0,1.0,10.0
653.0,0.016232606023550034,0.016232606023550034,0.0013654385693371296,0.0017183029558509588,8.5991712694522e-05,10.0,1.0,10.0
654.0,0.016310755163431168,0.016310755163431168,0.0013610613532364368,0.0017256131395697594,9.745285933604464e-05,10.0,1.0,10.0
655.0,0.01644926145672798,0.01644926145672798,0.0013743771705776453,0.0017373502487316728,9.681387746240944e-05,10.0,1.0,10.0
656.0,0.016692887991666794,0.016692887991666794,0.0013709524646401405,0.0017542260466143489,0.00012291368329897523,10.0,1.0,10.0
657.0,0.017120523378252983,0.017120523378252983,0.001399475266225636,0.0017971211345866323,0.0001328648504568264,10.0,1.0,10.0
658.0,0.017853200435638428,0.017853200435638428,0.001404451671987772,0.0018464913591742516,0.00019621917454060167,10.0,1.0,10.0
659.0,0.01907103881239891,0.01907103881239891,0.0014683646149933338,0.0019690711051225662,0.0002418319636490196,10.0,1.0,10.0
660.0,0.020922502502799034,0.020922502502799034,0.0014985689194872975,0.0020971675403416157,0.0003839645069092512,10.0,1.0,10.0
661.0,0.023381158709526062,0.023381158709526062,0.0016164068365469575,0.0023442136589437723,0.000487287703435868,10.0,1.0,10.0
662.0,0.02568317949771881,0.02568317949771881,0.0016512474976480007,0.002488704863935709,0.0006681998493149877,10.0,1.0,10.0
663.0,0.02640102617442608,0.02640102617442608,0.001721048029139638,0.0026066885329782963,0.0006583858630619943,10.0,1.0,10.0
664.0,0.024105926975607872,0.024105926975607872,0.0016114998143166304,0.0023428485728800297,0.0005648080841638148,10.0,1.0,10.0
665.0,0.019969716668128967,0.019969716668128967,0.0015065619954839349,0.002079231897369027,0.0002824864350259304,10.0,1.0,10.0
666.0,0.01719643361866474,0.01719643361866474,0.0014100787229835987,0.0017489499878138304,0.00013466953532770276,10.0,1.0,10.0
667.0,0.017873765900731087,0.017873765900731087,0.0014239833690226078,0.001958300359547138,0.00016756310651544482,10.0,1.0,10.0
668.0,0.020692750811576843,0.020692750811576843,0.0015483496244996786,0.002055130898952484,0.00031541232601739466,10.0,1.0,10.0
669.0,0.022479791194200516,0.022479791194200516,0.0015709355939179659,0.0023974699433892965,0.0004372966359369457,10.0,1.0,10.0
670.0,0.02138780988752842,0.02138780988752842,0.0015819859690964222,0.0021166393999010324,0.0003451311495155096,10.0,1.0,10.0
671.0,0.01882767304778099,0.01882767304778099,0.0014672863762825727,0.002072676783427596,0.00020821308135055006,10.0,1.0,10.0
672.0,0.01778554357588291,0.01778554357588291,0.0014510893961414695,0.0017824782989919186,0.00014921704132575542,10.0,1.0,10.0
673.0,0.019002139568328857,0.019002139568328857,0.0014873766340315342,0.002041037892922759,0.0002087336324620992,10.0,1.0,10.0
674.0,0.020310942083597183,0.020310942083597183,0.0015152813866734505,0.001982967834919691,0.0003175160672981292,10.0,1.0,10.0
675.0,0.019653726369142532,0.019653726369142532,0.0015035292599350214,0.002072704955935478,0.0002545729512348771,10.0,1.0,10.0
676.0,0.017661528661847115,0.017661528661847115,0.001423891051672399,0.0017728335224092007,0.00016497836622875184,10.0,1.0,10.0
677.0,0.01659468002617359,0.01659468002617359,0.0013805946800857782,0.001792126800864935,9.966061043087393e-05,10.0,1.0,10.0
678.0,0.017169544473290443,0.017169544473290443,0.0014083113055676222,0.0017530230106785893,0.00013334078539628536,10.0,1.0,10.0
679.0,0.017904670909047127,0.017904670909047127,0.0014084530994296074,0.0018699688371270895,0.00019501714268699288,10.0,1.0,10.0
680.0,0.017468286678195,0.017468286678195,0.0014125289162620902,0.0017903988482430577,0.0001552598987473175,10.0,1.0,10.0
681.0,0.016400929540395737,0.016400929540395737,0.001364023075439036,0.0017060358077287674,0.00010546633711783215,10.0,1.0,10.0
682.0,0.01609441079199314,0.01609441079199314,0.001356609514914453,0.00169704994186759,8.312642603414133e-05,10.0,1.0,10.0
683.0,0.016747625544667244,0.016747625544667244,0.0013878680765628815,0.001723419758491218,0.0001145524438470602,10.0,1.0,10.0
684.0,0.0173029787838459,0.0173029787838459,0.0013908236287534237,0.0018292973982170224,0.00015654457092750818,10.0,1.0,10.0
685.0,0.017056463286280632,0.017056463286280632,0.0014025236014276743,0.0017470326274633408,0.0001284195459447801,10.0,1.0,10.0
686.0,0.01649831049144268,0.01649831049144268,0.0013714605011045933,0.001769817085005343,0.00010138885409105569,10.0,1.0,10.0
687.0,0.0164352897554636,0.0164352897554636,0.0013771203812211752,0.001680038869380951,9.840459824772552e-05,10.0,1.0,10.0
688.0,0.01684480719268322,0.01684480719268322,0.0013920054771006107,0.0017944006249308586,0.00011303514475002885,10.0,1.0,10.0
689.0,0.017059000208973885,0.017059000208973885,0.0013940216740593314,0.0017231598030775785,0.00013956244220025837,10.0,1.0,10.0
690.0,0.016769956797361374,0.016769956797361374,0.0013893775176256895,0.0017828596755862236,0.00010933197336271405,10.0,1.0,10.0
691.0,0.016373800113797188,0.016373800113797188,0.0013749212957918644,0.0016697701066732407,9.548176603857428e-05,10.0,1.0,10.0
692.0,0.016324182972311974,0.016324182972311974,0.0013673458015546203,0.0017393305897712708,9.11393653950654e-05,10.0,1.0,10.0
693.0,0.01653040200471878,0.01653040200471878,0.0013835392892360687,0.0016937846085056663,0.00010012257553171366,10.0,1.0,10.0
694.0,0.016586150974035263,0.016586150974035263,0.0013714747037738562,0.0017530089244246483,0.00011183942842762917,10.0,1.0,10.0
695.0,0.01636257953941822,0.01636257953941822,0.0013753860257565975,0.0016824722988530993,9.26246793824248e-05,10.0,1.0,10.0
696.0,0.01612415537238121,0.01612415537238121,0.0013590384041890502,0.0017041023820638657,8.296686428366229e-05,10.0,1.0,10.0
697.0,0.016113368794322014,0.016113368794322014,0.001360660302452743,0.0016604270786046982,8.463379344902933e-05,10.0,1.0,10.0
698.0,0.01624440588057041,0.01624440588057041,0.001366756740026176,0.001707333023659885,8.695043652551249e-05,10.0,1.0,10.0
699.0,0.01627669297158718,0.01627669297158718,0.0013626533327624202,0.0016769303474575281,9.732301259646192e-05,10.0,1.0,10.0
700.0,0.016148939728736877,0.016148939728736877,0.0013627789448946714,0.0016938436310738325,8.273065759567544e-05,10.0,1.0,10.0
701.0,0.01601834036409855,0.01601834036409855,0.0013562946114689112,0.0016600051894783974,7.95390151324682e-05,10.0,1.0,10.0
702.0,0.016020871698856354,0.016020871698856354,0.0013546602567657828,0.0016782160382717848,7.960533548612148e-05,10.0,1.0,10.0
703.0,0.01610596477985382,0.01610596477985382,0.0013622217811644077,0.0016713624354451895,8.123851148411632e-05,10.0,1.0,10.0
704.0,0.01613534614443779,0.01613534614443779,0.0013568735448643565,0.0016837783623486757,8.828318095766008e-05,10.0,1.0,10.0
705.0,0.016068316996097565,0.016068316996097565,0.0013607824221253395,0.0016673003556206822,7.931918662507087e-05,10.0,1.0,10.0
706.0,0.01598997786641121,0.01598997786641121,0.001354586216621101,0.0016685568261891603,7.755585829727352e-05,10.0,1.0,10.0
707.0,0.015984179452061653,0.015984179452061653,0.001355409505777061,0.0016564868856221437,7.735980034340173e-05,10.0,1.0,10.0
708.0,0.01603381708264351,0.01603381708264351,0.0013588875299319625,0.0016720707062631845,7.728714990662411e-05,10.0,1.0,10.0
709.0,0.016061561182141304,0.016061561182141304,0.0013565326808020473,0.0016609514132142067,8.352832082891837e-05,10.0,1.0,10.0
710.0,0.016032127663493156,0.016032127663493156,0.001358827343210578,0.0016728618647903204,7.709911733400077e-05,10.0,1.0,10.0
711.0,0.01598428748548031,0.01598428748548031,0.0013554584002122283,0.001654202351346612,7.755004480713978e-05,10.0,1.0,10.0
712.0,0.01597188040614128,0.01597188040614128,0.001354652689769864,0.0016682699788361788,7.570844900328666e-05,10.0,1.0,10.0
713.0,0.01600046269595623,0.01600046269595623,0.0013584778644144535,0.0016546334372833371,7.61050105211325e-05,10.0,1.0,10.0
714.0,0.0160320233553648,0.0160320233553648,0.001355225220322609,0.001675438485108316,8.043328125495464e-05,10.0,1.0,10.0
715.0,0.0160378348082304,0.0160378348082304,0.0013608962763100863,0.0016533620655536652,7.755104888929054e-05,10.0,1.0,10.0
716.0,0.016030875965952873,0.016030875965952873,0.001356238150037825,0.0016815377166494727,7.869570981711149e-05,10.0,1.0,10.0
717.0,0.016048112884163857,0.016048112884163857,0.0013615613570436835,0.00164563930593431,7.868595275795087e-05,10.0,1.0,10.0
718.0,0.01611419767141342,0.01611419767141342,0.0013618068769574165,0.00170088279992342,7.95246014604345e-05,10.0,1.0,10.0
719.0,0.01623227261006832,0.01623227261006832,0.0013704338343814015,0.0016495606396347284,8.783737575868145e-05,10.0,1.0,10.0
720.0,0.016409428790211678,0.016409428790211678,0.0013762162998318672,0.001748940791003406,8.983245061244816e-05,10.0,1.0,10.0
721.0,0.016692029312253,0.016692029312253,0.0013965279795229435,0.0016762292943894863,0.00010505202953936532,10.0,1.0,10.0
722.0,0.017181145027279854,0.017181145027279854,0.0014140631537884474,0.001862431992776692,0.00011780810018535703,10.0,1.0,10.0
723.0,0.018042994663119316,0.018042994663119316,0.0014717632438987494,0.0017859330400824547,0.00015394299407489598,10.0,1.0,10.0
724.0,0.019518490880727768,0.019518490880727768,0.0015310902381315827,0.0021684474777430296,0.00020391428552102298,10.0,1.0,10.0
725.0,0.02194538339972496,0.02194538339972496,0.0016809890512377024,0.00214727153070271,0.00029882209491916,10.0,1.0,10.0
726.0,0.025691330432891846,0.025691330432891846,0.0018469338538125157,0.002922007581219077,0.0004299982392694801,10.0,1.0,10.0
727.0,0.03083736263215542,0.03083736263215542,0.0021518045105040073,0.0030228826217353344,0.0006296435021795332,10.0,1.0,10.0
728.0,0.03635205328464508,0.03635205328464508,0.0023979193065315485,0.004167234059423208,0.0008205627673305571,10.0,1.0,10.0
729.0,0.039342496544122696,0.039342496544122696,0.0025986512191593647,0.003882192075252533,0.0009473794489167631,10.0,1.0,10.0
730.0,0.03607259318232536,0.03607259318232536,0.0023841599468141794,0.004113728180527687,0.0008117267279885709,10.0,1.0,10.0
731.0,0.02679302543401718,0.02679302543401718,0.0019338707206770778,0.0026225592009723186,0.0004831759142689407,10.0,1.0,10.0
732.0,0.017961937934160233,0.017961937934160233,0.001451988355256617,0.0019494775915518403,0.0001492577139288187,10.0,1.0,10.0
733.0,0.016312867403030396,0.016312867403030396,0.0013690231135115027,0.0017240890301764011,8.985467866295949e-05,10.0,1.0,10.0
734.0,0.021246425807476044,0.021246425807476044,0.0016396959545090795,0.0020862226374447346,0.0002763243392109871,10.0,1.0,10.0
735.0,0.026046276092529297,0.026046276092529297,0.0018660025671124458,0.0029336721636354923,0.0004452579014468938,10.0,1.0,10.0
736.0,0.025084875524044037,0.025084875524044037,0.0018440904095768929,0.0024568033404648304,0.0004187169251963496,10.0,1.0,10.0
737.0,0.019596178084611893,0.019596178084611893,0.0015348878223448992,0.0021588176023215055,0.00020884835976175964,10.0,1.0,10.0
738.0,0.015994781628251076,0.015994781628251076,0.0013580142986029387,0.0016344073228538036,7.802306936355308e-05,10.0,1.0,10.0
739.0,0.017598208039999008,0.017598208039999008,0.0014464869163930416,0.0017443201504647732,0.00013890191621612757,10.0,1.0,10.0
740.0,0.021041804924607277,0.021041804924607277,0.0016078818589448929,0.0023406576365232468,0.00026223293389193714,10.0,1.0,10.0
741.0,0.021386809647083282,0.021386809647083282,0.0016522102523595095,0.0020863860845565796,0.0002778320631477982,10.0,1.0,10.0
742.0,0.018339436501264572,0.018339436501264572,0.0014705330831930041,0.002001049928367138,0.00016330546350218356,10.0,1.0,10.0
743.0,0.01599348895251751,0.01599348895251751,0.0013595388736575842,0.001625256147235632,7.728438504273072e-05,10.0,1.0,10.0
744.0,0.01688012294471264,0.01688012294471264,0.0014086986193433404,0.0016727284528315067,0.00011204097245354205,10.0,1.0,10.0
745.0,0.018955310806632042,0.018955310806632042,0.0015023178420960903,0.0020797429606318474,0.00018523895414546132,10.0,1.0,10.0
746.0,0.019050603732466698,0.019050603732466698,0.0015266287373378873,0.0018592732958495617,0.00019250433251727372,10.0,1.0,10.0
747.0,0.017160173505544662,0.017160173505544662,0.0014108477625995874,0.0018472886877134442,0.00012044075992889702,10.0,1.0,10.0
748.0,0.015920376405119896,0.015920376405119896,0.0013532595476135612,0.0016325871692970395,7.551936141680926e-05,10.0,1.0,10.0
749.0,0.016647253185510635,0.016647253185510635,0.0013939945492893457,0.0016611877363175154,0.00010461204510647804,10.0,1.0,10.0
750.0,0.017834274098277092,0.017834274098277092,0.0014450944727286696,0.0019419875461608171,0.00014413413009606302,10.0,1.0,10.0
751.0,0.01766977831721306,0.01766977831721306,0.0014499067328870296,0.0017445689300075173,0.00014261415344662964,10.0,1.0,10.0
752.0,0.016478819772601128,0.016478819772601128,0.0013769163051620126,0.0017536423401907086,9.560148464515805e-05,10.0,1.0,10.0
753.0,0.015903005376458168,0.015903005376458168,0.0013513658195734024,0.0016436200821772218,7.457263563992456e-05,10.0,1.0,10.0
754.0,0.01647189073264599,0.01647189073264599,0.0013846937799826264,0.0016503200167790055,9.746335126692429e-05,10.0,1.0,10.0
755.0,0.01711493730545044,0.01711493730545044,0.001409773132763803,0.0018426293972879648,0.00011745770461857319,10.0,1.0,10.0
756.0,0.016878636553883553,0.016878636553883553,0.001408400828950107,0.0016771431546658278,0.00011174850806128234,10.0,1.0,10.0
757.0,0.016152745112776756,0.016152745112776756,0.0013626355212181807,0.0016946871764957905,8.317035099025816e-05,10.0,1.0,10.0
758.0,0.015903228893876076,0.015903228893876076,0.0013525657122954726,0.0016412087716162205,7.36362999305129e-05,10.0,1.0,10.0
759.0,0.01629657670855522,0.01629657670855522,0.0013769608922302723,0.001632800092920661,8.941680425778031e-05,10.0,1.0,10.0
760.0,0.016639748588204384,0.016639748588204384,0.001386948162689805,0.001769712194800377,0.00010005547665059566,10.0,1.0,10.0
761.0,0.0164436474442482,0.0164436474442482,0.0013858152087777853,0.0016411201795563102,9.443751332582906e-05,10.0,1.0,10.0
762.0,0.01601085625588894,0.01601085625588894,0.0013567490968853235,0.001666514785028994,7.768510840833187e-05,10.0,1.0,10.0
763.0,0.015893273055553436,0.015893273055553436,0.0013523754896596074,0.0016385521739721298,7.309670036192983e-05,10.0,1.0,10.0
764.0,0.01613961160182953,0.01613961160182953,0.0013683673460036516,0.001622987911105156,8.329509000759572e-05,10.0,1.0,10.0
765.0,0.016333578154444695,0.016333578154444695,0.0013718741247430444,0.0017249876400455832,8.898494706954807e-05,10.0,1.0,10.0
766.0,0.016208752989768982,0.016208752989768982,0.001372440834529698,0.0016277817776426673,8.565638563595712e-05,10.0,1.0,10.0
767.0,0.015950199216604233,0.015950199216604233,0.0013538447674363852,0.0016569964354857802,7.547548011643812e-05,10.0,1.0,10.0
768.0,0.0158751979470253,0.0158751979470253,0.0013514464953914285,0.0016355091938748956,7.252237992361188e-05,10.0,1.0,10.0
769.0,0.01601630076766014,0.01601630076766014,0.0013614671770483255,0.0016181612154468894,7.834688585717231e-05,10.0,1.0,10.0
770.0,0.016138676553964615,0.016138676553964615,0.0013628714950755239,0.0016916226595640182,8.183395402738824e-05,10.0,1.0,10.0
771.0,0.016078030690550804,0.016078030690550804,0.0013656907249242067,0.0016184591222554445,8.026645809877664e-05,10.0,1.0,10.0
772.0,0.0159230288118124,0.0159230288118124,0.0013535157777369022,0.00164794793818146,7.399228343274444e-05,10.0,1.0,10.0
773.0,0.01585868000984192,0.01585868000984192,0.0013518371852114797,0.001625578268431127,7.147303404053673e-05,10.0,1.0,10.0
774.0,0.015928208827972412,0.015928208827972412,0.001357305678538978,0.0016128448769450188,7.423062925226986e-05,10.0,1.0,10.0
775.0,0.01601148210465908,0.01601148210465908,0.0013578475918620825,0.0016651873011142015,7.678191468585283e-05,10.0,1.0,10.0
776.0,0.015997234731912613,0.015997234731912613,0.0013618858065456152,0.001612494233995676,7.658831600565463e-05,10.0,1.0,10.0
777.0,0.015908755362033844,0.015908755362033844,0.0013535518664866686,0.0016433981945738196,7.298402488231659e-05,10.0,1.0,10.0
778.0,0.01584983617067337,0.01584983617067337,0.0013522508088499308,0.0016189208254218102,7.084080425556749e-05,10.0,1.0,10.0
779.0,0.015871256589889526,0.015871256589889526,0.0013540750369429588,0.0016136070480570197,7.168991578510031e-05,10.0,1.0,10.0
780.0,0.01592523418366909,0.01592523418366909,0.0013542510569095612,0.0016484246589243412,7.342998287640512e-05,10.0,1.0,10.0
781.0,0.01593826711177826,0.01593826711177826,0.001358499750494957,0.0016110583674162626,7.422101771226153e-05,10.0,1.0,10.0
782.0,0.015896590426564217,0.015896590426564217,0.0013530902797356248,0.0016420752508565784,7.23612611182034e-05,10.0,1.0,10.0
783.0,0.015848616138100624,0.015848616138100624,0.0013525830581784248,0.0016148003051057458,7.07985382177867e-05,10.0,1.0,10.0
784.0,0.015840236097574234,0.015840236097574234,0.0013519518543034792,0.0016166686546057463,7.040500349830836e-05,10.0,1.0,10.0
785.0,0.015866827219724655,0.015866827219724655,0.0013519409112632275,0.0016347115160897374,7.127068965928629e-05,10.0,1.0,10.0
786.0,0.015888798981904984,0.015888798981904984,0.0013556338381022215,0.0016097722109407187,7.226871093735099e-05,10.0,1.0,10.0
787.0,0.015879429876804352,0.015879429876804352,0.0013525120448321104,0.0016382699832320213,7.160394306993112e-05,10.0,1.0,10.0
788.0,0.015849635004997253,0.015849635004997253,0.001353154657408595,0.0016108216950669885,7.072659354889765e-05,10.0,1.0,10.0
789.0,0.015828844159841537,0.015828844159841537,0.0013511884026229382,0.0016196861397475004,6.972735718591139e-05,10.0,1.0,10.0
790.0,0.01583191007375717,0.01583191007375717,0.0013510764110833406,0.0016226128209382296,6.985334766795859e-05,10.0,1.0,10.0
791.0,0.015847478061914444,0.015847478061914444,0.0013533723540604115,0.0016091878060251474,7.045670645311475e-05,10.0,1.0,10.0
792.0,0.01585458405315876,0.01585458405315876,0.0013517929473891854,0.0016316786641255021,7.049753185128793e-05,10.0,1.0,10.0
793.0,0.015844760462641716,0.015844760462641716,0.001353298663161695,0.0016083302907645702,7.034432201180607e-05,10.0,1.0,10.0
794.0,0.01582740619778633,0.01582740619778633,0.0013510148273780942,0.0016227617161348462,6.944959750398993e-05,10.0,1.0,10.0
795.0,0.015817072242498398,0.015817072242498398,0.0013510501012206078,0.0016143147367984056,6.922567990841344e-05,10.0,1.0,10.0
796.0,0.015819108113646507,0.015819108113646507,0.0013515643076971173,0.0016111822333186865,6.922830652911216e-05,10.0,1.0,10.0
797.0,0.015826651826500893,0.015826651826500893,0.0013508733827620745,0.0016234712675213814,6.944480264792219e-05,10.0,1.0,10.0
798.0,0.015829401090741158,0.015829401090741158,0.001352522405795753,0.0016072052530944347,6.969726382521912e-05,10.0,1.0,10.0
799.0,0.01582353189587593,0.01582353189587593,0.0013507946860045195,0.0016229090979322791,6.926755304448307e-05,10.0,1.0,10.0
800.0,0.015813466161489487,0.015813466161489487,0.001351356040686369,0.001608793856576085,6.911129457876086e-05,10.0,1.0,10.0
801.0,0.015806449577212334,0.015806449577212334,0.0013505510287359357,0.0016140126390382648,6.869273784104735e-05,10.0,1.0,10.0
802.0,0.015805702656507492,0.015805702656507492,0.0013503534719347954,0.001614828361198306,6.873389065731317e-05,10.0,1.0,10.0
803.0,0.015808653086423874,0.015808653086423874,0.0013512459117919207,0.001607509795576334,6.886849587317556e-05,10.0,1.0,10.0
804.0,0.01581031270325184,0.01581031270325184,0.0013503273949027061,0.0016190744936466217,6.879640568513423e-05,10.0,1.0,10.0
805.0,0.015807751566171646,0.015807751566171646,0.0013513077283278108,0.001606027944944799,6.886476330691949e-05,10.0,1.0,10.0
806.0,0.015802090987563133,0.015802090987563133,0.0013501561479642987,0.001615996239706874,6.845327880000696e-05,10.0,1.0,10.0
807.0,0.015796583145856857,0.015796583145856857,0.0013504365924745798,0.001608348567970097,6.838684203103185e-05,10.0,1.0,10.0
808.0,0.0157938152551651,0.0157938152551651,0.0013502405490726233,0.0016095852479338646,6.818247493356466e-05,10.0,1.0,10.0
809.0,0.015793753787875175,0.015793753787875175,0.0013499587075784802,0.001612523919902742,6.81642850395292e-05,10.0,1.0,10.0
810.0,0.015794431790709496,0.015794431790709496,0.001350651727989316,0.0016054355073720217,6.824799493188038e-05,10.0,1.0,10.0
811.0,0.01579372026026249,0.01579372026026249,0.0013498782645910978,0.001614148379303515,6.807886529713869e-05,10.0,1.0,10.0
812.0,0.015790993347764015,0.015790993347764015,0.0013505190145224333,0.0016045882366597652,6.81213423376903e-05,10.0,1.0,10.0
813.0,0.015787187963724136,0.015787187963724136,0.0013497555628418922,0.0016112816520035267,6.78352007525973e-05,10.0,1.0,10.0
814.0,0.015783781185746193,0.015783781185746193,0.001349946716800332,0.0016062833601608872,6.780309922760352e-05,10.0,1.0,10.0
815.0,0.015781719237565994,0.015781719237565994,0.00134980957955122,0.0016067930264398456,6.768305320292711e-05,10.0,1.0,10.0
816.0,0.0157808568328619,0.0157808568328619,0.001349572092294693,0.0016088982811197639,6.76237978041172e-05,10.0,1.0,10.0
817.0,0.015780294314026833,0.015780294314026833,0.0013499768683686852,0.001603769022040069,6.767570448573679e-05,10.0,1.0,10.0
818.0,0.01577921025454998,0.01577921025454998,0.0013494112063199282,0.0016098677879199386,6.752313493052498e-05,10.0,1.0,10.0
819.0,0.0157772284001112,0.0157772284001112,0.001349867321550846,0.0016029173275455832,6.756383663741872e-05,10.0,1.0,10.0
820.0,0.015774622559547424,0.015774622559547424,0.0013492873404175043,0.001608150778338313,6.735992064932361e-05,10.0,1.0,10.0
821.0,0.01577203907072544,0.01577203907072544,0.0013494988670572639,0.0016037849709391594,6.732656038366258e-05,10.0,1.0,10.0
822.0,0.015769900754094124,0.015769900754094124,0.0013492665020748973,0.001605125260539353,6.721105455653742e-05,10.0,1.0,10.0
823.0,0.01576835662126541,0.01576835662126541,0.0013491788413375616,0.0016053064027801156,6.712610775139183e-05,10.0,1.0,10.0
824.0,0.01576717384159565,0.01576717384159565,0.0013493450824171305,0.0016025075456127524,6.712159665767103e-05,10.0,1.0,10.0
825.0,0.015765955671668053,0.015765955671668053,0.0013490035198628902,0.0016060181660577655,6.69903020025231e-05,10.0,1.0,10.0
826.0,0.015764502808451653,0.015764502808451653,0.0013493397273123264,0.0016010641120374203,6.700416997773573e-05,10.0,1.0,10.0
827.0,0.015762675553560257,0.015762675553560257,0.0013488982804119587,0.001605188474059105,6.685033440589905e-05,10.0,1.0,10.0
828.0,0.015760626643896103,0.015760626643896103,0.0013491606805473566,0.0016008381498977542,6.681817467324436e-05,10.0,1.0,10.0
829.0,0.015758590772747993,0.015758590772747993,0.0013488319236785173,0.0016032643616199493,6.67007188894786e-05,10.0,1.0,10.0
830.0,0.01575668528676033,0.01575668528676033,0.0013489044504240155,0.0016013780841603875,6.662630767095834e-05,10.0,1.0,10.0
831.0,0.01575505919754505,0.01575505919754505,0.0013488183030858636,0.0016011240659281611,6.657513586105779e-05,10.0,1.0,10.0
832.0,0.01575361005961895,0.01575361005961895,0.0013486887328326702,0.0016019402537494898,6.647830014117062e-05,10.0,1.0,10.0
833.0,0.01575218141078949,0.01575218141078949,0.0013488107360899448,0.001599448500201106,6.6462489485275e-05,10.0,1.0,10.0
834.0,0.015750708058476448,0.015750708058476448,0.001348521327599883,0.0016019411850720644,6.635530735366046e-05,10.0,1.0,10.0
835.0,0.015749139711260796,0.015749139711260796,0.001348735298961401,0.001598498085513711,6.632885924773291e-05,10.0,1.0,10.0
836.0,0.015747467055916786,0.015747467055916786,0.0013484021183103323,0.0016011777333915234,6.622675573453307e-05,10.0,1.0,10.0
837.0,0.015745731070637703,0.015745731070637703,0.0013485882664099336,0.0015981296310201287,6.617185863433406e-05,10.0,1.0,10.0
838.0,0.015743963420391083,0.015743963420391083,0.001348325633443892,0.0015998203307390213,6.608870171476156e-05,10.0,1.0,10.0
839.0,0.01574227213859558,0.01574227213859558,0.001348408404737711,0.0015980694442987442,6.601188943022862e-05,10.0,1.0,10.0
840.0,0.01574060134589672,0.01574060134589672,0.0013482847716659307,0.0015982703771442175,6.594826118089259e-05,10.0,1.0,10.0
841.0,0.01573905348777771,0.01573905348777771,0.0013482370413839817,0.001598043367266655,6.586405652342364e-05,10.0,1.0,10.0
842.0,0.015737509354948997,0.015737509354948997,0.0013482557842507958,0.0015968600055202842,6.580926856258884e-05,10.0,1.0,10.0
843.0,0.015736019238829613,0.015736019238829613,0.0013480931520462036,0.0015978204319253564,6.572670099558309e-05,10.0,1.0,10.0
844.0,0.015734536573290825,0.015734536573290825,0.0013482089852914214,0.0015957363648340106,6.567105447174981e-05,10.0,1.0,10.0
845.0,0.015732979401946068,0.015732979401946068,0.0013479761546477675,0.0015972970286384225,6.559201574418694e-05,10.0,1.0,10.0
846.0,0.015731429681181908,0.015731429681181908,0.0013481185305863619,0.0015949264634400606,6.553193088620901e-05,10.0,1.0,10.0
847.0,0.01572982780635357,0.01572982780635357,0.0013478770852088928,0.0015965107595548034,6.545473297592252e-05,10.0,1.0,10.0
848.0,0.015728265047073364,0.015728265047073364,0.0013479976914823055,0.0015943662729114294,6.53920869808644e-05,10.0,1.0,10.0
849.0,0.015726670622825623,0.015726670622825623,0.001347796875052154,0.0015955455601215363,6.531561666633934e-05,10.0,1.0,10.0
850.0,0.01572505012154579,0.01572505012154579,0.001347857527434826,0.0015939341392368078,6.525404751300812e-05,10.0,1.0,10.0
851.0,0.01572347804903984,0.01572347804903984,0.0013477210886776447,0.0015944852493703365,6.517815199913457e-05,10.0,1.0,10.0
852.0,0.015721939504146576,0.015721939504146576,0.001347723649814725,0.0015935234259814024,6.511805258924142e-05,10.0,1.0,10.0
853.0,0.015720399096608162,0.015720399096608162,0.0013476550811901689,0.001593416091054678,6.504317570943385e-05,10.0,1.0,10.0
854.0,0.01571887545287609,0.01571887545287609,0.0013475969899445772,0.0015930812805891037,6.498247239505872e-05,10.0,1.0,10.0
855.0,0.015717344358563423,0.015717344358563423,0.0013475834857672453,0.0015924046747386456,6.491046224255115e-05,10.0,1.0,10.0
856.0,0.015715857967734337,0.015715857967734337,0.0013474817387759686,0.0015925721963867545,6.484695768449455e-05,10.0,1.0,10.0
857.0,0.015714365988969803,0.015714365988969803,0.001347511075437069,0.0015914582181721926,6.477980059571564e-05,10.0,1.0,10.0
858.0,0.015712862834334373,0.015712862834334373,0.0013473756844177842,0.0015919924480840564,6.471133383456618e-05,10.0,1.0,10.0
859.0,0.015711387619376183,0.015711387619376183,0.0013474307488650084,0.0015905762556940317,6.465032492997125e-05,10.0,1.0,10.0
860.0,0.015709903091192245,0.015709903091192245,0.0013472780119627714,0.0015913645038381219,6.457573908846825e-05,10.0,1.0,10.0
861.0,0.01570839434862137,0.01570839434862137,0.001347344252280891,0.001589741325005889,6.452095840359107e-05,10.0,1.0,10.0
862.0,0.015706928446888924,0.015706928446888924,0.001347180805169046,0.0015907000051811337,6.444206519518048e-05,10.0,1.0,10.0
863.0,0.015705451369285583,0.015705451369285583,0.0013472599675878882,0.0015889265341684222,6.439245044020936e-05,10.0,1.0,10.0
864.0,0.01570398360490799,0.01570398360490799,0.0013470851117745042,0.0015900239814072847,6.431082147173584e-05,10.0,1.0,10.0
865.0,0.015702499076724052,0.015702499076724052,0.0013471738202497363,0.0015881139552220702,6.426464824471623e-05,10.0,1.0,10.0
866.0,0.015701068565249443,0.015701068565249443,0.0013469877885654569,0.0015893662348389626,6.418242264771834e-05,10.0,1.0,10.0
867.0,0.01569962687790394,0.01569962687790394,0.001347097335383296,0.0015872762305662036,6.413773371605203e-05,10.0,1.0,10.0
868.0,0.015698153525590897,0.015698153525590897,0.0013468851102516055,0.0015887442277744412,6.405577005352825e-05,10.0,1.0,10.0
869.0,0.015696724876761436,0.015696724876761436,0.0013470218982547522,0.0015863791340962052,6.401266000466421e-05,10.0,1.0,10.0
870.0,0.01569533348083496,0.01569533348083496,0.0013467826647683978,0.0015881903236731887,6.393172225216404e-05,10.0,1.0,10.0
871.0,0.015693942084908485,0.015693942084908485,0.0013469631085172296,0.0015854021767154336,6.389094050973654e-05,10.0,1.0,10.0
872.0,0.015692587941884995,0.015692587941884995,0.0013466725358739495,0.0015877597033977509,6.381029379554093e-05,10.0,1.0,10.0
873.0,0.01569128967821598,0.01569128967821598,0.0013469227124005556,0.0015843091532588005,6.377544195856899e-05,10.0,1.0,10.0
874.0,0.015690067782998085,0.015690067782998085,0.0013465587981045246,0.001587528851814568,6.369504990288988e-05,10.0,1.0,10.0
875.0,0.015688961371779442,0.015688961371779442,0.0013469200348481536,0.0015830298652872443,6.367312016664073e-05,10.0,1.0,10.0
876.0,0.015687979757785797,0.015687979757785797,0.0013464423827826977,0.0015876145334914327,6.359408143907785e-05,10.0,1.0,10.0
877.0,0.01568724773824215,0.01568724773824215,0.0013469801051542163,0.0015814623329788446,6.359845428960398e-05,10.0,1.0,10.0
878.0,0.015686940401792526,0.015686940401792526,0.001346341334283352,0.00158824457321316,6.352819036692381e-05,10.0,1.0,10.0
879.0,0.01568719372153282,0.01568719372153282,0.001347181387245655,0.0015795000363141298,6.358792597893625e-05,10.0,1.0,10.0
880.0,0.015688439831137657,0.015688439831137657,0.0013463024515658617,0.0015898937126621604,6.355223740683869e-05,10.0,1.0,10.0
881.0,0.015691252425312996,0.015691252425312996,0.0013476849999278784,0.0015770288882777095,6.373720680130646e-05,10.0,1.0,10.0
882.0,0.015696624293923378,0.015696624293923378,0.0013464931398630142,0.0015935333212837577,6.381593993864954e-05,10.0,1.0,10.0
883.0,0.01570630818605423,0.01570630818605423,0.0013489145785570145,0.0015741039533168077,6.430580106098205e-05,10.0,1.0,10.0
884.0,0.01572318933904171,0.01572318933904171,0.0013474362203851342,0.0016013641143217683,6.474635301856324e-05,10.0,1.0,10.0
885.0,0.015752369537949562,0.015752369537949562,0.0013520282227545977,0.0015716624911874533,6.604244845220819e-05,10.0,1.0,10.0
886.0,0.01580265909433365,0.01580265909433365,0.0013507693074643612,0.0016188465524464846,6.761192344129086e-05,10.0,1.0,10.0
887.0,0.015889709815382957,0.015889709815382957,0.0013603784609586,0.0015739989466965199,7.119274232536554e-05,10.0,1.0,10.0
888.0,0.016040975227952003,0.016040975227952003,0.0013617175864055753,0.001660626265220344,7.631725748069584e-05,10.0,1.0,10.0
889.0,0.01630554348230362,0.01630554348230362,0.0013840949395671487,0.001597393536940217,8.67201597429812e-05,10.0,1.0,10.0
890.0,0.01676993817090988,0.01676993817090988,0.00139702670276165,0.001768510090187192,0.00010311602090951055,10.0,1.0,10.0
891.0,0.017585603520274162,0.017585603520274162,0.0014543435536324978,0.0016984641551971436,0.0001343702315352857,10.0,1.0,10.0
892.0,0.019007787108421326,0.019007787108421326,0.0015088192885741591,0.002063020830973983,0.0001856572343967855,10.0,1.0,10.0
893.0,0.0214385986328125,0.0214385986328125,0.0016610497841611505,0.002052641473710537,0.0002775460307020694,10.0,1.0,10.0
894.0,0.02540823072195053,0.02540823072195053,0.0018342663533985615,0.002844600472599268,0.00042209678213112056,10.0,1.0,10.0
895.0,0.031333521008491516,0.031333521008491516,0.0021851612254977226,0.003032244509086013,0.0006449665524996817,10.0,1.0,10.0
896.0,0.038685210049152374,0.038685210049152374,0.002516043372452259,0.004396399948745966,0.0009128378587774932,10.0,1.0,10.0
897.0,0.044653989374637604,0.044653989374637604,0.002885919762775302,0.0043961298651993275,0.0011398664209991693,10.0,1.0,10.0
898.0,0.044040560722351074,0.044040560722351074,0.0027935300022363663,0.004995559807866812,0.0011109700426459312,10.0,1.0,10.0
899.0,0.03419474512338638,0.03419474512338638,0.0023327493108808994,0.00332837225869298,0.0007538881036452949,10.0,1.0,10.0
900.0,0.02119765244424343,0.02119765244424343,0.001619882881641388,0.0023090499453246593,0.00026897736825048923,10.0,1.0,10.0
901.0,0.01573065109550953,0.01573065109550953,0.0013439881149679422,0.0015805093571543694,7.10261519998312e-05,10.0,1.0,10.0
902.0,0.02054877020418644,0.02054877020418644,0.0016080507775768638,0.0019827764481306076,0.000248548632953316,10.0,1.0,10.0
903.0,0.02777426689863205,0.02777426689863205,0.0019523954251781106,0.003095271997153759,0.000515504099894315,10.0,1.0,10.0
904.0,0.028135035187005997,0.028135035187005997,0.002012919867411256,0.002727653132751584,0.0005278183380141854,10.0,1.0,10.0
905.0,0.021320592612028122,0.021320592612028122,0.0016252738423645496,0.0023274666164070368,0.00027403884450905025,10.0,1.0,10.0
906.0,0.015954788774251938,0.015954788774251938,0.0013600947568193078,0.0015674077440053225,7.864339568186551e-05,10.0,1.0,10.0
907.0,0.017729008570313454,0.017729008570313454,0.0014600062277168036,0.0017123338766396046,0.00014166117762215436,10.0,1.0,10.0
908.0,0.022336941212415695,0.022336941212415695,0.0016706760507076979,0.0024520638398826122,0.00031781167490407825,10.0,1.0,10.0
909.0,0.022570775821805,0.022570775821805,0.0017226994968950748,0.002158578485250473,0.00031852032407186925,10.0,1.0,10.0
910.0,0.018308501690626144,0.018308501690626144,0.0014718532329425216,0.001955833053216338,0.0001634136715438217,10.0,1.0,10.0
911.0,0.015701932832598686,0.015701932832598686,0.0013467383105307817,0.001557223848067224,6.773266068194062e-05,10.0,1.0,10.0
912.0,0.017612483352422714,0.017612483352422714,0.0014551165513694286,0.001685743685811758,0.00013755739200860262,10.0,1.0,10.0
913.0,0.020088840276002884,0.020088840276002884,0.0015570983523502946,0.0021784089040011168,0.00023394495656248182,10.0,1.0,10.0
914.0,0.01911018416285515,0.01911018416285515,0.001535566058009863,0.0018168688984587789,0.0001937653578352183,10.0,1.0,10.0
915.0,0.01636936143040657,0.01636936143040657,0.0013753515668213367,0.0016967625124379992,9.190839773509651e-05,10.0,1.0,10.0
916.0,0.015860540792346,0.015860540792346,0.0013505065580829978,0.0016148460563272238,7.406294753309339e-05,10.0,1.0,10.0
917.0,0.01763092912733555,0.01763092912733555,0.0014532855711877346,0.0016920205671340227,0.00014060537796467543,10.0,1.0,10.0
918.0,0.018414990976452827,0.018414990976452827,0.0014734102878719568,0.001976976403966546,0.0001703913148958236,10.0,1.0,10.0
919.0,0.017013439908623695,0.017013439908623695,0.0014196718111634254,0.0016418257728219032,0.00011748955148505047,10.0,1.0,10.0
920.0,0.01570107601583004,0.01570107601583004,0.0013439350295811892,0.0015859731938689947,6.757531082257628e-05,10.0,1.0,10.0
921.0,0.01621774397790432,0.01621774397790432,0.0013676771195605397,0.0016780885634943843,8.628844807390124e-05,10.0,1.0,10.0
922.0,0.017287127673625946,0.017287127673625946,0.0014355540042743087,0.0016634956700727344,0.00012680934742093086,10.0,1.0,10.0
923.0,0.017074817791581154,0.017074817791581154,0.001409140881150961,0.0017953981878235936,0.0001188010792247951,10.0,1.0,10.0
924.0,0.01600281521677971,0.01600281521677971,0.0013662170385941863,0.00156398955732584,7.766550697851926e-05,10.0,1.0,10.0
925.0,0.01570340059697628,0.01570340059697628,0.0013487881515175104,0.0015502666356042027,6.652531010331586e-05,10.0,1.0,10.0
926.0,0.016364583745598793,0.016364583745598793,0.0013767614727839828,0.0016915573505684733,9.054112160811201e-05,10.0,1.0,10.0
927.0,0.01672981306910515,0.01672981306910515,0.0014080097898840904,0.0016088803531602025,0.00010408354864921421,10.0,1.0,10.0
928.0,0.01622820273041725,0.01622820273041725,0.0013699415139853954,0.0016697110841050744,8.59075880725868e-05,10.0,1.0,10.0
929.0,0.015681598335504532,0.015681598335504532,0.0013483443763107061,0.0015504902694374323,6.47663910058327e-05,10.0,1.0,10.0
930.0,0.015830107033252716,0.015830107033252716,0.001357479253783822,0.0015489606885239482,7.063550583552569e-05,10.0,1.0,10.0
931.0,0.01626185141503811,0.01626185141503811,0.0013718744739890099,0.0016781232552602887,8.649827941553667e-05,10.0,1.0,10.0
932.0,0.016236942261457443,0.016236942261457443,0.0013806858332827687,0.001572193345054984,8.578907727496698e-05,10.0,1.0,10.0
933.0,0.015825072303414345,0.015825072303414345,0.0013513067970052361,0.0016079558990895748,7.040476339170709e-05,10.0,1.0,10.0
934.0,0.015646854415535927,0.015646854415535927,0.0013444086071103811,0.0015648389235138893,6.379296246450394e-05,10.0,1.0,10.0
935.0,0.015871955081820488,0.015871955081820488,0.0013598273508250713,0.0015531668905168772,7.205148722277954e-05,10.0,1.0,10.0
936.0,0.01606413535773754,0.01606413535773754,0.0013622504193335772,0.0016493157017976046,7.92315840953961e-05,10.0,1.0,10.0
937.0,0.01592189259827137,0.01592189259827137,0.0013631288893520832,0.0015534620033577085,7.37141672288999e-05,10.0,1.0,10.0
938.0,0.01567935384809971,0.01567935384809971,0.0013459593756124377,0.0015753491315990686,6.444117025239393e-05,10.0,1.0,10.0
939.0,0.01566924899816513,0.01566924899816513,0.0013455298030748963,0.0015703558456152678,6.435952673200518e-05,10.0,1.0,10.0
940.0,0.015836071223020554,0.015836071223020554,0.0013590448070317507,0.0015479905996471643,6.976340955588967e-05,10.0,1.0,10.0
941.0,0.01589071750640869,0.01589071750640869,0.0013551798183470964,0.0016149013536050916,7.240186823764816e-05,10.0,1.0,10.0
942.0,0.015757860615849495,0.015757860615849495,0.001354701234959066,0.0015440837014466524,6.667638081125915e-05,10.0,1.0,10.0
943.0,0.015637382864952087,0.015637382864952087,0.0013456417946144938,0.00155888800509274,6.220774230314419e-05,10.0,1.0,10.0
944.0,0.015675077214837074,0.015675077214837074,0.0013463832437992096,0.0015705861151218414,6.40657963231206e-05,10.0,1.0,10.0
945.0,0.01577443815767765,0.01577443815767765,0.0013560035731643438,0.0015452738152816892,6.691286398563534e-05,10.0,1.0,10.0
946.0,0.0157756507396698,0.0157756507396698,0.0013503155205398798,0.0015936980489641428,6.787976599298418e-05,10.0,1.0,10.0
947.0,0.01568276807665825,0.01568276807665825,0.0013501589419320226,0.0015450823120772839,6.360977567965165e-05,10.0,1.0,10.0
948.0,0.015625707805156708,0.015625707805156708,0.0013453494757413864,0.0015547863440588117,6.174265581648797e-05,10.0,1.0,10.0
949.0,0.015662578865885735,0.015662578865885735,0.001345867640338838,0.001570681226439774,6.332211341941729e-05,10.0,1.0,10.0
950.0,0.01571756973862648,0.01571756973862648,0.0013523779343813658,0.0015448560006916523,6.489336374215782e-05,10.0,1.0,10.0
951.0,0.01570688933134079,0.01570688933134079,0.0013474004808813334,0.001581460004672408,6.51424124953337e-05,10.0,1.0,10.0
952.0,0.01564890332520008,0.01564890332520008,0.0013479019980877638,0.0015463357558473945,6.235465843928978e-05,10.0,1.0,10.0
953.0,0.015619813464581966,0.015619813464581966,0.00134516810066998,0.001552548841573298,6.155841401778162e-05,10.0,1.0,10.0
954.0,0.01564454287290573,0.01564454287290573,0.0013454265426844358,0.0015667225234210491,6.235540058696643e-05,10.0,1.0,10.0
955.0,0.015675270929932594,0.015675270929932594,0.0013499073684215546,0.0015432598302140832,6.329368625301868e-05,10.0,1.0,10.0
956.0,0.01566654071211815,0.01566654071211815,0.0013461867347359657,0.0015724326949566603,6.322406989056617e-05,10.0,1.0,10.0
957.0,0.01563146337866783,0.01563146337866783,0.0013470270205289125,0.0015454752137884498,6.157195457490161e-05,10.0,1.0,10.0
958.0,0.015613604336977005,0.015613604336977005,0.0013451873091980815,0.0015512802638113499,6.10450078966096e-05,10.0,1.0,10.0
959.0,0.015627143904566765,0.015627143904566765,0.0013451178092509508,0.0015613252762705088,6.14640666753985e-05,10.0,1.0,10.0
960.0,0.015645544975996017,0.015645544975996017,0.0013482081703841686,0.0015429385239258409,6.20523642282933e-05,10.0,1.0,10.0
961.0,0.015641866251826286,0.015641866251826286,0.0013454996515065432,0.001566621009260416,6.202490476425737e-05,10.0,1.0,10.0
962.0,0.01562110148370266,0.01562110148370266,0.0013464350486174226,0.0015450459904968739,6.117056182119995e-05,10.0,1.0,10.0
963.0,0.015607734210789204,0.015607734210789204,0.0013449277030304074,0.0015518070431426167,6.066504283808172e-05,10.0,1.0,10.0
964.0,0.01561291515827179,0.01561291515827179,0.0013446466764435172,0.0015564567875117064,6.0999162087682635e-05,10.0,1.0,10.0
965.0,0.015624099411070347,0.015624099411070347,0.0013468163087964058,0.0015436055837199092,6.123309140093625e-05,10.0,1.0,10.0
966.0,0.01562447939068079,0.01562447939068079,0.0013448211830109358,0.001561707933433354,6.145594670670107e-05,10.0,1.0,10.0
967.0,0.015613051131367683,0.015613051131367683,0.001345955766737461,0.0015444032615050673,6.090907481848262e-05,10.0,1.0,10.0
968.0,0.01560258585959673,0.01560258585959673,0.0013445281656458974,0.0015518933068960905,6.05410969001241e-05,10.0,1.0,10.0
969.0,0.015602357685565948,0.015602357685565948,0.0013443531934171915,0.0015521604800596833,6.0666498029604554e-05,10.0,1.0,10.0
970.0,0.01560845598578453,0.01560845598578453,0.0013457522727549076,0.0015442159492522478,6.067172944312915e-05,10.0,1.0,10.0
971.0,0.015610859729349613,0.015610859729349613,0.0013443080242723227,0.0015574302524328232,6.103491614339873e-05,10.0,1.0,10.0
972.0,0.015605614520609379,0.015605614520609379,0.0013456058222800493,0.0015439012786373496,6.0565598687389866e-05,10.0,1.0,10.0
973.0,0.015597931109368801,0.015597931109368801,0.0013441727496683598,0.001551728113554418,6.0447553551057354e-05,10.0,1.0,10.0
974.0,0.015594695694744587,0.015594695694744587,0.0013443282805383205,0.0015489996876567602,6.024129470461048e-05,10.0,1.0,10.0
975.0,0.015596695244312286,0.015596695244312286,0.001344932708889246,0.0015447433106601238,6.0262555052759126e-05,10.0,1.0,10.0
976.0,0.01559915579855442,0.01559915579855442,0.0013440517941489816,0.0015538233565166593,6.048152863513678e-05,10.0,1.0,10.0
977.0,0.01559780165553093,0.01559780165553093,0.001345223281532526,0.0015430750790983438,6.024941467330791e-05,10.0,1.0,10.0
978.0,0.015593230724334717,0.015593230724334717,0.001343955984339118,0.001551205525174737,6.024650429026224e-05,10.0,1.0,10.0
979.0,0.0155891552567482,0.0155891552567482,0.001344344113022089,0.0015460681170225143,5.996464460622519e-05,10.0,1.0,10.0
980.0,0.015588176436722279,0.015588176436722279,0.001344283577054739,0.001545347273349762,5.999935092404485e-05,10.0,1.0,10.0
981.0,0.01558923814445734,0.01558923814445734,0.0013438479509204626,0.001550378743559122,6.003798625897616e-05,10.0,1.0,10.0
982.0,0.01558956503868103,0.01558956503868103,0.0013446686789393425,0.0015425932360813022,6.002849113428965e-05,10.0,1.0,10.0
983.0,0.015587620437145233,0.015587620437145233,0.0013437140733003616,0.001550433225929737,6.0004684200976044e-05,10.0,1.0,10.0
984.0,0.01558440737426281,0.01558440737426281,0.0013441925402730703,0.0015438100090250373,5.986721225781366e-05,10.0,1.0,10.0
985.0,0.015582025982439518,0.015582025982439518,0.0013437788002192974,0.0015464870957657695,5.977507316856645e-05,10.0,1.0,10.0
986.0,0.015581254847347736,0.015581254847347736,0.0013436159351840615,0.0015471568331122398,5.9793892432935536e-05,10.0,1.0,10.0
987.0,0.015581339597702026,0.015581339597702026,0.0013440876500681043,0.0015431937063112855,5.972691360511817e-05,10.0,1.0,10.0
988.0,0.015580880455672741,0.015580880455672741,0.0013434215215966105,0.0015487691853195429,5.9789639635710046e-05,10.0,1.0,10.0
989.0,0.01557923574000597,0.01557923574000597,0.0013440086040645838,0.0015426508616656065,5.964989759377204e-05,10.0,1.0,10.0
990.0,0.015577001497149467,0.015577001497149467,0.0013434162829071283,0.0015468006022274494,5.96038626099471e-05,10.0,1.0,10.0
991.0,0.015575241297483444,0.015575241297483444,0.0013435694854706526,0.0015443253796547651,5.95220408285968e-05,10.0,1.0,10.0
992.0,0.01557429600507021,0.01557429600507021,0.0013436233857646585,0.0015436260728165507,5.944358417764306e-05,10.0,1.0,10.0
993.0,0.015573806129395962,0.015573806129395962,0.0013432782143354416,0.0015461245784536004,5.948991747573018e-05,10.0,1.0,10.0
994.0,0.015573128126561642,0.015573128126561642,0.001343760173767805,0.0015418684342876077,5.93657823628746e-05,10.0,1.0,10.0
995.0,0.01557184662669897,0.01557184662669897,0.0013431856641545892,0.0015458690468221903,5.941217386862263e-05,10.0,1.0,10.0
996.0,0.015570170246064663,0.015570170246064663,0.0013435457367449999,0.0015421530697494745,5.9256093663861975e-05,10.0,1.0,10.0
997.0,0.015568611212074757,0.015568611212074757,0.0013432165142148733,0.0015437774127349257,5.92668293393217e-05,10.0,1.0,10.0
998.0,0.015567479655146599,0.015567479655146599,0.0013432141859084368,0.0015435827663168311,5.9175574278924614e-05,10.0,1.0,10.0
999.0,0.015566682443022728,0.015566682443022728,0.0013433295534923673,0.0015416874084621668,5.916996451560408e-05,10.0,1.0,10.0
1000.0,0.01556587778031826,0.01556587778031826,0.0013430137187242508,0.0015444507589563727,5.912902997806668e-05,10.0,1.0,10.0
1001.0,0.015564789064228535,0.015564789064228535,0.0013433056883513927,0.0015408102190122008,5.909225365030579e-05,10.0,1.0,10.0
1002.0,0.015563475899398327,0.015563475899398327,0.0013429420068860054,0.001543747028335929,5.9030880947830155e-05,10.0,1.0,10.0
1003.0,0.015562119893729687,0.015562119893729687,0.0013430984690785408,0.0015411671483889222,5.8996731240767986e-05,10.0,1.0,10.0
1004.0,0.015560872852802277,0.015560872852802277,0.0013429808896034956,0.0015420217532664537,5.8904239267576486e-05,10.0,1.0,10.0
1005.0,0.015559864230453968,0.015559864230453968,0.0013428735546767712,0.001541936188004911,5.891925684409216e-05,10.0,1.0,10.0
1006.0,0.015558931045234203,0.015558931045234203,0.0013430500403046608,0.0015404386213049293,5.879926902707666e-05,10.0,1.0,10.0
1007.0,0.015557968057692051,0.015557968057692051,0.0013427394442260265,0.0015420990530401468,5.884747224627063e-05,10.0,1.0,10.0
1008.0,0.015556874684989452,0.015556874684989452,0.0013430181425064802,0.0015397171955555677,5.8697565691545606e-05,10.0,1.0,10.0
1009.0,0.015555697493255138,0.015555697493255138,0.0013426938094198704,0.0015412730863317847,5.874865018995479e-05,10.0,1.0,10.0
1010.0,0.015554478392004967,0.015554478392004967,0.0013428746024146676,0.001539827324450016,5.8590565458871424e-05,10.0,1.0,10.0
1011.0,0.015553336590528488,0.015553336590528488,0.00134270079433918,0.001539868419058621,5.8645993703976274e-05,10.0,1.0,10.0
1012.0,0.015552302822470665,0.015552302822470665,0.0013427112717181444,0.0015402412973344326,5.84949302719906e-05,10.0,1.0,10.0
1013.0,0.015551351010799408,0.015551351010799408,0.0013427096419036388,0.0015385872684419155,5.856676580151543e-05,10.0,1.0,10.0
1014.0,0.015550391748547554,0.015550391748547554,0.0013426048681139946,0.001540360157378018,5.8398276451043785e-05,10.0,1.0,10.0
1015.0,0.015549350529909134,0.015549350529909134,0.0013426453806459904,0.0015378249809145927,5.850716115674004e-05,10.0,1.0,10.0
1016.0,0.015548299066722393,0.015548299066722393,0.0013425587676465511,0.0015399095136672258,5.8280176745029166e-05,10.0,1.0,10.0
1017.0,0.015547296032309532,0.015547296032309532,0.001342507777735591,0.0015375226503238082,5.8469526265980676e-05,10.0,1.0,10.0
1018.0,0.015546323731541634,0.015546323731541634,0.001342580420896411,0.0015390814514830709,5.814379619550891e-05,10.0,1.0,10.0
1019.0,0.015545499511063099,0.015545499511063099,0.0013423401396721601,0.0015373511705547571,5.847463762620464e-05,10.0,1.0,10.0
1020.0,0.015544842928647995,0.015544842928647995,0.0013426467776298523,0.0015383543213829398,5.8002115110866725e-05,10.0,1.0,10.0
1021.0,0.015544423833489418,0.015544423833489418,0.0013421925250440836,0.0015369495376944542,5.855497147422284e-05,10.0,1.0,10.0
1022.0,0.015544362366199493,0.015544362366199493,0.0013427515514194965,0.0015381709672510624,5.786755355075002e-05,10.0,1.0,10.0
1023.0,0.015544853173196316,0.015544853173196316,0.0013420936884358525,0.001536075840704143,5.8784076827578247e-05,10.0,1.0,10.0
1024.0,0.015546269714832306,0.015546269714832306,0.0013429507380351424,0.0015388494357466698,5.779130879091099e-05,10.0,1.0,10.0
1025.0,0.01554929930716753,0.01554929930716753,0.0013420878676697612,0.0015347953885793686,5.9362493630032986e-05,10.0,1.0,10.0
1026.0,0.015555093996226788,0.015555093996226788,0.0013434513239189982,0.0015409101033583283,5.796703771920875e-05,10.0,1.0,10.0
1027.0,0.015565520152449608,0.015565520152449608,0.0013423599302768707,0.0015336454380303621,6.082759500714019e-05,10.0,1.0,10.0
1028.0,0.015584047883749008,0.015584047883749008,0.0013447850942611694,0.001545717939734459,5.904794670641422e-05,10.0,1.0,10.0
1029.0,0.015616558492183685,0.015616558492183685,0.0013435528380796313,0.0015341804828494787,6.468490755651146e-05,10.0,1.0,10.0
1030.0,0.015673497691750526,0.015673497691750526,0.0013484410010278225,0.001557297888211906,6.317893712548539e-05,10.0,1.0,10.0
1031.0,0.015773409977555275,0.015773409977555275,0.001347809098660946,0.0015414811205118895,7.538377394666895e-05,10.0,1.0,10.0
1032.0,0.01594938524067402,0.01594938524067402,0.0013588119763880968,0.0015877063851803541,7.735599501756951e-05,10.0,1.0,10.0
1033.0,0.016258297488093376,0.016258297488093376,0.0013621419202536345,0.0015726147685199976,0.00010642631241353229,10.0,1.0,10.0
1034.0,0.01680055446922779,0.01680055446922779,0.0013891087146475911,0.0016723129665479064,0.00012371547927614301,10.0,1.0,10.0
1035.0,0.017731307074427605,0.017731307074427605,0.0014079096727073193,0.0016808558721095324,0.00019713545043487102,10.0,1.0,10.0
1036.0,0.019290586933493614,0.019290586933493614,0.0014748978428542614,0.0019040999468415976,0.000263750902377069,10.0,1.0,10.0
1037.0,0.021699804812669754,0.021699804812669754,0.0015349452150985599,0.001992929959669709,0.0004357421421445906,10.0,1.0,10.0
1038.0,0.025024795904755592,0.025024795904755592,0.0016691588098183274,0.00241616228595376,0.0005917046219110489,10.0,1.0,10.0
1039.0,0.028415339067578316,0.028415339067578316,0.0017551323398947716,0.0025415814016014338,0.0008322434732690454,10.0,1.0,10.0
1040.0,0.030066940933465958,0.030066940933465958,0.0018396618543192744,0.002850349759683013,0.0008819973445497453,10.0,1.0,10.0
1041.0,0.02757146582007408,0.02757146582007408,0.001734831021167338,0.0024829271715134382,0.0007740228902548552,10.0,1.0,10.0
1042.0,0.021724145859479904,0.021724145859479904,0.0015588401583954692,0.0021160508040338755,0.00040196924237534404,10.0,1.0,10.0
1043.0,0.01664966531097889,0.01664966531097889,0.0013812818797305226,0.0015958287985995412,0.00012410178896971047,10.0,1.0,10.0
1044.0,0.016106029972434044,0.016106029972434044,0.00135412672534585,0.0016112049343064427,9.535574645269662e-05,10.0,1.0,10.0
1045.0,0.01920057088136673,0.01920057088136673,0.0014669959200546145,0.0018507790518924594,0.0002679831231944263,10.0,1.0,10.0
1046.0,0.021777989342808723,0.021777989342808723,0.0015315869823098183,0.0020437678322196007,0.000441835232777521,10.0,1.0,10.0
1047.0,0.02090062014758587,0.02090062014758587,0.0015279476065188646,0.0020246505737304688,0.00035964944981969893,10.0,1.0,10.0
1048.0,0.01764729432761669,0.01764729432761669,0.0014106142334640026,0.0016656932421028614,0.00018754582561086863,10.0,1.0,10.0
1049.0,0.015783200040459633,0.015783200040459633,0.0013523334637284279,0.0015838786493986845,6.75986593705602e-05,10.0,1.0,10.0
1050.0,0.016873659566044807,0.016873659566044807,0.0013979743234813213,0.0016254042275249958,0.00012685121328104287,10.0,1.0,10.0
1051.0,0.01878165639936924,0.01878165639936924,0.0014377781189978123,0.0018015087116509676,0.0002602366730570793,10.0,1.0,10.0
1052.0,0.018800273537635803,0.018800273537635803,0.001459399238228798,0.001813805429264903,0.0002392476744716987,10.0,1.0,10.0
1053.0,0.016933413222432137,0.016933413222432137,0.001383075024932623,0.001618640380911529,0.00014840229414403439,10.0,1.0,10.0
1054.0,0.015601246617734432,0.015601246617734432,0.0013453520368784666,0.001539335586130619,6.083899279474281e-05,10.0,1.0,10.0
1055.0,0.016179660335183144,0.016179660335183144,0.0013706445461139083,0.001562729012221098,9.10485177882947e-05,10.0,1.0,10.0
1056.0,0.01743929833173752,0.01743929833173752,0.0013972418382763863,0.001695525017566979,0.00017713548731990159,10.0,1.0,10.0
1057.0,0.017527395859360695,0.017527395859360695,0.0014159373240545392,0.0016888021491467953,0.00016792213136795908,10.0,1.0,10.0
1058.0,0.016379933804273605,0.016379933804273605,0.0013638233067467809,0.0016043141949921846,0.00011373875167919323,10.0,1.0,10.0
1059.0,0.01554170623421669,0.01554170623421669,0.0013424212811514735,0.0015191214624792337,5.9837220760528e-05,10.0,1.0,10.0
1060.0,0.015888340771198273,0.015888340771198273,0.0013549653813242912,0.0015611257404088974,7.775614358251914e-05,10.0,1.0,10.0
1061.0,0.016636107116937637,0.016636107116937637,0.0013705679448321462,0.0016155880875885487,0.00013148401922080666,10.0,1.0,10.0
1062.0,0.016662728041410446,0.016662728041410446,0.0013842136831954122,0.0016236656811088324,0.00011969250772381201,10.0,1.0,10.0
1063.0,0.015992049127817154,0.015992049127817154,0.001351941260509193,0.001571805216372013,9.008303459268063e-05,10.0,1.0,10.0
1064.0,0.015554968267679214,0.015554968267679214,0.001344424788840115,0.0015125976642593741,5.981231515761465e-05,10.0,1.0,10.0
1065.0,0.01580037735402584,0.01580037735402584,0.0013525928370654583,0.0015634713927283883,7.109772559488192e-05,10.0,1.0,10.0
1066.0,0.016211675480008125,0.016211675480008125,0.001361390110105276,0.001554857473820448,0.00010429182293592021,10.0,1.0,10.0
1067.0,0.016162855550646782,0.016162855550646782,0.001367072807624936,0.0015842907596379519,9.078375296667218e-05,10.0,1.0,10.0
1068.0,0.015741238370537758,0.015741238370537758,0.0013473641593009233,0.0015253950841724873,7.422034832416102e-05,10.0,1.0,10.0
1069.0,0.015509435907006264,0.015509435907006264,0.0013431443367153406,0.0015064572216942906,5.715354564017616e-05,10.0,1.0,10.0
1070.0,0.015689410269260406,0.015689410269260406,0.0013496939791366458,0.0015429125633090734,6.495569687103853e-05,10.0,1.0,10.0
1071.0,0.015943868085741997,0.015943868085741997,0.0013543404638767242,0.0015314971096813679,8.689670357853174e-05,10.0,1.0,10.0
1072.0,0.01590828038752079,0.01590828038752079,0.0013575352495536208,0.001567546627484262,7.6538126450032e-05,10.0,1.0,10.0
1073.0,0.015650508925318718,0.015650508925318718,0.0013453962747007608,0.0015138952294364572,6.826512981206179e-05,10.0,1.0,10.0
1074.0,0.015504873357713223,0.015504873357713223,0.0013410235987976193,0.0015214203158393502,5.7321700296597555e-05,10.0,1.0,10.0
1075.0,0.015601672232151031,0.015601672232151031,0.0013464317889884114,0.0015259954379871488,6.113588460721076e-05,10.0,1.0,10.0
1076.0,0.01574811525642872,0.01574811525642872,0.0013463334180414677,0.0015308937290683389,7.538869976997375e-05,10.0,1.0,10.0
1077.0,0.0157326553016901,0.0157326553016901,0.0013510086573660374,0.0015460249269381166,6.765428406652063e-05,10.0,1.0,10.0
1078.0,0.01558771450072527,0.01558771450072527,0.0013428984675556421,0.0015149612445384264,6.437691627070308e-05,10.0,1.0,10.0
1079.0,0.01550174131989479,0.01550174131989479,0.0013410504907369614,0.0015221303328871727,5.6910590501502156e-05,10.0,1.0,10.0
1080.0,0.01555556245148182,0.01555556245148182,0.0013454139698296785,0.0015157987363636494,5.8562531194183975e-05,10.0,1.0,10.0
1081.0,0.015645114704966545,0.015645114704966545,0.0013438960304483771,0.0015267073176801205,6.794464570702985e-05,10.0,1.0,10.0
1082.0,0.01564326137304306,0.01564326137304306,0.0013493170263245702,0.0015255996258929372,6.24492167844437e-05,10.0,1.0,10.0
1083.0,0.015556414611637592,0.015556414611637592,0.001342235365882516,0.0015170268015936017,6.170351116452366e-05,10.0,1.0,10.0
1084.0,0.015491625294089317,0.015491625294089317,0.001342445146292448,0.0015098749427124858,5.5729902669554576e-05,10.0,1.0,10.0
1085.0,0.015510198660194874,0.015510198660194874,0.0013434570282697678,0.0015147746307775378,5.608540595858358e-05,10.0,1.0,10.0
1086.0,0.01556575670838356,0.01556575670838356,0.0013427392113953829,0.0015137387672439218,6.246262637432665e-05,10.0,1.0,10.0
1087.0,0.015579624101519585,0.015579624101519585,0.0013468420365825295,0.0015206020325422287,5.906015576329082e-05,10.0,1.0,10.0
1088.0,0.015537818893790245,0.015537818893790245,0.0013417721493169665,0.0015155859291553497,6.0451166064012796e-05,10.0,1.0,10.0
1089.0,0.015493676997721195,0.015493676997721195,0.0013427133671939373,0.0015097289578989148,5.568147389567457e-05,10.0,1.0,10.0
1090.0,0.015492839738726616,0.015492839738726616,0.0013417844893410802,0.0015184313524514437,5.5656437325524166e-05,10.0,1.0,10.0
1091.0,0.015523030422627926,0.015523030422627926,0.0013419523602351546,0.0015082014724612236,5.953053550911136e-05,10.0,1.0,10.0
1092.0,0.015539444051682949,0.015539444051682949,0.0013442166382446885,0.0015236316248774529,5.73646611883305e-05,10.0,1.0,10.0
1093.0,0.015521381981670856,0.015521381981670856,0.0013417268637567759,0.001508446061052382,5.956676250207238e-05,10.0,1.0,10.0
1094.0,0.015490527264773846,0.015490527264773846,0.0013420264003798366,0.00151503283996135,5.552299990085885e-05,10.0,1.0,10.0
1095.0,0.015478742308914661,0.015478742308914661,0.0013414243003353477,0.0015098184812813997,5.546805914491415e-05,10.0,1.0,10.0
1096.0,0.01549131702631712,0.01549131702631712,0.0013410239480435848,0.001509461784735322,5.716161467717029e-05,10.0,1.0,10.0
1097.0,0.015506847761571407,0.015506847761571407,0.0013431685511022806,0.0015160791808739305,5.590830551227555e-05,10.0,1.0,10.0
1098.0,0.015505350194871426,0.015505350194871426,0.00134144292678684,0.001507412875071168,5.835083720739931e-05,10.0,1.0,10.0
1099.0,0.015489301644265652,0.015489301644265652,0.0013423084747046232,0.0015139159513637424,5.5229993449756876e-05,10.0,1.0,10.0
1100.0,0.015476100146770477,0.015476100146770477,0.001341469818726182,0.0015056527918204665,5.5574993893969804e-05,10.0,1.0,10.0
1101.0,0.015476985834538937,0.015476985834538937,0.0013409408275038004,0.0015102892648428679,5.572886948357336e-05,10.0,1.0,10.0
1102.0,0.015486321412026882,0.015486321412026882,0.0013426891528069973,0.0015087437350302935,5.506860907189548e-05,10.0,1.0,10.0
1103.0,0.015491029247641563,0.015491029247641563,0.0013408821541815996,0.0015099953161552548,5.7221339375246316e-05,10.0,1.0,10.0
1104.0,0.015485232695937157,0.015485232695937157,0.0013426142977550626,0.00150860077701509,5.504893488250673e-05,10.0,1.0,10.0
1105.0,0.015474851243197918,0.015474851243197918,0.0013407306978479028,0.001508976798504591,5.585670078289695e-05,10.0,1.0,10.0
1106.0,0.015469224192202091,0.015469224192202091,0.001341305673122406,0.001505398191511631,5.507695095730014e-05,10.0,1.0,10.0
1107.0,0.015471195802092552,0.015471195802092552,0.0013412903062999249,0.0015099502634257078,5.483417771756649e-05,10.0,1.0,10.0
1108.0,0.015475668013095856,0.015475668013095856,0.0013408189406618476,0.0015049385838210583,5.625391349894926e-05,10.0,1.0,10.0
1109.0,0.015476226806640625,0.015476226806640625,0.0013417155714705586,0.0015103486366569996,5.487220551003702e-05,10.0,1.0,10.0
1110.0,0.01547154039144516,0.01547154039144516,0.0013406628277152777,0.0015050756046548486,5.598359712166712e-05,10.0,1.0,10.0
1111.0,0.015465721487998962,0.015465721487998962,0.0013410872779786587,0.0015073142712935805,5.475347279570997e-05,10.0,1.0,10.0
1112.0,0.015463112853467464,0.015463112853467464,0.0013408472295850515,0.001505788299255073,5.4885156714590266e-05,10.0,1.0,10.0
1113.0,0.01546434685587883,0.01546434685587883,0.001340598682872951,0.001504847896285355,5.5351207265630364e-05,10.0,1.0,10.0
1114.0,0.015466396696865559,0.015466396696865559,0.001341300318017602,0.0015073694521561265,5.460238753585145e-05,10.0,1.0,10.0
1115.0,0.015466143377125263,0.015466143377125263,0.001340542919933796,0.0015038764104247093,5.5683784012217075e-05,10.0,1.0,10.0
1116.0,0.015463219955563545,0.015463219955563545,0.001341118710115552,0.0015069050714373589,5.4512827773578465e-05,10.0,1.0,10.0
1117.0,0.015459790825843811,0.015459790825843811,0.0013406542129814625,0.0015031953807920218,5.500533006852493e-05,10.0,1.0,10.0
1118.0,0.015458032488822937,0.015458032488822937,0.001340589951723814,0.0015051098307594657,5.47023955732584e-05,10.0,1.0,10.0
1119.0,0.015458276495337486,0.015458276495337486,0.0013410134706646204,0.0015033370582386851,5.448052252177149e-05,10.0,1.0,10.0
1120.0,0.015459039248526096,0.015459039248526096,0.001340310089290142,0.0015043349703773856,5.516040255315602e-05,10.0,1.0,10.0
1121.0,0.015458755195140839,0.015458755195140839,0.0013411639956757426,0.0015032851370051503,5.438299194793217e-05,10.0,1.0,10.0
1122.0,0.01545705832540989,0.01545705832540989,0.0013402057811617851,0.0015043513849377632,5.506488378159702e-05,10.0,1.0,10.0
1123.0,0.015454906038939953,0.015454906038939953,0.0013408716768026352,0.0015018971171230078,5.4429154261015356e-05,10.0,1.0,10.0
1124.0,0.015453421510756016,0.015453421510756016,0.0013402614276856184,0.0015048559289425611,5.459508247440681e-05,10.0,1.0,10.0
1125.0,0.01545309741050005,0.01545309741050005,0.0013405621284618974,0.001500275102443993,5.4720112530048937e-05,10.0,1.0,10.0
1126.0,0.015453314408659935,0.015453314408659935,0.0013404041528701782,0.0015058250864967704,5.4344833188224584e-05,10.0,1.0,10.0
1127.0,0.015453376807272434,0.015453376807272434,0.001340493094176054,0.0014990972122177482,5.493489152286202e-05,10.0,1.0,10.0
1128.0,0.015452833846211433,0.015452833846211433,0.0013403496704995632,0.0015063737519085407,5.429628072306514e-05,10.0,1.0,10.0
1129.0,0.015452073886990547,0.015452073886990547,0.0013406543293967843,0.0014979065163061023,5.476246224134229e-05,10.0,1.0,10.0
1130.0,0.015451766550540924,0.015451766550540924,0.0013401113683357835,0.001506566652096808,5.44086069567129e-05,10.0,1.0,10.0
1131.0,0.015452435240149498,0.015452435240149498,0.0013410646934062243,0.001496628625318408,5.451599645311944e-05,10.0,1.0,10.0
1132.0,0.015454293228685856,0.015454293228685856,0.0013399438466876745,0.0015077311545610428,5.471234180731699e-05,10.0,1.0,10.0
1133.0,0.015457446686923504,0.015457446686923504,0.001341701135970652,0.0014949946198612452,5.454415804706514e-05,10.0,1.0,10.0
1134.0,0.015462188050150871,0.015462188050150871,0.0013400593306869268,0.0015108480583876371,5.507456444320269e-05,10.0,1.0,10.0
1135.0,0.015469442121684551,0.015469442121684551,0.0013426984660327435,0.0014924091519787908,5.500483894138597e-05,10.0,1.0,10.0
1136.0,0.015481109730899334,0.015481109730899334,0.0013407414080575109,0.0015171605627983809,5.5653537856414914e-05,10.0,1.0,10.0
1137.0,0.015500197187066078,0.015500197187066078,0.0013447736855596304,0.0014894446358084679,5.630150553770363e-05,10.0,1.0,10.0
1138.0,0.01553121954202652,0.01553121954202652,0.0013428200036287308,0.0015298542566597462,5.7316559832543135e-05,10.0,1.0,10.0
1139.0,0.015581591986119747,0.015581591986119747,0.0013497931649908423,0.0014885561540722847,5.9510402934392914e-05,10.0,1.0,10.0
1140.0,0.015663327649235725,0.015663327649235725,0.0013486549723893404,0.001556065515615046,6.207125989021733e-05,10.0,1.0,10.0
1141.0,0.01579706184566021,0.01579706184566021,0.0013624499551951885,0.001496452372521162,6.761107943020761e-05,10.0,1.0,10.0
1142.0,0.016017062589526176,0.016017062589526176,0.001365198870189488,0.0016140304505825043,7.510443538194522e-05,10.0,1.0,10.0
1143.0,0.01638147048652172,0.01638147048652172,0.0013954060850664973,0.001534544164314866,8.928657189244404e-05,10.0,1.0,10.0
1144.0,0.016985727474093437,0.016985727474093437,0.0014124081935733557,0.001752363983541727,0.00011092815839219838,10.0,1.0,10.0
1145.0,0.01798526756465435,0.01798526756465435,0.0014831098960712552,0.0016670837067067623,0.00014870849554426968,10.0,1.0,10.0
1146.0,0.019616136327385902,0.019616136327385902,0.0015440216520801187,0.0020936918444931507,0.0002082228020299226,10.0,1.0,10.0
1147.0,0.02220796048641205,0.02220796048641205,0.0017095264047384262,0.0020599914714694023,0.0003052704269066453,10.0,1.0,10.0
1148.0,0.026100773364305496,0.026100773364305496,0.001873621018603444,0.0028835434932261705,0.0004481019568629563,10.0,1.0,10.0
1149.0,0.03138868510723114,0.03138868510723114,0.002196115907281637,0.002968858228996396,0.0006458664429374039,10.0,1.0,10.0
1150.0,0.037234894931316376,0.037234894931316376,0.0024443655274808407,0.0041876318864524364,0.000860360509250313,10.0,1.0,10.0
1151.0,0.041225410997867584,0.041225410997867584,0.002713765949010849,0.003972917329519987,0.001011483371257782,10.0,1.0,10.0
1152.0,0.0397549569606781,0.0397549569606781,0.0025741439312696457,0.004462592303752899,0.0009550926624797285,10.0,1.0,10.0
1153.0,0.031581778079271317,0.031581778079271317,0.0022029464598745108,0.0029982803389430046,0.0006554033607244492,10.0,1.0,10.0
1154.0,0.021065369248390198,0.021065369248390198,0.0016163529362529516,0.0022494334261864424,0.00026524061104282737,10.0,1.0,10.0
1155.0,0.015559768304228783,0.015559768304228783,0.0013454525033012033,0.0014836450573056936,6.21597864665091e-05,10.0,1.0,10.0
1156.0,0.01788116991519928,0.01788116991519928,0.0014741872437298298,0.0016639746027067304,0.00014753227878827602,10.0,1.0,10.0
1157.0,0.023791473358869553,0.023791473358869553,0.0017543412977829576,0.0025780419819056988,0.0003670018631964922,10.0,1.0,10.0
1158.0,0.026537667959928513,0.026537667959928513,0.0019371995003893971,0.0024922608863562346,0.00046734121860936284,10.0,1.0,10.0
1159.0,0.023231657221913338,0.023231657221913338,0.0017259321175515652,0.0025122673250734806,0.0003460068255662918,10.0,1.0,10.0
1160.0,0.01759997196495533,0.01759997196495533,0.0014610872603952885,0.0016262833960354328,0.00013628153828904033,10.0,1.0,10.0
1161.0,0.01547440979629755,0.01547440979629755,0.0013426216319203377,0.0014773047296330333,5.708886601496488e-05,10.0,1.0,10.0
1162.0,0.01801399700343609,0.01801399700343609,0.0014614390674978495,0.0018693897873163223,0.00015302178508136421,10.0,1.0,10.0
1163.0,0.021073414012789726,0.021073414012789726,0.0016512902220711112,0.001935823354870081,0.0002624687913339585,10.0,1.0,10.0
1164.0,0.020665930584073067,0.020665930584073067,0.0015948289074003696,0.002205587923526764,0.0002512053761165589,10.0,1.0,10.0
1165.0,0.017500124871730804,0.017500124871730804,0.0014576795510947704,0.0016008868115022779,0.00013224416761659086,10.0,1.0,10.0
1166.0,0.015474430285394192,0.015474430285394192,0.0013404616620391607,0.001493718009442091,5.7609497162047774e-05,10.0,1.0,10.0
1167.0,0.016490938141942024,0.016490938141942024,0.0013862589839845896,0.0016655754297971725,9.627729014027864e-05,10.0,1.0,10.0
1168.0,0.018471870571374893,0.018471870571374893,0.0015091376844793558,0.0016886696685105562,0.00016918247274588794,10.0,1.0,10.0
1169.0,0.018576625734567642,0.018576625734567642,0.001489422400481999,0.0019520149799063802,0.00017303861386608332,10.0,1.0,10.0
1170.0,0.016797641292214394,0.016797641292214394,0.0014160816790536046,0.0015493870014324784,0.00010874388681259006,10.0,1.0,10.0
1171.0,0.015483640134334564,0.015483640134334564,0.0013389599043875933,0.0015058943536132574,5.881467222934589e-05,10.0,1.0,10.0
1172.0,0.01599842868745327,0.01599842868745327,0.0013616420328617096,0.0016004415228962898,7.815675053279847e-05,10.0,1.0,10.0
1173.0,0.01718839816749096,0.01718839816749096,0.0014372324803844094,0.001585077028721571,0.00012309959856793284,10.0,1.0,10.0
1174.0,0.017291871830821037,0.017291871830821037,0.0014260726748034358,0.001784828258678317,0.00012463160965126008,10.0,1.0,10.0
1175.0,0.016250718384981155,0.016250718384981155,0.0013860325561836362,0.0015092765679582953,8.811174484435469e-05,10.0,1.0,10.0
1176.0,0.01546693779528141,0.01546693779528141,0.001339589012786746,0.0014982912689447403,5.7275603467132896e-05,10.0,1.0,10.0
1177.0,0.015767280012369156,0.015767280012369156,0.0013522583758458495,0.0015562570188194513,6.884384492877871e-05,10.0,1.0,10.0
1178.0,0.016471249982714653,0.016471249982714653,0.0014003771357238293,0.0015215802704915404,9.458993008593097e-05,10.0,1.0,10.0
1179.0,0.016534097492694855,0.016534097492694855,0.0013900897465646267,0.0016711018979549408,9.6209863841068e-05,10.0,1.0,10.0
1180.0,0.015920832753181458,0.015920832753181458,0.001369766192510724,0.0014796670293435454,7.435036968672648e-05,10.0,1.0,10.0
1181.0,0.015454698354005814,0.015454698354005814,0.0013405014760792255,0.0014889565063640475,5.6072738516377285e-05,10.0,1.0,10.0
1182.0,0.015624319203197956,0.015624319203197956,0.0013464615913107991,0.0015278096543624997,6.318937084870413e-05,10.0,1.0,10.0
1183.0,0.016039978712797165,0.016039978712797165,0.0013770561199635267,0.0014891340397298336,7.802820618962869e-05,10.0,1.0,10.0
1184.0,0.016089417040348053,0.016089417040348053,0.00136840611230582,0.0016084561357274652,7.968984573381022e-05,10.0,1.0,10.0
1185.0,0.015735570341348648,0.015735570341348648,0.001358930952847004,0.0014713930431753397,6.74867769703269e-05,10.0,1.0,10.0
1186.0,0.015448298305273056,0.015448298305273056,0.0013398586306720972,0.0014911333564668894,5.585795224760659e-05,10.0,1.0,10.0
1187.0,0.015528393909335136,0.015528393909335136,0.0013418931048363447,0.0015120594762265682,5.974022496957332e-05,10.0,1.0,10.0
1188.0,0.01577398180961609,0.01577398180961609,0.0013617074582725763,0.001475991914048791,6.809166370658204e-05,10.0,1.0,10.0
1189.0,0.015825819224119186,0.015825819224119186,0.0013558253413066268,0.0015681579243391752,6.994068098720163e-05,10.0,1.0,10.0
1190.0,0.01563144661486149,0.01563144661486149,0.0013533681631088257,0.0014669292140752077,6.308368756435812e-05,10.0,1.0,10.0
1191.0,0.01544627733528614,0.01544627733528614,0.0013403494376689196,0.0014892928302288055,5.5349079048028216e-05,10.0,1.0,10.0
1192.0,0.015466742217540741,0.015466742217540741,0.0013404716737568378,0.001492776907980442,5.692484410246834e-05,10.0,1.0,10.0
1193.0,0.015608977526426315,0.015608977526426315,0.001353301340714097,0.0014650209341198206,6.109441892476752e-05,10.0,1.0,10.0
1194.0,0.0156642384827137,0.0156642384827137,0.0013494215672835708,0.0015347955049946904,6.352267519105226e-05,10.0,1.0,10.0
1195.0,0.01556846871972084,0.01556846871972084,0.00135087501257658,0.0014617320848628879,5.979867637506686e-05,10.0,1.0,10.0
1196.0,0.015447285957634449,0.015447285957634449,0.0013410726096481085,0.0014880235539749265,5.485361543833278e-05,10.0,1.0,10.0
1197.0,0.015432070009410381,0.015432070009410381,0.0013400830794125795,0.0014801113866269588,5.511275230674073e-05,10.0,1.0,10.0
1198.0,0.015507787466049194,0.015507787466049194,0.0013474918669089675,0.0014633035752922297,5.695654544979334e-05,10.0,1.0,10.0
1199.0,0.015559929423034191,0.015559929423034191,0.0013449470279738307,0.001515469397418201,5.9498968767002225e-05,10.0,1.0,10.0
1200.0,0.015524410642683506,0.015524410642683506,0.0013482308713719249,0.0014625220792368054,5.795794277219102e-05,10.0,1.0,10.0
1201.0,0.015449040569365025,0.015449040569365025,0.0013408460654318333,0.0014915002975612879,5.49079522897955e-05,10.0,1.0,10.0
1202.0,0.015417296439409256,0.015417296439409256,0.0013398377923294902,0.0014745431253686547,5.443746340461075e-05,10.0,1.0,10.0
1203.0,0.015448430553078651,0.015448430553078651,0.001343392999842763,0.0014664659975096583,5.480349500430748e-05,10.0,1.0,10.0
1204.0,0.015489593148231506,0.015489593148231506,0.0013418683083727956,0.0015016038669273257,5.693060302291997e-05,10.0,1.0,10.0
1205.0,0.015488049015402794,0.015488049015402794,0.0013460362097248435,0.0014628471108153462,5.648393198498525e-05,10.0,1.0,10.0
1206.0,0.015448241494596004,0.015448241494596004,0.0013407297665253282,0.0014918864471837878,5.490578041644767e-05,10.0,1.0,10.0
1207.0,0.015415105037391186,0.015415105037391186,0.0013405221980065107,0.0014691200340166688,5.4076241212897e-05,10.0,1.0,10.0
1208.0,0.015417881309986115,0.015417881309986115,0.0013413361739367247,0.0014693428529426455,5.351762956706807e-05,10.0,1.0,10.0
1209.0,0.015442561358213425,0.015442561358213425,0.00134034245274961,0.0014887475408613682,5.5038944992702454e-05,10.0,1.0,10.0
1210.0,0.015455352142453194,0.015455352142453194,0.001344297081232071,0.0014628638746216893,5.495172445080243e-05,10.0,1.0,10.0
1211.0,0.015441849827766418,0.015441849827766418,0.0013406060170382261,0.0014896803768351674,5.4610922234132886e-05,10.0,1.0,10.0
1212.0,0.015417687594890594,0.015417687594890594,0.0013413531705737114,0.00146577600389719,5.383800089475699e-05,10.0,1.0,10.0
1213.0,0.015406513586640358,0.015406513586640358,0.0013402835465967655,0.0014734124997630715,5.302654244587757e-05,10.0,1.0,10.0
1214.0,0.01541431900113821,0.01541431900113821,0.0013396200956776738,0.0014792083529755473,5.389099533203989e-05,10.0,1.0,10.0
1215.0,0.015427116304636002,0.015427116304636002,0.0013424094067886472,0.001464848406612873,5.381740629673004e-05,10.0,1.0,10.0
1216.0,0.015428991056978703,0.015428991056978703,0.0013400104362517595,0.0014860914088785648,5.427958240034059e-05,10.0,1.0,10.0
1217.0,0.015418054535984993,0.015418054535984993,0.0013415905414149165,0.001464707194827497,5.374415559344925e-05,10.0,1.0,10.0
1218.0,0.015405276790261269,0.015405276790261269,0.001339669805020094,0.0014769103145226836,5.316687384038232e-05,10.0,1.0,10.0
1219.0,0.015401478856801987,0.015401478856801987,0.0013395320856943727,0.0014721956104040146,5.3396262956084684e-05,10.0,1.0,10.0
1220.0,0.015406680293381214,0.015406680293381214,0.0013407812220975757,0.0014673650730401278,5.315032831276767e-05,10.0,1.0,10.0
1221.0,0.015412717126309872,0.015412717126309872,0.0013394008856266737,0.0014805248938500881,5.3818279411643744e-05,10.0,1.0,10.0
1222.0,0.015412191860377789,0.015412191860377789,0.001341287512332201,0.0014646569034084678,5.346599573385902e-05,10.0,1.0,10.0
1223.0,0.015405437909066677,0.015405437909066677,0.0013393695699051023,0.0014783447841182351,5.333971421350725e-05,10.0,1.0,10.0
1224.0,0.015398448333144188,0.015398448333144188,0.00133990659378469,0.0014678087318316102,5.315731687005609e-05,10.0,1.0,10.0
1225.0,0.01539626531302929,0.01539626531302929,0.0013397643342614174,0.0014704458881169558,5.2817595133092254e-05,10.0,1.0,10.0
1226.0,0.015398706309497356,0.015398706309497356,0.0013391496613621712,0.0014745466178283095,5.3266368922777474e-05,10.0,1.0,10.0
1227.0,0.015401598066091537,0.015401598066091537,0.001340598100796342,0.0014657428255304694,5.2987456001574174e-05,10.0,1.0,10.0
1228.0,0.015401199460029602,0.015401199460029602,0.0013391532702371478,0.001477062702178955,5.326042810338549e-05,10.0,1.0,10.0
1229.0,0.015397471375763416,0.015397471375763416,0.00134022138081491,0.0014656672719866037,5.295898154145107e-05,10.0,1.0,10.0
1230.0,0.01539319846779108,0.01539319846779108,0.0013392363907769322,0.0014728618552908301,5.2797353419009596e-05,10.0,1.0,10.0
1231.0,0.015391171909868717,0.015391171909868717,0.0013392806285992265,0.0014694497222080827,5.289160617394373e-05,10.0,1.0,10.0
1232.0,0.015391698107123375,0.015391698107123375,0.0013397347647696733,0.0014677318977192044,5.2661893278127536e-05,10.0,1.0,10.0
1233.0,0.015392996370792389,0.015392996370792389,0.0013389203231781721,0.0014735873555764556,5.302060526446439e-05,10.0,1.0,10.0
1234.0,0.015393039211630821,0.015393039211630821,0.001339985174126923,0.001465582405216992,5.276058072922751e-05,10.0,1.0,10.0
1235.0,0.015391177497804165,0.015391177497804165,0.001338875386863947,0.0014736161101609468,5.288074316922575e-05,10.0,1.0,10.0
1236.0,0.015388517640531063,0.015388517640531063,0.0013394603738561273,0.0014666711213067174,5.2724288252647966e-05,10.0,1.0,10.0
1237.0,0.015386510640382767,0.015386510640382767,0.0013390288222581148,0.0014702266780659556,5.259963290882297e-05,10.0,1.0,10.0
1238.0,0.015385855920612812,0.015385855920612812,0.0013388704974204302,0.001469783135689795,5.273678107187152e-05,10.0,1.0,10.0
1239.0,0.015386085025966167,0.015386085025966167,0.0013393720146268606,0.0014670523814857006,5.2531162509694695e-05,10.0,1.0,10.0
1240.0,0.015386187471449375,0.015386187471449375,0.001338661415502429,0.0014719957252964377,5.2757714001927525e-05,10.0,1.0,10.0
1241.0,0.015385410748422146,0.015385410748422146,0.0013394223060458899,0.001465890440158546,5.252964183455333e-05,10.0,1.0,10.0
1242.0,0.015383888967335224,0.015383888967335224,0.0013386759674176574,0.001471242867410183,5.2588606195058674e-05,10.0,1.0,10.0
1243.0,0.01538219302892685,0.01538219302892685,0.0013390611857175827,0.0014667633222416043,5.248183151707053e-05,10.0,1.0,10.0
1244.0,0.015380972065031528,0.015380972065031528,0.0013388532679527998,0.0014686179347336292,5.2382107242010534e-05,10.0,1.0,10.0
1245.0,0.015380422584712505,0.015380422584712505,0.0013386980863288045,0.0014686693903058767,5.247721492196433e-05,10.0,1.0,10.0
1246.0,0.015380150638520718,0.015380150638520718,0.0013390777166932821,0.0014663395704701543,5.230333408690058e-05,10.0,1.0,10.0
1247.0,0.015379837714135647,0.015379837714135647,0.0013385375496000051,0.0014698520535603166,5.246090222499333e-05,10.0,1.0,10.0
1248.0,0.015379025600850582,0.015379025600850582,0.0013390716630965471,0.001465506386011839,5.228022564551793e-05,10.0,1.0,10.0
1249.0,0.015377896837890148,0.015377896837890148,0.0013385164784267545,0.0014692973345518112,5.234352283878252e-05,10.0,1.0,10.0
1250.0,0.015376678667962551,0.015376678667962551,0.0013388028601184487,0.001466104993596673,5.2254552429076284e-05,10.0,1.0,10.0
1251.0,0.015375704504549503,0.015375704504549503,0.001338608330115676,0.0014676126884296536,5.2200812206137925e-05,10.0,1.0,10.0
1252.0,0.015374965965747833,0.015374965965747833,0.0013385150814428926,0.0014673483092337847,5.2246708946768194e-05,10.0,1.0,10.0
1253.0,0.015374441631138325,0.015374441631138325,0.001338730100542307,0.0014659741427749395,5.211664756643586e-05,10.0,1.0,10.0
1254.0,0.015373917296528816,0.015373917296528816,0.0013383583864197135,0.0014681165339425206,5.2221639634808525e-05,10.0,1.0,10.0
1255.0,0.015373211354017258,0.015373211354017258,0.0013387426733970642,0.0014651005621999502,5.206838250160217e-05,10.0,1.0,10.0
1256.0,0.015372375026345253,0.015372375026345253,0.0013383296318352222,0.0014677699655294418,5.21308284078259e-05,10.0,1.0,10.0
1257.0,0.01537139993160963,0.01537139993160963,0.0013386071659624577,0.0014650929952040315,5.2023533498868346e-05,10.0,1.0,10.0
1258.0,0.01537047978490591,0.01537047978490591,0.0013383866753429174,0.001466561807319522,5.2005085308337584e-05,10.0,1.0,10.0
1259.0,0.015369663015007973,0.015369663015007973,0.001338418573141098,0.0014655989361926913,5.198779399506748e-05,10.0,1.0,10.0
1260.0,0.015368969179689884,0.015368969179689884,0.0013384756166487932,0.001465196837671101,5.1901675760746e-05,10.0,1.0,10.0
1261.0,0.01536833867430687,0.01536833867430687,0.001338276662863791,0.0014660453889518976,5.1952734793303534e-05,10.0,1.0,10.0
1262.0,0.015367701649665833,0.015367701649665833,0.0013385133352130651,0.0014642438618466258,5.183240500628017e-05,10.0,1.0,10.0
1263.0,0.015366957522928715,0.015366957522928715,0.0013382039032876492,0.0014659988228231668,5.189202056499198e-05,10.0,1.0,10.0
1264.0,0.015366173349320889,0.015366173349320889,0.0013384465128183365,0.00146388728171587,5.178207720746286e-05,10.0,1.0,10.0
1265.0,0.015365345403552055,0.015365345403552055,0.0013381924945861101,0.0014653855469077826,5.180354855838232e-05,10.0,1.0,10.0
1266.0,0.015364536084234715,0.015364536084234715,0.0013383140321820974,0.0014639695873484015,5.174259058549069e-05,10.0,1.0,10.0
1267.0,0.015363756567239761,0.015363756567239761,0.0013382197357714176,0.0014644493348896503,5.17108928761445e-05,10.0,1.0,10.0
1268.0,0.015363023616373539,0.015363023616373539,0.0013381766621023417,0.001464187866076827,5.1706894737435505e-05,10.0,1.0,10.0
1269.0,0.015362327918410301,0.015362327918410301,0.001338247791863978,0.0014635309344157577,5.1631988753797486e-05,10.0,1.0,10.0
1270.0,0.015361621975898743,0.015361621975898743,0.0013380779419094324,0.0014642274472862482,5.1661587349371985e-05,10.0,1.0,10.0
1271.0,0.015360928140580654,0.015360928140580654,0.0013382418546825647,0.0014628444332629442,5.156662518857047e-05,10.0,1.0,10.0
1272.0,0.015360179357230663,0.015360179357230663,0.0013380286982282996,0.0014639203436672688,5.159720967640169e-05,10.0,1.0,10.0
1273.0,0.015359469689428806,0.015359469689428806,0.0013381923781707883,0.0014624446630477905,5.1510178309399635e-05,10.0,1.0,10.0
1274.0,0.015358669683337212,0.015358669683337212,0.0013380178716033697,0.0014633088139817119,5.151817458681762e-05,10.0,1.0,10.0
1275.0,0.015357931144535542,0.015357931144535542,0.0013381062308326364,0.001462269457988441,5.1459988753777e-05,10.0,1.0,10.0
1276.0,0.015357174910604954,0.015357174910604954,0.0013380259042605758,0.0014625550247728825,5.143609087099321e-05,10.0,1.0,10.0
1277.0,0.015356426127254963,0.015356426127254963,0.0013380114687606692,0.0014621784212067723,5.141328801983036e-05,10.0,1.0,10.0
1278.0,0.01535571925342083,0.01535571925342083,0.0013380302116274834,0.0014618058921769261,5.1361181249376386e-05,10.0,1.0,10.0
1279.0,0.01535502728074789,0.01535502728074789,0.0013379357988014817,0.0014620202127844095,5.1364961109356955e-05,10.0,1.0,10.0
1280.0,0.015354287810623646,0.015354287810623646,0.0013380164746195078,0.0014611633960157633,5.1296061428729445e-05,10.0,1.0,10.0
1281.0,0.01535357441753149,0.01535357441753149,0.0013378756120800972,0.0014617190463468432,5.13098893861752e-05,10.0,1.0,10.0
1282.0,0.01535287220031023,0.01535287220031023,0.0013379822485148907,0.0014606714248657227,5.1237857405794784e-05,10.0,1.0,10.0
1283.0,0.01535213552415371,0.01535213552415371,0.0013378404546529055,0.001461258390918374,5.124737072037533e-05,10.0,1.0,10.0
1284.0,0.015351425856351852,0.015351425856351852,0.001337928231805563,0.0014602935407310724,5.1185055781388655e-05,10.0,1.0,10.0
1285.0,0.015350675210356712,0.015350675210356712,0.0013378204312175512,0.0014606710756197572,5.117988621350378e-05,10.0,1.0,10.0
1286.0,0.01534994039684534,0.01534994039684534,0.0013378618750721216,0.0014599802671000361,5.1134167733835056e-05,10.0,1.0,10.0
1287.0,0.015349208377301693,0.015349208377301693,0.0013378066942095757,0.0014600335853174329,5.111078280606307e-05,10.0,1.0,10.0
1288.0,0.015348500572144985,0.015348500572144985,0.0013377980794757605,0.0014596838736906648,5.108352706884034e-05,10.0,1.0,10.0
1289.0,0.015347776003181934,0.015347776003181934,0.0013377937721088529,0.0014594027306884527,5.104352021589875e-05,10.0,1.0,10.0
1290.0,0.015347090549767017,0.015347090549767017,0.0013377419672906399,0.0014593558153137565,5.1031543989665806e-05,10.0,1.0,10.0
1291.0,0.01534638274461031,0.01534638274461031,0.001337777590379119,0.001458807266317308,5.097997927805409e-05,10.0,1.0,10.0
1292.0,0.015345649793744087,0.015345649793744087,0.0013376913266256452,0.0014589675702154636,5.097683970234357e-05,10.0,1.0,10.0
1293.0,0.01534494198858738,0.01534494198858738,0.001337747322395444,0.0014582695439457893,5.091999264550395e-05,10.0,1.0,10.0
1294.0,0.015344209969043732,0.015344209969043732,0.001337650464847684,0.0014585151802748442,5.0919003115268424e-05,10.0,1.0,10.0
1295.0,0.015343529172241688,0.015343529172241688,0.0013377121649682522,0.001457776641473174,5.0863087381003425e-05,10.0,1.0,10.0
1296.0,0.015342798084020615,0.015342798084020615,0.0013376185670495033,0.0014580149436369538,5.0859707698691636e-05,10.0,1.0,10.0
1297.0,0.015342095866799355,0.015342095866799355,0.0013376690912991762,0.0014573177322745323,5.080877599539235e-05,10.0,1.0,10.0
1298.0,0.015341397374868393,0.015341397374868393,0.0013375915586948395,0.0014574822271242738,5.079995025880635e-05,10.0,1.0,10.0
1299.0,0.015340677462518215,0.015340677462518215,0.0013376236893236637,0.0014568817568942904,5.075585067970678e-05,10.0,1.0,10.0
1300.0,0.015339966863393784,0.015339966863393784,0.0013375631533563137,0.0014569379854947329,5.073975626146421e-05,10.0,1.0,10.0
1301.0,0.015339243225753307,0.015339243225753307,0.0013375759590417147,0.0014564523007720709,5.070316183264367e-05,10.0,1.0,10.0
1302.0,0.015338536351919174,0.015338536351919174,0.0013375350972637534,0.001456384314224124,5.06800388393458e-05,10.0,1.0,10.0
1303.0,0.015337815508246422,0.015337815508246422,0.0013375305570662022,0.001456008991226554,5.0650058255996555e-05,10.0,1.0,10.0
1304.0,0.015337137505412102,0.015337137505412102,0.001337510533630848,0.0014558269176632166,5.0620576075743884e-05,10.0,1.0,10.0
1305.0,0.01533642876893282,0.01533642876893282,0.001337490975856781,0.0014555593952536583,5.059599789092317e-05,10.0,1.0,10.0
1306.0,0.01533569023013115,0.01533569023013115,0.0013374793343245983,0.001455281162634492,5.056159716332331e-05,10.0,1.0,10.0
1307.0,0.015334997326135635,0.015334997326135635,0.0013374483678489923,0.0014550958294421434,5.054186476627365e-05,10.0,1.0,10.0
1308.0,0.015334303490817547,0.015334303490817547,0.0013374527916312218,0.0014547393657267094,5.050364779890515e-05,10.0,1.0,10.0
1309.0,0.015333641320466995,0.015333641320466995,0.001337414956651628,0.0014546154998242855,5.048756065662019e-05,10.0,1.0,10.0
1310.0,0.015332898125052452,0.015332898125052452,0.0013374232221394777,0.0014541976852342486,5.0446826207917184e-05,10.0,1.0,10.0
1311.0,0.015332207083702087,0.015332207083702087,0.001337374676950276,0.0014541278360411525,5.043322380515747e-05,10.0,1.0,10.0
1312.0,0.01533149741590023,0.01533149741590023,0.0013373930705711246,0.001453665317967534,5.039010284235701e-05,10.0,1.0,10.0
1313.0,0.015330838039517403,0.015330838039517403,0.0013373404508456588,0.0014536406379193068,5.037920709582977e-05,10.0,1.0,10.0
1314.0,0.015330123715102673,0.015330123715102673,0.0013373657129704952,0.001453125150874257,5.033415072830394e-05,10.0,1.0,10.0
1315.0,0.015329398214817047,0.015329398214817047,0.001337298657745123,0.0014531491324305534,5.032621629652567e-05,10.0,1.0,10.0
1316.0,0.015328697860240936,0.015328697860240936,0.0013373340480029583,0.0014525757869705558,5.027816951042041e-05,10.0,1.0,10.0
1317.0,0.01532802265137434,0.01532802265137434,0.001337261637672782,0.0014526715967804193,5.027348379371688e-05,10.0,1.0,10.0
1318.0,0.015327349305152893,0.015327349305152893,0.0013373112305998802,0.0014520216500386596,5.0221548008266836e-05,10.0,1.0,10.0
1319.0,0.01532663218677044,0.01532663218677044,0.0013372218236327171,0.0014521995326504111,5.0221475248690695e-05,10.0,1.0,10.0
1320.0,0.01532597467303276,0.01532597467303276,0.0013372893445193768,0.0014514375943690538,5.016440263716504e-05,10.0,1.0,10.0
1321.0,0.01532526034861803,0.01532526034861803,0.0013371807290241122,0.001451739575713873,5.0171336624771357e-05,10.0,1.0,10.0
1322.0,0.015324598178267479,0.015324598178267479,0.0013372714165598154,0.0014508275780826807,5.010568565921858e-05,10.0,1.0,10.0
1323.0,0.01532390434294939,0.01532390434294939,0.0013371353270485997,0.0014513158239424229,5.012348628952168e-05,10.0,1.0,10.0
1324.0,0.01532320398837328,0.01532320398837328,0.0013372573303058743,0.0014501764671877027,5.004549166187644e-05,10.0,1.0,10.0
1325.0,0.015322554856538773,0.015322554856538773,0.0013370807282626629,0.0014509493485093117,5.007977597415447e-05,10.0,1.0,10.0
1326.0,0.01532189641147852,0.01532189641147852,0.00133726024068892,0.0014494583010673523,4.998363147024065e-05,10.0,1.0,10.0
1327.0,0.015321282669901848,0.015321282669901848,0.0013370182132348418,0.0014506671577692032,5.0043272494804114e-05,10.0,1.0,10.0
1328.0,0.015320684760808945,0.015320684760808945,0.0013372845714911819,0.001448639202862978,4.992001777281985e-05,10.0,1.0,10.0
1329.0,0.015320124104619026,0.015320124104619026,0.001336939400061965,0.0014505400322377682,5.001888348488137e-05,10.0,1.0,10.0
1330.0,0.015319678001105785,0.015319678001105785,0.001337345689535141,0.0014476670185104012,4.985537816537544e-05,10.0,1.0,10.0
1331.0,0.015319287776947021,0.015319287776947021,0.0013368426589295268,0.001450670650228858,5.001903264201246e-05,10.0,1.0,10.0
1332.0,0.01531910989433527,0.01531910989433527,0.0013374697882682085,0.0014464468695223331,4.979662844561972e-05,10.0,1.0,10.0
1333.0,0.015319230034947395,0.015319230034947395,0.0013367272913455963,0.0014512656489387155,5.0069113058270887e-05,10.0,1.0,10.0
1334.0,0.01531983632594347,0.01531983632594347,0.0013377319555729628,0.0014448553556576371,4.976606214768253e-05,10.0,1.0,10.0
1335.0,0.015321244485676289,0.015321244485676289,0.0013366170460358262,0.0014527355087921023,5.0233895308338106e-05,10.0,1.0,10.0
1336.0,0.015323963016271591,0.015323963016271591,0.0013382842298597097,0.0014427773421630263,4.983433973393403e-05,10.0,1.0,10.0
1337.0,0.015328978188335896,0.015328978188335896,0.0013366197235882282,0.001455965917557478,5.0681570428423584e-05,10.0,1.0,10.0
1338.0,0.015337779186666012,0.015337779186666012,0.0013395303394645452,0.0014402354136109352,5.0224014557898045e-05,10.0,1.0,10.0
1339.0,0.015353117138147354,0.015353117138147354,0.0013371366076171398,0.0014629755169153214,5.18775632372126e-05,10.0,1.0,10.0
1340.0,0.015379704535007477,0.015379704535007477,0.001342538045719266,0.0014380442444235086,5.1628023356897756e-05,10.0,1.0,10.0
1341.0,0.015425974503159523,0.015425974503159523,0.0013395296409726143,0.0014788839034736156,5.5179396440507844e-05,10.0,1.0,10.0
1342.0,0.015506722964346409,0.015506722964346409,0.0013504164526239038,0.0014402278466150165,5.623303513857536e-05,10.0,1.0,10.0
1343.0,0.015648482367396355,0.015648482367396355,0.0013483690563589334,0.0015176108572632074,6.471820961451158e-05,10.0,1.0,10.0
1344.0,0.015898369252681732,0.015898369252681732,0.0013725755270570517,0.0014623042661696672,7.103086682036519e-05,10.0,1.0,10.0
1345.0,0.016341252252459526,0.016341252252459526,0.0013787926873192191,0.0016194391064345837,9.338850213680416e-05,10.0,1.0,10.0
1346.0,0.017124414443969727,0.017124414443969727,0.0014382130466401577,0.0015590412076562643,0.00011832427117042243,10.0,1.0,10.0
1347.0,0.01850590854883194,0.01850590854883194,0.0014794161543250084,0.0019029431277886033,0.00018088034994434565,10.0,1.0,10.0
1348.0,0.02089131623506546,0.02089131623506546,0.001633792999200523,0.0019047915702685714,0.00026485961279831827,10.0,1.0,10.0
1349.0,0.02488326095044613,0.02488326095044613,0.0017864878755062819,0.002680650446563959,0.00043377320980653167,10.0,1.0,10.0
1350.0,0.031035125255584717,0.031035125255584717,0.0021539502777159214,0.0029080715030431747,0.0006587550742551684,10.0,1.0,10.0
1351.0,0.03932201489806175,0.03932201489806175,0.002501938259229064,0.004377827048301697,0.000992480432614684,10.0,1.0,10.0
1352.0,0.04738409072160721,0.04738409072160721,0.0029996405355632305,0.0045805503614246845,0.0012807135935872793,10.0,1.0,10.0
1353.0,0.05022890120744705,0.05022890120744705,0.0030774837359786034,0.0056615867651999,0.001379247521981597,10.0,1.0,10.0
1354.0,0.04295453429222107,0.04295453429222107,0.002799931215122342,0.004097422584891319,0.0010857796296477318,10.0,1.0,10.0
1355.0,0.029239775612950325,0.029239775612950325,0.002031870186328888,0.0031879532616585493,0.0005733121070079505,10.0,1.0,10.0
1356.0,0.020546797662973404,0.020546797662973404,0.0015503477770835161,0.0018098651198670268,0.0003233454772271216,10.0,1.0,10.0
1357.0,0.023325063288211823,0.023325063288211823,0.0016162190586328506,0.002108760643750429,0.0005054112407378852,10.0,1.0,10.0
1358.0,0.03074394166469574,0.03074394166469574,0.0019170005107298493,0.0030869143083691597,0.0008487023878842592,10.0,1.0,10.0
1359.0,0.03084433823823929,0.03084433823823929,0.002022125292569399,0.0028547518886625767,0.0007768335635773838,10.0,1.0,10.0
1360.0,0.022052321583032608,0.022052321583032608,0.0016244599828496575,0.0022905152291059494,0.00035172078059986234,10.0,1.0,10.0
1361.0,0.015851855278015137,0.015851855278015137,0.0013644748833030462,0.0014371915021911263,7.699134584981948e-05,10.0,1.0,10.0
1362.0,0.019465899094939232,0.019465899094939232,0.001497164135798812,0.0017572600627318025,0.0002736996684689075,10.0,1.0,10.0
1363.0,0.02532055228948593,0.02532055228948593,0.0016984789399430156,0.0024876792449504137,0.0005848082946613431,10.0,1.0,10.0
1364.0,0.023597922176122665,0.023597922176122665,0.0016768716741353273,0.002127064159139991,0.00047021423233672976,10.0,1.0,10.0
1365.0,0.0171430092304945,0.0171430092304945,0.0013935656752437353,0.0016369321383535862,0.00015704199904575944,10.0,1.0,10.0
1366.0,0.015836946666240692,0.015836946666240692,0.0013535935431718826,0.0015295258490368724,7.714845560258254e-05,10.0,1.0,10.0
1367.0,0.019908230751752853,0.019908230751752853,0.0015445502940565348,0.0017869744915515184,0.0002675754076335579,10.0,1.0,10.0
1368.0,0.021147454157471657,0.021147454157471657,0.0015530053060501814,0.0020966047886759043,0.0003520796599332243,10.0,1.0,10.0
1369.0,0.01757649891078472,0.01757649891078472,0.0014275452122092247,0.0015763900009915233,0.0001724656904116273,10.0,1.0,10.0
1370.0,0.01562504470348358,0.01562504470348358,0.0013534094905480742,0.00140589929651469,6.850493082311004e-05,10.0,1.0,10.0
1371.0,0.017811676487326622,0.017811676487326622,0.0014426570851355791,0.001793986069969833,0.00015911202353890985,10.0,1.0,10.0
1372.0,0.0191107839345932,0.0191107839345932,0.0015184226213023067,0.0017113076755777001,0.0002215249405708164,10.0,1.0,10.0
1373.0,0.016984228044748306,0.016984228044748306,0.0013952350709587336,0.0016640168614685535,0.0001367860531900078,10.0,1.0,10.0
1374.0,0.0153861278668046,0.0153861278668046,0.0013364721089601517,0.00144942884799093,5.7197812566300854e-05,10.0,1.0,10.0
1375.0,0.0167436171323061,0.0167436171323061,0.0014124105218797922,0.0015027436893433332,0.00011167701450176537,10.0,1.0,10.0
1376.0,0.01791580766439438,0.01791580766439438,0.0014467212604358792,0.0017978562973439693,0.00016507392865605652,10.0,1.0,10.0
1377.0,0.016639363020658493,0.016639363020658493,0.0014070209581404924,0.0014921786496415734,0.00010769757500384003,10.0,1.0,10.0
1378.0,0.015349606052041054,0.015349606052041054,0.001336937304586172,0.001436963677406311,5.432697798823938e-05,10.0,1.0,10.0
1379.0,0.01606258749961853,0.01606258749961853,0.0013631549663841724,0.0015388864558190107,8.921502740122378e-05,10.0,1.0,10.0
1380.0,0.016943031921982765,0.016943031921982765,0.0014209265355020761,0.0015188457909971476,0.00012149212852818891,10.0,1.0,10.0
1381.0,0.016268786042928696,0.016268786042928696,0.0013756380649283528,0.0015757052460685372,9.367006714455783e-05,10.0,1.0,10.0
1382.0,0.015412049368023872,0.015412049368023872,0.0013440492330119014,0.0013998347567394376,5.717223393730819e-05,10.0,1.0,10.0
1383.0,0.015799103304743767,0.015799103304743767,0.0013599900994449854,0.0014420608058571815,7.571421156171709e-05,10.0,1.0,10.0
1384.0,0.016366858035326004,0.016366858035326004,0.0013723036972805858,0.0015621429774910212,0.00010816774738486856,10.0,1.0,10.0
1385.0,0.015938397496938705,0.015938397496938705,0.0013705762103199959,0.001445766189135611,7.868683314882219e-05,10.0,1.0,10.0
1386.0,0.015350398607552052,0.015350398607552052,0.001337545458227396,0.0014382621739059687,5.366824916563928e-05,10.0,1.0,10.0
1387.0,0.015596488490700722,0.015596488490700722,0.0013438418973237276,0.0014578431146219373,7.002273923717439e-05,10.0,1.0,10.0
1388.0,0.01602616161108017,0.01602616161108017,0.0013711394276469946,0.0014588759513571858,8.55891703395173e-05,10.0,1.0,10.0
1389.0,0.01578410528600216,0.01578410528600216,0.0013500460190698504,0.0014841451775282621,7.994989573489875e-05,10.0,1.0,10.0
1390.0,0.015348921529948711,0.015348921529948711,0.0013398288283497095,0.0014204136095941067,5.302199861034751e-05,10.0,1.0,10.0
1391.0,0.015447046607732773,0.015447046607732773,0.0013465138617902994,0.0014162311563268304,5.6567743740743026e-05,10.0,1.0,10.0
1392.0,0.01574522815644741,0.01574522815644741,0.0013495126040652394,0.0014908919110894203,7.592097244923934e-05,10.0,1.0,10.0
1393.0,0.01564156450331211,0.01564156450331211,0.0013553414028137922,0.001433078432455659,6.55071999062784e-05,10.0,1.0,10.0
1394.0,0.015360521152615547,0.015360521152615547,0.0013384449994191527,0.0014202567981556058,5.558141492656432e-05,10.0,1.0,10.0
1395.0,0.01539289765059948,0.01539289765059948,0.001340194488875568,0.001443698420189321,5.472546399687417e-05,10.0,1.0,10.0
1396.0,0.015587073750793934,0.015587073750793934,0.0013562726089730859,0.0014143453445285559,6.100025711930357e-05,10.0,1.0,10.0
1397.0,0.015538288280367851,0.015538288280367851,0.0013446243247017264,0.0014628592180088162,6.291860336204991e-05,10.0,1.0,10.0
1398.0,0.015341589227318764,0.015341589227318764,0.0013416848378255963,0.0014126363676041365,5.121042704558931e-05,10.0,1.0,10.0
1399.0,0.01533642876893282,0.01533642876893282,0.0013416034635156393,0.0014093492645770311,5.110449274070561e-05,10.0,1.0,10.0
1400.0,0.015476849861443043,0.015476849861443043,0.0013426367659121752,0.0014594931853935122,5.909892206545919e-05,10.0,1.0,10.0
1401.0,0.015480300411581993,0.015480300411581993,0.0013504762900993228,0.0014120173873379827,5.6352026149397716e-05,10.0,1.0,10.0
1402.0,0.015349949710071087,0.015349949710071087,0.0013386216014623642,0.0014369471464306116,5.2678646170534194e-05,10.0,1.0,10.0
1403.0,0.015312514267861843,0.015312514267861843,0.001337748602963984,0.001419226871803403,5.158017302164808e-05,10.0,1.0,10.0
1404.0,0.015394112095236778,0.015394112095236778,0.001344688469544053,0.00141590042039752,5.313272413332015e-05,10.0,1.0,10.0
1405.0,0.01541847363114357,0.01541847363114357,0.0013401315081864595,0.0014476998476311564,5.694595165550709e-05,10.0,1.0,10.0
1406.0,0.015343311242759228,0.015343311242759228,0.0013421031180769205,0.0014106988674029708,5.115822932566516e-05,10.0,1.0,10.0
1407.0,0.015303990803658962,0.015303990803658962,0.0013384469784796238,0.001421489054337144,4.980320591130294e-05,10.0,1.0,10.0
1408.0,0.015351112931966782,0.015351112931966782,0.0013381990138441324,0.0014270766405388713,5.4204680054681376e-05,10.0,1.0,10.0
1409.0,0.015381461009383202,0.015381461009383202,0.00134387263096869,0.0014169650385156274,5.2576957386918366e-05,10.0,1.0,10.0
1410.0,0.015338166616857052,0.015338166616857052,0.0013379276497289538,0.0014279404422268271,5.3095020120963454e-05,10.0,1.0,10.0
1411.0,0.015296382829546928,0.015296382829546928,0.0013383449986577034,0.0014177074190229177,4.95225285703782e-05,10.0,1.0,10.0
1412.0,0.015315699391067028,0.015315699391067028,0.0013402968179434538,0.0014141770079731941,4.9855374527396634e-05,10.0,1.0,10.0
1413.0,0.015346667729318142,0.015346667729318142,0.0013382300967350602,0.0014294895809143782,5.3487703553400934e-05,10.0,1.0,10.0
1414.0,0.01533200778067112,0.01533200778067112,0.0013413531705737114,0.0014146189205348492,5.038564631831832e-05,10.0,1.0,10.0
1415.0,0.015299774706363678,0.015299774706363678,0.0013378608273342252,0.0014159984420984983,5.0516813644208014e-05,10.0,1.0,10.0
1416.0,0.015300574712455273,0.015300574712455273,0.0013377147261053324,0.0014236579881981015,4.997701762476936e-05,10.0,1.0,10.0
1417.0,0.015321825630962849,0.015321825630962849,0.00134099496062845,0.001410507713444531,5.0136826757807285e-05,10.0,1.0,10.0
1418.0,0.015320602804422379,0.015320602804422379,0.001337587833404541,0.0014286348596215248,5.160895307199098e-05,10.0,1.0,10.0
1419.0,0.015298348851501942,0.015298348851501942,0.0013390114763751626,0.0014136398676782846,4.9459427827969193e-05,10.0,1.0,10.0
1420.0,0.01529027707874775,0.01529027707874775,0.0013380935415625572,0.0014141631545498967,4.951783557771705e-05,10.0,1.0,10.0
1421.0,0.01530337706208229,0.01530337706208229,0.001337349647656083,0.0014241640456020832,5.0571765314089134e-05,10.0,1.0,10.0
1422.0,0.015310604125261307,0.015310604125261307,0.0013401859905570745,0.0014096040977165103,4.991390960640274e-05,10.0,1.0,10.0
1423.0,0.01529933325946331,0.01529933325946331,0.0013372717658057809,0.0014239242300391197,5.026911458116956e-05,10.0,1.0,10.0
1424.0,0.015287984162569046,0.015287984162569046,0.0013378923758864403,0.0014135097153484821,4.95551539643202e-05,10.0,1.0,10.0
1425.0,0.015291281044483185,0.015291281044483185,0.0013383745681494474,0.0014150727074593306,4.924620589008555e-05,10.0,1.0,10.0
1426.0,0.015298550948500633,0.015298550948500633,0.0013370329979807138,0.0014213755493983626,5.068463724455796e-05,10.0,1.0,10.0
1427.0,0.015295347198843956,0.015295347198843956,0.0013389128725975752,0.0014123592991381884,4.93858678964898e-05,10.0,1.0,10.0
1428.0,0.015286330133676529,0.015286330133676529,0.0013371349778026342,0.001418545376509428,4.9643371312413365e-05,10.0,1.0,10.0
1429.0,0.015284398570656776,0.015284398570656776,0.0013372543035075068,0.001415751874446869,4.9610385758569464e-05,10.0,1.0,10.0
1430.0,0.015289505943655968,0.015289505943655968,0.0013383529148995876,0.001414499245584011,4.914776945952326e-05,10.0,1.0,10.0
1431.0,0.015291140414774418,0.015291140414774418,0.001336890971288085,0.0014189512003213167,5.0327940698480234e-05,10.0,1.0,10.0
1432.0,0.015285838395357132,0.015285838395357132,0.001338037895038724,0.0014146370813250542,4.908224946120754e-05,10.0,1.0,10.0
1433.0,0.015281196683645248,0.015281196683645248,0.0013372423127293587,0.001414559897966683,4.942133091390133e-05,10.0,1.0,10.0
1434.0,0.015282172709703445,0.015282172709703445,0.001336894347332418,0.0014181947335600853,4.950340007781051e-05,10.0,1.0,10.0
1435.0,0.015284649096429348,0.015284649096429348,0.0013380346354097128,0.0014126377645879984,4.9166450480697677e-05,10.0,1.0,10.0
1436.0,0.015283188782632351,0.015283188782632351,0.0013366397470235825,0.001418947009369731,4.978436481906101e-05,10.0,1.0,10.0
1437.0,0.015279281884431839,0.015279281884431839,0.0013373316032812,0.0014150802744552493,4.9088557716459036e-05,10.0,1.0,10.0
1438.0,0.015277815982699394,0.015277815982699394,0.0013370993547141552,0.0014145708410069346,4.922513471683487e-05,10.0,1.0,10.0
1439.0,0.015279295854270458,0.015279295854270458,0.0013365957420319319,0.0014188657514750957,4.944720785715617e-05,10.0,1.0,10.0
1440.0,0.015279892832040787,0.015279892832040787,0.001337626250460744,0.0014124028384685516,4.912283839075826e-05,10.0,1.0,10.0
1441.0,0.015277793630957603,0.015277793630957603,0.0013365400955080986,0.0014186413027346134,4.937515041092411e-05,10.0,1.0,10.0
1442.0,0.015275323763489723,0.015275323763489723,0.0013369733933359385,0.0014142640866339207,4.913263182970695e-05,10.0,1.0,10.0
1443.0,0.015274868346750736,0.015274868346750736,0.0013369707157835364,0.001415494130924344,4.8966685426421463e-05,10.0,1.0,10.0
1444.0,0.015275520272552967,0.015275520272552967,0.0013364373007789254,0.001417216844856739,4.939304562867619e-05,10.0,1.0,10.0
1445.0,0.015275034122169018,0.015275034122169018,0.0013372080866247416,0.0014139089034870267,4.8904512368608266e-05,10.0,1.0,10.0
1446.0,0.015273227356374264,0.015273227356374264,0.0013364712940528989,0.001416689483448863,4.9182512157130986e-05,10.0,1.0,10.0
1447.0,0.015271836891770363,0.015271836891770363,0.0013367047067731619,0.0014147916808724403,4.899981286143884e-05,10.0,1.0,10.0
1448.0,0.015271726064383984,0.015271726064383984,0.001336856046691537,0.0014147622277960181,4.884041482000612e-05,10.0,1.0,10.0
1449.0,0.015271853655576706,0.015271853655576706,0.0013363417237997055,0.001416271785274148,4.9216512707062066e-05,10.0,1.0,10.0
1450.0,0.015271078795194626,0.015271078795194626,0.0013368951622396708,0.0014145455788820982,4.875820377492346e-05,10.0,1.0,10.0
1451.0,0.015269709751009941,0.015269709751009941,0.0013363846810534596,0.0014153526863083243,4.905103560304269e-05,10.0,1.0,10.0
1452.0,0.01526875700801611,0.01526875700801611,0.0013364518526941538,0.0014158154372125864,4.884239024249837e-05,10.0,1.0,10.0
1453.0,0.015268508344888687,0.015268508344888687,0.001336665591225028,0.0014137462712824345,4.881061249761842e-05,10.0,1.0,10.0
1454.0,0.015268242917954922,0.015268242917954922,0.0013361817691475153,0.0014167538611218333,4.896715108770877e-05,10.0,1.0,10.0
1455.0,0.015267402864992619,0.015267402864992619,0.0013366418424993753,0.001413749880157411,4.8723493819125e-05,10.0,1.0,10.0
1456.0,0.015266316011548042,0.015266316011548042,0.001336252549663186,0.0014156345278024673,4.8815600166562945e-05,10.0,1.0,10.0
1457.0,0.015265557914972305,0.015265557914972305,0.001336305751465261,0.0014149146154522896,4.875856757280417e-05,10.0,1.0,10.0
1458.0,0.015265224501490593,0.015265224501490593,0.0013364951591938734,0.0014138726983219385,4.8639962187735364e-05,10.0,1.0,10.0
1459.0,0.015264793299138546,0.015264793299138546,0.0013361212331801653,0.001415625330992043,4.8795598559081554e-05,10.0,1.0,10.0
1460.0,0.015264050103724003,0.015264050103724003,0.0013364762999117374,0.0014133943477645516,4.858927786699496e-05,10.0,1.0,10.0
1461.0,0.015263154171407223,0.015263154171407223,0.001336174551397562,0.0014150106580927968,4.863983122049831e-05,10.0,1.0,10.0
1462.0,0.0152624836191535,0.0152624836191535,0.0013362058671191335,0.0014140764251351357,4.8634894483257085e-05,10.0,1.0,10.0
1463.0,0.015262062661349773,0.015262062661349773,0.0013363300822675228,0.0014139970298856497,4.847647142014466e-05,10.0,1.0,10.0
1464.0,0.015261565335094929,0.015261565335094929,0.0013360497541725636,0.001414409838616848,4.866582094109617e-05,10.0,1.0,10.0
1465.0,0.015260839834809303,0.015260839834809303,0.0013362967874854803,0.0014136821264401078,4.841893678531051e-05,10.0,1.0,10.0
1466.0,0.015260078944265842,0.015260078944265842,0.0013360860757529736,0.0014137442922219634,4.854744838667102e-05,10.0,1.0,10.0
1467.0,0.015259413048624992,0.015259413048624992,0.0013360856100916862,0.00141415954567492,4.8439778765896335e-05,10.0,1.0,10.0
1468.0,0.015258903615176678,0.015258903615176678,0.0013361899182200432,0.0014129538321867585,4.840506153414026e-05,10.0,1.0,10.0
1469.0,0.01525835320353508,0.01525835320353508,0.0013359420699998736,0.0014144022716209292,4.845301009481773e-05,10.0,1.0,10.0
1470.0,0.015257700346410275,0.015257700346410275,0.0013361579040065408,0.0014127175090834498,4.8340421926695853e-05,10.0,1.0,10.0
1471.0,0.015257003717124462,0.015257003717124462,0.0013359610456973314,0.0014137242687866092,4.8366924602305517e-05,10.0,1.0,10.0
1472.0,0.015256345272064209,0.015256345272064209,0.0013359986478462815,0.001412989804521203,4.8336944018956274e-05,10.0,1.0,10.0
1473.0,0.015255797654390335,0.015255797654390335,0.0013360476586967707,0.0014128076145425439,4.825130963581614e-05,10.0,1.0,10.0
1474.0,0.015255231410264969,0.015255231410264969,0.0013358817668631673,0.0014131794450804591,4.832345439353958e-05,10.0,1.0,10.0
1475.0,0.015254614874720573,0.015254614874720573,0.0013360403245314956,0.0014123489381745458,4.8186222556978464e-05,10.0,1.0,10.0
1476.0,0.015253947116434574,0.015253947116434574,0.0013358797878026962,0.0014127477770671248,4.824021380045451e-05,10.0,1.0,10.0
1477.0,0.01525332871824503,0.01525332871824503,0.0013359237927943468,0.0014123276341706514,4.817641092813574e-05,10.0,1.0,10.0
1478.0,0.015252728946506977,0.015252728946506977,0.0013359339209273458,0.001412049401551485,4.813405030290596e-05,10.0,1.0,10.0
1479.0,0.01525215432047844,0.01525215432047844,0.0013358118012547493,0.0014123325236141682,4.817047010874376e-05,10.0,1.0,10.0
1480.0,0.015251568518579006,0.015251568518579006,0.001335927052423358,0.0014116651145741343,4.8063269787235186e-05,10.0,1.0,10.0
1481.0,0.015250920318067074,0.015250920318067074,0.0013357854913920164,0.0014119440456852317,4.811210237676278e-05,10.0,1.0,10.0
1482.0,0.015250304713845253,0.015250304713845253,0.0013358349679037929,0.0014116059755906463,4.803492993232794e-05,10.0,1.0,10.0
1483.0,0.015249707736074924,0.015249707736074924,0.0013358201831579208,0.0014112545177340508,4.802517651114613e-05,10.0,1.0,10.0
1484.0,0.015249136835336685,0.015249136835336685,0.001335739390924573,0.0014115652302280068,4.8017787776188925e-05,10.0,1.0,10.0
1485.0,0.01524856686592102,0.01524856686592102,0.0013358269352465868,0.0014107116730883718,4.7958619688870385e-05,10.0,1.0,10.0
1486.0,0.015247933566570282,0.015247933566570282,0.001335696317255497,0.0014112952630966902,4.7967452701414004e-05,10.0,1.0,10.0
1487.0,0.01524731982499361,0.01524731982499361,0.0013357597636058927,0.0014104777947068214,4.7924506361596286e-05,10.0,1.0,10.0
1488.0,0.015246737748384476,0.015246737748384476,0.0013357085408642888,0.001410784083418548,4.788683872902766e-05,10.0,1.0,10.0
1489.0,0.015246138907968998,0.015246138907968998,0.0013356776908040047,0.0014102972345426679,4.790651291841641e-05,10.0,1.0,10.0
1490.0,0.015245553106069565,0.015245553106069565,0.0013357141287997365,0.001410290482454002,4.781212192028761e-05,10.0,1.0,10.0
1491.0,0.015244952403008938,0.015244952403008938,0.0013356305425986648,0.0014099321560934186,4.7871431888779625e-05,10.0,1.0,10.0
1492.0,0.015244386158883572,0.015244386158883572,0.0013356748968362808,0.0014100470580160618,4.775905836140737e-05,10.0,1.0,10.0
1493.0,0.015243793837726116,0.015243793837726116,0.0013356306590139866,0.0014093557838350534,4.781316965818405e-05,10.0,1.0,10.0
1494.0,0.01524317916482687,0.01524317916482687,0.0013355999253690243,0.0014099751133471727,4.772048851009458e-05,10.0,1.0,10.0
1495.0,0.015242628753185272,0.015242628753185272,0.001335637760348618,0.0014086762676015496,4.775749039254151e-05,10.0,1.0,10.0
1496.0,0.015242066234350204,0.015242066234350204,0.00133554358035326,0.0014098880346864462,4.767420978168957e-05,10.0,1.0,10.0
1497.0,0.015241507440805435,0.015241507440805435,0.0013356200652197003,0.0014080447144806385,4.772618194692768e-05,10.0,1.0,10.0
1498.0,0.015241004526615143,0.015241004526615143,0.0013355209957808256,0.0014097586972638965,4.7603527491446584e-05,10.0,1.0,10.0
1499.0,0.01524050347507,0.01524050347507,0.0013355822302401066,0.0014074392383918166,4.772422107635066e-05,10.0,1.0,10.0
1500.0,0.015240028500556946,0.015240028500556946,0.0013355129631236196,0.0014097148086875677,4.7518427891191095e-05,10.0,1.0,10.0
