epoch,loss_total,objective_total,loss_data,loss_physics,loss_boundary,weight_data,weight_physics,weight_boundary
1.0,99.6804428100586,99.6804428100586,0.2756710350513458,96.89839172363281,0.002533878665417433,10.0,1.0,10.0
2.0,97.919189453125,97.919189453125,0.1952522248029709,95.82952880859375,0.013713943772017956,10.0,1.0,10.0
3.0,96.6145248413086,96.6145248413086,0.13818377256393433,94.77141571044922,0.04612710326910019,10.0,1.0,10.0
4.0,95.73323059082031,95.73323059082031,0.10421344637870789,93.72559356689453,0.09654983878135681,10.0,1.0,10.0
5.0,95.18243408203125,95.18243408203125,0.09054064750671387,92.70410919189453,0.1572922170162201,10.0,1.0,10.0
6.0,94.81455993652344,94.81455993652344,0.09082253277301788,91.73019409179688,0.21761423349380493,10.0,1.0,10.0
7.0,94.48149871826172,94.48149871826172,0.09745316207408905,90.82891845703125,0.2678048014640808,10.0,1.0,10.0
8.0,94.08036804199219,94.08036804199219,0.10440512746572495,90.01534271240234,0.3020973801612854,10.0,1.0,10.0
9.0,93.56587982177734,93.56587982177734,0.10845932364463806,89.28938293457031,0.31918996572494507,10.0,1.0,10.0
10.0,92.93771362304688,92.93771362304688,0.10887043178081512,88.63854217529297,0.3210463225841522,10.0,1.0,10.0
11.0,92.21942901611328,92.21942901611328,0.10639026015996933,88.04243469238281,0.31130877137184143,10.0,1.0,10.0
12.0,91.44037628173828,91.44037628173828,0.10235501825809479,87.47587585449219,0.2940947115421295,10.0,1.0,10.0
13.0,90.62388610839844,90.62388610839844,0.0980638936161995,86.91061401367188,0.27326327562332153,10.0,1.0,10.0
14.0,89.78153228759766,89.78153228759766,0.09444402158260345,86.31674194335938,0.2520347833633423,10.0,1.0,10.0
15.0,88.91209411621094,88.91209411621094,0.09194467216730118,85.66397094726562,0.23286765813827515,10.0,1.0,10.0
16.0,88.00347900390625,88.00347900390625,0.09058874845504761,84.9227066040039,0.21748888492584229,10.0,1.0,10.0
17.0,87.03663635253906,87.03663635253906,0.09012152999639511,84.06536102294922,0.2070060819387436,10.0,1.0,10.0
18.0,85.99022674560547,85.99022674560547,0.09020384401082993,83.0677261352539,0.20204633474349976,10.0,1.0,10.0
19.0,84.84523010253906,84.84523010253906,0.09059643000364304,81.91034698486328,0.20289185643196106,10.0,1.0,10.0
20.0,83.5881576538086,83.5881576538086,0.09128332883119583,80.5794677734375,0.20958544313907623,10.0,1.0,10.0
21.0,82.21217346191406,82.21217346191406,0.09249932318925858,79.06755065917969,0.22196312248706818,10.0,1.0,10.0
22.0,80.71632385253906,80.71632385253906,0.09465362131595612,77.37383270263672,0.2395956963300705,10.0,1.0,10.0
23.0,79.10285949707031,79.10285949707031,0.09816455096006393,75.504638671875,0.2616574466228485,10.0,1.0,10.0
24.0,77.37364959716797,77.37364959716797,0.10324493050575256,73.47342681884766,0.2867777347564697,10.0,1.0,10.0
25.0,75.52679443359375,75.52679443359375,0.10970664769411087,71.300048828125,0.31296753883361816,10.0,1.0,10.0
26.0,73.55481719970703,73.55481719970703,0.11688146740198135,69.00856018066406,0.3377440273761749,10.0,1.0,10.0
27.0,71.44598388671875,71.44598388671875,0.12373706698417664,66.62351989746094,0.3585094213485718,10.0,1.0,10.0
28.0,69.18841552734375,69.18841552734375,0.12917093932628632,64.16582489013672,0.3730882406234741,10.0,1.0,10.0
29.0,66.77484893798828,66.77484893798828,0.13235923647880554,61.648990631103516,0.38022667169570923,10.0,1.0,10.0
30.0,64.20571899414062,64.20571899414062,0.13301408290863037,59.07661819458008,0.37989604473114014,10.0,1.0,10.0
31.0,61.48905563354492,61.48905563354492,0.13145455718040466,56.44126892089844,0.3733242154121399,10.0,1.0,10.0
32.0,58.6373405456543,58.6373405456543,0.1284768134355545,53.72502899169922,0.36275428533554077,10.0,1.0,10.0
33.0,55.66337585449219,55.66337585449219,0.12508077919483185,50.902915954589844,0.350965291261673,10.0,1.0,10.0
34.0,52.57852554321289,52.57852554321289,0.12216797471046448,47.950443267822266,0.3406403064727783,10.0,1.0,10.0
35.0,49.39569091796875,49.39569091796875,0.12034013122320175,44.854923248291016,0.3337368667125702,10.0,1.0,10.0
36.0,46.136253356933594,46.136253356933594,0.11985062062740326,41.62733459472656,0.3310413956642151,10.0,1.0,10.0
37.0,42.836124420166016,42.836124420166016,0.12061817944049835,38.31011962890625,0.3319825232028961,10.0,1.0,10.0
38.0,39.545833587646484,39.545833587646484,0.12216807901859283,34.977577209472656,0.3346576392650604,10.0,1.0,10.0
39.0,36.32411575317383,36.32411575317383,0.12352736294269562,31.727842330932617,0.33609992265701294,10.0,1.0,10.0
40.0,33.23049545288086,33.23049545288086,0.12332943826913834,28.66735076904297,0.33298513293266296,10.0,1.0,10.0
41.0,30.32374382019043,30.32374382019043,0.12037669122219086,25.89120101928711,0.32287755608558655,10.0,1.0,10.0
42.0,27.666179656982422,27.666179656982422,0.11446160823106766,23.46621322631836,0.30553507804870605,10.0,1.0,10.0
43.0,25.323535919189453,25.323535919189453,0.10675746202468872,21.422441482543945,0.283351868391037,10.0,1.0,10.0
44.0,23.350322723388672,23.350322723388672,0.0992460548877716,19.753841400146484,0.26040220260620117,10.0,1.0,10.0
45.0,21.76547622680664,21.76547622680664,0.09344814717769623,18.426637649536133,0.24043585360050201,10.0,1.0,10.0
46.0,20.5374813079834,20.5374813079834,0.08952027559280396,17.391796112060547,0.2250482141971588,10.0,1.0,10.0
47.0,19.5902042388916,19.5902042388916,0.08657295256853104,16.590721130371094,0.2133752703666687,10.0,1.0,10.0
48.0,18.81724739074707,18.81724739074707,0.08368252217769623,15.946858406066895,0.20335637032985687,10.0,1.0,10.0
49.0,18.096843719482422,18.096843719482422,0.0805078074336052,15.358659744262695,0.19331061840057373,10.0,1.0,10.0
50.0,17.31698989868164,17.31698989868164,0.07729472219944,14.71604061126709,0.18280011415481567,10.0,1.0,10.0
51.0,16.403169631958008,16.403169631958008,0.07444130629301071,13.934907913208008,0.1723848432302475,10.0,1.0,10.0
52.0,15.324718475341797,15.324718475341797,0.07179420441389084,12.981246948242188,0.16255298256874084,10.0,1.0,10.0
53.0,14.083005905151367,14.083005905151367,0.06843353807926178,11.86899185180664,0.15296784043312073,10.0,1.0,10.0
54.0,12.704995155334473,12.704995155334473,0.06351207196712494,10.640941619873047,0.14289334416389465,10.0,1.0,10.0
55.0,11.243512153625488,11.243512153625488,0.057205528020858765,9.350706100463867,0.13207513093948364,10.0,1.0,10.0
56.0,9.769378662109375,9.769378662109375,0.050517015159130096,8.05591869354248,0.12082900106906891,10.0,1.0,10.0
57.0,8.356308937072754,8.356308937072754,0.04426229000091553,6.819691181182861,0.10939949750900269,10.0,1.0,10.0
58.0,7.068917274475098,7.068917274475098,0.0384790301322937,5.708466053009033,0.09756606072187424,10.0,1.0,10.0
59.0,5.95261812210083,5.95261812210083,0.032673418521881104,4.776958465576172,0.08489255607128143,10.0,1.0,10.0
60.0,5.023647308349609,5.023647308349609,0.026405133306980133,4.047061920166016,0.07125338912010193,10.0,1.0,10.0
61.0,4.273641109466553,4.273641109466553,0.019800206646323204,3.502850294113159,0.057278890162706375,10.0,1.0,10.0
62.0,3.6924099922180176,3.6924099922180176,0.013671660795807838,3.1116037368774414,0.04440895840525627,10.0,1.0,10.0
63.0,3.2814393043518066,3.2814393043518066,0.009001025930047035,2.8479249477386475,0.034350425004959106,10.0,1.0,10.0
64.0,3.043278694152832,3.043278694152832,0.0063641066662967205,2.6955955028533936,0.028404217213392258,10.0,1.0,10.0
65.0,2.961825370788574,2.961825370788574,0.0058775353245437145,2.632199287414551,0.0270850732922554,10.0,1.0,10.0
66.0,2.9914183616638184,2.9914183616638184,0.007251267321407795,2.6205520629882812,0.029835358262062073,10.0,1.0,10.0
67.0,3.0720293521881104,3.0720293521881104,0.009797438979148865,2.623042583465576,0.03510123863816261,10.0,1.0,10.0
68.0,3.162060022354126,3.162060022354126,0.012722998857498169,2.623311996459961,0.04115181788802147,10.0,1.0,10.0
69.0,3.2449660301208496,3.2449660301208496,0.015370533801615238,2.62267804145813,0.04685825854539871,10.0,1.0,10.0
70.0,3.3066461086273193,3.3066461086273193,0.017363769933581352,2.6141090393066406,0.051889948546886444,10.0,1.0,10.0
71.0,3.3256707191467285,3.3256707191467285,0.01888182759284973,2.5713088512420654,0.056554362177848816,10.0,1.0,10.0
72.0,3.2864460945129395,3.2864460945129395,0.020441249012947083,2.470034599304199,0.061199888586997986,10.0,1.0,10.0
73.0,3.1910641193389893,3.1910641193389893,0.022203706204891205,2.3135998249053955,0.06554272770881653,10.0,1.0,10.0
74.0,3.056821584701538,3.056821584701538,0.0237885769456625,2.131603717803955,0.06873322278261185,10.0,1.0,10.0
75.0,2.9020402431488037,2.9020402431488037,0.024591363966464996,1.9567673206329346,0.06993591040372849,10.0,1.0,10.0
76.0,2.7373275756835938,2.7373275756835938,0.024178393185138702,1.807841420173645,0.06877022236585617,10.0,1.0,10.0
77.0,2.572206497192383,2.572206497192383,0.02260638028383255,1.6919236183166504,0.06542189419269562,10.0,1.0,10.0
78.0,2.41847825050354,2.41847825050354,0.020283455029129982,1.6116341352462769,0.06040097028017044,10.0,1.0,10.0
79.0,2.283792734146118,2.283792734146118,0.017591964453458786,1.5645865201950073,0.05432865023612976,10.0,1.0,10.0
80.0,2.170145034790039,2.170145034790039,0.014859131537377834,1.541322946548462,0.048023078590631485,10.0,1.0,10.0
81.0,2.0765981674194336,2.0765981674194336,0.012419848702847958,1.528499722480774,0.042389992624521255,10.0,1.0,10.0
82.0,2.000577688217163,2.000577688217163,0.010501427575945854,1.5158231258392334,0.03797402232885361,10.0,1.0,10.0
83.0,1.9391025304794312,1.9391025304794312,0.00913110189139843,1.5007097721099854,0.0347081758081913,10.0,1.0,10.0
84.0,1.8882989883422852,1.8882989883422852,0.008135302923619747,1.485831379890442,0.03211144730448723,10.0,1.0,10.0
85.0,1.8441245555877686,1.8441245555877686,0.007310913875699043,1.4732685089111328,0.02977469563484192,10.0,1.0,10.0
86.0,1.8048425912857056,1.8048425912857056,0.00662712287157774,1.4618173837661743,0.02767540141940117,10.0,1.0,10.0
87.0,1.7696821689605713,1.7696821689605713,0.006135881412774324,1.4485527276992798,0.025977063924074173,10.0,1.0,10.0
88.0,1.7369487285614014,1.7369487285614014,0.005797927733510733,1.4321091175079346,0.024686044082045555,10.0,1.0,10.0
89.0,1.7052395343780518,1.7052395343780518,0.00550998467952013,1.4138907194137573,0.02362489514052868,10.0,1.0,10.0
90.0,1.674365758895874,1.674365758895874,0.005212278570979834,1.3959388732910156,0.02263040281832218,10.0,1.0,10.0
91.0,1.6449799537658691,1.6449799537658691,0.0049315690994262695,1.3788065910339355,0.0216857697814703,10.0,1.0,10.0
92.0,1.617226243019104,1.617226243019104,0.004716950003057718,1.3615291118621826,0.020852768793702126,10.0,1.0,10.0
93.0,1.5896146297454834,1.5896146297454834,0.004555993247777224,1.34262216091156,0.020143263041973114,10.0,1.0,10.0
94.0,1.560577392578125,1.560577392578125,0.004418272525072098,1.321048378944397,0.01953461766242981,10.0,1.0,10.0
95.0,1.5302242040634155,1.5302242040634155,0.004332222044467926,1.2964329719543457,0.019046902656555176,10.0,1.0,10.0
96.0,1.499455451965332,1.499455451965332,0.0043484847992658615,1.2687642574310303,0.018720634281635284,10.0,1.0,10.0
97.0,1.4686145782470703,1.4686145782470703,0.004456548020243645,1.2385808229446411,0.018546829000115395,10.0,1.0,10.0
98.0,1.437471866607666,1.437471866607666,0.004564495757222176,1.2072724103927612,0.018455451354384422,10.0,1.0,10.0
99.0,1.4062528610229492,1.4062528610229492,0.004579612985253334,1.1766223907470703,0.018383435904979706,10.0,1.0,10.0
100.0,1.3764275312423706,1.3764275312423706,0.004512812476605177,1.1478556394577026,0.018344378098845482,10.0,1.0,10.0
101.0,1.3496026992797852,1.3496026992797852,0.004460448864847422,1.1210157871246338,0.018398238345980644,10.0,1.0,10.0
102.0,1.3260865211486816,1.3260865211486816,0.004492504056543112,1.095463514328003,0.018569786101579666,10.0,1.0,10.0
103.0,1.3053889274597168,1.3053889274597168,0.0045984284952282906,1.0710785388946533,0.018832609057426453,10.0,1.0,10.0
104.0,1.2872917652130127,1.2872917652130127,0.004721945151686668,1.0485790967941284,0.01914932206273079,10.0,1.0,10.0
105.0,1.2718486785888672,1.2718486785888672,0.00482370937243104,1.028663158416748,0.01949484832584858,10.0,1.0,10.0
106.0,1.258615493774414,1.258615493774414,0.004902379121631384,1.0112273693084717,0.019836440682411194,10.0,1.0,10.0
107.0,1.2463140487670898,1.2463140487670898,0.00495997816324234,0.9955742955207825,0.020113999024033546,10.0,1.0,10.0
108.0,1.2337490320205688,1.2337490320205688,0.004979841411113739,0.9812207221984863,0.0202729981392622,10.0,1.0,10.0
109.0,1.2205448150634766,1.2205448150634766,0.0049431403167545795,0.9680496454238892,0.020306376740336418,10.0,1.0,10.0
110.0,1.2066383361816406,1.2066383361816406,0.004850651137530804,0.9556987881660461,0.02024330012500286,10.0,1.0,10.0
111.0,1.1918312311172485,1.1918312311172485,0.004729177802801132,0.943423867225647,0.0201115645468235,10.0,1.0,10.0
112.0,1.1760493516921997,1.1760493516921997,0.0046122437343001366,0.9307083487510681,0.01992185227572918,10.0,1.0,10.0
113.0,1.1596980094909668,1.1596980094909668,0.004514850676059723,0.9177308678627014,0.019681870937347412,10.0,1.0,10.0
114.0,1.1435179710388184,1.1435179710388184,0.004427144769579172,0.9051519632339478,0.019409455358982086,10.0,1.0,10.0
115.0,1.1280347108840942,1.1280347108840942,0.0043249670416116714,0.8935863375663757,0.0191198717802763,10.0,1.0,10.0
116.0,1.113463044166565,1.113463044166565,0.004194089211523533,0.8833903074264526,0.018813185393810272,10.0,1.0,10.0
117.0,1.0999711751937866,1.0999711751937866,0.004045617301017046,0.8746744394302368,0.01848405785858631,10.0,1.0,10.0
118.0,1.0876504182815552,1.0876504182815552,0.0039034702349454165,0.8672126531600952,0.018140308558940887,10.0,1.0,10.0
119.0,1.07637619972229,1.07637619972229,0.0037845063488930464,0.8604341745376587,0.017809700220823288,10.0,1.0,10.0
120.0,1.0658113956451416,1.0658113956451416,0.003690991085022688,0.853654682636261,0.017524678260087967,10.0,1.0,10.0
121.0,1.0555638074874878,1.0555638074874878,0.0036184692289680243,0.8463658094406128,0.017301328480243683,10.0,1.0,10.0
122.0,1.0453261137008667,1.0453261137008667,0.0035664227325469255,0.8383175730705261,0.01713443547487259,10.0,1.0,10.0
123.0,1.0348494052886963,1.0348494052886963,0.0035358418244868517,0.8294110894203186,0.01700798235833645,10.0,1.0,10.0
124.0,1.0239660739898682,1.0239660739898682,0.0035217637196183205,0.8196477890014648,0.016910061240196228,10.0,1.0,10.0
125.0,1.0126508474349976,1.0126508474349976,0.0035133620258420706,0.8091403245925903,0.016837691888213158,10.0,1.0,10.0
126.0,1.0009812116622925,1.0009812116622925,0.00350242480635643,0.7980665564537048,0.016789045184850693,10.0,1.0,10.0
127.0,0.9891008734703064,0.9891008734703064,0.0034912775736302137,0.7866184711456299,0.01675696298480034,10.0,1.0,10.0
128.0,0.9771921634674072,0.9771921634674072,0.003488545771688223,0.774983823299408,0.016732286661863327,10.0,1.0,10.0
129.0,0.9654464721679688,0.9654464721679688,0.0034985037054866552,0.7633322477340698,0.016712918877601624,10.0,1.0,10.0
130.0,0.9540068507194519,0.9540068507194519,0.0035169555339962244,0.7517785429954529,0.01670587807893753,10.0,1.0,10.0
131.0,0.9429190754890442,0.9429190754890442,0.003536350093781948,0.7403804659843445,0.016717510297894478,10.0,1.0,10.0
132.0,0.9321768879890442,0.9321768879890442,0.0035539530217647552,0.7292042374610901,0.016743315383791924,10.0,1.0,10.0
133.0,0.9217561483383179,0.9217561483383179,0.003571935463696718,0.7183516621589661,0.016768518835306168,10.0,1.0,10.0
134.0,0.9115816950798035,0.9115816950798035,0.0035902573727071285,0.7078971266746521,0.01677820272743702,10.0,1.0,10.0
135.0,0.9015361070632935,0.9015361070632935,0.003603477729484439,0.6978360414505005,0.016766531392931938,10.0,1.0,10.0
136.0,0.8915191888809204,0.8915191888809204,0.00360589730553329,0.6881005167961121,0.016735969111323357,10.0,1.0,10.0
137.0,0.8814908266067505,0.8814908266067505,0.0035986872389912605,0.678593099117279,0.016691092401742935,10.0,1.0,10.0
138.0,0.8714402318000793,0.8714402318000793,0.003589048283174634,0.669196605682373,0.016635317355394363,10.0,1.0,10.0
139.0,0.8613520860671997,0.8613520860671997,0.003581915982067585,0.65981125831604,0.01657216250896454,10.0,1.0,10.0
140.0,0.851242184638977,0.851242184638977,0.003574914764612913,0.6504335999488831,0.016505947336554527,10.0,1.0,10.0
141.0,0.8411649465560913,0.8411649465560913,0.0035620827693492174,0.6411595940589905,0.016438450664281845,10.0,1.0,10.0
142.0,0.8311688303947449,0.8311688303947449,0.0035414020530879498,0.6320903897285461,0.016366438940167427,10.0,1.0,10.0
143.0,0.8212689161300659,0.8212689161300659,0.0035164710134267807,0.6232541799545288,0.016284998506307602,10.0,1.0,10.0
144.0,0.811466634273529,0.811466634273529,0.0034910463728010654,0.6146178841590881,0.016193831339478493,10.0,1.0,10.0
145.0,0.8017714023590088,0.8017714023590088,0.0034648599103093147,0.6061264872550964,0.016099635511636734,10.0,1.0,10.0
146.0,0.7921786308288574,0.7921786308288574,0.003436049446463585,0.5977009534835815,0.016011718660593033,10.0,1.0,10.0
147.0,0.782660961151123,0.782660961151123,0.003406145377084613,0.5892412662506104,0.015935828909277916,10.0,1.0,10.0
148.0,0.7731950283050537,0.7731950283050537,0.0033798187505453825,0.5806758999824524,0.01587209664285183,10.0,1.0,10.0
149.0,0.7637753486633301,0.7637753486633301,0.0033595310524106026,0.5720059275627136,0.015817413106560707,10.0,1.0,10.0
150.0,0.7544019222259521,0.7544019222259521,0.003342780051752925,0.5632864236831665,0.01576877012848854,10.0,1.0,10.0
151.0,0.7450711727142334,0.7450711727142334,0.0033255619928240776,0.5545725226402283,0.015724297612905502,10.0,1.0,10.0
152.0,0.7357853651046753,0.7357853651046753,0.0033072843216359615,0.5458883047103882,0.01568242348730564,10.0,1.0,10.0
153.0,0.7265571355819702,0.7265571355819702,0.0032907421700656414,0.537230908870697,0.01564188301563263,10.0,1.0,10.0
154.0,0.7173947691917419,0.7173947691917419,0.0032780736219137907,0.5285851955413818,0.015602881088852882,10.0,1.0,10.0
155.0,0.7082990407943726,0.7082990407943726,0.003268502652645111,0.5199415683746338,0.015567243099212646,10.0,1.0,10.0
156.0,0.6992691159248352,0.6992691159248352,0.003260178491473198,0.5113092660903931,0.015535807237029076,10.0,1.0,10.0
157.0,0.6903073787689209,0.6903073787689209,0.0032528250012546778,0.5027189254760742,0.015506015159189701,10.0,1.0,10.0
158.0,0.6814138293266296,0.6814138293266296,0.00324735208414495,0.49421074986457825,0.015472953207790852,10.0,1.0,10.0
159.0,0.6725876331329346,0.6725876331329346,0.0032434621825814247,0.4858211576938629,0.015433182939887047,10.0,1.0,10.0
160.0,0.6638308763504028,0.6638308763504028,0.003238924080505967,0.4775736629962921,0.015386796556413174,10.0,1.0,10.0
161.0,0.6551477909088135,0.6551477909088135,0.003231730544939637,0.46947285532951355,0.015335765667259693,10.0,1.0,10.0
162.0,0.646541953086853,0.646541953086853,0.003222342347726226,0.4615054726600647,0.015281302854418755,10.0,1.0,10.0
163.0,0.6380155086517334,0.6380155086517334,0.0032128682360053062,0.45365089178085327,0.015223588794469833,10.0,1.0,10.0
164.0,0.6295692324638367,0.6295692324638367,0.0032043138053268194,0.44589635729789734,0.01516297273337841,10.0,1.0,10.0
165.0,0.6212023496627808,0.6212023496627808,0.0031954688020050526,0.4382445216178894,0.015100318938493729,10.0,1.0,10.0
166.0,0.6129134297370911,0.6129134297370911,0.003184702480211854,0.4307067096233368,0.015035968273878098,10.0,1.0,10.0
167.0,0.6047008037567139,0.6047008037567139,0.0031718858517706394,0.4232883155345917,0.014969361945986748,10.0,1.0,10.0
168.0,0.596563458442688,0.596563458442688,0.003157983534038067,0.41598087549209595,0.014900274574756622,10.0,1.0,10.0
169.0,0.5885018706321716,0.5885018706321716,0.003143416251987219,0.40876713395118713,0.014830059371888638,10.0,1.0,10.0
170.0,0.5805190801620483,0.5805190801620483,0.0031278443057090044,0.40162894129753113,0.014761174097657204,10.0,1.0,10.0
171.0,0.5726193189620972,0.5726193189620972,0.003111491445451975,0.3945518434047699,0.014695254154503345,10.0,1.0,10.0
172.0,0.5648066401481628,0.5648066401481628,0.00309567479416728,0.38752812147140503,0.014632177539169788,10.0,1.0,10.0
173.0,0.557084321975708,0.557084321975708,0.0030814665369689465,0.38056033849716187,0.014570931904017925,10.0,1.0,10.0
174.0,0.5494552850723267,0.5494552850723267,0.0030684289522469044,0.3736604154109955,0.014511059038341045,10.0,1.0,10.0
175.0,0.5419207215309143,0.5419207215309143,0.0030552390962839127,0.36684027314186096,0.014452804811298847,10.0,1.0,10.0
176.0,0.5344793796539307,0.5344793796539307,0.0030413942877203226,0.36010223627090454,0.01439631637185812,10.0,1.0,10.0
177.0,0.5271300673484802,0.5271300673484802,0.0030277608893811703,0.3534398376941681,0.014341261237859726,10.0,1.0,10.0
178.0,0.5198721885681152,0.5198721885681152,0.0030153444968163967,0.3468450605869293,0.014287366531789303,10.0,1.0,10.0
179.0,0.5127055644989014,0.5127055644989014,0.0030041560530662537,0.34031546115875244,0.014234849251806736,10.0,1.0,10.0
180.0,0.5056306719779968,0.5056306719779968,0.0029935596976429224,0.33385559916496277,0.014183946885168552,10.0,1.0,10.0
181.0,0.4986496567726135,0.4986496567726135,0.002983276965096593,0.3274734914302826,0.014134339056909084,10.0,1.0,10.0
182.0,0.4917656183242798,0.4917656183242798,0.002973493654280901,0.3211776614189148,0.01408530306071043,10.0,1.0,10.0
183.0,0.48498034477233887,0.48498034477233887,0.002964140148833394,0.3149747848510742,0.014036418870091438,10.0,1.0,10.0
184.0,0.47829580307006836,0.47829580307006836,0.0029546204023063183,0.3088700771331787,0.013987952843308449,10.0,1.0,10.0
185.0,0.4717126786708832,0.4717126786708832,0.00294454675167799,0.3028644323348999,0.013940278440713882,10.0,1.0,10.0
186.0,0.46523135900497437,0.46523135900497437,0.002934323623776436,0.2969549894332886,0.013893311843276024,10.0,1.0,10.0
187.0,0.4588511884212494,0.4588511884212494,0.002924589440226555,0.29113873839378357,0.013846657238900661,10.0,1.0,10.0
188.0,0.4525719881057739,0.4525719881057739,0.0029153211507946253,0.28541797399520874,0.013800080865621567,10.0,1.0,10.0
189.0,0.446394145488739,0.446394145488739,0.002905788365751505,0.27980008721351624,0.013753615319728851,10.0,1.0,10.0
190.0,0.4403180480003357,0.4403180480003357,0.002895456040278077,0.2742919325828552,0.013707153499126434,10.0,1.0,10.0
191.0,0.4343445897102356,0.4343445897102356,0.0028845074120908976,0.26889675855636597,0.013660276308655739,10.0,1.0,10.0
192.0,0.4284748435020447,0.4284748435020447,0.0028734481893479824,0.26361384987831116,0.013612650334835052,10.0,1.0,10.0
193.0,0.4227096736431122,0.4227096736431122,0.002862438792362809,0.25844183564186096,0.013564344495534897,10.0,1.0,10.0
194.0,0.4170498847961426,0.4170498847961426,0.0028513423167169094,0.25337955355644226,0.01351569127291441,10.0,1.0,10.0
195.0,0.4114956557750702,0.4114956557750702,0.0028401827439665794,0.24842563271522522,0.013466820120811462,10.0,1.0,10.0
196.0,0.40604740381240845,0.40604740381240845,0.0028292061761021614,0.2435792088508606,0.013417614623904228,10.0,1.0,10.0
197.0,0.400704950094223,0.400704950094223,0.0028184978291392326,0.2388400435447693,0.013367991894483566,10.0,1.0,10.0
198.0,0.39546865224838257,0.39546865224838257,0.00280784722417593,0.23420825600624084,0.013318191282451153,10.0,1.0,10.0
199.0,0.390338659286499,0.390338659286499,0.002797094639390707,0.22968240082263947,0.013268528506159782,10.0,1.0,10.0
200.0,0.38531506061553955,0.38531506061553955,0.0027865059673786163,0.22525805234909058,0.013219195418059826,10.0,1.0,10.0
201.0,0.38039785623550415,0.38039785623550415,0.0027764947153627872,0.22092990577220917,0.013170301914215088,10.0,1.0,10.0
202.0,0.3755868673324585,0.3755868673324585,0.0027671437710523605,0.21669448912143707,0.013122092932462692,10.0,1.0,10.0
203.0,0.37088167667388916,0.37088167667388916,0.002758145797997713,0.21255159378051758,0.013074862770736217,10.0,1.0,10.0
204.0,0.3662821352481842,0.3662821352481842,0.002749247010797262,0.20850244164466858,0.013028722256422043,10.0,1.0,10.0
205.0,0.36178749799728394,0.36178749799728394,0.002740493742749095,0.20454740524291992,0.012983514927327633,10.0,1.0,10.0
206.0,0.3573976457118988,0.3573976457118988,0.0027320615481585264,0.20068655908107758,0.012939047068357468,10.0,1.0,10.0
207.0,0.35311177372932434,0.35311177372932434,0.002723921090364456,0.19691942632198334,0.012895312160253525,10.0,1.0,10.0
208.0,0.34892961382865906,0.34892961382865906,0.0027159377932548523,0.19324621558189392,0.012852402403950691,10.0,1.0,10.0
209.0,0.34485042095184326,0.34485042095184326,0.0027080681174993515,0.18966683745384216,0.012810290791094303,10.0,1.0,10.0
210.0,0.34087347984313965,0.34087347984313965,0.0027003760915249586,0.18618156015872955,0.012768816202878952,10.0,1.0,10.0
211.0,0.3369976282119751,0.3369976282119751,0.002692838665097952,0.18279151618480682,0.012727774679660797,10.0,1.0,10.0
212.0,0.33322179317474365,0.33322179317474365,0.0026852604933083057,0.179498091340065,0.012687108479440212,10.0,1.0,10.0
213.0,0.32954466342926025,0.32954466342926025,0.002677544951438904,0.17630134522914886,0.012646786868572235,10.0,1.0,10.0
214.0,0.325965017080307,0.325965017080307,0.002669818000867963,0.17319881916046143,0.012606802396476269,10.0,1.0,10.0
215.0,0.3224813938140869,0.3224813938140869,0.0026622784789651632,0.17018696665763855,0.012567165307700634,10.0,1.0,10.0
216.0,0.3190925121307373,0.3190925121307373,0.0026549333706498146,0.16726307570934296,0.01252801064401865,10.0,1.0,10.0
217.0,0.31579670310020447,0.31579670310020447,0.0026476457715034485,0.16442535817623138,0.01248948834836483,10.0,1.0,10.0
218.0,0.3125925064086914,0.3125925064086914,0.002640366554260254,0.161672443151474,0.012451640330255032,10.0,1.0,10.0
219.0,0.3094780445098877,0.3094780445098877,0.0026332049164921045,0.159001886844635,0.012414412572979927,10.0,1.0,10.0
220.0,0.3064517676830292,0.3064517676830292,0.0026262823957949877,0.15641102194786072,0.012377792038023472,10.0,1.0,10.0
221.0,0.3035116195678711,0.3035116195678711,0.0026195868849754333,0.15389704704284668,0.012341870926320553,10.0,1.0,10.0
222.0,0.30065587162971497,0.30065587162971497,0.002613085089251399,0.15145760774612427,0.012306741438806057,10.0,1.0,10.0
223.0,0.29788264632225037,0.29788264632225037,0.002606799826025963,0.14909055829048157,0.012272408232092857,10.0,1.0,10.0
224.0,0.2951899766921997,0.2951899766921997,0.0026007869746536016,0.1467943638563156,0.01223877351731062,10.0,1.0,10.0
225.0,0.29257604479789734,0.29257604479789734,0.002595004392787814,0.14456842839717865,0.012205757200717926,10.0,1.0,10.0
226.0,0.2900388836860657,0.2900388836860657,0.0025893524289131165,0.14241231977939606,0.01217330526560545,10.0,1.0,10.0
227.0,0.2875765860080719,0.2875765860080719,0.0025837982539087534,0.14032477140426636,0.012141382321715355,10.0,1.0,10.0
228.0,0.2851870656013489,0.2851870656013489,0.0025784047320485115,0.13830342888832092,0.01210995763540268,10.0,1.0,10.0
229.0,0.2828684449195862,0.2828684449195862,0.0025732102803885937,0.13634616136550903,0.012079018168151379,10.0,1.0,10.0
230.0,0.2806186079978943,0.2806186079978943,0.002568136667832732,0.13445121049880981,0.012048602104187012,10.0,1.0,10.0
231.0,0.2784356474876404,0.2784356474876404,0.002563090529292822,0.13261748850345612,0.012018724344670773,10.0,1.0,10.0
232.0,0.2763175368309021,0.2763175368309021,0.0025580688379704952,0.13084343075752258,0.011989342980086803,10.0,1.0,10.0
233.0,0.27426227927207947,0.27426227927207947,0.002553114900365472,0.12912677228450775,0.011960436590015888,10.0,1.0,10.0
234.0,0.2722679376602173,0.2722679376602173,0.0025482461787760258,0.12746529281139374,0.01193202007561922,10.0,1.0,10.0
235.0,0.2703324556350708,0.2703324556350708,0.002543424256145954,0.12585659325122833,0.011904160492122173,10.0,1.0,10.0
236.0,0.26845401525497437,0.26845401525497437,0.0025386286433786154,0.12429879605770111,0.011876893229782581,10.0,1.0,10.0
237.0,0.26663047075271606,0.26663047075271606,0.0025338856503367424,0.12278975546360016,0.011850187554955482,10.0,1.0,10.0
238.0,0.2648600935935974,0.2648600935935974,0.0025292234495282173,0.1213279664516449,0.011823988519608974,10.0,1.0,10.0
239.0,0.2631409764289856,0.2631409764289856,0.0025246182922273874,0.11991202086210251,0.01179827656596899,10.0,1.0,10.0
240.0,0.26147133111953735,0.26147133111953735,0.002520028967410326,0.11854054778814316,0.011773048900067806,10.0,1.0,10.0
241.0,0.25984930992126465,0.25984930992126465,0.0025154862087219954,0.11721145361661911,0.01174830086529255,10.0,1.0,10.0
242.0,0.2582731246948242,0.2582731246948242,0.0025110323913395405,0.11592263728380203,0.011724015697836876,10.0,1.0,10.0
243.0,0.2567410171031952,0.2567410171031952,0.002506677992641926,0.11467234045267105,0.011700188741087914,10.0,1.0,10.0
244.0,0.2552512288093567,0.2552512288093567,0.0025023729540407658,0.11345934867858887,0.011676814407110214,10.0,1.0,10.0
245.0,0.25380226969718933,0.25380226969718933,0.0024980995804071426,0.112282395362854,0.01165388897061348,10.0,1.0,10.0
246.0,0.25239241123199463,0.25239241123199463,0.0024938900023698807,0.11113974452018738,0.011631375178694725,10.0,1.0,10.0
247.0,0.25101998448371887,0.25101998448371887,0.002489764941856265,0.11002957820892334,0.0116092748939991,10.0,1.0,10.0
248.0,0.249683678150177,0.249683678150177,0.0024856997188180685,0.1089506521821022,0.011587603949010372,10.0,1.0,10.0
249.0,0.24838189780712128,0.24838189780712128,0.00248166685923934,0.10790149867534637,0.011566372588276863,10.0,1.0,10.0
250.0,0.24711310863494873,0.24711310863494873,0.002477671718224883,0.10688091814517975,0.011545547284185886,10.0,1.0,10.0
251.0,0.24587604403495789,0.24587604403495789,0.002473729196935892,0.10588793456554413,0.011525082401931286,10.0,1.0,10.0
252.0,0.2446693331003189,0.2446693331003189,0.0024698167107999325,0.10492151975631714,0.011504964902997017,10.0,1.0,10.0
253.0,0.2434917390346527,0.2434917390346527,0.002465906087309122,0.10398083925247192,0.01148518268018961,10.0,1.0,10.0
254.0,0.24234195053577423,0.24234195053577423,0.0024620017502456903,0.10306476801633835,0.011465716175734997,10.0,1.0,10.0
255.0,0.2412186861038208,0.2412186861038208,0.002458126749843359,0.1021718829870224,0.011446554213762283,10.0,1.0,10.0
256.0,0.24012085795402527,0.24012085795402527,0.0024542775936424732,0.10130134224891663,0.011427674442529678,10.0,1.0,10.0
257.0,0.23904749751091003,0.23904749751091003,0.002450433559715748,0.10045227408409119,0.011409089900553226,10.0,1.0,10.0
258.0,0.23799735307693481,0.23799735307693481,0.0024465899914503098,0.09962370246648788,0.011390775442123413,10.0,1.0,10.0
259.0,0.23696951568126678,0.23696951568126678,0.002442767610773444,0.09881456941366196,0.01137272734194994,10.0,1.0,10.0
260.0,0.23596300184726715,0.23596300184726715,0.0024389789905399084,0.09802369028329849,0.011354952119290829,10.0,1.0,10.0
261.0,0.2349768877029419,0.2349768877029419,0.0024352101609110832,0.09725021570920944,0.011337456293404102,10.0,1.0,10.0
262.0,0.23401020467281342,0.23401020467281342,0.002431454136967659,0.09649321436882019,0.011320245452225208,10.0,1.0,10.0
263.0,0.23306211829185486,0.23306211829185486,0.0024277244228869677,0.09575191140174866,0.011303297244012356,10.0,1.0,10.0
264.0,0.23213201761245728,0.23213201761245728,0.0024240317288786173,0.0950256809592247,0.011286601424217224,10.0,1.0,10.0
265.0,0.23121888935565948,0.23121888935565948,0.0024203574284911156,0.09431392699480057,0.011270138435065746,10.0,1.0,10.0
266.0,0.23032212257385254,0.23032212257385254,0.0024166905786842108,0.09361620247364044,0.0112539017572999,10.0,1.0,10.0
267.0,0.22944095730781555,0.22944095730781555,0.0024130286183208227,0.09293187409639359,0.01123788021504879,10.0,1.0,10.0
268.0,0.22857487201690674,0.22857487201690674,0.0024093929678201675,0.09226037561893463,0.011222057044506073,10.0,1.0,10.0
269.0,0.2277231514453888,0.2277231514453888,0.002405767794698477,0.0916014313697815,0.011206405237317085,10.0,1.0,10.0
270.0,0.22688525915145874,0.22688525915145874,0.002402138663455844,0.09095467627048492,0.011190919205546379,10.0,1.0,10.0
271.0,0.22606056928634644,0.22606056928634644,0.0023985079023987055,0.09031964838504791,0.01117558404803276,10.0,1.0,10.0
272.0,0.2252485752105713,0.2252485752105713,0.0023948787711560726,0.08969593048095703,0.01116038579493761,10.0,1.0,10.0
273.0,0.22444885969161987,0.22444885969161987,0.002391256857663393,0.08908306062221527,0.01114532258361578,10.0,1.0,10.0
274.0,0.22366082668304443,0.22366082668304443,0.0023876228369772434,0.08848066627979279,0.011130394414067268,10.0,1.0,10.0
275.0,0.22288404405117035,0.22288404405117035,0.002383985323831439,0.08788830786943436,0.011115588247776031,10.0,1.0,10.0
276.0,0.22211810946464539,0.22211810946464539,0.002380354329943657,0.08730565011501312,0.0111008919775486,10.0,1.0,10.0
277.0,0.22136269509792328,0.22136269509792328,0.002376727294176817,0.08673238754272461,0.011086302809417248,10.0,1.0,10.0
278.0,0.2206173837184906,0.2206173837184906,0.0023730946704745293,0.08616828918457031,0.011071814224123955,10.0,1.0,10.0
279.0,0.21988168358802795,0.21988168358802795,0.0023694541305303574,0.08561296761035919,0.011057416908442974,10.0,1.0,10.0
280.0,0.21915540099143982,0.21915540099143982,0.002365819411352277,0.08506610989570618,0.011043110862374306,10.0,1.0,10.0
281.0,0.2184382677078247,0.2184382677078247,0.002362190280109644,0.08452751487493515,0.011028885841369629,10.0,1.0,10.0
282.0,0.21772976219654083,0.21772976219654083,0.002358565805479884,0.08399692177772522,0.011014717631042004,10.0,1.0,10.0
283.0,0.21702975034713745,0.21702975034713745,0.0023549378383904696,0.08347412198781967,0.011000624857842922,10.0,1.0,10.0
284.0,0.21633797883987427,0.21633797883987427,0.0023513068445026875,0.08295898884534836,0.01098659262061119,10.0,1.0,10.0
285.0,0.2156541347503662,0.2156541347503662,0.0023476805072277784,0.08245109766721725,0.010972623713314533,10.0,1.0,10.0
286.0,0.21497797966003418,0.21497797966003418,0.002344059757888317,0.08195030689239502,0.010958707891404629,10.0,1.0,10.0
287.0,0.21430927515029907,0.21430927515029907,0.002340435516089201,0.08145641535520554,0.0109448516741395,10.0,1.0,10.0
288.0,0.21364790201187134,0.21364790201187134,0.0023368103429675102,0.08096924424171448,0.010931055061519146,10.0,1.0,10.0
289.0,0.21299342811107635,0.21299342811107635,0.002333188895136118,0.08048854023218155,0.01091730035841465,10.0,1.0,10.0
290.0,0.21234586834907532,0.21234586834907532,0.002329571172595024,0.0800141766667366,0.010903597809374332,10.0,1.0,10.0
291.0,0.21170496940612793,0.21170496940612793,0.0023259539157152176,0.0795459896326065,0.010889943689107895,10.0,1.0,10.0
292.0,0.21107053756713867,0.21107053756713867,0.0023223317693918943,0.07908385992050171,0.010876337066292763,10.0,1.0,10.0
293.0,0.2104424089193344,0.2104424089193344,0.0023187166079878807,0.07862752676010132,0.010862771421670914,10.0,1.0,10.0
294.0,0.20982050895690918,0.20982050895690918,0.002315106801688671,0.07817693054676056,0.01084925141185522,10.0,1.0,10.0
295.0,0.2092045098543167,0.2092045098543167,0.0023114988580346107,0.0777318924665451,0.010835763067007065,10.0,1.0,10.0
296.0,0.20859438180923462,0.20859438180923462,0.0023078974336385727,0.07729223370552063,0.010822316631674767,10.0,1.0,10.0
297.0,0.20799000561237335,0.20799000561237335,0.0023042981047183275,0.07685788720846176,0.0108089130371809,10.0,1.0,10.0
298.0,0.2073911726474762,0.2073911726474762,0.002300707856193185,0.07642865180969238,0.01079554483294487,10.0,1.0,10.0
299.0,0.2067977637052536,0.2067977637052536,0.0022971273865550756,0.07600433379411697,0.010782215744256973,10.0,1.0,10.0
300.0,0.20620976388454437,0.20620976388454437,0.0022935522720217705,0.07558489590883255,0.010768934153020382,10.0,1.0,10.0
301.0,0.20562687516212463,0.20562687516212463,0.0022899857722222805,0.07517015188932419,0.010755687020719051,10.0,1.0,10.0
302.0,0.20504914224147797,0.20504914224147797,0.0022864313796162605,0.07476000487804413,0.010742482729256153,10.0,1.0,10.0
303.0,0.20447638630867004,0.20447638630867004,0.002282884670421481,0.07435432821512222,0.010729322209954262,10.0,1.0,10.0
304.0,0.20390847325325012,0.20390847325325012,0.002279347274452448,0.07395307719707489,0.010716192424297333,10.0,1.0,10.0
305.0,0.2033454179763794,0.2033454179763794,0.002275824313983321,0.0735560953617096,0.01070310827344656,10.0,1.0,10.0
306.0,0.20278701186180115,0.20278701186180115,0.002272306941449642,0.07316333800554276,0.010690059512853622,10.0,1.0,10.0
307.0,0.20223315060138702,0.20223315060138702,0.0022687986493110657,0.0727747231721878,0.010677044279873371,10.0,1.0,10.0
308.0,0.2016838788986206,0.2016838788986206,0.002265304559841752,0.07239018380641937,0.01066406536847353,10.0,1.0,10.0
309.0,0.2011389136314392,0.2011389136314392,0.002261821646243334,0.07200954854488373,0.010651114396750927,10.0,1.0,10.0
310.0,0.2005983293056488,0.2005983293056488,0.0022583440877497196,0.07163286209106445,0.010638203471899033,10.0,1.0,10.0
311.0,0.20006199181079865,0.20006199181079865,0.0022548825945705175,0.07125988602638245,0.010625327937304974,10.0,1.0,10.0
312.0,0.19952982664108276,0.19952982664108276,0.0022514304146170616,0.07089065760374069,0.0106124859303236,10.0,1.0,10.0
313.0,0.19900169968605042,0.19900169968605042,0.002247992902994156,0.07052503526210785,0.010599672794342041,10.0,1.0,10.0
314.0,0.1984776109457016,0.1984776109457016,0.0022445630747824907,0.07016301155090332,0.010586896911263466,10.0,1.0,10.0
315.0,0.19795745611190796,0.19795745611190796,0.0022411560639739037,0.06980434060096741,0.010574154555797577,10.0,1.0,10.0
316.0,0.19744108617305756,0.19744108617305756,0.00223775627091527,0.06944909691810608,0.010561442002654076,10.0,1.0,10.0
317.0,0.1969285011291504,0.1969285011291504,0.0022343629971146584,0.06909722089767456,0.01054876483976841,10.0,1.0,10.0
318.0,0.19641968607902527,0.19641968607902527,0.002230992540717125,0.06874854862689972,0.010536120273172855,10.0,1.0,10.0
319.0,0.19591452181339264,0.19591452181339264,0.00222763791680336,0.06840308755636215,0.010523505508899689,10.0,1.0,10.0
320.0,0.19541290402412415,0.19541290402412415,0.0022242965642362833,0.0680607408285141,0.01051092054694891,10.0,1.0,10.0
321.0,0.1949148327112198,0.1949148327112198,0.0022209614980965853,0.06772153824567795,0.010498368181288242,10.0,1.0,10.0
322.0,0.1944202035665512,0.1944202035665512,0.0022176443599164486,0.06738530099391937,0.010485845617949963,10.0,1.0,10.0
323.0,0.19392897188663483,0.19392897188663483,0.0022143488749861717,0.06705199182033539,0.010473349131643772,10.0,1.0,10.0
324.0,0.1934409737586975,0.1934409737586975,0.002211061306297779,0.06672156602144241,0.010460878722369671,10.0,1.0,10.0
325.0,0.19295640289783478,0.19295640289783478,0.0022077872417867184,0.06639406085014343,0.010448446497321129,10.0,1.0,10.0
326.0,0.1924748569726944,0.1924748569726944,0.0022045238874852657,0.06606926769018173,0.010436034761369228,10.0,1.0,10.0
327.0,0.19199660420417786,0.19199660420417786,0.002201283350586891,0.06574718654155731,0.010423658415675163,10.0,1.0,10.0
328.0,0.19152140617370605,0.19152140617370605,0.002198056783527136,0.0654277577996254,0.010411307215690613,10.0,1.0,10.0
329.0,0.1910492479801178,0.1910492479801178,0.002194836037233472,0.06511103361845016,0.01039898581802845,10.0,1.0,10.0
330.0,0.19058005511760712,0.19058005511760712,0.0021916325204074383,0.06479686498641968,0.010386685840785503,10.0,1.0,10.0
331.0,0.19011381268501282,0.19011381268501282,0.0021884432062506676,0.06448522955179214,0.01037441473454237,10.0,1.0,10.0
332.0,0.18965047597885132,0.18965047597885132,0.0021852809004485607,0.06417600065469742,0.010362165980041027,10.0,1.0,10.0
333.0,0.18918997049331665,0.18918997049331665,0.002182119293138385,0.06386928260326385,0.010349949821829796,10.0,1.0,10.0
334.0,0.18873217701911926,0.18873217701911926,0.0021789672318845987,0.06356494873762131,0.010337756015360355,10.0,1.0,10.0
335.0,0.18827714025974274,0.18827714025974274,0.0021758382208645344,0.0632629245519638,0.010325583629310131,10.0,1.0,10.0
336.0,0.18782484531402588,0.18782484531402588,0.0021727290004491806,0.06296318024396896,0.010313437320291996,10.0,1.0,10.0
337.0,0.18737512826919556,0.18737512826919556,0.0021696302574127913,0.06266572326421738,0.010301310569047928,10.0,1.0,10.0
338.0,0.18692803382873535,0.18692803382873535,0.002166533377021551,0.06237054616212845,0.010289216414093971,10.0,1.0,10.0
339.0,0.1864834874868393,0.1864834874868393,0.002163458848372102,0.062077492475509644,0.010277140885591507,10.0,1.0,10.0
340.0,0.18604138493537903,0.18604138493537903,0.002160402713343501,0.06178649887442589,0.01026508491486311,10.0,1.0,10.0
341.0,0.18560180068016052,0.18560180068016052,0.0021573605481535196,0.061497654765844345,0.010253053158521652,10.0,1.0,10.0
342.0,0.18516461551189423,0.18516461551189423,0.002154323272407055,0.06121092662215233,0.010241045616567135,10.0,1.0,10.0
343.0,0.18472976982593536,0.18472976982593536,0.002151303691789508,0.06092621758580208,0.010229051113128662,10.0,1.0,10.0
344.0,0.18429727852344513,0.18429727852344513,0.002148300176486373,0.06064348295331001,0.010217079892754555,10.0,1.0,10.0
345.0,0.18386708199977875,0.18386708199977875,0.0021453090012073517,0.06036271154880524,0.010205128230154514,10.0,1.0,10.0
346.0,0.18343916535377502,0.18343916535377502,0.0021423306316137314,0.060083866119384766,0.010193198919296265,10.0,1.0,10.0
347.0,0.18301334977149963,0.18301334977149963,0.0021393634378910065,0.05980692803859711,0.010181279852986336,10.0,1.0,10.0
348.0,0.18258985877037048,0.18258985877037048,0.002136414870619774,0.05953186750411987,0.010169383138418198,10.0,1.0,10.0
349.0,0.18216843903064728,0.18216843903064728,0.002133475150913,0.05925862118601799,0.010157505981624126,10.0,1.0,10.0
350.0,0.18174907565116882,0.18174907565116882,0.0021305459085851908,0.05898718535900116,0.010145642794668674,10.0,1.0,10.0
351.0,0.1813318133354187,0.1813318133354187,0.0021276320330798626,0.058717530220746994,0.010133796371519566,10.0,1.0,10.0
352.0,0.18091653287410736,0.18091653287410736,0.002124730497598648,0.05844955891370773,0.0101219667121768,10.0,1.0,10.0
353.0,0.18050330877304077,0.18050330877304077,0.002121842000633478,0.05818336084485054,0.010110152885317802,10.0,1.0,10.0
354.0,0.18009203672409058,0.18009203672409058,0.002118966542184353,0.057918813079595566,0.010098355822265148,10.0,1.0,10.0
355.0,0.179682657122612,0.179682657122612,0.002116098068654537,0.0576559454202652,0.010086572729051113,10.0,1.0,10.0
356.0,0.17927521467208862,0.17927521467208862,0.0021132470574229956,0.05739467963576317,0.010074805468320847,10.0,1.0,10.0
357.0,0.1788695603609085,0.1788695603609085,0.002110408153384924,0.05713499337434769,0.0100630484521389,10.0,1.0,10.0
358.0,0.1784658282995224,0.1784658282995224,0.002107578096911311,0.05687693506479263,0.010051311925053596,10.0,1.0,10.0
359.0,0.17806380987167358,0.17806380987167358,0.002104761078953743,0.056620366871356964,0.010039583779871464,10.0,1.0,10.0
360.0,0.17766359448432922,0.17766359448432922,0.0021019531413912773,0.05636534467339516,0.0100278714671731,10.0,1.0,10.0
361.0,0.17726510763168335,0.17726510763168335,0.002099159173667431,0.05611184984445572,0.010016167536377907,10.0,1.0,10.0
362.0,0.17686834931373596,0.17686834931373596,0.0020963740535080433,0.05585980787873268,0.010004480369389057,10.0,1.0,10.0
363.0,0.17647328972816467,0.17647328972816467,0.0020936024375259876,0.05560922250151634,0.009992804378271103,10.0,1.0,10.0
364.0,0.17607983946800232,0.17607983946800232,0.0020908406004309654,0.05536004155874252,0.009981139563024044,10.0,1.0,10.0
365.0,0.1756879985332489,0.1756879985332489,0.0020880913361907005,0.05511225014925003,0.009969483129680157,10.0,1.0,10.0
366.0,0.17529776692390442,0.17529776692390442,0.0020853474270552397,0.05486588552594185,0.009957841597497463,10.0,1.0,10.0
367.0,0.17490911483764648,0.17490911483764648,0.002082615392282605,0.05462087690830231,0.009946207515895367,10.0,1.0,10.0
368.0,0.17452198266983032,0.17452198266983032,0.0020798963960260153,0.05437716096639633,0.00993458554148674,10.0,1.0,10.0
369.0,0.17413640022277832,0.17413640022277832,0.0020771916024386883,0.0541347861289978,0.009922969155013561,10.0,1.0,10.0
370.0,0.17375227808952332,0.17375227808952332,0.002074488904327154,0.05389373376965523,0.009911365807056427,10.0,1.0,10.0
371.0,0.1733696460723877,0.1733696460723877,0.0020717973820865154,0.05365394055843353,0.009899772703647614,10.0,1.0,10.0
372.0,0.1729884147644043,0.1729884147644043,0.0020691195968538523,0.05341537296772003,0.009888184256851673,10.0,1.0,10.0
373.0,0.17260858416557312,0.17260858416557312,0.0020664508920162916,0.053178057074546814,0.009876602329313755,10.0,1.0,10.0
374.0,0.17223024368286133,0.17223024368286133,0.0020637856796383858,0.05294203758239746,0.00986503530293703,10.0,1.0,10.0
375.0,0.17185313999652863,0.17185313999652863,0.002061131177470088,0.05270717293024063,0.009853465482592583,10.0,1.0,10.0
376.0,0.17147745192050934,0.17147745192050934,0.002058490412309766,0.052473463118076324,0.00984190870076418,10.0,1.0,10.0
377.0,0.17110314965248108,0.17110314965248108,0.0020558584947139025,0.05224094167351723,0.009830361232161522,10.0,1.0,10.0
378.0,0.17073002457618713,0.17073002457618713,0.0020532284397631884,0.05200958997011185,0.00981881469488144,10.0,1.0,10.0
379.0,0.17035816609859467,0.17035816609859467,0.0020506102591753006,0.05177934095263481,0.009807271882891655,10.0,1.0,10.0
380.0,0.16998764872550964,0.16998764872550964,0.0020480083767324686,0.051550183445215225,0.009795737452805042,10.0,1.0,10.0
381.0,0.16961830854415894,0.16961830854415894,0.0020454099867492914,0.05132214352488518,0.009784206748008728,10.0,1.0,10.0
382.0,0.16925020515918732,0.16925020515918732,0.0020428113639354706,0.051095254719257355,0.00977268349379301,10.0,1.0,10.0
383.0,0.16888327896595,0.16888327896595,0.002040229272097349,0.05086936429142952,0.009761162102222443,10.0,1.0,10.0
384.0,0.16851752996444702,0.16851752996444702,0.002037660451605916,0.050644516944885254,0.009749640710651875,10.0,1.0,10.0
385.0,0.16815292835235596,0.16815292835235596,0.002035093028098345,0.05042073503136635,0.009738126769661903,10.0,1.0,10.0
386.0,0.16778942942619324,0.16778942942619324,0.0020325258374214172,0.0501980222761631,0.009726615622639656,10.0,1.0,10.0
387.0,0.16742706298828125,0.16742706298828125,0.002029974712058902,0.049976252019405365,0.009715106338262558,10.0,1.0,10.0
388.0,0.16706576943397522,0.16706576943397522,0.0020274377893656492,0.049755439162254333,0.009703596122562885,10.0,1.0,10.0
389.0,0.16670554876327515,0.16670554876327515,0.002024894580245018,0.04953569173812866,0.00969209149479866,10.0,1.0,10.0
390.0,0.16634640097618103,0.16634640097618103,0.002022359985858202,0.04931692034006119,0.00968058779835701,10.0,1.0,10.0
391.0,0.1659882515668869,0.1659882515668869,0.002019840758293867,0.04909902065992355,0.00966908223927021,10.0,1.0,10.0
392.0,0.1656312197446823,0.1656312197446823,0.002017331076785922,0.04888210818171501,0.009657579474151134,10.0,1.0,10.0
393.0,0.16527503728866577,0.16527503728866577,0.0020148195326328278,0.04866611212491989,0.00964607298374176,10.0,1.0,10.0
394.0,0.164919912815094,0.164919912815094,0.0020123107824474573,0.048451073467731476,0.009634572081267834,10.0,1.0,10.0
395.0,0.16456568241119385,0.16456568241119385,0.002009816700592637,0.04823688045144081,0.00962306372821331,10.0,1.0,10.0
396.0,0.16421248018741608,0.16421248018741608,0.002007330534979701,0.048023566603660583,0.00961156003177166,10.0,1.0,10.0
397.0,0.16386015713214874,0.16386015713214874,0.0020048420410603285,0.047811202704906464,0.009600053541362286,10.0,1.0,10.0
398.0,0.16350871324539185,0.16350871324539185,0.0020023626275360584,0.04759964346885681,0.009588543325662613,10.0,1.0,10.0
399.0,0.16315817832946777,0.16315817832946777,0.0019998943898826838,0.047388941049575806,0.009577029384672642,10.0,1.0,10.0
400.0,0.16280853748321533,0.16280853748321533,0.001997428946197033,0.04717910289764404,0.009565513581037521,10.0,1.0,10.0
401.0,0.16245973110198975,0.16245973110198975,0.0019949646666646004,0.04697011038661003,0.009553996846079826,10.0,1.0,10.0
402.0,0.16211175918579102,0.16211175918579102,0.0019925085362046957,0.046761900186538696,0.009542477317154408,10.0,1.0,10.0
403.0,0.16176462173461914,0.16176462173461914,0.001990061718970537,0.046554502099752426,0.009530950337648392,10.0,1.0,10.0
404.0,0.16141828894615173,0.16141828894615173,0.0019876190926879644,0.046347904950380325,0.009519419632852077,10.0,1.0,10.0
405.0,0.1610727608203888,0.1610727608203888,0.0019851764664053917,0.04614214226603508,0.00950788613408804,10.0,1.0,10.0
406.0,0.16072800755500793,0.16072800755500793,0.001982741057872772,0.04593712463974953,0.009496347978711128,10.0,1.0,10.0
407.0,0.16038402915000916,0.16038402915000916,0.0019803147297352552,0.04573287069797516,0.009484800510108471,10.0,1.0,10.0
408.0,0.16004076600074768,0.16004076600074768,0.0019778895657509565,0.045529384166002274,0.009473249316215515,10.0,1.0,10.0
409.0,0.1596982479095459,0.1596982479095459,0.0019754688255488873,0.045326679944992065,0.009461686946451664,10.0,1.0,10.0
410.0,0.15935641527175903,0.15935641527175903,0.0019730515778064728,0.04512467607855797,0.009450123645365238,10.0,1.0,10.0
411.0,0.15901531279087067,0.15901531279087067,0.0019706417806446552,0.04492340236902237,0.009438549168407917,10.0,1.0,10.0
412.0,0.158674955368042,0.158674955368042,0.00196823594160378,0.044722866266965866,0.009426972828805447,10.0,1.0,10.0
413.0,0.15833525359630585,0.15833525359630585,0.0019658305682241917,0.044523078948259354,0.009415386244654655,10.0,1.0,10.0
414.0,0.15799617767333984,0.15799617767333984,0.001963431714102626,0.04432396963238716,0.009403789415955544,10.0,1.0,10.0
415.0,0.1576577126979828,0.1576577126979828,0.0019610393792390823,0.044125527143478394,0.009392179548740387,10.0,1.0,10.0
416.0,0.15731994807720184,0.15731994807720184,0.001958644948899746,0.043927814811468124,0.009380568750202656,10.0,1.0,10.0
417.0,0.15698277950286865,0.15698277950286865,0.001956256804987788,0.04373076930642128,0.00936894491314888,10.0,1.0,10.0
418.0,0.156646266579628,0.156646266579628,0.0019538726191967726,0.04353441298007965,0.009357312694191933,10.0,1.0,10.0
419.0,0.1563102900981903,0.1563102900981903,0.0019514921586960554,0.04333869740366936,0.009345666505396366,10.0,1.0,10.0
420.0,0.15597496926784515,0.15597496926784515,0.001949113910086453,0.04314366728067398,0.009334015659987926,10.0,1.0,10.0
421.0,0.1556401550769806,0.1556401550769806,0.0019467361271381378,0.04294930398464203,0.009322348982095718,10.0,1.0,10.0
422.0,0.155305877327919,0.155305877327919,0.0019443639321252704,0.04275554418563843,0.009310669265687466,10.0,1.0,10.0
423.0,0.15497222542762756,0.15497222542762756,0.0019419975578784943,0.042562440037727356,0.009298982098698616,10.0,1.0,10.0
424.0,0.1546391397714615,0.1546391397714615,0.0019396275747567415,0.04237000644207001,0.00928728561848402,10.0,1.0,10.0
425.0,0.15430651605129242,0.15430651605129242,0.0019372618990018964,0.04217817261815071,0.009275572374463081,10.0,1.0,10.0
426.0,0.15397441387176514,0.15397441387176514,0.001934901112690568,0.041986964643001556,0.009263845160603523,10.0,1.0,10.0
427.0,0.15364280343055725,0.15364280343055725,0.0019325423054397106,0.041796356439590454,0.009252103045582771,10.0,1.0,10.0
428.0,0.15331174433231354,0.15331174433231354,0.0019301844295114279,0.041606392711400986,0.009240350686013699,10.0,1.0,10.0
429.0,0.15298114717006683,0.15298114717006683,0.0019278277177363634,0.04141699895262718,0.00922858715057373,10.0,1.0,10.0
430.0,0.15265105664730072,0.15265105664730072,0.001925474964082241,0.041228242218494415,0.009216805920004845,10.0,1.0,10.0
431.0,0.15232139825820923,0.15232139825820923,0.0019231182523071766,0.04104011878371239,0.00920501071959734,10.0,1.0,10.0
432.0,0.15199220180511475,0.15199220180511475,0.001920770388096571,0.04085250943899155,0.009193198755383492,10.0,1.0,10.0
433.0,0.15166345238685608,0.15166345238685608,0.001918426132760942,0.040665484964847565,0.0091813700273633,10.0,1.0,10.0
434.0,0.15133516490459442,0.15133516490459442,0.0019160714000463486,0.0404791459441185,0.009169531054794788,10.0,1.0,10.0
435.0,0.15100732445716858,0.15100732445716858,0.0019137196941301227,0.04029339179396629,0.009157674387097359,10.0,1.0,10.0
436.0,0.15067987143993378,0.15067987143993378,0.0019113816088065505,0.0401080921292305,0.009145796298980713,10.0,1.0,10.0
437.0,0.15035289525985718,0.15035289525985718,0.0019090406130999327,0.03992342948913574,0.009133907034993172,10.0,1.0,10.0
438.0,0.15002629160881042,0.15002629160881042,0.0019066879758611321,0.03973940387368202,0.009122000075876713,10.0,1.0,10.0
439.0,0.1497001349925995,0.1497001349925995,0.0019043443026021123,0.03955589607357979,0.00911008007824421,10.0,1.0,10.0
440.0,0.14937430620193481,0.14937430620193481,0.0019020044710487127,0.039372917264699936,0.009098134003579617,10.0,1.0,10.0
441.0,0.14904893934726715,0.14904893934726715,0.0018996628932654858,0.03919055312871933,0.00908617489039898,10.0,1.0,10.0
442.0,0.14872393012046814,0.14872393012046814,0.0018973194528371096,0.03900877386331558,0.0090741952881217,10.0,1.0,10.0
443.0,0.14839929342269897,0.14839929342269897,0.0018949739169329405,0.0388275571167469,0.009062198922038078,10.0,1.0,10.0
444.0,0.14807504415512085,0.14807504415512085,0.0018926371121779084,0.03864686191082001,0.00905018113553524,10.0,1.0,10.0
445.0,0.14775115251541138,0.14775115251541138,0.0018902912270277739,0.038466762751340866,0.009038147516548634,10.0,1.0,10.0
446.0,0.14742766320705414,0.14742766320705414,0.001887948950752616,0.03828723356127739,0.009026093408465385,10.0,1.0,10.0
447.0,0.14710453152656555,0.14710453152656555,0.0018856038805097342,0.038108281791210175,0.00901402160525322,10.0,1.0,10.0
448.0,0.1467817723751068,0.1467817723751068,0.0018832627683877945,0.037929847836494446,0.009001930244266987,10.0,1.0,10.0
449.0,0.14645934104919434,0.14645934104919434,0.0018809246830642223,0.037751954048871994,0.00898981373757124,10.0,1.0,10.0
450.0,0.1461372673511505,0.1461372673511505,0.001878572627902031,0.037574730813503265,0.008977681398391724,10.0,1.0,10.0
451.0,0.14581555128097534,0.14581555128097534,0.0018762247636914253,0.037398017942905426,0.008965527638792992,10.0,1.0,10.0
452.0,0.14549417793750763,0.14549417793750763,0.0018738823710009456,0.037221841514110565,0.008953351527452469,10.0,1.0,10.0
453.0,0.14517316222190857,0.14517316222190857,0.0018715385813266039,0.037046220153570175,0.008941154927015305,10.0,1.0,10.0
454.0,0.14485250413417816,0.14485250413417816,0.0018691867589950562,0.036871228367090225,0.008928941562771797,10.0,1.0,10.0
455.0,0.1445321887731552,0.1445321887731552,0.0018668323755264282,0.03669681400060654,0.008916704915463924,10.0,1.0,10.0
456.0,0.14421217143535614,0.14421217143535614,0.0018644836964085698,0.03652290254831314,0.008904443122446537,10.0,1.0,10.0
457.0,0.1438925415277481,0.1438925415277481,0.0018621371127665043,0.03634953498840332,0.008892163634300232,10.0,1.0,10.0
458.0,0.14357325434684753,0.14357325434684753,0.0018597772577777505,0.036176860332489014,0.008879861794412136,10.0,1.0,10.0
459.0,0.14325428009033203,0.14325428009033203,0.001857418566942215,0.03600473701953888,0.008867536671459675,10.0,1.0,10.0
460.0,0.14293569326400757,0.14293569326400757,0.001855065580457449,0.03583313524723053,0.008855190128087997,10.0,1.0,10.0
461.0,0.14261743426322937,0.14261743426322937,0.0018527096835896373,0.035662103444337845,0.008842823095619678,10.0,1.0,10.0
462.0,0.14229950308799744,0.14229950308799744,0.0018503442406654358,0.03549172729253769,0.008830432780086994,10.0,1.0,10.0
463.0,0.14198191463947296,0.14198191463947296,0.0018479761201888323,0.03532196581363678,0.008818019181489944,10.0,1.0,10.0
464.0,0.14166471362113953,0.14166471362113953,0.0018456188263371587,0.03515268862247467,0.008805584162473679,10.0,1.0,10.0
465.0,0.14134785532951355,0.14134785532951355,0.0018432533834129572,0.034984078258275986,0.008793124929070473,10.0,1.0,10.0
466.0,0.14103133976459503,0.14103133976459503,0.0018408740870654583,0.03481611981987953,0.00878064800053835,10.0,1.0,10.0
467.0,0.14071513712406158,0.14071513712406158,0.0018385055009275675,0.034648679196834564,0.008768140338361263,10.0,1.0,10.0
468.0,0.14039936661720276,0.14039936661720276,0.0018361362162977457,0.03448184207081795,0.008755616843700409,10.0,1.0,10.0
469.0,0.14008395373821259,0.14008395373821259,0.001833754824474454,0.03431570902466774,0.00874307006597519,10.0,1.0,10.0
470.0,0.13976888358592987,0.13976888358592987,0.001831370173022151,0.03415015712380409,0.008730502799153328,10.0,1.0,10.0
471.0,0.139454185962677,0.139454185962677,0.0018289950676262379,0.03398516774177551,0.008717906661331654,10.0,1.0,10.0
472.0,0.13913989067077637,0.13913989067077637,0.0018266129773110151,0.03382086753845215,0.008705290034413338,10.0,1.0,10.0
473.0,0.13882595300674438,0.13882595300674438,0.0018242169171571732,0.03365722671151161,0.00869265478104353,10.0,1.0,10.0
474.0,0.13851237297058105,0.13851237297058105,0.001821827027015388,0.03349415585398674,0.008679994381964207,10.0,1.0,10.0
475.0,0.13819921016693115,0.13819921016693115,0.0018194413278251886,0.033331725746393204,0.00866730697453022,10.0,1.0,10.0
476.0,0.13788644969463348,0.13788644969463348,0.0018170399125665426,0.03316999226808548,0.008654605597257614,10.0,1.0,10.0
477.0,0.13757409155368805,0.13757409155368805,0.0018146387301385403,0.03300893306732178,0.008641877211630344,10.0,1.0,10.0
478.0,0.13726213574409485,0.13726213574409485,0.001812243484891951,0.03284846246242523,0.008629124611616135,10.0,1.0,10.0
479.0,0.13695061206817627,0.13695061206817627,0.0018098384607583284,0.032688699662685394,0.008616352453827858,10.0,1.0,10.0
480.0,0.1366395205259323,0.1366395205259323,0.0018074270337820053,0.03252963721752167,0.008603560738265514,10.0,1.0,10.0
481.0,0.1363288164138794,0.1363288164138794,0.0018050146754831076,0.03237122669816017,0.008590743876993656,10.0,1.0,10.0
482.0,0.13601858913898468,0.13601858913898468,0.0018026083707809448,0.03221343457698822,0.008577907457947731,10.0,1.0,10.0
483.0,0.1357087790966034,0.1357087790966034,0.0018001882126554847,0.03205643221735954,0.00856504775583744,10.0,1.0,10.0
484.0,0.13539938628673553,0.13539938628673553,0.001797760371118784,0.03190011531114578,0.008552166633307934,10.0,1.0,10.0
485.0,0.13509052991867065,0.13509052991867065,0.001795345451682806,0.03174441680312157,0.008539265021681786,10.0,1.0,10.0
486.0,0.1347821056842804,0.1347821056842804,0.001792921219021082,0.03158947080373764,0.008526341989636421,10.0,1.0,10.0
487.0,0.13447417318820953,0.13447417318820953,0.0017904869746416807,0.03143530339002609,0.008513400331139565,10.0,1.0,10.0
488.0,0.1341666877269745,0.1341666877269745,0.0017880528466776013,0.031281791627407074,0.008500436320900917,10.0,1.0,10.0
489.0,0.13385967910289764,0.13385967910289764,0.0017856191843748093,0.031128987669944763,0.008487449958920479,10.0,1.0,10.0
490.0,0.13355320692062378,0.13355320692062378,0.0017831806326285005,0.030976923182606697,0.008474447764456272,10.0,1.0,10.0
491.0,0.13324730098247528,0.13324730098247528,0.0017807366093620658,0.03082568570971489,0.008461425080895424,10.0,1.0,10.0
492.0,0.1329418569803238,0.1329418569803238,0.0017782908398658037,0.030675116926431656,0.008448382839560509,10.0,1.0,10.0
493.0,0.1326369196176529,0.1326369196176529,0.0017758470494300127,0.030525291338562965,0.008435315452516079,10.0,1.0,10.0
494.0,0.13233259320259094,0.13233259320259094,0.0017733941785991192,0.030376262962818146,0.008422238752245903,10.0,1.0,10.0
495.0,0.132028728723526,0.132028728723526,0.0017709308303892612,0.030228029936552048,0.008409138768911362,10.0,1.0,10.0
496.0,0.1317254602909088,0.1317254602909088,0.0017684795893728733,0.030080480501055717,0.008396017365157604,10.0,1.0,10.0
497.0,0.1314227432012558,0.1314227432012558,0.0017660221783444285,0.029933741316199303,0.008382877334952354,10.0,1.0,10.0
498.0,0.13112063705921173,0.13112063705921173,0.001763549167662859,0.029787875711917877,0.008369727060198784,10.0,1.0,10.0
499.0,0.13081911206245422,0.13081911206245422,0.001761081162840128,0.029642734676599503,0.008356556296348572,10.0,1.0,10.0
500.0,0.13051816821098328,0.13051816821098328,0.0017586201429367065,0.029498323798179626,0.008343365043401718,10.0,1.0,10.0
501.0,0.1302178055047989,0.1302178055047989,0.0017561407294124365,0.029354801401495934,0.008330159820616245,10.0,1.0,10.0
502.0,0.12991808354854584,0.12991808354854584,0.00175366026815027,0.0292121022939682,0.00831693783402443,10.0,1.0,10.0
503.0,0.12961901724338531,0.12961901724338531,0.0017511850455775857,0.029070181772112846,0.00830369908362627,10.0,1.0,10.0
504.0,0.12932059168815613,0.12932059168815613,0.0017487044679000974,0.028929099440574646,0.008290444500744343,10.0,1.0,10.0
505.0,0.1290227472782135,0.1290227472782135,0.001746215159073472,0.02878882922232151,0.00827717687934637,10.0,1.0,10.0
506.0,0.12872563302516937,0.12872563302516937,0.0017437253845855594,0.02864944003522396,0.008263894356787205,10.0,1.0,10.0
507.0,0.1284291297197342,0.1284291297197342,0.0017412345623597503,0.028510835021734238,0.008250595070421696,10.0,1.0,10.0
508.0,0.1281333565711975,0.1281333565711975,0.0017387430416420102,0.028373103588819504,0.008237281814217567,10.0,1.0,10.0
509.0,0.12783825397491455,0.12783825397491455,0.001736243604682386,0.028236256912350655,0.00822395645081997,10.0,1.0,10.0
510.0,0.1275438666343689,0.1275438666343689,0.0017337427707388997,0.02810024283826351,0.008210619911551476,10.0,1.0,10.0
511.0,0.12725019454956055,0.12725019454956055,0.001731243566609919,0.027965083718299866,0.008197267539799213,10.0,1.0,10.0
512.0,0.12695719301700592,0.12695719301700592,0.0017287374939769506,0.027830814942717552,0.008183900266885757,10.0,1.0,10.0
513.0,0.12666498124599457,0.12666498124599457,0.0017262257169932127,0.027697455137968063,0.00817052647471428,10.0,1.0,10.0
514.0,0.1263734996318817,0.1263734996318817,0.0017237160354852676,0.027564942836761475,0.008157139644026756,10.0,1.0,10.0
515.0,0.12608276307582855,0.12608276307582855,0.0017212041420862079,0.027433328330516815,0.008143739774823189,10.0,1.0,10.0
516.0,0.12579278647899628,0.12579278647899628,0.0017186867771670222,0.027302611619234085,0.008130330592393875,10.0,1.0,10.0
517.0,0.12550361454486847,0.12550361454486847,0.0017161703435704112,0.02717278152704239,0.00811691302806139,10.0,1.0,10.0
518.0,0.12521520256996155,0.12521520256996155,0.0017136484384536743,0.027043862268328667,0.008103485219180584,10.0,1.0,10.0
519.0,0.12492760270833969,0.12492760270833969,0.0017111210618168116,0.02691589668393135,0.008090049959719181,10.0,1.0,10.0
520.0,0.12464083731174469,0.12464083731174469,0.0017085991567000747,0.026788780465722084,0.008076606318354607,10.0,1.0,10.0
521.0,0.12435480952262878,0.12435480952262878,0.0017060729442164302,0.02666260115802288,0.008063147775828838,10.0,1.0,10.0
522.0,0.12406963109970093,0.12406963109970093,0.0017035352066159248,0.026537399739027023,0.00804968737065792,10.0,1.0,10.0
523.0,0.12378530204296112,0.12378530204296112,0.0017010066658258438,0.02641305699944496,0.008036217652261257,10.0,1.0,10.0
524.0,0.12350185960531235,0.12350185960531235,0.00169847602955997,0.0262896791100502,0.008022742345929146,10.0,1.0,10.0
525.0,0.12321921437978745,0.12321921437978745,0.0016959321219474077,0.026167279109358788,0.008009261451661587,10.0,1.0,10.0
526.0,0.12293748557567596,0.12293748557567596,0.0016933947335928679,0.026045799255371094,0.007995774038136005,10.0,1.0,10.0
527.0,0.12265658378601074,0.12265658378601074,0.0016908582765609026,0.02592521905899048,0.007982278242707253,10.0,1.0,10.0
528.0,0.12237661331892014,0.12237661331892014,0.0016883136704564095,0.02580564096570015,0.007968783378601074,10.0,1.0,10.0
529.0,0.12209749221801758,0.12209749221801758,0.0016857634764164686,0.025687046349048615,0.007955281063914299,10.0,1.0,10.0
530.0,0.12181925773620605,0.12181925773620605,0.0016832200344651937,0.025569334626197815,0.007941772229969501,10.0,1.0,10.0
531.0,0.12154201418161392,0.12154201418161392,0.0016806726343929768,0.025452619418501854,0.007928267121315002,10.0,1.0,10.0
532.0,0.12126564979553223,0.12126564979553223,0.0016781158046796918,0.025336913764476776,0.00791475735604763,10.0,1.0,10.0
533.0,0.12099023163318634,0.12099023163318634,0.001675566891208291,0.02522212639451027,0.00790124386548996,10.0,1.0,10.0
534.0,0.12071574479341507,0.12071574479341507,0.001673016231507063,0.025108298286795616,0.00788772851228714,10.0,1.0,10.0
535.0,0.12044218182563782,0.12044218182563782,0.0016704591689631343,0.0249954704195261,0.007874212227761745,10.0,1.0,10.0
536.0,0.12016960233449936,0.12016960233449936,0.0016678996616974473,0.024883626028895378,0.0078606978058815,10.0,1.0,10.0
537.0,0.1198979988694191,0.1198979988694191,0.0016653421334922314,0.02477276138961315,0.007847181521356106,10.0,1.0,10.0
538.0,0.11962731182575226,0.11962731182575226,0.0016627819277346134,0.02466285601258278,0.007833663374185562,10.0,1.0,10.0
539.0,0.11935767531394958,0.11935767531394958,0.0016602184623479843,0.02455398067831993,0.007820150814950466,10.0,1.0,10.0
540.0,0.11908893287181854,0.11908893287181854,0.0016576560446992517,0.024446019902825356,0.007806634996086359,10.0,1.0,10.0
541.0,0.11882125586271286,0.11882125586271286,0.0016550940927118063,0.024339094758033752,0.007793121971189976,10.0,1.0,10.0
542.0,0.11855453252792358,0.11855453252792358,0.0016525218961760402,0.024233169853687286,0.00777961453422904,10.0,1.0,10.0
543.0,0.11828881502151489,0.11828881502151489,0.0016499579651281238,0.024128179997205734,0.007766105700284243,10.0,1.0,10.0
544.0,0.11802413314580917,0.11802413314580917,0.0016473900759592652,0.02402418665587902,0.007752604782581329,10.0,1.0,10.0
545.0,0.11776047945022583,0.11776047945022583,0.0016448183450847864,0.023921234533190727,0.007739106193184853,10.0,1.0,10.0
546.0,0.11749786883592606,0.11749786883592606,0.0016422484768554568,0.023819254711270332,0.007725612726062536,10.0,1.0,10.0
547.0,0.11723621189594269,0.11723621189594269,0.001639676745980978,0.023718219250440598,0.007712122518569231,10.0,1.0,10.0
548.0,0.11697566509246826,0.11697566509246826,0.0016371083911508322,0.023618176579475403,0.00769864022731781,10.0,1.0,10.0
549.0,0.11671610921621323,0.11671610921621323,0.0016345302574336529,0.023519176989793777,0.007685162592679262,10.0,1.0,10.0
550.0,0.11645763367414474,0.11645763367414474,0.0016319553833454847,0.0234211515635252,0.0076716928742825985,10.0,1.0,10.0
551.0,0.11620016396045685,0.11620016396045685,0.0016293847002089024,0.023324042558670044,0.007658227812498808,10.0,1.0,10.0
552.0,0.11594375222921371,0.11594375222921371,0.0016268044710159302,0.023227982223033905,0.007644772529602051,10.0,1.0,10.0
553.0,0.11568840593099594,0.11568840593099594,0.0016242209821939468,0.023132938891649246,0.0076313260942697525,10.0,1.0,10.0
554.0,0.11543415486812592,0.11543415486812592,0.0016216516960412264,0.023038778454065323,0.007617885712534189,10.0,1.0,10.0
555.0,0.11518097668886185,0.11518097668886185,0.001619078335352242,0.022945623844861984,0.007604456506669521,10.0,1.0,10.0
556.0,0.11492877453565598,0.11492877453565598,0.0016164914704859257,0.022853508591651917,0.007591035217046738,10.0,1.0,10.0
557.0,0.11467771977186203,0.11467771977186203,0.001613914268091321,0.022762328386306763,0.007577625103294849,10.0,1.0,10.0
558.0,0.11442773044109344,0.11442773044109344,0.001611341955140233,0.02267206273972988,0.007564224768429995,10.0,1.0,10.0
559.0,0.11417880654335022,0.11417880654335022,0.0016087580006569624,0.02258284017443657,0.007550838403403759,10.0,1.0,10.0
560.0,0.11393097043037415,0.11393097043037415,0.0016061754431575537,0.02249458059668541,0.007537463679909706,10.0,1.0,10.0
561.0,0.11368416249752045,0.11368416249752045,0.0016036015003919601,0.022407207638025284,0.007524094078689814,10.0,1.0,10.0
562.0,0.11343848705291748,0.11343848705291748,0.001601021271198988,0.022320836782455444,0.007510743569582701,10.0,1.0,10.0
563.0,0.11319389939308167,0.11319389939308167,0.0015984363853931427,0.022235458716750145,0.007497407495975494,10.0,1.0,10.0
564.0,0.11295033246278763,0.11295033246278763,0.001595857902429998,0.022150948643684387,0.007484080735594034,10.0,1.0,10.0
565.0,0.11270793527364731,0.11270793527364731,0.001593282911926508,0.02206738293170929,0.007470772136002779,10.0,1.0,10.0
566.0,0.11246654391288757,0.11246654391288757,0.0015906981425359845,0.021984810009598732,0.0074574751779437065,10.0,1.0,10.0
567.0,0.11222628504037857,0.11222628504037857,0.0015881203580647707,0.021903127431869507,0.007444195449352264,10.0,1.0,10.0
568.0,0.11198707669973373,0.11198707669973373,0.0015855421079322696,0.0218223724514246,0.00743092829361558,10.0,1.0,10.0
569.0,0.11174896359443665,0.11174896359443665,0.0015829666517674923,0.02174251526594162,0.007417678367346525,10.0,1.0,10.0
570.0,0.11151192337274551,0.11151192337274551,0.0015803849091753364,0.0216636024415493,0.00740444753319025,10.0,1.0,10.0
571.0,0.11127597093582153,0.11127597093582153,0.0015778049128130078,0.021585587412118912,0.007391232997179031,10.0,1.0,10.0
572.0,0.11104108393192291,0.11104108393192291,0.001575235277414322,0.02150839939713478,0.007378033362329006,10.0,1.0,10.0
573.0,0.11080727726221085,0.11080727726221085,0.001572654116898775,0.021432185545563698,0.007364855147898197,10.0,1.0,10.0
574.0,0.11057448387145996,0.11057448387145996,0.0015700747026130557,0.021356835961341858,0.007351689971983433,10.0,1.0,10.0
575.0,0.1103428453207016,0.1103428453207016,0.0015675064641982317,0.02128230780363083,0.007338548079133034,10.0,1.0,10.0
576.0,0.11011222004890442,0.11011222004890442,0.001564931939356029,0.021208669990301132,0.007325423415750265,10.0,1.0,10.0
577.0,0.10988271236419678,0.10988271236419678,0.001562353689223528,0.0211359690874815,0.007312321104109287,10.0,1.0,10.0
578.0,0.10965421795845032,0.10965421795845032,0.0015597869642078876,0.02106400579214096,0.0072992341592907906,10.0,1.0,10.0
579.0,0.10942678153514862,0.10942678153514862,0.001557219889946282,0.020992901176214218,0.00728616863489151,10.0,1.0,10.0
580.0,0.10920040309429169,0.10920040309429169,0.0015546446666121483,0.02092268317937851,0.0072731273248791695,10.0,1.0,10.0
581.0,0.10897506028413773,0.10897506028413773,0.0015520736342296004,0.02085326798260212,0.007260105572640896,10.0,1.0,10.0
582.0,0.10875078290700912,0.10875078290700912,0.00154951645527035,0.020784597843885422,0.0072471024468541145,10.0,1.0,10.0
583.0,0.10852751135826111,0.10852751135826111,0.0015469464706256986,0.02071681059896946,0.0072341240011155605,10.0,1.0,10.0
584.0,0.10830532014369965,0.10830532014369965,0.0015443790471181273,0.02064981497824192,0.007221171632409096,10.0,1.0,10.0
585.0,0.10808412730693817,0.10808412730693817,0.0015418198890984058,0.020583540201187134,0.007208238355815411,10.0,1.0,10.0
586.0,0.10786399245262146,0.10786399245262146,0.0015392634086310863,0.02051806077361107,0.0071953292936086655,10.0,1.0,10.0
587.0,0.10764477401971817,0.10764477401971817,0.0015366976149380207,0.02045338787138462,0.007182441186159849,10.0,1.0,10.0
588.0,0.10742667317390442,0.10742667317390442,0.0015341409016400576,0.020389437675476074,0.007169582415372133,10.0,1.0,10.0
589.0,0.10720954835414886,0.10720954835414886,0.0015315912896767259,0.020326195284724236,0.007156744133681059,10.0,1.0,10.0
590.0,0.10699336230754852,0.10699336230754852,0.0015290320152416825,0.020263735204935074,0.007143930532038212,10.0,1.0,10.0
591.0,0.10677826404571533,0.10677826404571533,0.0015264839166775346,0.020201966166496277,0.007131145801395178,10.0,1.0,10.0
592.0,0.10656411945819855,0.10656411945819855,0.001523936865851283,0.020140904933214188,0.007118384353816509,10.0,1.0,10.0
593.0,0.10635091364383698,0.10635091364383698,0.0015213878359645605,0.0200805626809597,0.007105646654963493,10.0,1.0,10.0
594.0,0.10613872110843658,0.10613872110843658,0.0015188419492915273,0.020020924508571625,0.0070929378271102905,10.0,1.0,10.0
595.0,0.10592742264270782,0.10592742264270782,0.0015163029311224818,0.01996188797056675,0.0070802513509988785,10.0,1.0,10.0
596.0,0.10571716725826263,0.10571716725826263,0.0015137579757720232,0.019903618842363358,0.007067597005516291,10.0,1.0,10.0
597.0,0.10550783574581146,0.10550783574581146,0.001511218841187656,0.019845960661768913,0.007054969202727079,10.0,1.0,10.0
598.0,0.10529942810535431,0.10529942810535431,0.0015086930943652987,0.01978885568678379,0.007042364217340946,10.0,1.0,10.0
599.0,0.10509194433689117,0.10509194433689117,0.0015061561716720462,0.01973249576985836,0.007029789034277201,10.0,1.0,10.0
600.0,0.10488544404506683,0.10488544404506683,0.0015036199474707246,0.019676800817251205,0.00701724411919713,10.0,1.0,10.0
601.0,0.10467980802059174,0.10467980802059174,0.0015011016512289643,0.019621551036834717,0.007004723418504,10.0,1.0,10.0
602.0,0.10447509586811066,0.10447509586811066,0.0014985784655436873,0.01956699974834919,0.006992231123149395,10.0,1.0,10.0
603.0,0.1042712926864624,0.1042712926864624,0.0014960486441850662,0.019513089209794998,0.006979771889746189,10.0,1.0,10.0
604.0,0.10406835377216339,0.10406835377216339,0.001493535004556179,0.019459635019302368,0.006967336870729923,10.0,1.0,10.0
605.0,0.1038663238286972,0.1038663238286972,0.0014910248573869467,0.019406741484999657,0.006954933516681194,10.0,1.0,10.0
606.0,0.10366518795490265,0.10366518795490265,0.0014885023701936007,0.019354548305273056,0.006942561361938715,10.0,1.0,10.0
607.0,0.10346488654613495,0.10346488654613495,0.0014859933871775866,0.019302815198898315,0.006930213887244463,10.0,1.0,10.0
608.0,0.10326547175645828,0.10326547175645828,0.0014834986068308353,0.019251510500907898,0.006917897611856461,10.0,1.0,10.0
609.0,0.10306687653064728,0.10306687653064728,0.001480985782109201,0.01920088194310665,0.00690561393275857,10.0,1.0,10.0
610.0,0.10286914557218552,0.10286914557218552,0.001478482037782669,0.019150741398334503,0.006893358658999205,10.0,1.0,10.0
611.0,0.10267224162817001,0.10267224162817001,0.0014759970363229513,0.01910097524523735,0.006881129927933216,10.0,1.0,10.0
612.0,0.10247613489627838,0.10247613489627838,0.0014734993455931544,0.019051799550652504,0.006868934258818626,10.0,1.0,10.0
613.0,0.10228090733289719,0.10228090733289719,0.0014710035175085068,0.019003132358193398,0.006856773979961872,10.0,1.0,10.0
614.0,0.10208641737699509,0.10208641737699509,0.0014685222413390875,0.01895482838153839,0.006844636518508196,10.0,1.0,10.0
615.0,0.10189277678728104,0.10189277678728104,0.0014660443412140012,0.01890699379146099,0.006832534447312355,10.0,1.0,10.0
616.0,0.10169991850852966,0.10169991850852966,0.0014635580591857433,0.018859701231122017,0.0068204645067453384,10.0,1.0,10.0
617.0,0.10150779783725739,0.10150779783725739,0.0014610809739679098,0.01881278306245804,0.006808420177549124,10.0,1.0,10.0
618.0,0.10131646692752838,0.10131646692752838,0.0014586178585886955,0.018766213208436966,0.006796407513320446,10.0,1.0,10.0
619.0,0.10112591087818146,0.10112591087818146,0.0014561438001692295,0.018720164895057678,0.006784431170672178,10.0,1.0,10.0
620.0,0.10093609988689423,0.10093609988689423,0.0014536745147779584,0.018674511462450027,0.006772484630346298,10.0,1.0,10.0
621.0,0.10074703395366669,0.10074703395366669,0.0014512178022414446,0.01862918771803379,0.006760566495358944,10.0,1.0,10.0
622.0,0.10055869817733765,0.10055869817733765,0.0014487640000879765,0.018584255129098892,0.006748680956661701,10.0,1.0,10.0
623.0,0.10037112236022949,0.10037112236022949,0.0014463046099990606,0.01853977143764496,0.0067368303425610065,10.0,1.0,10.0
624.0,0.10018425434827805,0.10018425434827805,0.0014438568614423275,0.018495596945285797,0.006725008599460125,10.0,1.0,10.0
625.0,0.09999807178974152,0.09999807178974152,0.0014414179604500532,0.018451735377311707,0.006713215261697769,10.0,1.0,10.0
626.0,0.0998125970363617,0.0998125970363617,0.0014389677671715617,0.018408341333270073,0.006701457314193249,10.0,1.0,10.0
627.0,0.09962783008813858,0.09962783008813858,0.001436529099009931,0.018365221098065376,0.006689731497317553,10.0,1.0,10.0
628.0,0.09944373369216919,0.09944373369216919,0.0014341050991788507,0.018322352319955826,0.0066780331544578075,10.0,1.0,10.0
629.0,0.09926030039787292,0.09926030039787292,0.0014316695742309093,0.018279917538166046,0.006666369270533323,10.0,1.0,10.0
630.0,0.09907757490873337,0.09907757490873337,0.0014292383566498756,0.01823781058192253,0.006654737517237663,10.0,1.0,10.0
631.0,0.09889547526836395,0.09889547526836395,0.0014268229715526104,0.01819589175283909,0.006643135566264391,10.0,1.0,10.0
632.0,0.09871404618024826,0.09871404618024826,0.0014244066551327705,0.018154313787817955,0.0066315666772425175,10.0,1.0,10.0
633.0,0.09853322058916092,0.09853322058916092,0.0014219864970073104,0.018113089725375175,0.006620026659220457,10.0,1.0,10.0
634.0,0.09835311025381088,0.09835311025381088,0.0014195793773978949,0.018072087317705154,0.006608522497117519,10.0,1.0,10.0
635.0,0.098173588514328,0.098173588514328,0.0014171776128932834,0.01803133264183998,0.006597048137336969,10.0,1.0,10.0
636.0,0.09799466282129288,0.09799466282129288,0.0014147714246064425,0.01799090951681137,0.006585603579878807,10.0,1.0,10.0
637.0,0.0978163480758667,0.0978163480758667,0.0014123744331300259,0.017950713634490967,0.0065741888247430325,10.0,1.0,10.0
638.0,0.09763866662979126,0.09763866662979126,0.0014099865220487118,0.017910735681653023,0.006562806665897369,10.0,1.0,10.0
639.0,0.09746155142784119,0.09746155142784119,0.0014075920917093754,0.017871074378490448,0.006551455706357956,10.0,1.0,10.0
640.0,0.09728503972291946,0.09728503972291946,0.0014052055776119232,0.017831629142165184,0.006540135480463505,10.0,1.0,10.0
641.0,0.09710913896560669,0.09710913896560669,0.001402832567691803,0.01779235526919365,0.006528845988214016,10.0,1.0,10.0
642.0,0.09693379700183868,0.09693379700183868,0.0014004518743604422,0.017753371968865395,0.006517590954899788,10.0,1.0,10.0
643.0,0.09675899147987366,0.09675899147987366,0.0013980758376419544,0.01771462708711624,0.0065063601359725,10.0,1.0,10.0
644.0,0.09658477455377579,0.09658477455377579,0.0013957112096250057,0.01767602562904358,0.006495163310319185,10.0,1.0,10.0
645.0,0.09641111642122269,0.09641111642122269,0.0013933500740677118,0.017637640237808228,0.006483997218310833,10.0,1.0,10.0
646.0,0.09623799473047256,0.09623799473047256,0.0013909873086959124,0.01759953610599041,0.006472859065979719,10.0,1.0,10.0
647.0,0.09606542438268661,0.09606542438268661,0.001388629898428917,0.01756160333752632,0.006461752112954855,10.0,1.0,10.0
648.0,0.09589335322380066,0.09589335322380066,0.0013862848281860352,0.01752377487719059,0.006450673099607229,10.0,1.0,10.0
649.0,0.09572184085845947,0.09572184085845947,0.0013839354505762458,0.01748622953891754,0.006439625285565853,10.0,1.0,10.0
650.0,0.09555082023143768,0.09555082023143768,0.001381586422212422,0.017448853701353073,0.0064286100678145885,10.0,1.0,10.0
651.0,0.09538034349679947,0.09538034349679947,0.0013792529935017228,0.0174116138368845,0.006417620461434126,10.0,1.0,10.0
652.0,0.09521036595106125,0.09521036595106125,0.0013769167708232999,0.017374595627188683,0.006406660191714764,10.0,1.0,10.0
653.0,0.09504091739654541,0.09504091739654541,0.0013745855540037155,0.01733773574233055,0.006395732518285513,10.0,1.0,10.0
654.0,0.09487193077802658,0.09487193077802658,0.0013722609728574753,0.017301026731729507,0.0063848295249044895,10.0,1.0,10.0
655.0,0.09470342099666595,0.09470342099666595,0.0013699382543563843,0.017264474183321,0.006373956333845854,10.0,1.0,10.0
656.0,0.09453541785478592,0.09453541785478592,0.0013676164671778679,0.017228126525878906,0.0063631124794483185,10.0,1.0,10.0
657.0,0.0943678468465805,0.0943678468465805,0.0013653049245476723,0.017191864550113678,0.0063522933050990105,10.0,1.0,10.0
658.0,0.09420082718133926,0.09420082718133926,0.0013629983877763152,0.01715577021241188,0.006341507192701101,10.0,1.0,10.0
659.0,0.09403419494628906,0.09403419494628906,0.001360685215331614,0.0171198807656765,0.006330746226012707,10.0,1.0,10.0
660.0,0.09386806190013885,0.09386806190013885,0.001358385430648923,0.017084084451198578,0.006320012267678976,10.0,1.0,10.0
661.0,0.09370239824056625,0.09370239824056625,0.001356093562208116,0.017048409208655357,0.006309305317699909,10.0,1.0,10.0
662.0,0.09353718906641006,0.09353718906641006,0.001353794359602034,0.0170129481703043,0.006298629567027092,10.0,1.0,10.0
663.0,0.0933724045753479,0.0933724045753479,0.0013515041209757328,0.01697758212685585,0.006287978030741215,10.0,1.0,10.0
664.0,0.09320804476737976,0.09320804476737976,0.0013492247089743614,0.016942299902439117,0.006277349311858416,10.0,1.0,10.0
665.0,0.09304418414831161,0.09304418414831161,0.0013469401746988297,0.016907231882214546,0.006266755051910877,10.0,1.0,10.0
666.0,0.09288068115711212,0.09288068115711212,0.0013446558732539415,0.01687229424715042,0.006256182678043842,10.0,1.0,10.0
667.0,0.09271763265132904,0.09271763265132904,0.001342392060905695,0.016837358474731445,0.006245635449886322,10.0,1.0,10.0
668.0,0.09255500882863998,0.09255500882863998,0.001340120448730886,0.016802646219730377,0.006235115695744753,10.0,1.0,10.0
669.0,0.09239281713962555,0.09239281713962555,0.001337848138064146,0.016768092289566994,0.006224623881280422,10.0,1.0,10.0
670.0,0.09223097562789917,0.09223097562789917,0.0013355907285586,0.016733555123209953,0.006214151158928871,10.0,1.0,10.0
671.0,0.0920696035027504,0.0920696035027504,0.0013333356473594904,0.016699178144335747,0.006203706841915846,10.0,1.0,10.0
672.0,0.09190858155488968,0.09190858155488968,0.0013310769572854042,0.016664935275912285,0.006193287670612335,10.0,1.0,10.0
673.0,0.09174801409244537,0.09174801409244537,0.001328828395344317,0.01663079671561718,0.006182893179357052,10.0,1.0,10.0
674.0,0.09158778190612793,0.09158778190612793,0.0013265851885080338,0.016596734523773193,0.00617251917719841,10.0,1.0,10.0
675.0,0.0914279967546463,0.0914279967546463,0.0013243407011032104,0.01656283810734749,0.006162174977362156,10.0,1.0,10.0
676.0,0.09126855432987213,0.09126855432987213,0.0013221035478636622,0.0165290255099535,0.006151849869638681,10.0,1.0,10.0
677.0,0.0911095142364502,0.0911095142364502,0.0013198689557611942,0.01649531163275242,0.006141550838947296,10.0,1.0,10.0
678.0,0.09095080196857452,0.09095080196857452,0.0013176347129046917,0.01646174117922783,0.0061312709003686905,10.0,1.0,10.0
679.0,0.09079252928495407,0.09079252928495407,0.0013154095504432917,0.016428228467702866,0.006121020298451185,10.0,1.0,10.0
680.0,0.09063458442687988,0.09063458442687988,0.0013131876476109028,0.01639483869075775,0.006110786460340023,10.0,1.0,10.0
681.0,0.09047700464725494,0.09047700464725494,0.001310965046286583,0.01636156439781189,0.006100579164922237,10.0,1.0,10.0
682.0,0.09031979739665985,0.09031979739665985,0.001308747916482389,0.01632838509976864,0.006090392824262381,10.0,1.0,10.0
683.0,0.09016295522451401,0.09016295522451401,0.0013065384700894356,0.016295285895466805,0.006080228369683027,10.0,1.0,10.0
684.0,0.09000643342733383,0.09000643342733383,0.0013043282087892294,0.016262304037809372,0.006070084869861603,10.0,1.0,10.0
685.0,0.08985026180744171,0.08985026180744171,0.0013021227205172181,0.01622942090034485,0.0060599613934755325,10.0,1.0,10.0
686.0,0.08969445526599884,0.08969445526599884,0.0012999216560274363,0.01619662716984749,0.006049861200153828,10.0,1.0,10.0
687.0,0.08953897655010223,0.08953897655010223,0.0012977218721061945,0.016163945198059082,0.006039781030267477,10.0,1.0,10.0
688.0,0.08938387036323547,0.08938387036323547,0.0012955267447978258,0.016131363809108734,0.006029724143445492,10.0,1.0,10.0
689.0,0.08922908455133438,0.08922908455133438,0.0012933420948684216,0.016098832711577415,0.006019683089107275,10.0,1.0,10.0
690.0,0.08907459676265717,0.08907459676265717,0.0012911491794511676,0.016066458076238632,0.006009665317833424,10.0,1.0,10.0
691.0,0.0889204740524292,0.0889204740524292,0.0012889622012153268,0.016034182161092758,0.005999667104333639,10.0,1.0,10.0
692.0,0.0887666642665863,0.0887666642665863,0.001286790007725358,0.016001898795366287,0.005989686585962772,10.0,1.0,10.0
693.0,0.08861317485570908,0.08861317485570908,0.001284608617424965,0.015969809144735336,0.005979727953672409,10.0,1.0,10.0
694.0,0.08846000581979752,0.08846000581979752,0.001282429089769721,0.015937840566039085,0.005969787482172251,10.0,1.0,10.0
695.0,0.08830712735652924,0.08830712735652924,0.0012802687706425786,0.015905816107988358,0.005959862377494574,10.0,1.0,10.0
696.0,0.08815459161996841,0.08815459161996841,0.0012780980905517936,0.015874013304710388,0.0059499600902199745,10.0,1.0,10.0
697.0,0.08800233900547028,0.08800233900547028,0.0012759309029206634,0.015842288732528687,0.0059400745667517185,10.0,1.0,10.0
698.0,0.0878504067659378,0.0878504067659378,0.001273775240406394,0.015810582786798477,0.00593020673841238,10.0,1.0,10.0
699.0,0.08769875764846802,0.08769875764846802,0.001271616667509079,0.01577901467680931,0.0059203580021858215,10.0,1.0,10.0
700.0,0.08754744380712509,0.08754744380712509,0.001269459375180304,0.01574757508933544,0.005910527426749468,10.0,1.0,10.0
701.0,0.08739639073610306,0.08739639073610306,0.001267310231924057,0.015716180205345154,0.005900710821151733,10.0,1.0,10.0
702.0,0.08724561333656311,0.08724561333656311,0.0012651656288653612,0.01568484492599964,0.005890910979360342,10.0,1.0,10.0
703.0,0.08709517121315002,0.08709517121315002,0.0012630189303308725,0.01565367914736271,0.005881130695343018,10.0,1.0,10.0
704.0,0.08694499731063843,0.08694499731063843,0.0012608787510544062,0.015622548758983612,0.005871366243809462,10.0,1.0,10.0
705.0,0.08679510653018951,0.08679510653018951,0.00125874241348356,0.01559150405228138,0.005861617624759674,10.0,1.0,10.0
706.0,0.08664550632238388,0.08664550632238388,0.0012566059594973922,0.015560584142804146,0.005851886235177517,10.0,1.0,10.0
707.0,0.08649615198373795,0.08649615198373795,0.0012544738128781319,0.015529729425907135,0.005842168349772692,10.0,1.0,10.0
708.0,0.08634711802005768,0.08634711802005768,0.0012523490004241467,0.015498951077461243,0.00583246722817421,10.0,1.0,10.0
709.0,0.08619831502437592,0.08619831502437592,0.0012502188328653574,0.01546829380095005,0.0058227828703820705,10.0,1.0,10.0
710.0,0.08604978770017624,0.08604978770017624,0.001248097512871027,0.015437707304954529,0.0058131106197834015,10.0,1.0,10.0
711.0,0.08590151369571686,0.08590151369571686,0.001245980616658926,0.015407172031700611,0.005803453270345926,10.0,1.0,10.0
712.0,0.08575350791215897,0.08575350791215897,0.0012438641861081123,0.015376764349639416,0.005793810356408358,10.0,1.0,10.0
713.0,0.08560579270124435,0.08560579270124435,0.001241747522726655,0.015346446074545383,0.005784187000244856,10.0,1.0,10.0
714.0,0.08545831590890884,0.08545831590890884,0.0012396398233249784,0.015316184610128403,0.005774573422968388,10.0,1.0,10.0
715.0,0.08531107753515244,0.08531107753515244,0.0012375323567539454,0.015286027453839779,0.005764972884207964,10.0,1.0,10.0
716.0,0.0851641297340393,0.0851641297340393,0.0012354243081063032,0.015255976468324661,0.005755390506237745,10.0,1.0,10.0
717.0,0.08501739799976349,0.08501739799976349,0.001233323710039258,0.015225988812744617,0.0057458169758319855,10.0,1.0,10.0
718.0,0.08487093448638916,0.08487093448638916,0.0012312314938753843,0.015196043998003006,0.005736257880926132,10.0,1.0,10.0
719.0,0.08472472429275513,0.08472472429275513,0.0012291291495785117,0.015166285447776318,0.005726715084165335,10.0,1.0,10.0
720.0,0.08457870781421661,0.08457870781421661,0.0012270354200154543,0.015136540867388248,0.005717181600630283,10.0,1.0,10.0
721.0,0.08443297445774078,0.08443297445774078,0.0012249537976458669,0.015106826089322567,0.005707660689949989,10.0,1.0,10.0
722.0,0.08428746461868286,0.08428746461868286,0.001222857623361051,0.015077338553965092,0.0056981551460921764,10.0,1.0,10.0
723.0,0.08414219319820404,0.08414219319820404,0.0012207739055156708,0.015047856606543064,0.005688659846782684,10.0,1.0,10.0
724.0,0.08399710059165955,0.08399710059165955,0.0012186984531581402,0.015018388628959656,0.005679172929376364,10.0,1.0,10.0
725.0,0.08385232090950012,0.08385232090950012,0.0012166149681434035,0.014989114366471767,0.00566970556974411,10.0,1.0,10.0
726.0,0.08370772749185562,0.08370772749185562,0.001214535441249609,0.014959911815822124,0.005660246126353741,10.0,1.0,10.0
727.0,0.08356332778930664,0.08356332778930664,0.001212464296258986,0.014930720441043377,0.005650796927511692,10.0,1.0,10.0
728.0,0.08341918885707855,0.08341918885707855,0.0012103936169296503,0.014901658520102501,0.005641359370201826,10.0,1.0,10.0
729.0,0.08327527344226837,0.08327527344226837,0.0012083242181688547,0.014872685074806213,0.005631934851408005,10.0,1.0,10.0
730.0,0.08313155174255371,0.08313155174255371,0.0012062585446983576,0.014843772165477276,0.005622519180178642,10.0,1.0,10.0
731.0,0.08298803865909576,0.08298803865909576,0.0012041949667036533,0.014814943075180054,0.005613114684820175,10.0,1.0,10.0
732.0,0.08284474909305573,0.08284474909305573,0.0012021355796605349,0.014786194078624249,0.005603719502687454,10.0,1.0,10.0
733.0,0.08270164579153061,0.08270164579153061,0.0012000763090327382,0.014757529832422733,0.005594335030764341,10.0,1.0,10.0
734.0,0.08255881071090698,0.08255881071090698,0.0011980195995420218,0.014728975482285023,0.00558496406301856,10.0,1.0,10.0
735.0,0.0824161171913147,0.0824161171913147,0.0011959689436480403,0.014700452797114849,0.005575597286224365,10.0,1.0,10.0
736.0,0.08227365463972092,0.08227365463972092,0.0011939180549234152,0.014672036282718182,0.005566244013607502,10.0,1.0,10.0
737.0,0.08213139325380325,0.08213139325380325,0.0011918690288439393,0.014643711037933826,0.00555689912289381,10.0,1.0,10.0
738.0,0.08198931813240051,0.08198931813240051,0.0011898267548531294,0.014615426771342754,0.005547562148422003,10.0,1.0,10.0
739.0,0.0818474143743515,0.0818474143743515,0.0011877806391566992,0.014587238430976868,0.005538237281143665,10.0,1.0,10.0
740.0,0.0817057341337204,0.0817057341337204,0.0011857395293191075,0.014559131115674973,0.005528920795768499,10.0,1.0,10.0
741.0,0.08156424015760422,0.08156424015760422,0.0011837033089250326,0.014531109482049942,0.005519609432667494,10.0,1.0,10.0
742.0,0.08142292499542236,0.08142292499542236,0.0011816680198535323,0.014503133483231068,0.005510311108082533,10.0,1.0,10.0
743.0,0.08128181099891663,0.08128181099891663,0.0011796304024755955,0.014475293457508087,0.0055010211654007435,10.0,1.0,10.0
744.0,0.08114084601402283,0.08114084601402283,0.0011775996536016464,0.01444748044013977,0.005491737276315689,10.0,1.0,10.0
745.0,0.08100007474422455,0.08100007474422455,0.001175573212094605,0.014419719576835632,0.0054824622347950935,10.0,1.0,10.0
746.0,0.08085951954126358,0.08085951954126358,0.001173545839264989,0.014392094686627388,0.0054731969721615314,10.0,1.0,10.0
747.0,0.08071912080049515,0.08071912080049515,0.0011715207947418094,0.01436452753841877,0.005463938228785992,10.0,1.0,10.0
748.0,0.08057887852191925,0.08057887852191925,0.001169499708339572,0.014337011612951756,0.005454686935991049,10.0,1.0,10.0
749.0,0.08043882995843887,0.08043882995843887,0.0011674806009978056,0.014309574849903584,0.005445444956421852,10.0,1.0,10.0
750.0,0.08029892295598984,0.08029892295598984,0.0011654635891318321,0.014282207936048508,0.0054362076334655285,10.0,1.0,10.0
751.0,0.08015922456979752,0.08015922456979752,0.0011634465772658587,0.014254950918257236,0.005426981020718813,10.0,1.0,10.0
752.0,0.08001969009637833,0.08001969009637833,0.0011614336399361491,0.014227732084691525,0.005417761858552694,10.0,1.0,10.0
753.0,0.07988030463457108,0.07988030463457108,0.0011594267562031746,0.014200562611222267,0.005408547352999449,10.0,1.0,10.0
754.0,0.07974106073379517,0.07974106073379517,0.0011574139352887869,0.014173535630106926,0.005399338901042938,10.0,1.0,10.0
755.0,0.07960199564695358,0.07960199564695358,0.0011554080992937088,0.014146540313959122,0.005390137434005737,10.0,1.0,10.0
756.0,0.07946310937404633,0.07946310937404633,0.0011534084333106875,0.014119589701294899,0.005380943417549133,10.0,1.0,10.0
757.0,0.07932434976100922,0.07932434976100922,0.0011514006182551384,0.014092771336436272,0.0053717573173344135,10.0,1.0,10.0
758.0,0.07918573915958405,0.07918573915958405,0.0011494020000100136,0.014065978117287159,0.005362574476748705,10.0,1.0,10.0
759.0,0.07904733717441559,0.07904733717441559,0.0011474092025309801,0.014039240777492523,0.0053534009493887424,10.0,1.0,10.0
760.0,0.0789090096950531,0.0789090096950531,0.001145406742580235,0.014012619853019714,0.005344232078641653,10.0,1.0,10.0
761.0,0.07877089828252792,0.07877089828252792,0.0011434148764237761,0.013986034318804741,0.005335071589797735,10.0,1.0,10.0
762.0,0.0786329060792923,0.0786329060792923,0.0011414255714043975,0.013959519565105438,0.005325912963598967,10.0,1.0,10.0
763.0,0.07849504053592682,0.07849504053592682,0.0011394319590181112,0.01393310446292162,0.005316761322319508,10.0,1.0,10.0
764.0,0.07835735380649567,0.07835735380649567,0.001137443701736629,0.013906740583479404,0.005307617597281933,10.0,1.0,10.0
765.0,0.07821977883577347,0.07821977883577347,0.001135463360697031,0.013880383223295212,0.005298476200550795,10.0,1.0,10.0
766.0,0.0780823826789856,0.0780823826789856,0.0011334770824760199,0.013854180462658405,0.005289343185722828,10.0,1.0,10.0
767.0,0.0779450535774231,0.0779450535774231,0.001131490571424365,0.013828020542860031,0.005280212499201298,10.0,1.0,10.0
768.0,0.0778079628944397,0.0778079628944397,0.0011295186122879386,0.013801880180835724,0.005271089728921652,10.0,1.0,10.0
769.0,0.07767096161842346,0.07767096161842346,0.001127535942941904,0.013775868341326714,0.005261973477900028,10.0,1.0,10.0
770.0,0.0775340348482132,0.0775340348482132,0.0011255580466240644,0.013749897480010986,0.005252855829894543,10.0,1.0,10.0
771.0,0.07739730179309845,0.07739730179309845,0.001123587368056178,0.013723964802920818,0.005243746563792229,10.0,1.0,10.0
772.0,0.07726068794727325,0.07726068794727325,0.0011216122657060623,0.013698138296604156,0.005234642419964075,10.0,1.0,10.0
773.0,0.07712419331073761,0.07712419331073761,0.0011196406558156013,0.013672358356416225,0.0052255429327487946,10.0,1.0,10.0
774.0,0.07698783278465271,0.07698783278465271,0.0011176770785823464,0.013646600767970085,0.005216446239501238,10.0,1.0,10.0
775.0,0.07685157656669617,0.07685157656669617,0.00111570640001446,0.01362096332013607,0.005207354668527842,10.0,1.0,10.0
776.0,0.07671548426151276,0.07671548426151276,0.0011137400288134813,0.01359538920223713,0.00519826915115118,10.0,1.0,10.0
777.0,0.07657948136329651,0.07657948136329651,0.0011117784306406975,0.013569839298725128,0.0051891859620809555,10.0,1.0,10.0
778.0,0.0764436274766922,0.0764436274766922,0.0011098193936049938,0.013544347137212753,0.0051801083609461784,10.0,1.0,10.0
779.0,0.07630786299705505,0.07630786299705505,0.0011078543029725552,0.013518979772925377,0.0051710344851017,10.0,1.0,10.0
780.0,0.07617226243019104,0.07617226243019104,0.001105898292735219,0.013493616133928299,0.005161966197192669,10.0,1.0,10.0
781.0,0.0760367214679718,0.0760367214679718,0.0011039434466511011,0.013468320481479168,0.005152896977961063,10.0,1.0,10.0
782.0,0.0759013220667839,0.0759013220667839,0.001101986737921834,0.013443106785416603,0.0051438347436487675,10.0,1.0,10.0
783.0,0.07576601952314377,0.07576601952314377,0.0011000329395756125,0.01341794803738594,0.005134774371981621,10.0,1.0,10.0
784.0,0.07563086599111557,0.07563086599111557,0.0010980847291648388,0.013392817229032516,0.005125720053911209,10.0,1.0,10.0
785.0,0.07549577951431274,0.07549577951431274,0.0010961346561089158,0.013367773033678532,0.005116666201502085,10.0,1.0,10.0
786.0,0.07536083459854126,0.07536083459854126,0.0010941842338070273,0.013342800550162792,0.005107619799673557,10.0,1.0,10.0
787.0,0.07522598654031754,0.07522598654031754,0.0010922396322712302,0.013317856937646866,0.00509857339784503,10.0,1.0,10.0
788.0,0.07509125024080276,0.07509125024080276,0.0010902932845056057,0.013293006457388401,0.005089531186968088,10.0,1.0,10.0
789.0,0.07495658844709396,0.07495658844709396,0.0010883503127843142,0.013268174603581429,0.005080491304397583,10.0,1.0,10.0
790.0,0.0748220831155777,0.0748220831155777,0.001086408388800919,0.013243429362773895,0.005071456544101238,10.0,1.0,10.0
791.0,0.0746876671910286,0.0746876671910286,0.0010844679782167077,0.013218730688095093,0.005062425974756479,10.0,1.0,10.0
792.0,0.07455330342054367,0.07455330342054367,0.0010825301287695765,0.013194072060286999,0.005053392611443996,10.0,1.0,10.0
793.0,0.07441908121109009,0.07441908121109009,0.0010805920464918017,0.013169495388865471,0.005044366233050823,10.0,1.0,10.0
794.0,0.07428496330976486,0.07428496330976486,0.0010786575730890036,0.013144966214895248,0.0050353421829640865,10.0,1.0,10.0
795.0,0.07415091246366501,0.07415091246366501,0.001076722634024918,0.013120489194989204,0.005026319529861212,10.0,1.0,10.0
796.0,0.0740169957280159,0.0740169957280159,0.0010747892083600163,0.013096090406179428,0.00501730153337121,10.0,1.0,10.0
797.0,0.07388315349817276,0.07388315349817276,0.0010728569468483329,0.013071727007627487,0.005008285865187645,10.0,1.0,10.0
798.0,0.07374938577413559,0.07374938577413559,0.0010709288762882352,0.013047411106526852,0.004999268800020218,10.0,1.0,10.0
799.0,0.07361576706171036,0.07361576706171036,0.0010689995251595974,0.01302318088710308,0.004990259185433388,10.0,1.0,10.0
800.0,0.0734822005033493,0.0734822005033493,0.0010670720366761088,0.012998981401324272,0.004981250036507845,10.0,1.0,10.0
801.0,0.07334873825311661,0.07334873825311661,0.001065148040652275,0.012974821031093597,0.004972243681550026,10.0,1.0,10.0
802.0,0.07321535795927048,0.07321535795927048,0.0010632229968905449,0.012950729578733444,0.004963240120559931,10.0,1.0,10.0
803.0,0.07308211177587509,0.07308211177587509,0.001061297720298171,0.012926743365824223,0.004954238887876272,10.0,1.0,10.0
804.0,0.07294890284538269,0.07294890284538269,0.001059377915225923,0.012902729213237762,0.004945239517837763,10.0,1.0,10.0
805.0,0.07281582057476044,0.07281582057476044,0.0010574604384601116,0.012878787703812122,0.004936242941766977,10.0,1.0,10.0
806.0,0.07268278300762177,0.07268278300762177,0.0010555372573435307,0.012854952365159988,0.0049272459000349045,10.0,1.0,10.0
807.0,0.07254983484745026,0.07254983484745026,0.0010536204790696502,0.012831117957830429,0.004918251186609268,10.0,1.0,10.0
808.0,0.0724170058965683,0.0724170058965683,0.0010517066111788154,0.012807335704565048,0.00490926019847393,10.0,1.0,10.0
809.0,0.07228422164916992,0.07228422164916992,0.0010497854091227055,0.012783675454556942,0.00490026967599988,10.0,1.0,10.0
810.0,0.07215157896280289,0.07215157896280289,0.0010478802723810077,0.012759960256516933,0.004891281481832266,10.0,1.0,10.0
811.0,0.07201900333166122,0.07201900333166122,0.001045962213538587,0.012736402451992035,0.004882297478616238,10.0,1.0,10.0
812.0,0.07188646495342255,0.07188646495342255,0.0010440507903695107,0.012712855823338032,0.004873310215771198,10.0,1.0,10.0
813.0,0.07175404578447342,0.07175404578447342,0.0010421446058899164,0.012689324095845222,0.004864327609539032,10.0,1.0,10.0
814.0,0.07162169367074966,0.07162169367074966,0.0010402323678135872,0.01266590878367424,0.004855346400290728,10.0,1.0,10.0
815.0,0.07148942351341248,0.07148942351341248,0.0010383236221969128,0.012642504647374153,0.004846368916332722,10.0,1.0,10.0
816.0,0.07135727256536484,0.07135727256536484,0.0010364227928221226,0.01261912565678358,0.004837391898036003,10.0,1.0,10.0
817.0,0.0712251216173172,0.0712251216173172,0.0010345105547457933,0.012595889158546925,0.004828413017094135,10.0,1.0,10.0
818.0,0.0710931047797203,0.0710931047797203,0.0010326075134798884,0.0125726368278265,0.004819439258426428,10.0,1.0,10.0
819.0,0.07096115499734879,0.07096115499734879,0.0010307104093953967,0.012549398466944695,0.004810465034097433,10.0,1.0,10.0
820.0,0.07082930207252502,0.07082930207252502,0.0010287987533956766,0.012526340782642365,0.004801497794687748,10.0,1.0,10.0
821.0,0.07069750130176544,0.07069750130176544,0.0010269035119563341,0.012503227218985558,0.0047925240360200405,10.0,1.0,10.0
822.0,0.07056577503681183,0.07056577503681183,0.0010250088525936007,0.012480145320296288,0.0047835540026426315,10.0,1.0,10.0
823.0,0.07043412327766418,0.07043412327766418,0.001023098942823708,0.012457253411412239,0.004774587694555521,10.0,1.0,10.0
824.0,0.07030254602432251,0.07030254602432251,0.001021207426674664,0.012434271164238453,0.004765620455145836,10.0,1.0,10.0
825.0,0.0701710432767868,0.0701710432767868,0.0010193147463724017,0.012411355972290039,0.004756654147058725,10.0,1.0,10.0
826.0,0.07003964483737946,0.07003964483737946,0.001017410191707313,0.012388606555759907,0.00474769389256835,10.0,1.0,10.0
827.0,0.0699082612991333,0.0699082612991333,0.0010155199561268091,0.012365778908133507,0.004738728050142527,10.0,1.0,10.0
828.0,0.0697769969701767,0.0697769969701767,0.0010136314667761326,0.012343015521764755,0.004729766398668289,10.0,1.0,10.0
829.0,0.06964580714702606,0.06964580714702606,0.0010117291240021586,0.012320420704782009,0.004720809403806925,10.0,1.0,10.0
830.0,0.0695146694779396,0.0695146694779396,0.0010098443599417806,0.012297753244638443,0.0047118472866714,10.0,1.0,10.0
831.0,0.06938359141349792,0.06938359141349792,0.0010079559870064259,0.012275136075913906,0.004702889360487461,10.0,1.0,10.0
832.0,0.0692526251077652,0.0692526251077652,0.0010060577187687159,0.012252694927155972,0.004693935625255108,10.0,1.0,10.0
833.0,0.06912171840667725,0.06912171840667725,0.001004176796413958,0.012230168096721172,0.0046849786303937435,10.0,1.0,10.0
834.0,0.06899087131023407,0.06899087131023407,0.00100229075178504,0.012207741849124432,0.004676022566854954,10.0,1.0,10.0
835.0,0.06886008381843567,0.06886008381843567,0.0010003966744989157,0.0121854143217206,0.00466707069426775,10.0,1.0,10.0
836.0,0.06872937083244324,0.06872937083244324,0.0009985174983739853,0.012163032777607441,0.004658116493374109,10.0,1.0,10.0
837.0,0.06859874725341797,0.06859874725341797,0.000996628194116056,0.01214081421494484,0.004649165086448193,10.0,1.0,10.0
838.0,0.06846821308135986,0.06846821308135986,0.0009947470389306545,0.01211859192699194,0.004640215076506138,10.0,1.0,10.0
839.0,0.06833773851394653,0.06833773851394653,0.000992866582237184,0.012096411548554897,0.004631266463547945,10.0,1.0,10.0
840.0,0.06820730119943619,0.06820730119943619,0.0009909829823300242,0.012074301950633526,0.004622316919267178,10.0,1.0,10.0
841.0,0.06807691603899002,0.06807691603899002,0.0009890971705317497,0.012052245438098907,0.004613369703292847,10.0,1.0,10.0
842.0,0.06794664263725281,0.06794664263725281,0.0009872239315882325,0.012030189856886864,0.004604421555995941,10.0,1.0,10.0
843.0,0.06781642138957977,0.06781642138957977,0.0009853409137576818,0.012008247897028923,0.004595476668328047,10.0,1.0,10.0
844.0,0.06768626719713211,0.06768626719713211,0.000983459409326315,0.011986366473138332,0.004586530849337578,10.0,1.0,10.0
845.0,0.06755620986223221,0.06755620986223221,0.0009815891971811652,0.011964434757828712,0.00457758828997612,10.0,1.0,10.0
846.0,0.06742621213197708,0.06742621213197708,0.0009797076927497983,0.0119426678866148,0.004568646661937237,10.0,1.0,10.0
847.0,0.06729625165462494,0.06729625165462494,0.0009778306121006608,0.011920894496142864,0.004559705033898354,10.0,1.0,10.0
848.0,0.06716639548540115,0.06716639548540115,0.0009759595850482583,0.011899162083864212,0.004550763871520758,10.0,1.0,10.0
849.0,0.06703656911849976,0.06703656911849976,0.0009740791283547878,0.011877549812197685,0.004541823174804449,10.0,1.0,10.0
850.0,0.06690685451030731,0.06690685451030731,0.0009722086833789945,0.011855922639369965,0.004532883875072002,10.0,1.0,10.0
851.0,0.06677718460559845,0.06677718460559845,0.0009703374234959483,0.01183435320854187,0.004523945972323418,10.0,1.0,10.0
852.0,0.06664755940437317,0.06664755940437317,0.0009684615070000291,0.011812873184680939,0.004515007138252258,10.0,1.0,10.0
853.0,0.06651805341243744,0.06651805341243744,0.0009665923425927758,0.011791407130658627,0.004506072029471397,10.0,1.0,10.0
854.0,0.06638859957456589,0.06638859957456589,0.0009647221304476261,0.011769999749958515,0.004497137852013111,10.0,1.0,10.0
855.0,0.06625920534133911,0.06625920534133911,0.0009628520347177982,0.011748666875064373,0.004488201346248388,10.0,1.0,10.0
856.0,0.06612987816333771,0.06612987816333771,0.0009609839180484414,0.011727355420589447,0.004479268100112677,10.0,1.0,10.0
857.0,0.06600064039230347,0.06600064039230347,0.00095911551034078,0.011706113815307617,0.004470336716622114,10.0,1.0,10.0
858.0,0.0658714547753334,0.0658714547753334,0.0009572459384799004,0.011684924364089966,0.004461406730115414,10.0,1.0,10.0
859.0,0.06574234366416931,0.06574234366416931,0.0009553804411552846,0.011663783341646194,0.004452475346624851,10.0,1.0,10.0
860.0,0.0656132772564888,0.0656132772564888,0.0009535170975141227,0.011642655357718468,0.004443544894456863,10.0,1.0,10.0
861.0,0.06548433005809784,0.06548433005809784,0.0009516458958387375,0.01162168849259615,0.004434618167579174,10.0,1.0,10.0
862.0,0.06535540521144867,0.06535540521144867,0.0009497848222963512,0.011600665748119354,0.004425688646733761,10.0,1.0,10.0
863.0,0.06522655487060547,0.06522655487060547,0.0009479221189394593,0.011579726822674274,0.004416760988533497,10.0,1.0,10.0
864.0,0.06509780138731003,0.06509780138731003,0.0009460559231229126,0.011558881029486656,0.004407836124300957,10.0,1.0,10.0
865.0,0.06496909260749817,0.06496909260749817,0.0009441949659958482,0.011538032442331314,0.004398911260068417,10.0,1.0,10.0
866.0,0.06484048068523407,0.06484048068523407,0.0009423352312296629,0.011517244391143322,0.004389988724142313,10.0,1.0,10.0
867.0,0.06471192836761475,0.06471192836761475,0.0009404689772054553,0.011496569961309433,0.004381067119538784,10.0,1.0,10.0
868.0,0.0645834431052208,0.0645834431052208,0.0009386131423525512,0.011475857347249985,0.004372145514935255,10.0,1.0,10.0
869.0,0.06445501744747162,0.06445501744747162,0.0009367511956952512,0.011455260217189789,0.004363224375993013,10.0,1.0,10.0
870.0,0.06432671844959259,0.06432671844959259,0.000934891402721405,0.01143471896648407,0.004354308824986219,10.0,1.0,10.0
871.0,0.06419844925403595,0.06419844925403595,0.0009330352186225355,0.011414198204874992,0.004345389548689127,10.0,1.0,10.0
872.0,0.06407023221254349,0.06407023221254349,0.0009311757748946548,0.011393756605684757,0.0043364716693758965,10.0,1.0,10.0
873.0,0.06394214183092117,0.06394214183092117,0.0009293168550357223,0.011373387649655342,0.004327558446675539,10.0,1.0,10.0
874.0,0.06381406635046005,0.06381406635046005,0.000927464512642473,0.011353015899658203,0.0043186405673623085,10.0,1.0,10.0
875.0,0.0636860728263855,0.0636860728263855,0.0009256061166524887,0.011332749389111996,0.004309725947678089,10.0,1.0,10.0
876.0,0.0635581985116005,0.0635581985116005,0.0009237508056685328,0.011312532238662243,0.004300815984606743,10.0,1.0,10.0
877.0,0.06343039125204086,0.06343039125204086,0.0009218956110998988,0.01129236351698637,0.004291906952857971,10.0,1.0,10.0
878.0,0.06330262124538422,0.06330262124538422,0.0009200444910675287,0.011272214353084564,0.00428299605846405,10.0,1.0,10.0
879.0,0.06317497044801712,0.06317497044801712,0.0009181878413073719,0.011252178810536861,0.004274091217666864,10.0,1.0,10.0
880.0,0.06304731965065002,0.06304731965065002,0.0009163356735371053,0.011232150718569756,0.004265180788934231,10.0,1.0,10.0
881.0,0.06291981041431427,0.06291981041431427,0.0009144852519966662,0.011212192475795746,0.0042562768794596195,10.0,1.0,10.0
882.0,0.06279236078262329,0.06279236078262329,0.0009126287186518312,0.011192345060408115,0.0042473734356462955,10.0,1.0,10.0
883.0,0.06266502290964127,0.06266502290964127,0.0009107839432545006,0.011172471567988396,0.004238470923155546,10.0,1.0,10.0
884.0,0.06253771483898163,0.06253771483898163,0.0009089343366213143,0.011152660474181175,0.004229570738971233,10.0,1.0,10.0
885.0,0.06241053342819214,0.06241053342819214,0.0009070758824236691,0.011133032850921154,0.004220674280077219,10.0,1.0,10.0
886.0,0.06228337809443474,0.06228337809443474,0.0009052351233549416,0.011113286018371582,0.004211774095892906,10.0,1.0,10.0
887.0,0.06215635687112808,0.06215635687112808,0.0009033882524818182,0.01109367236495018,0.004202880430966616,10.0,1.0,10.0
888.0,0.06202935427427292,0.06202935427427292,0.0009015312534756958,0.011074192821979523,0.004193984903395176,10.0,1.0,10.0
889.0,0.061902474611997604,0.061902474611997604,0.0008996931719593704,0.011054633185267448,0.004185090772807598,10.0,1.0,10.0
890.0,0.061775654554367065,0.061775654554367065,0.0008978439727798104,0.011035222560167313,0.004176199436187744,10.0,1.0,10.0
891.0,0.06164892017841339,0.06164892017841339,0.0008959927363321185,0.011015883646905422,0.004167310893535614,10.0,1.0,10.0
892.0,0.06152227893471718,0.06152227893471718,0.0008941539563238621,0.01099651213735342,0.004158422816544771,10.0,1.0,10.0
893.0,0.06139571964740753,0.06139571964740753,0.0008923058048821986,0.01097728218883276,0.0041495379991829395,10.0,1.0,10.0
894.0,0.06126923859119415,0.06126923859119415,0.000890459690708667,0.010958105325698853,0.004140653647482395,10.0,1.0,10.0
895.0,0.061142854392528534,0.061142854392528534,0.000888623355422169,0.010938910767436028,0.004131770692765713,10.0,1.0,10.0
896.0,0.06101653352379799,0.06101653352379799,0.0008867742726579309,0.010919881984591484,0.0041228909976780415,10.0,1.0,10.0
897.0,0.0608903169631958,0.0608903169631958,0.0008849300211295485,0.01090087927877903,0.004114013630896807,10.0,1.0,10.0
898.0,0.060764193534851074,0.060764193534851074,0.0008830969454720616,0.010881861671805382,0.004105136264115572,10.0,1.0,10.0
899.0,0.060638148337602615,0.060638148337602615,0.0008812473970465362,0.01086304523050785,0.004096263088285923,10.0,1.0,10.0
900.0,0.06051216274499893,0.06051216274499893,0.0008794083259999752,0.01084418036043644,0.004087389912456274,10.0,1.0,10.0
901.0,0.0603862926363945,0.0603862926363945,0.00087757408618927,0.010825359262526035,0.004078519530594349,10.0,1.0,10.0
902.0,0.060260508209466934,0.060260508209466934,0.0008757241303101182,0.010806739330291748,0.004069652874022722,10.0,1.0,10.0
903.0,0.060134828090667725,0.060134828090667725,0.0008738904725760221,0.010788052342832088,0.00406078714877367,10.0,1.0,10.0
904.0,0.06000924110412598,0.06000924110412598,0.0008720596670173109,0.01076941192150116,0.004051923286169767,10.0,1.0,10.0
905.0,0.0598837211728096,0.0598837211728096,0.0008702068007551134,0.010751008987426758,0.004043064545840025,10.0,1.0,10.0
906.0,0.05975832790136337,0.05975832790136337,0.0008683812920935452,0.01073246169835329,0.004034205339848995,10.0,1.0,10.0
907.0,0.05963300168514252,0.05963300168514252,0.0008665440836921334,0.01071406900882721,0.004025349393486977,10.0,1.0,10.0
908.0,0.059507764875888824,0.059507764875888824,0.0008647009963169694,0.010695794597268105,0.004016496241092682,10.0,1.0,10.0
909.0,0.05938263610005379,0.05938263610005379,0.0008628747891634703,0.010677455924451351,0.004007643088698387,10.0,1.0,10.0
910.0,0.05925758555531502,0.05925758555531502,0.0008610360673628747,0.010659280233085155,0.0039987945929169655,10.0,1.0,10.0
911.0,0.0591326579451561,0.0591326579451561,0.0008591994410380721,0.010641162283718586,0.00398995028808713,10.0,1.0,10.0
912.0,0.05900782346725464,0.05900782346725464,0.0008573717786930501,0.010623048059642315,0.003981105517596006,10.0,1.0,10.0
913.0,0.05888307839632034,0.05888307839632034,0.0008555356180295348,0.010605070739984512,0.003972264938056469,10.0,1.0,10.0
914.0,0.05875841900706291,0.05875841900706291,0.000853703822940588,0.010587101802229881,0.00396342808380723,10.0,1.0,10.0
915.0,0.058633893728256226,0.058633893728256226,0.0008518737158738077,0.01056923158466816,0.003954592160880566,10.0,1.0,10.0
916.0,0.0585094578564167,0.0585094578564167,0.0008500408148393035,0.010551437735557556,0.003945761360228062,10.0,1.0,10.0
917.0,0.05838511139154434,0.05838511139154434,0.0008482129778712988,0.01053367368876934,0.003936930559575558,10.0,1.0,10.0
918.0,0.05826086178421974,0.05826086178421974,0.000846384500619024,0.010515988804399967,0.003928103018552065,10.0,1.0,10.0
919.0,0.05813675373792648,0.05813675373792648,0.0008445519488304853,0.010498417541384697,0.003919281531125307,10.0,1.0,10.0
920.0,0.05801272764801979,0.05801272764801979,0.0008427284774370492,0.010480831377208233,0.003910460975021124,10.0,1.0,10.0
921.0,0.057888805866241455,0.057888805866241455,0.000840898253954947,0.010463384911417961,0.003901644144207239,10.0,1.0,10.0
922.0,0.05776498466730118,0.05776498466730118,0.0008390700677409768,0.010445971973240376,0.0038928312715142965,10.0,1.0,10.0
923.0,0.05764127895236015,0.05764127895236015,0.0008372468873858452,0.010428606532514095,0.003884020494297147,10.0,1.0,10.0
924.0,0.057517677545547485,0.057517677545547485,0.0008354191668331623,0.010411347262561321,0.003875213908031583,10.0,1.0,10.0
925.0,0.057394176721572876,0.057394176721572876,0.0008335933089256287,0.010394154116511345,0.0038664089515805244,10.0,1.0,10.0
926.0,0.05727081745862961,0.05727081745862961,0.0008317710598930717,0.010377010330557823,0.0038576095830649137,10.0,1.0,10.0
927.0,0.057147540152072906,0.057147540152072906,0.0008299477049149573,0.010359950363636017,0.0038488111458718777,10.0,1.0,10.0
928.0,0.05702439323067665,0.05702439323067665,0.0008281241171061993,0.01034296490252018,0.0038400189951062202,10.0,1.0,10.0
929.0,0.05690133571624756,0.05690133571624756,0.0008263018680736423,0.010326050221920013,0.003831226844340563,10.0,1.0,10.0
930.0,0.056778423488140106,0.056778423488140106,0.0008244822383858263,0.010309187695384026,0.0038224412128329277,10.0,1.0,10.0
931.0,0.05665561556816101,0.05665561556816101,0.0008226593490689993,0.01029242668300867,0.003813659306615591,10.0,1.0,10.0
932.0,0.05653292313218117,0.05653292313218117,0.0008208415820263326,0.010275695472955704,0.003804881125688553,10.0,1.0,10.0
933.0,0.05641035735607147,0.05641035735607147,0.0008190213120542467,0.010259066708385944,0.0037961078342050314,10.0,1.0,10.0
934.0,0.05628788843750954,0.05628788843750954,0.0008172011002898216,0.010242505930364132,0.0037873373366892338,10.0,1.0,10.0
935.0,0.05616554617881775,0.05616554617881775,0.0008153872331604362,0.010225983336567879,0.003778568934649229,10.0,1.0,10.0
936.0,0.05604333057999611,0.05604333057999611,0.0008135654497891665,0.010209597647190094,0.0037698079831898212,10.0,1.0,10.0
937.0,0.05592121556401253,0.05592121556401253,0.0008117518736980855,0.010193219408392906,0.003761047963052988,10.0,1.0,10.0
938.0,0.05579925701022148,0.05579925701022148,0.0008099375991150737,0.010176939889788628,0.00375229399651289,10.0,1.0,10.0
939.0,0.055677395313978195,0.055677395313978195,0.0008081207051873207,0.010160742327570915,0.0037435446865856647,10.0,1.0,10.0
940.0,0.05555569380521774,0.05555569380521774,0.0008063061395660043,0.010144625790417194,0.0037348007317632437,10.0,1.0,10.0
941.0,0.05543408915400505,0.05543408915400505,0.0008044970454648137,0.010128533467650414,0.003726058639585972,10.0,1.0,10.0
942.0,0.0553126186132431,0.0553126186132431,0.0008026808500289917,0.010112578980624676,0.0037173230666667223,10.0,1.0,10.0
943.0,0.05519125610589981,0.05519125610589981,0.0008008708246052265,0.010096646845340729,0.0037085902877151966,10.0,1.0,10.0
944.0,0.05507003515958786,0.05507003515958786,0.0007990603917278349,0.010080801323056221,0.0036998630966991186,10.0,1.0,10.0
945.0,0.05494894087314606,0.05494894087314606,0.0007972465828061104,0.010065076872706413,0.0036911398638039827,10.0,1.0,10.0
946.0,0.05482799559831619,0.05482799559831619,0.0007954450557008386,0.010049331933259964,0.0036824210546910763,10.0,1.0,10.0
947.0,0.05470716953277588,0.05470716953277588,0.0007936309557408094,0.01003379188477993,0.0036737064365297556,10.0,1.0,10.0
948.0,0.05458648130297661,0.05458648130297661,0.0007918254123069346,0.010018233209848404,0.003664999268949032,10.0,1.0,10.0
949.0,0.05446591228246689,0.05446591228246689,0.0007900229538790882,0.010002742521464825,0.0036562937311828136,10.0,1.0,10.0
950.0,0.05434546247124672,0.05434546247124672,0.0007882084464654326,0.009987421333789825,0.0036475956439971924,10.0,1.0,10.0
951.0,0.05422520264983177,0.05422520264983177,0.0007864123908802867,0.009972045198082924,0.0036389033775776625,10.0,1.0,10.0
952.0,0.054105035960674286,0.054105035960674286,0.0007846038788557053,0.009956841357052326,0.0036302157677710056,10.0,1.0,10.0
953.0,0.05398501455783844,0.05398501455783844,0.0007828001398593187,0.009941686876118183,0.003621532581746578,10.0,1.0,10.0
954.0,0.05386514961719513,0.05386514961719513,0.00078100390965119,0.009926559403538704,0.003612855216488242,10.0,1.0,10.0
955.0,0.05374540388584137,0.05374540388584137,0.0007791955140419304,0.009911606088280678,0.0036041843704879284,10.0,1.0,10.0
956.0,0.05362579599022865,0.05362579599022865,0.0007773989345878363,0.009896641597151756,0.003595516551285982,10.0,1.0,10.0
957.0,0.05350636690855026,0.05350636690855026,0.0007756021805107594,0.009881776757538319,0.0035868568811565638,10.0,1.0,10.0
958.0,0.05338703840970993,0.05338703840970993,0.00077379762660712,0.0098670469596982,0.003578201401978731,10.0,1.0,10.0
959.0,0.05326785147190094,0.05326785147190094,0.0007720038993284106,0.00985230877995491,0.003569550346583128,10.0,1.0,10.0
960.0,0.05314883589744568,0.05314883589744568,0.0007702093571424484,0.009837675839662552,0.0035609067417681217,10.0,1.0,10.0
961.0,0.053029946982860565,0.053029946982860565,0.0007684068405069411,0.009823179803788662,0.003552270121872425,10.0,1.0,10.0
962.0,0.05291123688220978,0.05291123688220978,0.0007666224846616387,0.00980862881988287,0.003543638624250889,10.0,1.0,10.0
963.0,0.05279265344142914,0.05279265344142914,0.0007648239843547344,0.009794292040169239,0.003535012248903513,10.0,1.0,10.0
964.0,0.05267421156167984,0.05267421156167984,0.0007630292093381286,0.00977998971939087,0.0035263930913060904,10.0,1.0,10.0
965.0,0.05255592614412308,0.05255592614412308,0.0007612450863234699,0.0097656873986125,0.003517779055982828,10.0,1.0,10.0
966.0,0.05243779718875885,0.05243779718875885,0.0007594457711093128,0.00975161325186491,0.003509172471240163,10.0,1.0,10.0
967.0,0.05231982097029686,0.05231982097029686,0.0007576649077236652,0.009737467393279076,0.0035005705431103706,10.0,1.0,10.0
968.0,0.052201997488737106,0.052201997488737106,0.0007558761863037944,0.009723475202918053,0.003491976298391819,10.0,1.0,10.0
969.0,0.05208432301878929,0.05208432301878929,0.0007540827500633895,0.009709595702588558,0.0034833902027457952,10.0,1.0,10.0
970.0,0.051966797560453415,0.051966797560453415,0.0007523058447986841,0.009695654734969139,0.003474808530882001,10.0,1.0,10.0
971.0,0.05184941738843918,0.05184941738843918,0.0007505125249736011,0.009681953117251396,0.003466233843937516,10.0,1.0,10.0
972.0,0.05173221230506897,0.05173221230506897,0.0007487319526262581,0.00966823659837246,0.003457665676251054,10.0,1.0,10.0
973.0,0.0516151562333107,0.0516151562333107,0.0007469538250006735,0.009654573164880276,0.0034491042606532574,10.0,1.0,10.0
974.0,0.05149826034903526,0.05149826034903526,0.0007451634737662971,0.00964110717177391,0.0034405519254505634,10.0,1.0,10.0
975.0,0.051381517201662064,0.051381517201662064,0.000743390410207212,0.009627575054764748,0.0034320037811994553,10.0,1.0,10.0
976.0,0.05126494541764259,0.05126494541764259,0.0007416106527671218,0.009614204056560993,0.0034234635531902313,10.0,1.0,10.0
977.0,0.05114853009581566,0.05114853009581566,0.0007398300804197788,0.009600916877388954,0.003414931008592248,10.0,1.0,10.0
978.0,0.051032278686761856,0.051032278686761856,0.00073805678403005,0.009587638080120087,0.0034064073115587234,10.0,1.0,10.0
979.0,0.050916194915771484,0.050916194915771484,0.0007362795295193791,0.009574512019753456,0.0033978885039687157,10.0,1.0,10.0
980.0,0.05080024152994156,0.05080024152994156,0.0007345052435994148,0.009561419486999512,0.003389376914128661,10.0,1.0,10.0
981.0,0.05068448185920715,0.05068448185920715,0.0007327335188165307,0.00954840611666441,0.0033808741718530655,10.0,1.0,10.0
982.0,0.050568901002407074,0.050568901002407074,0.0007309601060114801,0.009535502642393112,0.0033723798114806414,10.0,1.0,10.0
983.0,0.050453461706638336,0.050453461706638336,0.000729194434825331,0.00952261034399271,0.0033638908062130213,10.0,1.0,10.0
984.0,0.05033818632364273,0.05033818632364273,0.000727423990610987,0.009509841911494732,0.00335541064850986,10.0,1.0,10.0
985.0,0.05022309720516205,0.05022309720516205,0.0007256526732817292,0.009497163817286491,0.0033469407353550196,10.0,1.0,10.0
986.0,0.0501081645488739,0.0501081645488739,0.0007238929392769933,0.009484473615884781,0.003338476410135627,10.0,1.0,10.0
987.0,0.049993403255939484,0.049993403255939484,0.0007221214473247528,0.009471980854868889,0.003330020932480693,10.0,1.0,10.0
988.0,0.04987882822751999,0.04987882822751999,0.0007203627610579133,0.009459461085498333,0.003321574069559574,10.0,1.0,10.0
989.0,0.049764372408390045,0.049764372408390045,0.0007185983122326434,0.009447064250707626,0.0033131323289126158,10.0,1.0,10.0
990.0,0.049650147557258606,0.049650147557258606,0.0007168370648287237,0.00943475030362606,0.0033047026954591274,10.0,1.0,10.0
991.0,0.04953604191541672,0.04953604191541672,0.0007150805904529989,0.009422448463737965,0.0032962786499410868,10.0,1.0,10.0
992.0,0.049422167241573334,0.049422167241573334,0.000713318819180131,0.009410315193235874,0.003287866245955229,10.0,1.0,10.0
993.0,0.049308404326438904,0.049308404326438904,0.0007115640910342336,0.009398162364959717,0.0032794601283967495,10.0,1.0,10.0
994.0,0.049194857478141785,0.049194857478141785,0.0007098108762875199,0.009386122226715088,0.0032710626255720854,10.0,1.0,10.0
995.0,0.0490814708173275,0.0490814708173275,0.0007080542854964733,0.009374173358082771,0.0032626756001263857,10.0,1.0,10.0
996.0,0.048968251794576645,0.048968251794576645,0.0007063064258545637,0.009362239390611649,0.003254294628277421,10.0,1.0,10.0
997.0,0.04885522276163101,0.04885522276163101,0.0007045513484627008,0.009350445121526718,0.003245926694944501,10.0,1.0,10.0
998.0,0.048742376267910004,0.048742376267910004,0.0007028037216514349,0.009338688105344772,0.003237564815208316,10.0,1.0,10.0
999.0,0.048629697412252426,0.048629697412252426,0.0007010616827756166,0.009326948784291744,0.0032292131800204515,10.0,1.0,10.0
1000.0,0.04851718619465828,0.04851718619465828,0.0006993057322688401,0.009315426461398602,0.0032208701595664024,10.0,1.0,10.0
1001.0,0.048404861241579056,0.048404861241579056,0.0006975725991651416,0.009303782135248184,0.003212535288184881,10.0,1.0,10.0
1002.0,0.04829271882772446,0.04829271882772446,0.0006958237499929965,0.009292357601225376,0.0032042122911661863,10.0,1.0,10.0
1003.0,0.04818076640367508,0.04818076640367508,0.0006940818275325,0.009280954487621784,0.0031958993058651686,10.0,1.0,10.0
1004.0,0.04806896299123764,0.04806896299123764,0.0006923482287675142,0.009269547648727894,0.0031875930726528168,10.0,1.0,10.0
1005.0,0.04795736074447632,0.04795736074447632,0.000690603512339294,0.009258352220058441,0.0031792973168194294,10.0,1.0,10.0
1006.0,0.047845933586359024,0.047845933586359024,0.000688872009050101,0.009247095324099064,0.003171011805534363,10.0,1.0,10.0
1007.0,0.04773469641804695,0.04773469641804695,0.0006871384684927762,0.009235958568751812,0.0031627353746443987,10.0,1.0,10.0
1008.0,0.0476236417889595,0.0476236417889595,0.0006853998638689518,0.009224933572113514,0.0031544710509479046,10.0,1.0,10.0
1009.0,0.04751274734735489,0.04751274734735489,0.0006836788961663842,0.009213821031153202,0.00314621371217072,10.0,1.0,10.0
1010.0,0.04740205779671669,0.04740205779671669,0.0006819403497502208,0.009202960878610611,0.0031379694119095802,10.0,1.0,10.0
1011.0,0.04729153588414192,0.04729153588414192,0.0006802153657190502,0.009192041121423244,0.003129734192043543,10.0,1.0,10.0
1012.0,0.047181226313114166,0.047181226313114166,0.0006784970755688846,0.009181175380945206,0.003121508052572608,10.0,1.0,10.0
1013.0,0.04707106575369835,0.04707106575369835,0.0006767623126506805,0.00917049404233694,0.003113294718787074,10.0,1.0,10.0
1014.0,0.046961091458797455,0.046961091458797455,0.0006750479806214571,0.009159722365438938,0.0031050886027514935,10.0,1.0,10.0
1015.0,0.04685133695602417,0.04685133695602417,0.000673326663672924,0.009149102494120598,0.0030968966893851757,10.0,1.0,10.0
1016.0,0.04674173519015312,0.04674173519015312,0.0006716033676639199,0.009138565510511398,0.003088713623583317,10.0,1.0,10.0
1017.0,0.046632327139377594,0.046632327139377594,0.0006698964280076325,0.009127955883741379,0.003080540569499135,10.0,1.0,10.0
1018.0,0.046523116528987885,0.046523116528987885,0.0006681724917143583,0.009117569774389267,0.0030723819509148598,10.0,1.0,10.0
1019.0,0.046414077281951904,0.046414077281951904,0.0006664646789431572,0.00910712219774723,0.0030642307829111814,10.0,1.0,10.0
1020.0,0.04630518704652786,0.04630518704652786,0.000664754246827215,0.009096752852201462,0.0030560893937945366,10.0,1.0,10.0
1021.0,0.04619654268026352,0.04619654268026352,0.0006630407297052443,0.009086504578590393,0.0030479629058390856,10.0,1.0,10.0
1022.0,0.0460880808532238,0.0460880808532238,0.0006613428704440594,0.009076197631657124,0.003039845498278737,10.0,1.0,10.0
1023.0,0.045979782938957214,0.045979782938957214,0.0006596285966224968,0.009066089987754822,0.003031740663573146,10.0,1.0,10.0
1024.0,0.04587167501449585,0.04587167501449585,0.0006579324835911393,0.009055892005562782,0.0030236458405852318,10.0,1.0,10.0
1025.0,0.0457637645304203,0.0457637645304203,0.0006562313064932823,0.009045827202498913,0.0030155624262988567,10.0,1.0,10.0
1026.0,0.04565601050853729,0.04565601050853729,0.0006545265787281096,0.009035838767886162,0.0030074904207140207,10.0,1.0,10.0
1027.0,0.0455484539270401,0.0455484539270401,0.0006528358208015561,0.009025800041854382,0.0029994293581694365,10.0,1.0,10.0
1028.0,0.04544112831354141,0.04544112831354141,0.0006511369138024747,0.00901591032743454,0.0029913848266005516,10.0,1.0,10.0
1029.0,0.045333944261074066,0.045333944261074066,0.0006494450499303639,0.009006014093756676,0.0029833479784429073,10.0,1.0,10.0
1030.0,0.04522696137428284,0.04522696137428284,0.0006477588322013617,0.008996143005788326,0.002975323237478733,10.0,1.0,10.0
1031.0,0.04512016475200653,0.04512016475200653,0.0006460629520006478,0.00898641999810934,0.0029673115350306034,10.0,1.0,10.0
1032.0,0.045013561844825745,0.045013561844825745,0.000644384534098208,0.008976617828011513,0.002959309844300151,10.0,1.0,10.0
1033.0,0.04490713030099869,0.04490713030099869,0.0006426957552321255,0.00896696001291275,0.0029513214249163866,10.0,1.0,10.0
1034.0,0.04480089619755745,0.04480089619755745,0.0006410151836462319,0.008957291953265667,0.002943345345556736,10.0,1.0,10.0
1035.0,0.04469484090805054,0.04469484090805054,0.0006393363000825047,0.008947654627263546,0.0029353825375437737,10.0,1.0,10.0
1036.0,0.04458896443247795,0.04458896443247795,0.000637655786704272,0.008938111364841461,0.0029274295084178448,10.0,1.0,10.0
1037.0,0.04448328912258148,0.04448328912258148,0.0006359841208904982,0.008928539231419563,0.0029194906819611788,10.0,1.0,10.0
1038.0,0.044377826154232025,0.044377826154232025,0.0006343082641251385,0.008919083513319492,0.002911565825343132,10.0,1.0,10.0
1039.0,0.04427251219749451,0.04427251219749451,0.0006326369475573301,0.008909627795219421,0.0029036514461040497,10.0,1.0,10.0
1040.0,0.0441674068570137,0.0441674068570137,0.0006309717427939177,0.008900186978280544,0.002895750105381012,10.0,1.0,10.0
1041.0,0.044062480330467224,0.044062480330467224,0.0006293000187724829,0.0088908476755023,0.0028878634329885244,10.0,1.0,10.0
1042.0,0.04395773261785507,0.04395773261785507,0.0006276401691138744,0.008881468325853348,0.0028799863066524267,10.0,1.0,10.0
1043.0,0.04385318607091904,0.04385318607091904,0.000625977641902864,0.008872167207300663,0.0028721243143081665,10.0,1.0,10.0
1044.0,0.043748822063207626,0.043748822063207626,0.0006243173265829682,0.008862900547683239,0.00286427466198802,10.0,1.0,10.0
1045.0,0.04364463686943054,0.04364463686943054,0.0006226629484444857,0.008853618986904621,0.0028564389795064926,10.0,1.0,10.0
1046.0,0.04354064166545868,0.04354064166545868,0.0006210047286003828,0.00884444359689951,0.0028486151713877916,10.0,1.0,10.0
1047.0,0.04343684762716293,0.04343684762716293,0.0006193580338731408,0.0088352020829916,0.002840806497260928,10.0,1.0,10.0
1048.0,0.043333206325769424,0.043333206325769424,0.00061770249158144,0.008826079778373241,0.0028330101631581783,10.0,1.0,10.0
1049.0,0.04322975501418114,0.04322975501418114,0.0006160573102533817,0.008816930465400219,0.0028252252377569675,10.0,1.0,10.0
1050.0,0.04312650486826897,0.04312650486826897,0.0006144129438325763,0.008807817474007607,0.002817455679178238,10.0,1.0,10.0
1051.0,0.04302344098687172,0.04302344098687172,0.0006127692176960409,0.008798753842711449,0.0028096993919461966,10.0,1.0,10.0
1052.0,0.0429205447435379,0.0429205447435379,0.0006111316033639014,0.008789666928350925,0.0028019561432302,10.0,1.0,10.0
1053.0,0.0428178533911705,0.0428178533911705,0.000609490554779768,0.008780664764344692,0.0027942282613366842,10.0,1.0,10.0
1054.0,0.04271533712744713,0.04271533712744713,0.0006078579463064671,0.008771613240242004,0.002786514349281788,10.0,1.0,10.0
1055.0,0.04261297360062599,0.04261297360062599,0.0006062244065105915,0.00876262690871954,0.002778810216113925,10.0,1.0,10.0
1056.0,0.042510829865932465,0.042510829865932465,0.0006045953487046063,0.008753652684390545,0.0027711226139217615,10.0,1.0,10.0
1057.0,0.04240887239575386,0.04240887239575386,0.0006029672222211957,0.00874471664428711,0.0027634482830762863,10.0,1.0,10.0
1058.0,0.04230709746479988,0.04230709746479988,0.0006013450911268592,0.008735750801861286,0.002755789551883936,10.0,1.0,10.0
1059.0,0.04220546409487724,0.04220546409487724,0.0005997187690809369,0.008726848289370537,0.002748142695054412,10.0,1.0,10.0
1060.0,0.04210404306650162,0.04210404306650162,0.0005981028079986572,0.008717898279428482,0.0027405114378780127,10.0,1.0,10.0
1061.0,0.04200280085206032,0.04200280085206032,0.0005964821903035045,0.008709024637937546,0.0027328955475240946,10.0,1.0,10.0
1062.0,0.04190174490213394,0.04190174490213394,0.0005948678008280694,0.008700148202478886,0.002725291531533003,10.0,1.0,10.0
1063.0,0.0418008491396904,0.0418008491396904,0.0005932612111791968,0.008691216818988323,0.0027177019510418177,10.0,1.0,10.0
1064.0,0.04170010983943939,0.04170010983943939,0.000591641990467906,0.00868241861462593,0.0027101272717118263,10.0,1.0,10.0
1065.0,0.04159960150718689,0.04159960150718689,0.000590044423006475,0.008673487231135368,0.002702566795051098,10.0,1.0,10.0
1066.0,0.04149924963712692,0.04149924963712692,0.0005884356214664876,0.008664675988256931,0.0026950216852128506,10.0,1.0,10.0
1067.0,0.04139907285571098,0.04139907285571098,0.0005868332227692008,0.008655844256281853,0.002687489613890648,10.0,1.0,10.0
1068.0,0.041299089789390564,0.041299089789390564,0.000585241592489183,0.008646945469081402,0.0026799726765602827,10.0,1.0,10.0
1069.0,0.041199278086423874,0.041199278086423874,0.0005836383788846433,0.008638167753815651,0.0026724725030362606,10.0,1.0,10.0
1070.0,0.04109961539506912,0.04109961539506912,0.0005820489022880793,0.008629277348518372,0.002664984902366996,10.0,1.0,10.0
1071.0,0.04100015386939049,0.04100015386939049,0.0005804591928608716,0.008620437234640121,0.002657512668520212,10.0,1.0,10.0
1072.0,0.040900856256484985,0.040900856256484985,0.0005788645939901471,0.008611665107309818,0.0026500546373426914,10.0,1.0,10.0
1073.0,0.04080173745751381,0.04080173745751381,0.0005772911245003343,0.008602716960012913,0.002642611041665077,10.0,1.0,10.0
1074.0,0.04070277512073517,0.04070277512073517,0.0005756979226134717,0.008593972772359848,0.002635182114318013,10.0,1.0,10.0
1075.0,0.040604010224342346,0.040604010224342346,0.0005741246859543025,0.008585084229707718,0.002627768088132143,10.0,1.0,10.0
1076.0,0.040505412966012955,0.040505412966012955,0.0005725485389120877,0.0085762245580554,0.0026203703600913286,10.0,1.0,10.0
1077.0,0.040406979620456696,0.040406979620456696,0.0005709666293114424,0.008567433804273605,0.0026129879988729954,10.0,1.0,10.0
1078.0,0.04030873626470566,0.04030873626470566,0.0005694093415513635,0.008558457717299461,0.0026056186761707067,10.0,1.0,10.0
1079.0,0.040210649371147156,0.040210649371147156,0.0005678273155353963,0.008549708873033524,0.002598266815766692,10.0,1.0,10.0
1080.0,0.04011273756623268,0.04011273756623268,0.0005662718322128057,0.008540752343833447,0.002590926829725504,10.0,1.0,10.0
1081.0,0.04001500457525253,0.04001500457525253,0.0005647067446261644,0.008531884290277958,0.002583605470135808,10.0,1.0,10.0
1082.0,0.03991740569472313,0.03991740569472313,0.000563141074962914,0.00852302648127079,0.002576296916231513,10.0,1.0,10.0
1083.0,0.03982003033161163,0.03982003033161163,0.0005615981062874198,0.008513991720974445,0.0025690055917948484,10.0,1.0,10.0
1084.0,0.03972277790307999,0.03972277790307999,0.0005600274889729917,0.008505205623805523,0.002561729634180665,10.0,1.0,10.0
1085.0,0.03962570056319237,0.03962570056319237,0.0005584897007793188,0.008496135473251343,0.002554466715082526,10.0,1.0,10.0
1086.0,0.039528779685497284,0.039528779685497284,0.0005569357890635729,0.008487232960760593,0.0025472186971455812,10.0,1.0,10.0
1087.0,0.039432041347026825,0.039432041347026825,0.0005553861847147346,0.00847829319536686,0.0025399888399988413,10.0,1.0,10.0
1088.0,0.0393354706466198,0.0393354706466198,0.0005538554396480322,0.00846919696778059,0.002532772021368146,10.0,1.0,10.0
1089.0,0.0392390638589859,0.0392390638589859,0.0005523026338778436,0.008460303768515587,0.0025255733635276556,10.0,1.0,10.0
1090.0,0.03914279118180275,0.03914279118180275,0.0005507765454240143,0.008451155386865139,0.002518387045711279,10.0,1.0,10.0
1091.0,0.03904671221971512,0.03904671221971512,0.0005492371274158359,0.008442150428891182,0.0025112188886851072,10.0,1.0,10.0
1092.0,0.03895076364278793,0.03895076364278793,0.0005477035301737487,0.008433083072304726,0.0025040647014975548,10.0,1.0,10.0
1093.0,0.03885500878095627,0.03885500878095627,0.0005461862310767174,0.00842389278113842,0.002496925415471196,10.0,1.0,10.0
1094.0,0.03875940665602684,0.03875940665602684,0.0005446476279757917,0.008414898999035358,0.0024898031260818243,10.0,1.0,10.0
1095.0,0.03866396099328995,0.03866396099328995,0.0005431380122900009,0.008405616506934166,0.0024826964363455772,10.0,1.0,10.0
1096.0,0.03856867924332619,0.03856867924332619,0.0005416119820438325,0.008396507240831852,0.0024756051134318113,10.0,1.0,10.0
1097.0,0.03847353532910347,0.03847353532910347,0.0005400945665314794,0.008387303911149502,0.0024685286916792393,10.0,1.0,10.0
1098.0,0.03837857022881508,0.03837857022881508,0.0005385889089666307,0.008378012105822563,0.0024614669382572174,10.0,1.0,10.0
1099.0,0.03828375041484833,0.03828375041484833,0.0005370687576942146,0.008368825539946556,0.002454423578456044,10.0,1.0,10.0
1100.0,0.038189101964235306,0.038189101964235306,0.000535570434294641,0.00835946574807167,0.0024473932571709156,10.0,1.0,10.0
1101.0,0.038094598799943924,0.038094598799943924,0.0005340606439858675,0.008350190706551075,0.0024403801653534174,10.0,1.0,10.0
1102.0,0.03800026327371597,0.03800026327371597,0.0005325641250237823,0.008340796455740929,0.002433382673189044,10.0,1.0,10.0
1103.0,0.03790605440735817,0.03790605440735817,0.0005310638807713985,0.00833142176270485,0.0024263993836939335,10.0,1.0,10.0
1104.0,0.0378120020031929,0.0378120020031929,0.0005295649170875549,0.008322016336023808,0.0024194337893277407,10.0,1.0,10.0
1105.0,0.037718117237091064,0.037718117237091064,0.0005280801560729742,0.008312493562698364,0.002412482164800167,10.0,1.0,10.0
1106.0,0.03762437775731087,0.03762437775731087,0.000526582240127027,0.008303072303533554,0.002405548235401511,10.0,1.0,10.0
1107.0,0.037530794739723206,0.037530794739723206,0.0005251041729934514,0.008293461054563522,0.002398629207164049,10.0,1.0,10.0
1108.0,0.03743734955787659,0.03743734955787659,0.0005236149299889803,0.008283937349915504,0.0023917262442409992,10.0,1.0,10.0
1109.0,0.03734405338764191,0.03734405338764191,0.0005221347673796117,0.008274327963590622,0.0023848379496484995,10.0,1.0,10.0
1110.0,0.03725092485547066,0.03725092485547066,0.0005206633359193802,0.008264631032943726,0.0023779659532010555,10.0,1.0,10.0
1111.0,0.03715791180729866,0.03715791180729866,0.0005191794480197132,0.008255023509263992,0.0023711093235760927,10.0,1.0,10.0
1112.0,0.037065066397190094,0.037065066397190094,0.0005177187267690897,0.008245204575359821,0.00236426736228168,10.0,1.0,10.0
1113.0,0.03697236627340317,0.03697236627340317,0.0005162425804883242,0.008235516026616096,0.002357442630454898,10.0,1.0,10.0
1114.0,0.03687980771064758,0.03687980771064758,0.0005147813353687525,0.008225671947002411,0.0023506321012973785,10.0,1.0,10.0
1115.0,0.03678741306066513,0.03678741306066513,0.0005133195663802326,0.008215809240937233,0.0023438408970832825,10.0,1.0,10.0
1116.0,0.03669513016939163,0.03669513016939163,0.0005118553526699543,0.008205961436033249,0.0023370615672320127,10.0,1.0,10.0
1117.0,0.036602988839149475,0.036602988839149475,0.0005104067968204618,0.00819594319909811,0.0023302980698645115,10.0,1.0,10.0
1118.0,0.036511026322841644,0.036511026322841644,0.0005089425249025226,0.008186073042452335,0.0023235525004565716,10.0,1.0,10.0
1119.0,0.036419179290533066,0.036419179290533066,0.000507504097186029,0.008175922557711601,0.002316821599379182,10.0,1.0,10.0
1120.0,0.036327481269836426,0.036327481269836426,0.0005060484982095659,0.008165933191776276,0.0023101060651242733,10.0,1.0,10.0
1121.0,0.03623592108488083,0.03623592108488083,0.0005046067526564002,0.008155794814229012,0.0023034056648612022,10.0,1.0,10.0
1122.0,0.036144502460956573,0.036144502460956573,0.0005031697219237685,0.008145583793520927,0.0022967220284044743,10.0,1.0,10.0
1123.0,0.036053210496902466,0.036053210496902466,0.0005017219809815288,0.008135451935231686,0.002290053991600871,10.0,1.0,10.0
1124.0,0.035962048918008804,0.035962048918008804,0.0005002963589504361,0.00812508910894394,0.0022833994589746,10.0,1.0,10.0
1125.0,0.035871051251888275,0.035871051251888275,0.0004988567670807242,0.008114853873848915,0.00227676285430789,10.0,1.0,10.0
1126.0,0.035780198872089386,0.035780198872089386,0.0004974321345798671,0.008104454725980759,0.002270142314955592,10.0,1.0,10.0
1127.0,0.03568943589925766,0.03568943589925766,0.0004960038932040334,0.008094057440757751,0.002263534115627408,10.0,1.0,10.0
1128.0,0.03559884801506996,0.03559884801506996,0.0004945796681568027,0.008083606138825417,0.002256944542750716,10.0,1.0,10.0
1129.0,0.03550838306546211,0.03550838306546211,0.0004931633011437953,0.008073052391409874,0.0022503698710352182,10.0,1.0,10.0
1130.0,0.03541801869869232,0.03541801869869232,0.0004917398327961564,0.00806252658367157,0.002243809634819627,10.0,1.0,10.0
1131.0,0.03532784432172775,0.03532784432172775,0.0004903327208012342,0.008051857352256775,0.002237265929579735,10.0,1.0,10.0
1132.0,0.035237766802310944,0.035237766802310944,0.0004889158299192786,0.008041249588131905,0.0022307359613478184,10.0,1.0,10.0
1133.0,0.03514781594276428,0.03514781594276428,0.00048750947462394834,0.008030509576201439,0.0022242211271077394,10.0,1.0,10.0
1134.0,0.03505800664424896,0.03505800664424896,0.00048610393423587084,0.008019734174013138,0.002217723522335291,10.0,1.0,10.0
1135.0,0.03496832400560379,0.03496832400560379,0.0004847011878155172,0.008008907549083233,0.002211240353062749,10.0,1.0,10.0
1136.0,0.03487876057624817,0.03487876057624817,0.00048330024583265185,0.00799803901463747,0.0022047720849514008,10.0,1.0,10.0
1137.0,0.03478933125734329,0.03478933125734329,0.0004819065798074007,0.00798706617206335,0.0021983198821544647,10.0,1.0,10.0
1138.0,0.034700047224760056,0.034700047224760056,0.0004805069766007364,0.007976134307682514,0.002191884210333228,10.0,1.0,10.0
1139.0,0.034610893577337265,0.034610893577337265,0.0004791234969161451,0.007965038530528545,0.0021854620426893234,10.0,1.0,10.0
1140.0,0.034521833062171936,0.034521833062171936,0.00047773015103302896,0.00795398186892271,0.0021790550090372562,10.0,1.0,10.0
1141.0,0.03443291783332825,0.03443291783332825,0.0004763483884744346,0.007942801341414452,0.0021726631093770266,10.0,1.0,10.0
1142.0,0.03434412181377411,0.03434412181377411,0.0004749682266265154,0.007931572385132313,0.002166286576539278,10.0,1.0,10.0
1143.0,0.03425544500350952,0.03425544500350952,0.00047358122537843883,0.007920380681753159,0.002159925177693367,10.0,1.0,10.0
1144.0,0.03416691720485687,0.03416691720485687,0.0004722177400253713,0.007908958941698074,0.002153577981516719,10.0,1.0,10.0
1145.0,0.03407847508788109,0.03407847508788109,0.00047083140816539526,0.007897692732512951,0.002147246850654483,10.0,1.0,10.0
1146.0,0.03399016708135605,0.03399016708135605,0.00046946940710768104,0.007886180654168129,0.0021409292239695787,10.0,1.0,10.0
1147.0,0.033901993185281754,0.033901993185281754,0.0004680987331084907,0.007874720729887486,0.0021346285939216614,10.0,1.0,10.0
1148.0,0.03381393849849701,0.03381393849849701,0.0004667341709136963,0.007863180711865425,0.002128341468051076,10.0,1.0,10.0
1149.0,0.033725984394550323,0.033725984394550323,0.00046537589514628053,0.007851538248360157,0.0021220690105110407,10.0,1.0,10.0
1150.0,0.033638183027505875,0.033638183027505875,0.0004640117986127734,0.007839944213628769,0.0021158119197934866,10.0,1.0,10.0
1151.0,0.033550478518009186,0.033550478518009186,0.0004626629815902561,0.007828162051737309,0.002109568566083908,10.0,1.0,10.0
1152.0,0.033462878316640854,0.033462878316640854,0.0004613025230355561,0.007816458120942116,0.0021033394150435925,10.0,1.0,10.0
1153.0,0.03337540850043297,0.03337540850043297,0.0004599590611178428,0.007804554887115955,0.002097126329317689,10.0,1.0,10.0
1154.0,0.03328806161880493,0.03328806161880493,0.00045860576210543513,0.007792714051902294,0.002090929076075554,10.0,1.0,10.0
1155.0,0.03320083022117615,0.03320083022117615,0.00045726302778348327,0.007780749350786209,0.002084745094180107,10.0,1.0,10.0
1156.0,0.03311370685696602,0.03311370685696602,0.00045592267997562885,0.007768731564283371,0.002078574849292636,10.0,1.0,10.0
1157.0,0.033026713877916336,0.033026713877916336,0.0004545798583421856,0.007756707724183798,0.002072420669719577,10.0,1.0,10.0
1158.0,0.03293980658054352,0.03293980658054352,0.00045324975508265197,0.007744529750198126,0.002066277666017413,10.0,1.0,10.0
1159.0,0.032853029668331146,0.032853029668331146,0.00045190812670625746,0.007732434663921595,0.0020601514261215925,10.0,1.0,10.0
1160.0,0.03276639059185982,0.03276639059185982,0.0004505870456341654,0.007720117922872305,0.0020540403202176094,10.0,1.0,10.0
1161.0,0.03267982602119446,0.03267982602119446,0.000449253770057112,0.007707882672548294,0.0020479406230151653,10.0,1.0,10.0
1162.0,0.032593391835689545,0.032593391835689545,0.00044792855624109507,0.007695525884628296,0.002041857922449708,10.0,1.0,10.0
1163.0,0.032507069408893585,0.032507069408893585,0.0004466109094209969,0.0076830885373055935,0.0020357868634164333,10.0,1.0,10.0
1164.0,0.03242084011435509,0.03242084011435509,0.00044528505532070994,0.0076706791296601295,0.00202973117120564,10.0,1.0,10.0
1165.0,0.03233473002910614,0.03233473002910614,0.0004439752665348351,0.007658094167709351,0.002023688517510891,10.0,1.0,10.0
1166.0,0.03224872425198555,0.03224872425198555,0.00044265357428230345,0.007645583711564541,0.0020176605321466923,10.0,1.0,10.0
1167.0,0.03216284513473511,0.03216284513473511,0.0004413490532897413,0.007632889784872532,0.0020116467494517565,10.0,1.0,10.0
1168.0,0.032077059149742126,0.032077059149742126,0.0004400361212901771,0.007620229385793209,0.00200564693659544,10.0,1.0,10.0
1169.0,0.031991396099328995,0.031991396099328995,0.0004387318913359195,0.00760746281594038,0.0019996613264083862,10.0,1.0,10.0
1170.0,0.03190582990646362,0.03190582990646362,0.00043742923298850656,0.0075946529395878315,0.0019936885219067335,10.0,1.0,10.0
1171.0,0.03182037174701691,0.03182037174701691,0.00043612613808363676,0.007581810466945171,0.0019877299200743437,10.0,1.0,10.0
1172.0,0.031735025346279144,0.031735025346279144,0.0004348314832895994,0.007568870205432177,0.001981784123927355,10.0,1.0,10.0
1173.0,0.03164977580308914,0.03164977580308914,0.0004335335979703814,0.0075559113174676895,0.001975852996110916,10.0,1.0,10.0
1174.0,0.03156465291976929,0.03156465291976929,0.00043224351247772574,0.007542875595390797,0.0019699344411492348,10.0,1.0,10.0
1175.0,0.0314796082675457,0.0314796082675457,0.00043095037108287215,0.007529814727604389,0.001964028924703598,10.0,1.0,10.0
1176.0,0.03139467537403107,0.03139467537403107,0.0004296654660720378,0.007516651414334774,0.001958136912435293,10.0,1.0,10.0
1177.0,0.03130985423922539,0.03130985423922539,0.0004283809394109994,0.007503448985517025,0.0019522596849128604,10.0,1.0,10.0
1178.0,0.031225141137838364,0.031225141137838364,0.00042709551053121686,0.007490229792892933,0.0019463957287371159,10.0,1.0,10.0
1179.0,0.031140534207224846,0.031140534207224846,0.0004258232656866312,0.007476852275431156,0.001940544811077416,10.0,1.0,10.0
1180.0,0.03105601668357849,0.03105601668357849,0.00042453475180082023,0.007463604211807251,0.0019347063498571515,10.0,1.0,10.0
1181.0,0.030971603468060493,0.030971603468060493,0.00042327449773438275,0.007450058124959469,0.001928880112245679,10.0,1.0,10.0
1182.0,0.030887285247445107,0.030887285247445107,0.00042198976734653115,0.007436706684529781,0.0019230680773034692,10.0,1.0,10.0
1183.0,0.03080306388437748,0.03080306388437748,0.00042073088116012514,0.007423073519021273,0.0019172681495547295,10.0,1.0,10.0
1184.0,0.030718961730599403,0.030718961730599403,0.0004194568027742207,0.007409571669995785,0.001911482191644609,10.0,1.0,10.0
1185.0,0.03063497692346573,0.03063497692346573,0.0004181949479971081,0.007395918946713209,0.0019057107856497169,10.0,1.0,10.0
1186.0,0.030551046133041382,0.030551046133041382,0.00041693588718771935,0.007382212206721306,0.0018999475287273526,10.0,1.0,10.0
1187.0,0.03046724945306778,0.03046724945306778,0.0004156688810326159,0.0073685371316969395,0.0018942024325951934,10.0,1.0,10.0
1188.0,0.030383536592125893,0.030383536592125893,0.00041442233487032354,0.007354669272899628,0.0018884643213823438,10.0,1.0,10.0
1189.0,0.030299948528409004,0.030299948528409004,0.0004131585592404008,0.007340924348682165,0.00188274378888309,10.0,1.0,10.0
1190.0,0.030216407030820847,0.030216407030820847,0.000411916000302881,0.007326933089643717,0.0018770314054563642,10.0,1.0,10.0
1191.0,0.03013300895690918,0.03013300895690918,0.0004106586566194892,0.0073130764067173,0.0018713345052674413,10.0,1.0,10.0
1192.0,0.030049704015254974,0.030049704015254974,0.00040941720362752676,0.0072990404441952705,0.001865649246610701,10.0,1.0,10.0
1193.0,0.029966507107019424,0.029966507107019424,0.00040817176341079175,0.007285022176802158,0.0018599767936393619,10.0,1.0,10.0
1194.0,0.029883380979299545,0.029883380979299545,0.00040692873881198466,0.007270938716828823,0.0018543156329542398,10.0,1.0,10.0
1195.0,0.02980036661028862,0.02980036661028862,0.00040569331031292677,0.007256768643856049,0.0018486663466319442,10.0,1.0,10.0
1196.0,0.029717424884438515,0.029717424884438515,0.00040444923797622323,0.007242634426802397,0.0018430297495797276,10.0,1.0,10.0
1197.0,0.029634609818458557,0.029634609818458557,0.00040322134736925364,0.0072283376939594746,0.001837405958212912,10.0,1.0,10.0
1198.0,0.029551874846220016,0.029551874846220016,0.0004019829211756587,0.0072141047567129135,0.001831793924793601,10.0,1.0,10.0
1199.0,0.029469244182109833,0.029469244182109833,0.00040075776632875204,0.0071997325867414474,0.001826193300075829,10.0,1.0,10.0
1200.0,0.029386701062321663,0.029386701062321663,0.00039952731458470225,0.007185376714915037,0.0018206051317974925,10.0,1.0,10.0
1201.0,0.029304280877113342,0.029304280877113342,0.00039830146124586463,0.007170958910137415,0.0018150307005271316,10.0,1.0,10.0
1202.0,0.029221920296549797,0.029221920296549797,0.0003970824764110148,0.007156458683311939,0.0018094637198373675,10.0,1.0,10.0
1203.0,0.029139673337340355,0.029139673337340355,0.00039585769991390407,0.007141962647438049,0.0018039133865386248,10.0,1.0,10.0
1204.0,0.029057512059807777,0.029057512059807777,0.0003946428478229791,0.007127382326871157,0.0017983700381591916,10.0,1.0,10.0
1205.0,0.028975458815693855,0.028975458815693855,0.00039342447416856885,0.00711278710514307,0.0017928426386788487,10.0,1.0,10.0
1206.0,0.02889348939061165,0.02889348939061165,0.0003922112809959799,0.007098139263689518,0.0017873237375169992,10.0,1.0,10.0
1207.0,0.028811603784561157,0.028811603784561157,0.00039100099820643663,0.00708341458812356,0.0017818178748711944,10.0,1.0,10.0
1208.0,0.028729848563671112,0.028729848563671112,0.0003897873102687299,0.007068757899105549,0.001776321791112423,10.0,1.0,10.0
1209.0,0.028648149222135544,0.028648149222135544,0.00038859210326336324,0.00705383624881506,0.0017708390951156616,10.0,1.0,10.0
1210.0,0.02856655977666378,0.02856655977666378,0.00038736785063520074,0.007039237767457962,0.0017653643153607845,10.0,1.0,10.0
1211.0,0.02848505787551403,0.02848505787551403,0.00038619275437667966,0.007024082355201244,0.0017599047860130668,10.0,1.0,10.0
1212.0,0.02840365096926689,0.02840365096926689,0.0003849580534733832,0.00700954208150506,0.0017544528236612678,10.0,1.0,10.0
1213.0,0.028322327882051468,0.028322327882051468,0.000383801176212728,0.00699415011331439,0.0017490165773779154,10.0,1.0,10.0
1214.0,0.028241124004125595,0.028241124004125595,0.0003825574822258204,0.006979689933359623,0.0017435859190300107,10.0,1.0,10.0
1215.0,0.02816000021994114,0.02816000021994114,0.0003814198134932667,0.0069640702567994595,0.0017381731886416674,10.0,1.0,10.0
1216.0,0.028078988194465637,0.028078988194465637,0.00038016552571207285,0.0069497027434408665,0.0017327629029750824,10.0,1.0,10.0
1217.0,0.027998030185699463,0.027998030185699463,0.0003790470655076206,0.0069338176399469376,0.0017273740377277136,10.0,1.0,10.0
1218.0,0.027917172759771347,0.027917172759771347,0.000377779797418043,0.006919555366039276,0.0017219819128513336,10.0,1.0,10.0
1219.0,0.027836434543132782,0.027836434543132782,0.0003766869194805622,0.006903378758579493,0.0017166186589747667,10.0,1.0,10.0
1220.0,0.02775575965642929,0.02775575965642929,0.0003753987839445472,0.006889337208122015,0.0017112436471506953,10.0,1.0,10.0
1221.0,0.0276752021163702,0.0276752021163702,0.0003743428096640855,0.0068726991303265095,0.0017059075180441141,10.0,1.0,10.0
1222.0,0.02759470045566559,0.02759470045566559,0.00037301250267773867,0.00685911625623703,0.0017005458939820528,10.0,1.0,10.0
1223.0,0.02751433476805687,0.02751433476805687,0.0003720227687153965,0.006841709371656179,0.0016952396836131811,10.0,1.0,10.0
1224.0,0.027434060350060463,0.027434060350060463,0.0003706157149281353,0.006829001009464264,0.0016898901667445898,10.0,1.0,10.0
1225.0,0.027353905141353607,0.027353905141353607,0.0003697366046253592,0.006810350809246302,0.0016846187645569444,10.0,1.0,10.0
1226.0,0.02727382630109787,0.02727382630109787,0.0003681982052512467,0.00679913442581892,0.0016792709939181805,10.0,1.0,10.0
1227.0,0.02719387412071228,0.02719387412071228,0.0003674966865219176,0.006778478156775236,0.0016740430146455765,10.0,1.0,10.0
1228.0,0.02711407095193863,0.02711407095193863,0.00036573823308572173,0.006769840605556965,0.0016686847666278481,10.0,1.0,10.0
1229.0,0.027034446597099304,0.027034446597099304,0.0003653342428151518,0.006745902821421623,0.0016635202337056398,10.0,1.0,10.0
1230.0,0.026955056935548782,0.026955056935548782,0.0003631957806646824,0.006741831079125404,0.0016581269446760416,10.0,1.0,10.0
1231.0,0.026876041665673256,0.026876041665673256,0.0003633060841821134,0.0067123607732355595,0.0016530619468539953,10.0,1.0,10.0
1232.0,0.02679758332669735,0.02679758332669735,0.0003604980302043259,0.006716713774949312,0.0016475890297442675,10.0,1.0,10.0
1233.0,0.026720089837908745,0.026720089837908745,0.0003615175955928862,0.0066780224442481995,0.0016426891088485718,10.0,1.0,10.0
1234.0,0.02664426900446415,0.02664426900446415,0.00035751372342929244,0.006698607467114925,0.0016370522789657116,10.0,1.0,10.0
1235.0,0.02657153084874153,0.02657153084874153,0.00036017870297655463,0.006645192392170429,0.0016324551543220878,10.0,1.0,10.0
1236.0,0.026504436507821083,0.026504436507821083,0.0003540061879903078,0.006699308753013611,0.0016265066806226969,10.0,1.0,10.0
1237.0,0.0264479648321867,0.0264479648321867,0.00035971496254205704,0.006625859532505274,0.0016224955907091498,10.0,1.0,10.0
1238.0,0.026411574333906174,0.026411574333906174,0.00034955432056449354,0.00675630709156394,0.0016159723745658994,10.0,1.0,10.0
1239.0,0.026414288207888603,0.026414288207888603,0.0003610560670495033,0.006671767681837082,0.0016131959855556488,10.0,1.0,10.0
1240.0,0.026490777730941772,0.026490777730941772,0.0003435267135500908,0.006998409517109394,0.0016057101311162114,10.0,1.0,10.0
1241.0,0.026714228093624115,0.026714228093624115,0.0003663203970063478,0.0069935740903019905,0.0016057449392974377,10.0,1.0,10.0
1242.0,0.02720685675740242,0.02720685675740242,0.0003354485088493675,0.007882554084062576,0.0015969817759469151,10.0,1.0,10.0
1243.0,0.028232837095856667,0.028232837095856667,0.0003804329317063093,0.008389197289943695,0.0016039310721680522,10.0,1.0,10.0
1244.0,0.030112838372588158,0.030112838372588158,0.00032723837648518384,0.01089636329561472,0.0015944092301651835,10.0,1.0,10.0
1245.0,0.03350193798542023,0.03350193798542023,0.00041200430132448673,0.013206720352172852,0.0016175173223018646,10.0,1.0,10.0
1246.0,0.03818538039922714,0.03818538039922714,0.0003281795361544937,0.018841654062271118,0.0016061930218711495,10.0,1.0,10.0
1247.0,0.04386945813894272,0.04386945813894272,0.00045117421541363,0.022869745269417763,0.001648796838708222,10.0,1.0,10.0
1248.0,0.04585673660039902,0.04585673660039902,0.0003446434566285461,0.026287555694580078,0.0016122746746987104,10.0,1.0,10.0
1249.0,0.042597878724336624,0.042597878724336624,0.0004111450398340821,0.02215491235256195,0.0016331516671925783,10.0,1.0,10.0
1250.0,0.03394509479403496,0.03394509479403496,0.0003837603726424277,0.01436275988817215,0.0015744729898869991,10.0,1.0,10.0
1251.0,0.027685485780239105,0.027685485780239105,0.0003177941543981433,0.00860581360757351,0.0015901728766039014,10.0,1.0,10.0
1252.0,0.028004683554172516,0.028004683554172516,0.0004892562283203006,0.007184892427176237,0.0015927228378131986,10.0,1.0,10.0
1253.0,0.03213360160589218,0.03213360160589218,0.0003063144686166197,0.012984734028577805,0.0016085722018033266,10.0,1.0,10.0
1254.0,0.03412019461393356,0.03412019461393356,0.00048799748765304685,0.013188325800001621,0.0016051891725510359,10.0,1.0,10.0
1255.0,0.030840234830975533,0.030840234830975533,0.00030900639831088483,0.012216220609843731,0.001553395064547658,10.0,1.0,10.0
1256.0,0.026652827858924866,0.026652827858924866,0.0003311996115371585,0.007897240109741688,0.001544359140098095,10.0,1.0,10.0
1257.0,0.026258720085024834,0.026258720085024834,0.00043960200855508447,0.006395826581865549,0.0015466873301193118,10.0,1.0,10.0
1258.0,0.029113925993442535,0.029113925993442535,0.0003030882799066603,0.010282807052135468,0.0015800235560163856,10.0,1.0,10.0
1259.0,0.03064655140042305,0.03064655140042305,0.0005347452242858708,0.009456973522901535,0.0015842124121263623,10.0,1.0,10.0
1260.0,0.028350500389933586,0.028350500389933586,0.0002935880911536515,0.009945329278707504,0.0015469290083274245,10.0,1.0,10.0
1261.0,0.025200553238391876,0.025200553238391876,0.00037291052285581827,0.006345410365611315,0.0015126037178561091,10.0,1.0,10.0
1262.0,0.02481859177350998,0.02481859177350998,0.0003565346996765584,0.0062081231735646725,0.0015045120380818844,10.0,1.0,10.0
1263.0,0.02678769826889038,0.02678769826889038,0.000290499534457922,0.008688921108841896,0.0015193780418485403,10.0,1.0,10.0
1264.0,0.027836766093969345,0.027836766093969345,0.0004640841216314584,0.007880190387368202,0.0015315734781324863,10.0,1.0,10.0
1265.0,0.02646658755838871,0.02646658755838871,0.0002885446301661432,0.00844827014952898,0.0015132870757952332,10.0,1.0,10.0
1266.0,0.02472590282559395,0.02472590282559395,0.0003792204079218209,0.006037521176040173,0.0014896178618073463,10.0,1.0,10.0
1267.0,0.02469613030552864,0.02469613030552864,0.00032442616065964103,0.00660714553669095,0.001484472188167274,10.0,1.0,10.0
1268.0,0.02574910968542099,0.02574910968542099,0.00030064411112107337,0.00794178619980812,0.0014800881035625935,10.0,1.0,10.0
1269.0,0.025934772565960884,0.025934772565960884,0.00037630164297297597,0.007315792143344879,0.0014855964109301567,10.0,1.0,10.0
1270.0,0.024826589971780777,0.024826589971780777,0.00029455305775627494,0.007170148193836212,0.0014710909454151988,10.0,1.0,10.0
1271.0,0.02394280396401882,0.02394280396401882,0.00033620648900978267,0.005969037301838398,0.0014611701481044292,10.0,1.0,10.0
1272.0,0.024237923324108124,0.024237923324108124,0.00032696747803129256,0.006371208466589451,0.001459703897126019,10.0,1.0,10.0
1273.0,0.024936292320489883,0.024936292320489883,0.00030203323694877326,0.007391991559416056,0.0014523968566209078,10.0,1.0,10.0
1274.0,0.02487955242395401,0.02487955242395401,0.0003402516304049641,0.0069302720949053764,0.0014546762686222792,10.0,1.0,10.0
1275.0,0.024095892906188965,0.024095892906188965,0.0003107011434622109,0.00658797612413764,0.0014400905929505825,10.0,1.0,10.0
1276.0,0.023588715121150017,0.023588715121150017,0.0003048634680453688,0.006153987254947424,0.0014386093243956566,10.0,1.0,10.0
1277.0,0.02377191185951233,0.02377191185951233,0.00034526476520113647,0.005959332920610905,0.0014359931228682399,10.0,1.0,10.0
1278.0,0.024071361869573593,0.024071361869573593,0.00028834474505856633,0.006874679122120142,0.0014313235878944397,10.0,1.0,10.0
1279.0,0.023903418332338333,0.023903418332338333,0.0003399114648345858,0.006219389848411083,0.0014284915523603559,10.0,1.0,10.0
1280.0,0.02343336120247841,0.02343336120247841,0.00030468718614429235,0.006218784488737583,0.0014167703920975327,10.0,1.0,10.0
1281.0,0.023226551711559296,0.023226551711559296,0.0002982557925861329,0.006093836855143309,0.0014150155475363135,10.0,1.0,10.0
1282.0,0.02339143306016922,0.02339143306016922,0.0003436245024204254,0.005827597342431545,0.0014127591857686639,10.0,1.0,10.0
1283.0,0.023521266877651215,0.023521266877651215,0.00028138954075984657,0.006600286811590195,0.0014107084134593606,10.0,1.0,10.0
1284.0,0.023327317088842392,0.023327317088842392,0.0003431044169701636,0.005846571642905474,0.0014049701858311892,10.0,1.0,10.0
1285.0,0.022983720526099205,0.022983720526099205,0.00029071856988593936,0.0061055864207446575,0.0013970949221402407,10.0,1.0,10.0
1286.0,0.02282913401722908,0.02282913401722908,0.0003049123042728752,0.005876781884580851,0.0013903228100389242,10.0,1.0,10.0
1287.0,0.02289816178381443,0.02289816178381443,0.0003182782093062997,0.00583351356908679,0.0013881865888834,10.0,1.0,10.0
1288.0,0.022941403090953827,0.022941403090953827,0.00028487920644693077,0.00626123184338212,0.0013831380056217313,10.0,1.0,10.0
1289.0,0.022803258150815964,0.022803258150815964,0.0003243131213821471,0.005762135144323111,0.0013797992141917348,10.0,1.0,10.0
1290.0,0.02259150519967079,0.02259150519967079,0.0002888101153075695,0.005967727862298489,0.0013735677348449826,10.0,1.0,10.0
1291.0,0.022490888833999634,0.022490888833999634,0.00030332760070450604,0.005785627290606499,0.0013671985361725092,10.0,1.0,10.0
1292.0,0.02251122146844864,0.02251122146844864,0.00030351377790793777,0.005825815722346306,0.0013650269247591496,10.0,1.0,10.0
1293.0,0.022507093846797943,0.022507093846797943,0.0002899445535149425,0.006030329968780279,0.0013577318750321865,10.0,1.0,10.0
1294.0,0.022391006350517273,0.022391006350517273,0.0003041104646399617,0.005789488088339567,0.0013560412917286158,10.0,1.0,10.0
1295.0,0.022225845605134964,0.022225845605134964,0.00029380805790424347,0.005799207836389542,0.0013488557888194919,10.0,1.0,10.0
1296.0,0.02212279662489891,0.02212279662489891,0.00028999935602769256,0.005767678841948509,0.0013455123407766223,10.0,1.0,10.0
1297.0,0.02209729515016079,0.02209729515016079,0.0003040386363863945,0.005640972405672073,0.0013415936846286058,10.0,1.0,10.0
1298.0,0.022071070969104767,0.022071070969104767,0.00028214522171765566,0.005885450169444084,0.0013364169280976057,10.0,1.0,10.0
1299.0,0.021985946223139763,0.021985946223139763,0.00030101227457635105,0.005642591044306755,0.001333323190920055,10.0,1.0,10.0
1300.0,0.021867413073778152,0.021867413073778152,0.00028740428388118744,0.005721148103475571,0.001327222096733749,10.0,1.0,10.0
1301.0,0.021777670830488205,0.021777670830488205,0.00028605025727301836,0.0056791771203279495,0.0013237990206107497,10.0,1.0,10.0
1302.0,0.021733883768320084,0.021733883768320084,0.000298809667583555,0.005553282331675291,0.0013192505575716496,10.0,1.0,10.0
1303.0,0.02169652283191681,0.02169652283191681,0.00027628030511550605,0.0057826172560453415,0.0013151103630661964,10.0,1.0,10.0
1304.0,0.021625865250825882,0.021625865250825882,0.00030027423053979874,0.005514299497008324,0.0013108823914080858,10.0,1.0,10.0
1305.0,0.021527331322431564,0.021527331322431564,0.00027714890893548727,0.005694832187145948,0.00130610098131001,10.0,1.0,10.0
1306.0,0.021436521783471107,0.021436521783471107,0.0002891722251661122,0.005534798838198185,0.001301000127568841,10.0,1.0,10.0
1307.0,0.021373147144913673,0.021373147144913673,0.0002842270478140563,0.0055581857450306416,0.0012972691329196095,10.0,1.0,10.0
1308.0,0.021322762593626976,0.021322762593626976,0.0002789456630125642,0.005615533795207739,0.001291777240112424,10.0,1.0,10.0
1309.0,0.021259747445583344,0.021259747445583344,0.00028717180248349905,0.0055012451484799385,0.0012886783806607127,10.0,1.0,10.0
1310.0,0.021178027614951134,0.021178027614951134,0.00027663790388032794,0.005580064840614796,0.001283158315345645,10.0,1.0,10.0
1311.0,0.02109391987323761,0.02109391987323761,0.00028158482746221125,0.005484731402248144,0.0012793339556083083,10.0,1.0,10.0
1312.0,0.021023612469434738,0.021023612469434738,0.0002798700879793614,0.005476645193994045,0.001274826587177813,10.0,1.0,10.0
1313.0,0.020966146141290665,0.020966146141290665,0.0002746433310676366,0.005518381949514151,0.0012701331870630383,10.0,1.0,10.0
1314.0,0.020907588303089142,0.020907588303089142,0.00028119655326008797,0.005429031327366829,0.001266659121029079,10.0,1.0,10.0
1315.0,0.020838409662246704,0.020838409662246704,0.00027260641218163073,0.0054975892417132854,0.0012614757288247347,10.0,1.0,10.0
1316.0,0.020762480795383453,0.020762480795383453,0.00027631744160316885,0.005419150926172733,0.0012580155162140727,10.0,1.0,10.0
1317.0,0.0206900741904974,0.0206900741904974,0.00027539872098714113,0.0054053058847785,0.0012530781095847487,10.0,1.0,10.0
1318.0,0.020626064389944077,0.020626064389944077,0.00026931820320896804,0.005440620239824057,0.0012492261594161391,10.0,1.0,10.0
1319.0,0.02056586742401123,0.02056586742401123,0.00027801861870102584,0.005336223170161247,0.0012449459172785282,10.0,1.0,10.0
1320.0,0.020502056926488876,0.020502056926488876,0.0002653244882822037,0.005441183224320412,0.0012407629983499646,10.0,1.0,10.0
1321.0,0.020432420074939728,0.020432420074939728,0.00027591889374889433,0.0053090848959982395,0.0012364145368337631,10.0,1.0,10.0
1322.0,0.020361047238111496,0.020361047238111496,0.00026538255042396486,0.005384725518524647,0.0012322497786954045,10.0,1.0,10.0
1323.0,0.020293094217777252,0.020293094217777252,0.0002705102087929845,0.005313256289809942,0.0012274736072868109,10.0,1.0,10.0
1324.0,0.020229533314704895,0.020229533314704895,0.0002667878579813987,0.005323014687746763,0.0012238641502335668,10.0,1.0,10.0
1325.0,0.020167123526334763,0.020167123526334763,0.00026605615857988596,0.005319010931998491,0.00121875514741987,10.0,1.0,10.0
1326.0,0.020102359354496002,0.020102359354496002,0.00026590103516355157,0.005288516171276569,0.001215483178384602,10.0,1.0,10.0
1327.0,0.020034926012158394,0.020034926012158394,0.0002648304798640311,0.005283750128000975,0.0012102870969101787,10.0,1.0,10.0
1328.0,0.019967276602983475,0.019967276602983475,0.0002620324958115816,0.005277580581605434,0.001206937013193965,10.0,1.0,10.0
1329.0,0.019901879131793976,0.019901879131793976,0.0002658414305187762,0.005222807172685862,0.0012020658468827605,10.0,1.0,10.0
1330.0,0.019838951528072357,0.019838951528072357,0.00025747454492375255,0.0052786339074373245,0.0011985570890828967,10.0,1.0,10.0
1331.0,0.01977679133415222,0.01977679133415222,0.00026639067800715566,0.005173700395971537,0.0011939185205847025,10.0,1.0,10.0
1332.0,0.019713856279850006,0.019713856279850006,0.00025443790946155787,0.005266536958515644,0.0011902940459549427,10.0,1.0,10.0
1333.0,0.019650163128972054,0.019650163128972054,0.00026488109142519534,0.005146398674696684,0.0011854954063892365,10.0,1.0,10.0
1334.0,0.019587207585573196,0.019587207585573196,0.00025304994778707623,0.005235092714428902,0.0011821616208180785,10.0,1.0,10.0
1335.0,0.019526638090610504,0.019526638090610504,0.00026220979634672403,0.005135065410286188,0.001176947494968772,10.0,1.0,10.0
1336.0,0.019469186663627625,0.019469186663627625,0.00025175060727633536,0.005209601484239101,0.0011742080096155405,10.0,1.0,10.0
1337.0,0.01941487565636635,0.01941487565636635,0.0002606117632240057,0.005124030169099569,0.0011684728087857366,10.0,1.0,10.0
1338.0,0.019364023581147194,0.019364023581147194,0.0002488974423613399,0.005211001727730036,0.0011664048070088029,10.0,1.0,10.0
1339.0,0.019318385049700737,0.019318385049700737,0.0002616803103592247,0.005099564790725708,0.0011602017330005765,10.0,1.0,10.0
1340.0,0.019281331449747086,0.019281331449747086,0.00024411670165136456,0.0052505978383123875,0.0011589566711336374,10.0,1.0,10.0
1341.0,0.01925807073712349,0.01925807073712349,0.00026589821209199727,0.005075501278042793,0.001152358716353774,10.0,1.0,10.0
1342.0,0.019255852326750755,0.019255852326750755,0.00023832559236325324,0.0053490763530135155,0.00115235208068043,10.0,1.0,10.0
1343.0,0.0192854106426239,0.0192854106426239,0.0002734711451921612,0.005098812747746706,0.0011451886966824532,10.0,1.0,10.0
1344.0,0.01936338096857071,0.01936338096857071,0.00023275782587006688,0.005561360158026218,0.0011474441271275282,10.0,1.0,10.0
1345.0,0.019516456872224808,0.019516456872224808,0.0002861355897039175,0.005260858219116926,0.0011394242756068707,10.0,1.0,10.0
1346.0,0.019786182790994644,0.019786182790994644,0.0002287714451085776,0.006039306055754423,0.0011459161760285497,10.0,1.0,10.0
1347.0,0.020235896110534668,0.020235896110534668,0.0003095351275987923,0.005768134258687496,0.0011372410226613283,10.0,1.0,10.0
1348.0,0.02095818519592285,0.02095818519592285,0.00023008373682387173,0.007139292545616627,0.0011518055107444525,10.0,1.0,10.0
1349.0,0.02207672782242298,0.02207672782242298,0.0003556141455192119,0.007080211769789457,0.0011440374655649066,10.0,1.0,10.0
1350.0,0.023739248514175415,0.023739248514175415,0.00024679116904735565,0.009539634920656681,0.0011731702834367752,10.0,1.0,10.0
1351.0,0.026050284504890442,0.026050284504890442,0.0004408347012940794,0.009950174950063229,0.0011691763065755367,10.0,1.0,10.0
1352.0,0.02896350994706154,0.02896350994706154,0.00029278401052579284,0.013859341852366924,0.0012176327873021364,10.0,1.0,10.0
1353.0,0.032001420855522156,0.032001420855522156,0.0005556375836022198,0.01432702038437128,0.001211802358739078,10.0,1.0,10.0
1354.0,0.03416372835636139,0.03416372835636139,0.00034520262852311134,0.01810392364859581,0.0012607777025550604,10.0,1.0,10.0
1355.0,0.033992160111665726,0.033992160111665726,0.000587106158491224,0.015918537974357605,0.0012202562065795064,10.0,1.0,10.0
1356.0,0.030752727761864662,0.030752727761864662,0.00030778866494074464,0.01546446792781353,0.0012210372369736433,10.0,1.0,10.0
1357.0,0.02531658485531807,0.02531658485531807,0.0004133019538130611,0.009779375977814198,0.00114041892811656,10.0,1.0,10.0
1358.0,0.02030343748629093,0.02030343748629093,0.0002240409521618858,0.006921146530658007,0.0011141881113871932,10.0,1.0,10.0
1359.0,0.01807035133242607,0.01807035133242607,0.000235712097492069,0.004860554821789265,0.001085267635062337,10.0,1.0,10.0
1360.0,0.019068975001573563,0.019068975001573563,0.0002915284421760589,0.005257143639028072,0.001089654746465385,10.0,1.0,10.0
1361.0,0.02175983227789402,0.02175983227789402,0.0002303967921761796,0.008230037987232208,0.0011225825874134898,10.0,1.0,10.0
1362.0,0.023878885433077812,0.023878885433077812,0.0003935231361538172,0.0087847039103508,0.0011158951092511415,10.0,1.0,10.0
1363.0,0.02389496937394142,0.02389496937394142,0.00024267849221359938,0.010161248035728931,0.0011306937085464597,10.0,1.0,10.0
1364.0,0.02184184640645981,0.02184184640645981,0.0003329105384182185,0.007644122466444969,0.0010868619428947568,10.0,1.0,10.0
1365.0,0.019241739064455032,0.019241739064455032,0.0002193118561990559,0.006269788835197687,0.0010778831783682108,10.0,1.0,10.0
1366.0,0.01776585727930069,0.01776585727930069,0.00022764473396819085,0.0049178944900631905,0.001057151472195983,10.0,1.0,10.0
1367.0,0.018021930009126663,0.018021930009126663,0.0002674287825357169,0.004758252762258053,0.0010589390294626355,10.0,1.0,10.0
1368.0,0.019285783171653748,0.019285783171653748,0.00021322013344615698,0.006411661393940449,0.0010741918813437223,10.0,1.0,10.0
1369.0,0.020292777568101883,0.020292777568101883,0.0003159339539706707,0.006491918116807938,0.0010641521075740457,10.0,1.0,10.0
1370.0,0.02022736147046089,0.02022736147046089,0.00021713529713451862,0.007335219532251358,0.0010720790596678853,10.0,1.0,10.0
1371.0,0.01918710023164749,0.01918710023164749,0.0002703404170460999,0.006038985215127468,0.0010444711660966277,10.0,1.0,10.0
1372.0,0.01797633059322834,0.01797633059322834,0.00022087054094299674,0.005329661536961794,0.001043796306475997,10.0,1.0,10.0
1373.0,0.017350073903799057,0.017350073903799057,0.00021475035464391112,0.004874195903539658,0.0010328374337404966,10.0,1.0,10.0
1374.0,0.01750268042087555,0.01750268042087555,0.0002573970996309072,0.004597041290253401,0.0010331668891012669,10.0,1.0,10.0
1375.0,0.01804347336292267,0.01804347336292267,0.0002061024570139125,0.00559309683740139,0.0010389352682977915,10.0,1.0,10.0
1376.0,0.018412936478853226,0.018412936478853226,0.00027069507632404566,0.005430103279650211,0.0010275881504639983,10.0,1.0,10.0
1377.0,0.018307426944375038,0.018307426944375038,0.0002098937693517655,0.005893047899007797,0.0010315441759303212,10.0,1.0,10.0
1378.0,0.01781459152698517,0.01781459152698517,0.00023637330741621554,0.0053171864710748196,0.0010133672039955854,10.0,1.0,10.0
1379.0,0.0172745231539011,0.0172745231539011,0.00022283397265709937,0.0048914216458797455,0.0010154761839658022,10.0,1.0,10.0
1380.0,0.01696915179491043,0.01696915179491043,0.00020722870249301195,0.00482421088963747,0.0010072654113173485,10.0,1.0,10.0
1381.0,0.0169659610837698,0.0169659610837698,0.00024352301261387765,0.004472457803785801,0.0010058273328468204,10.0,1.0,10.0
1382.0,0.01712491363286972,0.01712491363286972,0.00020260814926587045,0.005036786664277315,0.0010062044020742178,10.0,1.0,10.0
1383.0,0.017248090356588364,0.017248090356588364,0.00024185830261558294,0.004867474548518658,0.0009962033946067095,10.0,1.0,10.0
1384.0,0.017216742038726807,0.017216742038726807,0.00020828268316108733,0.005148025695234537,0.000998588977381587,10.0,1.0,10.0
1385.0,0.017033889889717102,0.017033889889717102,0.00021923086023889482,0.004982417915016413,0.0009859162382781506,10.0,1.0,10.0
1386.0,0.016793349757790565,0.016793349757790565,0.00022017951414454728,0.004706688225269318,0.0009884865721687675,10.0,1.0,10.0
1387.0,0.016589920967817307,0.016589920967817307,0.00020278524607419968,0.004755448084324598,0.0009806620655581355,10.0,1.0,10.0
1388.0,0.016478538513183594,0.016478538513183594,0.00022900928161107004,0.004394658841192722,0.0009793787030503154,10.0,1.0,10.0
1389.0,0.01645318791270256,0.01645318791270256,0.00020022361422888935,0.00468455720692873,0.0009766393341124058,10.0,1.0,10.0
1390.0,0.016470646485686302,0.016470646485686302,0.00022333633387461305,0.00454129371792078,0.0009695988846942782,10.0,1.0,10.0
1391.0,0.01647939905524254,0.01647939905524254,0.00020593556109815836,0.004717889241874218,0.0009702155366539955,10.0,1.0,10.0
1392.0,0.01644224300980568,0.01644224300980568,0.00020941076218150556,0.004739656113088131,0.0009608479449525476,10.0,1.0,10.0
1393.0,0.016351448372006416,0.016351448372006416,0.00021421258861664683,0.004582356661558151,0.0009626965620554984,10.0,1.0,10.0
1394.0,0.016221921890974045,0.016221921890974045,0.0001998055086005479,0.004678276367485523,0.0009545590146444738,10.0,1.0,10.0
1395.0,0.016088610514998436,0.016088610514998436,0.00021716341143473983,0.004375213757157326,0.0009541761828586459,10.0,1.0,10.0
1396.0,0.015983495861291885,0.015983495861291885,0.00019822099420707673,0.004511649254709482,0.0009489636868238449,10.0,1.0,10.0
1397.0,0.01592382602393627,0.01592382602393627,0.0002114737726515159,0.004360228311270475,0.0009448860073462129,10.0,1.0,10.0
1398.0,0.01590336114168167,0.01590336114168167,0.00020225366461090744,0.004449136555194855,0.0009431687649339437,10.0,1.0,10.0
1399.0,0.015897488221526146,0.015897488221526146,0.00020255404524505138,0.004505807068198919,0.0009366140584461391,10.0,1.0,10.0
1400.0,0.015877708792686462,0.015877708792686462,0.00020713824778795242,0.004435459617525339,0.0009370867046527565,10.0,1.0,10.0
1401.0,0.015824977308511734,0.015824977308511734,0.00019663949206005782,0.0045615085400640965,0.0009297074284404516,10.0,1.0,10.0
1402.0,0.01574063114821911,0.01574063114821911,0.00020775514713022858,0.004364523570984602,0.0009298556251451373,10.0,1.0,10.0
1403.0,0.01564021036028862,0.01564021036028862,0.00019552225421648473,0.004452227149158716,0.0009232761221937835,10.0,1.0,10.0
1404.0,0.015546206384897232,0.015546206384897232,0.00020317218150012195,0.004298472311347723,0.0009216012549586594,10.0,1.0,10.0
1405.0,0.015474220737814903,0.015474220737814903,0.0001978265354409814,0.004323564004153013,0.0009172391146421432,10.0,1.0,10.0
1406.0,0.015427272766828537,0.015427272766828537,0.00019697067909874022,0.004321787040680647,0.0009135778527706861,10.0,1.0,10.0
1407.0,0.015396670438349247,0.015396670438349247,0.00020041470997966826,0.004277119878679514,0.0009115403518080711,10.0,1.0,10.0
1408.0,0.015368525870144367,0.015368525870144367,0.00019275008526165038,0.004378647543489933,0.0009062377503141761,10.0,1.0,10.0
1409.0,0.015331532806158066,0.015331532806158066,0.00020024098921567202,0.004275468178093433,0.0009053654503077269,10.0,1.0,10.0
1410.0,0.015280738472938538,0.015280738472938538,0.00019164671539328992,0.004372111521661282,0.0008992159273475409,10.0,1.0,10.0
1411.0,0.015218732878565788,0.015218732878565788,0.00019682227866724133,0.004267062526196241,0.0008983448497019708,10.0,1.0,10.0
1412.0,0.015151451341807842,0.015151451341807842,0.00019281607819721103,0.004298063926398754,0.0008925226284191012,10.0,1.0,10.0
1413.0,0.015085263177752495,0.015085263177752495,0.00019215686188545078,0.004253866150975227,0.0008909829193726182,10.0,1.0,10.0
1414.0,0.015023896470665932,0.015023896470665932,0.0001942426897585392,0.0042182812467217445,0.0008863188559189439,10.0,1.0,10.0
1415.0,0.014968191273510456,0.014968191273510456,0.0001884949451778084,0.004245929419994354,0.0008837312343530357,10.0,1.0,10.0
1416.0,0.014917013235390186,0.014917013235390186,0.00019397414871491492,0.004174273926764727,0.000880299776326865,10.0,1.0,10.0
1417.0,0.014868630096316338,0.014868630096316338,0.00018684996757656336,0.004234150983393192,0.0008765979437157512,10.0,1.0,10.0
1418.0,0.014821738004684448,0.014821738004684448,0.00019152955792378634,0.004165463615208864,0.0008740978664718568,10.0,1.0,10.0
1419.0,0.01477554440498352,0.01477554440498352,0.00018697364430408925,0.0042096637189388275,0.000869614421389997,10.0,1.0,10.0
1420.0,0.014729602262377739,0.014729602262377739,0.0001879337360151112,0.004173207096755505,0.0008677057921886444,10.0,1.0,10.0
1421.0,0.014683298766613007,0.014683298766613007,0.0001877611066447571,0.004176398739218712,0.0008629289222881198,10.0,1.0,10.0
1422.0,0.014636021107435226,0.014636021107435226,0.0001845877559389919,0.004177685361355543,0.000861245789565146,10.0,1.0,10.0
1423.0,0.014587166719138622,0.014587166719138622,0.00018786400323733687,0.004143607337027788,0.0008564919116906822,10.0,1.0,10.0
1424.0,0.014536524191498756,0.014536524191498756,0.0001823432685341686,0.004166073631495237,0.0008547018514946103,10.0,1.0,10.0
1425.0,0.014484383165836334,0.014484383165836334,0.00018654315499588847,0.004117793403565884,0.00085011578630656,10.0,1.0,10.0
1426.0,0.01443147100508213,0.01443147100508213,0.00018131914839614183,0.004137790761888027,0.0008480488322675228,10.0,1.0,10.0
1427.0,0.014378676190972328,0.014378676190972328,0.00018402753630653024,0.004100978374481201,0.0008437423384748399,10.0,1.0,10.0
1428.0,0.014326738193631172,0.014326738193631172,0.00018109101802110672,0.004101876635104418,0.0008413952309638262,10.0,1.0,10.0
1429.0,0.014276058413088322,0.014276058413088322,0.00018113119585905224,0.004090397153049707,0.0008374349563382566,10.0,1.0,10.0
1430.0,0.014226585626602173,0.014226585626602173,0.00018096552230417728,0.004068617708981037,0.0008348312112502754,10.0,1.0,10.0
1431.0,0.01417809072881937,0.01417809072881937,0.00017861560627352446,0.004079919774085283,0.0008312014397233725,10.0,1.0,10.0
1432.0,0.014130162075161934,0.014130162075161934,0.0001803347549866885,0.0040434580296278,0.0008283356437459588,10.0,1.0,10.0
1433.0,0.014082551002502441,0.014082551002502441,0.00017683122132439166,0.004064258653670549,0.0008249980746768415,10.0,1.0,10.0
1434.0,0.014035115018486977,0.014035115018486977,0.00017895079508889467,0.004026835784316063,0.0008218770381063223,10.0,1.0,10.0
1435.0,0.013987863436341286,0.013987863436341286,0.0001757306745275855,0.004042348824441433,0.0008188207866623998,10.0,1.0,10.0
1436.0,0.013940930366516113,0.013940930366516113,0.00017697624571155757,0.004016436170786619,0.0008154732058756053,10.0,1.0,10.0
1437.0,0.013894392177462578,0.013894392177462578,0.000175021355971694,0.0040172673761844635,0.0008126911125145853,10.0,1.0,10.0
1438.0,0.013848322443664074,0.013848322443664074,0.00017481466056779027,0.004008875228464603,0.0008091300260275602,10.0,1.0,10.0
1439.0,0.01380268856883049,0.01380268856883049,0.00017434192704968154,0.003993332386016846,0.0008065936854109168,10.0,1.0,10.0
1440.0,0.013757450506091118,0.013757450506091118,0.00017284350178670138,0.004000821150839329,0.0008028194424696267,10.0,1.0,10.0
1441.0,0.013712616637349129,0.013712616637349129,0.00017340402700938284,0.003973390907049179,0.0008005185518413782,10.0,1.0,10.0
1442.0,0.013668185099959373,0.013668185099959373,0.00017125142039731145,0.003990300465375185,0.0007965369732119143,10.0,1.0,10.0
1443.0,0.013624299317598343,0.013624299317598343,0.00017208486679010093,0.003958474844694138,0.0007944976096041501,10.0,1.0,10.0
1444.0,0.013581162318587303,0.013581162318587303,0.00017003936227411032,0.003977893851697445,0.000790287449490279,10.0,1.0,10.0
1445.0,0.013539138250052929,0.013539138250052929,0.00017044413834810257,0.003949010744690895,0.0007885686354711652,10.0,1.0,10.0
1446.0,0.01349874772131443,0.01349874772131443,0.00016910434351302683,0.00396724184975028,0.0007840462494641542,10.0,1.0,10.0
1447.0,0.013460751622915268,0.013460751622915268,0.0001686600735411048,0.003946451470255852,0.0007827698718756437,10.0,1.0,10.0
1448.0,0.01342618465423584,0.01342618465423584,0.00016831325774546713,0.003965314943343401,0.0007777737337164581,10.0,1.0,10.0
1449.0,0.013396806083619595,0.013396806083619595,0.00016692359349690378,0.003955859690904617,0.00077717105159536,10.0,1.0,10.0
1450.0,0.013375082053244114,0.013375082053244114,0.00016756559489294887,0.003985005896538496,0.0007714420207776129,10.0,1.0,10.0
1451.0,0.013365307822823524,0.013365307822823524,0.00016538280760869384,0.0039923242293298244,0.000771915540099144,10.0,1.0,10.0
1452.0,0.01337368879467249,0.01337368879467249,0.00016687503375578672,0.004054636228829622,0.0007650302140973508,10.0,1.0,10.0
1453.0,0.013411363586783409,0.013411363586783409,0.00016417745791841298,0.004096999764442444,0.0007672588690184057,10.0,1.0,10.0
1454.0,0.013494130223989487,0.013494130223989487,0.0001664750016061589,0.004243833478540182,0.0007585547282360494,10.0,1.0,10.0
1455.0,0.01365169882774353,0.01365169882774353,0.0001635744993109256,0.004378699231892824,0.0007637254311703146,10.0,1.0,10.0
1456.0,0.013924062252044678,0.013924062252044678,0.00016703689470887184,0.004731196444481611,0.0007522496161982417,10.0,1.0,10.0
1457.0,0.014390582218766212,0.014390582218766212,0.00016429898096248507,0.005122554954141378,0.0007625037105754018,10.0,1.0,10.0
1458.0,0.015145577490329742,0.015145577490329742,0.0001702595327515155,0.005972809158265591,0.0007470172713510692,10.0,1.0,10.0
1459.0,0.016388580203056335,0.016388580203056335,0.00016831536777317524,0.007043072953820229,0.0007662353455089033,10.0,1.0,10.0
1460.0,0.018282154574990273,0.018282154574990273,0.0001803192717488855,0.0090236347168684,0.0007455326849594712,10.0,1.0,10.0
1461.0,0.021213209256529808,0.021213209256529808,0.00018000560521613806,0.01161296758800745,0.0007800186285749078,10.0,1.0,10.0
1462.0,0.025090139359235764,0.025090139359235764,0.00020577792020048946,0.015498075634241104,0.0007534283213317394,10.0,1.0,10.0
1463.0,0.030082931742072105,0.030082931742072105,0.00020432026940397918,0.01995508000254631,0.000808464945293963,10.0,1.0,10.0
1464.0,0.034303851425647736,0.034303851425647736,0.00025369360810145736,0.024031801149249077,0.0007735113031230867,10.0,1.0,10.0
1465.0,0.03662819415330887,0.03662819415330887,0.0002289474505232647,0.025983572006225586,0.0008355150348506868,10.0,1.0,10.0
1466.0,0.03369907662272453,0.03369907662272453,0.0002961537102237344,0.022899391129612923,0.0007838148740120232,10.0,1.0,10.0
1467.0,0.026850346475839615,0.026850346475839615,0.00020771572599187493,0.016639141365885735,0.0008134049130603671,10.0,1.0,10.0
1468.0,0.018779044970870018,0.018779044970870018,0.00026937643997371197,0.008492382243275642,0.0007592898327857256,10.0,1.0,10.0
1469.0,0.014063752256333828,0.014063752256333828,0.00014838956121820956,0.0050648534670472145,0.0007515003089793026,10.0,1.0,10.0
1470.0,0.014289168640971184,0.014289168640971184,0.00020258172298781574,0.004843969829380512,0.000741938129067421,10.0,1.0,10.0
1471.0,0.017569798976182938,0.017569798976182938,0.00015041536244098097,0.008848706260323524,0.0007216938538476825,10.0,1.0,10.0
1472.0,0.02062103897333145,0.02062103897333145,0.00017458676302339882,0.011331777088344097,0.0007543395040556788,10.0,1.0,10.0
1473.0,0.020773308351635933,0.020773308351635933,0.00022345797333400697,0.011228883638978004,0.0007309844950214028,10.0,1.0,10.0
1474.0,0.018396452069282532,0.018396452069282532,0.00016965768008958548,0.00911293551325798,0.0007586940191686153,10.0,1.0,10.0
1475.0,0.015387043356895447,0.015387043356895447,0.0002571088552940637,0.005456606857478619,0.0007359348237514496,10.0,1.0,10.0
1476.0,0.013826295733451843,0.013826295733451843,0.00014218292199075222,0.005114463623613119,0.0007290003122761846,10.0,1.0,10.0
1477.0,0.014125710353255272,0.014125710353255272,0.00020610695355571806,0.00482595432549715,0.0007238686666823924,10.0,1.0,10.0
1478.0,0.015163904055953026,0.015163904055953026,0.00014060246758162975,0.006773844361305237,0.0006984033971093595,10.0,1.0,10.0
1479.0,0.01570737361907959,0.01570737361907959,0.00015677067858632654,0.006962118670344353,0.0007177548250183463,10.0,1.0,10.0
1480.0,0.015242504887282848,0.015242504887282848,0.00020339098409749568,0.006163574289530516,0.0007045020465739071,10.0,1.0,10.0
1481.0,0.014327919110655785,0.014327919110655785,0.00014641674351878464,0.005659207236021757,0.000720454438123852,10.0,1.0,10.0
1482.0,0.013620415702462196,0.013620415702462196,0.00023495314235333353,0.004119642078876495,0.000715124246198684,10.0,1.0,10.0
1483.0,0.01336434856057167,0.01336434856057167,0.00013254991790745407,0.005014040507376194,0.0007024808437563479,10.0,1.0,10.0
1484.0,0.01335923746228218,0.01335923746228218,0.00018497419659979641,0.004508853890001774,0.0007000642362982035,10.0,1.0,10.0
1485.0,0.013307441957294941,0.013307441957294941,0.0001417734456481412,0.005082056857645512,0.000680765020661056,10.0,1.0,10.0
1486.0,0.013182207942008972,0.013182207942008972,0.00014152655785437673,0.004850348457694054,0.0006916593411006033,10.0,1.0,10.0
1487.0,0.01306183636188507,0.01306183636188507,0.00019496485765557736,0.004242250230163336,0.0006869937060400844,10.0,1.0,10.0
1488.0,0.012989147566258907,0.012989147566258907,0.00013505190145224333,0.004700566176325083,0.0006938062724657357,10.0,1.0,10.0
1489.0,0.012868912890553474,0.012868912890553474,0.00020963764109183103,0.0038628862239420414,0.0006909650401212275,10.0,1.0,10.0
1490.0,0.012613910250365734,0.012613910250365734,0.00012745067942887545,0.004580498673021793,0.0006758904783055186,10.0,1.0,10.0
1491.0,0.012297808192670345,0.012297808192670345,0.0001638675748836249,0.003915188834071159,0.0006743943085893989,10.0,1.0,10.0
1492.0,0.012091204524040222,0.012091204524040222,0.00014494733477476984,0.00402632774785161,0.0006615403690375388,10.0,1.0,10.0
1493.0,0.01210825890302658,0.01210825890302658,0.00013260575360618532,0.004099076613783836,0.0006683125393465161,10.0,1.0,10.0
1494.0,0.012258673086762428,0.012258673086762428,0.0001855799782788381,0.0037215808406472206,0.0006681292434222996,10.0,1.0,10.0
1495.0,0.012331143021583557,0.012331143021583557,0.0001275368849746883,0.004375317133963108,0.0006680457154288888,10.0,1.0,10.0
1496.0,0.012185159139335155,0.012185159139335155,0.0001849727559601888,0.0036790738813579082,0.0006656357436440885,10.0,1.0,10.0
1497.0,0.011873546987771988,0.011873546987771988,0.00012560626782942563,0.004077123012393713,0.0006540361209772527,10.0,1.0,10.0
1498.0,0.011595441028475761,0.011595441028475761,0.00014806981198489666,0.0035976823419332504,0.0006517060101032257,10.0,1.0,10.0
1499.0,0.011511407792568207,0.011511407792568207,0.00014459282101597637,0.0036100265569984913,0.0006455453694798052,10.0,1.0,10.0
1500.0,0.011616797186434269,0.011616797186434269,0.0001270835055038333,0.0038678236305713654,0.0006478138384409249,10.0,1.0,10.0
